replicate,seed,success,error,selected_lambda,selected_init,penalized_bic,refit_loglik,refit_bic,screened_original_indices,screened_features,active_original_indices,active_counts,seconds,pi_0,pi_1,intercept_0,beta_0_1,beta_0_2,beta_0_3,beta_0_4,beta_0_5,beta_0_6,beta_0_7,beta_0_8,beta_0_9,beta_0_10,beta_0_11,beta_0_12,beta_0_13,beta_0_14,beta_0_15,beta_0_16,beta_0_17,beta_0_18,beta_0_19,beta_0_20,beta_0_21,beta_0_22,beta_0_23,beta_0_24,beta_0_25,beta_0_26,beta_0_27,beta_0_28,beta_0_29,beta_0_30,beta_0_31,beta_0_32,beta_0_33,beta_0_34,beta_0_35,beta_0_36,beta_0_37,beta_0_38,beta_0_39,beta_0_40,beta_0_41,beta_0_42,beta_0_43,beta_0_44,beta_0_45,beta_0_46,beta_0_47,beta_0_48,beta_0_49,beta_0_50,beta_0_51,beta_0_52,beta_0_53,beta_0_54,intercept_1,beta_1_1,beta_1_2,beta_1_3,beta_1_4,beta_1_5,beta_1_6,beta_1_7,beta_1_8,beta_1_9,beta_1_10,beta_1_11,beta_1_12,beta_1_13,beta_1_14,beta_1_15,beta_1_16,beta_1_17,beta_1_18,beta_1_19,beta_1_20,beta_1_21,beta_1_22,beta_1_23,beta_1_24,beta_1_25,beta_1_26,beta_1_27,beta_1_28,beta_1_29,beta_1_30,beta_1_31,beta_1_32,beta_1_33,beta_1_34,beta_1_35,beta_1_36,beta_1_37,beta_1_38,beta_1_39,beta_1_40,beta_1_41,beta_1_42,beta_1_43,beta_1_44,beta_1_45,beta_1_46,beta_1_47,beta_1_48,beta_1_49,beta_1_50,beta_1_51,beta_1_52,beta_1_53,beta_1_54,extra_1_log_alpha,alpha_1
0,915283547,True,,100.0,kmeans_glm,8078.93375315278,-3971.5001662977083,8021.162987759069,"[0, 5, 16, 26, 12, 11, 13, 28, 18, 9, 3, 10, 17, 1, 38, 22, 14, 21, 25, 15, 42, 23, 52, 6, 49, 51, 2, 19, 41, 24, 33, 48, 45, 4, 40, 36, 32, 7, 47, 44, 54, 30, 34, 27, 46, 53, 8, 43, 35, 39, 29]","[""Intercept"", ""xage"", ""child"", ""xghindx"", ""physlm"", ""disea"", ""ghindx"", ""lnum"", ""lfam"", ""num"", ""black"", ""mhi"", ""fchild"", ""coins"", ""plan_11"", ""fmde"", ""mdeoff"", ""logc"", ""hlthp"", ""pioff"", ""plan_16"", ""hlthg"", ""year_3"", ""female"", ""site_5"", ""year_2"", ""tookphys"", ""lpi"", ""plan_15"", ""hlthf"", ""plan_6"", ""site_4"", ""plan_19"", ""income"", ""plan_14"", ""plan_9"", ""plan_5"", ""educdec"", ""site_3"", ""plan_18"", ""year_5"", ""plan_3"", ""plan_7"", ""linc"", ""site_2"", ""year_4"", ""time"", ""plan_17"", ""plan_8"", ""plan_13"", ""plan_2""]","[[5, 16, 11, 21, 47], []]","[5, 0]",1469.7691912651062,0.8339847296205005,0.1660152703794996,-1.9477417365043252,0.0,0.0,0.0,0.0,0.18406587470484828,0.0,0.0,0.0,0.0,0.0,0.16414755461020486,0.0,0.0,0.0,0.0,-0.24277389894782142,0.0,0.0,0.0,0.0,-0.3174933120562135,0.0,0.0,0.0,0.0,0.0,0.0,0.0,0.0,0.0,0.0,0.0,0.0,0.0,0.0,0.0,0.0,0.0,0.0,0.0,0.0,0.0,0.0,0.0,0.0,0.0,0.17300755212882724,0.0,0.0,0.0,0.0,0.0,0.0,0.0,0.9642553340731637,0.0,0.0,0.0,0.0,0.0,0.0,0.0,0.0,0.0,0.0,0.0,0.0,0.0,0.0,0.0,0.0,0.0,0.0,0.0,0.0,0.0,0.0,0.0,0.0,0.0,0.0,0.0,0.0,0.0,0.0,0.0,0.0,0.0,0.0,0.0,0.0,0.0,0.0,0.0,0.0,0.0,0.0,0.0,0.0,0.0,0.0,0.0,0.0,0.0,0.0,0.0,0.0,0.0,0.0,2.406822125175475,11.098634971054265
1,549885377,True,,25.0,quantile_glm,8033.394715938336,-3822.517469452182,8018.47873579737,"[0, 16, 5, 12, 11, 28, 18, 14, 9, 38, 22, 3, 1, 21, 26, 17, 10, 13, 15, 6, 19, 23, 42, 52, 47, 45, 33, 49, 25, 50, 40, 30, 51, 48, 37, 41, 53, 54, 32, 24, 36, 29, 44, 4, 39, 31, 34, 35, 2, 8, 27]","[""Intercept"", ""child"", ""xage"", ""physlm"", ""disea"", ""lnum"", ""lfam"", ""mdeoff"", ""num"", ""plan_11"", ""fmde"", ""black"", ""coins"", ""logc"", ""xghindx"", ""fchild"", ""mhi"", ""ghindx"", ""pioff"", ""female"", ""lpi"", ""hlthg"", ""plan_16"", ""year_3"", ""site_3"", ""plan_19"", ""plan_6"", ""site_5"", ""hlthp"", ""site_6"", ""plan_14"", ""plan_3"", ""year_2"", ""site_4"", ""plan_10"", ""plan_15"", ""year_4"", ""year_5"", ""plan_5"", ""hlthf"", ""plan_9"", ""plan_2"", ""plan_18"", ""income"", ""plan_13"", ""plan_4"", ""plan_7"", ""plan_8"", ""tookphys"", ""time"", ""linc""]","[[16, 5, 11, 28, 18, 9, 22, 3, 1, 21, 10, 6, 42, 52, 47, 45, 33, 25, 50, 30, 51, 48, 53, 54, 29, 34], [16, 5, 12, 11, 28, 18, 14, 9, 38, 3, 23, 49, 50]]","[26, 13]",1584.8796830177307,0.8131641014828574,0.18683589851714252,-3.1924185218964203,-0.13836383164451296,0.0,-0.09975633777382781,0.0,0.10468725837240435,0.1611344826002535,0.0,0.0,-0.01877266986565155,-0.045571454990582405,0.09226706004751431,0.0,0.0,0.0,0.0,-0.17482445288981155,0.0,-0.043151297778369284,0.0,0.0,-0.11581185360712387,-0.13388314355459183,0.0,0.0,0.09259955278823662,0.0,0.0,-0.04315135261531088,0.09121544622413293,-1.5375390884016082,0.0,0.0,-1.1630952512142145,0.04880444739224316,0.0,0.0,0.0,0.0,0.0,0.0,0.0,-0.12083652937211063,0.0,0.0,-1.7045313949045993,0.0,0.15970008921314008,-0.19481362759290727,0.0,-0.29415053456893264,-0.09969860005257299,-1.8183347476846465,-1.0223280688855547,-1.0261057687023742,0.014915983736233627,0.0,0.0,-0.6133849344966688,0.0,0.06523892471935286,0.0,0.0,0.0,-0.2654874599152568,0.0,0.13139975606810667,0.24893513769745557,0.0,-0.06809726457513371,0.0,-0.5180812282118656,0.0,-0.06146806863471889,0.0,0.0,0.0,0.0,0.22054628602855877,0.0,0.0,0.0,0.0,-0.061466829183130706,0.0,0.0,0.0,0.0,0.0,0.0,0.0,0.0,0.0,0.3444850387745077,0.0,0.0,0.0,0.0,0.0,0.0,0.0,0.0,0.0,0.0,-0.14430257127419646,0.7287665962623456,0.0,0.0,0.0,0.0,1.537011907813702,4.650672848872609
2,868764131,True,,50.0,quantile_glm,8253.154962261111,-3984.5406275697933,8186.199741705287,"[0, 5, 16, 11, 28, 18, 9, 12, 14, 17, 38, 22, 10, 3, 1, 26, 21, 15, 13, 6, 19, 49, 23, 42, 24, 32, 52, 47, 33, 37, 45, 43, 41, 2, 53, 31, 54, 36, 51, 25, 7, 29, 30, 48, 8, 35, 50, 4, 40, 46, 27]","[""Intercept"", ""xage"", ""child"", ""disea"", ""lnum"", ""lfam"", ""num"", ""physlm"", ""mdeoff"", ""fchild"", ""plan_11"", ""fmde"", ""mhi"", ""black"", ""coins"", ""xghindx"", ""logc"", ""pioff"", ""ghindx"", ""female"", ""lpi"", ""site_5"", ""hlthg"", ""plan_16"", ""hlthf"", ""plan_5"", ""year_3"", ""site_3"", ""plan_6"", ""plan_10"", ""plan_19"", ""plan_17"", ""plan_15"", ""tookphys"", ""year_4"", ""plan_4"", ""year_5"", ""plan_9"", ""year_2"", ""hlthp"", ""educdec"", ""plan_2"", ""plan_3"", ""site_4"", ""time"", ""plan_8"", ""site_6"", ""income"", ""plan_14"", ""site_2"", ""linc""]","[[5, 16, 11, 12, 22, 10, 1, 21, 6, 19, 42, 24, 47, 43, 29, 48, 35, 50], [16, 11, 50]]","[18, 3]",1523.0444343090057,0.8105190050499066,0.18948099495009335,-2.6391739607445084,-0.10597042826980183,0.0,0.0,0.0,0.21332224466610974,0.09717551956355104,0.0,0.0,0.0,-0.06891743046873534,0.0509460537463587,0.07743407417769195,0.0,0.0,0.0,-0.10195506580211791,0.0,0.0,-0.11228393577568471,0.0,-0.19248720556502458,-0.02729414889147093,0.0,0.0614370895273095,0.0,0.0,0.0,0.0,0.14796297408356937,0.0,0.0,0.0,0.0,0.0,0.11659211962740695,0.0,0.0,0.0,0.0,0.0,0.0,-2.283742958942142,0.13383846534915037,0.0,0.0,0.0,0.22701967527168618,-0.10623050568936071,0.0,-0.3051136562591184,0.0,0.0,0.0,0.0,0.45859750992234655,0.0,0.0,0.0,0.0,0.0,0.0,0.0,0.0,0.0,0.0,0.2671687213232166,0.0,0.0,0.0,0.0,-0.784311007530929,0.0,0.0,0.0,0.0,0.0,0.0,0.0,0.0,0.0,0.0,0.0,0.0,0.0,0.0,0.0,0.0,0.0,0.0,0.0,0.0,0.0,0.0,0.0,0.0,0.0,0.0,0.0,0.0,0.0,0.0,0.0,0.0,0.0,0.5008357685232737,0.0,0.0,0.0,0.0,1.8168955580856985,6.152727983897071
3,204194023,True,,50.0,quantile_glm,7779.615108174025,-3766.041254982711,7714.462038680611,"[0, 5, 16, 12, 11, 26, 9, 28, 18, 13, 3, 17, 1, 14, 38, 10, 22, 49, 48, 47, 6, 24, 21, 41, 46, 33, 52, 32, 42, 25, 39, 15, 27, 51, 45, 31, 4, 19, 2, 54, 29, 43, 23, 20, 37, 30, 36, 53, 34, 40, 8]","[""Intercept"", ""xage"", ""child"", ""physlm"", ""disea"", ""xghindx"", ""num"", ""lnum"", ""lfam"", ""ghindx"", ""black"", ""fchild"", ""coins"", ""mdeoff"", ""plan_11"", ""mhi"", ""fmde"", ""site_5"", ""site_4"", ""site_3"", ""female"", ""hlthf"", ""logc"", ""plan_15"", ""site_2"", ""plan_6"", ""year_3"", ""plan_5"", ""plan_16"", ""hlthp"", ""plan_13"", ""pioff"", ""linc"", ""year_2"", ""plan_19"", ""plan_4"", ""income"", ""lpi"", ""tookphys"", ""year_5"", ""plan_2"", ""plan_17"", ""hlthg"", ""idp"", ""plan_10"", ""plan_3"", ""plan_9"", ""year_4"", ""plan_7"", ""plan_14"", ""time""]","[[5, 16, 11, 9, 1, 38, 22, 48, 47, 6, 21, 42, 29, 34], [5, 12, 11]]","[14, 3]",1244.2349076271057,0.8684273636314965,0.13157263636850355,-2.140221783038816,-0.11179392536606957,0.0,0.0,0.0,0.2531719142894016,0.09135906124648081,0.0,0.0,-0.07264391470771986,0.0,0.05140202993494952,0.0,0.0,0.0,0.0,-0.1341818276963296,0.0,0.0,0.0,0.0,0.0808402560334921,-0.17065714130248075,0.0,0.0,0.0,0.0,0.0,0.0,0.17245162499705072,0.0,0.0,0.0,0.0,0.17887996902022085,0.0,0.0,0.0,0.13895288081362517,0.0,0.0,0.0,-0.1395609018614975,0.0,0.0,0.0,0.0,0.24483571246811747,-0.16988724930977744,0.0,0.0,0.0,0.0,0.0,0.0,0.7106767203378181,0.0,0.0,0.0,0.0,0.33103231873057665,0.0,0.0,0.0,0.0,0.0,0.23014061169231292,0.3033934925004287,0.0,0.0,0.0,0.0,0.0,0.0,0.0,0.0,0.0,0.0,0.0,0.0,0.0,0.0,0.0,0.0,0.0,0.0,0.0,0.0,0.0,0.0,0.0,0.0,0.0,0.0,0.0,0.0,0.0,0.0,0.0,0.0,0.0,0.0,0.0,0.0,0.0,0.0,0.0,0.0,0.0,0.0,1.8126513774136332,6.126670031152334
4,1826686608,True,,50.0,kmeans_glm,7719.501030637929,-3729.2516626354504,7640.88285398609,"[0, 5, 16, 12, 11, 9, 28, 18, 26, 1, 13, 3, 14, 17, 10, 22, 38, 24, 48, 4, 49, 21, 42, 46, 15, 52, 25, 32, 27, 41, 39, 20, 40, 33, 6, 54, 53, 19, 30, 37, 51, 50, 23, 45, 7, 29, 34, 31, 44, 8, 43]","[""Intercept"", ""xage"", ""child"", ""physlm"", ""disea"", ""num"", ""lnum"", ""lfam"", ""xghindx"", ""coins"", ""ghindx"", ""black"", ""mdeoff"", ""fchild"", ""mhi"", ""fmde"", ""plan_11"", ""hlthf"", ""site_4"", ""income"", ""site_5"", ""logc"", ""plan_16"", ""site_2"", ""pioff"", ""year_3"", ""hlthp"", ""plan_5"", ""linc"", ""plan_15"", ""plan_13"", ""idp"", ""plan_14"", ""plan_6"", ""female"", ""year_5"", ""year_4"", ""lpi"", ""plan_3"", ""plan_10"", ""year_2"", ""site_6"", ""hlthg"", ""plan_19"", ""educdec"", ""plan_2"", ""plan_7"", ""plan_4"", ""plan_18"", ""time"", ""plan_17""]","[[5, 16, 11, 1, 3, 10, 48, 4, 49, 21, 32, 6, 50, 29, 34, 43], [50]]","[16, 1]",1060.945776939392,0.8419952275741884,0.15800477242581157,-2.162107667099131,-0.28975877613753226,0.0,-0.024630098884008033,0.06617081967864731,0.22340821108520767,0.13307744989430767,0.0,0.0,0.0,-0.05677640029989115,0.04069075141439117,0.0,0.0,0.0,0.0,-0.12445036322879414,0.0,0.0,0.0,0.0,-0.2266681949320674,0.0,0.0,0.0,0.0,0.0,0.0,0.0,0.12842972523794358,0.0,0.0,-0.0928086632040237,0.0,0.09843896813079131,0.0,0.0,0.0,0.0,0.0,0.0,0.0,0.0,0.15525808193654436,0.0,0.0,0.0,0.0,-0.2875271656513685,-0.1705795805299985,-0.4451481855055367,0.0,0.0,0.0,0.0,0.7189272453632242,0.0,0.0,0.0,0.0,0.0,0.0,0.0,0.0,0.0,0.0,0.0,0.0,0.0,0.0,0.0,0.0,0.0,0.0,0.0,0.0,0.0,0.0,0.0,0.0,0.0,0.0,0.0,0.0,0.0,0.0,0.0,0.0,0.0,0.0,0.0,0.0,0.0,0.0,0.0,0.0,0.0,0.0,0.0,0.0,0.0,0.0,0.0,0.0,0.0,0.5067360667693085,0.0,0.0,0.0,0.0,2.126841330335022,8.388328961123825
5,190542346,True,,50.0,kmeans_glm,7650.749594890782,-3694.3944586789003,7571.168446072989,"[0, 5, 16, 28, 18, 9, 11, 38, 3, 12, 14, 22, 1, 10, 21, 17, 26, 13, 24, 42, 41, 46, 48, 49, 47, 52, 6, 15, 4, 33, 27, 51, 7, 30, 19, 23, 32, 54, 45, 36, 44, 34, 50, 2, 8, 35, 40, 29, 20, 53, 25]","[""Intercept"", ""xage"", ""child"", ""lnum"", ""lfam"", ""num"", ""disea"", ""plan_11"", ""black"", ""physlm"", ""mdeoff"", ""fmde"", ""coins"", ""mhi"", ""logc"", ""fchild"", ""xghindx"", ""ghindx"", ""hlthf"", ""plan_16"", ""plan_15"", ""site_2"", ""site_4"", ""site_5"", ""site_3"", ""year_3"", ""female"", ""pioff"", ""income"", ""plan_6"", ""linc"", ""year_2"", ""educdec"", ""plan_3"", ""lpi"", ""hlthg"", ""plan_5"", ""year_5"", ""plan_19"", ""plan_9"", ""plan_18"", ""plan_7"", ""site_6"", ""tookphys"", ""time"", ""plan_8"", ""plan_14"", ""plan_2"", ""idp"", ""year_4"", ""hlthp""]","[[5, 16, 11, 3, 10, 21, 42, 48, 47, 6, 33, 7, 30, 34, 50, 20], [5]]","[16, 1]",1048.463309764862,0.8301866192230808,0.1698133807769192,-2.2279571735725106,0.0,0.0,-0.13164365218896504,0.0,0.3754341798262878,0.14164776977431756,0.1290111952490922,0.0,0.0,-0.06606590189862185,0.0603781044406514,0.0,0.0,0.0,0.0,-0.035146165393659196,0.0,0.0,0.0,-0.12597660056547447,-0.30326787875229333,0.0,0.0,0.0,0.0,0.0,0.0,0.0,0.0,-0.13449342840664885,0.0,0.0,-0.13076837274032457,0.07477084923913847,0.0,0.0,0.0,0.0,0.0,0.0,0.0,-0.21365505051626363,0.0,0.0,0.0,0.0,0.1480061626154862,-0.25561717814907603,0.0,-0.31728144400660396,0.0,0.0,0.0,0.0,0.6367959069873854,0.0,0.0,0.0,0.0,0.6015702900742711,0.0,0.0,0.0,0.0,0.0,0.0,0.0,0.0,0.0,0.0,0.0,0.0,0.0,0.0,0.0,0.0,0.0,0.0,0.0,0.0,0.0,0.0,0.0,0.0,0.0,0.0,0.0,0.0,0.0,0.0,0.0,0.0,0.0,0.0,0.0,0.0,0.0,0.0,0.0,0.0,0.0,0.0,0.0,0.0,0.0,0.0,0.0,0.0,0.0,2.0931844497649332,8.11070220747973
6,1588121864,True,,100.0,kmeans_glm,8103.204773556239,-3975.0724434214007,8036.992281469082,"[0, 5, 16, 11, 12, 28, 18, 9, 26, 14, 17, 38, 10, 22, 13, 21, 3, 1, 15, 49, 25, 42, 23, 19, 24, 52, 47, 33, 45, 2, 51, 4, 48, 43, 40, 54, 36, 6, 32, 30, 7, 27, 29, 41, 46, 34, 20, 50, 44, 31, 35]","[""Intercept"", ""xage"", ""child"", ""disea"", ""physlm"", ""lnum"", ""lfam"", ""num"", ""xghindx"", ""mdeoff"", ""fchild"", ""plan_11"", ""mhi"", ""fmde"", ""ghindx"", ""logc"", ""black"", ""coins"", ""pioff"", ""site_5"", ""hlthp"", ""plan_16"", ""hlthg"", ""lpi"", ""hlthf"", ""year_3"", ""site_3"", ""plan_6"", ""plan_19"", ""tookphys"", ""year_2"", ""income"", ""site_4"", ""plan_17"", ""plan_14"", ""year_5"", ""plan_9"", ""female"", ""plan_5"", ""plan_3"", ""educdec"", ""linc"", ""plan_2"", ""plan_15"", ""site_2"", ""plan_7"", ""idp"", ""site_6"", ""plan_18"", ""plan_4"", ""plan_8""]","[[5, 16, 11, 21, 47, 50], []]","[6, 0]",1324.9307448863983,0.8302914826805291,0.16970851731947098,-1.9780243174862513,0.0,0.0,0.0,0.0,0.21257960046607075,0.0,0.0,0.0,0.0,0.0,0.12122010703857082,0.0,0.0,0.0,0.0,-0.1945242453834047,0.0,0.0,0.0,0.0,-0.32988408531781743,0.0,0.0,0.0,0.0,0.0,0.0,0.0,0.0,0.0,0.0,0.0,0.0,0.0,0.0,0.0,0.0,0.0,0.0,0.0,0.0,0.0,0.0,0.0,0.0,0.0,0.22125009000923665,0.0,0.0,-0.16863184078296892,0.0,0.0,0.0,0.0,0.9474425322532352,0.0,0.0,0.0,0.0,0.0,0.0,0.0,0.0,0.0,0.0,0.0,0.0,0.0,0.0,0.0,0.0,0.0,0.0,0.0,0.0,0.0,0.0,0.0,0.0,0.0,0.0,0.0,0.0,0.0,0.0,0.0,0.0,0.0,0.0,0.0,0.0,0.0,0.0,0.0,0.0,0.0,0.0,0.0,0.0,0.0,0.0,0.0,0.0,0.0,0.0,0.0,0.0,0.0,0.0,2.362449774898093,10.616928705668673
7,704557856,True,,50.0,quantile_glm,7920.418276310411,-3871.694938695421,7891.030448255518,"[0, 5, 16, 26, 11, 13, 12, 10, 38, 28, 18, 9, 14, 22, 3, 1, 17, 21, 49, 15, 41, 47, 6, 23, 52, 19, 24, 42, 45, 46, 4, 48, 32, 25, 54, 51, 31, 33, 30, 2, 36, 40, 7, 27, 44, 20, 8, 37, 43, 39, 29]","[""Intercept"", ""xage"", ""child"", ""xghindx"", ""disea"", ""ghindx"", ""physlm"", ""mhi"", ""plan_11"", ""lnum"", ""lfam"", ""num"", ""mdeoff"", ""fmde"", ""black"", ""coins"", ""fchild"", ""logc"", ""site_5"", ""pioff"", ""plan_15"", ""site_3"", ""female"", ""hlthg"", ""year_3"", ""lpi"", ""hlthf"", ""plan_16"", ""plan_19"", ""site_2"", ""income"", ""site_4"", ""plan_5"", ""hlthp"", ""year_5"", ""year_2"", ""plan_4"", ""plan_6"", ""plan_3"", ""tookphys"", ""plan_9"", ""plan_14"", ""educdec"", ""linc"", ""plan_18"", ""idp"", ""time"", ""plan_10"", ""plan_17"", ""plan_13"", ""plan_2""]","[[5, 16, 11, 10, 38, 3, 1, 21, 47, 6, 52, 48, 43], []]","[13, 0]",914.1967465877533,0.832160842966395,0.167839157033605,-2.2570414808574877,-0.09385568343860494,0.0,-0.17452764828067927,0.0,0.26504988983286354,0.12262799781262601,0.0,0.0,0.0,-0.06406972037005128,0.07418298644173342,0.0,0.0,0.0,0.0,-0.09131050310678673,0.0,0.0,0.0,0.0,-0.19586957609113925,0.0,0.0,0.0,0.0,0.0,0.0,0.0,0.0,0.0,0.0,0.0,0.0,0.0,0.0,0.0,0.0,0.11084962989127037,0.0,0.0,0.0,0.0,0.10472490792165762,0.0,0.0,0.0,0.13487616812902836,-0.17736562742891293,0.0,0.0,0.0,-1.3481343218830701,0.0,0.0,0.9099287834166835,0.0,0.0,0.0,0.0,0.0,0.0,0.0,0.0,0.0,0.0,0.0,0.0,0.0,0.0,0.0,0.0,0.0,0.0,0.0,0.0,0.0,0.0,0.0,0.0,0.0,0.0,0.0,0.0,0.0,0.0,0.0,0.0,0.0,0.0,0.0,0.0,0.0,0.0,0.0,0.0,0.0,0.0,0.0,0.0,0.0,0.0,0.0,0.0,0.0,0.0,0.0,0.0,0.0,0.0,2.150017680630872,8.585010184232146
8,1223260386,True,,50.0,kmeans_glm,8183.936117847197,-3950.54577145889,8109.525290020853,"[0, 5, 16, 12, 11, 28, 18, 9, 26, 3, 13, 17, 14, 38, 1, 10, 22, 48, 21, 6, 49, 24, 4, 47, 42, 15, 23, 52, 45, 33, 2, 34, 41, 46, 25, 27, 51, 53, 19, 30, 32, 54, 29, 40, 50, 31, 35, 39, 43, 8, 36]","[""Intercept"", ""xage"", ""child"", ""physlm"", ""disea"", ""lnum"", ""lfam"", ""num"", ""xghindx"", ""black"", ""ghindx"", ""fchild"", ""mdeoff"", ""plan_11"", ""coins"", ""mhi"", ""fmde"", ""site_4"", ""logc"", ""female"", ""site_5"", ""hlthf"", ""income"", ""site_3"", ""plan_16"", ""pioff"", ""hlthg"", ""year_3"", ""plan_19"", ""plan_6"", ""tookphys"", ""plan_7"", ""plan_15"", ""site_2"", ""hlthp"", ""linc"", ""year_2"", ""year_4"", ""lpi"", ""plan_3"", ""plan_5"", ""year_5"", ""plan_2"", ""plan_14"", ""site_6"", ""plan_4"", ""plan_8"", ""plan_13"", ""plan_17"", ""time"", ""plan_9""]","[[5, 16, 11, 3, 14, 1, 22, 48, 21, 6, 47, 42, 45, 34, 29, 50], [5, 12, 11, 50]]","[16, 4]",1687.6116597652435,0.811908812318321,0.188091187681679,-2.3775038197370564,-0.18841784467048214,0.0,-0.11745763064270914,0.0,0.19321727625066576,0.11271991616455117,0.0,0.0,0.0,0.0,0.09972624682992187,0.0,0.0,-0.07713181986204055,0.0,-0.20368638638807943,0.0,0.0,0.0,0.0,-0.10094553896956016,-0.035851529276328876,0.0,0.0,0.0,0.0,0.0,0.0,0.14766518386953012,0.0,0.0,0.0,0.0,0.09557787975411713,0.0,0.0,0.0,0.0,0.0,0.0,0.0,-0.446912862302885,0.0,0.0,-1.35487851898914,0.0,0.1577838343822361,-0.21536451288664324,0.0,-0.22290788104147496,0.0,0.0,0.0,0.0,0.31736391098460615,0.0,0.0,0.0,0.0,0.6464837280932796,0.0,0.0,0.0,0.0,0.0,0.18675874188223085,0.32022119112450964,0.0,0.0,0.0,0.0,0.0,0.0,0.0,0.0,0.0,0.0,0.0,0.0,0.0,0.0,0.0,0.0,0.0,0.0,0.0,0.0,0.0,0.0,0.0,0.0,0.0,0.0,0.0,0.0,0.0,0.0,0.0,0.0,0.0,0.0,0.0,0.0,0.0,0.56820046846828,0.0,0.0,0.0,0.0,1.7008954474474918,5.478851219179045
9,774469787,True,,50.0,quantile_glm,8012.103462954158,-3874.1620787817787,7930.703686278746,"[0, 5, 16, 12, 3, 17, 11, 26, 1, 28, 18, 13, 38, 9, 10, 22, 49, 14, 21, 42, 6, 47, 23, 52, 48, 46, 4, 41, 27, 15, 24, 33, 32, 51, 44, 30, 40, 53, 54, 19, 45, 25, 39, 7, 37, 34, 43, 8, 2, 36, 20]","[""Intercept"", ""xage"", ""child"", ""physlm"", ""black"", ""fchild"", ""disea"", ""xghindx"", ""coins"", ""lnum"", ""lfam"", ""ghindx"", ""plan_11"", ""num"", ""mhi"", ""fmde"", ""site_5"", ""mdeoff"", ""logc"", ""plan_16"", ""female"", ""site_3"", ""hlthg"", ""year_3"", ""site_4"", ""site_2"", ""income"", ""plan_15"", ""linc"", ""pioff"", ""hlthf"", ""plan_6"", ""plan_5"", ""year_2"", ""plan_18"", ""plan_3"", ""plan_14"", ""year_4"", ""year_5"", ""lpi"", ""plan_19"", ""hlthp"", ""plan_13"", ""educdec"", ""plan_10"", ""plan_7"", ""plan_17"", ""time"", ""tookphys"", ""plan_9"", ""idp""]","[[5, 16, 3, 11, 1, 10, 22, 21, 6, 47, 48, 46, 24, 34, 43], [16, 12]]","[15, 2]",1457.9610087871552,0.8472821901124179,0.15271780988758218,-1.9970798277915405,-0.1356440240270321,0.0,-0.25648166351120455,0.0,0.2357973883478121,0.19323761311242732,0.0,0.0,0.0,-0.06293136087626904,0.025397562482357923,0.0,0.0,0.0,0.0,-0.18968432320068776,0.0,0.0,0.0,0.0,-0.06287014919448869,-0.23389153751112046,0.0,0.04243909263468777,0.0,0.0,0.0,0.0,0.0,0.0,0.0,0.0,0.0,0.11080537818140547,0.0,0.0,0.0,0.0,0.0,0.0,0.0,0.0,0.11104088206929276,0.0,0.0,0.0652899118195559,0.14128267026531222,-0.20867106072097183,0.0,0.0,0.0,0.0,0.0,0.0,0.45535083968355694,0.0,0.0,0.0,0.0,0.0,0.0,0.0,0.0,0.0,0.0,0.0,0.3197119935287685,0.0,0.0,0.0,-0.7653130448433432,0.0,0.0,0.0,0.0,0.0,0.0,0.0,0.0,0.0,0.0,0.0,0.0,0.0,0.0,0.0,0.0,0.0,0.0,0.0,0.0,0.0,0.0,0.0,0.0,0.0,0.0,0.0,0.0,0.0,0.0,0.0,0.0,0.0,0.0,0.0,0.0,0.0,0.0,2.0321193527286487,7.63024040549558
10,2047704757,True,,100.0,kmeans_glm,7722.735988172045,-3766.7512032150034,7637.719279981543,"[0, 5, 16, 12, 11, 26, 17, 3, 9, 28, 18, 13, 1, 21, 38, 10, 47, 22, 14, 25, 42, 41, 49, 48, 52, 40, 51, 24, 23, 44, 15, 6, 54, 2, 45, 4, 53, 19, 27, 34, 50, 7, 35, 29, 30, 33, 20, 36, 8, 39, 46]","[""Intercept"", ""xage"", ""child"", ""physlm"", ""disea"", ""xghindx"", ""fchild"", ""black"", ""num"", ""lnum"", ""lfam"", ""ghindx"", ""coins"", ""logc"", ""plan_11"", ""mhi"", ""site_3"", ""fmde"", ""mdeoff"", ""hlthp"", ""plan_16"", ""plan_15"", ""site_5"", ""site_4"", ""year_3"", ""plan_14"", ""year_2"", ""hlthf"", ""hlthg"", ""plan_18"", ""pioff"", ""female"", ""year_5"", ""tookphys"", ""plan_19"", ""income"", ""year_4"", ""lpi"", ""linc"", ""plan_7"", ""site_6"", ""educdec"", ""plan_8"", ""plan_2"", ""plan_3"", ""plan_6"", ""idp"", ""plan_9"", ""time"", ""plan_13"", ""site_2""]","[[5, 11, 3, 21, 10, 47, 48, 50], []]","[8, 0]",1245.5039546489716,0.848572847884075,0.15142715211592497,-2.0101744398027264,0.0,0.0,-0.17352332333320009,0.0,0.41329775612704694,0.0,0.0,0.0,0.0,-0.10542942393168064,0.09161636357808357,0.0,0.0,0.0,0.0,0.0,0.0,0.0,0.0,0.0,-0.27739007904773433,0.0,0.0,0.0,0.0,0.0,0.0,0.0,0.0,0.0,0.0,0.0,0.0,0.0,0.0,0.0,0.0,0.0,0.0,0.0,0.0,0.0,0.0,0.0,0.0,0.0,0.16955542137546292,-0.2105356498289143,0.0,-0.2507532593109243,0.0,0.0,0.0,0.0,0.8180629413572459,0.0,0.0,0.0,0.0,0.0,0.0,0.0,0.0,0.0,0.0,0.0,0.0,0.0,0.0,0.0,0.0,0.0,0.0,0.0,0.0,0.0,0.0,0.0,0.0,0.0,0.0,0.0,0.0,0.0,0.0,0.0,0.0,0.0,0.0,0.0,0.0,0.0,0.0,0.0,0.0,0.0,0.0,0.0,0.0,0.0,0.0,0.0,0.0,0.0,0.0,0.0,0.0,0.0,0.0,2.3990597986525986,11.012817245955178
11,1602655264,True,,25.0,quantile_glm,8307.767430616592,-3938.1838737792873,8232.442065526324,"[0, 5, 16, 26, 28, 18, 13, 11, 9, 12, 14, 1, 3, 22, 38, 17, 6, 21, 10, 15, 2, 41, 49, 24, 52, 48, 47, 19, 32, 45, 33, 42, 23, 30, 51, 46, 43, 36, 54, 34, 37, 50, 44, 39, 40, 25, 53, 7, 4, 20, 35]","[""Intercept"", ""xage"", ""child"", ""xghindx"", ""lnum"", ""lfam"", ""ghindx"", ""disea"", ""num"", ""physlm"", ""mdeoff"", ""coins"", ""black"", ""fmde"", ""plan_11"", ""fchild"", ""female"", ""logc"", ""mhi"", ""pioff"", ""tookphys"", ""plan_15"", ""site_5"", ""hlthf"", ""year_3"", ""site_4"", ""site_3"", ""lpi"", ""plan_5"", ""plan_19"", ""plan_6"", ""plan_16"", ""hlthg"", ""plan_3"", ""year_2"", ""site_2"", ""plan_17"", ""plan_9"", ""year_5"", ""plan_7"", ""plan_10"", ""site_6"", ""plan_18"", ""plan_13"", ""plan_14"", ""hlthp"", ""year_4"", ""educdec"", ""income"", ""idp"", ""plan_8""]","[[5, 16, 13, 3, 22, 6, 15, 2, 41, 24, 52, 48, 47, 23, 30, 43, 54, 34, 50, 39, 25, 53, 20, 35], [16, 13, 11, 9, 12, 1, 3, 2, 41, 49, 48, 50, 40]]","[24, 13]",795.8103976249695,0.8183577452951727,0.18164225470482726,-2.394287533074881,0.0,0.0772290482567141,-0.09941846776642244,0.0,0.18957165301067477,0.2504598364632408,0.0,0.0,0.0,0.0,0.0,0.0,-0.09814388036601925,0.0,0.13699494622121705,-0.09170252577609792,0.0,0.0,0.0,-0.13239278438581717,0.0,-0.5028003038820293,-0.05821758968978836,0.03952840710350627,0.06536978751427916,0.0,0.0,0.0,0.0,-0.8680163671847022,0.0,0.0,0.0,0.1394160039023259,0.0672377913912762,0.0,0.0,0.0,0.07714463160855614,0.0,-0.09202369641740224,0.0,0.159518100018825,0.0,0.0,0.0,0.05605333491357008,-0.1976047795545025,0.0,-0.28221565203424914,0.0,-1.4149004969983907,-0.28681337597330225,-1.0122643268400935,-0.03062427830450404,-0.5191762364068612,0.21511137236576622,-0.4313288258426764,0.0,0.0,0.0,0.0,0.0,-0.5380110603636459,0.0,0.2371879015678496,0.11250223174709266,-0.22919056735076954,0.0,0.0,-0.5348683564211644,0.0,0.0,0.0,0.0,0.0,0.0,0.0,0.0,0.0,0.0,0.0,0.0,0.0,0.0,0.0,0.0,0.0,0.0,0.0,0.0,0.0,0.0,0.0,0.3452900065503307,-0.2917831177415238,0.0,0.0,0.0,0.0,0.0,0.0,-0.3220009903783792,-0.4656839895286503,0.41029008272681594,0.0,0.0,0.0,0.0,1.636740167927274,5.138391886297218
12,505160471,True,,100.0,quantile_glm,7864.243313683025,-3860.569747320904,7799.30214980546,"[0, 5, 16, 28, 18, 9, 11, 3, 17, 1, 38, 14, 12, 10, 22, 26, 21, 42, 6, 13, 52, 49, 48, 23, 46, 45, 25, 47, 41, 4, 2, 51, 32, 34, 7, 15, 30, 54, 27, 24, 43, 40, 29, 36, 33, 8, 37, 50, 39, 31, 19]","[""Intercept"", ""xage"", ""child"", ""lnum"", ""lfam"", ""num"", ""disea"", ""black"", ""fchild"", ""coins"", ""plan_11"", ""mdeoff"", ""physlm"", ""mhi"", ""fmde"", ""xghindx"", ""logc"", ""plan_16"", ""female"", ""ghindx"", ""year_3"", ""site_5"", ""site_4"", ""hlthg"", ""site_2"", ""plan_19"", ""hlthp"", ""site_3"", ""plan_15"", ""income"", ""tookphys"", ""year_2"", ""plan_5"", ""plan_7"", ""educdec"", ""pioff"", ""plan_3"", ""year_5"", ""linc"", ""hlthf"", ""plan_17"", ""plan_14"", ""plan_2"", ""plan_9"", ""plan_6"", ""time"", ""plan_10"", ""site_6"", ""plan_13"", ""plan_4"", ""lpi""]","[[5, 16, 21, 47, 50], []]","[5, 0]",1459.7095444202423,0.8352688604611951,0.16473113953880494,-1.9779017254733462,0.0,0.0,0.0,0.0,0.1838378902974354,0.0,0.0,0.0,0.0,0.0,0.0,0.0,0.0,0.0,0.0,-0.34768088146581144,0.0,0.0,0.0,0.0,-0.26415744285226045,0.0,0.0,0.0,0.0,0.0,0.0,0.0,0.0,0.0,0.0,0.0,0.0,0.0,0.0,0.0,0.0,0.0,0.0,0.0,0.0,0.0,0.0,0.0,0.0,0.0,0.1448059703490125,0.0,0.0,-0.27657806260163503,0.0,0.0,0.0,0.0,0.8703358658004453,0.0,0.0,0.0,0.0,0.0,0.0,0.0,0.0,0.0,0.0,0.0,0.0,0.0,0.0,0.0,0.0,0.0,0.0,0.0,0.0,0.0,0.0,0.0,0.0,0.0,0.0,0.0,0.0,0.0,0.0,0.0,0.0,0.0,0.0,0.0,0.0,0.0,0.0,0.0,0.0,0.0,0.0,0.0,0.0,0.0,0.0,0.0,0.0,0.0,0.0,0.0,0.0,0.0,0.0,2.3569640774634357,10.558846902357729
13,647360911,True,,50.0,quantile_glm,7800.392511380098,-3768.7646464456384,7719.908821606466,"[0, 5, 16, 11, 3, 28, 18, 12, 38, 1, 9, 17, 22, 21, 14, 10, 26, 49, 47, 13, 52, 25, 19, 15, 48, 40, 34, 6, 41, 2, 4, 42, 53, 35, 27, 54, 23, 45, 7, 24, 31, 33, 32, 36, 20, 8, 46, 51, 30, 44, 43]","[""Intercept"", ""xage"", ""child"", ""disea"", ""black"", ""lnum"", ""lfam"", ""physlm"", ""plan_11"", ""coins"", ""num"", ""fchild"", ""fmde"", ""logc"", ""mdeoff"", ""mhi"", ""xghindx"", ""site_5"", ""site_3"", ""ghindx"", ""year_3"", ""hlthp"", ""lpi"", ""pioff"", ""site_4"", ""plan_14"", ""plan_7"", ""female"", ""plan_15"", ""tookphys"", ""income"", ""plan_16"", ""year_4"", ""plan_8"", ""linc"", ""year_5"", ""hlthg"", ""plan_19"", ""educdec"", ""hlthf"", ""plan_4"", ""plan_6"", ""plan_5"", ""plan_9"", ""idp"", ""time"", ""site_2"", ""year_2"", ""plan_3"", ""plan_18"", ""plan_17""]","[[5, 11, 3, 1, 22, 21, 47, 52, 48, 34, 6, 42, 23, 7, 36], [5, 25]]","[15, 2]",1353.5635812282562,0.8436113609690578,0.15638863903094216,-2.2420675113909625,-0.09488752832712653,0.0,-0.1747618943894682,0.0,0.3783645989285726,0.11207112678214137,0.12839702830757066,0.0,0.0,0.0,0.08546216916942935,0.0,0.0,0.0,0.0,0.0,0.0,0.0,0.0,0.0,-0.11603769472826392,-0.13530549641963638,-0.10294347602751402,0.0,0.0,0.0,0.0,0.0,0.0,0.0,0.0,0.0,0.0,0.09732712370994341,0.0,0.11192487368315283,0.0,0.0,0.0,0.0,0.0,-0.12757064464369866,0.0,0.0,0.0,0.0,0.17684184703846642,-0.16076642045688275,0.0,0.0,0.0,-1.8916527733190964,0.0,0.0,0.5840121334983119,0.0,0.0,0.0,0.0,0.5718639175200246,0.0,0.0,0.0,0.0,0.0,0.0,0.0,0.0,0.0,0.0,0.0,0.0,0.0,0.0,0.0,0.0,0.0,0.0,0.0,0.17705837240832292,0.0,0.0,0.0,0.0,0.0,0.0,0.0,0.0,0.0,0.0,0.0,0.0,0.0,0.0,0.0,0.0,0.0,0.0,0.0,0.0,0.0,0.0,0.0,0.0,0.0,0.0,0.0,0.0,0.0,2.2718368979162804,9.697197225350406
14,215416818,True,,50.0,kmeans_glm,7811.403386501789,-3788.7160609787193,7785.865869060512,"[0, 5, 16, 12, 26, 28, 18, 9, 11, 13, 38, 3, 10, 22, 14, 1, 21, 17, 49, 42, 6, 15, 25, 47, 24, 23, 32, 46, 19, 45, 52, 40, 54, 53, 4, 50, 41, 48, 33, 37, 27, 7, 51, 44, 2, 30, 43, 8, 39, 31, 35]","[""Intercept"", ""xage"", ""child"", ""physlm"", ""xghindx"", ""lnum"", ""lfam"", ""num"", ""disea"", ""ghindx"", ""plan_11"", ""black"", ""mhi"", ""fmde"", ""mdeoff"", ""coins"", ""logc"", ""fchild"", ""site_5"", ""plan_16"", ""female"", ""pioff"", ""hlthp"", ""site_3"", ""hlthf"", ""hlthg"", ""plan_5"", ""site_2"", ""lpi"", ""plan_19"", ""year_3"", ""plan_14"", ""year_5"", ""year_4"", ""income"", ""site_6"", ""plan_15"", ""site_4"", ""plan_6"", ""plan_10"", ""linc"", ""educdec"", ""year_2"", ""plan_18"", ""tookphys"", ""plan_3"", ""plan_17"", ""time"", ""plan_13"", ""plan_4"", ""plan_8""]","[[5, 16, 12, 26, 11, 38, 3, 10, 22, 1, 21, 49, 42, 6, 25, 47, 50, 48, 43], [12]]","[19, 1]",1678.8139288425446,0.8309322739810439,0.1690677260189562,-2.7319910927707354,-0.06235516848604991,0.0,-0.06814291846717224,0.0,0.23325148574185758,0.1661217540871584,0.0,0.0,0.0,-0.07930321976888312,-0.00901207914749294,0.040180710502577426,0.0,0.0,0.0,-0.18022020336952482,0.0,0.0,0.0,0.0,-0.08012163135438008,-0.11783258717623354,0.0,0.0,0.02992281466671447,-0.08388093807344929,0.0,0.0,0.0,0.0,0.0,0.0,0.0,0.0,0.0,0.0,0.0,0.13558040684075312,0.0,0.0,0.0,-2.6323466946874414,0.12218294346972193,0.0,0.0,0.0,0.10494945966665249,-0.19755860585272783,-0.15110518836441458,-0.37386341873048123,0.0,0.0,0.0,0.0,0.5870709595820565,0.0,0.0,0.0,0.0,0.0,0.0,0.0,0.0,0.0,0.0,0.0,0.45294572222478224,0.0,0.0,0.0,0.0,0.0,0.0,0.0,0.0,0.0,0.0,0.0,0.0,0.0,0.0,0.0,0.0,0.0,0.0,0.0,0.0,0.0,0.0,0.0,0.0,0.0,0.0,0.0,0.0,0.0,0.0,0.0,0.0,0.0,0.0,0.0,0.0,0.0,0.0,0.0,0.0,0.0,0.0,2.0287840463987274,7.6048336096484785
15,504046525,True,,50.0,kmeans_glm,8093.881297998105,-3891.9833554810784,7983.715718602602,"[0, 5, 16, 11, 12, 26, 28, 18, 13, 9, 14, 38, 10, 3, 22, 17, 1, 15, 49, 48, 47, 21, 19, 45, 52, 42, 32, 6, 4, 23, 7, 25, 24, 2, 27, 50, 30, 37, 36, 33, 51, 34, 54, 39, 53, 46, 43, 41, 8, 31, 35]","[""Intercept"", ""xage"", ""child"", ""disea"", ""physlm"", ""xghindx"", ""lnum"", ""lfam"", ""ghindx"", ""num"", ""mdeoff"", ""plan_11"", ""mhi"", ""black"", ""fmde"", ""fchild"", ""coins"", ""pioff"", ""site_5"", ""site_4"", ""site_3"", ""logc"", ""lpi"", ""plan_19"", ""year_3"", ""plan_16"", ""plan_5"", ""female"", ""income"", ""hlthg"", ""educdec"", ""hlthp"", ""hlthf"", ""tookphys"", ""linc"", ""site_6"", ""plan_3"", ""plan_10"", ""plan_9"", ""plan_6"", ""year_2"", ""plan_7"", ""year_5"", ""plan_13"", ""year_4"", ""site_2"", ""plan_17"", ""plan_15"", ""time"", ""plan_4"", ""plan_8""]","[[5, 11, 14, 38, 22, 1, 48, 47, 21, 6, 7, 50, 34, 43], [16, 11, 12, 25, 50]]","[14, 5]",1311.6551778316498,0.816899696496798,0.18310030350320203,-2.3130062169705896,-0.08897326036705495,0.0,0.0,0.0,0.3757385467359168,0.1449275065012258,0.1590079988397491,0.0,0.0,0.0,0.07118752309776,0.0,0.0,-0.0022140292221036776,0.0,0.0,0.0,0.0,0.0,0.0,0.09343344728059132,-0.3036303163938414,0.0,0.0,0.0,0.0,0.0,0.0,0.0,0.0,0.0,0.0,0.0,0.2382331392660148,0.0,0.0,0.0,0.1847254924837166,0.0,0.0,0.0,0.0,0.18014309020949953,0.0,0.0,0.0,0.14144548847875232,-0.27736072143831386,0.0,-0.303611119025256,0.0,0.0,0.0,0.0,0.4434477829873597,0.0,0.0,0.0,0.0,0.0,0.0,0.0,0.0,0.0,0.0,0.23152091622883691,0.25395509417259127,0.0,0.0,0.0,-0.6238856445649468,0.0,0.0,0.0,0.0,0.0,0.0,0.0,0.0,0.17429366999871923,0.0,0.0,0.0,0.0,0.0,0.0,0.0,0.0,0.0,0.0,0.0,0.0,0.0,0.0,0.0,0.0,0.0,0.0,0.0,0.0,0.0,0.0,0.0,0.0,0.55840520599153,0.0,0.0,0.0,0.0,1.635973555811506,5.134454242337247
16,1190864726,True,,100.0,kmeans_glm,8006.093605270029,-3923.3987899890235,7942.329714066956,"[0, 5, 16, 11, 26, 38, 12, 22, 14, 3, 21, 13, 10, 28, 18, 9, 1, 17, 49, 48, 47, 15, 24, 6, 33, 42, 52, 46, 19, 41, 37, 25, 4, 51, 45, 29, 54, 31, 23, 2, 53, 32, 35, 27, 7, 43, 44, 36, 20, 8, 30]","[""Intercept"", ""xage"", ""child"", ""disea"", ""xghindx"", ""plan_11"", ""physlm"", ""fmde"", ""mdeoff"", ""black"", ""logc"", ""ghindx"", ""mhi"", ""lnum"", ""lfam"", ""num"", ""coins"", ""fchild"", ""site_5"", ""site_4"", ""site_3"", ""pioff"", ""hlthf"", ""female"", ""plan_6"", ""plan_16"", ""year_3"", ""site_2"", ""lpi"", ""plan_15"", ""plan_10"", ""hlthp"", ""income"", ""year_2"", ""plan_19"", ""plan_2"", ""year_5"", ""plan_4"", ""hlthg"", ""tookphys"", ""year_4"", ""plan_5"", ""plan_8"", ""linc"", ""educdec"", ""plan_17"", ""plan_18"", ""plan_9"", ""idp"", ""time"", ""plan_3""]","[[5, 11, 21, 10, 48, 47, 29], []]","[7, 0]",830.0137972831726,0.8438647620115676,0.15613523798843248,-1.959610321243075,0.0,0.0,0.0,0.0,0.3091002930943386,0.0,0.0,0.0,0.0,-0.1032780589046811,0.1613141723056921,0.0,0.0,0.0,0.0,0.0,0.0,0.0,0.0,0.0,-0.28056099165262793,0.0,0.0,0.0,0.0,0.0,0.0,0.0,0.09877713842924503,0.0,0.0,0.0,0.0,0.0,0.0,0.0,0.0,0.0,0.0,0.0,0.0,0.0,0.0,0.0,0.0,0.0,0.20927455375616527,-0.13491807958480434,0.0,0.0,0.0,0.0,0.0,0.0,0.9234067306209952,0.0,0.0,0.0,0.0,0.0,0.0,0.0,0.0,0.0,0.0,0.0,0.0,0.0,0.0,0.0,0.0,0.0,0.0,0.0,0.0,0.0,0.0,0.0,0.0,0.0,0.0,0.0,0.0,0.0,0.0,0.0,0.0,0.0,0.0,0.0,0.0,0.0,0.0,0.0,0.0,0.0,0.0,0.0,0.0,0.0,0.0,0.0,0.0,0.0,0.0,0.0,0.0,0.0,0.0,2.2884615791350615,9.859757550713166
17,1707511418,True,,50.0,quantile_glm,8163.5132311336065,-3930.903107702955,8070.239962508983,"[0, 5, 16, 12, 11, 26, 13, 28, 18, 17, 9, 3, 1, 14, 22, 38, 10, 48, 24, 6, 21, 41, 46, 42, 49, 15, 23, 47, 25, 52, 45, 2, 39, 51, 36, 33, 19, 20, 54, 32, 37, 43, 27, 4, 30, 35, 44, 53, 8, 50, 31]","[""Intercept"", ""xage"", ""child"", ""physlm"", ""disea"", ""xghindx"", ""ghindx"", ""lnum"", ""lfam"", ""fchild"", ""num"", ""black"", ""coins"", ""mdeoff"", ""fmde"", ""plan_11"", ""mhi"", ""site_4"", ""hlthf"", ""female"", ""logc"", ""plan_15"", ""site_2"", ""plan_16"", ""site_5"", ""pioff"", ""hlthg"", ""site_3"", ""hlthp"", ""year_3"", ""plan_19"", ""tookphys"", ""plan_13"", ""year_2"", ""plan_9"", ""plan_6"", ""lpi"", ""idp"", ""year_5"", ""plan_5"", ""plan_10"", ""plan_17"", ""linc"", ""income"", ""plan_3"", ""plan_8"", ""plan_18"", ""year_4"", ""time"", ""site_6"", ""plan_4""]","[[5, 16, 12, 11, 3, 10, 48, 24, 6, 21, 47, 25, 43, 50], [5, 16, 12, 11, 13, 50]]","[14, 6]",1544.795803785324,0.8177980244945054,0.18220197550549458,-2.1575404819982054,0.0,0.0,-0.14093688409257685,0.0,0.35621570066139113,0.11327642942926676,0.0,0.0,0.0,-0.032816844440051895,0.04255301897629681,0.042373735552647396,0.0,0.0,0.0,-0.11154216156530455,0.0,0.0,0.0,0.0,-0.33390731517245487,0.0,0.0,0.06357510118986018,0.05782623362111385,0.0,0.0,0.0,0.0,0.0,0.0,0.0,0.0,0.0,0.0,0.0,0.0,0.0,0.0,0.0,0.0,0.0,0.13981226522365794,0.0,0.0,0.0,0.14250281926640088,-0.3052883971374694,0.0,-0.20409144230698495,0.0,0.0,0.0,0.0,0.38736072350001227,0.0,0.0,0.0,0.0,0.08587205597208517,0.0,0.0,0.0,0.0,0.0,0.17986808029535623,0.1908050400008474,-0.1721188227508798,0.0,0.0,-0.7641165201765582,0.0,0.0,0.0,0.0,0.0,0.0,0.0,0.0,0.0,0.0,0.0,0.0,0.0,0.0,0.0,0.0,0.0,0.0,0.0,0.0,0.0,0.0,0.0,0.0,0.0,0.0,0.0,0.0,0.0,0.0,0.0,0.0,0.0,0.3414012529918073,0.0,0.0,0.0,0.0,1.7171632680457722,5.568709102185379
18,2086907151,True,,50.0,kmeans_glm,8251.466121370022,-4021.4778886454988,8225.335306006185,"[0, 5, 16, 11, 12, 38, 22, 14, 17, 9, 28, 18, 21, 3, 26, 1, 13, 48, 6, 49, 15, 10, 19, 46, 47, 42, 24, 33, 45, 25, 4, 52, 27, 51, 40, 32, 30, 54, 23, 2, 37, 29, 41, 53, 50, 36, 44, 20, 31, 8, 7]","[""Intercept"", ""xage"", ""child"", ""disea"", ""physlm"", ""plan_11"", ""fmde"", ""mdeoff"", ""fchild"", ""num"", ""lnum"", ""lfam"", ""logc"", ""black"", ""xghindx"", ""coins"", ""ghindx"", ""site_4"", ""female"", ""site_5"", ""pioff"", ""mhi"", ""lpi"", ""site_2"", ""site_3"", ""plan_16"", ""hlthf"", ""plan_6"", ""plan_19"", ""hlthp"", ""income"", ""year_3"", ""linc"", ""year_2"", ""plan_14"", ""plan_5"", ""plan_3"", ""year_5"", ""hlthg"", ""tookphys"", ""plan_10"", ""plan_2"", ""plan_15"", ""year_4"", ""site_6"", ""plan_9"", ""plan_18"", ""idp"", ""plan_4"", ""time"", ""educdec""]","[[5, 16, 11, 22, 21, 3, 1, 48, 6, 49, 47, 24, 25, 30, 29, 50, 7], []]","[17, 0]",1515.4983327388763,0.8135073377125365,0.1864926622874635,-2.1844390560285603,-0.1659250693482408,0.0,-0.09678447727700532,0.0,0.2047293224599521,0.18042466599219947,0.11071769797860655,0.0,0.0,0.0,0.07767336962529636,0.0,0.0,0.0,0.0,-0.23000605494604887,0.0,0.0,0.0,0.0,-0.18006859048780155,-0.06090883567750966,0.0,0.1316802732920053,0.0812959136948902,0.0,0.0,0.0,0.11344008571971047,-0.874294101388808,0.0,0.0,0.0,0.0,0.0,0.0,0.0,0.0,0.0,0.0,0.0,0.0,0.0,0.0,0.0,0.0,0.13001263972654895,-0.32875518343944876,-0.1486310265556918,-0.24115764384149588,0.0,0.0,0.0,0.0,0.9445166838273902,0.0,0.0,0.0,0.0,0.0,0.0,0.0,0.0,0.0,0.0,0.0,0.0,0.0,0.0,0.0,0.0,0.0,0.0,0.0,0.0,0.0,0.0,0.0,0.0,0.0,0.0,0.0,0.0,0.0,0.0,0.0,0.0,0.0,0.0,0.0,0.0,0.0,0.0,0.0,0.0,0.0,0.0,0.0,0.0,0.0,0.0,0.0,0.0,0.0,0.0,0.0,0.0,0.0,0.0,2.306291448030542,10.037132320639348
19,433793675,True,,100.0,kmeans_glm,7568.379926604574,-3722.709732503911,7514.897380708846,"[0, 5, 16, 12, 11, 38, 21, 22, 26, 28, 18, 17, 9, 10, 3, 13, 1, 14, 49, 24, 47, 19, 52, 42, 6, 15, 41, 48, 51, 32, 4, 27, 2, 25, 53, 45, 40, 20, 54, 37, 29, 39, 35, 43, 8, 7, 46, 36, 31, 30, 33]","[""Intercept"", ""xage"", ""child"", ""physlm"", ""disea"", ""plan_11"", ""logc"", ""fmde"", ""xghindx"", ""lnum"", ""lfam"", ""fchild"", ""num"", ""mhi"", ""black"", ""ghindx"", ""coins"", ""mdeoff"", ""site_5"", ""hlthf"", ""site_3"", ""lpi"", ""year_3"", ""plan_16"", ""female"", ""pioff"", ""plan_15"", ""site_4"", ""year_2"", ""plan_5"", ""income"", ""linc"", ""tookphys"", ""hlthp"", ""year_4"", ""plan_19"", ""plan_14"", ""idp"", ""year_5"", ""plan_10"", ""plan_2"", ""plan_13"", ""plan_8"", ""plan_17"", ""time"", ""educdec"", ""site_2"", ""plan_9"", ""plan_4"", ""plan_3"", ""plan_6""]","[[5, 21, 47, 6], []]","[4, 0]",1201.6511490345001,0.850413616428577,0.14958638357142295,-2.02507918293379,0.0,0.0,0.0,0.0,0.4208516226490221,0.16196596047220763,0.0,0.0,0.0,0.0,0.0,0.0,0.0,0.0,0.0,0.0,0.0,0.0,0.0,0.0,-0.37620269983228316,0.0,0.0,0.0,0.0,0.0,0.0,0.0,0.0,0.0,0.0,0.0,0.0,0.0,0.0,0.0,0.0,0.0,0.0,0.0,0.0,0.0,0.0,0.0,0.0,0.0,0.22469930050963272,0.0,0.0,0.0,0.0,0.0,0.0,0.0,0.8586562270945554,0.0,0.0,0.0,0.0,0.0,0.0,0.0,0.0,0.0,0.0,0.0,0.0,0.0,0.0,0.0,0.0,0.0,0.0,0.0,0.0,0.0,0.0,0.0,0.0,0.0,0.0,0.0,0.0,0.0,0.0,0.0,0.0,0.0,0.0,0.0,0.0,0.0,0.0,0.0,0.0,0.0,0.0,0.0,0.0,0.0,0.0,0.0,0.0,0.0,0.0,0.0,0.0,0.0,0.0,2.3477007894200144,10.461488885947302
20,92534769,True,,100.0,kmeans_glm,7717.26371287888,-3772.06920957934,7648.355292710216,"[0, 5, 16, 12, 17, 3, 28, 18, 38, 9, 1, 11, 22, 14, 21, 49, 10, 26, 47, 6, 52, 42, 41, 13, 15, 32, 46, 7, 48, 19, 25, 23, 45, 34, 51, 40, 29, 54, 33, 30, 44, 31, 53, 36, 8, 35, 27, 24, 2, 39, 4]","[""Intercept"", ""xage"", ""child"", ""physlm"", ""fchild"", ""black"", ""lnum"", ""lfam"", ""plan_11"", ""num"", ""coins"", ""disea"", ""fmde"", ""mdeoff"", ""logc"", ""site_5"", ""mhi"", ""xghindx"", ""site_3"", ""female"", ""year_3"", ""plan_16"", ""plan_15"", ""ghindx"", ""pioff"", ""plan_5"", ""site_2"", ""educdec"", ""site_4"", ""lpi"", ""hlthp"", ""hlthg"", ""plan_19"", ""plan_7"", ""year_2"", ""plan_14"", ""plan_2"", ""year_5"", ""plan_6"", ""plan_3"", ""plan_18"", ""plan_4"", ""year_4"", ""plan_9"", ""time"", ""plan_8"", ""linc"", ""hlthf"", ""tookphys"", ""plan_13"", ""income""]","[[5, 16, 12, 3, 11, 21, 47, 29], []]","[8, 0]",1482.3715546131134,0.8459415357949738,0.15405846420502625,-2.03275755143995,0.0,0.0,-0.17725711276900166,0.0,0.14060644997086372,0.0,0.0,0.0,0.0,0.0,0.10013937716027699,0.1112322586201882,0.0,0.0,0.0,-0.35252510198304293,0.0,0.0,0.0,0.0,-0.37732058404790714,0.0,0.0,0.0,0.0,0.0,0.0,0.0,0.0813822291897815,0.0,0.0,0.0,0.0,0.0,0.0,0.0,0.0,0.0,0.0,0.0,0.0,0.0,0.0,0.0,0.0,0.0,0.20746901375183066,0.0,0.0,0.0,0.0,0.0,0.0,0.0,0.8777938461110091,0.0,0.0,0.0,0.0,0.0,0.0,0.0,0.0,0.0,0.0,0.0,0.0,0.0,0.0,0.0,0.0,0.0,0.0,0.0,0.0,0.0,0.0,0.0,0.0,0.0,0.0,0.0,0.0,0.0,0.0,0.0,0.0,0.0,0.0,0.0,0.0,0.0,0.0,0.0,0.0,0.0,0.0,0.0,0.0,0.0,0.0,0.0,0.0,0.0,0.0,0.0,0.0,0.0,0.0,2.3847528276065475,10.856378936096478
21,1145267540,True,,50.0,quantile_glm,7823.889135846023,-3781.2988148321683,7762.346637304781,"[0, 5, 16, 12, 22, 11, 14, 17, 38, 9, 26, 10, 1, 21, 28, 18, 13, 3, 42, 24, 19, 15, 25, 49, 48, 40, 52, 47, 32, 2, 45, 37, 33, 6, 54, 35, 34, 41, 29, 51, 7, 46, 8, 50, 30, 53, 4, 44, 31, 20, 39]","[""Intercept"", ""xage"", ""child"", ""physlm"", ""fmde"", ""disea"", ""mdeoff"", ""fchild"", ""plan_11"", ""num"", ""xghindx"", ""mhi"", ""coins"", ""logc"", ""lnum"", ""lfam"", ""ghindx"", ""black"", ""plan_16"", ""hlthf"", ""lpi"", ""pioff"", ""hlthp"", ""site_5"", ""site_4"", ""plan_14"", ""year_3"", ""site_3"", ""plan_5"", ""tookphys"", ""plan_19"", ""plan_10"", ""plan_6"", ""female"", ""year_5"", ""plan_8"", ""plan_7"", ""plan_15"", ""plan_2"", ""year_2"", ""educdec"", ""site_2"", ""time"", ""site_6"", ""plan_3"", ""year_4"", ""income"", ""plan_18"", ""plan_4"", ""idp"", ""plan_13""]","[[5, 16, 12, 22, 11, 10, 1, 21, 13, 42, 49, 48, 47, 6, 35, 34, 29, 50], [25]]","[18, 1]",1278.163880109787,0.8497014910809606,0.15029850891903937,-1.9973429291200089,-0.20645936123028502,0.0,0.0,0.0,0.22179191662660663,0.1275545668218245,0.0,0.0,0.0,-0.07950859968552824,0.007508693516530238,0.027821583209138658,-0.07081007636091571,0.0,0.0,-0.09888524190384383,0.0,0.0,0.0,0.0,-0.014865374990155594,-0.2234769177560727,0.0,0.0,0.0,0.0,0.0,0.0,0.10745225077036302,0.0,0.0,0.0,0.0,0.09576805486823162,0.06157892658723425,0.0,0.0,0.0,0.0,0.0,0.0,-0.19860928980201753,0.0,0.0,0.0,0.0,0.08358075613886896,-0.21162025951205793,-0.14383369767814175,-0.32336500189537376,0.0,0.0,0.0,0.0,0.7563841182911141,0.0,0.0,0.0,0.0,0.0,0.0,0.0,0.0,0.0,0.0,0.0,0.0,0.0,0.0,0.0,0.0,0.0,0.0,0.0,0.0,0.0,0.0,0.0,0.0,0.2406361130593517,0.0,0.0,0.0,0.0,0.0,0.0,0.0,0.0,0.0,0.0,0.0,0.0,0.0,0.0,0.0,0.0,0.0,0.0,0.0,0.0,0.0,0.0,0.0,0.0,0.0,0.0,0.0,0.0,0.0,2.3172645428605434,10.147877221344102
22,404974097,True,,50.0,kmeans_glm,7665.659155373398,-3731.48230087942,7619.289912086145,"[0, 5, 16, 38, 12, 11, 22, 14, 21, 26, 13, 28, 18, 1, 9, 15, 17, 10, 3, 49, 19, 42, 23, 47, 45, 6, 52, 32, 4, 41, 46, 25, 20, 51, 31, 48, 24, 54, 27, 2, 39, 35, 7, 37, 36, 30, 29, 33, 44, 8, 50]","[""Intercept"", ""xage"", ""child"", ""plan_11"", ""physlm"", ""disea"", ""fmde"", ""mdeoff"", ""logc"", ""xghindx"", ""ghindx"", ""lnum"", ""lfam"", ""coins"", ""num"", ""pioff"", ""fchild"", ""mhi"", ""black"", ""site_5"", ""lpi"", ""plan_16"", ""hlthg"", ""site_3"", ""plan_19"", ""female"", ""year_3"", ""plan_5"", ""income"", ""plan_15"", ""site_2"", ""hlthp"", ""idp"", ""year_2"", ""plan_4"", ""site_4"", ""hlthf"", ""year_5"", ""linc"", ""tookphys"", ""plan_13"", ""plan_8"", ""educdec"", ""plan_10"", ""plan_9"", ""plan_3"", ""plan_2"", ""plan_6"", ""plan_18"", ""time"", ""site_6""]","[[5, 16, 38, 11, 21, 49, 42, 47, 6, 25, 31, 48, 29, 50], []]","[14, 0]",1170.0273184776306,0.8367915076568281,0.16320849234317192,-2.1294846239979495,0.0,0.0,0.0,0.0,0.13860417987789372,0.1421223805081725,0.0,0.0,0.0,0.0,0.09264763924072338,0.0,0.0,0.0,0.0,-0.24104810035129162,0.0,0.0,0.0,0.0,-0.13037313263596156,0.0,0.0,0.0,0.07781467202192209,0.0,0.0,0.0,0.07758670211614846,0.0,-0.07785623322255804,0.0,0.0,0.0,0.0,0.0,0.0,0.16600953160499318,0.0,0.0,0.0,-0.14125085482866115,0.0,0.0,0.0,0.0,0.14253451812273338,-0.23328237619943823,-0.18668673494795557,-0.27017987345670497,0.0,0.0,0.0,0.0,0.9111372861082485,0.0,0.0,0.0,0.0,0.0,0.0,0.0,0.0,0.0,0.0,0.0,0.0,0.0,0.0,0.0,0.0,0.0,0.0,0.0,0.0,0.0,0.0,0.0,0.0,0.0,0.0,0.0,0.0,0.0,0.0,0.0,0.0,0.0,0.0,0.0,0.0,0.0,0.0,0.0,0.0,0.0,0.0,0.0,0.0,0.0,0.0,0.0,0.0,0.0,0.0,0.0,0.0,0.0,0.0,2.367421749950196,10.669847256165111
23,1013923211,True,,50.0,quantile_glm,8127.335544044927,-3932.7543831973744,8047.888295109938,"[0, 5, 16, 12, 11, 28, 18, 9, 3, 26, 17, 13, 24, 38, 14, 1, 22, 10, 48, 21, 25, 49, 52, 47, 45, 6, 41, 15, 42, 32, 33, 51, 36, 40, 50, 54, 19, 4, 30, 46, 39, 2, 29, 8, 20, 43, 53, 34, 23, 44, 37]","[""Intercept"", ""xage"", ""child"", ""physlm"", ""disea"", ""lnum"", ""lfam"", ""num"", ""black"", ""xghindx"", ""fchild"", ""ghindx"", ""hlthf"", ""plan_11"", ""mdeoff"", ""coins"", ""fmde"", ""mhi"", ""site_4"", ""logc"", ""hlthp"", ""site_5"", ""year_3"", ""site_3"", ""plan_19"", ""female"", ""plan_15"", ""pioff"", ""plan_16"", ""plan_5"", ""plan_6"", ""year_2"", ""plan_9"", ""plan_14"", ""site_6"", ""year_5"", ""lpi"", ""income"", ""plan_3"", ""site_2"", ""plan_13"", ""tookphys"", ""plan_2"", ""time"", ""idp"", ""plan_17"", ""year_4"", ""plan_7"", ""hlthg"", ""plan_18"", ""plan_10""]","[[5, 16, 11, 3, 1, 22, 48, 21, 25, 47, 6, 50, 29, 43, 34], [12, 50]]","[15, 2]",1294.9301507472992,0.8329150641400728,0.16708493585992729,-2.1445096065455456,-0.1961502126471789,0.0,-0.18154689898047857,0.0,0.23306771651114286,0.20800199056916618,0.0,0.0,0.0,0.0,0.0431530034070283,0.0,0.0,0.0,0.0,-0.1873086724374187,0.0,0.0,0.0,0.0,0.037467375275233444,-0.323857239003833,0.0,0.0,0.07718277154888348,0.0,0.0,0.0,0.1301231259274699,0.0,0.0,0.0,0.0,0.17835755583947885,0.0,0.0,0.0,0.0,0.0,0.0,0.0,0.0,0.13439139063030875,0.0,0.0,0.0,0.1729305843602346,-0.22573858422680018,0.0,-0.23029267232970999,0.0,0.0,0.0,0.0,0.7667556396051382,0.0,0.0,0.0,0.0,0.0,0.0,0.0,0.0,0.0,0.0,0.0,0.3348166062001627,0.0,0.0,0.0,0.0,0.0,0.0,0.0,0.0,0.0,0.0,0.0,0.0,0.0,0.0,0.0,0.0,0.0,0.0,0.0,0.0,0.0,0.0,0.0,0.0,0.0,0.0,0.0,0.0,0.0,0.0,0.0,0.0,0.0,0.0,0.0,0.0,0.0,0.45835281699593317,0.0,0.0,0.0,0.0,2.0723842329509727,7.943740284762717
24,181537034,True,,50.0,quantile_glm,7551.729633525332,-3651.577268500729,7502.903544641903,"[0, 16, 5, 3, 12, 11, 38, 28, 18, 9, 17, 21, 22, 49, 14, 42, 1, 10, 26, 13, 19, 47, 46, 53, 52, 15, 6, 45, 7, 30, 41, 50, 4, 32, 2, 25, 23, 20, 54, 33, 29, 34, 51, 36, 39, 37, 24, 8, 27, 48, 43]","[""Intercept"", ""child"", ""xage"", ""black"", ""physlm"", ""disea"", ""plan_11"", ""lnum"", ""lfam"", ""num"", ""fchild"", ""logc"", ""fmde"", ""site_5"", ""mdeoff"", ""plan_16"", ""coins"", ""mhi"", ""xghindx"", ""ghindx"", ""lpi"", ""site_3"", ""site_2"", ""year_4"", ""year_3"", ""pioff"", ""female"", ""plan_19"", ""educdec"", ""plan_3"", ""plan_15"", ""site_6"", ""income"", ""plan_5"", ""tookphys"", ""hlthp"", ""hlthg"", ""idp"", ""year_5"", ""plan_6"", ""plan_2"", ""plan_7"", ""year_2"", ""plan_9"", ""plan_13"", ""plan_10"", ""hlthf"", ""time"", ""linc"", ""site_4"", ""plan_17""]","[[16, 5, 3, 12, 11, 21, 42, 47, 6, 30, 41, 50, 25, 23, 29, 34, 43], [12, 11]]","[17, 2]",1939.4055404663086,0.8302040205590993,0.16979597944090072,-2.5734038971408224,0.0,0.0,-0.15692348538801237,0.0,0.19677388962158335,0.11123210986036876,0.0,0.0,0.0,0.0,0.041197830118974536,0.04121531871191386,0.0,0.0,0.0,-0.22517871867852834,0.0,0.0,0.0,0.0,-0.2951855614452732,0.0,-0.12373267369855331,0.0,0.030418407073004042,0.0,0.0,0.0,0.08018249295912658,-0.435242002069357,0.0,0.0,0.0,0.11257736645236278,0.0,0.0,0.0,0.0,0.0,0.0,-0.32779824912872524,-1.4406416736942909,0.09807940575449424,0.0,0.0,0.0,0.19202835738006255,0.0,0.0,-0.24857694512040882,0.0,0.0,0.0,0.0,0.691376423834846,0.0,0.0,0.0,0.0,0.0,0.0,0.0,0.0,0.0,0.0,0.23176027304058633,0.2889556753822135,0.0,0.0,0.0,0.0,0.0,0.0,0.0,0.0,0.0,0.0,0.0,0.0,0.0,0.0,0.0,0.0,0.0,0.0,0.0,0.0,0.0,0.0,0.0,0.0,0.0,0.0,0.0,0.0,0.0,0.0,0.0,0.0,0.0,0.0,0.0,0.0,0.0,0.0,0.0,0.0,0.0,0.0,2.0822111145751974,8.022187293644077
25,833070520,True,,50.0,kmeans_glm,7980.227373681962,-3821.1832037249096,7859.48489401552,"[0, 5, 16, 12, 11, 28, 18, 9, 3, 26, 38, 14, 22, 1, 49, 13, 17, 10, 21, 6, 15, 24, 42, 46, 19, 33, 23, 45, 52, 51, 47, 41, 32, 48, 54, 7, 27, 31, 2, 4, 39, 30, 37, 8, 53, 44, 35, 43, 25, 29, 50]","[""Intercept"", ""xage"", ""child"", ""physlm"", ""disea"", ""lnum"", ""lfam"", ""num"", ""black"", ""xghindx"", ""plan_11"", ""mdeoff"", ""fmde"", ""coins"", ""site_5"", ""ghindx"", ""fchild"", ""mhi"", ""logc"", ""female"", ""pioff"", ""hlthf"", ""plan_16"", ""site_2"", ""lpi"", ""plan_6"", ""hlthg"", ""plan_19"", ""year_3"", ""year_2"", ""site_3"", ""plan_15"", ""plan_5"", ""site_4"", ""year_5"", ""educdec"", ""linc"", ""plan_4"", ""tookphys"", ""income"", ""plan_13"", ""plan_3"", ""plan_10"", ""time"", ""year_4"", ""plan_18"", ""plan_8"", ""plan_17"", ""hlthp"", ""plan_2"", ""site_6""]","[[5, 16, 3, 38, 22, 1, 49, 10, 21, 6, 24, 42, 33, 47, 48, 43, 50], [5, 12, 11, 50]]","[17, 4]",1687.9718239307404,0.8273508707127809,0.17264912928721915,-2.1175666222159095,-0.03817156587652682,0.0,-0.059279420974311645,0.0,0.2788843500481269,0.21264380798097943,0.0,0.0,0.0,-0.08230304779616822,0.0,0.0,0.0,0.0,0.0,-0.10139918693587052,0.0,0.0,0.0,0.0,0.09790523990708781,-0.19701292937112042,0.0,0.1083984774409269,0.0,0.0,0.0,0.0,0.0,0.0,0.0,0.0,-0.12429883622159907,0.0,0.0,0.0,0.0,0.19829433834209856,0.0,0.0,0.0,-0.10716432561194562,0.151528071323902,0.0,0.0,0.0,0.03846427670729703,-0.2859752352123248,-0.26635976763217895,-0.4552232503823138,0.0,0.0,0.0,0.0,0.4188981298321002,0.0,0.0,0.0,0.0,0.5328351209783114,0.0,0.0,0.0,0.0,0.0,0.1655559103589082,0.3666573809166568,0.0,0.0,0.0,0.0,0.0,0.0,0.0,0.0,0.0,0.0,0.0,0.0,0.0,0.0,0.0,0.0,0.0,0.0,0.0,0.0,0.0,0.0,0.0,0.0,0.0,0.0,0.0,0.0,0.0,0.0,0.0,0.0,0.0,0.0,0.0,0.0,0.0,0.5412211806539293,0.0,0.0,0.0,0.0,2.016465785602896,7.511729901107276
26,1329281118,True,,50.0,quantile_glm,8206.363408104968,-3947.7945268074322,8112.707540180565,"[0, 5, 16, 12, 11, 28, 18, 9, 38, 21, 3, 22, 17, 26, 14, 13, 1, 25, 10, 49, 42, 52, 15, 45, 48, 47, 4, 6, 19, 27, 41, 24, 32, 29, 51, 43, 44, 40, 46, 39, 54, 20, 30, 33, 37, 2, 7, 34, 53, 23, 8]","[""Intercept"", ""xage"", ""child"", ""physlm"", ""disea"", ""lnum"", ""lfam"", ""num"", ""plan_11"", ""logc"", ""black"", ""fmde"", ""fchild"", ""xghindx"", ""mdeoff"", ""ghindx"", ""coins"", ""hlthp"", ""mhi"", ""site_5"", ""plan_16"", ""year_3"", ""pioff"", ""plan_19"", ""site_4"", ""site_3"", ""income"", ""female"", ""lpi"", ""linc"", ""plan_15"", ""hlthf"", ""plan_5"", ""plan_2"", ""year_2"", ""plan_17"", ""plan_18"", ""plan_14"", ""site_2"", ""plan_13"", ""year_5"", ""idp"", ""plan_3"", ""plan_6"", ""plan_10"", ""tookphys"", ""educdec"", ""plan_7"", ""year_4"", ""hlthg"", ""time""]","[[5, 16, 11, 21, 3, 1, 25, 10, 52, 45, 48, 47, 41, 24, 29, 43, 34], [5, 12, 11, 38]]","[17, 4]",990.8553879261017,0.8111894963477708,0.18881050365222912,-2.56028450682977,-0.12416226865230919,0.0,-0.14514504171259984,0.0,0.19896201315396456,0.0,0.0,0.0,0.0,-0.060626968610508716,0.01899544557569336,0.0,0.0,0.0,0.0,-0.17537734152032314,0.0,0.0,0.0,0.0,-0.3271944704986392,0.0,0.0,0.06495374338835593,0.11823050421048202,0.0,0.0,0.0,0.13223969485432413,0.0,0.0,0.0,0.0,0.1392193522587267,0.0,0.0,0.0,0.0,0.0,0.0,-0.15857095868269064,0.0,0.1284939692987205,0.0,-1.0336886169512034,0.0,0.17924753070784344,-0.13853963125358654,0.0,0.0,0.0,-2.0123277605623224,0.0,0.0,0.41499510286295316,0.0,0.0,0.0,0.0,0.4280349285604546,0.0,0.0,0.0,0.0,0.0,0.18721514395498595,0.28444322568035896,0.0,0.0,0.0,0.0,0.0,0.0,0.0,0.0,0.0,0.0,0.0,0.0,0.0,0.0,0.0,0.0,0.0,0.0,0.0,0.0,0.0,0.0,0.0,0.0,0.0,0.43630098986661386,0.0,0.0,0.0,0.0,0.0,0.0,0.0,0.0,0.0,0.0,0.0,0.0,0.0,0.0,0.0,0.0,1.7537882707997394,5.776444013617691
27,2094213513,True,,100.0,kmeans_glm,7779.660691557142,-3804.130344092895,7703.792822274699,"[0, 5, 16, 11, 12, 26, 3, 13, 28, 18, 9, 10, 17, 1, 14, 22, 49, 38, 42, 23, 21, 6, 52, 15, 51, 33, 47, 41, 48, 4, 46, 7, 30, 37, 27, 19, 35, 24, 39, 29, 45, 54, 2, 25, 20, 32, 31, 34, 8, 36, 43]","[""Intercept"", ""xage"", ""child"", ""disea"", ""physlm"", ""xghindx"", ""black"", ""ghindx"", ""lnum"", ""lfam"", ""num"", ""mhi"", ""fchild"", ""coins"", ""mdeoff"", ""fmde"", ""site_5"", ""plan_11"", ""plan_16"", ""hlthg"", ""logc"", ""female"", ""year_3"", ""pioff"", ""year_2"", ""plan_6"", ""site_3"", ""plan_15"", ""site_4"", ""income"", ""site_2"", ""educdec"", ""plan_3"", ""plan_10"", ""linc"", ""lpi"", ""plan_8"", ""hlthf"", ""plan_13"", ""plan_2"", ""plan_19"", ""year_5"", ""tookphys"", ""hlthp"", ""idp"", ""plan_5"", ""plan_4"", ""plan_7"", ""time"", ""plan_9"", ""plan_17""]","[[5, 11, 3, 21, 6, 47, 29], []]","[7, 0]",1003.0163080692291,0.873617030220368,0.12638296977963204,-2.0593469436189693,0.0,0.0,-0.16518644804727337,0.0,0.40674850529433887,0.15819393377579333,0.0,0.0,0.0,0.0,0.10657502628309115,0.0,0.0,0.0,0.0,0.0,0.0,0.0,0.0,0.0,-0.2721480987102875,0.0,0.0,0.0,0.0,0.0,0.0,0.0,0.07620082306616754,0.0,0.0,0.0,0.0,0.0,0.0,0.0,0.0,0.0,0.0,0.0,0.0,0.0,0.0,0.0,0.0,0.0,0.15110709637118422,0.0,0.0,0.0,0.0,0.0,0.0,0.0,0.9754364665198493,0.0,0.0,0.0,0.0,0.0,0.0,0.0,0.0,0.0,0.0,0.0,0.0,0.0,0.0,0.0,0.0,0.0,0.0,0.0,0.0,0.0,0.0,0.0,0.0,0.0,0.0,0.0,0.0,0.0,0.0,0.0,0.0,0.0,0.0,0.0,0.0,0.0,0.0,0.0,0.0,0.0,0.0,0.0,0.0,0.0,0.0,0.0,0.0,0.0,0.0,0.0,0.0,0.0,0.0,1.966261820345025,7.143921250484826
28,1422562107,True,,50.0,quantile_glm,8007.609285368709,-3860.0557081286615,7919.860423897768,"[0, 5, 16, 28, 18, 11, 17, 9, 12, 38, 22, 14, 3, 26, 21, 10, 1, 13, 15, 42, 49, 47, 46, 19, 52, 32, 6, 23, 33, 24, 2, 48, 54, 40, 50, 36, 25, 45, 7, 29, 37, 30, 41, 31, 51, 44, 8, 35, 43, 39, 27]","[""Intercept"", ""xage"", ""child"", ""lnum"", ""lfam"", ""disea"", ""fchild"", ""num"", ""physlm"", ""plan_11"", ""fmde"", ""mdeoff"", ""black"", ""xghindx"", ""logc"", ""mhi"", ""coins"", ""ghindx"", ""pioff"", ""plan_16"", ""site_5"", ""site_3"", ""site_2"", ""lpi"", ""year_3"", ""plan_5"", ""female"", ""hlthg"", ""plan_6"", ""hlthf"", ""tookphys"", ""site_4"", ""year_5"", ""plan_14"", ""site_6"", ""plan_9"", ""hlthp"", ""plan_19"", ""educdec"", ""plan_2"", ""plan_10"", ""plan_3"", ""plan_15"", ""plan_4"", ""year_2"", ""plan_18"", ""time"", ""plan_8"", ""plan_17"", ""plan_13"", ""linc""]","[[5, 16, 28, 18, 11, 22, 10, 1, 42, 47, 6, 48, 50, 29], [16, 28, 18, 11, 38]]","[14, 5]",1353.3346734046936,0.8177172535334809,0.18228274646651918,-2.1778887487261076,-0.1704402453934615,0.0,0.0,0.0,0.2731675511979158,0.13249744956695086,0.0,0.0,0.0,-0.05449329265528044,0.072434968843935,0.0,0.0,0.0,0.0,-0.12646899771760758,0.0,-0.033838177436921336,0.0,0.0,0.0,-0.2455673510640768,0.0,0.0,0.0,0.0,0.0,-0.033831411615524325,0.1361216796605942,0.0,0.0,0.0,0.0,0.0,0.0,0.0,0.0,0.0,0.0,0.0,0.0,-0.12496583730683358,0.0,0.0,0.0,0.0,0.1979799268675511,-0.1352056251762434,0.0,-0.3351159402163319,0.0,0.0,0.0,0.0,0.31720541719633905,0.0,0.0,0.0,0.0,0.0,0.0,0.0,0.0,0.0,0.0,0.16144461954593364,0.0,0.0,0.0,0.0,-0.8282946251486759,0.0,-0.10884993718806472,0.0,0.0,0.0,0.0,0.0,0.0,0.0,0.0,0.0,-0.10884871923912871,0.0,0.0,0.0,0.0,0.0,0.0,0.0,0.0,0.0,0.37487329580147977,0.0,0.0,0.0,0.0,0.0,0.0,0.0,0.0,0.0,0.0,0.0,0.0,0.0,0.0,0.0,0.0,1.7429342128827163,5.714085191084666
29,516708789,True,,50.0,quantile_glm,7985.759140787873,-3889.670755292866,7944.351560375665,"[0, 5, 16, 11, 12, 38, 1, 14, 22, 9, 28, 18, 17, 21, 3, 10, 48, 6, 26, 42, 13, 24, 52, 15, 47, 27, 4, 19, 41, 51, 25, 49, 46, 45, 54, 34, 33, 36, 37, 31, 23, 44, 32, 30, 2, 53, 7, 39, 40, 43, 8]","[""Intercept"", ""xage"", ""child"", ""disea"", ""physlm"", ""plan_11"", ""coins"", ""mdeoff"", ""fmde"", ""num"", ""lnum"", ""lfam"", ""fchild"", ""logc"", ""black"", ""mhi"", ""site_4"", ""female"", ""xghindx"", ""plan_16"", ""ghindx"", ""hlthf"", ""year_3"", ""pioff"", ""site_3"", ""linc"", ""income"", ""lpi"", ""plan_15"", ""year_2"", ""hlthp"", ""site_5"", ""site_2"", ""plan_19"", ""year_5"", ""plan_7"", ""plan_6"", ""plan_9"", ""plan_10"", ""plan_4"", ""hlthg"", ""plan_18"", ""plan_5"", ""plan_3"", ""tookphys"", ""year_4"", ""educdec"", ""plan_13"", ""plan_14"", ""plan_17"", ""time""]","[[5, 16, 11, 38, 1, 22, 21, 3, 10, 48, 6, 52, 47, 34, 7], []]","[15, 0]",1011.9623603820801,0.8427350056040088,0.15726499439599126,-2.2640290228258877,-0.08267365211424774,0.0,-0.1283351922517578,0.0,0.3080625084760888,0.17334497871498677,0.0940119712225241,0.0,0.0,-0.09863903892708768,0.0668922647991153,0.0,0.0,0.0,0.0,-0.0728215374079668,0.0,0.0,0.0,0.0,-0.1864232735857446,-0.14765027475513492,0.0,0.0,0.0,0.0,0.0,0.0,0.0,0.0,0.0,0.0,0.0,0.1396565320179333,0.0,0.0,0.0,0.025949421932743633,0.0,0.0,0.0,0.0,0.0,0.0,0.0,0.0,0.16001921427477767,-0.24041653486922954,0.0,0.0,0.0,-1.9181187040179473,0.0,0.0,0.8968848772798641,0.0,0.0,0.0,0.0,0.0,0.0,0.0,0.0,0.0,0.0,0.0,0.0,0.0,0.0,0.0,0.0,0.0,0.0,0.0,0.0,0.0,0.0,0.0,0.0,0.0,0.0,0.0,0.0,0.0,0.0,0.0,0.0,0.0,0.0,0.0,0.0,0.0,0.0,0.0,0.0,0.0,0.0,0.0,0.0,0.0,0.0,0.0,0.0,0.0,0.0,0.0,0.0,0.0,0.0,2.2387920219239152,9.38199119985371
30,364845639,True,,100.0,kmeans_glm,7722.944762313858,-3758.6155731821464,7630.132759378457,"[0, 5, 16, 12, 28, 18, 11, 9, 26, 22, 14, 13, 1, 38, 3, 21, 17, 19, 15, 23, 6, 10, 42, 49, 47, 52, 33, 45, 7, 25, 2, 24, 32, 41, 48, 51, 54, 29, 40, 20, 37, 39, 34, 46, 31, 50, 53, 36, 8, 30, 44]","[""Intercept"", ""xage"", ""child"", ""physlm"", ""lnum"", ""lfam"", ""disea"", ""num"", ""xghindx"", ""fmde"", ""mdeoff"", ""ghindx"", ""coins"", ""plan_11"", ""black"", ""logc"", ""fchild"", ""lpi"", ""pioff"", ""hlthg"", ""female"", ""mhi"", ""plan_16"", ""site_5"", ""site_3"", ""year_3"", ""plan_6"", ""plan_19"", ""educdec"", ""hlthp"", ""tookphys"", ""hlthf"", ""plan_5"", ""plan_15"", ""site_4"", ""year_2"", ""year_5"", ""plan_2"", ""plan_14"", ""idp"", ""plan_10"", ""plan_13"", ""plan_7"", ""site_2"", ""plan_4"", ""site_6"", ""year_4"", ""plan_9"", ""time"", ""plan_3"", ""plan_18""]","[[5, 16, 11, 22, 21, 6, 47, 48, 50], []]","[9, 0]",1478.439329624176,0.8378097790751502,0.16219022092484978,-2.01869001865485,0.0,0.0,0.0,0.0,0.14674421738340904,0.19744186831389765,0.0,0.0,0.0,0.0,0.11022862486190242,0.0,0.0,0.0,0.0,-0.18858473336745077,0.0,0.0,0.0,0.0,-0.2494135381576604,-0.09085893017327136,0.0,0.0,0.0,0.0,0.0,0.0,0.0,0.0,0.0,0.0,0.0,0.0,0.0,0.0,0.0,0.0,0.0,0.0,0.0,0.0,0.0,0.0,0.0,0.0,0.1429684037209408,-0.23155999007821698,0.0,-0.35885934125271884,0.0,0.0,0.0,0.0,0.9612497077520427,0.0,0.0,0.0,0.0,0.0,0.0,0.0,0.0,0.0,0.0,0.0,0.0,0.0,0.0,0.0,0.0,0.0,0.0,0.0,0.0,0.0,0.0,0.0,0.0,0.0,0.0,0.0,0.0,0.0,0.0,0.0,0.0,0.0,0.0,0.0,0.0,0.0,0.0,0.0,0.0,0.0,0.0,0.0,0.0,0.0,0.0,0.0,0.0,0.0,0.0,0.0,0.0,0.0,0.0,2.5825637585627903,13.231015844165281
31,129785900,True,,50.0,quantile_glm,8256.760081751534,-3995.6063797377274,8190.961767115899,"[0, 5, 16, 26, 13, 12, 28, 18, 9, 38, 11, 22, 3, 14, 17, 21, 1, 10, 24, 49, 52, 23, 41, 4, 42, 27, 48, 6, 32, 2, 46, 15, 47, 30, 53, 45, 29, 54, 33, 51, 36, 8, 50, 20, 25, 40, 19, 43, 31, 34, 44]","[""Intercept"", ""xage"", ""child"", ""xghindx"", ""ghindx"", ""physlm"", ""lnum"", ""lfam"", ""num"", ""plan_11"", ""disea"", ""fmde"", ""black"", ""mdeoff"", ""fchild"", ""logc"", ""coins"", ""mhi"", ""hlthf"", ""site_5"", ""year_3"", ""hlthg"", ""plan_15"", ""income"", ""plan_16"", ""linc"", ""site_4"", ""female"", ""plan_5"", ""tookphys"", ""site_2"", ""pioff"", ""site_3"", ""plan_3"", ""year_4"", ""plan_19"", ""plan_2"", ""year_5"", ""plan_6"", ""year_2"", ""plan_9"", ""time"", ""site_6"", ""idp"", ""hlthp"", ""plan_14"", ""lpi"", ""plan_17"", ""plan_4"", ""plan_7"", ""plan_18""]","[[5, 16, 13, 12, 38, 11, 21, 24, 48, 6, 47, 30, 29, 50, 20, 43, 34], [5, 50]]","[17, 2]",1293.3848330974579,0.8118076100246364,0.18819238997536353,-2.2641146247576556,0.0,0.0,0.0,0.0,0.25597877254733264,0.1068507616688627,0.0,0.0,0.0,0.0,0.030561647393329446,0.03219132287044065,-0.11823702822490809,0.0,0.0,-0.12687236451224027,0.0,0.0,0.0,-0.0548759638812196,-0.08060662302694759,0.0,0.0,0.04525686625901209,0.0,0.0,0.0,0.0,0.18271019254276696,-1.3871496464020527,0.0,0.0,0.0,0.1262175898212469,0.0,0.0,0.0,0.2596536580922599,0.0,0.0,0.0,0.0,0.1365278355712509,0.0,0.0,0.0,0.12412613002418381,-0.1578346683624835,0.0,-0.32516316499892983,0.0,0.0,0.0,0.0,0.41422341334466417,0.0,0.0,0.0,0.0,0.737172847718108,0.0,0.0,0.0,0.0,0.0,0.0,0.0,0.0,0.0,0.0,0.0,0.0,0.0,0.0,0.0,0.0,0.0,0.0,0.0,0.0,0.0,0.0,0.0,0.0,0.0,0.0,0.0,0.0,0.0,0.0,0.0,0.0,0.0,0.0,0.0,0.0,0.0,0.0,0.0,0.0,0.0,0.0,0.0,0.0,0.5618898251055079,0.0,0.0,0.0,0.0,1.7419815215761223,5.708644024085774
32,1413964575,True,,50.0,kmeans_glm,7863.5126632747215,-3796.4810372013553,7784.026342580528,"[0, 5, 16, 11, 26, 10, 13, 28, 18, 12, 9, 38, 17, 22, 21, 14, 1, 49, 23, 3, 24, 6, 42, 4, 48, 15, 47, 25, 27, 37, 52, 19, 33, 45, 46, 54, 41, 43, 51, 30, 20, 31, 8, 40, 7, 39, 34, 29, 53, 35, 2]","[""Intercept"", ""xage"", ""child"", ""disea"", ""xghindx"", ""mhi"", ""ghindx"", ""lnum"", ""lfam"", ""physlm"", ""num"", ""plan_11"", ""fchild"", ""fmde"", ""logc"", ""mdeoff"", ""coins"", ""site_5"", ""hlthg"", ""black"", ""hlthf"", ""female"", ""plan_16"", ""income"", ""site_4"", ""pioff"", ""site_3"", ""hlthp"", ""linc"", ""plan_10"", ""year_3"", ""lpi"", ""plan_6"", ""plan_19"", ""site_2"", ""year_5"", ""plan_15"", ""plan_17"", ""year_2"", ""plan_3"", ""idp"", ""plan_4"", ""time"", ""plan_14"", ""educdec"", ""plan_13"", ""plan_7"", ""plan_2"", ""year_4"", ""plan_8"", ""tookphys""]","[[5, 16, 11, 28, 18, 21, 1, 6, 42, 48, 47, 25, 41, 43, 34], [16, 11, 13]]","[15, 3]",980.5677845478058,0.818839228720774,0.18116077127922597,-2.2142314353889763,-0.03416047279878405,0.0,0.0,0.0,0.28716162844082826,0.1950248966511022,0.0,0.0,0.0,0.0,0.07821872219726472,0.0,0.0,0.0,0.0,-0.18394649564365068,0.0,-0.017453025611476,0.0,0.0,-0.29466045741550073,0.0,0.0,0.0,0.053560062571457595,0.0,0.0,-0.01743504750116084,0.0,0.0,0.0,0.0,0.0,0.10368507833161458,0.0,0.0,0.0,0.0,0.0,0.0,-0.3463234278540589,-0.15255640280268962,0.12074233084178665,0.0,0.0,0.0,0.19237605557364948,-0.1867018031999162,0.0,0.0,0.0,0.0,0.0,0.0,0.3317258446513103,0.0,0.0,0.0,0.0,0.0,0.0,0.0,0.0,0.0,0.0,0.24065569295016792,0.0,-0.22979750984643776,0.0,0.0,-0.6921315323020788,0.0,0.0,0.0,0.0,0.0,0.0,0.0,0.0,0.0,0.0,0.0,0.0,0.0,0.0,0.0,0.0,0.0,0.0,0.0,0.0,0.0,0.0,0.0,0.0,0.0,0.0,0.0,0.0,0.0,0.0,0.0,0.0,0.0,0.0,0.0,0.0,0.0,0.0,1.785737974209267,5.963979587092539
33,354731355,True,,100.0,kmeans_glm,8037.073407333613,-3925.7171941065826,7946.966522302074,"[0, 5, 16, 12, 3, 11, 28, 18, 9, 17, 26, 1, 14, 38, 22, 42, 13, 49, 21, 47, 52, 48, 10, 23, 24, 2, 33, 15, 46, 45, 54, 51, 41, 32, 25, 19, 6, 30, 29, 43, 34, 7, 27, 4, 36, 31, 8, 40, 39, 50, 44]","[""Intercept"", ""xage"", ""child"", ""physlm"", ""black"", ""disea"", ""lnum"", ""lfam"", ""num"", ""fchild"", ""xghindx"", ""coins"", ""mdeoff"", ""plan_11"", ""fmde"", ""plan_16"", ""ghindx"", ""site_5"", ""logc"", ""site_3"", ""year_3"", ""site_4"", ""mhi"", ""hlthg"", ""hlthf"", ""tookphys"", ""plan_6"", ""pioff"", ""site_2"", ""plan_19"", ""year_5"", ""year_2"", ""plan_15"", ""plan_5"", ""hlthp"", ""lpi"", ""female"", ""plan_3"", ""plan_2"", ""plan_17"", ""plan_7"", ""educdec"", ""linc"", ""income"", ""plan_9"", ""plan_4"", ""time"", ""plan_14"", ""plan_13"", ""site_6"", ""plan_18""]","[[5, 42, 21, 47, 29, 34, 50], []]","[7, 0]",1061.832263469696,0.8388375565283281,0.1611624434716718,-2.0427544909366255,0.0,0.0,0.0,0.0,0.3836220232190232,0.0,0.0,0.0,0.0,0.0,0.0,0.0,0.0,0.0,0.0,0.0,0.0,0.0,0.0,0.0,-0.27839080685567014,0.0,0.0,0.0,0.0,0.0,0.0,0.0,0.10234824428347693,0.0,0.0,0.0,0.0,0.12730202677771907,0.0,0.0,0.0,0.0,0.0,0.0,0.0,-0.3016988094864174,0.0,0.0,0.0,0.0,0.19468578038170098,0.0,0.0,-0.27806360474062003,0.0,0.0,0.0,0.0,0.9428873649556176,0.0,0.0,0.0,0.0,0.0,0.0,0.0,0.0,0.0,0.0,0.0,0.0,0.0,0.0,0.0,0.0,0.0,0.0,0.0,0.0,0.0,0.0,0.0,0.0,0.0,0.0,0.0,0.0,0.0,0.0,0.0,0.0,0.0,0.0,0.0,0.0,0.0,0.0,0.0,0.0,0.0,0.0,0.0,0.0,0.0,0.0,0.0,0.0,0.0,0.0,0.0,0.0,0.0,0.0,2.3079408083910433,10.053700828786337
34,1632134769,True,,100.0,kmeans_glm,7748.795295768232,-3799.2141067011485,7676.59086856595,"[0, 5, 16, 12, 11, 28, 18, 9, 3, 38, 26, 13, 10, 21, 22, 14, 1, 17, 42, 6, 23, 25, 48, 49, 46, 15, 32, 19, 2, 7, 51, 45, 43, 40, 54, 53, 47, 41, 52, 20, 35, 24, 27, 33, 36, 30, 39, 31, 8, 4, 29]","[""Intercept"", ""xage"", ""child"", ""physlm"", ""disea"", ""lnum"", ""lfam"", ""num"", ""black"", ""plan_11"", ""xghindx"", ""ghindx"", ""mhi"", ""logc"", ""fmde"", ""mdeoff"", ""coins"", ""fchild"", ""plan_16"", ""female"", ""hlthg"", ""hlthp"", ""site_4"", ""site_5"", ""site_2"", ""pioff"", ""plan_5"", ""lpi"", ""tookphys"", ""educdec"", ""year_2"", ""plan_19"", ""plan_17"", ""plan_14"", ""year_5"", ""year_4"", ""site_3"", ""plan_15"", ""year_3"", ""idp"", ""plan_8"", ""hlthf"", ""linc"", ""plan_6"", ""plan_9"", ""plan_3"", ""plan_13"", ""plan_4"", ""time"", ""income"", ""plan_2""]","[[5, 16, 21, 43, 47], []]","[5, 0]",1161.4014484882355,0.8467986381094064,0.1532013618905937,-1.9792504355440446,0.0,0.0,0.0,0.0,0.21498749062521288,0.0,0.0,0.0,0.0,0.0,0.0,0.0,0.0,0.0,0.0,-0.23739376696344822,0.0,0.0,0.0,0.0,-0.28587994403292893,0.0,0.0,0.0,0.0,0.0,0.0,0.0,0.0,0.0,0.0,0.0,0.0,0.0,0.0,0.0,0.0,0.0,0.0,0.0,0.0,0.0,0.1386399909701687,0.0,0.0,0.0,0.17301679047117485,0.0,0.0,0.0,0.0,0.0,0.0,0.0,0.8368986103662214,0.0,0.0,0.0,0.0,0.0,0.0,0.0,0.0,0.0,0.0,0.0,0.0,0.0,0.0,0.0,0.0,0.0,0.0,0.0,0.0,0.0,0.0,0.0,0.0,0.0,0.0,0.0,0.0,0.0,0.0,0.0,0.0,0.0,0.0,0.0,0.0,0.0,0.0,0.0,0.0,0.0,0.0,0.0,0.0,0.0,0.0,0.0,0.0,0.0,0.0,0.0,0.0,0.0,0.0,2.3040155381665928,10.014314687472405
35,1812451910,True,,50.0,quantile_glm,7855.207272197983,-3786.269681865023,7754.918892445235,"[0, 5, 16, 38, 12, 22, 21, 14, 26, 9, 3, 1, 13, 28, 18, 17, 11, 42, 47, 49, 48, 15, 10, 19, 27, 24, 41, 52, 4, 45, 33, 32, 46, 54, 53, 34, 6, 25, 36, 50, 51, 30, 8, 44, 40, 7, 23, 37, 20, 35, 39]","[""Intercept"", ""xage"", ""child"", ""plan_11"", ""physlm"", ""fmde"", ""logc"", ""mdeoff"", ""xghindx"", ""num"", ""black"", ""coins"", ""ghindx"", ""lnum"", ""lfam"", ""fchild"", ""disea"", ""plan_16"", ""site_3"", ""site_5"", ""site_4"", ""pioff"", ""mhi"", ""lpi"", ""linc"", ""hlthf"", ""plan_15"", ""year_3"", ""income"", ""plan_19"", ""plan_6"", ""plan_5"", ""site_2"", ""year_5"", ""year_4"", ""plan_7"", ""female"", ""hlthp"", ""plan_9"", ""site_6"", ""year_2"", ""plan_3"", ""time"", ""plan_18"", ""plan_14"", ""educdec"", ""hlthg"", ""plan_10"", ""idp"", ""plan_8"", ""plan_13""]","[[5, 16, 22, 21, 1, 11, 42, 47, 49, 48, 34, 6, 25, 50], [5, 12, 50]]","[14, 3]",1024.8680927753448,0.8460854513514163,0.1539145486485837,-2.1035269464700432,-0.089696388485547,0.0,0.0,0.0,0.21481433343937037,0.12204531839201305,0.0,0.0,0.0,0.0,0.05890865628383596,0.0,0.0,0.0,0.0,-0.16452940969029864,0.0,0.0,0.0,0.0,-0.06749260513672047,-0.23970475094108107,0.0,0.0,0.0392649460385275,0.0,0.0,0.0,0.0,0.0,0.0,0.0,0.0,0.16294743414457194,0.0,0.0,0.0,0.0,0.0,0.0,0.0,-0.16615688399999887,0.0,0.0,0.0,0.0,0.15157653188629053,-0.2947177962702364,-0.19395535317525495,-0.34421552339277106,0.0,0.0,0.0,0.0,0.4163571182145431,0.0,0.0,0.0,0.0,0.47658828972716644,0.0,0.0,0.0,0.0,0.0,0.0,0.3006757554362071,0.0,0.0,0.0,0.0,0.0,0.0,0.0,0.0,0.0,0.0,0.0,0.0,0.0,0.0,0.0,0.0,0.0,0.0,0.0,0.0,0.0,0.0,0.0,0.0,0.0,0.0,0.0,0.0,0.0,0.0,0.0,0.0,0.0,0.0,0.0,0.0,0.0,0.594129665191341,0.0,0.0,0.0,0.0,1.9227738381855555,6.839904969469652
36,1997492105,True,,100.0,quantile_glm,7617.374117352861,-3714.7786342116938,7525.089402512296,"[0, 5, 16, 12, 3, 11, 28, 18, 10, 13, 26, 9, 17, 47, 38, 22, 21, 14, 1, 24, 49, 48, 6, 42, 52, 41, 15, 34, 33, 53, 19, 32, 30, 45, 54, 43, 40, 25, 46, 20, 2, 36, 29, 39, 27, 4, 37, 8, 7, 51, 50]","[""Intercept"", ""xage"", ""child"", ""physlm"", ""black"", ""disea"", ""lnum"", ""lfam"", ""mhi"", ""ghindx"", ""xghindx"", ""num"", ""fchild"", ""site_3"", ""plan_11"", ""fmde"", ""logc"", ""mdeoff"", ""coins"", ""hlthf"", ""site_5"", ""site_4"", ""female"", ""plan_16"", ""year_3"", ""plan_15"", ""pioff"", ""plan_7"", ""plan_6"", ""year_4"", ""lpi"", ""plan_5"", ""plan_3"", ""plan_19"", ""year_5"", ""plan_17"", ""plan_14"", ""hlthp"", ""site_2"", ""idp"", ""tookphys"", ""plan_9"", ""plan_2"", ""plan_13"", ""linc"", ""income"", ""plan_10"", ""time"", ""educdec"", ""year_2"", ""site_6""]","[[5, 16, 10, 47, 21, 48, 50], []]","[7, 0]",1393.5625030994415,0.8736073288291901,0.1263926711708099,-2.1066397898816427,0.0,0.0,0.0,0.0,0.24285736997297314,0.0,0.0,0.0,0.0,-0.12173998975993172,0.0,0.0,0.0,0.0,0.0,-0.1699598550927486,0.0,0.0,0.0,0.0,-0.2877524896779995,0.0,0.0,0.0,0.0,0.0,0.0,0.0,0.0,0.0,0.0,0.0,0.0,0.0,0.0,0.0,0.0,0.0,0.0,0.0,0.0,0.0,0.0,0.0,0.0,0.0,0.1900257111487915,-0.2283352962977856,0.0,-0.24665267381342385,0.0,0.0,0.0,0.0,0.9537137307684732,0.0,0.0,0.0,0.0,0.0,0.0,0.0,0.0,0.0,0.0,0.0,0.0,0.0,0.0,0.0,0.0,0.0,0.0,0.0,0.0,0.0,0.0,0.0,0.0,0.0,0.0,0.0,0.0,0.0,0.0,0.0,0.0,0.0,0.0,0.0,0.0,0.0,0.0,0.0,0.0,0.0,0.0,0.0,0.0,0.0,0.0,0.0,0.0,0.0,0.0,0.0,0.0,0.0,0.0,1.9967075329661428,7.364767881332515
37,1707699095,True,,50.0,kmeans_glm,7761.057281042734,-3740.703754067126,7681.156515774696,"[0, 5, 16, 11, 9, 28, 18, 17, 12, 3, 26, 10, 13, 38, 22, 21, 49, 47, 48, 4, 52, 14, 45, 23, 24, 2, 1, 30, 51, 46, 33, 42, 53, 54, 39, 41, 6, 19, 20, 27, 29, 50, 7, 25, 15, 37, 8, 32, 36, 44, 43]","[""Intercept"", ""xage"", ""child"", ""disea"", ""num"", ""lnum"", ""lfam"", ""fchild"", ""physlm"", ""black"", ""xghindx"", ""mhi"", ""ghindx"", ""plan_11"", ""fmde"", ""logc"", ""site_5"", ""site_3"", ""site_4"", ""income"", ""year_3"", ""mdeoff"", ""plan_19"", ""hlthg"", ""hlthf"", ""tookphys"", ""coins"", ""plan_3"", ""year_2"", ""site_2"", ""plan_6"", ""plan_16"", ""year_4"", ""year_5"", ""plan_13"", ""plan_15"", ""female"", ""lpi"", ""idp"", ""linc"", ""plan_2"", ""site_6"", ""educdec"", ""hlthp"", ""pioff"", ""plan_10"", ""time"", ""plan_5"", ""plan_9"", ""plan_18"", ""plan_17""]","[[5, 16, 12, 3, 26, 10, 21, 47, 48, 45, 24, 2, 30, 6, 29, 50, 25, 15], [5]]","[18, 1]",1096.291612625122,0.8271779978202144,0.17282200217978572,-2.232081502604573,0.0,0.10116185981342633,-0.16323897026781758,0.0,0.30165300049736415,0.12454134068677082,0.0,0.0,0.0,-0.06356024134800546,0.0,0.048713853777456496,0.0,0.0,0.1495829404115159,-0.08059673630983974,0.0,0.0,0.0,0.0,-0.33555173880667816,0.0,0.0,0.051393043824878165,0.049670374779071415,-0.03927724380368159,0.0,0.0,0.03600320678039419,-1.314872633424641,0.0,0.0,0.0,0.0,0.0,0.0,0.0,0.0,0.0,0.0,0.0,0.0,0.0,0.0,-0.11485051028804487,0.0,0.10314878579232833,-0.24702893409769974,0.0,-0.28894198375767943,0.0,0.0,0.0,0.0,0.4406260062048308,0.0,0.0,0.0,0.0,0.598983158178242,0.0,0.0,0.0,0.0,0.0,0.0,0.0,0.0,0.0,0.0,0.0,0.0,0.0,0.0,0.0,0.0,0.0,0.0,0.0,0.0,0.0,0.0,0.0,0.0,0.0,0.0,0.0,0.0,0.0,0.0,0.0,0.0,0.0,0.0,0.0,0.0,0.0,0.0,0.0,0.0,0.0,0.0,0.0,0.0,0.0,0.0,0.0,0.0,0.0,2.069266090829095,7.919009151208179
38,1387313559,True,,100.0,kmeans_glm,7639.661435475665,-3736.938160551241,7578.093194654018,"[0, 5, 16, 11, 17, 28, 18, 12, 9, 26, 13, 38, 3, 22, 14, 21, 10, 1, 24, 47, 52, 19, 33, 2, 25, 41, 15, 7, 49, 45, 53, 50, 48, 23, 42, 4, 51, 6, 46, 54, 30, 36, 20, 35, 27, 8, 39, 43, 44, 40, 32]","[""Intercept"", ""xage"", ""child"", ""disea"", ""fchild"", ""lnum"", ""lfam"", ""physlm"", ""num"", ""xghindx"", ""ghindx"", ""plan_11"", ""black"", ""fmde"", ""mdeoff"", ""logc"", ""mhi"", ""coins"", ""hlthf"", ""site_3"", ""year_3"", ""lpi"", ""plan_6"", ""tookphys"", ""hlthp"", ""plan_15"", ""pioff"", ""educdec"", ""site_5"", ""plan_19"", ""year_4"", ""site_6"", ""site_4"", ""hlthg"", ""plan_16"", ""income"", ""year_2"", ""female"", ""site_2"", ""year_5"", ""plan_3"", ""plan_9"", ""idp"", ""plan_8"", ""linc"", ""time"", ""plan_13"", ""plan_17"", ""plan_18"", ""plan_14"", ""plan_5""]","[[5, 11, 12, 22, 21, 1, 47, 50], []]","[8, 0]",1394.7331066131592,0.8585832229599707,0.14141677704002922,-1.9113415787863548,-0.12880861689245282,0.0,0.0,0.0,0.29516208201833893,0.0,0.0,0.0,0.0,0.0,0.0860746243542834,0.06317700533306464,0.0,0.0,0.0,0.0,0.0,0.0,0.0,0.0,-0.1544436681842511,-0.09673047802640013,0.0,0.0,0.0,0.0,0.0,0.0,0.0,0.0,0.0,0.0,0.0,0.0,0.0,0.0,0.0,0.0,0.0,0.0,0.0,0.0,0.0,0.0,0.0,0.0,0.14259744875028088,0.0,0.0,-0.23538085849994897,0.0,0.0,0.0,0.0,0.7562871111930263,0.0,0.0,0.0,0.0,0.0,0.0,0.0,0.0,0.0,0.0,0.0,0.0,0.0,0.0,0.0,0.0,0.0,0.0,0.0,0.0,0.0,0.0,0.0,0.0,0.0,0.0,0.0,0.0,0.0,0.0,0.0,0.0,0.0,0.0,0.0,0.0,0.0,0.0,0.0,0.0,0.0,0.0,0.0,0.0,0.0,0.0,0.0,0.0,0.0,0.0,0.0,0.0,0.0,0.0,2.438267603906156,11.453182098313206
39,1934797589,True,,50.0,quantile_glm,7873.875365201601,-3772.291878555964,7753.017504215001,"[0, 5, 16, 12, 28, 18, 9, 17, 26, 13, 11, 3, 1, 14, 38, 49, 22, 23, 15, 42, 47, 41, 10, 21, 52, 19, 7, 45, 54, 39, 36, 51, 33, 53, 32, 24, 30, 48, 6, 46, 4, 20, 8, 31, 35, 2, 44, 43, 40, 50, 34]","[""Intercept"", ""xage"", ""child"", ""physlm"", ""lnum"", ""lfam"", ""num"", ""fchild"", ""xghindx"", ""ghindx"", ""disea"", ""black"", ""coins"", ""mdeoff"", ""plan_11"", ""site_5"", ""fmde"", ""hlthg"", ""pioff"", ""plan_16"", ""site_3"", ""plan_15"", ""mhi"", ""logc"", ""year_3"", ""lpi"", ""educdec"", ""plan_19"", ""year_5"", ""plan_13"", ""plan_9"", ""year_2"", ""plan_6"", ""year_4"", ""plan_5"", ""hlthf"", ""plan_3"", ""site_4"", ""female"", ""site_2"", ""income"", ""idp"", ""time"", ""plan_4"", ""plan_8"", ""tookphys"", ""plan_18"", ""plan_17"", ""plan_14"", ""site_6"", ""plan_7""]","[[5, 16, 28, 18, 26, 11, 3, 14, 22, 42, 47, 41, 21, 48, 6, 50, 34], [16, 12, 50]]","[17, 3]",1114.60076546669,0.8259270686316343,0.17407293136836563,-2.227994730367819,0.0,0.0,-0.18899166684495108,0.0,0.21166112906783338,0.09539001031549768,0.0,0.0,0.0,0.0,0.027957303190817736,0.0,0.0,-0.09932610484506806,0.0,-0.22718032010277214,0.0,-0.016463973548161703,0.0,0.0,-0.09914045317008671,-0.13199964074496667,0.0,0.0,0.0,-0.09708998568968497,0.0,-0.016464060527708393,0.0,0.0,0.0,0.0,0.0,0.15327953594317134,0.0,0.0,0.0,0.0,0.0,0.0,-0.21097172562738767,-0.16915954077694276,0.0,0.0,0.0,0.0,0.14230858379597922,-0.16059798715732407,0.0,-0.21151682836032348,0.0,0.0,0.0,0.0,0.36560510204061186,0.0,0.0,0.0,0.0,0.0,0.0,0.0,0.0,0.0,0.0,0.0,0.3572359362264338,0.0,0.0,0.0,-0.794414602403358,0.0,0.0,0.0,0.0,0.0,0.0,0.0,0.0,0.0,0.0,0.0,0.0,0.0,0.0,0.0,0.0,0.0,0.0,0.0,0.0,0.0,0.0,0.0,0.0,0.0,0.0,0.0,0.0,0.0,0.0,0.0,0.0,0.0,0.5662225825976647,0.0,0.0,0.0,0.0,1.7509274526491134,5.759942273231237
40,817939175,True,,50.0,quantile_glm,8070.675046750422,-3864.5776273055326,7954.958480639394,"[0, 5, 16, 12, 11, 9, 28, 18, 26, 13, 1, 17, 14, 24, 38, 3, 22, 10, 21, 49, 48, 6, 42, 15, 52, 47, 41, 19, 40, 4, 45, 30, 50, 32, 43, 51, 54, 31, 27, 53, 39, 37, 46, 36, 25, 44, 29, 33, 2, 34, 7]","[""Intercept"", ""xage"", ""child"", ""physlm"", ""disea"", ""num"", ""lnum"", ""lfam"", ""xghindx"", ""ghindx"", ""coins"", ""fchild"", ""mdeoff"", ""hlthf"", ""plan_11"", ""black"", ""fmde"", ""mhi"", ""logc"", ""site_5"", ""site_4"", ""female"", ""plan_16"", ""pioff"", ""year_3"", ""site_3"", ""plan_15"", ""lpi"", ""plan_14"", ""income"", ""plan_19"", ""plan_3"", ""site_6"", ""plan_5"", ""plan_17"", ""year_2"", ""year_5"", ""plan_4"", ""linc"", ""year_4"", ""plan_13"", ""plan_10"", ""site_2"", ""plan_9"", ""hlthp"", ""plan_18"", ""plan_2"", ""plan_6"", ""tookphys"", ""plan_7"", ""educdec""]","[[5, 16, 11, 1, 38, 10, 21, 48, 6, 47, 30, 50, 43, 25, 29, 34], [16, 12, 11, 9, 50, 53]]","[16, 6]",1559.8602833747864,0.8317593156160199,0.16824068438398013,-2.0339992785415326,-0.1381172903661152,0.0,0.0,0.0,0.2736154350095338,0.12480324851487404,0.0,0.0,0.0,-0.07847415990031778,0.049031445260577254,0.0,0.0,0.0,0.0,-0.035556297521508795,0.0,0.0,0.0,0.0,-0.1857130020198352,0.0,0.0,0.0,0.05397234700118609,0.0,0.0,0.0,0.12686851405301208,-0.1035263540087459,0.0,0.0,0.0,0.13839447104721622,0.0,0.0,0.0,0.1062705225230422,0.0,0.0,0.0,0.0,0.15493926185758036,0.0,0.0,0.0,0.1613956845246607,-0.24153226197874017,0.0,-0.23166947518476136,0.0,0.0,0.0,0.0,0.19576493111491897,0.0,0.0,0.0,0.0,0.0,0.0,0.0,0.0,-0.5392133277944648,0.0,0.17347102231134956,0.18694453845552206,0.0,0.0,0.0,-0.5931595121141988,0.0,0.0,0.0,0.0,0.0,0.0,0.0,0.0,0.0,0.0,0.0,0.0,0.0,0.0,0.0,0.0,0.0,0.0,0.0,0.0,0.0,0.0,0.0,0.0,0.0,0.0,0.0,0.0,0.0,0.0,0.0,0.0,0.0,0.5162494479936249,0.0,0.0,0.18693186616775073,0.0,1.7632249200060328,5.831212297548243
41,2065637364,True,,100.0,kmeans_glm,7944.762410541385,-3880.1405580202786,7864.497989592093,"[0, 5, 16, 11, 26, 12, 13, 28, 18, 9, 3, 10, 17, 24, 1, 14, 38, 6, 2, 49, 22, 46, 52, 45, 21, 42, 51, 4, 41, 7, 15, 32, 25, 31, 33, 47, 54, 43, 30, 27, 19, 48, 39, 23, 36, 44, 40, 8, 34, 29, 50]","[""Intercept"", ""xage"", ""child"", ""disea"", ""xghindx"", ""physlm"", ""ghindx"", ""lnum"", ""lfam"", ""num"", ""black"", ""mhi"", ""fchild"", ""hlthf"", ""coins"", ""mdeoff"", ""plan_11"", ""female"", ""tookphys"", ""site_5"", ""fmde"", ""site_2"", ""year_3"", ""plan_19"", ""logc"", ""plan_16"", ""year_2"", ""income"", ""plan_15"", ""educdec"", ""pioff"", ""plan_5"", ""hlthp"", ""plan_4"", ""plan_6"", ""site_3"", ""year_5"", ""plan_17"", ""plan_3"", ""linc"", ""lpi"", ""site_4"", ""plan_13"", ""hlthg"", ""plan_9"", ""plan_18"", ""plan_14"", ""time"", ""plan_7"", ""plan_2"", ""site_6""]","[[5, 16, 11, 3, 2, 21, 47, 50], []]","[8, 0]",1338.1198272705078,0.8346103340637906,0.1653896659362094,-2.014326190389677,0.0,0.14562082830434106,-0.09822816937282178,0.0,0.18167975145252863,0.0,0.0,0.0,0.0,0.0,0.10513151364671319,0.0,0.0,0.0,0.0,-0.2888994869416079,0.0,0.0,0.0,0.0,-0.2575809428658021,0.0,0.0,0.0,0.0,0.0,0.0,0.0,0.0,0.0,0.0,0.0,0.0,0.0,0.0,0.0,0.0,0.0,0.0,0.0,0.0,0.0,0.0,0.0,0.0,0.0,0.13561450155681476,0.0,0.0,-0.2714523457621293,0.0,0.0,0.0,0.0,0.8928149137023688,0.0,0.0,0.0,0.0,0.0,0.0,0.0,0.0,0.0,0.0,0.0,0.0,0.0,0.0,0.0,0.0,0.0,0.0,0.0,0.0,0.0,0.0,0.0,0.0,0.0,0.0,0.0,0.0,0.0,0.0,0.0,0.0,0.0,0.0,0.0,0.0,0.0,0.0,0.0,0.0,0.0,0.0,0.0,0.0,0.0,0.0,0.0,0.0,0.0,0.0,0.0,0.0,0.0,0.0,2.3492719715026213,10.477938709292125
42,1371414904,True,,50.0,kmeans_glm,7919.203062559112,-3842.782021489853,7867.943571694895,"[0, 5, 16, 3, 28, 18, 9, 11, 38, 22, 26, 17, 10, 21, 13, 12, 46, 48, 49, 1, 4, 23, 14, 41, 27, 45, 52, 19, 51, 2, 6, 15, 42, 25, 54, 32, 47, 33, 7, 36, 8, 43, 40, 20, 29, 39, 37, 53, 30, 24, 50]","[""Intercept"", ""xage"", ""child"", ""black"", ""lnum"", ""lfam"", ""num"", ""disea"", ""plan_11"", ""fmde"", ""xghindx"", ""fchild"", ""mhi"", ""logc"", ""ghindx"", ""physlm"", ""site_2"", ""site_4"", ""site_5"", ""coins"", ""income"", ""hlthg"", ""mdeoff"", ""plan_15"", ""linc"", ""plan_19"", ""year_3"", ""lpi"", ""year_2"", ""tookphys"", ""female"", ""pioff"", ""plan_16"", ""hlthp"", ""year_5"", ""plan_5"", ""site_3"", ""plan_6"", ""educdec"", ""plan_9"", ""time"", ""plan_17"", ""plan_14"", ""idp"", ""plan_2"", ""plan_13"", ""plan_10"", ""year_4"", ""plan_3"", ""hlthf"", ""site_6""]","[[5, 16, 3, 11, 22, 21, 48, 49, 1, 4, 41, 2, 6, 47, 43, 29, 50], []]","[17, 0]",1282.1426544189453,0.8441167529513363,0.15588324704866377,-2.000032637678736,-0.17797617333871257,0.12065084436397007,-0.054653890777949916,0.06659337152406417,0.1985630029765273,0.11364678239687226,0.0,0.0,0.0,0.0,0.08581353691687252,0.0,0.0,0.0,0.0,-0.15827301784455436,0.0,0.0,0.0,0.0,0.045521556119950665,-0.22258263572798598,0.0,0.0,0.0,0.0,0.0,0.0,0.09649635439110016,0.0,0.0,0.0,0.0,0.0,0.0,0.0,0.0,0.0,0.0,0.0,-0.1349650460865939,0.0,0.10989713869949423,0.0,0.0,0.0,0.030888300923015907,-0.30728758105039244,-0.11774665297624284,-0.40136731776303797,0.0,0.0,0.0,0.0,0.8927869972008787,0.0,0.0,0.0,0.0,0.0,0.0,0.0,0.0,0.0,0.0,0.0,0.0,0.0,0.0,0.0,0.0,0.0,0.0,0.0,0.0,0.0,0.0,0.0,0.0,0.0,0.0,0.0,0.0,0.0,0.0,0.0,0.0,0.0,0.0,0.0,0.0,0.0,0.0,0.0,0.0,0.0,0.0,0.0,0.0,0.0,0.0,0.0,0.0,0.0,0.0,0.0,0.0,0.0,0.0,2.409607910509714,11.129596491638358
43,1362870134,True,,100.0,kmeans_glm,7299.012795001459,-3573.536064286504,7225.234783736661,"[0, 5, 16, 28, 18, 14, 11, 12, 9, 26, 38, 1, 22, 13, 21, 3, 17, 15, 10, 19, 48, 42, 41, 52, 49, 6, 47, 23, 25, 33, 45, 24, 46, 37, 53, 32, 43, 51, 54, 30, 31, 50, 40, 34, 44, 2, 29, 8, 35, 7, 20]","[""Intercept"", ""xage"", ""child"", ""lnum"", ""lfam"", ""mdeoff"", ""disea"", ""physlm"", ""num"", ""xghindx"", ""plan_11"", ""coins"", ""fmde"", ""ghindx"", ""logc"", ""black"", ""fchild"", ""pioff"", ""mhi"", ""lpi"", ""site_4"", ""plan_16"", ""plan_15"", ""year_3"", ""site_5"", ""female"", ""site_3"", ""hlthg"", ""hlthp"", ""plan_6"", ""plan_19"", ""hlthf"", ""site_2"", ""plan_10"", ""year_4"", ""plan_5"", ""plan_17"", ""year_2"", ""year_5"", ""plan_3"", ""plan_4"", ""site_6"", ""plan_14"", ""plan_7"", ""plan_18"", ""tookphys"", ""plan_2"", ""time"", ""plan_8"", ""educdec"", ""idp""]","[[5, 14, 21, 48, 50], []]","[5, 0]",995.3434917926788,0.8596625747550037,0.14033742524499623,-2.0291626883165175,0.0,0.0,0.0,0.0,0.36465076372029853,0.0,0.0,0.0,0.0,0.0,0.0,0.0,0.0,-0.1769836930211947,0.0,0.0,0.0,0.0,0.0,0.0,-0.15397696515546558,0.0,0.0,0.0,0.0,0.0,0.0,0.0,0.0,0.0,0.0,0.0,0.0,0.0,0.0,0.0,0.0,0.0,0.0,0.0,0.0,0.0,0.0,0.0,0.0,0.0,0.0,-0.2976901571135967,0.0,-0.3840552826726122,0.0,0.0,0.0,0.0,0.7192590021540108,0.0,0.0,0.0,0.0,0.0,0.0,0.0,0.0,0.0,0.0,0.0,0.0,0.0,0.0,0.0,0.0,0.0,0.0,0.0,0.0,0.0,0.0,0.0,0.0,0.0,0.0,0.0,0.0,0.0,0.0,0.0,0.0,0.0,0.0,0.0,0.0,0.0,0.0,0.0,0.0,0.0,0.0,0.0,0.0,0.0,0.0,0.0,0.0,0.0,0.0,0.0,0.0,0.0,0.0,2.442899761325085,11.50635810547572
44,39018826,True,,50.0,quantile_glm,7477.569095702761,-3634.118060380639,7433.2461705512105,"[0, 5, 16, 26, 13, 11, 12, 28, 18, 9, 3, 10, 17, 38, 22, 1, 47, 21, 14, 49, 41, 24, 52, 23, 15, 6, 19, 34, 48, 45, 36, 42, 33, 50, 30, 53, 54, 4, 27, 2, 32, 51, 25, 40, 7, 29, 35, 8, 44, 46, 39]","[""Intercept"", ""xage"", ""child"", ""xghindx"", ""ghindx"", ""disea"", ""physlm"", ""lnum"", ""lfam"", ""num"", ""black"", ""mhi"", ""fchild"", ""plan_11"", ""fmde"", ""coins"", ""site_3"", ""logc"", ""mdeoff"", ""site_5"", ""plan_15"", ""hlthf"", ""year_3"", ""hlthg"", ""pioff"", ""female"", ""lpi"", ""plan_7"", ""site_4"", ""plan_19"", ""plan_9"", ""plan_16"", ""plan_6"", ""site_6"", ""plan_3"", ""year_4"", ""year_5"", ""income"", ""linc"", ""tookphys"", ""plan_5"", ""year_2"", ""hlthp"", ""plan_14"", ""educdec"", ""plan_2"", ""plan_8"", ""time"", ""plan_18"", ""site_2"", ""plan_13""]","[[5, 16, 11, 3, 10, 22, 47, 21, 41, 6, 34, 48, 50, 30, 29], []]","[15, 0]",1139.2338111400604,0.8563214831555283,0.1436785168444717,-2.0733309656831795,0.0,0.0,-0.12163318817630986,0.0,0.253161518989796,0.1453753377982679,0.0,0.0,0.0,-0.04528519363141891,0.03108418261866433,0.0,0.0,0.0,0.0,-0.16334358827069478,0.0,0.0,0.0,0.0,-0.15658009556123523,-0.19213086136610275,0.0,0.0,0.0,0.0,0.0,0.0,0.03353835822043882,-0.12675758306671883,0.0,0.0,0.0,0.17534029387985367,0.0,0.0,0.0,0.0,0.0,0.0,-0.10775405509572482,0.0,0.0,0.0,0.0,0.0,0.1309540124027714,-0.15826947729957813,0.0,-0.3082736196649058,0.0,0.0,0.0,0.0,0.7545705990443121,0.0,0.0,0.0,0.0,0.0,0.0,0.0,0.0,0.0,0.0,0.0,0.0,0.0,0.0,0.0,0.0,0.0,0.0,0.0,0.0,0.0,0.0,0.0,0.0,0.0,0.0,0.0,0.0,0.0,0.0,0.0,0.0,0.0,0.0,0.0,0.0,0.0,0.0,0.0,0.0,0.0,0.0,0.0,0.0,0.0,0.0,0.0,0.0,0.0,0.0,0.0,0.0,0.0,0.0,2.365252011887581,10.646721579853699
45,1941012692,True,,50.0,quantile_glm,7839.536055401488,-3820.681215827333,7789.003002519343,"[0, 5, 16, 12, 11, 3, 28, 18, 9, 26, 17, 13, 22, 10, 38, 14, 21, 49, 48, 42, 1, 47, 52, 15, 24, 6, 37, 41, 33, 7, 25, 53, 19, 45, 4, 46, 40, 54, 29, 2, 36, 27, 51, 30, 8, 35, 23, 34, 39, 20, 31]","[""Intercept"", ""xage"", ""child"", ""physlm"", ""disea"", ""black"", ""lnum"", ""lfam"", ""num"", ""xghindx"", ""fchild"", ""ghindx"", ""fmde"", ""mhi"", ""plan_11"", ""mdeoff"", ""logc"", ""site_5"", ""site_4"", ""plan_16"", ""coins"", ""site_3"", ""year_3"", ""pioff"", ""hlthf"", ""female"", ""plan_10"", ""plan_15"", ""plan_6"", ""educdec"", ""hlthp"", ""year_4"", ""lpi"", ""plan_19"", ""income"", ""site_2"", ""plan_14"", ""year_5"", ""plan_2"", ""tookphys"", ""plan_9"", ""linc"", ""year_2"", ""plan_3"", ""time"", ""plan_8"", ""hlthg"", ""plan_7"", ""plan_13"", ""idp"", ""plan_4""]","[[5, 16, 11, 3, 21, 48, 47, 6, 37, 7, 29, 34], [12]]","[12, 1]",1247.5627937316895,0.8404181088818029,0.15958189111819696,-2.0401617843151905,0.0,0.0,-0.16311523776305004,0.0,0.26575606835459187,0.08971889030906668,0.07446556756953263,0.0,0.0,0.0,0.09265053772643449,0.0,0.0,0.0,0.0,-0.10050293920236046,0.0,0.0,0.0,0.0,-0.29525663879546454,0.0,0.0,0.0,0.0,0.0,0.0,0.0,0.07266552466973163,0.0,0.0,0.0,0.0,0.08654395141274229,0.0,0.0,-0.08982773534628063,0.0,0.0,0.0,0.0,0.0,0.0,0.0,0.0,0.0,0.1912115968203805,-0.21912352900309326,0.0,0.0,0.0,0.0,0.0,0.0,0.740244281554109,0.0,0.0,0.0,0.0,0.0,0.0,0.0,0.0,0.0,0.0,0.0,0.42306915425696123,0.0,0.0,0.0,0.0,0.0,0.0,0.0,0.0,0.0,0.0,0.0,0.0,0.0,0.0,0.0,0.0,0.0,0.0,0.0,0.0,0.0,0.0,0.0,0.0,0.0,0.0,0.0,0.0,0.0,0.0,0.0,0.0,0.0,0.0,0.0,0.0,0.0,0.0,0.0,0.0,0.0,0.0,2.236968178324026,9.364895509920906
46,1258024575,True,,100.0,quantile_glm,8091.057500518271,-3964.3248719051835,8015.497138436647,"[0, 5, 16, 12, 26, 38, 11, 21, 22, 13, 17, 28, 18, 9, 25, 14, 1, 3, 10, 19, 42, 48, 15, 49, 24, 47, 4, 41, 52, 2, 51, 45, 7, 32, 46, 20, 6, 27, 43, 31, 54, 39, 37, 30, 8, 36, 33, 35, 29, 40, 44]","[""Intercept"", ""xage"", ""child"", ""physlm"", ""xghindx"", ""plan_11"", ""disea"", ""logc"", ""fmde"", ""ghindx"", ""fchild"", ""lnum"", ""lfam"", ""num"", ""hlthp"", ""mdeoff"", ""coins"", ""black"", ""mhi"", ""lpi"", ""plan_16"", ""site_4"", ""pioff"", ""site_5"", ""hlthf"", ""site_3"", ""income"", ""plan_15"", ""year_3"", ""tookphys"", ""year_2"", ""plan_19"", ""educdec"", ""plan_5"", ""site_2"", ""idp"", ""female"", ""linc"", ""plan_17"", ""plan_4"", ""year_5"", ""plan_13"", ""plan_10"", ""plan_3"", ""time"", ""plan_9"", ""plan_6"", ""plan_8"", ""plan_2"", ""plan_14"", ""plan_18""]","[[5, 11, 21, 25, 3, 47], []]","[6, 0]",1692.2654783725739,0.8440364591243578,0.15596354087564213,-1.9622641840197808,0.0,0.0,-0.22109317179451912,0.0,0.35140860687053116,0.0,0.0,0.0,0.0,0.0,0.08294118623049088,0.0,0.0,0.0,0.0,0.0,0.0,0.0,0.0,0.0,-0.31114576412069844,0.0,0.0,0.0,0.11236007854211785,0.0,0.0,0.0,0.0,0.0,0.0,0.0,0.0,0.0,0.0,0.0,0.0,0.0,0.0,0.0,0.0,0.0,0.0,0.0,0.0,0.0,0.20288155180018735,0.0,0.0,0.0,0.0,0.0,0.0,0.0,0.9929902445688227,0.0,0.0,0.0,0.0,0.0,0.0,0.0,0.0,0.0,0.0,0.0,0.0,0.0,0.0,0.0,0.0,0.0,0.0,0.0,0.0,0.0,0.0,0.0,0.0,0.0,0.0,0.0,0.0,0.0,0.0,0.0,0.0,0.0,0.0,0.0,0.0,0.0,0.0,0.0,0.0,0.0,0.0,0.0,0.0,0.0,0.0,0.0,0.0,0.0,0.0,0.0,0.0,0.0,0.0,2.306603638419169,10.040266306053839
47,2027376518,True,,50.0,quantile_glm,8069.353497082264,-3882.382124254068,7964.513256148581,"[0, 5, 16, 12, 3, 11, 17, 14, 28, 18, 38, 1, 26, 13, 9, 22, 49, 21, 10, 15, 48, 23, 6, 47, 42, 41, 45, 2, 52, 46, 19, 51, 33, 36, 54, 32, 31, 50, 30, 24, 39, 53, 25, 27, 40, 8, 35, 34, 4, 44, 37]","[""Intercept"", ""xage"", ""child"", ""physlm"", ""black"", ""disea"", ""fchild"", ""mdeoff"", ""lnum"", ""lfam"", ""plan_11"", ""coins"", ""xghindx"", ""ghindx"", ""num"", ""fmde"", ""site_5"", ""logc"", ""mhi"", ""pioff"", ""site_4"", ""hlthg"", ""female"", ""site_3"", ""plan_16"", ""plan_15"", ""plan_19"", ""tookphys"", ""year_3"", ""site_2"", ""lpi"", ""year_2"", ""plan_6"", ""plan_9"", ""year_5"", ""plan_5"", ""plan_4"", ""site_6"", ""plan_3"", ""hlthf"", ""plan_13"", ""year_4"", ""hlthp"", ""linc"", ""plan_14"", ""time"", ""plan_8"", ""plan_7"", ""income"", ""plan_18"", ""plan_10""]","[[5, 16, 3, 11, 14, 38, 1, 49, 21, 48, 6, 47, 2, 50, 35, 34], [16, 12, 50]]","[16, 3]",1189.7806286811829,0.8307062094676146,0.16929379053238527,-2.052763688902536,-0.13565410103095385,0.1204736599979917,-0.12197873986052499,0.0,0.2092803112611301,0.11210064297602625,0.0,0.0,0.0,0.0,0.06436933484551222,0.0,0.0,-0.07369238599226147,0.0,-0.2008659977523315,0.0,0.0,0.0,0.0,-0.045653999699560265,0.0,0.0,0.0,0.0,0.0,0.0,0.0,0.0,0.0,0.0,0.0,0.0,0.10302231290805962,0.056927371752335684,0.0,0.0,0.1462200345125809,0.0,0.0,0.0,0.0,0.0,0.0,0.0,0.0,0.055202890785561363,-0.3046608014337657,-0.173064697195204,-0.36666919592349906,0.0,0.0,0.0,0.0,0.4742452951798242,0.0,0.0,0.0,0.0,0.0,0.0,0.0,0.0,0.0,0.0,0.0,0.2704891409034109,0.0,0.0,0.0,-0.6296144951202917,0.0,0.0,0.0,0.0,0.0,0.0,0.0,0.0,0.0,0.0,0.0,0.0,0.0,0.0,0.0,0.0,0.0,0.0,0.0,0.0,0.0,0.0,0.0,0.0,0.0,0.0,0.0,0.0,0.0,0.0,0.0,0.0,0.0,0.4481121763466076,0.0,0.0,0.0,0.0,2.0813976296834693,8.015664019134448
48,424996207,True,,100.0,kmeans_glm,8294.788601366296,-4058.367012284956,8220.95089812145,"[0, 5, 16, 26, 11, 12, 13, 28, 18, 38, 9, 22, 3, 14, 21, 10, 17, 49, 1, 6, 15, 46, 48, 25, 42, 52, 32, 19, 24, 47, 2, 4, 33, 54, 53, 43, 29, 23, 51, 20, 31, 41, 27, 30, 45, 34, 39, 8, 7, 35, 36]","[""Intercept"", ""xage"", ""child"", ""xghindx"", ""disea"", ""physlm"", ""ghindx"", ""lnum"", ""lfam"", ""plan_11"", ""num"", ""fmde"", ""black"", ""mdeoff"", ""logc"", ""mhi"", ""fchild"", ""site_5"", ""coins"", ""female"", ""pioff"", ""site_2"", ""site_4"", ""hlthp"", ""plan_16"", ""year_3"", ""plan_5"", ""lpi"", ""hlthf"", ""site_3"", ""tookphys"", ""income"", ""plan_6"", ""year_5"", ""year_4"", ""plan_17"", ""plan_2"", ""hlthg"", ""year_2"", ""idp"", ""plan_4"", ""plan_15"", ""linc"", ""plan_3"", ""plan_19"", ""plan_7"", ""plan_13"", ""time"", ""educdec"", ""plan_8"", ""plan_9""]","[[5, 16, 11, 3, 21, 10, 47, 29], []]","[8, 0]",2238.5202012062073,0.8215844425676997,0.1784155574323003,-1.9419027783292382,0.0,0.0,-0.1964086419974201,0.0,0.2085069503008431,0.0,0.0,0.0,0.0,-0.10402029447595026,0.11910389515410913,0.0,0.0,0.0,0.0,-0.18599464792054035,0.0,0.0,0.0,0.0,-0.27827745573042484,0.0,0.0,0.0,0.0,0.0,0.0,0.0,0.1039401168941186,0.0,0.0,0.0,0.0,0.0,0.0,0.0,0.0,0.0,0.0,0.0,0.0,0.0,0.0,0.0,0.0,0.0,0.21543007353904037,0.0,0.0,0.0,0.0,0.0,0.0,0.0,0.9069346291338625,0.0,0.0,0.0,0.0,0.0,0.0,0.0,0.0,0.0,0.0,0.0,0.0,0.0,0.0,0.0,0.0,0.0,0.0,0.0,0.0,0.0,0.0,0.0,0.0,0.0,0.0,0.0,0.0,0.0,0.0,0.0,0.0,0.0,0.0,0.0,0.0,0.0,0.0,0.0,0.0,0.0,0.0,0.0,0.0,0.0,0.0,0.0,0.0,0.0,0.0,0.0,0.0,0.0,0.0,2.2920869723385633,9.895567922842842
49,1786257929,True,,100.0,kmeans_glm,8031.114211288265,-3930.732943875477,7956.998021839862,"[0, 5, 16, 12, 28, 18, 26, 14, 13, 38, 9, 1, 11, 22, 17, 3, 21, 10, 15, 19, 42, 25, 49, 41, 48, 46, 24, 47, 52, 45, 6, 37, 54, 43, 32, 30, 29, 40, 7, 33, 39, 8, 35, 31, 27, 23, 36, 2, 4, 50, 44]","[""Intercept"", ""xage"", ""child"", ""physlm"", ""lnum"", ""lfam"", ""xghindx"", ""mdeoff"", ""ghindx"", ""plan_11"", ""num"", ""coins"", ""disea"", ""fmde"", ""fchild"", ""black"", ""logc"", ""mhi"", ""pioff"", ""lpi"", ""plan_16"", ""hlthp"", ""site_5"", ""plan_15"", ""site_4"", ""site_2"", ""hlthf"", ""site_3"", ""year_3"", ""plan_19"", ""female"", ""plan_10"", ""year_5"", ""plan_17"", ""plan_5"", ""plan_3"", ""plan_2"", ""plan_14"", ""educdec"", ""plan_6"", ""plan_13"", ""time"", ""plan_8"", ""plan_4"", ""linc"", ""hlthg"", ""plan_9"", ""tookphys"", ""income"", ""site_6"", ""plan_18""]","[[5, 16, 11, 22, 21, 47, 50], []]","[7, 0]",1984.9389777183533,0.8321426388241173,0.16785736117588265,-1.9853934600134122,0.0,0.0,0.0,0.0,0.17706416725516258,0.0,0.0,0.0,0.0,0.0,0.15562991052709382,0.0,0.0,0.0,0.0,-0.20033047153419062,0.0,0.0,0.0,0.0,-0.20217959582037745,-0.13849577147195305,0.0,0.0,0.0,0.0,0.0,0.0,0.0,0.0,0.0,0.0,0.0,0.0,0.0,0.0,0.0,0.0,0.0,0.0,0.0,0.0,0.0,0.0,0.0,0.0,0.24443431928624673,0.0,0.0,-0.20401698589093445,0.0,0.0,0.0,0.0,0.9659400660498465,0.0,0.0,0.0,0.0,0.0,0.0,0.0,0.0,0.0,0.0,0.0,0.0,0.0,0.0,0.0,0.0,0.0,0.0,0.0,0.0,0.0,0.0,0.0,0.0,0.0,0.0,0.0,0.0,0.0,0.0,0.0,0.0,0.0,0.0,0.0,0.0,0.0,0.0,0.0,0.0,0.0,0.0,0.0,0.0,0.0,0.0,0.0,0.0,0.0,0.0,0.0,0.0,0.0,0.0,2.3888767938670186,10.901242721324582
50,1327083325,True,,50.0,quantile_glm,7812.880631012858,-3780.365355811755,7751.794979801327,"[0, 5, 11, 16, 38, 12, 22, 21, 3, 14, 26, 9, 1, 28, 18, 13, 17, 49, 42, 19, 15, 10, 24, 47, 52, 4, 41, 6, 25, 45, 44, 33, 27, 46, 48, 40, 51, 32, 54, 2, 29, 20, 23, 34, 39, 30, 37, 7, 53, 36, 8]","[""Intercept"", ""xage"", ""disea"", ""child"", ""plan_11"", ""physlm"", ""fmde"", ""logc"", ""black"", ""mdeoff"", ""xghindx"", ""num"", ""coins"", ""lnum"", ""lfam"", ""ghindx"", ""fchild"", ""site_5"", ""plan_16"", ""lpi"", ""pioff"", ""mhi"", ""hlthf"", ""site_3"", ""year_3"", ""income"", ""plan_15"", ""female"", ""hlthp"", ""plan_19"", ""plan_18"", ""plan_6"", ""linc"", ""site_2"", ""site_4"", ""plan_14"", ""year_2"", ""plan_5"", ""year_5"", ""tookphys"", ""plan_2"", ""idp"", ""hlthg"", ""plan_7"", ""plan_13"", ""plan_3"", ""plan_10"", ""educdec"", ""year_4"", ""plan_9"", ""time""]","[[5, 11, 16, 38, 22, 21, 3, 42, 47, 52, 4, 6, 48, 29, 23, 34], [11, 12]]","[16, 2]",2328.1910388469696,0.8247753316602796,0.17522466833972047,-2.6317615910561893,0.0,0.0,-0.1694585903969768,0.1263077410983202,0.2102994367654901,0.17467262723367033,0.0,0.0,0.0,0.0,0.08353059130064776,0.0,0.0,0.0,0.0,-0.13679790310436665,0.0,0.0,0.0,0.0,-0.04427354070955004,-0.17903657079163435,-0.1259492680376293,0.0,0.0,0.0,0.0,0.0,0.08914872829101521,0.0,0.0,0.0,0.0,0.16727570587590052,0.0,0.0,0.0,0.16472195110187252,0.0,0.0,0.0,-1.5777904300030476,0.0,0.0,0.0,0.0,0.1781217353440578,-0.15569169526620455,0.0,0.0,0.0,-1.7472157089388607,0.0,0.0,0.4889712533503172,0.0,0.0,0.0,0.0,0.0,0.0,0.0,0.0,0.0,0.0,0.44518972085722636,0.2602883568889814,0.0,0.0,0.0,0.0,0.0,0.0,0.0,0.0,0.0,0.0,0.0,0.0,0.0,0.0,0.0,0.0,0.0,0.0,0.0,0.0,0.0,0.0,0.0,0.0,0.0,0.0,0.0,0.0,0.0,0.0,0.0,0.0,0.0,0.0,0.0,0.0,0.0,0.0,0.0,0.0,0.0,0.0,2.0832419579335255,8.030461175940621
51,959324288,True,,50.0,quantile_glm,7984.986118534715,-3878.01301592648,7912.3513421802645,"[0, 5, 16, 12, 28, 18, 9, 38, 11, 22, 21, 14, 17, 3, 1, 26, 10, 42, 49, 13, 2, 25, 6, 19, 52, 47, 15, 48, 41, 4, 7, 51, 27, 45, 29, 33, 32, 54, 24, 43, 30, 31, 40, 36, 20, 53, 39, 37, 23, 44, 46]","[""Intercept"", ""xage"", ""child"", ""physlm"", ""lnum"", ""lfam"", ""num"", ""plan_11"", ""disea"", ""fmde"", ""logc"", ""mdeoff"", ""fchild"", ""black"", ""coins"", ""xghindx"", ""mhi"", ""plan_16"", ""site_5"", ""ghindx"", ""tookphys"", ""hlthp"", ""female"", ""lpi"", ""year_3"", ""site_3"", ""pioff"", ""site_4"", ""plan_15"", ""income"", ""educdec"", ""year_2"", ""linc"", ""plan_19"", ""plan_2"", ""plan_6"", ""plan_5"", ""year_5"", ""hlthf"", ""plan_17"", ""plan_3"", ""plan_4"", ""plan_14"", ""plan_9"", ""idp"", ""year_4"", ""plan_13"", ""plan_10"", ""hlthg"", ""plan_18"", ""site_2""]","[[5, 16, 21, 3, 1, 10, 2, 6, 47, 29, 43], [16, 12, 25]]","[11, 3]",1889.1574249267578,0.8261011743089204,0.1738988256910796,-2.13865417506344,-0.2010217194874362,0.08048296228232855,-0.11403218511383348,0.0,0.2827605821503066,0.16749679933790498,0.0,0.0,0.0,-0.05357245485727132,0.0,0.0,0.0,0.0,0.0,-0.1835753551561128,0.0,0.0,0.0,0.0,-0.32066228854466994,0.0,0.0,0.0,0.0,0.0,0.0,0.0,0.15891294389518512,0.0,0.0,0.0,0.0,0.0,0.0,0.0,0.0,0.0,0.0,0.0,0.0,0.0,0.1174361263026881,0.0,0.0,0.0,0.22482141484876905,0.0,0.0,0.0,0.0,0.0,0.0,0.0,0.6677933100056874,0.0,0.0,0.0,0.0,0.0,0.0,0.0,0.0,0.0,0.0,0.0,0.2541611260998171,0.0,0.0,0.0,-0.5734078274417941,0.0,0.0,0.0,0.0,0.0,0.0,0.0,0.0,0.1868783669932655,0.0,0.0,0.0,0.0,0.0,0.0,0.0,0.0,0.0,0.0,0.0,0.0,0.0,0.0,0.0,0.0,0.0,0.0,0.0,0.0,0.0,0.0,0.0,0.0,0.0,0.0,0.0,0.0,0.0,2.032367805418014,7.632136394766891
52,1852438493,True,,50.0,quantile_glm,7918.066512650849,-3855.943683797499,7868.212677922303,"[0, 5, 16, 38, 22, 21, 14, 12, 3, 1, 11, 28, 18, 9, 15, 17, 10, 49, 42, 47, 19, 26, 13, 45, 48, 41, 52, 2, 24, 32, 4, 51, 27, 6, 33, 46, 54, 7, 40, 29, 30, 37, 31, 36, 50, 25, 53, 44, 8, 35, 39]","[""Intercept"", ""xage"", ""child"", ""plan_11"", ""fmde"", ""logc"", ""mdeoff"", ""physlm"", ""black"", ""coins"", ""disea"", ""lnum"", ""lfam"", ""num"", ""pioff"", ""fchild"", ""mhi"", ""site_5"", ""plan_16"", ""site_3"", ""lpi"", ""xghindx"", ""ghindx"", ""plan_19"", ""site_4"", ""plan_15"", ""year_3"", ""tookphys"", ""hlthf"", ""plan_5"", ""income"", ""year_2"", ""linc"", ""female"", ""plan_6"", ""site_2"", ""year_5"", ""educdec"", ""plan_14"", ""plan_2"", ""plan_3"", ""plan_10"", ""plan_4"", ""plan_9"", ""site_6"", ""hlthp"", ""year_4"", ""plan_18"", ""time"", ""plan_8"", ""plan_13""]","[[5, 21, 3, 1, 11, 49, 47, 45, 48, 24, 6, 29, 50, 25], []]","[14, 0]",1066.7689867019653,0.8441929608957341,0.1558070391042658,-2.0035447178387304,-0.2934559750905159,0.0,-0.07206843012895209,0.0,0.35601220731286665,0.1339902106801995,0.0,0.0,0.0,0.0,0.024290660130338957,0.0,0.0,0.0,0.0,0.0,0.0,0.0,0.0,0.0,-0.2537588735185834,0.0,0.0,0.11289823023583573,0.055807037418706004,0.0,0.0,0.0,0.1506102645145767,0.0,0.0,0.0,0.0,0.0,0.0,0.0,0.0,0.0,0.0,0.0,0.0,0.0,0.0,0.0,-0.11323912731090162,0.0,0.11149936735150544,-0.23232152879333706,-0.11683917485476254,-0.33951463360421,0.0,0.0,0.0,0.0,0.8808702405977884,0.0,0.0,0.0,0.0,0.0,0.0,0.0,0.0,0.0,0.0,0.0,0.0,0.0,0.0,0.0,0.0,0.0,0.0,0.0,0.0,0.0,0.0,0.0,0.0,0.0,0.0,0.0,0.0,0.0,0.0,0.0,0.0,0.0,0.0,0.0,0.0,0.0,0.0,0.0,0.0,0.0,0.0,0.0,0.0,0.0,0.0,0.0,0.0,0.0,0.0,0.0,0.0,0.0,0.0,2.42898333336311,11.347339751902487
53,2004463112,True,,100.0,kmeans_glm,8149.699310231831,-3990.9019847084064,8077.336103505721,"[0, 5, 16, 12, 11, 26, 17, 22, 38, 13, 14, 9, 28, 18, 21, 1, 3, 10, 24, 15, 48, 42, 19, 49, 47, 52, 41, 51, 23, 32, 45, 46, 6, 54, 33, 30, 4, 2, 29, 43, 27, 37, 8, 35, 36, 44, 40, 39, 50, 20, 34]","[""Intercept"", ""xage"", ""child"", ""physlm"", ""disea"", ""xghindx"", ""fchild"", ""fmde"", ""plan_11"", ""ghindx"", ""mdeoff"", ""num"", ""lnum"", ""lfam"", ""logc"", ""coins"", ""black"", ""mhi"", ""hlthf"", ""pioff"", ""site_4"", ""plan_16"", ""lpi"", ""site_5"", ""site_3"", ""year_3"", ""plan_15"", ""year_2"", ""hlthg"", ""plan_5"", ""plan_19"", ""site_2"", ""female"", ""year_5"", ""plan_6"", ""plan_3"", ""income"", ""tookphys"", ""plan_2"", ""plan_17"", ""linc"", ""plan_10"", ""time"", ""plan_8"", ""plan_9"", ""plan_18"", ""plan_14"", ""plan_13"", ""site_6"", ""idp"", ""plan_7""]","[[5, 11, 21, 48, 47, 29, 50], []]","[7, 0]",1032.9221050739288,0.8379006220279569,0.16209937797204318,-1.9707172838208136,0.0,0.0,0.0,0.0,0.3673864094423733,0.0,0.0,0.0,0.0,0.0,0.09791579490730738,0.0,0.0,0.0,0.0,0.0,0.0,0.0,0.0,0.0,-0.32798103011815405,0.0,0.0,0.0,0.0,0.0,0.0,0.0,0.07015164635149686,0.0,0.0,0.0,0.0,0.0,0.0,0.0,0.0,0.0,0.0,0.0,0.0,0.0,0.0,0.0,0.0,0.0,0.18192652366240042,-0.15385557010996587,0.0,-0.2578745579344637,0.0,0.0,0.0,0.0,0.9326587709240961,0.0,0.0,0.0,0.0,0.0,0.0,0.0,0.0,0.0,0.0,0.0,0.0,0.0,0.0,0.0,0.0,0.0,0.0,0.0,0.0,0.0,0.0,0.0,0.0,0.0,0.0,0.0,0.0,0.0,0.0,0.0,0.0,0.0,0.0,0.0,0.0,0.0,0.0,0.0,0.0,0.0,0.0,0.0,0.0,0.0,0.0,0.0,0.0,0.0,0.0,0.0,0.0,0.0,0.0,2.338649362809955,10.367224743123952
54,1728177717,True,,50.0,kmeans_glm,7539.828507263492,-3631.598879611383,7462.9467668632105,"[0, 5, 16, 11, 12, 28, 18, 9, 26, 38, 22, 3, 13, 14, 17, 21, 1, 10, 48, 49, 6, 25, 15, 52, 46, 47, 42, 19, 45, 23, 24, 41, 33, 51, 54, 40, 32, 2, 7, 53, 34, 35, 27, 29, 30, 43, 36, 8, 31, 44, 20]","[""Intercept"", ""xage"", ""child"", ""disea"", ""physlm"", ""lnum"", ""lfam"", ""num"", ""xghindx"", ""plan_11"", ""fmde"", ""black"", ""ghindx"", ""mdeoff"", ""fchild"", ""logc"", ""coins"", ""mhi"", ""site_4"", ""site_5"", ""female"", ""hlthp"", ""pioff"", ""year_3"", ""site_2"", ""site_3"", ""plan_16"", ""lpi"", ""plan_19"", ""hlthg"", ""hlthf"", ""plan_15"", ""plan_6"", ""year_2"", ""year_5"", ""plan_14"", ""plan_5"", ""tookphys"", ""educdec"", ""year_4"", ""plan_7"", ""plan_8"", ""linc"", ""plan_2"", ""plan_3"", ""plan_17"", ""plan_9"", ""time"", ""plan_4"", ""plan_18"", ""idp""]","[[5, 16, 11, 12, 22, 3, 21, 1, 10, 48, 6, 52, 47, 42, 7, 34, 29, 43], [5]]","[18, 1]",1211.411183834076,0.8434002171667092,0.15659978283329076,-2.3327830510901237,-0.1457418297272819,0.0,-0.17094406144247573,0.0,0.3285039221317205,0.14998099979491594,0.12060443243512281,0.0,0.0,-0.07842760172992415,0.0388144508820609,0.016256059734492775,0.0,0.0,0.0,-0.1332009817149595,0.0,0.0,0.0,0.0,-0.08918648967194524,-0.1965103122140197,0.0,0.0,0.0,0.0,0.0,0.0,0.12118622046271885,0.0,0.0,0.0,0.0,0.1471111748233942,0.0,0.0,0.0,0.0,0.0,0.0,0.0,-0.15124582939274436,0.11599751216473567,0.0,0.0,0.0,0.21504276904491235,-0.19551537112291456,0.0,0.0,0.0,-1.705638786422924,0.0,0.0,0.626952819054542,0.0,0.0,0.0,0.0,0.5814404847246587,0.0,0.0,0.0,0.0,0.0,0.0,0.0,0.0,0.0,0.0,0.0,0.0,0.0,0.0,0.0,0.0,0.0,0.0,0.0,0.0,0.0,0.0,0.0,0.0,0.0,0.0,0.0,0.0,0.0,0.0,0.0,0.0,0.0,0.0,0.0,0.0,0.0,0.0,0.0,0.0,0.0,0.0,0.0,0.0,0.0,0.0,0.0,0.0,0.0,2.3908083417668826,10.922319342507699
55,1607076268,True,,50.0,quantile_glm,8044.391865843872,-3907.725061385096,7989.144912022753,"[0, 5, 16, 12, 26, 13, 28, 18, 38, 14, 1, 9, 10, 22, 3, 11, 21, 17, 6, 15, 49, 47, 48, 42, 4, 52, 19, 23, 25, 33, 45, 27, 24, 41, 2, 54, 46, 32, 37, 53, 51, 40, 36, 30, 43, 39, 7, 8, 31, 44, 35]","[""Intercept"", ""xage"", ""child"", ""physlm"", ""xghindx"", ""ghindx"", ""lnum"", ""lfam"", ""plan_11"", ""mdeoff"", ""coins"", ""num"", ""mhi"", ""fmde"", ""black"", ""disea"", ""logc"", ""fchild"", ""female"", ""pioff"", ""site_5"", ""site_3"", ""site_4"", ""plan_16"", ""income"", ""year_3"", ""lpi"", ""hlthg"", ""hlthp"", ""plan_6"", ""plan_19"", ""linc"", ""hlthf"", ""plan_15"", ""tookphys"", ""year_5"", ""site_2"", ""plan_5"", ""plan_10"", ""year_4"", ""year_2"", ""plan_14"", ""plan_9"", ""plan_3"", ""plan_17"", ""plan_13"", ""educdec"", ""time"", ""plan_4"", ""plan_18"", ""plan_8""]","[[5, 16, 12, 28, 18, 10, 3, 11, 21, 6, 47, 48, 25, 24, 43], [12]]","[15, 1]",1117.531322002411,0.845193120263298,0.15480687973670199,-1.9974132892736187,0.0,0.0,-0.24198253140110554,0.0,0.13014381828923174,0.1661522933860351,0.0,0.0,0.0,-0.06383647869795621,0.010639323422824339,0.10033364038746714,0.0,0.0,0.0,-0.17921623559760008,0.0,-0.03635471317163969,0.0,0.0,-0.3263277784343194,0.0,0.0,0.08948860734250014,0.07224798732844015,0.0,0.0,-0.03637186822893951,0.0,0.0,0.0,0.0,0.0,0.0,0.0,0.0,0.0,0.0,0.0,0.0,0.0,0.0,0.10357469176027087,0.0,0.0,0.0,0.14089081979469456,-0.14879516524012631,0.0,0.0,0.0,0.0,0.0,0.0,0.7793171024674047,0.0,0.0,0.0,0.0,0.0,0.0,0.0,0.0,0.0,0.0,0.0,0.3412518287517996,0.0,0.0,0.0,0.0,0.0,0.0,0.0,0.0,0.0,0.0,0.0,0.0,0.0,0.0,0.0,0.0,0.0,0.0,0.0,0.0,0.0,0.0,0.0,0.0,0.0,0.0,0.0,0.0,0.0,0.0,0.0,0.0,0.0,0.0,0.0,0.0,0.0,0.0,0.0,0.0,0.0,0.0,2.20777737944937,9.095478113790598
56,903101974,True,,25.0,kmeans_glm,8040.811225965983,-3831.9176721291733,7985.170704375584,"[0, 5, 16, 11, 28, 18, 12, 9, 38, 3, 22, 26, 21, 13, 14, 17, 1, 49, 47, 10, 48, 25, 42, 52, 6, 4, 15, 23, 30, 46, 32, 7, 29, 41, 19, 54, 43, 45, 2, 36, 24, 51, 37, 40, 27, 33, 31, 20, 34, 8, 39]","[""Intercept"", ""xage"", ""child"", ""disea"", ""lnum"", ""lfam"", ""physlm"", ""num"", ""plan_11"", ""black"", ""fmde"", ""xghindx"", ""logc"", ""ghindx"", ""mdeoff"", ""fchild"", ""coins"", ""site_5"", ""site_3"", ""mhi"", ""site_4"", ""hlthp"", ""plan_16"", ""year_3"", ""female"", ""income"", ""pioff"", ""hlthg"", ""plan_3"", ""site_2"", ""plan_5"", ""educdec"", ""plan_2"", ""plan_15"", ""lpi"", ""year_5"", ""plan_17"", ""plan_19"", ""tookphys"", ""plan_9"", ""hlthf"", ""year_2"", ""plan_10"", ""plan_14"", ""linc"", ""plan_6"", ""plan_4"", ""idp"", ""plan_7"", ""time"", ""plan_13""]","[[5, 16, 11, 12, 3, 22, 21, 13, 1, 47, 48, 25, 52, 6, 15, 30, 7, 29, 19, 54, 43, 40, 34, 8], [5, 16, 11, 12, 9, 38, 3, 49, 23]]","[24, 9]",1409.9126045703888,0.8345359943835049,0.16546400561649519,-2.343784021759171,-0.25194093622786023,0.0,-0.1669194028211068,0.0,0.2816546706428071,0.07958600512549645,0.1203217782835326,0.9941680568623018,0.0,0.0,0.0461776773066101,0.015160356123721856,-0.08259539789026524,0.0,0.21897956034292337,-0.046872229580093974,0.0,0.0,-0.012883359802516278,0.0,0.05663804423819766,-0.4169021916356051,0.0,0.0,0.07242267257947418,0.0,0.0,0.0,0.16310500506492684,-0.109011275566294,0.0,0.0,0.0,0.08357127203395621,0.0,0.0,0.0,0.0,0.0,-0.059920707300105076,0.0,0.0,0.1088246858608257,0.0,0.0,0.0,0.20386509265670538,-0.26447002767278854,0.0,0.0,0.0,-1.438114444998219,0.0,-1.022182153876701,0.19080980473256404,0.0,0.0,-0.4416135261623974,0.0,0.07403968409910384,0.0,0.0,0.0,-0.20783744323065445,0.0,0.1632017700687831,0.23393797516313766,0.0,0.0,0.0,-0.44195683805806407,0.0,0.0,0.0,0.0,0.0,0.0,0.1465515616079702,0.0,0.0,0.0,0.0,0.0,0.0,0.0,0.0,0.0,0.0,0.0,0.0,0.0,0.0,0.41757407587505435,0.0,0.0,0.0,0.0,0.0,0.0,0.0,0.0,0.0,0.0,-0.5383253814606394,0.0,0.0,0.0,0.0,0.0,1.9114209116959677,6.762691161828598
57,1741033254,True,,50.0,kmeans_glm,7554.232745590015,-3660.063217078786,7511.190702335389,"[0, 5, 16, 12, 38, 22, 21, 11, 28, 18, 26, 17, 14, 9, 13, 10, 1, 49, 3, 6, 41, 52, 32, 48, 15, 2, 42, 46, 47, 23, 19, 45, 29, 27, 4, 24, 25, 37, 54, 34, 51, 39, 20, 33, 43, 8, 50, 40, 7, 44, 30]","[""Intercept"", ""xage"", ""child"", ""physlm"", ""plan_11"", ""fmde"", ""logc"", ""disea"", ""lnum"", ""lfam"", ""xghindx"", ""fchild"", ""mdeoff"", ""num"", ""ghindx"", ""mhi"", ""coins"", ""site_5"", ""black"", ""female"", ""plan_15"", ""year_3"", ""plan_5"", ""site_4"", ""pioff"", ""tookphys"", ""plan_16"", ""site_2"", ""site_3"", ""hlthg"", ""lpi"", ""plan_19"", ""plan_2"", ""linc"", ""income"", ""hlthf"", ""hlthp"", ""plan_10"", ""year_5"", ""plan_7"", ""year_2"", ""plan_13"", ""idp"", ""plan_6"", ""plan_17"", ""time"", ""site_6"", ""plan_14"", ""educdec"", ""plan_18"", ""plan_3""]","[[5, 16, 21, 11, 10, 1, 49, 6, 52, 48, 2, 42, 47, 29, 4, 34, 43, 50], []]","[18, 0]",1126.1327781677246,0.8547707877573926,0.14522921224260746,-2.167917574563609,-0.14258820315508056,0.10120056580278279,0.0,0.06556815465905728,0.23216747351176942,0.15527455365274265,0.0,0.0,0.0,-0.09384878094450613,0.10760282952087805,0.0,0.0,0.0,0.0,-0.10610897494330945,0.0,0.0,0.0,0.0,-0.2900221415798308,0.0,0.0,0.0,0.0,0.0,0.0,0.0,0.11984796886208328,0.0,0.0,0.0,0.0,0.09834216220883116,0.0,0.0,0.0,0.0,0.0,0.0,0.0,-0.06646411271595808,0.10801595629318428,0.0,0.0,0.0,0.12185533581875083,-0.17012039061285025,-0.1384649987469489,-0.2957561643545268,0.0,-1.088942279113109,0.0,0.0,0.794923252418859,0.0,0.0,0.0,0.0,0.0,0.0,0.0,0.0,0.0,0.0,0.0,0.0,0.0,0.0,0.0,0.0,0.0,0.0,0.0,0.0,0.0,0.0,0.0,0.0,0.0,0.0,0.0,0.0,0.0,0.0,0.0,0.0,0.0,0.0,0.0,0.0,0.0,0.0,0.0,0.0,0.0,0.0,0.0,0.0,0.0,0.0,0.0,0.0,0.0,0.0,0.0,0.0,0.0,0.0,2.4561351858678835,11.659661922566274
58,1235859700,True,,100.0,kmeans_glm,7925.072994212082,-3877.3131121353977,7858.843097822331,"[0, 5, 16, 11, 12, 28, 18, 17, 9, 3, 47, 38, 22, 21, 26, 48, 14, 13, 10, 1, 49, 6, 4, 42, 52, 41, 32, 15, 19, 25, 45, 24, 27, 23, 33, 53, 54, 34, 51, 30, 29, 2, 8, 37, 44, 31, 7, 46, 35, 50, 40]","[""Intercept"", ""xage"", ""child"", ""disea"", ""physlm"", ""lnum"", ""lfam"", ""fchild"", ""num"", ""black"", ""site_3"", ""plan_11"", ""fmde"", ""logc"", ""xghindx"", ""site_4"", ""mdeoff"", ""ghindx"", ""mhi"", ""coins"", ""site_5"", ""female"", ""income"", ""plan_16"", ""year_3"", ""plan_15"", ""plan_5"", ""pioff"", ""lpi"", ""hlthp"", ""plan_19"", ""hlthf"", ""linc"", ""hlthg"", ""plan_6"", ""year_4"", ""year_5"", ""plan_7"", ""year_2"", ""plan_3"", ""plan_2"", ""tookphys"", ""time"", ""plan_10"", ""plan_18"", ""plan_4"", ""educdec"", ""site_2"", ""plan_8"", ""site_6"", ""plan_14""]","[[5, 16, 11, 47, 22, 21, 48, 50], []]","[8, 0]",936.8301544189453,0.8507428658763262,0.14925713412367378,-1.8998518949823235,0.0,0.0,0.0,0.0,0.2132602510385667,0.0,0.0,0.0,0.0,0.0,0.1198039783160193,0.0,0.0,0.0,0.0,-0.1795048645994732,0.0,0.0,0.0,0.0,-0.09824993875479633,-0.13372704474097688,0.0,0.0,0.0,0.0,0.0,0.0,0.0,0.0,0.0,0.0,0.0,0.0,0.0,0.0,0.0,0.0,0.0,0.0,0.0,0.0,0.0,0.0,0.0,0.0,0.17126238284860262,-0.1686152306070925,0.0,-0.3282954736659414,0.0,0.0,0.0,0.0,0.854788477436743,0.0,0.0,0.0,0.0,0.0,0.0,0.0,0.0,0.0,0.0,0.0,0.0,0.0,0.0,0.0,0.0,0.0,0.0,0.0,0.0,0.0,0.0,0.0,0.0,0.0,0.0,0.0,0.0,0.0,0.0,0.0,0.0,0.0,0.0,0.0,0.0,0.0,0.0,0.0,0.0,0.0,0.0,0.0,0.0,0.0,0.0,0.0,0.0,0.0,0.0,0.0,0.0,0.0,0.0,2.468752935309954,11.807712684766868
59,281016576,True,,100.0,kmeans_glm,7753.484639110882,-3798.700466459909,7684.248327546098,"[0, 5, 16, 11, 12, 38, 22, 14, 21, 28, 18, 26, 9, 1, 13, 3, 17, 15, 10, 42, 49, 24, 6, 33, 19, 48, 52, 47, 46, 25, 41, 32, 51, 45, 54, 40, 29, 23, 36, 37, 31, 2, 53, 7, 34, 8, 39, 20, 30, 4, 50]","[""Intercept"", ""xage"", ""child"", ""disea"", ""physlm"", ""plan_11"", ""fmde"", ""mdeoff"", ""logc"", ""lnum"", ""lfam"", ""xghindx"", ""num"", ""coins"", ""ghindx"", ""black"", ""fchild"", ""pioff"", ""mhi"", ""plan_16"", ""site_5"", ""hlthf"", ""female"", ""plan_6"", ""lpi"", ""site_4"", ""year_3"", ""site_3"", ""site_2"", ""hlthp"", ""plan_15"", ""plan_5"", ""year_2"", ""plan_19"", ""year_5"", ""plan_14"", ""plan_2"", ""hlthg"", ""plan_9"", ""plan_10"", ""plan_4"", ""tookphys"", ""year_4"", ""educdec"", ""plan_7"", ""time"", ""plan_13"", ""idp"", ""plan_3"", ""income"", ""site_6""]","[[5, 16, 11, 21, 47, 50], []]","[6, 0]",1143.2810697555542,0.8419028100320978,0.1580971899679023,-2.0770193048390997,0.0,0.0,0.0,0.0,0.20627326128308143,0.0,0.0,0.0,0.0,0.0,0.1104975384556517,0.0,0.0,0.0,0.0,-0.24373169433571576,0.0,0.0,0.0,0.0,-0.372254070195073,0.0,0.0,0.0,0.0,0.0,0.0,0.0,0.0,0.0,0.0,0.0,0.0,0.0,0.0,0.0,0.0,0.0,0.0,0.0,0.0,0.0,0.0,0.0,0.0,0.0,0.17468497747161854,0.0,0.0,-0.24093035173448427,0.0,0.0,0.0,0.0,0.9451687872977057,0.0,0.0,0.0,0.0,0.0,0.0,0.0,0.0,0.0,0.0,0.0,0.0,0.0,0.0,0.0,0.0,0.0,0.0,0.0,0.0,0.0,0.0,0.0,0.0,0.0,0.0,0.0,0.0,0.0,0.0,0.0,0.0,0.0,0.0,0.0,0.0,0.0,0.0,0.0,0.0,0.0,0.0,0.0,0.0,0.0,0.0,0.0,0.0,0.0,0.0,0.0,0.0,0.0,0.0,2.3384008168947044,10.364648331953061
60,1919005573,True,,25.0,quantile_glm,8100.13722337153,-3875.439965015071,8054.845811222123,"[0, 5, 16, 11, 26, 17, 12, 13, 28, 18, 3, 9, 1, 10, 38, 22, 14, 21, 47, 49, 42, 52, 24, 19, 15, 45, 48, 25, 33, 4, 6, 2, 41, 32, 23, 54, 40, 30, 46, 39, 34, 27, 36, 51, 44, 31, 53, 50, 29, 20, 7]","[""Intercept"", ""xage"", ""child"", ""disea"", ""xghindx"", ""fchild"", ""physlm"", ""ghindx"", ""lnum"", ""lfam"", ""black"", ""num"", ""coins"", ""mhi"", ""plan_11"", ""fmde"", ""mdeoff"", ""logc"", ""site_3"", ""site_5"", ""plan_16"", ""year_3"", ""hlthf"", ""lpi"", ""pioff"", ""plan_19"", ""site_4"", ""hlthp"", ""plan_6"", ""income"", ""female"", ""tookphys"", ""plan_15"", ""plan_5"", ""hlthg"", ""year_5"", ""plan_14"", ""plan_3"", ""site_2"", ""plan_13"", ""plan_7"", ""linc"", ""plan_9"", ""year_2"", ""plan_18"", ""plan_4"", ""year_4"", ""site_6"", ""plan_2"", ""idp"", ""educdec""]","[[5, 16, 11, 3, 22, 21, 47, 42, 52, 48, 25, 4, 6, 2, 54, 30, 34, 53, 50, 29], [5, 16, 11, 26, 17, 12, 3, 1, 38, 53, 50]]","[20, 11]",1700.7085855007172,0.8157596837905752,0.18424031620942485,-2.5037027428149714,0.0,0.06420559552919608,-0.10285265521758026,0.05228901391892913,0.2585720379803648,0.14278798863831607,0.0,0.0,0.0,0.0,0.03176889877259015,0.0,0.0,0.0,0.0,-0.08979840754871762,0.0,0.0,0.0,0.0,0.048653063529182104,-0.3764979925840418,0.0,0.0,0.08213005040337175,0.0,0.0,0.0,0.05459774898115415,-0.10152369475674985,0.0,0.0,0.0,0.1747672224017931,0.0,0.0,0.0,0.0,0.0,0.0,0.0,-0.0905010995642652,0.0,0.0,0.0,0.0,0.140963988850325,-0.22291327759334115,0.0,-0.2894653383038874,0.0,-1.7168564533920223,-0.330307357530131,-1.0787657259601025,0.20131186532791756,-0.35226039757157235,0.0,-0.4451983862449358,0.0,0.16863772807724678,0.0,0.0,0.0,0.0,0.0,0.16468606600008392,0.04203236296737087,0.0,0.0,0.0,-0.42345627241925066,-0.25374808098494045,0.0,0.0,0.0,0.0,0.0,0.0,0.0,0.0,-0.3421033082357991,0.0,0.0,0.0,0.0,0.0,0.0,0.0,0.0,0.0,0.0,0.0,0.151299754227148,0.0,0.0,0.0,0.0,0.0,0.0,0.0,0.0,0.0,0.0,0.0,0.3877129638083788,0.0,0.0,0.13992867900032702,0.0,1.567965211489278,4.796877625146938
61,1363263137,True,,100.0,kmeans_glm,8222.193257242985,-4011.8381178811333,8136.577848776431,"[0, 5, 16, 26, 38, 21, 11, 22, 3, 13, 12, 28, 18, 9, 14, 10, 1, 17, 47, 49, 41, 15, 24, 42, 52, 19, 33, 23, 4, 6, 27, 25, 29, 45, 39, 20, 32, 30, 48, 34, 54, 2, 50, 46, 43, 51, 36, 44, 8, 7, 40]","[""Intercept"", ""xage"", ""child"", ""xghindx"", ""plan_11"", ""logc"", ""disea"", ""fmde"", ""black"", ""ghindx"", ""physlm"", ""lnum"", ""lfam"", ""num"", ""mdeoff"", ""mhi"", ""coins"", ""fchild"", ""site_3"", ""site_5"", ""plan_15"", ""pioff"", ""hlthf"", ""plan_16"", ""year_3"", ""lpi"", ""plan_6"", ""hlthg"", ""income"", ""female"", ""linc"", ""hlthp"", ""plan_2"", ""plan_19"", ""plan_13"", ""idp"", ""plan_5"", ""plan_3"", ""site_4"", ""plan_7"", ""year_5"", ""tookphys"", ""site_6"", ""site_2"", ""plan_17"", ""year_2"", ""plan_9"", ""plan_18"", ""time"", ""educdec"", ""plan_14""]","[[5, 16, 26, 21, 11, 47, 29, 34, 50], []]","[9, 0]",880.2329347133636,0.8362449487171755,0.16375505128282455,-2.061399538442057,0.0,0.0,0.0,0.0,0.17064066147162713,0.0,0.0,0.0,0.0,0.0,0.07533150311013437,0.0,0.0,0.0,0.0,-0.2535586794382151,0.0,0.0,0.0,0.0,-0.34928700397001605,0.0,0.0,0.0,0.0,-0.17236036431020246,0.0,0.0,0.0983628258974773,0.0,0.0,0.0,0.0,0.12209289823275553,0.0,0.0,0.0,0.0,0.0,0.0,0.0,0.0,0.0,0.0,0.0,0.0,0.21263165012581758,0.0,0.0,-0.3267863754325199,0.0,0.0,0.0,0.0,0.9053195354465945,0.0,0.0,0.0,0.0,0.0,0.0,0.0,0.0,0.0,0.0,0.0,0.0,0.0,0.0,0.0,0.0,0.0,0.0,0.0,0.0,0.0,0.0,0.0,0.0,0.0,0.0,0.0,0.0,0.0,0.0,0.0,0.0,0.0,0.0,0.0,0.0,0.0,0.0,0.0,0.0,0.0,0.0,0.0,0.0,0.0,0.0,0.0,0.0,0.0,0.0,0.0,0.0,0.0,0.0,2.169866076279453,8.75711117729536
62,1200067839,True,,50.0,quantile_glm,7893.888907753451,-3803.7185457798987,7798.501359737615,"[0, 5, 16, 11, 12, 38, 22, 14, 26, 28, 18, 13, 3, 21, 9, 1, 15, 17, 41, 48, 10, 49, 47, 19, 24, 6, 42, 52, 46, 45, 32, 30, 29, 4, 33, 51, 25, 54, 27, 37, 36, 40, 8, 31, 23, 2, 50, 43, 35, 39, 44]","[""Intercept"", ""xage"", ""child"", ""disea"", ""physlm"", ""plan_11"", ""fmde"", ""mdeoff"", ""xghindx"", ""lnum"", ""lfam"", ""ghindx"", ""black"", ""logc"", ""num"", ""coins"", ""pioff"", ""fchild"", ""plan_15"", ""site_4"", ""mhi"", ""site_5"", ""site_3"", ""lpi"", ""hlthf"", ""female"", ""plan_16"", ""year_3"", ""site_2"", ""plan_19"", ""plan_5"", ""plan_3"", ""plan_2"", ""income"", ""plan_6"", ""year_2"", ""hlthp"", ""year_5"", ""linc"", ""plan_10"", ""plan_9"", ""plan_14"", ""time"", ""plan_4"", ""hlthg"", ""tookphys"", ""site_6"", ""plan_17"", ""plan_8"", ""plan_13"", ""plan_18""]","[[5, 11, 22, 13, 21, 1, 41, 48, 47, 6, 30, 29, 50], [5, 16, 11, 12, 50]]","[13, 5]",1319.5701267719269,0.8305250853339219,0.16947491466607806,-2.8012769969209677,-0.16923431489249527,0.0,0.0,0.0,0.2648037972555214,0.09453917734665265,0.0,0.0,0.0,0.0,0.07247453511668309,0.0,-0.08266346544188681,0.0,0.0,0.0,0.0,0.0,0.0,0.0,-0.21465527250096988,-0.08980468497391192,0.0,0.0,0.0,0.0,0.0,0.0,0.1491437578381711,-1.3637888384514463,0.0,0.0,0.0,0.0,0.0,0.0,0.0,0.0,0.0,0.0,-2.7856354112156536,0.0,0.0,0.0,0.0,0.0,0.15598006046176704,-0.17990026310641455,0.0,-0.3698760476411982,0.0,0.0,0.0,0.0,0.39850858235751246,0.0,0.0,0.0,0.0,0.07560779210269832,0.0,0.0,0.0,0.0,0.0,0.25027926536316364,0.22291024735153703,0.0,0.0,0.0,-0.6000957220319627,0.0,0.0,0.0,0.0,0.0,0.0,0.0,0.0,0.0,0.0,0.0,0.0,0.0,0.0,0.0,0.0,0.0,0.0,0.0,0.0,0.0,0.0,0.0,0.0,0.0,0.0,0.0,0.0,0.0,0.0,0.0,0.0,0.0,0.5268878473972203,0.0,0.0,0.0,0.0,1.918476647810694,6.810575657620699
63,371348662,True,,50.0,kmeans_glm,7978.570157170453,-3858.1469092203088,7916.042826081062,"[0, 5, 16, 11, 12, 17, 9, 28, 18, 38, 3, 22, 26, 14, 6, 1, 21, 48, 10, 49, 13, 42, 46, 25, 24, 33, 52, 47, 4, 23, 15, 45, 51, 2, 27, 54, 36, 30, 44, 41, 53, 31, 19, 7, 34, 50, 8, 20, 32, 40, 43]","[""Intercept"", ""xage"", ""child"", ""disea"", ""physlm"", ""fchild"", ""num"", ""lnum"", ""lfam"", ""plan_11"", ""black"", ""fmde"", ""xghindx"", ""mdeoff"", ""female"", ""coins"", ""logc"", ""site_4"", ""mhi"", ""site_5"", ""ghindx"", ""plan_16"", ""site_2"", ""hlthp"", ""hlthf"", ""plan_6"", ""year_3"", ""site_3"", ""income"", ""hlthg"", ""pioff"", ""plan_19"", ""year_2"", ""tookphys"", ""linc"", ""year_5"", ""plan_9"", ""plan_3"", ""plan_18"", ""plan_15"", ""year_4"", ""plan_4"", ""lpi"", ""educdec"", ""plan_7"", ""site_6"", ""time"", ""idp"", ""plan_5"", ""plan_14"", ""plan_17""]","[[5, 16, 11, 12, 38, 3, 22, 6, 1, 21, 48, 49, 42, 25, 47, 34, 50, 43], [25]]","[18, 1]",1252.3936777114868,0.8310419544483407,0.16895804555165922,-2.1435406447628784,-0.14178546432136072,0.0,-0.06302319394035184,0.0,0.126791434516024,0.23623216167106129,0.0,0.0,0.0,0.0,0.027889464896665432,0.06106437056373838,0.0,0.0,0.0,-0.3054419229606047,0.0,0.0,0.0,0.0,0.24341688032185532,-0.3728967454827757,0.0,0.0,0.04819344576487737,0.0,0.0,0.0,0.0,0.0,0.0,0.0,0.0,0.13041535922701875,0.0,0.0,0.0,0.12669187891412448,0.0,0.0,0.0,-0.1427781425684082,0.207835462342936,0.0,0.0,0.0,0.05537740722770464,-0.30169640962358735,-0.1641495689912615,-0.3802538808946671,0.0,0.0,0.0,0.0,0.8866983532399957,0.0,0.0,0.0,0.0,0.0,0.0,0.0,0.0,0.0,0.0,0.0,0.0,0.0,0.0,0.0,0.0,0.0,0.0,0.0,0.0,0.0,0.0,0.0,0.0,0.2540766850445957,0.0,0.0,0.0,0.0,0.0,0.0,0.0,0.0,0.0,0.0,0.0,0.0,0.0,0.0,0.0,0.0,0.0,0.0,0.0,0.0,0.0,0.0,0.0,0.0,0.0,0.0,0.0,0.0,0.0,2.2714416262780674,9.693364955760702
64,223660569,True,,50.0,quantile_glm,7737.186859727804,-3748.122130671358,7669.939050595276,"[0, 5, 16, 11, 28, 18, 9, 17, 12, 26, 38, 3, 22, 21, 13, 14, 1, 49, 24, 42, 25, 48, 52, 10, 45, 15, 47, 34, 51, 2, 6, 4, 27, 43, 41, 54, 46, 19, 32, 20, 30, 29, 31, 39, 37, 23, 7, 44, 36, 8, 53]","[""Intercept"", ""xage"", ""child"", ""disea"", ""lnum"", ""lfam"", ""num"", ""fchild"", ""physlm"", ""xghindx"", ""plan_11"", ""black"", ""fmde"", ""logc"", ""ghindx"", ""mdeoff"", ""coins"", ""site_5"", ""hlthf"", ""plan_16"", ""hlthp"", ""site_4"", ""year_3"", ""mhi"", ""plan_19"", ""pioff"", ""site_3"", ""plan_7"", ""year_2"", ""tookphys"", ""female"", ""income"", ""linc"", ""plan_17"", ""plan_15"", ""year_5"", ""site_2"", ""lpi"", ""plan_5"", ""idp"", ""plan_3"", ""plan_2"", ""plan_4"", ""plan_13"", ""plan_10"", ""hlthg"", ""educdec"", ""plan_18"", ""plan_9"", ""time"", ""year_4""]","[[5, 16, 11, 3, 22, 21, 42, 25, 47, 34, 6, 43, 29, 31], [5, 11]]","[14, 2]",1774.5547859668732,0.8418703827807921,0.1581296172192079,-2.182463340421481,0.0,0.0,-0.1101002405226473,0.0,0.20443870697199462,0.07468149587207668,0.0,0.0,0.0,0.0,0.07685254891687825,0.0,0.0,0.0,0.0,-0.33409499599975107,0.0,0.0,0.0,0.0,-0.08657635702513727,-0.28870957845937373,0.0,0.0,0.07511140935159896,0.0,0.0,0.0,0.10089908441596537,0.0,-0.0941796212188655,0.0,0.0,0.2015710460266174,0.0,0.0,0.0,0.0,0.0,0.0,0.0,-0.185519059189118,0.12978767705870542,0.0,0.0,0.0,0.20276510846900028,0.0,0.0,0.0,0.0,0.0,0.0,0.0,0.6222046024555388,0.0,0.0,0.0,0.0,0.5410607532559886,0.0,0.0,0.0,0.0,0.0,0.22331325727978274,0.0,0.0,0.0,0.0,0.0,0.0,0.0,0.0,0.0,0.0,0.0,0.0,0.0,0.0,0.0,0.0,0.0,0.0,0.0,0.0,0.0,0.0,0.0,0.0,0.0,0.0,0.0,0.0,0.0,0.0,0.0,0.0,0.0,0.0,0.0,0.0,0.0,0.0,0.0,0.0,0.0,0.0,0.0,1.9842351441891521,7.273482092357903
65,151129126,True,,100.0,kmeans_glm,8582.64307563189,-4220.620553475782,8528.088501577844,"[0, 5, 16, 14, 22, 38, 28, 18, 12, 9, 26, 11, 1, 21, 15, 13, 10, 17, 19, 3, 49, 42, 6, 52, 48, 25, 50, 45, 32, 23, 33, 47, 41, 24, 51, 53, 40, 37, 54, 2, 31, 30, 36, 29, 46, 7, 39, 8, 27, 43, 35]","[""Intercept"", ""xage"", ""child"", ""mdeoff"", ""fmde"", ""plan_11"", ""lnum"", ""lfam"", ""physlm"", ""num"", ""xghindx"", ""disea"", ""coins"", ""logc"", ""pioff"", ""ghindx"", ""mhi"", ""fchild"", ""lpi"", ""black"", ""site_5"", ""plan_16"", ""female"", ""year_3"", ""site_4"", ""hlthp"", ""site_6"", ""plan_19"", ""plan_5"", ""hlthg"", ""plan_6"", ""site_3"", ""plan_15"", ""hlthf"", ""year_2"", ""year_4"", ""plan_14"", ""plan_10"", ""year_5"", ""tookphys"", ""plan_4"", ""plan_3"", ""plan_9"", ""plan_2"", ""site_2"", ""educdec"", ""plan_13"", ""time"", ""linc"", ""plan_17"", ""plan_8""]","[[5, 16, 11, 21, 50, 47], []]","[6, 0]",1111.0596406459808,0.8245582567676178,0.17544174323238218,-1.976821504911665,0.0,0.0,0.0,0.0,0.2821456798653131,0.0,0.0,0.0,0.0,0.0,0.09951956761053855,0.0,0.0,0.0,0.0,-0.15547665582180475,0.0,0.0,0.0,0.0,-0.3754524272188535,0.0,0.0,0.0,0.0,0.0,0.0,0.0,0.0,0.0,0.0,0.0,0.0,0.0,0.0,0.0,0.0,0.0,0.0,0.0,0.0,0.0,0.0,0.0,0.0,0.0,0.20482414668131763,0.0,0.0,-0.2205001056938171,0.0,0.0,0.0,0.0,1.098388717238311,0.0,0.0,0.0,0.0,0.0,0.0,0.0,0.0,0.0,0.0,0.0,0.0,0.0,0.0,0.0,0.0,0.0,0.0,0.0,0.0,0.0,0.0,0.0,0.0,0.0,0.0,0.0,0.0,0.0,0.0,0.0,0.0,0.0,0.0,0.0,0.0,0.0,0.0,0.0,0.0,0.0,0.0,0.0,0.0,0.0,0.0,0.0,0.0,0.0,0.0,0.0,0.0,0.0,0.0,2.201883674465569,9.042029708382119
66,97178815,True,,50.0,kmeans_glm,7434.353621945567,-3630.992031864808,7444.363592444804,"[0, 5, 16, 12, 28, 18, 9, 11, 14, 22, 38, 21, 1, 3, 17, 26, 25, 13, 10, 42, 15, 49, 47, 48, 6, 19, 23, 52, 32, 33, 40, 46, 37, 7, 45, 51, 30, 54, 36, 34, 2, 41, 29, 44, 53, 8, 20, 35, 39, 43, 31]","[""Intercept"", ""xage"", ""child"", ""physlm"", ""lnum"", ""lfam"", ""num"", ""disea"", ""mdeoff"", ""fmde"", ""plan_11"", ""logc"", ""coins"", ""black"", ""fchild"", ""xghindx"", ""hlthp"", ""ghindx"", ""mhi"", ""plan_16"", ""pioff"", ""site_5"", ""site_3"", ""site_4"", ""female"", ""lpi"", ""hlthg"", ""year_3"", ""plan_5"", ""plan_6"", ""plan_14"", ""site_2"", ""plan_10"", ""educdec"", ""plan_19"", ""year_2"", ""plan_3"", ""year_5"", ""plan_9"", ""plan_7"", ""tookphys"", ""plan_15"", ""plan_2"", ""plan_18"", ""year_4"", ""time"", ""idp"", ""plan_8"", ""plan_13"", ""plan_17"", ""plan_4""]","[[5, 16, 12, 28, 18, 9, 11, 22, 21, 1, 3, 25, 42, 47, 48, 6, 29], []]","[17, 0]",1203.4789452552795,0.850055801907715,0.149944198092285,-2.3719916607235745,-0.17425522302134844,0.0,-0.173428463861708,0.0,0.14805204680356648,0.10523117880877877,0.0,0.0,-0.09307121557624311,0.0,0.07571256171877443,0.058913397030404546,0.0,0.0,0.0,-0.1747566419785645,0.0,-0.002049840004117932,0.0,0.0,-0.08645701705871067,-0.11984804421836745,0.0,0.0,0.094603339699334,0.0,0.0,-0.0020492144633983502,0.10866821362427086,0.0,0.0,0.0,0.0,0.0,0.0,0.0,0.0,0.0,0.0,0.0,0.0,-1.6025480045034386,0.0,0.0,0.0,0.0,0.17867521439758646,-0.16718784012651297,0.0,0.0,0.0,0.0,0.0,0.0,0.8270127151879644,0.0,0.0,0.0,0.0,0.0,0.0,0.0,0.0,0.0,0.0,0.0,0.0,0.0,0.0,0.0,0.0,0.0,0.0,0.0,0.0,0.0,0.0,0.0,0.0,0.0,0.0,0.0,0.0,0.0,0.0,0.0,0.0,0.0,0.0,0.0,0.0,0.0,0.0,0.0,0.0,0.0,0.0,0.0,0.0,0.0,0.0,0.0,0.0,0.0,0.0,0.0,0.0,0.0,0.0,2.4655310960520764,11.769731350225324
67,831323953,True,,50.0,quantile_glm,7869.106103685225,-3795.5336881948792,7790.816384030203,"[0, 5, 16, 12, 28, 18, 9, 26, 22, 38, 11, 14, 13, 3, 1, 21, 15, 2, 17, 42, 19, 25, 10, 49, 48, 24, 52, 32, 45, 47, 41, 46, 33, 51, 6, 54, 40, 36, 29, 27, 34, 4, 7, 30, 8, 39, 31, 20, 35, 44, 23]","[""Intercept"", ""xage"", ""child"", ""physlm"", ""lnum"", ""lfam"", ""num"", ""xghindx"", ""fmde"", ""plan_11"", ""disea"", ""mdeoff"", ""ghindx"", ""black"", ""coins"", ""logc"", ""pioff"", ""tookphys"", ""fchild"", ""plan_16"", ""lpi"", ""hlthp"", ""mhi"", ""site_5"", ""site_4"", ""hlthf"", ""year_3"", ""plan_5"", ""plan_19"", ""site_3"", ""plan_15"", ""site_2"", ""plan_6"", ""year_2"", ""female"", ""year_5"", ""plan_14"", ""plan_9"", ""plan_2"", ""linc"", ""plan_7"", ""income"", ""educdec"", ""plan_3"", ""time"", ""plan_13"", ""plan_4"", ""idp"", ""plan_8"", ""plan_18"", ""hlthg""]","[[5, 12, 28, 18, 22, 11, 3, 21, 2, 42, 25, 48, 47, 6, 29, 34, 4], [12, 38]]","[17, 2]",2141.1203887462616,0.8341846530435417,0.16581534695645828,-2.0675821847702127,0.0,0.10601273222676333,-0.13047884540460936,0.10522859950694613,0.2803260982653667,0.09066112064497563,0.0,0.0,0.0,0.0,0.024418582492235198,0.047362598497795734,0.0,0.0,0.0,0.0,0.0,-0.07125440621619016,0.0,0.0,-0.06130816443415726,-0.26055568834889276,0.0,0.0,0.08361741287498385,0.0,0.0,-0.07126923668732746,0.08599245877882057,0.0,0.0,0.0,0.0,0.12554612012586594,0.0,0.0,0.0,0.0,0.0,0.0,0.0,-0.12532000572341942,0.0,0.0,0.0,0.0,0.16804437144319273,-0.1972175884774346,0.0,0.0,0.0,0.0,0.0,0.0,0.6778121696523278,0.0,0.0,0.0,0.0,0.0,0.0,0.0,0.0,0.0,0.0,0.0,0.3517801338930514,0.0,0.0,0.0,0.0,0.0,0.0,0.0,0.0,0.0,0.0,0.0,0.0,0.0,0.0,0.0,0.0,0.0,0.0,0.0,0.0,0.0,0.0,0.0,0.0,0.0,0.4658801537507527,0.0,0.0,0.0,0.0,0.0,0.0,0.0,0.0,0.0,0.0,0.0,0.0,0.0,0.0,0.0,0.0,2.267214738297955,9.652478659713854
68,116944228,True,,100.0,kmeans_glm,7828.534533178084,-3834.8187382498418,7765.169610588592,"[0, 5, 16, 12, 38, 22, 14, 21, 11, 26, 28, 18, 9, 13, 3, 1, 47, 49, 17, 10, 15, 19, 52, 2, 6, 24, 33, 37, 41, 42, 54, 48, 53, 4, 50, 51, 23, 31, 32, 45, 40, 20, 29, 36, 39, 30, 27, 43, 8, 25, 44]","[""Intercept"", ""xage"", ""child"", ""physlm"", ""plan_11"", ""fmde"", ""mdeoff"", ""logc"", ""disea"", ""xghindx"", ""lnum"", ""lfam"", ""num"", ""ghindx"", ""black"", ""coins"", ""site_3"", ""site_5"", ""fchild"", ""mhi"", ""pioff"", ""lpi"", ""year_3"", ""tookphys"", ""female"", ""hlthf"", ""plan_6"", ""plan_10"", ""plan_15"", ""plan_16"", ""year_5"", ""site_4"", ""year_4"", ""income"", ""site_6"", ""year_2"", ""hlthg"", ""plan_4"", ""plan_5"", ""plan_19"", ""plan_14"", ""idp"", ""plan_2"", ""plan_9"", ""plan_13"", ""plan_3"", ""linc"", ""plan_17"", ""time"", ""hlthp"", ""plan_18""]","[[5, 12, 22, 21, 1, 47, 50], []]","[7, 0]",1297.9122869968414,0.8348520588599136,0.16514794114008638,-2.0236855429969465,-0.11533319728406344,0.0,0.0,0.0,0.31258366017794,0.0,0.0,0.0,0.0,0.0,0.0,0.10567942849247282,0.0,0.0,0.0,0.0,0.0,0.0,0.0,0.0,-0.2623190060476004,-0.021321629802015293,0.0,0.0,0.0,0.0,0.0,0.0,0.0,0.0,0.0,0.0,0.0,0.0,0.0,0.0,0.0,0.0,0.0,0.0,0.0,0.0,0.0,0.0,0.0,0.0,0.19185758858301075,0.0,0.0,-0.3715885612043266,0.0,0.0,0.0,0.0,0.8554005232928129,0.0,0.0,0.0,0.0,0.0,0.0,0.0,0.0,0.0,0.0,0.0,0.0,0.0,0.0,0.0,0.0,0.0,0.0,0.0,0.0,0.0,0.0,0.0,0.0,0.0,0.0,0.0,0.0,0.0,0.0,0.0,0.0,0.0,0.0,0.0,0.0,0.0,0.0,0.0,0.0,0.0,0.0,0.0,0.0,0.0,0.0,0.0,0.0,0.0,0.0,0.0,0.0,0.0,0.0,2.3051009639029245,10.025190383678428
69,1607092080,True,,50.0,quantile_glm,7645.413339014775,-3712.3939532921895,7607.167435299568,"[0, 5, 16, 12, 28, 18, 9, 3, 11, 26, 38, 13, 14, 1, 22, 21, 17, 47, 49, 41, 23, 15, 6, 48, 42, 19, 10, 45, 52, 24, 54, 34, 51, 37, 29, 2, 33, 30, 31, 7, 25, 46, 32, 40, 4, 20, 35, 8, 27, 44, 43]","[""Intercept"", ""xage"", ""child"", ""physlm"", ""lnum"", ""lfam"", ""num"", ""black"", ""disea"", ""xghindx"", ""plan_11"", ""ghindx"", ""mdeoff"", ""coins"", ""fmde"", ""logc"", ""fchild"", ""site_3"", ""site_5"", ""plan_15"", ""hlthg"", ""pioff"", ""female"", ""site_4"", ""plan_16"", ""lpi"", ""mhi"", ""plan_19"", ""year_3"", ""hlthf"", ""year_5"", ""plan_7"", ""year_2"", ""plan_10"", ""plan_2"", ""tookphys"", ""plan_6"", ""plan_3"", ""plan_4"", ""educdec"", ""hlthp"", ""site_2"", ""plan_5"", ""plan_14"", ""income"", ""idp"", ""plan_8"", ""time"", ""linc"", ""plan_18"", ""plan_17""]","[[5, 16, 12, 3, 11, 1, 22, 21, 47, 41, 6, 48, 10, 34, 29, 7, 43], []]","[17, 0]",1251.1071722507477,0.8475743474763637,0.1524256525236363,-2.6221453306559903,-0.1697554714840303,0.0,-0.14436307450241365,0.0,0.38817974578302217,0.12635959603679608,0.1448353891877619,0.0,0.0,-0.03854628098751638,0.04077053390601851,0.05564857107011447,0.0,0.0,0.0,-0.03662120085541957,0.0,0.0,0.0,0.0,0.0371924148885332,-0.3055179504436072,0.0,0.0,0.0,0.0,0.0,0.0,0.1339465430257819,0.0,0.0,0.0,0.0,0.14259684693474464,0.0,0.0,0.0,0.0,0.0,0.0,-2.866150458489678,0.0,0.15857377636896608,0.0,0.0,0.0,0.17833859373860084,-0.21417719758711598,0.0,0.0,0.0,0.0,0.0,0.0,0.8010952298773324,0.0,0.0,0.0,0.0,0.0,0.0,0.0,0.0,0.0,0.0,0.0,0.0,0.0,0.0,0.0,0.0,0.0,0.0,0.0,0.0,0.0,0.0,0.0,0.0,0.0,0.0,0.0,0.0,0.0,0.0,0.0,0.0,0.0,0.0,0.0,0.0,0.0,0.0,0.0,0.0,0.0,0.0,0.0,0.0,0.0,0.0,0.0,0.0,0.0,0.0,0.0,0.0,0.0,0.0,2.322882398253781,10.205046963436146
70,2024541318,True,,100.0,quantile_glm,8096.673987958623,-3955.2739083452198,8006.079950779348,"[0, 5, 16, 12, 38, 14, 28, 18, 22, 9, 21, 1, 3, 11, 15, 26, 13, 42, 19, 49, 6, 46, 41, 17, 10, 52, 45, 48, 25, 32, 23, 51, 33, 2, 54, 34, 30, 47, 20, 7, 37, 31, 36, 43, 8, 24, 4, 39, 40, 35, 29]","[""Intercept"", ""xage"", ""child"", ""physlm"", ""plan_11"", ""mdeoff"", ""lnum"", ""lfam"", ""fmde"", ""num"", ""logc"", ""coins"", ""black"", ""disea"", ""pioff"", ""xghindx"", ""ghindx"", ""plan_16"", ""lpi"", ""site_5"", ""female"", ""site_2"", ""plan_15"", ""fchild"", ""mhi"", ""year_3"", ""plan_19"", ""site_4"", ""hlthp"", ""plan_5"", ""hlthg"", ""year_2"", ""plan_6"", ""tookphys"", ""year_5"", ""plan_7"", ""plan_3"", ""site_3"", ""idp"", ""educdec"", ""plan_10"", ""plan_4"", ""plan_9"", ""plan_17"", ""time"", ""hlthf"", ""income"", ""plan_13"", ""plan_14"", ""plan_8"", ""plan_2""]","[[5, 22, 21, 11, 6, 34, 47], []]","[7, 0]",1111.4679729938507,0.8392961608455025,0.16070383915449746,-1.9750526249230966,0.0,0.0,0.0,0.0,0.36017702326455625,0.142586947228493,0.0,0.0,0.0,0.0,0.08872342609445046,0.0,0.0,0.0,0.0,0.0,0.0,0.0,0.0,0.0,-0.07560191425627023,-0.2962223912633516,0.0,0.0,0.0,0.0,0.0,0.0,0.0,0.0,0.0,0.0,0.0,0.1652552259744786,0.0,0.0,0.0,0.0,0.0,0.0,0.0,0.0,0.0,0.0,0.0,0.0,0.22399371455587155,0.0,0.0,0.0,0.0,0.0,0.0,0.0,0.9232977715985823,0.0,0.0,0.0,0.0,0.0,0.0,0.0,0.0,0.0,0.0,0.0,0.0,0.0,0.0,0.0,0.0,0.0,0.0,0.0,0.0,0.0,0.0,0.0,0.0,0.0,0.0,0.0,0.0,0.0,0.0,0.0,0.0,0.0,0.0,0.0,0.0,0.0,0.0,0.0,0.0,0.0,0.0,0.0,0.0,0.0,0.0,0.0,0.0,0.0,0.0,0.0,0.0,0.0,0.0,2.2740680024663003,9.718856839649513
71,2009183223,True,,50.0,quantile_glm,7525.558030122895,-3642.2659120908665,7484.280831822178,"[0, 5, 16, 12, 11, 26, 13, 28, 18, 9, 17, 10, 1, 3, 14, 42, 38, 47, 22, 25, 21, 52, 23, 49, 15, 48, 41, 45, 51, 6, 2, 31, 30, 19, 53, 54, 24, 33, 29, 46, 50, 39, 35, 8, 37, 32, 34, 36, 4, 43, 44]","[""Intercept"", ""xage"", ""child"", ""physlm"", ""disea"", ""xghindx"", ""ghindx"", ""lnum"", ""lfam"", ""num"", ""fchild"", ""mhi"", ""coins"", ""black"", ""mdeoff"", ""plan_16"", ""plan_11"", ""site_3"", ""fmde"", ""hlthp"", ""logc"", ""year_3"", ""hlthg"", ""site_5"", ""pioff"", ""site_4"", ""plan_15"", ""plan_19"", ""year_2"", ""female"", ""tookphys"", ""plan_4"", ""plan_3"", ""lpi"", ""year_4"", ""year_5"", ""hlthf"", ""plan_6"", ""plan_2"", ""site_2"", ""site_6"", ""plan_13"", ""plan_8"", ""time"", ""plan_10"", ""plan_5"", ""plan_7"", ""plan_9"", ""income"", ""plan_17"", ""plan_18""]","[[5, 16, 11, 26, 13, 10, 1, 42, 47, 25, 21, 48, 6, 2, 30, 29, 50, 34], [12]]","[18, 1]",1309.5991489887238,0.8416154086938982,0.15838459130610186,-2.2699923336941366,-0.13713821897070683,0.08373676621802492,0.0,0.0,0.2641717490540468,0.12911180876341927,0.0,0.0,0.0,-0.10290230646463022,0.08718329848131563,0.0,-0.12493928425543874,0.0,0.0,-0.1337557392318376,0.0,0.0,0.0,0.0,-0.20731123808660679,0.0,0.0,0.0,0.04915255386064632,0.06306265045967979,0.0,0.0,0.12756306654939317,-1.1546799147345082,0.0,0.0,0.0,0.08448950625593092,0.0,0.0,0.0,0.0,0.0,0.0,0.0,-0.2521072194513662,0.0,0.0,0.0,0.0,0.179253477270134,-0.14616799610370904,0.0,-0.27905762166863235,0.0,0.0,0.0,0.0,0.6964787776442735,0.0,0.0,0.0,0.0,0.0,0.0,0.0,0.0,0.0,0.0,0.0,0.4188368334119281,0.0,0.0,0.0,0.0,0.0,0.0,0.0,0.0,0.0,0.0,0.0,0.0,0.0,0.0,0.0,0.0,0.0,0.0,0.0,0.0,0.0,0.0,0.0,0.0,0.0,0.0,0.0,0.0,0.0,0.0,0.0,0.0,0.0,0.0,0.0,0.0,0.0,0.0,0.0,0.0,0.0,0.0,2.2685271254135717,9.665154764499526
72,642962616,True,,25.0,quantile_glm,7971.882101699807,-3776.3855802400585,7900.160738985239,"[0, 5, 16, 9, 11, 28, 18, 12, 1, 24, 38, 17, 26, 21, 22, 13, 3, 14, 42, 49, 15, 48, 10, 47, 19, 4, 52, 6, 27, 40, 41, 30, 45, 51, 54, 46, 2, 43, 33, 29, 36, 25, 32, 50, 34, 31, 8, 35, 39, 44, 20]","[""Intercept"", ""xage"", ""child"", ""num"", ""disea"", ""lnum"", ""lfam"", ""physlm"", ""coins"", ""hlthf"", ""plan_11"", ""fchild"", ""xghindx"", ""logc"", ""fmde"", ""ghindx"", ""black"", ""mdeoff"", ""plan_16"", ""site_5"", ""pioff"", ""site_4"", ""mhi"", ""site_3"", ""lpi"", ""income"", ""year_3"", ""female"", ""linc"", ""plan_14"", ""plan_15"", ""plan_3"", ""plan_19"", ""year_2"", ""year_5"", ""site_2"", ""tookphys"", ""plan_17"", ""plan_6"", ""plan_2"", ""plan_9"", ""hlthp"", ""plan_5"", ""site_6"", ""plan_7"", ""plan_4"", ""time"", ""plan_8"", ""plan_13"", ""plan_18"", ""idp""]","[[5, 16, 11, 1, 38, 21, 42, 49, 48, 10, 47, 19, 6, 40, 41, 54, 46, 43, 29, 25, 50, 34, 35, 20], [5, 16, 9, 11, 12, 1, 24, 38, 13, 3, 46, 50]]","[24, 12]",1189.1101858615875,0.8232853698705078,0.17671463012949226,-2.3762668540124756,-0.04747710683818375,0.0,0.0,0.0,0.4116966468356499,0.1569503555574569,0.0,0.0,0.0,-0.03213952665247855,0.038221139366667434,0.0,0.0,0.0,0.0,-0.04544736593775628,0.0,0.0,0.08531050891110296,-0.11848504349111989,0.2764317783797242,0.0,0.0,0.0,-0.04223077451393492,0.0,0.0,0.0,0.18791374518793108,0.0,0.0,0.0,0.0,0.09084772103362479,-0.002605461174727901,0.0,0.0,0.482278064060675,0.0,-0.17155003801117938,-0.167592932320513,-0.38355043677673556,0.12606730236781347,0.0,0.0,-0.2288121059748544,0.03716577269602649,-0.30396331009765903,-0.2730997903081097,-0.4943522205017124,0.0,0.0,0.0,-1.0826570719017015,0.16009503085747326,-0.21452285438897123,0.0,-0.41530494694279946,0.0,0.13450309938105084,0.0,0.0,0.0,-0.46147444116943354,0.0,0.028352201932328364,0.09740128827399126,-0.07467121429792345,0.0,0.0,-0.3500023508671398,0.0,0.0,0.0,0.0,0.0,0.0,0.0,0.3031098425848036,0.0,0.0,0.0,0.0,0.0,0.0,0.0,0.0,0.0,0.0,0.0,0.0,0.0,0.2736776628252407,0.0,0.0,0.0,0.0,0.0,0.0,0.0,0.16101789906010447,0.0,0.0,0.0,0.6386126561648192,0.0,0.0,0.0,0.0,1.5963663003346293,4.9350672519199605
73,1740944746,True,,50.0,kmeans_glm,8017.5694788620085,-3865.0498591097676,7929.84872585998,"[0, 5, 16, 11, 12, 26, 13, 28, 18, 9, 3, 14, 38, 1, 22, 17, 10, 21, 47, 24, 41, 6, 49, 48, 2, 25, 52, 23, 15, 42, 45, 30, 19, 37, 33, 51, 54, 53, 32, 46, 29, 27, 4, 43, 34, 36, 44, 39, 35, 8, 31]","[""Intercept"", ""xage"", ""child"", ""disea"", ""physlm"", ""xghindx"", ""ghindx"", ""lnum"", ""lfam"", ""num"", ""black"", ""mdeoff"", ""plan_11"", ""coins"", ""fmde"", ""fchild"", ""mhi"", ""logc"", ""site_3"", ""hlthf"", ""plan_15"", ""female"", ""site_5"", ""site_4"", ""tookphys"", ""hlthp"", ""year_3"", ""hlthg"", ""pioff"", ""plan_16"", ""plan_19"", ""plan_3"", ""lpi"", ""plan_10"", ""plan_6"", ""year_2"", ""year_5"", ""year_4"", ""plan_5"", ""site_2"", ""plan_2"", ""linc"", ""income"", ""plan_17"", ""plan_7"", ""plan_9"", ""plan_18"", ""plan_13"", ""plan_8"", ""time"", ""plan_4""]","[[5, 16, 11, 3, 1, 22, 10, 21, 47, 6, 48, 2, 30, 29, 43, 34], [16, 11, 12]]","[16, 3]",1078.351151227951,0.8226475587036118,0.1773524412963882,-2.328650116358707,-0.17147686172740936,0.0973225861981165,-0.20618326168443224,0.0,0.28784613062220843,0.15501252496586557,0.0,0.0,0.0,-0.08775436584737796,0.028197148455777015,0.0,0.0,0.0,0.0,-0.059712798662472644,0.0,0.0,0.0,0.0,0.007958617703758587,-0.25015245466091934,0.0,0.0,0.0,0.0,0.0,0.0,0.14414086550720315,-1.660347809175599,0.0,0.0,0.0,0.17472524324403957,0.0,0.0,0.0,0.0,0.0,0.0,0.0,0.0,0.12940949429125492,0.0,0.0,0.0,0.17596463541847285,-0.24257678583054373,0.0,0.0,0.0,0.0,0.0,0.0,0.6090162947824325,0.0,0.0,0.0,0.0,0.0,0.0,0.0,0.0,0.0,0.0,0.30261621708546943,0.24185338042938406,0.0,0.0,0.0,-0.49741285208945535,0.0,0.0,0.0,0.0,0.0,0.0,0.0,0.0,0.0,0.0,0.0,0.0,0.0,0.0,0.0,0.0,0.0,0.0,0.0,0.0,0.0,0.0,0.0,0.0,0.0,0.0,0.0,0.0,0.0,0.0,0.0,0.0,0.0,0.0,0.0,0.0,0.0,0.0,2.0622167903050084,7.863381972553055
74,51097243,True,,100.0,quantile_glm,8055.43904539301,-3942.9215519363734,7981.375237961655,"[0, 5, 16, 11, 13, 26, 38, 12, 3, 10, 22, 28, 18, 9, 21, 14, 17, 49, 1, 4, 6, 42, 27, 52, 15, 24, 48, 47, 19, 33, 53, 50, 46, 2, 54, 30, 41, 32, 36, 25, 45, 37, 20, 44, 29, 31, 8, 39, 34, 7, 40]","[""Intercept"", ""xage"", ""child"", ""disea"", ""ghindx"", ""xghindx"", ""plan_11"", ""physlm"", ""black"", ""mhi"", ""fmde"", ""lnum"", ""lfam"", ""num"", ""logc"", ""mdeoff"", ""fchild"", ""site_5"", ""coins"", ""income"", ""female"", ""plan_16"", ""linc"", ""year_3"", ""pioff"", ""hlthf"", ""site_4"", ""site_3"", ""lpi"", ""plan_6"", ""year_4"", ""site_6"", ""site_2"", ""tookphys"", ""year_5"", ""plan_3"", ""plan_15"", ""plan_5"", ""plan_9"", ""hlthp"", ""plan_19"", ""plan_10"", ""idp"", ""plan_18"", ""plan_2"", ""plan_4"", ""time"", ""plan_13"", ""plan_7"", ""educdec"", ""plan_14""]","[[5, 16, 11, 22, 21, 47, 50], []]","[7, 0]",1742.0713946819305,0.8433377390340234,0.1566622609659765,-1.9837823693755132,0.0,0.0,0.0,0.0,0.17994026757169249,0.0,0.0,0.0,0.0,0.0,0.17621648041199356,0.0,0.0,0.0,0.0,-0.24623666798036722,0.0,0.0,0.0,0.0,-0.19478493307188016,-0.12896691241520614,0.0,0.0,0.0,0.0,0.0,0.0,0.0,0.0,0.0,0.0,0.0,0.0,0.0,0.0,0.0,0.0,0.0,0.0,0.0,0.0,0.0,0.0,0.0,0.0,0.18616484176462328,0.0,0.0,-0.23278344016140115,0.0,0.0,0.0,0.0,0.9734681365018408,0.0,0.0,0.0,0.0,0.0,0.0,0.0,0.0,0.0,0.0,0.0,0.0,0.0,0.0,0.0,0.0,0.0,0.0,0.0,0.0,0.0,0.0,0.0,0.0,0.0,0.0,0.0,0.0,0.0,0.0,0.0,0.0,0.0,0.0,0.0,0.0,0.0,0.0,0.0,0.0,0.0,0.0,0.0,0.0,0.0,0.0,0.0,0.0,0.0,0.0,0.0,0.0,0.0,0.0,2.3236712387219702,10.21310029343937
75,1330385612,True,,50.0,quantile_glm,8009.870369221963,-3847.381107942394,7903.195962987861,"[0, 5, 16, 12, 11, 9, 28, 18, 3, 17, 26, 13, 22, 38, 1, 14, 49, 48, 21, 6, 4, 10, 52, 47, 25, 42, 24, 27, 23, 45, 32, 15, 51, 40, 44, 54, 53, 46, 30, 41, 19, 33, 36, 39, 8, 50, 34, 35, 43, 20, 31]","[""Intercept"", ""xage"", ""child"", ""physlm"", ""disea"", ""num"", ""lnum"", ""lfam"", ""black"", ""fchild"", ""xghindx"", ""ghindx"", ""fmde"", ""plan_11"", ""coins"", ""mdeoff"", ""site_5"", ""site_4"", ""logc"", ""female"", ""income"", ""mhi"", ""year_3"", ""site_3"", ""hlthp"", ""plan_16"", ""hlthf"", ""linc"", ""hlthg"", ""plan_19"", ""plan_5"", ""pioff"", ""year_2"", ""plan_14"", ""plan_18"", ""year_5"", ""year_4"", ""site_2"", ""plan_3"", ""plan_15"", ""lpi"", ""plan_6"", ""plan_9"", ""plan_13"", ""time"", ""site_6"", ""plan_7"", ""plan_8"", ""plan_17"", ""idp"", ""plan_4""]","[[5, 16, 12, 11, 3, 22, 1, 49, 48, 21, 6, 4, 47, 25, 23, 50, 34], [5, 12, 50]]","[17, 3]",1026.6456034183502,0.8284140907816087,0.17158590921839142,-2.063983043646557,-0.11413041628837685,0.0,-0.051465399608673246,0.10417240864751409,0.23271792880844389,0.1577806831374643,0.0,0.0,0.0,0.0,0.03864178193948367,0.06980820012346571,0.0,0.0,0.0,-0.10011675560794263,0.0,0.0,0.0,0.0,-0.01769550763213236,-0.24173794460490178,-0.09500254248072543,0.0,0.05792440783171617,0.0,0.0,0.0,0.0,0.0,0.0,0.0,0.0,0.13654842102907652,0.0,0.0,0.0,0.0,0.0,0.0,0.0,0.0,0.0,0.0,0.0,0.0,0.09909912930719,-0.2564405553640753,-0.13809639146079117,-0.30703568724617475,0.0,0.0,0.0,0.0,0.4360455199079826,0.0,0.0,0.0,0.0,0.7354846858687777,0.0,0.0,0.0,0.0,0.0,0.0,0.33129242703923834,0.0,0.0,0.0,0.0,0.0,0.0,0.0,0.0,0.0,0.0,0.0,0.0,0.0,0.0,0.0,0.0,0.0,0.0,0.0,0.0,0.0,0.0,0.0,0.0,0.0,0.0,0.0,0.0,0.0,0.0,0.0,0.0,0.0,0.0,0.0,0.0,0.0,0.5070050316967738,0.0,0.0,0.0,0.0,2.0873085622916157,8.063184375412945
76,634233588,True,,25.0,kmeans_glm,8053.842086956396,-3882.6212801426927,8103.947399327879,"[0, 5, 16, 12, 11, 28, 18, 9, 26, 13, 3, 10, 14, 22, 17, 49, 24, 38, 1, 15, 6, 21, 23, 25, 19, 41, 47, 52, 42, 32, 45, 51, 54, 36, 2, 33, 46, 34, 39, 35, 48, 30, 20, 43, 29, 27, 50, 44, 53, 4, 37]","[""Intercept"", ""xage"", ""child"", ""physlm"", ""disea"", ""lnum"", ""lfam"", ""num"", ""xghindx"", ""ghindx"", ""black"", ""mhi"", ""mdeoff"", ""fmde"", ""fchild"", ""site_5"", ""hlthf"", ""plan_11"", ""coins"", ""pioff"", ""female"", ""logc"", ""hlthg"", ""hlthp"", ""lpi"", ""plan_15"", ""site_3"", ""year_3"", ""plan_16"", ""plan_5"", ""plan_19"", ""year_2"", ""year_5"", ""plan_9"", ""tookphys"", ""plan_6"", ""site_2"", ""plan_7"", ""plan_13"", ""plan_8"", ""site_4"", ""plan_3"", ""idp"", ""plan_17"", ""plan_2"", ""linc"", ""site_6"", ""plan_18"", ""year_4"", ""income"", ""plan_10""]","[[5, 16, 12, 11, 26, 3, 14, 22, 49, 24, 1, 6, 25, 47, 54, 36, 46, 34, 35, 48, 29, 50, 53, 4], [16, 12, 11, 28, 18, 26, 3, 14, 49, 38, 50]]","[24, 11]",1480.118046283722,0.42287511008271994,0.5771248899172801,-1.6316840702538042,-0.21850100978546083,0.0,-0.214487584990145,-0.03962389551846046,0.1424345946202049,0.1564004795711652,0.0,0.0,0.0,0.0,0.013994199052239099,0.06792683808287449,0.0,-0.0409507848219605,0.0,-0.12378947476662469,0.0,0.0,0.0,0.0,0.0,-0.06618248257325528,0.0,0.035454146391960296,0.061824798472945745,-0.021349898376538286,0.0,0.0,0.11494098399466686,0.0,0.0,0.0,0.0,0.058636321556932276,0.028619124575807356,-0.7269095000156846,0.0,0.0,0.0,0.0,0.0,0.0,0.0,0.0,0.0,-0.1916937454041736,-0.014321432322991809,-0.3461869531145393,-0.23402199613978622,-0.5026639964291816,0.0,0.0,-0.3565458762011281,-1.126326515975363,-0.9256526643315873,0.0,0.0,-0.48674724576610995,0.0,0.0,0.0,0.0,0.0,0.0,0.0,0.2831025950834356,0.16261285906541936,0.0,-0.22434003246580217,0.0,-0.633242719473778,0.0,-0.09539406332908117,0.0,0.0,0.0,0.0,0.0,0.0,0.0,-0.18787190362168976,0.0,-0.09539518097115778,0.0,0.0,0.0,0.0,0.0,0.0,0.0,0.0,0.0,0.06604491969648137,0.0,0.0,0.0,0.0,0.0,0.0,0.0,0.0,0.0,0.0,-0.12181175096434615,0.4520096125476668,0.0,0.0,0.0,0.0,3.097314038464774,22.13840843882844
77,810037227,True,,100.0,kmeans_glm,7851.134483477231,-3840.480086507123,7776.492307103154,"[0, 16, 5, 12, 11, 38, 3, 28, 18, 14, 1, 22, 9, 21, 17, 26, 13, 10, 15, 42, 6, 48, 19, 24, 49, 47, 41, 33, 46, 45, 40, 52, 27, 23, 4, 7, 54, 2, 37, 32, 30, 39, 53, 8, 29, 51, 25, 34, 35, 31, 43]","[""Intercept"", ""child"", ""xage"", ""physlm"", ""disea"", ""plan_11"", ""black"", ""lnum"", ""lfam"", ""mdeoff"", ""coins"", ""fmde"", ""num"", ""logc"", ""fchild"", ""xghindx"", ""ghindx"", ""mhi"", ""pioff"", ""plan_16"", ""female"", ""site_4"", ""lpi"", ""hlthf"", ""site_5"", ""site_3"", ""plan_15"", ""plan_6"", ""site_2"", ""plan_19"", ""plan_14"", ""year_3"", ""linc"", ""hlthg"", ""income"", ""educdec"", ""year_5"", ""tookphys"", ""plan_10"", ""plan_5"", ""plan_3"", ""plan_13"", ""year_4"", ""time"", ""plan_2"", ""year_2"", ""hlthp"", ""plan_7"", ""plan_8"", ""plan_4"", ""plan_17""]","[[16, 5, 11, 3, 21, 48, 47], []]","[7, 0]",1677.1376585960388,0.8407740795343062,0.1592259204656939,-2.007044500103239,0.0,0.0,-0.215714447833922,0.0,0.1447576808664561,0.0,0.0,0.0,0.0,0.0,0.09232919952493639,0.0,0.0,0.0,0.0,-0.2521388937634066,0.0,0.0,0.0,0.0,-0.24745804508433003,0.0,0.0,0.0,0.0,0.0,0.0,0.0,0.0,0.0,0.0,0.0,0.0,0.0,0.0,0.0,0.0,0.0,0.0,0.0,0.0,0.0,0.0,0.0,0.0,0.0,0.1983047801573271,-0.24443012669936678,0.0,0.0,0.0,0.0,0.0,0.0,0.8932535168240745,0.0,0.0,0.0,0.0,0.0,0.0,0.0,0.0,0.0,0.0,0.0,0.0,0.0,0.0,0.0,0.0,0.0,0.0,0.0,0.0,0.0,0.0,0.0,0.0,0.0,0.0,0.0,0.0,0.0,0.0,0.0,0.0,0.0,0.0,0.0,0.0,0.0,0.0,0.0,0.0,0.0,0.0,0.0,0.0,0.0,0.0,0.0,0.0,0.0,0.0,0.0,0.0,0.0,0.0,2.2833562925534143,9.809548936526218
78,1073573451,True,,50.0,kmeans_glm,7967.4612718924345,-3847.36610405463,7885.796476287077,"[0, 5, 11, 16, 12, 28, 18, 26, 9, 13, 3, 17, 38, 22, 47, 21, 14, 10, 24, 49, 1, 48, 52, 33, 6, 25, 41, 15, 45, 19, 53, 42, 54, 32, 34, 2, 51, 4, 40, 23, 27, 36, 8, 37, 30, 29, 20, 31, 43, 39, 7]","[""Intercept"", ""xage"", ""disea"", ""child"", ""physlm"", ""lnum"", ""lfam"", ""xghindx"", ""num"", ""ghindx"", ""black"", ""fchild"", ""plan_11"", ""fmde"", ""site_3"", ""logc"", ""mdeoff"", ""mhi"", ""hlthf"", ""site_5"", ""coins"", ""site_4"", ""year_3"", ""plan_6"", ""female"", ""hlthp"", ""plan_15"", ""pioff"", ""plan_19"", ""lpi"", ""year_4"", ""plan_16"", ""year_5"", ""plan_5"", ""plan_7"", ""tookphys"", ""year_2"", ""income"", ""plan_14"", ""hlthg"", ""linc"", ""plan_9"", ""time"", ""plan_10"", ""plan_3"", ""plan_2"", ""idp"", ""plan_4"", ""plan_17"", ""plan_13"", ""educdec""]","[[5, 11, 16, 3, 22, 47, 21, 10, 48, 6, 41, 42, 34, 29], [5, 11, 16, 12]]","[14, 4]",1226.7607996463776,0.8324167364877786,0.1675832635122214,-2.0575926387514527,0.0,0.0,-0.13816407046818435,0.0,0.2286712112225372,0.14599571916847362,0.0,0.0,0.0,-0.044249468475186106,0.15218804791132248,0.0,0.0,0.0,0.0,-0.07794859931090153,0.0,0.0,0.0,0.0,-0.048302488257269315,-0.18768523713249588,0.0,0.0,0.0,0.0,0.0,0.0,0.0630033323890314,0.0,0.0,0.0,0.0,0.11882215279773055,0.0,0.0,0.0,0.0,0.0,0.0,-0.16304009020723167,-0.21165408935178864,0.0,0.0,0.0,0.0,0.23824922241002852,-0.19733368219293487,0.0,0.0,0.0,0.0,0.0,0.0,0.5000398104881577,0.0,0.0,0.0,0.0,0.06115159562538196,0.0,0.0,0.0,0.0,0.0,0.22012710168559818,0.3169040710342018,0.0,0.0,0.0,-0.616351776909212,0.0,0.0,0.0,0.0,0.0,0.0,0.0,0.0,0.0,0.0,0.0,0.0,0.0,0.0,0.0,0.0,0.0,0.0,0.0,0.0,0.0,0.0,0.0,0.0,0.0,0.0,0.0,0.0,0.0,0.0,0.0,0.0,0.0,0.0,0.0,0.0,0.0,0.0,2.108250649388295,8.233824832081417
79,1179257280,True,,50.0,kmeans_glm,7830.640354031181,-3767.6428620146025,7743.719471132278,"[0, 5, 16, 12, 11, 28, 18, 26, 9, 13, 14, 1, 22, 38, 17, 3, 21, 10, 49, 42, 23, 15, 19, 52, 24, 47, 32, 41, 48, 6, 46, 51, 37, 54, 27, 39, 45, 53, 20, 4, 33, 31, 7, 8, 44, 40, 36, 30, 29, 43, 50]","[""Intercept"", ""xage"", ""child"", ""physlm"", ""disea"", ""lnum"", ""lfam"", ""xghindx"", ""num"", ""ghindx"", ""mdeoff"", ""coins"", ""fmde"", ""plan_11"", ""fchild"", ""black"", ""logc"", ""mhi"", ""site_5"", ""plan_16"", ""hlthg"", ""pioff"", ""lpi"", ""year_3"", ""hlthf"", ""site_3"", ""plan_5"", ""plan_15"", ""site_4"", ""female"", ""site_2"", ""year_2"", ""plan_10"", ""year_5"", ""linc"", ""plan_13"", ""plan_19"", ""year_4"", ""idp"", ""income"", ""plan_6"", ""plan_4"", ""educdec"", ""time"", ""plan_18"", ""plan_14"", ""plan_9"", ""plan_3"", ""plan_2"", ""plan_17"", ""site_6""]","[[5, 16, 11, 1, 22, 3, 21, 49, 42, 52, 24, 47, 41, 48, 6, 29, 43, 50], [12, 11]]","[18, 2]",1175.4835300445557,0.8410826540183678,0.15891734598163207,-2.386075571774359,-0.1947670320412246,0.0,-0.09324510043162478,0.0,0.23577651342833444,0.11076101859379428,0.0,0.0,0.0,0.0,0.05738215107978288,0.0,0.0,0.0,0.0,-0.16224495276958587,0.0,0.0,0.0,0.0,0.030981930964543696,-0.20847745134765427,0.0,0.07817075872635153,0.0,0.0,0.0,0.0,0.08536745240357117,0.0,0.0,0.0,0.0,0.0,0.0,0.0,0.0,0.0,0.0,0.0,-0.16208242282873522,-0.5352517449583227,0.11844475089204085,0.0,0.0,0.0,0.07514786321974634,-0.1944619745752881,-0.16673981796072754,-0.30315625515424227,0.0,-1.9033829563198623,0.0,0.0,0.6240593776343185,0.0,0.0,0.0,0.0,0.0,0.0,0.0,0.0,0.0,0.0,0.40087568921965305,0.30295277273196664,0.0,0.0,0.0,0.0,0.0,0.0,0.0,0.0,0.0,0.0,0.0,0.0,0.0,0.0,0.0,0.0,0.0,0.0,0.0,0.0,0.0,0.0,0.0,0.0,0.0,0.0,0.0,0.0,0.0,0.0,0.0,0.0,0.0,0.0,0.0,0.0,0.0,0.0,0.0,0.0,0.0,0.0,2.2322052515286916,9.320397253252677
80,33201980,True,,100.0,quantile_glm,7843.680418533626,-3854.519999742662,7787.202654648977,"[0, 5, 16, 12, 3, 11, 26, 17, 13, 38, 9, 28, 18, 22, 21, 1, 14, 49, 24, 4, 10, 27, 47, 41, 52, 46, 42, 6, 32, 51, 48, 7, 54, 45, 25, 29, 37, 43, 31, 23, 15, 33, 35, 2, 53, 8, 19, 40, 36, 30, 34]","[""Intercept"", ""xage"", ""child"", ""physlm"", ""black"", ""disea"", ""xghindx"", ""fchild"", ""ghindx"", ""plan_11"", ""num"", ""lnum"", ""lfam"", ""fmde"", ""logc"", ""coins"", ""mdeoff"", ""site_5"", ""hlthf"", ""income"", ""mhi"", ""linc"", ""site_3"", ""plan_15"", ""year_3"", ""site_2"", ""plan_16"", ""female"", ""plan_5"", ""year_2"", ""site_4"", ""educdec"", ""year_5"", ""plan_19"", ""hlthp"", ""plan_2"", ""plan_10"", ""plan_17"", ""plan_4"", ""hlthg"", ""pioff"", ""plan_6"", ""plan_8"", ""tookphys"", ""year_4"", ""time"", ""lpi"", ""plan_14"", ""plan_9"", ""plan_3"", ""plan_7""]","[[5, 16, 21, 47, 25], []]","[5, 0]",869.2567038536072,0.8500584381215033,0.14994156187849664,-2.0079443910182437,0.0,0.0,0.0,0.0,0.2390844266476833,0.0,0.0,0.0,0.0,0.0,0.0,0.0,0.0,0.0,0.0,-0.21034537365518596,0.0,0.0,0.0,0.0,-0.37212683405989794,0.0,0.0,0.0,0.07217520040277635,0.0,0.0,0.0,0.0,0.0,0.0,0.0,0.0,0.0,0.0,0.0,0.0,0.0,0.0,0.0,0.0,0.0,0.0,0.0,0.0,0.0,0.2394100529377266,0.0,0.0,0.0,0.0,0.0,0.0,0.0,0.8112770310205858,0.0,0.0,0.0,0.0,0.0,0.0,0.0,0.0,0.0,0.0,0.0,0.0,0.0,0.0,0.0,0.0,0.0,0.0,0.0,0.0,0.0,0.0,0.0,0.0,0.0,0.0,0.0,0.0,0.0,0.0,0.0,0.0,0.0,0.0,0.0,0.0,0.0,0.0,0.0,0.0,0.0,0.0,0.0,0.0,0.0,0.0,0.0,0.0,0.0,0.0,0.0,0.0,0.0,0.0,2.1363989003762636,8.468885351153308
81,440272928,True,,25.0,quantile_glm,7911.357174133677,-3763.9923175265867,7858.004734633038,"[0, 5, 16, 12, 28, 18, 11, 26, 9, 13, 14, 38, 22, 3, 17, 1, 21, 47, 15, 48, 25, 6, 10, 19, 49, 33, 24, 52, 42, 46, 51, 45, 2, 4, 54, 53, 41, 32, 23, 36, 43, 30, 27, 37, 40, 8, 35, 39, 50, 7, 29]","[""Intercept"", ""xage"", ""child"", ""physlm"", ""lnum"", ""lfam"", ""disea"", ""xghindx"", ""num"", ""ghindx"", ""mdeoff"", ""plan_11"", ""fmde"", ""black"", ""fchild"", ""coins"", ""logc"", ""site_3"", ""pioff"", ""site_4"", ""hlthp"", ""female"", ""mhi"", ""lpi"", ""site_5"", ""plan_6"", ""hlthf"", ""year_3"", ""plan_16"", ""site_2"", ""year_2"", ""plan_19"", ""tookphys"", ""income"", ""year_5"", ""year_4"", ""plan_15"", ""plan_5"", ""hlthg"", ""plan_9"", ""plan_17"", ""plan_3"", ""linc"", ""plan_10"", ""plan_14"", ""time"", ""plan_8"", ""plan_13"", ""site_6"", ""educdec"", ""plan_2""]","[[5, 16, 26, 14, 22, 1, 21, 47, 48, 25, 6, 33, 24, 52, 54, 53, 41, 43, 40, 8, 50, 7], [5, 16, 12, 28, 18, 11, 9, 14, 3, 48, 49, 50]]","[22, 12]",1244.6338505744934,0.8112747111411006,0.1887252888588993,-2.5158378231625327,-0.026844388275736798,0.0,0.0,0.0,0.2650725889141294,0.13055008256618217,0.07485392840660358,0.487908607533647,0.0,0.0,0.0,0.0,0.0,-0.05596654207094079,0.0,-0.09008881648696077,0.0,0.0,0.0,0.0,-0.15590260038719206,-0.05275290683577321,0.0,0.04189409947248716,0.08797190738156148,-0.09970521501271967,0.0,0.0,0.0,0.0,0.0,0.0,-0.12724922414883005,0.0,0.0,0.0,0.0,0.0,0.0,-0.08680897866527305,-0.21460168170866295,0.0,0.10875729391598632,0.0,0.0,0.0,0.1729433711944793,-0.2187212666408373,0.0,-0.3249754491704452,0.0,-1.0091821071608502,-1.1242591870808063,-1.0702652279130689,0.03774115208790136,0.0,0.0,-0.5498181618588854,0.0,0.24276868276009464,0.0,0.0,0.0,-0.275354792969339,0.0,0.1853473187238511,0.27209997018591925,0.0,-0.3695565801997504,0.0,-0.2996268584982657,0.0,0.024361342043865752,0.0,0.0,0.0,0.0,0.0,0.0,0.0,0.0,0.0,0.024363508479510635,0.0,0.0,0.0,0.0,0.0,0.0,0.0,0.0,0.0,0.0,0.0,0.0,0.0,0.0,0.0,0.0,0.0,0.0,0.0,-0.34903091766298106,-0.3342974404622572,0.412319438955393,0.0,0.0,0.0,0.0,1.5402404020345974,4.665711782781292
82,973171102,True,,100.0,kmeans_glm,7792.208428435263,-3822.496087119366,7731.839568865013,"[0, 5, 16, 11, 28, 18, 1, 9, 3, 14, 38, 12, 22, 21, 26, 49, 17, 13, 10, 6, 24, 42, 41, 52, 15, 19, 32, 45, 47, 51, 2, 48, 37, 34, 27, 33, 54, 40, 31, 7, 35, 4, 46, 29, 25, 43, 30, 8, 39, 23, 36]","[""Intercept"", ""xage"", ""child"", ""disea"", ""lnum"", ""lfam"", ""coins"", ""num"", ""black"", ""mdeoff"", ""plan_11"", ""physlm"", ""fmde"", ""logc"", ""xghindx"", ""site_5"", ""fchild"", ""ghindx"", ""mhi"", ""female"", ""hlthf"", ""plan_16"", ""plan_15"", ""year_3"", ""pioff"", ""lpi"", ""plan_5"", ""plan_19"", ""site_3"", ""year_2"", ""tookphys"", ""site_4"", ""plan_10"", ""plan_7"", ""linc"", ""plan_6"", ""year_5"", ""plan_14"", ""plan_4"", ""educdec"", ""plan_8"", ""income"", ""site_2"", ""plan_2"", ""hlthp"", ""plan_17"", ""plan_3"", ""time"", ""plan_13"", ""hlthg"", ""plan_9""]","[[5, 16, 11, 21, 6, 47], []]","[6, 0]",1087.203588962555,0.8468237357684164,0.15317626423158354,-2.008812194298435,0.0,0.0,0.0,0.0,0.18997647264262887,0.15046696869055382,0.0,0.0,0.0,0.0,0.13082646826863054,0.0,0.0,0.0,0.0,-0.22395831681559286,0.0,0.0,0.0,0.0,-0.31405180154683304,0.0,0.0,0.0,0.0,0.0,0.0,0.0,0.0,0.0,0.0,0.0,0.0,0.0,0.0,0.0,0.0,0.0,0.0,0.0,0.0,0.0,0.0,0.0,0.0,0.0,0.2032758510080564,0.0,0.0,0.0,0.0,0.0,0.0,0.0,0.8536382317734752,0.0,0.0,0.0,0.0,0.0,0.0,0.0,0.0,0.0,0.0,0.0,0.0,0.0,0.0,0.0,0.0,0.0,0.0,0.0,0.0,0.0,0.0,0.0,0.0,0.0,0.0,0.0,0.0,0.0,0.0,0.0,0.0,0.0,0.0,0.0,0.0,0.0,0.0,0.0,0.0,0.0,0.0,0.0,0.0,0.0,0.0,0.0,0.0,0.0,0.0,0.0,0.0,0.0,0.0,2.2353713952286096,9.34995373564139
83,1927221042,True,,50.0,kmeans_glm,7490.175211597868,-3621.9918956060287,7417.678580464618,"[0, 5, 16, 12, 28, 18, 11, 9, 26, 13, 10, 17, 1, 14, 38, 22, 21, 3, 48, 46, 49, 42, 41, 15, 6, 52, 24, 7, 45, 47, 23, 19, 53, 25, 51, 27, 54, 4, 50, 40, 37, 43, 33, 31, 2, 30, 8, 29, 35, 20, 39]","[""Intercept"", ""xage"", ""child"", ""physlm"", ""lnum"", ""lfam"", ""disea"", ""num"", ""xghindx"", ""ghindx"", ""mhi"", ""fchild"", ""coins"", ""mdeoff"", ""plan_11"", ""fmde"", ""logc"", ""black"", ""site_4"", ""site_2"", ""site_5"", ""plan_16"", ""plan_15"", ""pioff"", ""female"", ""year_3"", ""hlthf"", ""educdec"", ""plan_19"", ""site_3"", ""hlthg"", ""lpi"", ""year_4"", ""hlthp"", ""year_2"", ""linc"", ""year_5"", ""income"", ""site_6"", ""plan_14"", ""plan_10"", ""plan_17"", ""plan_6"", ""plan_4"", ""tookphys"", ""plan_3"", ""time"", ""plan_2"", ""plan_8"", ""idp"", ""plan_13""]","[[5, 16, 11, 10, 14, 21, 48, 6, 24, 47, 50, 43], [5, 12, 28, 18]]","[12, 4]",1251.636735200882,0.8453461605308419,0.15465383946915826,-2.198619788817897,0.0,0.0,0.0,0.0,0.24206189265508998,0.13664164416020336,0.0,0.0,0.0,-0.09103730096922953,0.06267473200485824,0.0,0.0,-0.10241164818912125,0.0,-0.21450368641133227,0.0,0.0,0.0,0.0,-0.2854021765515231,0.0,0.0,0.08147145779395255,0.0,0.0,0.0,0.0,0.0,0.0,0.0,0.0,0.0,0.0,0.0,0.0,0.0,0.0,0.0,0.0,0.0,0.0,0.10347433591504127,0.0,0.0,0.0,0.17603554249933379,-0.24668700050332676,0.0,-0.34143078996529286,0.0,0.0,0.0,0.0,0.5864892122373789,0.0,0.0,0.0,0.0,0.33246070713930703,0.0,0.0,0.0,0.0,0.0,0.0,0.29137978885841753,0.0,0.0,0.0,0.0,0.0,-0.15286947896293213,0.0,0.0,0.0,0.0,0.0,0.0,0.0,0.0,0.0,-0.15286964138341244,0.0,0.0,0.0,0.0,0.0,0.0,0.0,0.0,0.0,0.0,0.0,0.0,0.0,0.0,0.0,0.0,0.0,0.0,0.0,0.0,0.0,0.0,0.0,0.0,0.0,0.0,2.091434048853638,8.096517644901821
84,1733312715,True,,25.0,quantile_glm,7925.011216148159,-3774.3990450986576,7852.763971389297,"[0, 5, 11, 16, 12, 28, 18, 9, 26, 3, 38, 14, 22, 17, 10, 1, 13, 21, 48, 4, 23, 15, 19, 47, 49, 42, 6, 45, 33, 52, 27, 25, 24, 41, 30, 32, 53, 51, 54, 36, 2, 46, 50, 35, 8, 31, 34, 29, 39, 44, 7]","[""Intercept"", ""xage"", ""disea"", ""child"", ""physlm"", ""lnum"", ""lfam"", ""num"", ""xghindx"", ""black"", ""plan_11"", ""mdeoff"", ""fmde"", ""fchild"", ""mhi"", ""coins"", ""ghindx"", ""logc"", ""site_4"", ""income"", ""hlthg"", ""pioff"", ""lpi"", ""site_3"", ""site_5"", ""plan_16"", ""female"", ""plan_19"", ""plan_6"", ""year_3"", ""linc"", ""hlthp"", ""hlthf"", ""plan_15"", ""plan_3"", ""plan_5"", ""year_4"", ""year_2"", ""year_5"", ""plan_9"", ""tookphys"", ""site_2"", ""site_6"", ""plan_8"", ""time"", ""plan_4"", ""plan_7"", ""plan_2"", ""plan_13"", ""plan_18"", ""educdec""]","[[5, 11, 16, 3, 22, 1, 21, 48, 4, 47, 6, 25, 24, 41, 30, 54, 46, 50, 34, 29, 7], [5, 11, 16, 12, 9, 3, 23, 49, 50, 7]]","[21, 10]",1380.0513422489166,0.8292551126035528,0.1707448873964472,-2.2786265578911933,-0.1308445985596029,0.0,-0.10983000373613079,0.08617521942432585,0.14115094727376665,0.12190278885463617,0.05922141413303661,0.0,0.0,0.0,0.12019635140402726,0.0,0.0,0.0,0.0,-0.17949190549686384,0.0,0.0,0.0,0.0,-0.05240472919223673,-0.25178440651452033,0.0,0.06437422693443497,0.07398008272736593,0.0,0.0,0.0,0.04694584029893373,-0.11094134375858612,0.0,0.0,0.0,0.13125575953747226,0.0,0.0,0.0,0.0,0.0,0.0,-0.22483754130201916,0.0,0.0,0.0,0.0,-0.13317124698965394,0.08744857137948314,-0.3801168760135309,0.0,-0.3734507087386435,0.0,0.0,0.0,-1.0604558453264523,0.15164359646290715,0.0,0.0,-0.6153586977014587,0.0,0.38295115425361753,0.0,0.27506076806261964,0.0,-0.2651908752885313,0.0,0.2052682174949031,0.24326678482509104,0.0,0.0,0.0,-0.1833655881402639,0.0,0.0,0.0,0.0,0.0,0.0,0.27068328904604616,0.0,0.0,0.0,0.0,0.0,0.0,0.0,0.0,0.0,0.0,0.0,0.0,0.0,0.0,0.0,0.0,0.0,0.0,0.0,0.0,0.0,0.0,0.0,0.0,0.0,-0.26403273189721116,0.8145110459800792,0.0,0.0,0.0,0.0,1.731730779773215,5.65042509156459
85,1392156050,True,,100.0,quantile_glm,8088.3161281139755,-3959.697047565769,8014.926229220447,"[0, 5, 16, 12, 11, 3, 13, 26, 9, 28, 18, 14, 38, 22, 10, 17, 21, 49, 46, 48, 47, 1, 15, 42, 33, 23, 6, 52, 2, 45, 19, 24, 54, 51, 4, 27, 32, 41, 43, 36, 40, 31, 20, 37, 8, 25, 7, 35, 39, 34, 29]","[""Intercept"", ""xage"", ""child"", ""physlm"", ""disea"", ""black"", ""ghindx"", ""xghindx"", ""num"", ""lnum"", ""lfam"", ""mdeoff"", ""plan_11"", ""fmde"", ""mhi"", ""fchild"", ""logc"", ""site_5"", ""site_2"", ""site_4"", ""site_3"", ""coins"", ""pioff"", ""plan_16"", ""plan_6"", ""hlthg"", ""female"", ""year_3"", ""tookphys"", ""plan_19"", ""lpi"", ""hlthf"", ""year_5"", ""year_2"", ""income"", ""linc"", ""plan_5"", ""plan_15"", ""plan_17"", ""plan_9"", ""plan_14"", ""plan_4"", ""idp"", ""plan_10"", ""time"", ""hlthp"", ""educdec"", ""plan_8"", ""plan_13"", ""plan_7"", ""plan_2""]","[[5, 11, 3, 22, 10, 21, 47], []]","[7, 0]",1103.0450057983398,0.8354985010870312,0.16450149891296878,-1.9761663269163374,0.0,0.0,-0.1999973763107956,0.0,0.28693715558771965,0.0,0.0,0.0,0.0,-0.14402861156968544,0.12781134409205752,0.0,0.0,0.0,0.0,0.0,0.0,0.0,0.0,0.0,-0.2932251111803239,-0.05390041666498833,0.0,0.0,0.0,0.0,0.0,0.0,0.0,0.0,0.0,0.0,0.0,0.0,0.0,0.0,0.0,0.0,0.0,0.0,0.0,0.0,0.0,0.0,0.0,0.0,0.2086443119529221,0.0,0.0,0.0,0.0,0.0,0.0,0.0,0.9656375465771101,0.0,0.0,0.0,0.0,0.0,0.0,0.0,0.0,0.0,0.0,0.0,0.0,0.0,0.0,0.0,0.0,0.0,0.0,0.0,0.0,0.0,0.0,0.0,0.0,0.0,0.0,0.0,0.0,0.0,0.0,0.0,0.0,0.0,0.0,0.0,0.0,0.0,0.0,0.0,0.0,0.0,0.0,0.0,0.0,0.0,0.0,0.0,0.0,0.0,0.0,0.0,0.0,0.0,0.0,2.3606129291134397,10.597444944739953
86,1341428690,True,,50.0,quantile_glm,8199.70436078563,-3943.591857655714,8130.356420265013,"[0, 5, 16, 12, 28, 18, 11, 14, 38, 22, 9, 21, 26, 1, 10, 3, 15, 17, 13, 6, 42, 19, 48, 49, 2, 46, 23, 52, 51, 33, 47, 27, 4, 45, 32, 30, 24, 40, 25, 54, 20, 34, 7, 36, 31, 37, 39, 43, 41, 8, 29]","[""Intercept"", ""xage"", ""child"", ""physlm"", ""lnum"", ""lfam"", ""disea"", ""mdeoff"", ""plan_11"", ""fmde"", ""num"", ""logc"", ""xghindx"", ""coins"", ""mhi"", ""black"", ""pioff"", ""fchild"", ""ghindx"", ""female"", ""plan_16"", ""lpi"", ""site_4"", ""site_5"", ""tookphys"", ""site_2"", ""hlthg"", ""year_3"", ""year_2"", ""plan_6"", ""site_3"", ""linc"", ""income"", ""plan_19"", ""plan_5"", ""plan_3"", ""hlthf"", ""plan_14"", ""hlthp"", ""year_5"", ""idp"", ""plan_7"", ""educdec"", ""plan_9"", ""plan_4"", ""plan_10"", ""plan_13"", ""plan_17"", ""plan_15"", ""time"", ""plan_2""]","[[5, 16, 12, 11, 22, 21, 1, 10, 3, 6, 42, 48, 47, 30, 24, 34, 43], [5, 12, 28, 18, 14, 38, 15]]","[17, 7]",1938.502380847931,0.8053148074575269,0.1946851925424731,-2.6527554516846146,-0.02351688412966375,0.0,-0.23812789275718307,0.0,0.1934719424236619,0.17055659527560169,0.0,0.0,0.0,-0.06864314057898116,0.04825281670591958,0.06126211071944141,0.0,0.0,0.0,-0.2487928282371318,0.0,0.0,0.0,0.0,-0.10957604400895929,-0.2836699099801379,0.0,0.08879635936184657,0.0,0.0,0.0,0.0,0.0,-0.5861901635197615,0.0,0.0,0.0,0.13773661434240606,0.0,0.0,0.0,0.0,0.0,0.0,0.0,-1.891475829436859,0.13999101922200324,0.0,0.0,0.0,0.1821371393470272,-0.1051563914832836,0.0,0.0,0.0,0.0,0.0,0.0,0.4789567383400251,0.0,0.0,0.0,0.0,0.5717482541530413,0.0,0.0,0.0,0.0,0.0,0.0,0.1722789239298308,0.0,-0.14611506269635102,-0.29122103008000405,0.0,0.0,-0.04821636315823631,0.0,0.0,0.0,0.0,0.0,0.0,0.0,0.0,0.0,-0.04821645246435262,0.0,0.0,0.0,0.0,0.0,0.0,0.0,0.0,0.0,0.16532000349766307,0.0,0.0,0.0,0.0,0.0,0.0,0.0,0.0,0.0,0.0,0.0,0.0,0.0,0.0,0.0,0.0,1.9428658738496045,6.978722477310069
87,1782895092,True,,25.0,kmeans_glm,7773.084954447324,-3682.4573864933045,7703.619612029102,"[0, 5, 16, 11, 28, 18, 9, 12, 10, 38, 1, 14, 17, 26, 13, 21, 48, 47, 22, 3, 49, 52, 15, 42, 24, 6, 23, 19, 34, 20, 32, 41, 27, 25, 46, 54, 4, 30, 45, 43, 29, 50, 51, 37, 44, 39, 31, 40, 8, 35, 33]","[""Intercept"", ""xage"", ""child"", ""disea"", ""lnum"", ""lfam"", ""num"", ""physlm"", ""mhi"", ""plan_11"", ""coins"", ""mdeoff"", ""fchild"", ""xghindx"", ""ghindx"", ""logc"", ""site_4"", ""site_3"", ""fmde"", ""black"", ""site_5"", ""year_3"", ""pioff"", ""plan_16"", ""hlthf"", ""female"", ""hlthg"", ""lpi"", ""plan_7"", ""idp"", ""plan_5"", ""plan_15"", ""linc"", ""hlthp"", ""site_2"", ""year_5"", ""income"", ""plan_3"", ""plan_19"", ""plan_17"", ""plan_2"", ""site_6"", ""year_2"", ""plan_10"", ""plan_18"", ""plan_13"", ""plan_4"", ""plan_14"", ""time"", ""plan_8"", ""plan_6""]","[[5, 16, 11, 28, 18, 10, 38, 1, 21, 48, 47, 22, 3, 49, 52, 6, 34, 25, 46, 54, 43, 50], [5, 16, 11, 28, 18, 9, 12, 10, 38, 3, 49, 46, 50]]","[22, 13]",966.5775048732758,0.8337469813323899,0.16625301866761014,-2.5090983236078888,-0.2415339391966712,0.0,-0.10207246238479054,0.0,0.12525381983213238,0.10475201307331286,0.0,0.0,0.0,-0.03970132089508296,0.09132472719442429,0.0,0.0,0.0,0.0,-0.1919050283751113,0.0,-0.01638438028601866,0.0,0.0,0.16283525208805374,-0.1114612898313503,0.0,0.0,0.05089314300460622,0.0,0.0,-0.0163854307610734,0.0,0.0,0.0,0.0,0.0,0.1260459900679338,0.0,0.0,0.0,0.28546234350514044,0.0,0.0,0.0,0.0,0.15638022542813643,0.0,0.0,-0.3452577222708403,0.03195266918864352,-0.42913017551354105,-0.23306787063862325,-0.4218099588202815,0.0,-1.8623887346603751,0.0,-1.004161362157823,0.20211505136035374,0.0,0.0,-0.3204011946940159,0.0,0.17171304458597184,0.0,0.0,0.0,-0.1345544891996817,-0.3196992990720416,0.11869881424301645,0.14028577908821854,0.0,0.0,0.0,-0.2888055412732506,0.0,-0.11488259962038672,0.0,0.0,0.0,0.0,0.0,0.0,0.0,0.0,0.0,-0.11488303937466618,0.0,0.0,0.0,0.0,0.0,0.0,0.0,0.0,0.0,0.2920545242694127,0.0,0.0,0.0,0.0,0.0,0.0,0.0,0.2250949737409274,0.0,0.0,-0.21495812990532906,0.7413926384713827,0.0,0.0,0.0,0.0,1.6534382486830261,5.224913531313486
88,1164891131,True,,50.0,kmeans_glm,7881.30584731953,-3802.22784705774,7821.57418068118,"[0, 5, 16, 12, 28, 18, 3, 9, 11, 17, 14, 38, 22, 26, 13, 49, 1, 21, 24, 47, 10, 48, 42, 6, 15, 32, 52, 45, 46, 4, 41, 25, 43, 33, 2, 7, 35, 27, 19, 54, 23, 37, 30, 8, 29, 40, 31, 51, 34, 50, 39]","[""Intercept"", ""xage"", ""child"", ""physlm"", ""lnum"", ""lfam"", ""black"", ""num"", ""disea"", ""fchild"", ""mdeoff"", ""plan_11"", ""fmde"", ""xghindx"", ""ghindx"", ""site_5"", ""coins"", ""logc"", ""hlthf"", ""site_3"", ""mhi"", ""site_4"", ""plan_16"", ""female"", ""pioff"", ""plan_5"", ""year_3"", ""plan_19"", ""site_2"", ""income"", ""plan_15"", ""hlthp"", ""plan_17"", ""plan_6"", ""tookphys"", ""educdec"", ""plan_8"", ""linc"", ""lpi"", ""year_5"", ""hlthg"", ""plan_10"", ""plan_3"", ""time"", ""plan_2"", ""plan_14"", ""plan_4"", ""year_2"", ""plan_7"", ""site_6"", ""plan_13""]","[[5, 16, 12, 28, 18, 3, 11, 22, 49, 1, 21, 24, 47, 48, 6, 25, 43, 2, 29, 34, 50], []]","[21, 0]",1235.759192943573,0.8325449840550688,0.16745501594493115,-2.188043219509081,-0.18075845993740253,0.08839885274837894,-0.16314590495408884,0.0,0.10953796140966356,0.1887785086577219,0.0,0.0,0.0,0.0,0.005283096661583336,0.07712396132278493,0.0,0.0,0.0,-0.19575966049548107,0.0,-0.017287383889626546,0.0,0.0,-0.020444608582507816,-0.2705838619760134,0.0,0.1297407859689603,0.09237560360935643,0.0,0.0,-0.017288055425599698,0.09351842975857778,0.0,0.0,0.0,0.0,0.12431136011545083,0.0,0.0,0.0,0.0,0.0,0.0,0.0,0.0,0.17492752958769417,0.0,0.0,0.0,0.056945081309471915,-0.2724934946192095,-0.18788650421010328,-0.4305864873694433,0.0,0.0,0.0,0.0,0.8156536785807439,0.0,0.0,0.0,0.0,0.0,0.0,0.0,0.0,0.0,0.0,0.0,0.0,0.0,0.0,0.0,0.0,0.0,0.0,0.0,0.0,0.0,0.0,0.0,0.0,0.0,0.0,0.0,0.0,0.0,0.0,0.0,0.0,0.0,0.0,0.0,0.0,0.0,0.0,0.0,0.0,0.0,0.0,0.0,0.0,0.0,0.0,0.0,0.0,0.0,0.0,0.0,0.0,0.0,0.0,2.159969042392813,8.670869224945012
89,1155160937,True,,100.0,kmeans_glm,8147.779771314265,-3980.2946704655997,8064.806214482735,"[0, 5, 16, 11, 3, 12, 26, 38, 10, 22, 21, 9, 13, 28, 18, 17, 6, 1, 25, 49, 14, 33, 46, 42, 4, 48, 52, 19, 24, 41, 27, 51, 23, 47, 15, 29, 54, 32, 2, 45, 30, 40, 50, 43, 53, 44, 8, 7, 36, 31, 35]","[""Intercept"", ""xage"", ""child"", ""disea"", ""black"", ""physlm"", ""xghindx"", ""plan_11"", ""mhi"", ""fmde"", ""logc"", ""num"", ""ghindx"", ""lnum"", ""lfam"", ""fchild"", ""female"", ""coins"", ""hlthp"", ""site_5"", ""mdeoff"", ""plan_6"", ""site_2"", ""plan_16"", ""income"", ""site_4"", ""year_3"", ""lpi"", ""hlthf"", ""plan_15"", ""linc"", ""year_2"", ""hlthg"", ""site_3"", ""pioff"", ""plan_2"", ""year_5"", ""plan_5"", ""tookphys"", ""plan_19"", ""plan_3"", ""plan_14"", ""site_6"", ""plan_17"", ""year_4"", ""plan_18"", ""time"", ""educdec"", ""plan_9"", ""plan_4"", ""plan_8""]","[[5, 11, 3, 21, 42, 47, 29, 50], []]","[8, 0]",1337.6787033081055,0.8274010966872309,0.1725989033127691,-2.0370777965584903,0.0,0.0,-0.14563642942144095,0.0,0.36924139224290126,0.0,0.0,0.0,0.0,0.0,0.13645062079231302,0.0,0.0,0.0,0.0,0.0,0.0,0.0,0.0,0.0,-0.26482706646499893,0.0,0.0,0.0,0.0,0.0,0.0,0.0,0.08433233714466191,0.0,0.0,0.0,0.0,0.0,0.0,0.0,0.0,0.0,0.0,0.0,0.0,-0.2799616078493662,0.0,0.0,0.0,0.0,0.1510292860411092,0.0,0.0,-0.2752947727574672,0.0,0.0,0.0,0.0,0.9709240525727042,0.0,0.0,0.0,0.0,0.0,0.0,0.0,0.0,0.0,0.0,0.0,0.0,0.0,0.0,0.0,0.0,0.0,0.0,0.0,0.0,0.0,0.0,0.0,0.0,0.0,0.0,0.0,0.0,0.0,0.0,0.0,0.0,0.0,0.0,0.0,0.0,0.0,0.0,0.0,0.0,0.0,0.0,0.0,0.0,0.0,0.0,0.0,0.0,0.0,0.0,0.0,0.0,0.0,0.0,2.413352496679074,11.17135035140529
90,2087740145,True,,50.0,quantile_glm,7760.981840088097,-3769.597879499413,7712.8905482513865,"[0, 5, 16, 12, 3, 11, 9, 38, 28, 18, 26, 14, 17, 13, 22, 1, 49, 47, 21, 15, 48, 24, 10, 19, 52, 32, 42, 30, 45, 51, 4, 23, 34, 54, 27, 46, 6, 25, 53, 41, 2, 36, 33, 20, 31, 35, 44, 37, 8, 7, 39]","[""Intercept"", ""xage"", ""child"", ""physlm"", ""black"", ""disea"", ""num"", ""plan_11"", ""lnum"", ""lfam"", ""xghindx"", ""mdeoff"", ""fchild"", ""ghindx"", ""fmde"", ""coins"", ""site_5"", ""site_3"", ""logc"", ""pioff"", ""site_4"", ""hlthf"", ""mhi"", ""lpi"", ""year_3"", ""plan_5"", ""plan_16"", ""plan_3"", ""plan_19"", ""year_2"", ""income"", ""hlthg"", ""plan_7"", ""year_5"", ""linc"", ""site_2"", ""female"", ""hlthp"", ""year_4"", ""plan_15"", ""tookphys"", ""plan_9"", ""plan_6"", ""idp"", ""plan_4"", ""plan_8"", ""plan_18"", ""plan_10"", ""time"", ""educdec"", ""plan_13""]","[[5, 16, 12, 3, 11, 22, 1, 47, 21, 48, 24, 30, 34, 54, 6, 25], []]","[16, 0]",1475.3550689220428,0.8370448648987459,0.1629551351012541,-2.1481516095726096,-0.10008116007947838,0.0,-0.31031217099467207,0.0,0.07829720609709158,0.09773944885821821,0.0,0.0,0.0,0.0,0.017768762335288447,0.04620188860067347,0.0,0.0,0.0,-0.2560025856326504,0.0,0.0,0.0,0.0,0.00797483232887713,-0.3100656713162317,0.0,0.05737411100865534,0.06789586054669204,0.0,0.0,0.0,0.0,-0.12546505291636148,0.0,0.0,0.0,0.1701513997294512,0.0,0.0,0.0,0.0,0.0,0.0,0.0,0.0,0.0,0.0,0.0,0.0,0.17983259982614375,-0.1780555892337905,0.0,0.0,0.0,0.0,0.0,-1.1062952203574212,0.8297679186813193,0.0,0.0,0.0,0.0,0.0,0.0,0.0,0.0,0.0,0.0,0.0,0.0,0.0,0.0,0.0,0.0,0.0,0.0,0.0,0.0,0.0,0.0,0.0,0.0,0.0,0.0,0.0,0.0,0.0,0.0,0.0,0.0,0.0,0.0,0.0,0.0,0.0,0.0,0.0,0.0,0.0,0.0,0.0,0.0,0.0,0.0,0.0,0.0,0.0,0.0,0.0,0.0,0.0,0.0,2.2562707584123336,9.547418066521162
91,2007331314,True,,50.0,quantile_glm,7713.930227490302,-3683.522653318866,7584.163793203433,"[0, 5, 16, 12, 11, 28, 18, 17, 9, 26, 13, 14, 3, 22, 38, 1, 24, 21, 47, 15, 10, 49, 52, 4, 42, 6, 45, 23, 48, 33, 19, 27, 32, 51, 25, 54, 53, 30, 34, 36, 29, 37, 41, 31, 2, 40, 44, 50, 8, 35, 39]","[""Intercept"", ""xage"", ""child"", ""physlm"", ""disea"", ""lnum"", ""lfam"", ""fchild"", ""num"", ""xghindx"", ""ghindx"", ""mdeoff"", ""black"", ""fmde"", ""plan_11"", ""coins"", ""hlthf"", ""logc"", ""site_3"", ""pioff"", ""mhi"", ""site_5"", ""year_3"", ""income"", ""plan_16"", ""female"", ""plan_19"", ""hlthg"", ""site_4"", ""plan_6"", ""lpi"", ""linc"", ""plan_5"", ""year_2"", ""hlthp"", ""year_5"", ""year_4"", ""plan_3"", ""plan_7"", ""plan_9"", ""plan_2"", ""plan_10"", ""plan_15"", ""plan_4"", ""tookphys"", ""plan_14"", ""plan_18"", ""site_6"", ""time"", ""plan_8"", ""plan_13""]","[[5, 16, 3, 22, 1, 24, 21, 47, 4, 6, 48, 25, 30, 34, 29, 41, 50], [16, 12, 11, 50]]","[17, 4]",1216.1002855300903,0.8296606992867509,0.17033930071324913,-2.2531722033194073,-0.0567477299398343,0.0,-0.08606001288682773,0.19503204736079183,0.20166230107945618,0.14946289903991117,0.0,0.0,0.0,0.0,0.0,0.0,0.0,0.0,0.0,-0.22390291780973914,0.0,0.0,0.0,0.0,0.01976830231144677,-0.3261383057415472,0.0,0.15208762675814366,0.11182275496798488,0.0,0.0,0.0,0.0863871847967924,-0.08085122263328015,0.0,0.0,0.0,0.11321685715283877,0.0,0.0,0.0,0.0,0.0,0.0,-0.1875600957409743,0.0,0.0,0.0,0.0,0.0,0.1933893628119524,-0.16100995102342402,0.0,-0.25578524647445244,0.0,0.0,0.0,0.0,0.31028201983424797,0.0,0.0,0.0,0.0,0.0,0.0,0.0,0.0,0.0,0.0,0.2966930333236489,0.24710875050098638,0.0,0.0,0.0,-0.7063616271775678,0.0,0.0,0.0,0.0,0.0,0.0,0.0,0.0,0.0,0.0,0.0,0.0,0.0,0.0,0.0,0.0,0.0,0.0,0.0,0.0,0.0,0.0,0.0,0.0,0.0,0.0,0.0,0.0,0.0,0.0,0.0,0.0,0.0,0.5895679035388652,0.0,0.0,0.0,0.0,1.7760674059500827,5.906582493966116
92,1344998206,True,,100.0,quantile_glm,7575.78675169292,-3728.575002276354,7526.627920253733,"[0, 5, 16, 11, 12, 14, 28, 18, 38, 22, 3, 9, 1, 21, 17, 26, 10, 42, 13, 15, 49, 52, 24, 4, 41, 19, 48, 46, 6, 45, 40, 33, 53, 54, 30, 25, 32, 2, 47, 51, 43, 44, 36, 29, 7, 23, 34, 27, 8, 35, 20]","[""Intercept"", ""xage"", ""child"", ""disea"", ""physlm"", ""mdeoff"", ""lnum"", ""lfam"", ""plan_11"", ""fmde"", ""black"", ""num"", ""coins"", ""logc"", ""fchild"", ""xghindx"", ""mhi"", ""plan_16"", ""ghindx"", ""pioff"", ""site_5"", ""year_3"", ""hlthf"", ""income"", ""plan_15"", ""lpi"", ""site_4"", ""site_2"", ""female"", ""plan_19"", ""plan_14"", ""plan_6"", ""year_4"", ""year_5"", ""plan_3"", ""hlthp"", ""plan_5"", ""tookphys"", ""site_3"", ""year_2"", ""plan_17"", ""plan_18"", ""plan_9"", ""plan_2"", ""educdec"", ""hlthg"", ""plan_7"", ""linc"", ""time"", ""plan_8"", ""idp""]","[[5, 11, 21, 47], []]","[4, 0]",947.9839849472046,0.8355002844331699,0.16449971556683018,-2.0495738314633387,0.0,0.0,0.0,0.0,0.33830877895850914,0.0,0.0,0.0,0.0,0.0,0.12139273844703759,0.0,0.0,0.0,0.0,0.0,0.0,0.0,0.0,0.0,-0.34013450589496197,0.0,0.0,0.0,0.0,0.0,0.0,0.0,0.0,0.0,0.0,0.0,0.0,0.0,0.0,0.0,0.0,0.0,0.0,0.0,0.0,0.0,0.0,0.0,0.0,0.0,0.20030991945304963,0.0,0.0,0.0,0.0,0.0,0.0,0.0,0.7708976061141994,0.0,0.0,0.0,0.0,0.0,0.0,0.0,0.0,0.0,0.0,0.0,0.0,0.0,0.0,0.0,0.0,0.0,0.0,0.0,0.0,0.0,0.0,0.0,0.0,0.0,0.0,0.0,0.0,0.0,0.0,0.0,0.0,0.0,0.0,0.0,0.0,0.0,0.0,0.0,0.0,0.0,0.0,0.0,0.0,0.0,0.0,0.0,0.0,0.0,0.0,0.0,0.0,0.0,0.0,2.2188411859844983,9.196667461474025
93,913553840,True,,50.0,quantile_glm,7813.6156317291525,-3735.41088010679,7696.624986241909,"[0, 5, 16, 11, 26, 13, 9, 28, 18, 12, 38, 17, 10, 22, 14, 3, 21, 1, 6, 43, 49, 24, 42, 47, 48, 52, 15, 51, 32, 2, 23, 33, 4, 40, 53, 19, 27, 45, 46, 31, 36, 37, 54, 44, 25, 29, 34, 41, 50, 7, 8]","[""Intercept"", ""xage"", ""child"", ""disea"", ""xghindx"", ""ghindx"", ""num"", ""lnum"", ""lfam"", ""physlm"", ""plan_11"", ""fchild"", ""mhi"", ""fmde"", ""mdeoff"", ""black"", ""logc"", ""coins"", ""female"", ""plan_17"", ""site_5"", ""hlthf"", ""plan_16"", ""site_3"", ""site_4"", ""year_3"", ""pioff"", ""year_2"", ""plan_5"", ""tookphys"", ""hlthg"", ""plan_6"", ""income"", ""plan_14"", ""year_4"", ""lpi"", ""linc"", ""plan_19"", ""site_2"", ""plan_4"", ""plan_9"", ""plan_10"", ""year_5"", ""plan_18"", ""hlthp"", ""plan_2"", ""plan_7"", ""plan_15"", ""site_6"", ""educdec"", ""time""]","[[5, 16, 11, 10, 22, 3, 21, 6, 43, 24, 42, 47, 48, 31, 29, 50], [5, 16, 11, 26, 38, 50]]","[16, 6]",1416.8105368614197,0.8415097916849343,0.15849020831506558,-2.1094812709421515,0.0,0.0,-0.09366124006095393,0.0,0.2899267792074011,0.1745714878748548,0.0,0.0,0.0,-0.06595888095062695,0.04910668966776799,0.0,0.0,0.0,0.0,-0.13253618246717527,0.0,0.0,0.0,0.0,-0.060041860152175275,-0.2173792469750389,0.0,0.0752292199369615,0.0,0.0,0.0,0.0,0.0328713541164706,0.0,-0.1419760490266717,0.0,0.0,0.0,0.0,0.0,0.0,0.0,0.0,0.0,0.0,-0.16350069165094563,0.13590001523591996,0.0,0.0,0.0,0.17379555291050947,-0.16154482746680288,0.0,-0.3099733773305022,0.0,0.0,0.0,0.0,0.17753227031412788,0.0,0.0,0.0,0.0,0.12582584045812487,0.0,0.0,0.0,0.0,0.0,0.21879724703540904,0.0,0.0,0.0,0.0,-0.6742463502943867,0.0,0.0,0.0,0.0,0.0,0.0,0.0,0.0,0.0,-0.23312981100716676,0.0,0.0,0.0,0.0,0.0,0.0,0.0,0.0,0.0,0.0,0.0,0.35582637742345846,0.0,0.0,0.0,0.0,0.0,0.0,0.0,0.0,0.0,0.0,0.0,0.3983471693855977,0.0,0.0,0.0,0.0,1.8043120843304672,6.075790379167034
94,1429890198,True,,50.0,quantile_glm,7841.582787030593,-3779.269861355113,7766.973469813299,"[0, 5, 16, 12, 11, 26, 38, 14, 22, 13, 10, 28, 18, 21, 1, 9, 3, 17, 48, 42, 15, 19, 47, 25, 49, 41, 6, 24, 52, 46, 45, 32, 2, 4, 23, 54, 33, 30, 53, 44, 37, 51, 27, 20, 31, 8, 35, 50, 39, 34, 36]","[""Intercept"", ""xage"", ""child"", ""physlm"", ""disea"", ""xghindx"", ""plan_11"", ""mdeoff"", ""fmde"", ""ghindx"", ""mhi"", ""lnum"", ""lfam"", ""logc"", ""coins"", ""num"", ""black"", ""fchild"", ""site_4"", ""plan_16"", ""pioff"", ""lpi"", ""site_3"", ""hlthp"", ""site_5"", ""plan_15"", ""female"", ""hlthf"", ""year_3"", ""site_2"", ""plan_19"", ""plan_5"", ""tookphys"", ""income"", ""hlthg"", ""year_5"", ""plan_6"", ""plan_3"", ""year_4"", ""plan_18"", ""plan_10"", ""year_2"", ""linc"", ""idp"", ""plan_4"", ""time"", ""plan_8"", ""site_6"", ""plan_13"", ""plan_7"", ""plan_9""]","[[5, 16, 11, 26, 38, 22, 21, 1, 48, 42, 47, 25, 49, 6, 24, 50, 34, 36], [12, 11]]","[18, 2]",1719.1903114318848,0.8489469039287987,0.15105309607120126,-2.045088784783265,-0.0947864062395949,0.0,0.0,0.0,0.18393674684799563,0.14567732434326974,0.0,0.0,0.0,0.0,0.014210990691710826,0.0,0.0,0.0,0.0,-0.19588430515983893,0.0,0.0,0.0,0.0,-0.03608685919960371,-0.20566135112578293,0.0,0.05694581945547461,0.09277584701105683,-0.05764865223941374,0.0,0.0,0.0,0.0,0.0,0.0,0.0,0.07618594496205504,0.0,0.096196443806449,0.0,0.06982928379177034,0.0,0.0,0.0,-0.1175926200089188,0.0,0.0,0.0,0.0,0.10682048248981248,-0.3248160050327512,-0.14678763581766768,-0.3856163755928244,0.0,0.0,0.0,0.0,0.5260268342481701,0.0,0.0,0.0,0.0,0.0,0.0,0.0,0.0,0.0,0.0,0.3043929176522243,0.371932940326889,0.0,0.0,0.0,0.0,0.0,0.0,0.0,0.0,0.0,0.0,0.0,0.0,0.0,0.0,0.0,0.0,0.0,0.0,0.0,0.0,0.0,0.0,0.0,0.0,0.0,0.0,0.0,0.0,0.0,0.0,0.0,0.0,0.0,0.0,0.0,0.0,0.0,0.0,0.0,0.0,0.0,0.0,2.1440571208917802,8.533990920903875
95,1397706365,True,,100.0,quantile_glm,8061.683998820652,-3936.658325939705,7986.218264893574,"[0, 5, 16, 38, 11, 22, 12, 3, 28, 18, 14, 21, 9, 26, 17, 13, 1, 10, 49, 42, 15, 48, 25, 47, 32, 52, 6, 19, 41, 45, 2, 33, 23, 24, 4, 30, 27, 54, 46, 35, 51, 20, 44, 36, 53, 50, 43, 8, 39, 29, 34]","[""Intercept"", ""xage"", ""child"", ""plan_11"", ""disea"", ""fmde"", ""physlm"", ""black"", ""lnum"", ""lfam"", ""mdeoff"", ""logc"", ""num"", ""xghindx"", ""fchild"", ""ghindx"", ""coins"", ""mhi"", ""site_5"", ""plan_16"", ""pioff"", ""site_4"", ""hlthp"", ""site_3"", ""plan_5"", ""year_3"", ""female"", ""lpi"", ""plan_15"", ""plan_19"", ""tookphys"", ""plan_6"", ""hlthg"", ""hlthf"", ""income"", ""plan_3"", ""linc"", ""year_5"", ""site_2"", ""plan_8"", ""year_2"", ""idp"", ""plan_18"", ""plan_9"", ""year_4"", ""site_6"", ""plan_17"", ""time"", ""plan_13"", ""plan_2"", ""plan_7""]","[[5, 16, 38, 11, 22, 21, 1, 47, 50], []]","[9, 0]",1783.8573336601257,0.8313771903653623,0.1686228096346377,-2.062634336187612,-0.15523708341163814,0.0,0.0,0.0,0.22416731038038923,0.0,0.0,0.0,0.0,0.0,0.1120600833321508,0.0,0.0,0.0,0.0,-0.18340852801124913,0.0,0.0,0.0,0.0,-0.13825394643140157,-0.16986814619996005,0.0,0.0,0.0,0.0,0.0,0.0,0.0,0.0,0.0,0.0,0.0,0.0,0.0,0.0,0.0,-0.049829299708053845,0.0,0.0,0.0,0.0,0.0,0.0,0.0,0.0,0.23958550981490165,0.0,0.0,-0.24092456305197416,0.0,0.0,0.0,0.0,0.9618690775696508,0.0,0.0,0.0,0.0,0.0,0.0,0.0,0.0,0.0,0.0,0.0,0.0,0.0,0.0,0.0,0.0,0.0,0.0,0.0,0.0,0.0,0.0,0.0,0.0,0.0,0.0,0.0,0.0,0.0,0.0,0.0,0.0,0.0,0.0,0.0,0.0,0.0,0.0,0.0,0.0,0.0,0.0,0.0,0.0,0.0,0.0,0.0,0.0,0.0,0.0,0.0,0.0,0.0,0.0,2.215495520176822,9.165949899604849
96,196541829,True,,50.0,quantile_glm,7975.60378293275,-3854.7369310566387,7891.853390828466,"[0, 5, 16, 12, 28, 18, 10, 9, 3, 1, 17, 38, 26, 49, 14, 13, 22, 11, 21, 15, 47, 41, 42, 6, 19, 2, 52, 23, 24, 27, 46, 45, 48, 43, 4, 7, 31, 32, 33, 51, 53, 54, 30, 25, 40, 50, 8, 36, 29, 39, 20]","[""Intercept"", ""xage"", ""child"", ""physlm"", ""lnum"", ""lfam"", ""mhi"", ""num"", ""black"", ""coins"", ""fchild"", ""plan_11"", ""xghindx"", ""site_5"", ""mdeoff"", ""ghindx"", ""fmde"", ""disea"", ""logc"", ""pioff"", ""site_3"", ""plan_15"", ""plan_16"", ""female"", ""lpi"", ""tookphys"", ""year_3"", ""hlthg"", ""hlthf"", ""linc"", ""site_2"", ""plan_19"", ""site_4"", ""plan_17"", ""income"", ""educdec"", ""plan_4"", ""plan_5"", ""plan_6"", ""year_2"", ""year_4"", ""year_5"", ""plan_3"", ""hlthp"", ""plan_14"", ""site_6"", ""time"", ""plan_9"", ""plan_2"", ""plan_13"", ""idp""]","[[5, 16, 1, 38, 49, 11, 21, 47, 6, 24, 48, 31, 50, 29], [5, 16, 12]]","[14, 3]",1266.418966293335,0.8281519140831308,0.1718480859168691,-2.2036871969860234,-0.15516687985149707,0.0,0.0,0.0,0.23172734959742416,0.17931967056504713,0.0,0.0,0.0,0.0,0.04936335246273895,0.0,0.0,0.0,0.0,-0.217790366402758,0.0,0.0,0.0,0.0,-0.17209238436960625,0.0,0.0,0.10068210734563232,0.0,0.0,0.0,0.0,0.10030783754269723,0.0,-0.09550905593797694,0.0,0.0,0.0,0.0,0.0,0.0,0.11116935176243556,0.0,0.0,0.0,0.0,0.0,0.0,0.0,0.0,0.13334111480202818,-0.16243284693852922,-0.28772499596552065,-0.34923817367088955,0.0,0.0,0.0,0.0,0.5221724765202225,0.0,0.0,0.0,0.0,0.10405094982201019,0.0,0.0,0.0,0.0,0.0,0.0,0.3474566363961674,0.0,0.0,0.0,-0.5372796690960439,0.0,0.0,0.0,0.0,0.0,0.0,0.0,0.0,0.0,0.0,0.0,0.0,0.0,0.0,0.0,0.0,0.0,0.0,0.0,0.0,0.0,0.0,0.0,0.0,0.0,0.0,0.0,0.0,0.0,0.0,0.0,0.0,0.0,0.0,0.0,0.0,0.0,0.0,1.919459866119428,6.817275233333324
97,917294585,True,,25.0,kmeans_glm,8153.011176379219,-3880.2039125589663,8099.112664160426,"[0, 5, 16, 12, 11, 22, 14, 10, 38, 17, 28, 18, 3, 26, 21, 9, 13, 1, 49, 15, 6, 52, 24, 41, 19, 25, 45, 23, 35, 48, 54, 42, 46, 33, 37, 47, 29, 30, 4, 32, 40, 36, 2, 44, 51, 31, 27, 8, 43, 53, 50]","[""Intercept"", ""xage"", ""child"", ""physlm"", ""disea"", ""fmde"", ""mdeoff"", ""mhi"", ""plan_11"", ""fchild"", ""lnum"", ""lfam"", ""black"", ""xghindx"", ""logc"", ""num"", ""ghindx"", ""coins"", ""site_5"", ""pioff"", ""female"", ""year_3"", ""hlthf"", ""plan_15"", ""lpi"", ""hlthp"", ""plan_19"", ""hlthg"", ""plan_8"", ""site_4"", ""year_5"", ""plan_16"", ""site_2"", ""plan_6"", ""plan_10"", ""site_3"", ""plan_2"", ""plan_3"", ""income"", ""plan_5"", ""plan_14"", ""plan_9"", ""tookphys"", ""plan_18"", ""year_2"", ""plan_4"", ""linc"", ""time"", ""plan_17"", ""year_4"", ""site_6""]","[[5, 16, 11, 22, 10, 3, 1, 49, 6, 52, 24, 19, 25, 35, 48, 54, 46, 37, 47, 29, 30, 31, 8, 43, 53, 50], [5, 16, 12, 11, 38, 3, 1, 49, 50]]","[26, 9]",1510.5846059322357,0.8290748221313609,0.17092517786863917,-2.6125531437945835,-0.06069274824065328,0.0,-0.08609331965779006,0.0,0.084225052198287,0.10729909445298369,0.0,0.6248127615450462,0.0,-0.050232600165664394,0.08614257699033612,0.0,0.0,0.0,0.0,-0.15327368438336167,0.0,0.0,0.0816444217941196,0.0,0.0,-0.35082274784701534,0.0,0.07770527264351823,0.1289951973887714,0.0,0.0,0.0,0.05012445067975842,-2.0634270312008764,-0.10965277735856192,0.0,0.0,0.0,0.09295799021191394,0.0,-0.14456824203217117,0.0,0.0,0.0,0.0,0.0,0.11452030103712502,0.0,0.0,-0.15622876912630473,0.028012695359433078,-0.24160767523254195,-0.18261483240670148,-0.33641234526392205,0.0,-1.759057641031824,-0.339649055592731,-1.0488554956268668,0.11920736700024871,-0.3180613873204819,0.0,-0.3817226980148754,0.0,0.0533149409779813,0.0,0.0,0.0,0.0,0.0,0.2844334620828171,0.15416626639630338,0.0,0.0,0.0,-0.6575842670995988,0.0,0.0,0.0,0.0,0.0,0.0,0.0,0.0,0.0,0.0,0.0,0.0,0.0,0.0,0.0,0.0,0.0,0.0,0.0,0.0,0.0,0.2503494877279874,0.0,0.0,0.0,0.0,0.0,0.0,0.0,0.0,0.0,0.0,-0.5372506900040414,0.2900043242949772,0.0,0.0,0.0,0.0,1.6606037482781966,5.262487103047583
98,1099579671,True,,100.0,kmeans_glm,8025.260285412251,-3921.2476898479595,7946.712253247455,"[0, 5, 16, 11, 12, 22, 38, 26, 21, 3, 13, 17, 28, 18, 14, 9, 10, 6, 49, 1, 47, 32, 23, 52, 24, 42, 48, 2, 25, 33, 53, 19, 15, 54, 46, 7, 45, 37, 51, 39, 4, 34, 50, 20, 40, 43, 29, 30, 27, 8, 35]","[""Intercept"", ""xage"", ""child"", ""disea"", ""physlm"", ""fmde"", ""plan_11"", ""xghindx"", ""logc"", ""black"", ""ghindx"", ""fchild"", ""lnum"", ""lfam"", ""mdeoff"", ""num"", ""mhi"", ""female"", ""site_5"", ""coins"", ""site_3"", ""plan_5"", ""hlthg"", ""year_3"", ""hlthf"", ""plan_16"", ""site_4"", ""tookphys"", ""hlthp"", ""plan_6"", ""year_4"", ""lpi"", ""pioff"", ""year_5"", ""site_2"", ""educdec"", ""plan_19"", ""plan_10"", ""year_2"", ""plan_13"", ""income"", ""plan_7"", ""site_6"", ""idp"", ""plan_14"", ""plan_17"", ""plan_2"", ""plan_3"", ""linc"", ""time"", ""plan_8""]","[[5, 16, 11, 22, 21, 47, 34, 50], []]","[8, 0]",1502.6722457408905,0.8483996347552926,0.15160036524470744,-1.9618940094845696,0.0,0.0,0.0,0.0,0.14905170425744935,0.0,0.0,0.0,0.0,0.0,0.1606048776896061,0.0,0.0,0.0,0.0,-0.21292237348088638,0.0,0.0,0.0,0.0,-0.12010172500638693,-0.272191779065256,0.0,0.0,0.0,0.0,0.0,0.0,0.0,0.0,0.0,0.0,0.0,0.13717339530087896,0.0,0.0,0.0,0.0,0.0,0.0,0.0,0.0,0.0,0.0,0.0,0.0,0.186397393203694,0.0,0.0,-0.21593912347538144,0.0,0.0,0.0,0.0,0.7661194778636968,0.0,0.0,0.0,0.0,0.0,0.0,0.0,0.0,0.0,0.0,0.0,0.0,0.0,0.0,0.0,0.0,0.0,0.0,0.0,0.0,0.0,0.0,0.0,0.0,0.0,0.0,0.0,0.0,0.0,0.0,0.0,0.0,0.0,0.0,0.0,0.0,0.0,0.0,0.0,0.0,0.0,0.0,0.0,0.0,0.0,0.0,0.0,0.0,0.0,0.0,0.0,0.0,0.0,0.0,2.161072648357482,8.680443730209314
99,83398769,True,,50.0,quantile_glm,7947.553278739684,-3836.624410620007,7872.997828880459,"[0, 5, 16, 11, 28, 18, 9, 12, 3, 38, 26, 10, 22, 17, 13, 14, 21, 1, 49, 47, 6, 24, 46, 41, 15, 33, 48, 32, 52, 2, 19, 45, 7, 42, 23, 31, 4, 54, 27, 51, 25, 36, 29, 30, 53, 37, 20, 8, 44, 50, 35]","[""Intercept"", ""xage"", ""child"", ""disea"", ""lnum"", ""lfam"", ""num"", ""physlm"", ""black"", ""plan_11"", ""xghindx"", ""mhi"", ""fmde"", ""fchild"", ""ghindx"", ""mdeoff"", ""logc"", ""coins"", ""site_5"", ""site_3"", ""female"", ""hlthf"", ""site_2"", ""plan_15"", ""pioff"", ""plan_6"", ""site_4"", ""plan_5"", ""year_3"", ""tookphys"", ""lpi"", ""plan_19"", ""educdec"", ""plan_16"", ""hlthg"", ""plan_4"", ""income"", ""year_5"", ""linc"", ""year_2"", ""hlthp"", ""plan_9"", ""plan_2"", ""plan_3"", ""year_4"", ""plan_10"", ""idp"", ""time"", ""plan_18"", ""site_6"", ""plan_8""]","[[5, 16, 11, 28, 18, 3, 10, 22, 21, 1, 47, 48, 7, 29, 50, 35], [5, 16, 11]]","[16, 3]",1346.2427439689636,0.8261983053704228,0.17380169462957715,-2.150826697588585,-0.250555708442314,0.0,-0.13100682648673984,0.0,0.27417557412337323,0.0,0.08701347471117635,0.0,0.0,-0.10108058932552504,0.0513395346617583,0.0,0.0,0.0,0.0,-0.07490319016472755,0.0,-0.030022718128844276,0.0,0.0,-0.15408293593736913,-0.08630752324707992,0.0,0.0,0.0,0.0,0.0,-0.030025887216399923,0.15434079887501967,0.0,0.0,0.0,0.0,0.0,0.08600671856092397,0.0,0.0,0.0,0.0,0.0,0.0,0.0,0.0,0.0,0.0,0.0,0.20146707353748608,-0.15713140538307988,0.0,-0.20211181086266922,0.0,0.0,0.0,0.0,0.5034772401071139,0.0,0.0,0.0,0.0,0.0963741373059704,0.0,0.0,0.0,0.0,0.0,0.30240193503863544,0.0,0.0,0.0,0.0,-0.701196968576158,0.0,0.0,0.0,0.0,0.0,0.0,0.0,0.0,0.0,0.0,0.0,0.0,0.0,0.0,0.0,0.0,0.0,0.0,0.0,0.0,0.0,0.0,0.0,0.0,0.0,0.0,0.0,0.0,0.0,0.0,0.0,0.0,0.0,0.0,0.0,0.0,0.0,0.0,1.9030314289950765,6.706193007835133
100,658968861,True,,50.0,quantile_glm,7869.884472705086,-3781.79414102738,7763.337289695205,"[0, 5, 16, 12, 14, 38, 22, 26, 1, 28, 18, 13, 9, 21, 17, 3, 10, 15, 11, 42, 32, 49, 52, 19, 24, 47, 46, 2, 25, 51, 6, 41, 23, 40, 33, 45, 48, 36, 54, 37, 39, 4, 50, 53, 30, 8, 34, 20, 44, 27, 35]","[""Intercept"", ""xage"", ""child"", ""physlm"", ""mdeoff"", ""plan_11"", ""fmde"", ""xghindx"", ""coins"", ""lnum"", ""lfam"", ""ghindx"", ""num"", ""logc"", ""fchild"", ""black"", ""mhi"", ""pioff"", ""disea"", ""plan_16"", ""plan_5"", ""site_5"", ""year_3"", ""lpi"", ""hlthf"", ""site_3"", ""site_2"", ""tookphys"", ""hlthp"", ""year_2"", ""female"", ""plan_15"", ""hlthg"", ""plan_14"", ""plan_6"", ""plan_19"", ""site_4"", ""plan_9"", ""year_5"", ""plan_10"", ""plan_13"", ""income"", ""site_6"", ""year_4"", ""plan_3"", ""time"", ""plan_7"", ""idp"", ""plan_18"", ""linc"", ""plan_8""]","[[5, 16, 22, 1, 21, 11, 42, 32, 24, 47, 6, 48, 50, 34], [16, 12, 14, 1, 50]]","[14, 5]",1520.5038752555847,0.8155501657294331,0.18444983427056685,-2.5862082303151444,-0.06617526609224471,0.0,0.0,0.0,0.17112018981291216,0.1534924393056908,0.0,0.0,0.0,0.0,0.055339662277356406,0.0,0.0,0.0,0.0,-0.2552720220075966,0.0,0.0,0.0,0.0,-0.17200695419929135,-0.13837695510513334,0.0,0.06410400366261579,0.0,0.0,0.0,0.0,0.0,0.0,0.0,-1.479201840101612,0.0,0.11782059517359152,0.0,0.0,0.0,0.0,0.0,0.0,0.0,-0.2326097426484521,0.0,0.0,0.0,0.0,0.11014668318997142,-0.19475665428516042,0.0,-0.4309958853592415,0.0,0.0,0.0,0.0,0.2075818606021439,-0.2794200323388349,0.0,0.0,0.0,0.0,0.0,0.0,0.0,0.0,0.0,0.0,0.31935447596553446,0.0,-0.24234858917717617,0.0,-0.7174152974216697,0.0,0.0,0.0,0.0,0.0,0.0,0.0,0.0,0.0,0.0,0.0,0.0,0.0,0.0,0.0,0.0,0.0,0.0,0.0,0.0,0.0,0.0,0.0,0.0,0.0,0.0,0.0,0.0,0.0,0.0,0.0,0.0,0.0,0.4805920677991212,0.0,0.0,0.0,0.0,1.4923871764128676,4.447700301475517
101,473779798,True,,50.0,kmeans_glm,7850.898676844107,-3792.783548796939,7785.316105234323,"[0, 5, 16, 11, 38, 12, 21, 3, 22, 1, 14, 26, 9, 13, 17, 28, 18, 10, 42, 49, 15, 4, 40, 19, 52, 43, 33, 45, 6, 41, 48, 25, 47, 32, 24, 27, 2, 20, 54, 30, 31, 51, 39, 29, 8, 46, 50, 44, 23, 35, 7]","[""Intercept"", ""xage"", ""child"", ""disea"", ""plan_11"", ""physlm"", ""logc"", ""black"", ""fmde"", ""coins"", ""mdeoff"", ""xghindx"", ""num"", ""ghindx"", ""fchild"", ""lnum"", ""lfam"", ""mhi"", ""plan_16"", ""site_5"", ""pioff"", ""income"", ""plan_14"", ""lpi"", ""year_3"", ""plan_17"", ""plan_6"", ""plan_19"", ""female"", ""plan_15"", ""site_4"", ""hlthp"", ""site_3"", ""plan_5"", ""hlthf"", ""linc"", ""tookphys"", ""idp"", ""year_5"", ""plan_3"", ""plan_4"", ""year_2"", ""plan_13"", ""plan_2"", ""time"", ""site_2"", ""site_6"", ""plan_18"", ""hlthg"", ""plan_8"", ""educdec""]","[[5, 16, 11, 38, 21, 3, 22, 1, 26, 4, 52, 43, 6, 48, 25, 47, 29, 50], [50]]","[18, 1]",1035.2579193115234,0.8445391580437234,0.15546084195627657,-2.247078501188862,-0.22881566512520626,0.0,-0.09852303212278374,0.10287888701936579,0.14167789323952046,0.14066591325329833,0.0,0.0,0.0,0.0,0.06715166394194363,0.0,0.0,0.0,0.0,-0.2041110279030971,0.0,0.0,0.0,0.0,-0.09219911605763814,-0.08284517292242759,0.0,0.0,0.06512135409669957,-0.09060230736802215,0.0,0.0,0.14196605499515177,0.0,0.0,0.0,0.0,0.0,0.0,0.0,0.0,0.10324883569558313,0.0,0.0,0.0,0.0,0.17844485419316247,0.0,0.0,0.0,0.16203929042504447,-0.13179818043840918,0.0,-0.29164578450184564,0.0,-1.3605574685252746,0.0,0.0,0.6815992667640233,0.0,0.0,0.0,0.0,0.0,0.0,0.0,0.0,0.0,0.0,0.0,0.0,0.0,0.0,0.0,0.0,0.0,0.0,0.0,0.0,0.0,0.0,0.0,0.0,0.0,0.0,0.0,0.0,0.0,0.0,0.0,0.0,0.0,0.0,0.0,0.0,0.0,0.0,0.0,0.0,0.0,0.0,0.0,0.0,0.0,0.0,0.0,0.0,0.0,0.453593702238928,0.0,0.0,0.0,0.0,2.2001422323604816,9.026297239700064
102,2009442546,True,,50.0,quantile_glm,8178.404238209542,-3906.478087304619,8056.1288795628225,"[0, 5, 16, 11, 12, 26, 28, 18, 13, 9, 3, 10, 17, 22, 14, 38, 1, 49, 21, 32, 24, 23, 15, 52, 33, 25, 4, 48, 45, 42, 51, 41, 6, 47, 54, 46, 19, 53, 27, 2, 31, 43, 30, 34, 36, 29, 39, 20, 44, 50, 37]","[""Intercept"", ""xage"", ""child"", ""disea"", ""physlm"", ""xghindx"", ""lnum"", ""lfam"", ""ghindx"", ""num"", ""black"", ""mhi"", ""fchild"", ""fmde"", ""mdeoff"", ""plan_11"", ""coins"", ""site_5"", ""logc"", ""plan_5"", ""hlthf"", ""hlthg"", ""pioff"", ""year_3"", ""plan_6"", ""hlthp"", ""income"", ""site_4"", ""plan_19"", ""plan_16"", ""year_2"", ""plan_15"", ""female"", ""site_3"", ""year_5"", ""site_2"", ""lpi"", ""year_4"", ""linc"", ""tookphys"", ""plan_4"", ""plan_17"", ""plan_3"", ""plan_7"", ""plan_9"", ""plan_2"", ""plan_13"", ""idp"", ""plan_18"", ""site_6"", ""plan_10""]","[[5, 16, 11, 3, 10, 22, 1, 49, 24, 25, 4, 48, 47, 2, 31, 43, 34, 29, 50], [5, 11, 28, 18, 50]]","[19, 5]",1391.8195571899414,0.8346392726175323,0.16536072738246763,-2.022305345183525,-0.08794349543065158,0.09508546734539917,-0.1257160988861343,0.0816633610591852,0.18372561715242958,0.0,0.0,0.0,0.0,-0.08342466328405691,0.07154472846939343,0.0,0.0,0.0,0.0,-0.14755729592859068,0.0,0.0,0.0,0.0,0.0,-0.30240508929477944,0.0,0.08178233994054578,0.06963731387164596,0.0,0.0,0.0,0.07172792306588377,0.0,-0.07892119452410962,0.0,0.0,0.14413428943388346,0.0,0.0,0.0,0.0,0.0,0.0,0.0,0.0,0.13506776192005504,0.0,0.0,0.0,0.07700915678934521,-0.22769497159000637,-0.11080166931508931,-0.33299792637488906,0.0,0.0,0.0,0.0,0.40525710939090753,0.0,0.0,0.0,0.0,0.5526960102121633,0.0,0.0,0.0,0.0,0.0,0.10755019619802185,0.0,0.0,0.0,0.0,0.0,0.0,-0.19937030438674336,0.0,0.0,0.0,0.0,0.0,0.0,0.0,0.0,0.0,-0.19937061429206343,0.0,0.0,0.0,0.0,0.0,0.0,0.0,0.0,0.0,0.0,0.0,0.0,0.0,0.0,0.0,0.0,0.0,0.0,0.0,0.0,0.0,0.6188454203138597,0.0,0.0,0.0,0.0,2.030026638539164,7.614289189619188
103,1994811395,True,,100.0,quantile_glm,7892.174843411454,-3866.4430840323703,7819.733562691021,"[0, 5, 16, 12, 17, 3, 26, 38, 28, 18, 9, 22, 13, 47, 11, 14, 1, 21, 24, 10, 49, 19, 15, 48, 45, 41, 25, 27, 52, 4, 33, 6, 42, 51, 36, 54, 32, 30, 46, 23, 7, 29, 43, 37, 39, 35, 8, 50, 53, 44, 31]","[""Intercept"", ""xage"", ""child"", ""physlm"", ""fchild"", ""black"", ""xghindx"", ""plan_11"", ""lnum"", ""lfam"", ""num"", ""fmde"", ""ghindx"", ""site_3"", ""disea"", ""mdeoff"", ""coins"", ""logc"", ""hlthf"", ""mhi"", ""site_5"", ""lpi"", ""pioff"", ""site_4"", ""plan_19"", ""plan_15"", ""hlthp"", ""linc"", ""year_3"", ""income"", ""plan_6"", ""female"", ""plan_16"", ""year_2"", ""plan_9"", ""year_5"", ""plan_5"", ""plan_3"", ""site_2"", ""hlthg"", ""educdec"", ""plan_2"", ""plan_17"", ""plan_10"", ""plan_13"", ""plan_8"", ""time"", ""site_6"", ""year_4"", ""plan_18"", ""plan_4""]","[[5, 22, 47, 21, 6, 50], []]","[6, 0]",1214.609804391861,0.8365669403586934,0.16343305964130664,-2.0649770556524953,0.0,0.0,0.0,0.0,0.39201860850320563,0.15554859648046016,0.0,0.0,0.0,0.0,0.0,0.0,0.0,0.0,0.0,0.0,0.0,0.0,0.0,0.0,-0.29167790949893263,-0.05835204517510434,0.0,0.0,0.0,0.0,0.0,0.0,0.0,0.0,0.0,0.0,0.0,0.0,0.0,0.0,0.0,0.0,0.0,0.0,0.0,0.0,0.0,0.0,0.0,0.0,0.21509736740525578,0.0,0.0,-0.2793880904564912,0.0,0.0,0.0,0.0,1.0348721450833478,0.0,0.0,0.0,0.0,0.0,0.0,0.0,0.0,0.0,0.0,0.0,0.0,0.0,0.0,0.0,0.0,0.0,0.0,0.0,0.0,0.0,0.0,0.0,0.0,0.0,0.0,0.0,0.0,0.0,0.0,0.0,0.0,0.0,0.0,0.0,0.0,0.0,0.0,0.0,0.0,0.0,0.0,0.0,0.0,0.0,0.0,0.0,0.0,0.0,0.0,0.0,0.0,0.0,0.0,2.3188407114730603,10.163884598753043
104,878859059,True,,50.0,kmeans_glm,7843.823734639046,-3796.076718527528,7791.902444695501,"[0, 5, 16, 12, 26, 13, 10, 22, 38, 11, 28, 18, 3, 14, 21, 9, 17, 15, 1, 19, 24, 47, 25, 48, 6, 42, 41, 49, 45, 52, 33, 29, 4, 32, 54, 23, 2, 7, 35, 36, 51, 30, 31, 27, 53, 20, 40, 39, 46, 44, 50]","[""Intercept"", ""xage"", ""child"", ""physlm"", ""xghindx"", ""ghindx"", ""mhi"", ""fmde"", ""plan_11"", ""disea"", ""lnum"", ""lfam"", ""black"", ""mdeoff"", ""logc"", ""num"", ""fchild"", ""pioff"", ""coins"", ""lpi"", ""hlthf"", ""site_3"", ""hlthp"", ""site_4"", ""female"", ""plan_16"", ""plan_15"", ""site_5"", ""plan_19"", ""year_3"", ""plan_6"", ""plan_2"", ""income"", ""plan_5"", ""year_5"", ""hlthg"", ""tookphys"", ""educdec"", ""plan_8"", ""plan_9"", ""year_2"", ""plan_3"", ""plan_4"", ""linc"", ""year_4"", ""idp"", ""plan_14"", ""plan_13"", ""site_2"", ""plan_18"", ""site_6""]","[[5, 12, 10, 22, 38, 11, 3, 21, 1, 24, 47, 25, 48, 6, 29, 35, 50], [12, 25]]","[17, 2]",1649.7041192054749,0.8293099156138564,0.17069008438614364,-2.119440650686281,-0.11006998558874592,0.0,-0.10475330078323676,0.0,0.35045781531127035,0.16242313444664874,0.0,0.0,0.0,-0.08677124239614364,0.005915953292909923,0.049888768468459174,0.0,0.0,0.0,0.0,0.0,0.0,0.0,0.0,-0.053123171367558245,-0.09995488295274711,0.0,0.08402152348551703,0.07561871083862687,0.0,0.0,0.0,0.1444791561566674,0.0,0.0,0.0,0.0,0.0,0.09394891396923456,0.0,0.0,0.1205888840655871,0.0,0.0,0.0,0.0,0.0,0.0,0.0,0.0,0.16531418623969513,-0.2754192305466072,0.0,-0.32948997610839226,0.0,0.0,0.0,0.0,0.7076464127752272,0.0,0.0,0.0,0.0,0.0,0.0,0.0,0.0,0.0,0.0,0.0,0.32027463286161745,0.0,0.0,0.0,0.0,0.0,0.0,0.0,0.0,0.0,0.0,0.0,0.0,0.15085517924014827,0.0,0.0,0.0,0.0,0.0,0.0,0.0,0.0,0.0,0.0,0.0,0.0,0.0,0.0,0.0,0.0,0.0,0.0,0.0,0.0,0.0,0.0,0.0,0.0,0.0,0.0,0.0,0.0,0.0,2.1964413775165794,8.992953961211565
105,2127602976,True,,100.0,kmeans_glm,8037.195086769027,-3939.913174841698,7966.673744309676,"[0, 5, 16, 12, 11, 28, 18, 26, 13, 9, 3, 38, 14, 22, 17, 21, 10, 1, 6, 48, 41, 47, 25, 49, 52, 42, 32, 15, 19, 23, 54, 45, 33, 20, 24, 43, 30, 46, 51, 29, 36, 37, 8, 39, 35, 2, 31, 7, 34, 44, 53]","[""Intercept"", ""xage"", ""child"", ""physlm"", ""disea"", ""lnum"", ""lfam"", ""xghindx"", ""ghindx"", ""num"", ""black"", ""plan_11"", ""mdeoff"", ""fmde"", ""fchild"", ""logc"", ""mhi"", ""coins"", ""female"", ""site_4"", ""plan_15"", ""site_3"", ""hlthp"", ""site_5"", ""year_3"", ""plan_16"", ""plan_5"", ""pioff"", ""lpi"", ""hlthg"", ""year_5"", ""plan_19"", ""plan_6"", ""idp"", ""hlthf"", ""plan_17"", ""plan_3"", ""site_2"", ""year_2"", ""plan_2"", ""plan_9"", ""plan_10"", ""time"", ""plan_13"", ""plan_8"", ""tookphys"", ""plan_4"", ""educdec"", ""plan_7"", ""plan_18"", ""year_4""]","[[5, 16, 11, 21, 6, 47], []]","[6, 0]",1147.5517251491547,0.8725492179289859,0.12745078207101415,-1.9853575623107307,0.0,0.0,0.0,0.0,0.14590448944431206,0.13161389904138512,0.0,0.0,0.0,0.0,0.12066662326940225,0.0,0.0,0.0,0.0,-0.24186545641675494,0.0,0.0,0.0,0.0,-0.31353029785943587,0.0,0.0,0.0,0.0,0.0,0.0,0.0,0.0,0.0,0.0,0.0,0.0,0.0,0.0,0.0,0.0,0.0,0.0,0.0,0.0,0.0,0.0,0.0,0.0,0.0,0.24362760525792737,0.0,0.0,0.0,0.0,0.0,0.0,0.0,1.1464356151759876,0.0,0.0,0.0,0.0,0.0,0.0,0.0,0.0,0.0,0.0,0.0,0.0,0.0,0.0,0.0,0.0,0.0,0.0,0.0,0.0,0.0,0.0,0.0,0.0,0.0,0.0,0.0,0.0,0.0,0.0,0.0,0.0,0.0,0.0,0.0,0.0,0.0,0.0,0.0,0.0,0.0,0.0,0.0,0.0,0.0,0.0,0.0,0.0,0.0,0.0,0.0,0.0,0.0,0.0,2.047886127026747,7.751498093150359
106,2028824914,True,,100.0,kmeans_glm,8025.06309284321,-3928.3621401190376,7952.256414326984,"[0, 5, 16, 11, 12, 26, 28, 18, 9, 13, 38, 22, 21, 3, 17, 10, 24, 14, 41, 1, 49, 25, 52, 6, 15, 32, 4, 19, 47, 48, 45, 2, 27, 51, 29, 34, 53, 46, 33, 54, 42, 23, 40, 39, 36, 20, 8, 30, 35, 37, 31]","[""Intercept"", ""xage"", ""child"", ""disea"", ""physlm"", ""xghindx"", ""lnum"", ""lfam"", ""num"", ""ghindx"", ""plan_11"", ""fmde"", ""logc"", ""black"", ""fchild"", ""mhi"", ""hlthf"", ""mdeoff"", ""plan_15"", ""coins"", ""site_5"", ""hlthp"", ""year_3"", ""female"", ""pioff"", ""plan_5"", ""income"", ""lpi"", ""site_3"", ""site_4"", ""plan_19"", ""tookphys"", ""linc"", ""year_2"", ""plan_2"", ""plan_7"", ""year_4"", ""site_2"", ""plan_6"", ""year_5"", ""plan_16"", ""hlthg"", ""plan_14"", ""plan_13"", ""plan_9"", ""idp"", ""time"", ""plan_3"", ""plan_8"", ""plan_10"", ""plan_4""]","[[5, 16, 11, 21, 47, 29, 34], []]","[7, 0]",1175.4758341312408,0.8287819616747603,0.17121803832523977,-2.04701219434113,0.0,0.0,0.0,0.0,0.25062144590080676,0.0,0.0,0.0,0.0,0.0,0.1429569544805421,0.0,0.0,0.0,0.0,-0.17563433312466975,0.0,0.0,0.0,0.0,-0.3647564632367543,0.0,0.0,0.0,0.0,0.0,0.0,0.0,0.11279778534866369,0.0,0.0,0.0,0.0,0.15508708337856095,0.0,0.0,0.0,0.0,0.0,0.0,0.0,0.0,0.0,0.0,0.0,0.0,0.22793726138989837,0.0,0.0,0.0,0.0,0.0,0.0,0.0,0.8515721380419997,0.0,0.0,0.0,0.0,0.0,0.0,0.0,0.0,0.0,0.0,0.0,0.0,0.0,0.0,0.0,0.0,0.0,0.0,0.0,0.0,0.0,0.0,0.0,0.0,0.0,0.0,0.0,0.0,0.0,0.0,0.0,0.0,0.0,0.0,0.0,0.0,0.0,0.0,0.0,0.0,0.0,0.0,0.0,0.0,0.0,0.0,0.0,0.0,0.0,0.0,0.0,0.0,0.0,0.0,2.1368145311419506,8.472406012053133
107,102360718,True,,50.0,quantile_glm,7865.08457253499,-3786.469451308807,7772.687910258059,"[0, 5, 16, 12, 26, 9, 13, 28, 18, 3, 17, 38, 22, 14, 11, 1, 10, 21, 49, 47, 25, 15, 42, 24, 52, 19, 41, 51, 6, 33, 46, 32, 48, 53, 45, 29, 36, 54, 40, 2, 43, 23, 27, 39, 30, 8, 37, 31, 20, 35, 50]","[""Intercept"", ""xage"", ""child"", ""physlm"", ""xghindx"", ""num"", ""ghindx"", ""lnum"", ""lfam"", ""black"", ""fchild"", ""plan_11"", ""fmde"", ""mdeoff"", ""disea"", ""coins"", ""mhi"", ""logc"", ""site_5"", ""site_3"", ""hlthp"", ""pioff"", ""plan_16"", ""hlthf"", ""year_3"", ""lpi"", ""plan_15"", ""year_2"", ""female"", ""plan_6"", ""site_2"", ""plan_5"", ""site_4"", ""year_4"", ""plan_19"", ""plan_2"", ""plan_9"", ""year_5"", ""plan_14"", ""tookphys"", ""plan_17"", ""hlthg"", ""linc"", ""plan_13"", ""plan_3"", ""time"", ""plan_10"", ""plan_4"", ""idp"", ""plan_8"", ""site_6""]","[[5, 16, 12, 3, 10, 21, 47, 25, 42, 24, 6, 48, 29, 43, 50], [5, 16, 12, 50]]","[15, 4]",1535.7400181293488,0.8225448715775906,0.17745512842240943,-2.2435344540951094,0.0,0.0,-0.1430476542100467,0.0,0.21263509457019178,0.16444287773066552,0.0,0.0,0.0,-0.041268493777964425,0.0,0.04104848074557115,0.0,0.0,0.0,-0.2357785017276322,0.0,0.0,0.0,0.0,-0.31154082689647394,0.0,0.0,0.07678451548410796,0.09197924839486676,0.0,0.0,0.0,0.07994076664531613,0.0,0.0,0.0,0.0,0.0,0.0,0.0,0.0,0.0,0.0,0.0,0.0,-0.23048619430431075,0.11037839152360583,0.0,0.0,0.0,0.20381423609092245,-0.15131956302499,0.0,-0.24489323347738087,0.0,0.0,0.0,0.0,0.2700308806339909,0.0,0.0,0.0,0.0,0.08900089480541151,0.0,0.0,0.0,0.0,0.0,0.0,0.39096657228782544,0.0,0.0,0.0,-0.5909284931253125,0.0,0.0,0.0,0.0,0.0,0.0,0.0,0.0,0.0,0.0,0.0,0.0,0.0,0.0,0.0,0.0,0.0,0.0,0.0,0.0,0.0,0.0,0.0,0.0,0.0,0.0,0.0,0.0,0.0,0.0,0.0,0.0,0.0,0.5452027209346272,0.0,0.0,0.0,0.0,1.6622000253324756,5.270894198700382
108,124560152,True,,50.0,quantile_glm,7949.011155173765,-3814.1253780584907,7854.05398214531,"[0, 5, 16, 11, 12, 28, 18, 9, 26, 38, 13, 22, 10, 3, 17, 21, 14, 1, 49, 6, 15, 25, 4, 24, 48, 42, 47, 45, 46, 19, 52, 27, 33, 40, 54, 35, 41, 36, 7, 32, 51, 43, 30, 29, 44, 8, 53, 31, 20, 37, 2]","[""Intercept"", ""xage"", ""child"", ""disea"", ""physlm"", ""lnum"", ""lfam"", ""num"", ""xghindx"", ""plan_11"", ""ghindx"", ""fmde"", ""mhi"", ""black"", ""fchild"", ""logc"", ""mdeoff"", ""coins"", ""site_5"", ""female"", ""pioff"", ""hlthp"", ""income"", ""hlthf"", ""site_4"", ""plan_16"", ""site_3"", ""plan_19"", ""site_2"", ""lpi"", ""year_3"", ""linc"", ""plan_6"", ""plan_14"", ""year_5"", ""plan_8"", ""plan_15"", ""plan_9"", ""educdec"", ""plan_5"", ""year_2"", ""plan_17"", ""plan_3"", ""plan_2"", ""plan_18"", ""time"", ""year_4"", ""plan_4"", ""idp"", ""plan_10"", ""tookphys""]","[[5, 16, 11, 12, 13, 22, 10, 3, 21, 6, 25, 24, 48, 47, 35, 41, 7, 43, 29], [5, 16, 11]]","[19, 3]",1051.321349620819,0.8448375805535959,0.15516241944640402,-2.0072786134171676,0.0,0.0,-0.16114158928369957,0.0,0.2038586600076327,0.18302845798235576,0.2005505429429086,0.0,0.0,-0.050834419187378806,-0.0008385447622488089,0.03991506106281756,-0.08823662268168918,0.0,0.0,-0.09037191399237052,0.0,0.0,0.0,0.0,-0.17022343989336342,-0.21946221790245507,0.0,0.11128948779773155,0.08709371010622546,0.0,0.0,0.0,0.05352704906297717,0.0,0.0,0.0,0.0,0.0,0.12257522567620503,0.0,0.0,0.0,0.0,0.0,-0.11448608188508266,0.0,0.1473347571428057,0.0,0.0,0.0,0.1597566359406496,-0.1201397475267548,0.0,0.0,0.0,0.0,0.0,0.0,0.4986370845160366,0.0,0.0,0.0,0.0,0.05871327115670498,0.0,0.0,0.0,0.0,0.0,0.2748375319455109,0.0,0.0,0.0,0.0,-0.6354965877382518,0.0,0.0,0.0,0.0,0.0,0.0,0.0,0.0,0.0,0.0,0.0,0.0,0.0,0.0,0.0,0.0,0.0,0.0,0.0,0.0,0.0,0.0,0.0,0.0,0.0,0.0,0.0,0.0,0.0,0.0,0.0,0.0,0.0,0.0,0.0,0.0,0.0,0.0,2.1242542121647254,8.366655410956549
109,231916232,True,,100.0,kmeans_glm,8068.809674664645,-3961.311430281944,8009.470255190168,"[0, 5, 16, 28, 18, 11, 12, 9, 26, 13, 17, 3, 38, 22, 14, 21, 1, 25, 19, 15, 42, 10, 24, 49, 2, 6, 47, 52, 41, 32, 23, 30, 45, 48, 54, 36, 33, 51, 46, 29, 44, 4, 27, 8, 34, 53, 50, 39, 35, 40, 43]","[""Intercept"", ""xage"", ""child"", ""lnum"", ""lfam"", ""disea"", ""physlm"", ""num"", ""xghindx"", ""ghindx"", ""fchild"", ""black"", ""plan_11"", ""fmde"", ""mdeoff"", ""logc"", ""coins"", ""hlthp"", ""lpi"", ""pioff"", ""plan_16"", ""mhi"", ""hlthf"", ""site_5"", ""tookphys"", ""female"", ""site_3"", ""year_3"", ""plan_15"", ""plan_5"", ""hlthg"", ""plan_3"", ""plan_19"", ""site_4"", ""year_5"", ""plan_9"", ""plan_6"", ""year_2"", ""site_2"", ""plan_2"", ""plan_18"", ""income"", ""linc"", ""time"", ""plan_7"", ""year_4"", ""site_6"", ""plan_13"", ""plan_8"", ""plan_14"", ""plan_17""]","[[5, 11, 22, 21, 47, 50], []]","[6, 0]",1221.9888710975647,0.8310165216455216,0.16898347835447833,-2.021170559066148,0.0,0.0,0.0,0.0,0.40191615570631584,0.0,0.0,0.0,0.0,0.0,0.16897984014972323,0.0,0.0,0.0,0.0,0.0,0.0,0.0,0.0,0.0,-0.18858501715460843,-0.07445356688605734,0.0,0.0,0.0,0.0,0.0,0.0,0.0,0.0,0.0,0.0,0.0,0.0,0.0,0.0,0.0,0.0,0.0,0.0,0.0,0.0,0.0,0.0,0.0,0.0,0.19976243125539206,0.0,0.0,-0.2012028175718639,0.0,0.0,0.0,0.0,0.9489968057182506,0.0,0.0,0.0,0.0,0.0,0.0,0.0,0.0,0.0,0.0,0.0,0.0,0.0,0.0,0.0,0.0,0.0,0.0,0.0,0.0,0.0,0.0,0.0,0.0,0.0,0.0,0.0,0.0,0.0,0.0,0.0,0.0,0.0,0.0,0.0,0.0,0.0,0.0,0.0,0.0,0.0,0.0,0.0,0.0,0.0,0.0,0.0,0.0,0.0,0.0,0.0,0.0,0.0,0.0,2.237239898167563,9.367440483607872
110,1464969690,True,,100.0,kmeans_glm,8145.076392329075,-3979.8398004309593,8063.896474413455,"[0, 5, 16, 12, 28, 18, 9, 11, 3, 14, 17, 38, 22, 47, 1, 21, 26, 15, 49, 48, 42, 13, 25, 6, 19, 10, 46, 52, 32, 24, 33, 7, 30, 41, 51, 36, 27, 34, 45, 54, 23, 2, 53, 4, 37, 44, 8, 20, 43, 40, 35]","[""Intercept"", ""xage"", ""child"", ""physlm"", ""lnum"", ""lfam"", ""num"", ""disea"", ""black"", ""mdeoff"", ""fchild"", ""plan_11"", ""fmde"", ""site_3"", ""coins"", ""logc"", ""xghindx"", ""pioff"", ""site_5"", ""site_4"", ""plan_16"", ""ghindx"", ""hlthp"", ""female"", ""lpi"", ""mhi"", ""site_2"", ""year_3"", ""plan_5"", ""hlthf"", ""plan_6"", ""educdec"", ""plan_3"", ""plan_15"", ""year_2"", ""plan_9"", ""linc"", ""plan_7"", ""plan_19"", ""year_5"", ""hlthg"", ""tookphys"", ""year_4"", ""income"", ""plan_10"", ""plan_18"", ""time"", ""idp"", ""plan_17"", ""plan_14"", ""plan_8""]","[[5, 16, 11, 47, 21, 48, 6, 34], []]","[8, 0]",1089.6099784374237,0.8302389797280167,0.1697610202719832,-2.0914378597355117,0.0,0.0,0.0,0.0,0.27793379834047105,0.19733095582176208,0.0,0.0,0.0,0.0,0.08757815991794443,0.0,0.0,0.0,0.0,-0.15408631321710142,0.0,0.0,0.0,0.0,-0.35220281876052006,0.0,0.0,0.0,0.0,0.0,0.0,0.0,0.0,0.0,0.0,0.0,0.0,0.168142926558737,0.0,0.0,0.0,0.0,0.0,0.0,0.0,0.0,0.0,0.0,0.0,0.0,0.28158878939753945,-0.18447156685529761,0.0,0.0,0.0,0.0,0.0,0.0,0.99513142914667,0.0,0.0,0.0,0.0,0.0,0.0,0.0,0.0,0.0,0.0,0.0,0.0,0.0,0.0,0.0,0.0,0.0,0.0,0.0,0.0,0.0,0.0,0.0,0.0,0.0,0.0,0.0,0.0,0.0,0.0,0.0,0.0,0.0,0.0,0.0,0.0,0.0,0.0,0.0,0.0,0.0,0.0,0.0,0.0,0.0,0.0,0.0,0.0,0.0,0.0,0.0,0.0,0.0,0.0,2.177638059581984,8.82543646672318
111,1101996563,True,,25.0,kmeans_glm,7818.336286096707,-3700.924209121644,7757.922736211037,"[0, 5, 16, 11, 12, 28, 18, 9, 26, 13, 17, 22, 3, 21, 38, 14, 24, 6, 10, 1, 47, 49, 48, 52, 2, 15, 42, 23, 41, 45, 43, 46, 19, 29, 51, 30, 4, 54, 7, 36, 37, 32, 27, 50, 53, 25, 33, 40, 8, 31, 35]","[""Intercept"", ""xage"", ""child"", ""disea"", ""physlm"", ""lnum"", ""lfam"", ""num"", ""xghindx"", ""ghindx"", ""fchild"", ""fmde"", ""black"", ""logc"", ""plan_11"", ""mdeoff"", ""hlthf"", ""female"", ""mhi"", ""coins"", ""site_3"", ""site_5"", ""site_4"", ""year_3"", ""tookphys"", ""pioff"", ""plan_16"", ""hlthg"", ""plan_15"", ""plan_19"", ""plan_17"", ""site_2"", ""lpi"", ""plan_2"", ""year_2"", ""plan_3"", ""income"", ""year_5"", ""educdec"", ""plan_9"", ""plan_10"", ""plan_5"", ""linc"", ""site_6"", ""year_4"", ""hlthp"", ""plan_6"", ""plan_14"", ""time"", ""plan_4"", ""plan_8""]","[[5, 16, 12, 26, 22, 3, 24, 6, 1, 47, 49, 48, 52, 2, 42, 41, 43, 46, 29, 30, 54, 7, 36, 50, 53, 25, 40], [5, 16, 11, 28, 18, 3, 38, 49, 50, 40]]","[27, 10]",1486.05246758461,0.8367460264548424,0.16325397354515753,-2.5643127965011208,-0.02567506033908361,0.07142532711649469,-0.12044197489176538,0.0,0.2534438764171023,0.17928117091551243,0.07134001205575922,0.0,0.0,0.0,0.0,0.060104099215149046,0.0,0.0,0.0,-0.04391887016442529,0.0,0.0,0.0,0.0,0.0,-0.14791583238285258,0.0,0.07236928726494106,0.04336072015819672,-0.09602441742586157,0.0,0.0,0.07204122455133342,-1.9358710901059197,0.0,0.0,0.0,0.0,0.0,-0.06206457186083882,0.0,0.0,0.0,-0.10281317989720017,-0.08628621089524392,-0.14988379191653098,0.13685625363020634,0.0,0.0,-0.17976352078755328,0.027325620892875036,-0.36158891511559726,-0.10072639704376261,-0.3856624101064596,0.0,-1.5294375715896764,-0.27814129303481055,-1.0802804806147617,0.04515875220274086,0.0,0.0,-0.345416625243305,0.0,0.18445969727485095,0.0,0.0,0.0,0.0,0.0,0.08471384101520653,0.0,0.0,0.0,0.0,-0.5880308057410242,0.0,-0.11853772277347929,0.0,0.0,0.0,0.0,0.0,0.0,0.0,0.0,0.0,-0.11853733152957655,0.0,0.0,0.0,0.0,0.0,0.0,0.0,0.0,0.0,0.49577131181900214,0.0,0.3879722268912477,0.0,0.0,0.0,0.0,0.0,0.0,0.0,0.0,-0.5554823437247856,0.4184887090412225,0.0,0.0,0.0,0.0,1.8358435883988156,6.270421569809195
112,1425898686,True,,25.0,quantile_glm,7995.498147523647,-3812.4363721201444,7928.83862543227,"[0, 5, 16, 11, 12, 26, 38, 22, 3, 13, 21, 17, 14, 1, 28, 18, 42, 9, 48, 10, 47, 23, 49, 15, 6, 19, 2, 52, 4, 51, 45, 32, 41, 30, 46, 27, 54, 33, 25, 7, 29, 53, 24, 36, 34, 35, 37, 40, 8, 44, 20]","[""Intercept"", ""xage"", ""child"", ""disea"", ""physlm"", ""xghindx"", ""plan_11"", ""fmde"", ""black"", ""ghindx"", ""logc"", ""fchild"", ""mdeoff"", ""coins"", ""lnum"", ""lfam"", ""plan_16"", ""num"", ""site_4"", ""mhi"", ""site_3"", ""hlthg"", ""site_5"", ""pioff"", ""female"", ""lpi"", ""tookphys"", ""year_3"", ""income"", ""year_2"", ""plan_19"", ""plan_5"", ""plan_15"", ""plan_3"", ""site_2"", ""linc"", ""year_5"", ""plan_6"", ""hlthp"", ""educdec"", ""plan_2"", ""year_4"", ""hlthf"", ""plan_9"", ""plan_7"", ""plan_8"", ""plan_10"", ""plan_14"", ""time"", ""plan_18"", ""idp""]","[[5, 16, 11, 26, 22, 3, 21, 1, 42, 9, 48, 47, 6, 2, 41, 30, 54, 33, 7, 29, 34], [5, 16, 11, 12, 26, 38, 3, 1, 48, 49]]","[21, 10]",1132.2327716350555,0.8300033309208894,0.16999666907911062,-2.233615931521482,-0.03633336843538597,0.04418009539177917,-0.20435390630864775,0.0,0.1746986280474883,0.18202730108708215,0.13583469862978229,0.0,0.16374614215306071,0.0,0.028997498672717704,0.0,0.0,0.0,0.0,-0.3332891736415641,0.0,0.0,0.0,0.0,-0.059262191749490746,-0.20628371239310822,0.0,0.0,0.0,-0.04617585367581454,0.0,0.0,0.10681041689861084,-0.20768010884718544,0.0,0.0,-0.06634551137717593,0.10682566836937991,0.0,0.0,0.0,0.0,0.0,0.0,-0.11260722056276061,-0.37862821769818317,0.0,0.0,0.0,0.0,0.16731925522512034,-0.30223317048239356,0.0,0.0,0.0,0.0,0.0,-1.0478800869476854,0.26161526036141697,-0.38566126476023893,0.0,-0.4368345862583911,0.0,0.0315067316866702,0.0,0.0,0.0,0.0,0.0,0.22586548754747904,0.18286283396649028,0.0,0.0,0.0,-0.6100619717676773,0.0,0.0,0.0,0.0,0.0,0.0,0.0,0.0,0.0,-0.15403548767248007,0.0,0.0,0.0,0.0,0.0,0.0,0.0,0.0,0.0,0.0,0.0,0.2350144955198267,0.0,0.0,0.0,0.0,0.0,0.0,0.0,0.0,0.0,-0.4066805713686275,-0.32306284494130966,0.0,0.0,0.0,0.0,0.0,1.8742091376476135,6.515664088710029
113,703659010,True,,50.0,quantile_glm,7869.535412852872,-3775.565937336546,7759.565621776165,"[0, 5, 16, 11, 26, 12, 38, 28, 18, 13, 22, 9, 21, 14, 3, 1, 6, 25, 24, 17, 10, 42, 48, 49, 15, 2, 52, 33, 45, 47, 4, 41, 27, 51, 19, 32, 34, 54, 37, 31, 29, 50, 36, 46, 23, 30, 8, 44, 40, 53, 7]","[""Intercept"", ""xage"", ""child"", ""disea"", ""xghindx"", ""physlm"", ""plan_11"", ""lnum"", ""lfam"", ""ghindx"", ""fmde"", ""num"", ""logc"", ""mdeoff"", ""black"", ""coins"", ""female"", ""hlthp"", ""hlthf"", ""fchild"", ""mhi"", ""plan_16"", ""site_4"", ""site_5"", ""pioff"", ""tookphys"", ""year_3"", ""plan_6"", ""plan_19"", ""site_3"", ""income"", ""plan_15"", ""linc"", ""year_2"", ""lpi"", ""plan_5"", ""plan_7"", ""year_5"", ""plan_10"", ""plan_4"", ""plan_2"", ""site_6"", ""plan_9"", ""site_2"", ""hlthg"", ""plan_3"", ""time"", ""plan_18"", ""plan_14"", ""year_4"", ""educdec""]","[[5, 11, 12, 38, 13, 21, 3, 6, 25, 42, 48, 47, 34, 31, 29, 50], [5, 11, 38, 50]]","[16, 4]",1320.0478570461273,0.8272565453091232,0.17274345469087674,-2.1780955555924706,0.0,0.0,-0.1676978776851818,0.0,0.36321615708831123,0.1443433152619814,0.0,0.0,0.0,0.0,0.01896349713697577,0.019936979319479197,-0.07947613865332231,0.0,0.0,0.0,0.0,0.0,0.0,0.0,-0.13678164052658803,0.0,0.0,0.0,0.10307871011030968,0.0,0.0,0.0,0.11723714577649903,0.0,-0.08430866259478677,0.0,0.0,0.1263796472507186,0.0,0.0,0.0,0.16548886661365655,0.0,0.0,0.0,-0.14123772875910082,0.0,0.0,0.0,0.0,0.1259807123100376,-0.24342566981606742,0.0,-0.3420317592740353,0.0,0.0,0.0,0.0,0.4585997844625396,0.0,0.0,0.0,0.0,0.616991022410914,0.0,0.0,0.0,0.0,0.0,0.25951411775640665,0.0,0.0,0.0,0.0,0.0,0.0,0.0,0.0,0.0,0.0,0.0,0.0,0.0,0.0,0.0,0.0,0.0,0.0,0.0,0.0,0.0,0.0,0.0,0.0,0.0,0.0,0.3604456922018294,0.0,0.0,0.0,0.0,0.0,0.0,0.0,0.0,0.0,0.0,0.0,0.41622040567716123,0.0,0.0,0.0,0.0,2.056448949631323,7.818157786505296
114,1823401210,True,,50.0,quantile_glm,8131.826494281699,-3896.641359409901,8019.085944848131,"[0, 5, 16, 11, 12, 38, 26, 14, 28, 18, 1, 22, 13, 9, 21, 17, 10, 24, 3, 15, 49, 19, 42, 52, 2, 40, 6, 45, 47, 41, 27, 53, 32, 54, 51, 7, 4, 48, 23, 37, 43, 50, 44, 29, 36, 33, 25, 30, 31, 8, 39]","[""Intercept"", ""xage"", ""child"", ""disea"", ""physlm"", ""plan_11"", ""xghindx"", ""mdeoff"", ""lnum"", ""lfam"", ""coins"", ""fmde"", ""ghindx"", ""num"", ""logc"", ""fchild"", ""mhi"", ""hlthf"", ""black"", ""pioff"", ""site_5"", ""lpi"", ""plan_16"", ""year_3"", ""tookphys"", ""plan_14"", ""female"", ""plan_19"", ""site_3"", ""plan_15"", ""linc"", ""year_4"", ""plan_5"", ""year_5"", ""year_2"", ""educdec"", ""income"", ""site_4"", ""hlthg"", ""plan_10"", ""plan_17"", ""site_6"", ""plan_18"", ""plan_2"", ""plan_9"", ""plan_6"", ""hlthp"", ""plan_3"", ""plan_4"", ""time"", ""plan_13""]","[[5, 11, 12, 21, 10, 24, 3, 49, 42, 52, 6, 47, 7, 50, 29, 25], [16, 11, 12, 38, 14, 50]]","[16, 6]",1358.406055688858,0.8277798143279209,0.17222018567207917,-2.3558054133426145,0.0,0.0,-0.019339401262067093,0.0,0.2848021264967782,0.14165948331290332,0.12851257729706533,0.0,0.0,-0.10796298385744757,0.0830861633739721,0.06968939606833506,0.0,0.0,0.0,0.0,0.0,0.0,0.0,0.0,-0.2795090846703427,0.0,0.0,0.1282775144205952,0.06337252740864031,0.0,0.0,0.0,0.0878572975731499,0.0,0.0,0.0,0.0,0.0,0.0,0.0,0.0,0.0,0.0,0.0,0.0,-0.1552140551710216,0.0,0.0,0.0,0.0,0.20124009570994825,0.0,-0.07993423504311728,-0.26347912607464413,0.0,-1.7921720133127876,0.0,0.0,0.30572767241679344,0.0,0.0,0.0,0.0,0.0,0.0,0.0,0.0,0.0,0.0,0.24600187566462023,0.20000890368870147,0.0,-0.29583981472419957,0.0,-0.7126735809922251,0.0,0.0,0.0,0.0,0.0,0.0,0.0,0.0,0.0,0.0,0.0,0.0,0.0,0.0,0.0,0.0,0.0,0.0,0.0,0.0,0.0,0.11351473898362016,0.0,0.0,0.0,0.0,0.0,0.0,0.0,0.0,0.0,0.0,0.0,0.526128638584516,0.0,0.0,0.0,0.0,1.7555354474052765,5.786545303260332
115,455252693,True,,50.0,kmeans_glm,7886.977053551548,-3791.185825952716,7825.544356859017,"[0, 5, 16, 11, 28, 18, 3, 9, 17, 12, 26, 38, 13, 14, 4, 22, 49, 1, 27, 47, 21, 10, 42, 52, 48, 32, 7, 46, 6, 51, 15, 33, 25, 31, 45, 24, 41, 23, 54, 19, 43, 34, 20, 40, 50, 2, 37, 8, 29, 30, 44]","[""Intercept"", ""xage"", ""child"", ""disea"", ""lnum"", ""lfam"", ""black"", ""num"", ""fchild"", ""physlm"", ""xghindx"", ""plan_11"", ""ghindx"", ""mdeoff"", ""income"", ""fmde"", ""site_5"", ""coins"", ""linc"", ""site_3"", ""logc"", ""mhi"", ""plan_16"", ""year_3"", ""site_4"", ""plan_5"", ""educdec"", ""site_2"", ""female"", ""year_2"", ""pioff"", ""plan_6"", ""hlthp"", ""plan_4"", ""plan_19"", ""hlthf"", ""plan_15"", ""hlthg"", ""year_5"", ""lpi"", ""plan_17"", ""plan_7"", ""idp"", ""plan_14"", ""site_6"", ""tookphys"", ""plan_10"", ""time"", ""plan_2"", ""plan_3"", ""plan_18""]","[[5, 16, 11, 3, 38, 4, 22, 49, 27, 47, 42, 52, 48, 32, 7, 6, 25, 31, 24, 23, 43, 34, 50, 29], []]","[24, 0]",1096.9414937496185,0.8478115293347808,0.15218847066521915,-2.2238348746792953,0.0,0.0,-0.06030694818604566,0.04907809817534793,0.17832448666618403,0.16925303695029567,0.09340689396572327,0.0,0.0,0.0,0.05218400049300455,0.0,0.0,0.0,0.0,-0.2072582934990907,0.0,0.0,0.0,0.0,0.0,-0.10168896310953167,-0.06024485083571477,0.07129592454749246,0.06361229947747506,0.0,0.10311724189898747,0.0,0.07334773459149464,0.0,-0.07626555229877242,-0.13261918439081777,0.0,0.08785108872362737,0.0,0.0,0.0,0.1605187970078131,0.0,0.0,0.0,-0.17478927950318163,0.14764903572541777,0.0,0.0,0.0,0.15030234789736274,-0.20676774314830132,-0.16273359881987473,-0.29308294982252414,0.0,-1.3999096252455736,0.0,0.0,0.8456952457588772,0.0,0.0,0.0,0.0,0.0,0.0,0.0,0.0,0.0,0.0,0.0,0.0,0.0,0.0,0.0,0.0,0.0,0.0,0.0,0.0,0.0,0.0,0.0,0.0,0.0,0.0,0.0,0.0,0.0,0.0,0.0,0.0,0.0,0.0,0.0,0.0,0.0,0.0,0.0,0.0,0.0,0.0,0.0,0.0,0.0,0.0,0.0,0.0,0.0,0.0,0.0,0.0,0.0,0.0,2.409141402325669,11.124405654667996
116,1156478798,True,,50.0,quantile_glm,7937.4731383230765,-3823.335500737827,7855.104748578727,"[0, 5, 16, 12, 11, 38, 26, 22, 14, 10, 3, 28, 18, 13, 21, 9, 1, 47, 17, 25, 6, 24, 15, 19, 50, 42, 52, 49, 48, 7, 41, 33, 32, 2, 45, 46, 4, 54, 27, 53, 20, 51, 43, 30, 40, 36, 44, 39, 31, 8, 29]","[""Intercept"", ""xage"", ""child"", ""physlm"", ""disea"", ""plan_11"", ""xghindx"", ""fmde"", ""mdeoff"", ""mhi"", ""black"", ""lnum"", ""lfam"", ""ghindx"", ""logc"", ""num"", ""coins"", ""site_3"", ""fchild"", ""hlthp"", ""female"", ""hlthf"", ""pioff"", ""lpi"", ""site_6"", ""plan_16"", ""year_3"", ""site_5"", ""site_4"", ""educdec"", ""plan_15"", ""plan_6"", ""plan_5"", ""tookphys"", ""plan_19"", ""site_2"", ""income"", ""year_5"", ""linc"", ""year_4"", ""idp"", ""year_2"", ""plan_17"", ""plan_3"", ""plan_14"", ""plan_9"", ""plan_18"", ""plan_13"", ""plan_4"", ""time"", ""plan_2""]","[[5, 16, 12, 11, 38, 22, 10, 3, 1, 47, 25, 6, 24, 50, 48, 4, 43], [5, 12, 25]]","[17, 3]",2048.660840034485,0.8253792449566796,0.1746207550433204,-2.128778618378549,-0.09862875279867798,0.0,-0.1582956340868036,0.10918622989794188,0.10749971492574764,0.1334040348855876,0.0,0.0,0.0,-0.05840511943741198,0.030188502527200012,0.05556147616481393,0.0,0.0,0.0,-0.2031204219823967,0.0,0.0,0.0,0.0,0.0,-0.328695095935202,0.0,0.1228458050614484,0.11095000060476523,0.0,0.0,0.0,0.0,0.0,0.0,0.0,0.0,0.0,0.0,0.0,0.0,0.042825160112392124,0.0,0.0,0.0,0.0,0.16047518006365422,0.0,0.0,0.0,0.17759914984886047,-0.2213469140024506,0.0,-0.3712944960281376,0.0,0.0,0.0,0.0,0.53100880084609,0.0,0.0,0.0,0.0,0.522290651423497,0.0,0.0,0.0,0.0,0.0,0.0,0.19916081058750607,0.0,0.0,0.0,0.0,0.0,0.0,0.0,0.0,0.0,0.0,0.0,0.0,0.13450572251027512,0.0,0.0,0.0,0.0,0.0,0.0,0.0,0.0,0.0,0.0,0.0,0.0,0.0,0.0,0.0,0.0,0.0,0.0,0.0,0.0,0.0,0.0,0.0,0.0,0.0,0.0,0.0,0.0,0.0,2.0663418241391174,7.8958856826022155
117,301863100,True,,50.0,quantile_glm,8158.479498991944,-3919.7514485380525,8056.621383641806,"[0, 5, 16, 28, 18, 12, 9, 3, 38, 11, 14, 26, 22, 17, 10, 21, 1, 13, 49, 25, 42, 47, 6, 15, 52, 45, 32, 2, 51, 43, 19, 48, 46, 53, 54, 23, 33, 30, 20, 7, 24, 37, 34, 41, 4, 36, 27, 31, 39, 50, 40]","[""Intercept"", ""xage"", ""child"", ""lnum"", ""lfam"", ""physlm"", ""num"", ""black"", ""plan_11"", ""disea"", ""mdeoff"", ""xghindx"", ""fmde"", ""fchild"", ""mhi"", ""logc"", ""coins"", ""ghindx"", ""site_5"", ""hlthp"", ""plan_16"", ""site_3"", ""female"", ""pioff"", ""year_3"", ""plan_19"", ""plan_5"", ""tookphys"", ""year_2"", ""plan_17"", ""lpi"", ""site_4"", ""site_2"", ""year_4"", ""year_5"", ""hlthg"", ""plan_6"", ""plan_3"", ""idp"", ""educdec"", ""hlthf"", ""plan_10"", ""plan_7"", ""plan_15"", ""income"", ""plan_9"", ""linc"", ""plan_4"", ""plan_13"", ""site_6"", ""plan_14""]","[[5, 16, 3, 38, 11, 10, 21, 25, 47, 6, 43, 48, 30, 34, 50], [5, 16, 28, 18, 12, 50]]","[15, 6]",1699.484745502472,0.8231950883497807,0.17680491165021928,-2.24154728370662,0.0,0.0,-0.1354199129062747,0.0,0.22191517521458803,0.19419919786921466,0.0,0.0,0.0,-0.06708332008517442,0.019717793772863652,0.0,0.0,0.0,0.0,-0.1718688466057649,0.0,0.0,0.0,0.0,-0.20565659006394366,0.0,0.0,0.0,0.10262163167753732,0.0,0.0,0.0,0.0,-1.022524038683955,0.0,0.0,0.0,0.1403427665457816,0.0,0.0,0.0,0.2030566782141987,0.0,0.0,0.0,0.0,0.16268732624449272,0.0,0.0,0.0,0.1449734000820655,-0.16763544618795287,0.0,-0.3447850417409438,0.0,0.0,0.0,0.0,0.38606609223328214,0.0,0.0,0.0,0.0,0.17932116067616696,0.0,0.0,0.0,0.0,0.0,0.0,0.23153301193397116,0.0,0.0,0.0,-0.44023533301328843,0.0,-0.16625296418318197,0.0,0.0,0.0,0.0,0.0,0.0,0.0,0.0,0.0,-0.16625393055324234,0.0,0.0,0.0,0.0,0.0,0.0,0.0,0.0,0.0,0.0,0.0,0.0,0.0,0.0,0.0,0.0,0.0,0.0,0.0,0.0,0.0,0.5335665866339742,0.0,0.0,0.0,0.0,1.7544374677349341,5.7801952808915145
118,1846156306,True,,50.0,quantile_glm,7757.063898274112,-3735.9886469894227,7671.72630161929,"[0, 5, 16, 12, 11, 28, 18, 38, 22, 3, 26, 9, 13, 14, 21, 17, 1, 10, 49, 48, 15, 52, 41, 42, 19, 24, 46, 4, 27, 32, 33, 45, 2, 47, 51, 25, 54, 29, 44, 50, 34, 30, 6, 31, 8, 40, 7, 36, 23, 39, 53]","[""Intercept"", ""xage"", ""child"", ""physlm"", ""disea"", ""lnum"", ""lfam"", ""plan_11"", ""fmde"", ""black"", ""xghindx"", ""num"", ""ghindx"", ""mdeoff"", ""logc"", ""fchild"", ""coins"", ""mhi"", ""site_5"", ""site_4"", ""pioff"", ""year_3"", ""plan_15"", ""plan_16"", ""lpi"", ""hlthf"", ""site_2"", ""income"", ""linc"", ""plan_5"", ""plan_6"", ""plan_19"", ""tookphys"", ""site_3"", ""year_2"", ""hlthp"", ""year_5"", ""plan_2"", ""plan_18"", ""site_6"", ""plan_7"", ""plan_3"", ""female"", ""plan_4"", ""time"", ""plan_14"", ""educdec"", ""plan_9"", ""hlthg"", ""plan_13"", ""year_4""]","[[5, 16, 11, 38, 22, 3, 21, 1, 48, 52, 41, 47, 29, 50, 34, 6, 23], [5, 12]]","[17, 2]",1540.3886029720306,0.8322295004063602,0.16777049959363985,-2.3513930714496776,-0.09712008476435642,0.0,-0.15205209048746274,0.0,0.24447458791657584,0.09056993717480612,0.0,0.0,0.0,0.0,0.1026669943886278,0.0,0.0,0.0,0.0,-0.12231439296183216,0.0,0.0,0.0,0.0,0.12956700032831345,-0.3219503652129228,-0.10891879371933631,0.0,0.0,0.0,0.0,0.0,0.13214949714201402,0.0,0.0,0.0,0.0,0.2289521791038602,0.0,0.0,0.0,0.13421325009383672,0.0,0.0,-0.15374667303483208,0.0,0.0,0.0,0.0,0.0,0.13369882829833962,-0.22950997292835745,0.0,-0.11014578230348221,0.0,-1.641202751601169,0.0,0.0,0.577647441112574,0.0,0.0,0.0,0.0,0.4520586898268937,0.0,0.0,0.0,0.0,0.0,0.0,0.3062950539951486,0.0,0.0,0.0,0.0,0.0,0.0,0.0,0.0,0.0,0.0,0.0,0.0,0.0,0.0,0.0,0.0,0.0,0.0,0.0,0.0,0.0,0.0,0.0,0.0,0.0,0.0,0.0,0.0,0.0,0.0,0.0,0.0,0.0,0.0,0.0,0.0,0.0,0.0,0.0,0.0,0.0,0.0,2.100417701500585,8.169581646487744
119,528344513,True,,50.0,quantile_glm,7898.432505981089,-3834.2367396583604,7859.537747494538,"[0, 5, 16, 12, 38, 22, 14, 11, 3, 28, 18, 9, 21, 26, 1, 17, 13, 49, 24, 15, 41, 47, 25, 19, 52, 45, 10, 42, 2, 37, 33, 32, 23, 6, 48, 4, 54, 34, 30, 27, 31, 7, 53, 36, 20, 40, 43, 51, 46, 8, 29]","[""Intercept"", ""xage"", ""child"", ""physlm"", ""plan_11"", ""fmde"", ""mdeoff"", ""disea"", ""black"", ""lnum"", ""lfam"", ""num"", ""logc"", ""xghindx"", ""coins"", ""fchild"", ""ghindx"", ""site_5"", ""hlthf"", ""pioff"", ""plan_15"", ""site_3"", ""hlthp"", ""lpi"", ""year_3"", ""plan_19"", ""mhi"", ""plan_16"", ""tookphys"", ""plan_10"", ""plan_6"", ""plan_5"", ""hlthg"", ""female"", ""site_4"", ""income"", ""year_5"", ""plan_7"", ""plan_3"", ""linc"", ""plan_4"", ""educdec"", ""year_4"", ""plan_9"", ""idp"", ""plan_14"", ""plan_17"", ""year_2"", ""site_2"", ""time"", ""plan_2""]","[[5, 16, 22, 11, 3, 1, 24, 41, 47, 25, 52, 42, 6, 48, 4, 34], [5, 12]]","[16, 2]",1544.5726792812347,0.8396429209105766,0.1603570790894234,-2.5324801762286544,-0.015295996162998298,0.0,-0.15847000827893434,0.12339336686758448,0.11805907978467088,0.10679802629269144,0.0,0.0,0.0,0.0,0.06037018631368457,0.0,0.0,0.0,0.0,-0.16166554594866325,0.0,0.0,0.0,0.0,0.0,-0.3028730701654676,0.0,0.1112264666807055,0.07279153058889455,0.0,0.0,0.0,0.0,0.0,0.0,0.0,0.0,0.1286011510566988,0.0,0.0,0.0,0.0,0.0,0.0,-1.7863305421185924,-0.16232646249138855,0.0,0.0,0.0,0.0,0.18947319427201118,-0.09773972011770149,0.0,0.0,0.0,-1.4090042560748557,0.0,0.0,0.54735984609414,0.0,0.0,0.0,0.0,0.4208547100578994,0.0,0.0,0.0,0.0,0.0,0.0,0.327962479036693,0.0,0.0,0.0,0.0,0.0,0.0,0.0,0.0,0.0,0.0,0.0,0.0,0.0,0.0,0.0,0.0,0.0,0.0,0.0,0.0,0.0,0.0,0.0,0.0,0.0,0.0,0.0,0.0,0.0,0.0,0.0,0.0,0.0,0.0,0.0,0.0,0.0,0.0,0.0,0.0,0.0,0.0,2.052301883475986,7.7858025050690145
120,276232904,True,,50.0,quantile_glm,7842.805528316505,-3792.750556682267,7776.565381542351,"[0, 5, 16, 22, 21, 38, 12, 14, 3, 10, 1, 48, 17, 9, 11, 28, 18, 47, 4, 40, 42, 15, 26, 19, 49, 13, 52, 33, 27, 23, 29, 41, 45, 32, 54, 53, 30, 36, 51, 46, 44, 24, 8, 34, 50, 6, 25, 43, 37, 35, 31]","[""Intercept"", ""xage"", ""child"", ""fmde"", ""logc"", ""plan_11"", ""physlm"", ""mdeoff"", ""black"", ""mhi"", ""coins"", ""site_4"", ""fchild"", ""num"", ""disea"", ""lnum"", ""lfam"", ""site_3"", ""income"", ""plan_14"", ""plan_16"", ""pioff"", ""xghindx"", ""lpi"", ""site_5"", ""ghindx"", ""year_3"", ""plan_6"", ""linc"", ""hlthg"", ""plan_2"", ""plan_15"", ""plan_19"", ""plan_5"", ""year_5"", ""year_4"", ""plan_3"", ""plan_9"", ""year_2"", ""site_2"", ""plan_18"", ""hlthf"", ""time"", ""plan_7"", ""site_6"", ""female"", ""hlthp"", ""plan_17"", ""plan_10"", ""plan_8"", ""plan_4""]","[[5, 16, 22, 21, 14, 10, 48, 11, 47, 4, 29, 30, 34, 50, 6, 25, 43], [50]]","[17, 1]",896.7865715026855,0.8442477633389975,0.1557522366610025,-2.017027372142413,0.0,0.0,0.0,0.12583043693306278,0.1881489444641426,0.10605529820074967,0.0,0.0,0.0,-0.09845531388324494,0.040993920579966474,0.0,0.0,-0.07498644475345967,0.0,-0.10280904132007292,0.0,0.0,0.0,0.0,-0.19140548839195307,-0.14148764095048605,0.0,0.0,0.04579186670093248,0.0,0.0,0.0,0.08624677504365984,-0.0929130936266836,0.0,0.0,0.0,0.16155033615777012,0.0,0.0,0.0,0.0,0.0,0.0,0.0,0.0,0.14014228096417014,0.0,0.0,0.0,0.14406098575023216,-0.19165403923016894,0.0,-0.29077152159118436,0.0,0.0,0.0,0.0,0.645013005428563,0.0,0.0,0.0,0.0,0.0,0.0,0.0,0.0,0.0,0.0,0.0,0.0,0.0,0.0,0.0,0.0,0.0,0.0,0.0,0.0,0.0,0.0,0.0,0.0,0.0,0.0,0.0,0.0,0.0,0.0,0.0,0.0,0.0,0.0,0.0,0.0,0.0,0.0,0.0,0.0,0.0,0.0,0.0,0.0,0.0,0.0,0.0,0.0,0.0,0.5255059089440866,0.0,0.0,0.0,0.0,2.2175811280740243,9.185086425809308
121,217903169,True,,50.0,quantile_glm,7664.734068128008,-3695.073585003604,7572.526698722397,"[0, 5, 16, 12, 1, 11, 17, 26, 13, 14, 38, 24, 3, 28, 18, 9, 15, 48, 22, 47, 21, 41, 49, 52, 42, 19, 45, 7, 23, 10, 32, 4, 30, 27, 50, 46, 34, 31, 33, 54, 40, 51, 36, 6, 44, 39, 37, 2, 53, 43, 35]","[""Intercept"", ""xage"", ""child"", ""physlm"", ""coins"", ""disea"", ""fchild"", ""xghindx"", ""ghindx"", ""mdeoff"", ""plan_11"", ""hlthf"", ""black"", ""lnum"", ""lfam"", ""num"", ""pioff"", ""site_4"", ""fmde"", ""site_3"", ""logc"", ""plan_15"", ""site_5"", ""year_3"", ""plan_16"", ""lpi"", ""plan_19"", ""educdec"", ""hlthg"", ""mhi"", ""plan_5"", ""income"", ""plan_3"", ""linc"", ""site_6"", ""site_2"", ""plan_7"", ""plan_4"", ""plan_6"", ""year_5"", ""plan_14"", ""year_2"", ""plan_9"", ""female"", ""plan_18"", ""plan_13"", ""plan_10"", ""tookphys"", ""year_4"", ""plan_17"", ""plan_8""]","[[5, 1, 11, 14, 24, 15, 48, 22, 47, 21, 45, 30, 50, 34, 6], [16, 50]]","[15, 2]",940.6638309955597,0.8322331574610677,0.16776684253893234,-2.1972871234726767,-0.14244122067134182,0.0,0.0,0.0,0.4026007712172622,0.09055660092279516,0.0,0.0,0.0,0.0,0.115177639987957,0.0,0.0,0.10602278515343826,-0.10187215962689312,0.0,0.0,0.0,0.0,0.0,-0.1921048898562875,-0.0936808826754466,0.0,0.06706181677203749,0.0,0.0,0.0,0.0,0.0,-0.24723786833037895,0.0,0.0,0.0,0.11548017880469987,0.0,0.0,0.0,0.0,0.0,0.0,0.0,0.0,0.0,0.0,-0.10767651748837297,0.0,0.16312521470186253,-0.19211678638228039,0.0,-0.29519251476670116,0.0,0.0,0.0,0.0,0.3855087927734594,0.0,0.0,0.0,0.0,0.0,0.0,0.0,0.0,0.0,0.0,0.0,0.0,0.0,0.0,0.0,-0.6627716031605854,0.0,0.0,0.0,0.0,0.0,0.0,0.0,0.0,0.0,0.0,0.0,0.0,0.0,0.0,0.0,0.0,0.0,0.0,0.0,0.0,0.0,0.0,0.0,0.0,0.0,0.0,0.0,0.0,0.0,0.0,0.0,0.0,0.0,0.6436994877968804,0.0,0.0,0.0,0.0,1.763065927046652,5.830285249547283
122,1770660531,True,,50.0,kmeans_glm,7646.699525890817,-3709.236715091435,7583.483479972803,"[0, 5, 16, 11, 28, 18, 12, 9, 17, 26, 3, 38, 13, 21, 22, 10, 49, 25, 48, 14, 1, 6, 52, 42, 47, 4, 27, 19, 24, 23, 46, 34, 53, 15, 45, 2, 54, 30, 32, 43, 20, 36, 33, 51, 39, 41, 8, 29, 37, 40, 7]","[""Intercept"", ""xage"", ""child"", ""disea"", ""lnum"", ""lfam"", ""physlm"", ""num"", ""fchild"", ""xghindx"", ""black"", ""plan_11"", ""ghindx"", ""logc"", ""fmde"", ""mhi"", ""site_5"", ""hlthp"", ""site_4"", ""mdeoff"", ""coins"", ""female"", ""year_3"", ""plan_16"", ""site_3"", ""income"", ""linc"", ""lpi"", ""hlthf"", ""hlthg"", ""site_2"", ""plan_7"", ""year_4"", ""pioff"", ""plan_19"", ""tookphys"", ""year_5"", ""plan_3"", ""plan_5"", ""plan_17"", ""idp"", ""plan_9"", ""plan_6"", ""year_2"", ""plan_13"", ""plan_15"", ""time"", ""plan_2"", ""plan_10"", ""plan_14"", ""educdec""]","[[5, 11, 3, 38, 21, 22, 25, 48, 6, 47, 24, 34, 43, 29], [5]]","[14, 1]",1071.1933014392853,0.8501578881989406,0.14984211180105944,-2.0895788297651063,0.0,0.0,-0.20653285462922502,0.0,0.35002093039991733,0.1675863267258599,0.0,0.0,0.0,0.0,0.05462824045879314,0.0,0.0,0.0,0.0,0.0,0.0,0.0,0.0,0.0,0.017215733787010922,-0.17539482307500365,0.0,0.06974929598626717,0.07797805008964387,0.0,0.0,0.0,0.10710864545644613,0.0,0.0,0.0,0.0,0.16482522130810534,0.0,0.0,0.0,0.20750818655876294,0.0,0.0,0.0,0.0,0.13563821932234804,0.0,0.0,0.0,0.1936859805062223,-0.13350188792579978,0.0,0.0,0.0,0.0,0.0,0.0,0.5613395754806066,0.0,0.0,0.0,0.0,0.5737962964633254,0.0,0.0,0.0,0.0,0.0,0.0,0.0,0.0,0.0,0.0,0.0,0.0,0.0,0.0,0.0,0.0,0.0,0.0,0.0,0.0,0.0,0.0,0.0,0.0,0.0,0.0,0.0,0.0,0.0,0.0,0.0,0.0,0.0,0.0,0.0,0.0,0.0,0.0,0.0,0.0,0.0,0.0,0.0,0.0,0.0,0.0,0.0,0.0,0.0,2.1015445410694107,8.178792643030794
123,1996238349,True,,50.0,kmeans_glm,7797.195816175417,-3805.7523979496355,7759.145366763947,"[0, 5, 16, 12, 17, 1, 28, 18, 11, 9, 38, 3, 26, 13, 22, 14, 21, 47, 23, 10, 42, 49, 4, 41, 52, 15, 48, 33, 27, 6, 31, 36, 54, 30, 51, 24, 45, 40, 2, 32, 46, 29, 7, 35, 19, 43, 53, 8, 34, 39, 44]","[""Intercept"", ""xage"", ""child"", ""physlm"", ""fchild"", ""coins"", ""lnum"", ""lfam"", ""disea"", ""num"", ""plan_11"", ""black"", ""xghindx"", ""ghindx"", ""fmde"", ""mdeoff"", ""logc"", ""site_3"", ""hlthg"", ""mhi"", ""plan_16"", ""site_5"", ""income"", ""plan_15"", ""year_3"", ""pioff"", ""site_4"", ""plan_6"", ""linc"", ""female"", ""plan_4"", ""plan_9"", ""year_5"", ""plan_3"", ""year_2"", ""hlthf"", ""plan_19"", ""plan_14"", ""tookphys"", ""plan_5"", ""site_2"", ""plan_2"", ""educdec"", ""plan_8"", ""lpi"", ""plan_17"", ""year_4"", ""time"", ""plan_7"", ""plan_13"", ""plan_18""]","[[5, 12, 1, 11, 3, 22, 21, 47, 48, 6, 29, 43, 34], []]","[13, 0]",1048.7545688152313,0.8423760022833556,0.1576239977166443,-2.0878186838511255,-0.23682316180922258,0.0,-0.18802340086063554,0.0,0.3432881503441947,0.11251027297599238,0.0,0.0,0.0,0.0,0.04523858047629268,0.06787902940221799,0.0,0.0,0.0,0.0,0.0,0.0,0.0,0.0,-0.025196050558311107,-0.26359763588162416,0.0,0.0,0.0,0.0,0.0,0.0,0.15909045469436728,0.0,0.0,0.0,0.0,0.1902164584433612,0.0,0.0,0.0,0.0,0.0,0.0,0.0,0.0,0.1627431674024733,0.0,0.0,0.0,0.20363082529933685,-0.15108017179065666,0.0,0.0,0.0,0.0,0.0,0.0,0.86704869170274,0.0,0.0,0.0,0.0,0.0,0.0,0.0,0.0,0.0,0.0,0.0,0.0,0.0,0.0,0.0,0.0,0.0,0.0,0.0,0.0,0.0,0.0,0.0,0.0,0.0,0.0,0.0,0.0,0.0,0.0,0.0,0.0,0.0,0.0,0.0,0.0,0.0,0.0,0.0,0.0,0.0,0.0,0.0,0.0,0.0,0.0,0.0,0.0,0.0,0.0,0.0,0.0,0.0,0.0,2.2527056951433697,9.513441517318453
124,1117757192,True,,50.0,quantile_glm,7740.652604448308,-3730.470147442436,7660.689302525317,"[0, 5, 11, 16, 12, 28, 18, 9, 38, 22, 14, 21, 3, 17, 1, 26, 24, 10, 6, 49, 13, 15, 19, 42, 47, 48, 46, 45, 52, 25, 54, 51, 53, 4, 33, 20, 23, 41, 50, 2, 32, 37, 40, 30, 31, 27, 8, 36, 39, 35, 7]","[""Intercept"", ""xage"", ""disea"", ""child"", ""physlm"", ""lnum"", ""lfam"", ""num"", ""plan_11"", ""fmde"", ""mdeoff"", ""logc"", ""black"", ""fchild"", ""coins"", ""xghindx"", ""hlthf"", ""mhi"", ""female"", ""site_5"", ""ghindx"", ""pioff"", ""lpi"", ""plan_16"", ""site_3"", ""site_4"", ""site_2"", ""plan_19"", ""year_3"", ""hlthp"", ""year_5"", ""year_2"", ""year_4"", ""income"", ""plan_6"", ""idp"", ""hlthg"", ""plan_15"", ""site_6"", ""tookphys"", ""plan_5"", ""plan_10"", ""plan_14"", ""plan_3"", ""plan_4"", ""linc"", ""time"", ""plan_9"", ""plan_13"", ""plan_8"", ""educdec""]","[[5, 11, 16, 22, 14, 21, 1, 24, 6, 49, 42, 47, 48, 20, 50, 31, 35], [11, 12]]","[17, 2]",1434.444063425064,0.8468958892895804,0.15310411071041954,-2.134263598272843,-0.11589939265563717,0.0,0.0,0.0,0.05986202325668345,0.13405795690328692,0.0,0.0,0.0,0.0,0.09830030229416828,0.0,0.0,0.1517459862452261,0.0,-0.2925272328655173,0.0,0.0,0.0,-0.204305731621841,0.04056892693820659,-0.3796285582659199,0.0,0.13272608066952757,0.0,0.0,0.0,0.0,0.0,0.0,-0.0900389376850505,0.0,0.0,0.0,0.034115882586090544,0.0,0.0,0.0,0.0,0.0,0.0,-0.253874947013377,0.0,0.0,0.0,0.0,0.08966956927164002,-0.26399698610325034,-0.18097592842400187,-0.43267035883859556,0.0,0.0,0.0,0.0,0.6638443748628262,0.0,0.0,0.0,0.0,0.0,0.0,0.0,0.0,0.0,0.0,0.29924529668344185,0.390400338399215,0.0,0.0,0.0,0.0,0.0,0.0,0.0,0.0,0.0,0.0,0.0,0.0,0.0,0.0,0.0,0.0,0.0,0.0,0.0,0.0,0.0,0.0,0.0,0.0,0.0,0.0,0.0,0.0,0.0,0.0,0.0,0.0,0.0,0.0,0.0,0.0,0.0,0.0,0.0,0.0,0.0,0.0,2.104139942590997,8.200047464367842
125,1508706739,True,,50.0,kmeans_glm,7908.899800773087,-3791.029649560699,7790.493046224471,"[0, 5, 16, 12, 3, 11, 22, 38, 21, 17, 28, 18, 14, 9, 26, 49, 47, 13, 1, 25, 10, 6, 48, 23, 42, 24, 29, 41, 40, 52, 45, 33, 15, 2, 53, 46, 32, 54, 4, 50, 30, 36, 19, 27, 44, 8, 39, 43, 51, 37, 20]","[""Intercept"", ""xage"", ""child"", ""physlm"", ""black"", ""disea"", ""fmde"", ""plan_11"", ""logc"", ""fchild"", ""lnum"", ""lfam"", ""mdeoff"", ""num"", ""xghindx"", ""site_5"", ""site_3"", ""ghindx"", ""coins"", ""hlthp"", ""mhi"", ""female"", ""site_4"", ""hlthg"", ""plan_16"", ""hlthf"", ""plan_2"", ""plan_15"", ""plan_14"", ""year_3"", ""plan_19"", ""plan_6"", ""pioff"", ""tookphys"", ""year_4"", ""site_2"", ""plan_5"", ""year_5"", ""income"", ""site_6"", ""plan_3"", ""plan_9"", ""lpi"", ""linc"", ""plan_18"", ""time"", ""plan_13"", ""plan_17"", ""year_2"", ""plan_10"", ""idp""]","[[5, 12, 3, 22, 21, 49, 47, 1, 25, 6, 48, 42, 29, 41, 50, 43], [16, 12, 25, 50]]","[16, 4]",1733.6688580513,0.8672956491015011,0.13270435089849894,-2.1319543523243483,-0.09556527536545426,0.0,-0.1456877257061685,0.0,0.312853798584273,0.17310669761278424,0.0,0.0,0.0,0.0,0.0,0.08910094067809038,0.0,0.0,0.0,0.0,0.0,0.0,0.0,0.0,-0.07989195906748826,-0.18973450599932143,0.0,0.0,0.06791825663279166,0.0,0.0,0.0,0.11563904153372652,0.0,0.0,0.0,0.0,0.0,0.0,0.0,0.0,0.0,0.0,0.0,-0.13708590223515973,-0.1379714720611345,0.1126636162112225,0.0,0.0,0.0,0.08318802688900727,-0.22583839337893555,-0.13234831171298206,-0.3124842100877483,0.0,0.0,0.0,0.0,0.6193187870550895,0.0,0.0,0.0,0.0,0.0,0.0,0.0,0.0,0.0,0.0,0.0,0.310002011923285,0.0,0.0,0.0,-0.7394904012252251,0.0,0.0,0.0,0.0,0.0,0.0,0.0,0.0,0.13597075637231423,0.0,0.0,0.0,0.0,0.0,0.0,0.0,0.0,0.0,0.0,0.0,0.0,0.0,0.0,0.0,0.0,0.0,0.0,0.0,0.0,0.0,0.0,0.0,0.0,0.49637096096224953,0.0,0.0,0.0,0.0,1.6572286248093318,5.244755499329812
126,1022014080,True,,25.0,quantile_glm,7905.634409623485,-3730.5867106574606,7843.301957670555,"[0, 5, 16, 26, 13, 22, 38, 12, 28, 18, 21, 14, 9, 3, 11, 17, 1, 10, 15, 25, 42, 48, 41, 33, 23, 47, 52, 49, 19, 24, 6, 2, 53, 40, 39, 36, 20, 45, 54, 43, 51, 30, 34, 32, 46, 8, 4, 27, 7, 50, 29]","[""Intercept"", ""xage"", ""child"", ""xghindx"", ""ghindx"", ""fmde"", ""plan_11"", ""physlm"", ""lnum"", ""lfam"", ""logc"", ""mdeoff"", ""num"", ""black"", ""disea"", ""fchild"", ""coins"", ""mhi"", ""pioff"", ""hlthp"", ""plan_16"", ""site_4"", ""plan_15"", ""plan_6"", ""hlthg"", ""site_3"", ""year_3"", ""site_5"", ""lpi"", ""hlthf"", ""female"", ""tookphys"", ""year_4"", ""plan_14"", ""plan_13"", ""plan_9"", ""idp"", ""plan_19"", ""year_5"", ""plan_17"", ""year_2"", ""plan_3"", ""plan_7"", ""plan_5"", ""site_2"", ""time"", ""income"", ""linc"", ""educdec"", ""site_6"", ""plan_2""]","[[5, 16, 13, 22, 3, 10, 25, 42, 48, 41, 33, 47, 52, 49, 24, 6, 39, 20, 54, 43, 30, 34, 32, 46, 8, 7, 50, 29], [5, 16, 26, 12, 14, 9, 3, 1, 25, 48, 2, 50]]","[28, 12]",2197.7732813358307,0.8126540346695731,0.18734596533042694,-2.6996334680756666,0.0,0.0,-0.0901946145011619,0.0,0.34394478734825007,0.17887616005149193,0.07945622434995957,0.5571439253002688,0.0,-0.018951073655236735,0.0,0.0,-0.09822008607416802,0.0,0.0,-0.055106984032230154,0.0,0.0,0.0,-0.1975365914344637,0.0,-0.4031540206143236,0.0,0.06405547373632899,0.07341805166015995,0.0,0.0,0.0,0.04784612936891771,-0.057791284073940845,0.0,0.09677383889821259,-0.22121966030697493,0.11699962100082648,0.0,0.0,0.0,0.0,0.01593129305055204,0.0,-0.17588912105152313,-0.14488493805989447,0.18027627888657266,0.0,0.0,-0.2816781803574509,0.06677158620002209,-0.3972453312570595,-0.16414444164873687,-0.46086985172416933,0.0,-1.403612354644794,0.0,-1.058868107163755,0.09013068617030484,-0.2623144073138784,0.33338130927575443,-0.6329749787721365,0.0,0.18070371136936797,0.0,0.0,0.0,-0.3175055772058012,0.0,0.0,0.018571443191563827,0.0,-0.07993856999824299,0.0,-0.43842665970885547,0.0,0.0,0.0,0.0,0.0,0.0,0.0,0.0,0.004202586718003695,-0.3368609100202578,0.0,0.0,0.0,0.0,0.0,0.0,0.0,0.0,0.0,0.0,0.0,0.0,0.0,0.0,0.0,0.0,0.0,0.0,0.0,0.0,0.0,-0.23424043700982844,0.0,0.5869591962286896,0.0,0.0,0.0,0.0,1.4661296218627076,4.332434489867931
127,1936837580,True,,50.0,quantile_glm,7926.966302005335,-3809.0454867810595,7809.155241739936,"[0, 5, 16, 12, 11, 9, 28, 18, 38, 3, 22, 26, 21, 17, 24, 13, 48, 10, 14, 1, 42, 49, 47, 52, 6, 32, 33, 45, 46, 25, 54, 51, 4, 39, 20, 15, 37, 40, 36, 30, 41, 50, 8, 34, 27, 2, 44, 23, 7, 31, 53]","[""Intercept"", ""xage"", ""child"", ""physlm"", ""disea"", ""num"", ""lnum"", ""lfam"", ""plan_11"", ""black"", ""fmde"", ""xghindx"", ""logc"", ""fchild"", ""hlthf"", ""ghindx"", ""site_4"", ""mhi"", ""mdeoff"", ""coins"", ""plan_16"", ""site_5"", ""site_3"", ""year_3"", ""female"", ""plan_5"", ""plan_6"", ""plan_19"", ""site_2"", ""hlthp"", ""year_5"", ""year_2"", ""income"", ""plan_13"", ""idp"", ""pioff"", ""plan_10"", ""plan_14"", ""plan_9"", ""plan_3"", ""plan_15"", ""site_6"", ""time"", ""plan_7"", ""linc"", ""tookphys"", ""plan_18"", ""hlthg"", ""educdec"", ""plan_4"", ""year_4""]","[[5, 16, 11, 21, 24, 48, 10, 42, 47, 6, 32, 50, 34, 7], [5, 12, 9, 50]]","[14, 4]",2207.0639266967773,0.8327609798063572,0.1672390201936428,-2.1829337023775217,0.0,0.0,0.0,0.0,0.34944038315450815,0.19685867189716078,0.13850794705589092,0.0,0.0,-0.05419554392476696,0.05378174467870165,0.0,0.0,0.0,0.0,-0.11629268707007075,0.0,0.0,0.0,0.0,-0.3383404338773061,0.0,0.0,0.14624006903909378,0.0,0.0,0.0,0.0,0.0,0.0,0.0,-0.1265717650823806,0.0,0.06876236296629636,0.0,0.0,0.0,0.0,0.0,0.0,0.0,-0.2308043821816111,0.0,0.0,0.0,0.0,0.1327272345040354,-0.21960580297183208,0.0,-0.31492735416586615,0.0,0.0,0.0,0.0,0.388694503160489,0.0,0.0,0.0,0.0,0.37148148590633795,0.0,0.0,0.0,-0.48349378424387707,0.0,0.0,0.2947953526663615,0.0,0.0,0.0,0.0,0.0,0.0,0.0,0.0,0.0,0.0,0.0,0.0,0.0,0.0,0.0,0.0,0.0,0.0,0.0,0.0,0.0,0.0,0.0,0.0,0.0,0.0,0.0,0.0,0.0,0.0,0.0,0.0,0.0,0.0,0.0,0.0,0.0,0.5691670693697447,0.0,0.0,0.0,0.0,1.9213634359793668,6.830264752300427
128,1771045032,True,,50.0,kmeans_glm,7933.748129276762,-3823.339499668744,7855.112746440561,"[0, 5, 16, 12, 11, 9, 3, 28, 18, 26, 1, 13, 38, 22, 10, 14, 21, 17, 24, 42, 49, 47, 48, 52, 6, 46, 15, 4, 45, 32, 51, 40, 27, 29, 25, 7, 33, 41, 31, 54, 19, 53, 2, 30, 43, 23, 39, 20, 50, 8, 37]","[""Intercept"", ""xage"", ""child"", ""physlm"", ""disea"", ""num"", ""black"", ""lnum"", ""lfam"", ""xghindx"", ""coins"", ""ghindx"", ""plan_11"", ""fmde"", ""mhi"", ""mdeoff"", ""logc"", ""fchild"", ""hlthf"", ""plan_16"", ""site_5"", ""site_3"", ""site_4"", ""year_3"", ""female"", ""site_2"", ""pioff"", ""income"", ""plan_19"", ""plan_5"", ""year_2"", ""plan_14"", ""linc"", ""plan_2"", ""hlthp"", ""educdec"", ""plan_6"", ""plan_15"", ""plan_4"", ""year_5"", ""lpi"", ""year_4"", ""tookphys"", ""plan_3"", ""plan_17"", ""hlthg"", ""plan_13"", ""idp"", ""site_6"", ""time"", ""plan_10""]","[[5, 16, 12, 3, 1, 10, 21, 24, 42, 49, 47, 48, 6, 29, 25, 7, 43, 50], [12, 11]]","[18, 2]",1387.6199705600739,0.8343104154960288,0.1656895845039713,-2.2053137222691306,-0.21174339238231868,0.0,-0.08458406618496586,0.0,0.22706024114682244,0.10560432315442846,0.11130833089970742,0.0,0.0,-0.04207591006173747,0.0,0.045415145600262746,0.0,0.0,0.0,-0.17596391616629284,0.0,0.0,0.0,0.0,-0.2884639643412521,0.0,0.0,0.11120812128829102,0.1038638199253316,0.0,0.0,0.0,0.16068276178199012,0.0,0.0,0.0,0.0,0.0,0.0,0.0,0.0,0.0,0.0,0.0,0.0,-0.09307398681438343,0.08410259098133907,0.0,0.0,0.0,0.1691819936939645,-0.28668080320829775,-0.1315703028333305,-0.34934726609868316,0.0,0.0,0.0,0.0,0.7080278402059044,0.0,0.0,0.0,0.0,0.0,0.0,0.0,0.0,0.0,0.0,0.2563428825160507,0.2028817775756997,0.0,0.0,0.0,0.0,0.0,0.0,0.0,0.0,0.0,0.0,0.0,0.0,0.0,0.0,0.0,0.0,0.0,0.0,0.0,0.0,0.0,0.0,0.0,0.0,0.0,0.0,0.0,0.0,0.0,0.0,0.0,0.0,0.0,0.0,0.0,0.0,0.0,0.0,0.0,0.0,0.0,0.0,2.111346014488274,8.259351012148308
129,278928384,True,,50.0,quantile_glm,7741.44954394512,-3762.5677823620376,7672.776135588752,"[0, 5, 16, 12, 11, 38, 22, 3, 21, 14, 28, 18, 9, 26, 1, 13, 10, 17, 49, 42, 25, 47, 48, 6, 15, 52, 23, 4, 32, 45, 41, 19, 24, 33, 2, 46, 29, 54, 34, 7, 43, 36, 37, 51, 31, 44, 40, 30, 27, 8, 53]","[""Intercept"", ""xage"", ""child"", ""physlm"", ""disea"", ""plan_11"", ""fmde"", ""black"", ""logc"", ""mdeoff"", ""lnum"", ""lfam"", ""num"", ""xghindx"", ""coins"", ""ghindx"", ""mhi"", ""fchild"", ""site_5"", ""plan_16"", ""hlthp"", ""site_3"", ""site_4"", ""female"", ""pioff"", ""year_3"", ""hlthg"", ""income"", ""plan_5"", ""plan_19"", ""plan_15"", ""lpi"", ""hlthf"", ""plan_6"", ""tookphys"", ""site_2"", ""plan_2"", ""year_5"", ""plan_7"", ""educdec"", ""plan_17"", ""plan_9"", ""plan_10"", ""year_2"", ""plan_4"", ""plan_18"", ""plan_14"", ""plan_3"", ""linc"", ""time"", ""year_4""]","[[5, 11, 22, 3, 21, 1, 17, 47, 6, 29, 34, 43], [5]]","[12, 1]",1098.92005610466,0.8419138628917835,0.1580861371082165,-2.0390200534591036,-0.1623823327389156,0.0,-0.08695435156057099,0.0,0.4673032161000852,0.05322537924175171,0.0,0.0,0.0,0.0,0.1443769722106705,0.0,0.0,0.0,0.0,0.0,0.17854443812302975,0.0,0.0,0.0,-0.08660625140827372,-0.2511225416776061,0.0,0.0,0.0,0.0,0.0,0.0,0.15607445117696045,0.0,0.0,0.0,0.0,0.16614935749898257,0.0,0.0,0.0,0.0,0.0,0.0,0.0,0.0,0.14595543828214272,0.0,0.0,0.0,0.23724044313086254,0.0,0.0,0.0,0.0,0.0,0.0,0.0,0.6673066235984525,0.0,0.0,0.0,0.0,0.5565490661081681,0.0,0.0,0.0,0.0,0.0,0.0,0.0,0.0,0.0,0.0,0.0,0.0,0.0,0.0,0.0,0.0,0.0,0.0,0.0,0.0,0.0,0.0,0.0,0.0,0.0,0.0,0.0,0.0,0.0,0.0,0.0,0.0,0.0,0.0,0.0,0.0,0.0,0.0,0.0,0.0,0.0,0.0,0.0,0.0,0.0,0.0,0.0,0.0,0.0,2.2337735578673636,9.335025959491876
130,564706578,True,,25.0,quantile_glm,7631.752810409307,-3642.387590292862,7588.741061777706,"[0, 5, 16, 12, 11, 28, 18, 9, 26, 3, 13, 17, 14, 38, 22, 10, 1, 49, 6, 15, 21, 19, 42, 47, 52, 25, 46, 24, 45, 32, 51, 27, 2, 41, 48, 43, 37, 54, 33, 7, 4, 53, 23, 30, 44, 36, 39, 34, 8, 35, 31]","[""Intercept"", ""xage"", ""child"", ""physlm"", ""disea"", ""lnum"", ""lfam"", ""num"", ""xghindx"", ""black"", ""ghindx"", ""fchild"", ""mdeoff"", ""plan_11"", ""fmde"", ""mhi"", ""coins"", ""site_5"", ""female"", ""pioff"", ""logc"", ""lpi"", ""plan_16"", ""site_3"", ""year_3"", ""hlthp"", ""site_2"", ""hlthf"", ""plan_19"", ""plan_5"", ""year_2"", ""linc"", ""tookphys"", ""plan_15"", ""site_4"", ""plan_17"", ""plan_10"", ""year_5"", ""plan_6"", ""educdec"", ""income"", ""year_4"", ""hlthg"", ""plan_3"", ""plan_18"", ""plan_9"", ""plan_13"", ""plan_7"", ""time"", ""plan_8"", ""plan_4""]","[[5, 16, 12, 26, 3, 13, 38, 22, 6, 47, 52, 25, 51, 27, 2, 41, 48, 43, 54, 7, 23, 34, 35], [16, 12, 11, 3, 14, 49, 19, 53]]","[23, 8]",1225.8874299526215,0.8335915111945021,0.1664084888054978,-2.561618710714332,0.0,0.05650834166592174,-0.15273173411035174,0.0,0.2704864424373028,0.17305441248119882,0.08712534668756035,0.0,0.0,0.0,0.0,0.052963882554695065,-0.0368572898227544,0.0,0.0,-0.09099490288016555,0.0,0.0,0.0,0.0,0.0,-0.3640203775140165,-0.1207244321775274,0.0,0.05488557672833982,-0.055922203677242155,0.039527778775794144,0.0,0.0,0.0,0.0,0.0,0.0,0.16681313756666366,0.09614608526511186,0.0,0.0,0.04703768945906209,0.0,0.0,-0.21875703443795674,0.0,0.1823002791366407,0.0,0.0,0.0,0.19981833936675242,-0.21702097824748356,0.0,0.0,-0.15290138628156966,-1.6506078846904553,0.0,-1.050262224793905,0.35723757583245863,0.0,0.0,-0.2744707853287847,0.0,0.0,0.0,0.0,0.0,0.0,0.0,0.18615738841128385,0.21965587180029061,0.0,-0.21729463318453374,0.0,-0.6398296578478755,0.0,0.0,-0.16034205713687216,0.0,0.0,0.0,0.0,0.0,0.0,0.0,0.0,0.0,0.0,0.0,0.0,0.0,0.0,0.0,0.0,0.0,0.0,0.0,0.0,0.0,0.0,0.0,0.0,0.0,0.0,0.0,0.0,0.0,-0.5343285028239029,0.0,0.0,0.0,0.1137308955108634,0.0,1.8510031175366435,6.366202369932661
131,943793242,True,,50.0,quantile_glm,8179.457788343823,-3965.8079570861937,8105.310703424948,"[0, 5, 16, 12, 11, 28, 18, 26, 9, 3, 13, 14, 17, 38, 22, 1, 10, 47, 21, 49, 25, 15, 42, 6, 46, 24, 48, 52, 4, 2, 41, 51, 23, 32, 19, 44, 54, 45, 33, 31, 7, 36, 27, 39, 53, 8, 30, 43, 35, 29, 37]","[""Intercept"", ""xage"", ""child"", ""physlm"", ""disea"", ""lnum"", ""lfam"", ""xghindx"", ""num"", ""black"", ""ghindx"", ""mdeoff"", ""fchild"", ""plan_11"", ""fmde"", ""coins"", ""mhi"", ""site_3"", ""logc"", ""site_5"", ""hlthp"", ""pioff"", ""plan_16"", ""female"", ""site_2"", ""hlthf"", ""site_4"", ""year_3"", ""income"", ""tookphys"", ""plan_15"", ""year_2"", ""hlthg"", ""plan_5"", ""lpi"", ""plan_18"", ""year_5"", ""plan_19"", ""plan_6"", ""plan_4"", ""educdec"", ""plan_9"", ""linc"", ""plan_13"", ""year_4"", ""time"", ""plan_3"", ""plan_17"", ""plan_8"", ""plan_2"", ""plan_10""]","[[5, 16, 3, 22, 47, 21, 25, 42, 6, 48, 41, 29], [5, 16, 12, 11]]","[12, 4]",2198.8470282554626,0.8222382518857446,0.1777617481142555,-2.087353944412034,0.0,0.0,-0.22934109935809827,0.0,0.27838717636829097,0.1690767652201851,0.0,0.0,0.0,0.0,0.0,0.0,0.0,0.0,0.0,-0.11785425024655712,0.0,0.0,0.0,0.0,-0.14538809673509814,-0.09763054711895866,0.0,0.0,0.08505671272517884,0.0,0.0,0.0,0.05741270068223692,0.0,0.0,0.0,0.0,0.0,0.0,0.0,0.0,0.0,0.0,0.0,-0.16941438289018632,-0.2344581553490847,0.0,0.0,0.0,0.0,0.21907651305547424,-0.1428906619884989,0.0,0.0,0.0,0.0,0.0,0.0,0.5411719057125882,0.0,0.0,0.0,0.0,0.13624524761239568,0.0,0.0,0.0,0.0,0.0,0.18405319401898498,0.34678958330617954,0.0,0.0,0.0,-0.5248979886803375,0.0,0.0,0.0,0.0,0.0,0.0,0.0,0.0,0.0,0.0,0.0,0.0,0.0,0.0,0.0,0.0,0.0,0.0,0.0,0.0,0.0,0.0,0.0,0.0,0.0,0.0,0.0,0.0,0.0,0.0,0.0,0.0,0.0,0.0,0.0,0.0,0.0,0.0,2.035713024424769,7.657710313828155
132,618721968,True,,100.0,kmeans_glm,7725.124662202904,-3777.842268148015,7651.216670384939,"[0, 5, 16, 28, 18, 11, 12, 9, 1, 14, 38, 17, 3, 22, 47, 15, 26, 21, 43, 42, 13, 19, 49, 10, 48, 41, 52, 33, 51, 45, 46, 23, 6, 24, 54, 2, 32, 36, 37, 25, 4, 39, 31, 7, 34, 27, 44, 40, 8, 35, 30]","[""Intercept"", ""xage"", ""child"", ""lnum"", ""lfam"", ""disea"", ""physlm"", ""num"", ""coins"", ""mdeoff"", ""plan_11"", ""fchild"", ""black"", ""fmde"", ""site_3"", ""pioff"", ""xghindx"", ""logc"", ""plan_17"", ""plan_16"", ""ghindx"", ""lpi"", ""site_5"", ""mhi"", ""site_4"", ""plan_15"", ""year_3"", ""plan_6"", ""year_2"", ""plan_19"", ""site_2"", ""hlthg"", ""female"", ""hlthf"", ""year_5"", ""tookphys"", ""plan_5"", ""plan_9"", ""plan_10"", ""hlthp"", ""income"", ""plan_13"", ""plan_4"", ""educdec"", ""plan_7"", ""linc"", ""plan_18"", ""plan_14"", ""time"", ""plan_8"", ""plan_3""]","[[5, 16, 11, 1, 47, 21, 6], []]","[7, 0]",1148.0092446804047,0.8427361271796796,0.1572638728203204,-2.0335384737266105,-0.126270948940499,0.0,0.0,0.0,0.1423289607078587,0.13977154139328332,0.0,0.0,0.0,0.0,0.13764844187334388,0.0,0.0,0.0,0.0,-0.2672209895712005,0.0,0.0,0.0,0.0,-0.29821548608530224,0.0,0.0,0.0,0.0,0.0,0.0,0.0,0.0,0.0,0.0,0.0,0.0,0.0,0.0,0.0,0.0,0.0,0.0,0.0,0.0,0.0,0.0,0.0,0.0,0.0,0.214009682061229,0.0,0.0,0.0,0.0,0.0,0.0,0.0,0.8868288187986715,0.0,0.0,0.0,0.0,0.0,0.0,0.0,0.0,0.0,0.0,0.0,0.0,0.0,0.0,0.0,0.0,0.0,0.0,0.0,0.0,0.0,0.0,0.0,0.0,0.0,0.0,0.0,0.0,0.0,0.0,0.0,0.0,0.0,0.0,0.0,0.0,0.0,0.0,0.0,0.0,0.0,0.0,0.0,0.0,0.0,0.0,0.0,0.0,0.0,0.0,0.0,0.0,0.0,0.0,2.3660896408003373,10.655643317706199
133,115943989,True,,100.0,kmeans_glm,7770.2013393754305,-3815.444613735362,7709.051882634377,"[0, 5, 16, 28, 18, 11, 9, 12, 26, 3, 17, 13, 10, 38, 22, 14, 21, 1, 42, 25, 49, 48, 46, 52, 6, 41, 24, 45, 23, 47, 4, 15, 33, 51, 32, 7, 43, 54, 34, 27, 2, 29, 19, 30, 8, 36, 31, 35, 40, 53, 39]","[""Intercept"", ""xage"", ""child"", ""lnum"", ""lfam"", ""disea"", ""num"", ""physlm"", ""xghindx"", ""black"", ""fchild"", ""ghindx"", ""mhi"", ""plan_11"", ""fmde"", ""mdeoff"", ""logc"", ""coins"", ""plan_16"", ""hlthp"", ""site_5"", ""site_4"", ""site_2"", ""year_3"", ""female"", ""plan_15"", ""hlthf"", ""plan_19"", ""hlthg"", ""site_3"", ""income"", ""pioff"", ""plan_6"", ""year_2"", ""plan_5"", ""educdec"", ""plan_17"", ""year_5"", ""plan_7"", ""linc"", ""tookphys"", ""plan_2"", ""lpi"", ""plan_3"", ""time"", ""plan_9"", ""plan_4"", ""plan_8"", ""plan_14"", ""year_4"", ""plan_13""]","[[5, 11, 21, 47, 29], []]","[5, 0]",1363.773405790329,0.8420868795107582,0.15791312048924167,-1.9821630091707887,0.0,0.0,0.0,0.0,0.3266984057313509,0.0,0.0,0.0,0.0,0.0,0.1656240323298031,0.0,0.0,0.0,0.0,0.0,0.0,0.0,0.0,0.0,-0.2602716485999523,0.0,0.0,0.0,0.0,0.0,0.0,0.0,0.09429693661797325,0.0,0.0,0.0,0.0,0.0,0.0,0.0,0.0,0.0,0.0,0.0,0.0,0.0,0.0,0.0,0.0,0.0,0.2171093497760173,0.0,0.0,0.0,0.0,0.0,0.0,0.0,0.8868423663062416,0.0,0.0,0.0,0.0,0.0,0.0,0.0,0.0,0.0,0.0,0.0,0.0,0.0,0.0,0.0,0.0,0.0,0.0,0.0,0.0,0.0,0.0,0.0,0.0,0.0,0.0,0.0,0.0,0.0,0.0,0.0,0.0,0.0,0.0,0.0,0.0,0.0,0.0,0.0,0.0,0.0,0.0,0.0,0.0,0.0,0.0,0.0,0.0,0.0,0.0,0.0,0.0,0.0,0.0,2.374297891654038,10.743467459259726
134,1659832011,True,,50.0,kmeans_glm,7411.209702409327,-3588.0509184183175,7349.796626089195,"[0, 5, 16, 11, 38, 22, 28, 18, 21, 3, 9, 12, 26, 14, 13, 17, 47, 49, 10, 48, 15, 1, 24, 2, 52, 33, 42, 41, 19, 51, 45, 32, 39, 54, 20, 23, 4, 6, 7, 27, 35, 50, 25, 29, 43, 53, 8, 30, 34, 36, 31]","[""Intercept"", ""xage"", ""child"", ""disea"", ""plan_11"", ""fmde"", ""lnum"", ""lfam"", ""logc"", ""black"", ""num"", ""physlm"", ""xghindx"", ""mdeoff"", ""ghindx"", ""fchild"", ""site_3"", ""site_5"", ""mhi"", ""site_4"", ""pioff"", ""coins"", ""hlthf"", ""tookphys"", ""year_3"", ""plan_6"", ""plan_16"", ""plan_15"", ""lpi"", ""year_2"", ""plan_19"", ""plan_5"", ""plan_13"", ""year_5"", ""idp"", ""hlthg"", ""income"", ""female"", ""educdec"", ""linc"", ""plan_8"", ""site_6"", ""hlthp"", ""plan_2"", ""plan_17"", ""year_4"", ""time"", ""plan_3"", ""plan_7"", ""plan_9"", ""plan_4""]","[[5, 16, 11, 22, 21, 47, 10, 48, 24, 42, 7, 35, 50, 29, 34], [50]]","[15, 1]",1231.3893029689789,0.8425501489456615,0.15744985105433854,-2.2027669382760986,0.0,0.0,0.0,0.0,0.30030792113301874,0.0,0.10210996524266014,0.0,0.0,-0.04571816508449888,0.07707305975345305,0.0,0.0,0.0,0.0,-0.16336196851084445,0.0,0.0,0.0,0.0,-0.08630491009630926,-0.24646067040898664,0.0,0.04734219048440481,0.0,0.0,0.0,0.0,0.05020679770085677,0.0,0.0,0.0,0.0,0.12077995955482443,0.07196492759887345,0.0,0.0,0.0,0.0,0.0,0.0,-0.22376358651996545,0.0,0.0,0.0,0.0,0.25026977354347835,-0.24543365104023326,0.0,-0.1774678749775642,0.0,0.0,0.0,0.0,0.6165318166777316,0.0,0.0,0.0,0.0,0.0,0.0,0.0,0.0,0.0,0.0,0.0,0.0,0.0,0.0,0.0,0.0,0.0,0.0,0.0,0.0,0.0,0.0,0.0,0.0,0.0,0.0,0.0,0.0,0.0,0.0,0.0,0.0,0.0,0.0,0.0,0.0,0.0,0.0,0.0,0.0,0.0,0.0,0.0,0.0,0.0,0.0,0.0,0.0,0.0,0.4819624524773373,0.0,0.0,0.0,0.0,2.1351824530041443,8.458589661175209
135,1422657351,True,,50.0,kmeans_glm,7848.15906036561,-3793.2410862312477,7786.23118010294,"[0, 5, 16, 38, 21, 22, 28, 18, 12, 14, 11, 1, 9, 17, 3, 15, 19, 49, 26, 6, 42, 41, 13, 52, 10, 25, 47, 40, 45, 48, 46, 30, 51, 2, 29, 33, 4, 24, 23, 54, 43, 32, 53, 7, 37, 34, 20, 50, 36, 39, 44]","[""Intercept"", ""xage"", ""child"", ""plan_11"", ""logc"", ""fmde"", ""lnum"", ""lfam"", ""physlm"", ""mdeoff"", ""disea"", ""coins"", ""num"", ""fchild"", ""black"", ""pioff"", ""lpi"", ""site_5"", ""xghindx"", ""female"", ""plan_16"", ""plan_15"", ""ghindx"", ""year_3"", ""mhi"", ""hlthp"", ""site_3"", ""plan_14"", ""plan_19"", ""site_4"", ""site_2"", ""plan_3"", ""year_2"", ""tookphys"", ""plan_2"", ""plan_6"", ""income"", ""hlthf"", ""hlthg"", ""year_5"", ""plan_17"", ""plan_5"", ""year_4"", ""educdec"", ""plan_10"", ""plan_7"", ""idp"", ""site_6"", ""plan_9"", ""plan_13"", ""plan_18""]","[[5, 16, 21, 22, 11, 1, 3, 6, 52, 47, 48, 30, 2, 29, 24, 43, 34, 50], [12]]","[18, 1]",1217.6865813732147,0.835184040344038,0.164815959655962,-2.270016594646721,-0.17921342963561382,0.10686498657743475,-0.0892394367037283,0.0,0.18006382247086464,0.07152185863980874,0.0,0.0,0.0,0.0,0.10886347215699042,0.0,0.0,0.0,0.0,-0.1845926478173655,0.0,0.0,0.0,0.0,-0.08697681143247922,-0.2656139691850846,0.0,0.06351594716839971,0.0,0.0,0.0,0.0,0.12511945748958617,-0.26941269847422444,0.0,0.0,0.0,0.1316315487848353,0.0,0.0,0.0,0.0,0.0,0.0,0.0,0.0,0.16330914959571394,0.0,0.0,0.0,0.1122869334540723,-0.22514895400655122,0.0,-0.32237642685882495,0.0,-1.3187366445168427,0.0,0.0,0.8035262841301263,0.0,0.0,0.0,0.0,0.0,0.0,0.0,0.0,0.0,0.0,0.0,0.36348580150163184,0.0,0.0,0.0,0.0,0.0,0.0,0.0,0.0,0.0,0.0,0.0,0.0,0.0,0.0,0.0,0.0,0.0,0.0,0.0,0.0,0.0,0.0,0.0,0.0,0.0,0.0,0.0,0.0,0.0,0.0,0.0,0.0,0.0,0.0,0.0,0.0,0.0,0.0,0.0,0.0,0.0,0.0,2.3615421942897616,10.607297358328525
136,1912667557,True,,25.0,quantile_glm,7652.88456383833,-3642.7057441507163,7589.377369493414,"[0, 5, 16, 38, 14, 22, 11, 12, 21, 10, 1, 3, 9, 28, 18, 17, 26, 47, 6, 15, 42, 49, 13, 33, 19, 52, 45, 41, 23, 51, 25, 48, 34, 43, 27, 32, 24, 2, 54, 37, 4, 7, 31, 36, 46, 20, 30, 29, 53, 50, 8]","[""Intercept"", ""xage"", ""child"", ""plan_11"", ""mdeoff"", ""fmde"", ""disea"", ""physlm"", ""logc"", ""mhi"", ""coins"", ""black"", ""num"", ""lnum"", ""lfam"", ""fchild"", ""xghindx"", ""site_3"", ""female"", ""pioff"", ""plan_16"", ""site_5"", ""ghindx"", ""plan_6"", ""lpi"", ""year_3"", ""plan_19"", ""plan_15"", ""hlthg"", ""year_2"", ""hlthp"", ""site_4"", ""plan_7"", ""plan_17"", ""linc"", ""plan_5"", ""hlthf"", ""tookphys"", ""year_5"", ""plan_10"", ""income"", ""educdec"", ""plan_4"", ""plan_9"", ""site_2"", ""idp"", ""plan_3"", ""plan_2"", ""year_4"", ""site_6"", ""time""]","[[5, 16, 38, 22, 11, 10, 3, 47, 6, 42, 49, 41, 25, 48, 34, 43, 24, 54, 7, 31, 29, 50], [16, 38, 14, 11, 12, 3, 9, 49, 50]]","[22, 9]",1002.9221951961517,0.8392104219979492,0.1607895780020508,-2.2336173712706637,0.0,0.0,-0.03387796812949488,0.0,0.35105008447719754,0.1827392813402291,0.0666751429147663,0.0,0.0,-0.10517892256618704,0.00514077602711507,0.0,0.0,0.0,0.0,-0.03874984028689787,0.0,0.0,0.0,0.0,0.0,-0.13984521098068925,0.0,0.07584605810266594,0.09560239101376948,0.0,0.0,0.0,0.10236501552164456,0.0,-0.20007658730758457,0.0,0.0,0.1691243156772497,0.0,0.0,0.0,0.22272836011833114,0.0,0.0,-0.11055112317285541,-0.16956919189488967,0.16632455888869255,0.0,0.0,0.0,0.1153105911920096,-0.13633040035197602,-0.08432071637929435,-0.30943297949158516,0.0,0.0,0.0,-1.020990402125909,0.1684691710190128,0.0,0.0,-0.6883428332157361,0.0,0.0,0.0,0.0,0.0,-0.2580937863280554,0.0,0.1570475251148315,0.17656315054198307,0.0,-0.29097124830859517,0.0,-0.5982616304813362,0.0,0.0,0.0,0.0,0.0,0.0,0.0,0.0,0.0,0.0,0.0,0.0,0.0,0.0,0.0,0.0,0.0,0.0,0.0,0.0,0.0,0.11383658979079755,0.0,0.0,0.0,0.0,0.0,0.0,0.0,0.0,0.0,0.0,-0.2163776773005714,0.6177954610272443,0.0,0.0,0.0,0.0,1.9753716019631804,7.209298145467277
137,815062211,True,,50.0,kmeans_glm,8089.996861633911,-3910.321033275779,8029.075813654631,"[0, 5, 16, 11, 12, 38, 26, 22, 13, 21, 14, 28, 18, 9, 3, 1, 48, 17, 10, 46, 25, 49, 15, 19, 41, 24, 52, 47, 6, 4, 42, 32, 43, 23, 27, 51, 33, 45, 20, 34, 54, 30, 39, 37, 40, 2, 50, 29, 36, 8, 31]","[""Intercept"", ""xage"", ""child"", ""disea"", ""physlm"", ""plan_11"", ""xghindx"", ""fmde"", ""ghindx"", ""logc"", ""mdeoff"", ""lnum"", ""lfam"", ""num"", ""black"", ""coins"", ""site_4"", ""fchild"", ""mhi"", ""site_2"", ""hlthp"", ""site_5"", ""pioff"", ""lpi"", ""plan_15"", ""hlthf"", ""year_3"", ""site_3"", ""female"", ""income"", ""plan_16"", ""plan_5"", ""plan_17"", ""hlthg"", ""linc"", ""year_2"", ""plan_6"", ""plan_19"", ""idp"", ""plan_7"", ""year_5"", ""plan_3"", ""plan_13"", ""plan_10"", ""plan_14"", ""tookphys"", ""site_6"", ""plan_2"", ""plan_9"", ""time"", ""plan_4""]","[[5, 16, 11, 12, 22, 21, 3, 1, 48, 25, 41, 52, 47, 6, 4, 43, 34, 50, 29], [11]]","[19, 1]",1288.2547330856323,0.8358035079936385,0.16419649200636152,-2.374570736128688,-0.1469361911943592,0.0,-0.051886881030281974,0.0955572172643192,0.21440426773651508,0.10869659848288817,0.0,0.0,0.0,0.0,0.08251277176520955,0.08542760195542216,0.0,0.0,0.0,-0.14578165824827255,0.0,0.0,0.0,0.0,-0.01137657383791053,-0.34442816089446626,0.0,0.0,0.044515376484737065,0.0,0.0,0.0,0.0853847618312926,0.0,0.0,0.0,0.0,0.16345462394597365,0.0,0.0,0.0,0.0,0.0,0.0,-0.27317599069962556,0.0,0.1745645293004435,0.0,0.0,0.0,0.17116291620337165,-0.26871085193108657,0.0,-0.25023657481407335,0.0,-1.7380753803878368,0.0,0.0,0.7092705993389509,0.0,0.0,0.0,0.0,0.0,0.0,0.0,0.0,0.0,0.0,0.34216236662563476,0.0,0.0,0.0,0.0,0.0,0.0,0.0,0.0,0.0,0.0,0.0,0.0,0.0,0.0,0.0,0.0,0.0,0.0,0.0,0.0,0.0,0.0,0.0,0.0,0.0,0.0,0.0,0.0,0.0,0.0,0.0,0.0,0.0,0.0,0.0,0.0,0.0,0.0,0.0,0.0,0.0,0.0,0.0,1.9390367662365722,6.952051293946472
138,174289825,True,,50.0,quantile_glm,7923.863023002016,-3841.4350376886086,7856.564864629778,"[0, 5, 16, 11, 12, 3, 38, 9, 28, 18, 26, 22, 13, 21, 14, 1, 10, 17, 49, 48, 24, 47, 27, 6, 15, 51, 32, 42, 41, 25, 52, 40, 45, 34, 33, 4, 23, 19, 20, 54, 31, 46, 37, 53, 36, 30, 39, 50, 43, 29, 44]","[""Intercept"", ""xage"", ""child"", ""disea"", ""physlm"", ""black"", ""plan_11"", ""num"", ""lnum"", ""lfam"", ""xghindx"", ""fmde"", ""ghindx"", ""logc"", ""mdeoff"", ""coins"", ""mhi"", ""fchild"", ""site_5"", ""site_4"", ""hlthf"", ""site_3"", ""linc"", ""female"", ""pioff"", ""year_2"", ""plan_5"", ""plan_16"", ""plan_15"", ""hlthp"", ""year_3"", ""plan_14"", ""plan_19"", ""plan_7"", ""plan_6"", ""income"", ""hlthg"", ""lpi"", ""idp"", ""year_5"", ""plan_4"", ""site_2"", ""plan_10"", ""year_4"", ""plan_9"", ""plan_3"", ""plan_13"", ""site_6"", ""plan_17"", ""plan_2"", ""plan_18""]","[[5, 11, 12, 3, 22, 21, 48, 47, 27, 25, 34, 50, 43, 29], [11, 50]]","[14, 2]",1270.4754905700684,0.8442285127501674,0.15577148724983256,-1.9932350888530528,0.0,0.0,-0.09557702808110512,0.0,0.24841205336329306,0.0,0.0,0.0,0.0,0.0,0.060659067101113046,0.08180267383293471,0.0,0.0,0.0,0.0,0.0,0.0,0.0,0.0,-0.06011141331914799,-0.3290452404852237,0.0,0.0,0.079928292764329,0.0,0.10375656545501391,0.0,0.04372947087719498,0.0,0.0,0.0,0.0,0.14523026189065127,0.0,0.0,0.0,0.0,0.0,0.0,0.0,0.0,0.1619799720915904,0.0,0.0,0.0,0.1460043778294036,-0.10165199982942338,0.0,-0.2561903398489614,0.0,0.0,0.0,0.0,0.5861779634176625,0.0,0.0,0.0,0.0,0.0,0.0,0.0,0.0,0.0,0.0,0.2505137724459862,0.0,0.0,0.0,0.0,0.0,0.0,0.0,0.0,0.0,0.0,0.0,0.0,0.0,0.0,0.0,0.0,0.0,0.0,0.0,0.0,0.0,0.0,0.0,0.0,0.0,0.0,0.0,0.0,0.0,0.0,0.0,0.0,0.0,0.0,0.0,0.0,0.0,0.0,0.47281501271735665,0.0,0.0,0.0,0.0,2.115991740787533,8.297810964393387
139,514956301,True,,50.0,kmeans_glm,7922.193257250634,-3836.0969082328998,7845.88860571836,"[0, 5, 16, 12, 11, 28, 18, 9, 26, 3, 13, 38, 17, 14, 22, 1, 47, 21, 10, 15, 24, 6, 49, 48, 51, 52, 33, 23, 4, 19, 42, 46, 41, 45, 32, 53, 54, 36, 34, 30, 37, 31, 25, 2, 40, 27, 39, 8, 29, 44, 7]","[""Intercept"", ""xage"", ""child"", ""physlm"", ""disea"", ""lnum"", ""lfam"", ""num"", ""xghindx"", ""black"", ""ghindx"", ""plan_11"", ""fchild"", ""mdeoff"", ""fmde"", ""coins"", ""site_3"", ""logc"", ""mhi"", ""pioff"", ""hlthf"", ""female"", ""site_5"", ""site_4"", ""year_2"", ""year_3"", ""plan_6"", ""hlthg"", ""income"", ""lpi"", ""plan_16"", ""site_2"", ""plan_15"", ""plan_19"", ""plan_5"", ""year_4"", ""year_5"", ""plan_9"", ""plan_7"", ""plan_3"", ""plan_10"", ""plan_4"", ""hlthp"", ""tookphys"", ""plan_14"", ""linc"", ""plan_13"", ""time"", ""plan_2"", ""plan_18"", ""educdec""]","[[5, 16, 12, 11, 3, 1, 47, 21, 10, 6, 48, 34, 29], [5, 12, 11]]","[13, 3]",1552.36483836174,0.8349106698042726,0.16508933019572727,-2.0519188143185594,-0.19334641681757225,0.0,-0.20278041464627403,0.0,0.18295245216568953,0.08208431570373688,0.0,0.0,0.0,-0.07293932662888641,0.047189812894466804,0.049778860125453545,0.0,0.0,0.0,-0.23173719825416358,0.0,0.0,0.0,0.0,-0.3031506529627971,0.0,0.0,0.0,0.0,0.0,0.0,0.0,0.12257917646937662,0.0,0.0,0.0,0.0,0.1582674998969302,0.0,0.0,0.0,0.0,0.0,0.0,0.0,0.0,0.0,0.0,0.0,0.0,0.18464121713521328,-0.18252889392386643,0.0,0.0,0.0,0.0,0.0,0.0,0.5693825618873494,0.0,0.0,0.0,0.0,0.4717779475271369,0.0,0.0,0.0,0.0,0.0,0.2489625258549262,0.2894116113248579,0.0,0.0,0.0,0.0,0.0,0.0,0.0,0.0,0.0,0.0,0.0,0.0,0.0,0.0,0.0,0.0,0.0,0.0,0.0,0.0,0.0,0.0,0.0,0.0,0.0,0.0,0.0,0.0,0.0,0.0,0.0,0.0,0.0,0.0,0.0,0.0,0.0,0.0,0.0,0.0,0.0,0.0,2.1978149577017003,9.005314992068431
140,369784295,True,,50.0,quantile_glm,8219.667089736138,-3986.068544859114,8145.831878970788,"[0, 5, 16, 12, 28, 18, 9, 11, 3, 38, 26, 22, 13, 14, 17, 21, 10, 47, 6, 1, 49, 19, 15, 52, 42, 23, 45, 32, 24, 25, 7, 41, 48, 51, 46, 2, 54, 33, 44, 31, 50, 53, 20, 40, 34, 30, 8, 36, 37, 27, 39]","[""Intercept"", ""xage"", ""child"", ""physlm"", ""lnum"", ""lfam"", ""num"", ""disea"", ""black"", ""plan_11"", ""xghindx"", ""fmde"", ""ghindx"", ""mdeoff"", ""fchild"", ""logc"", ""mhi"", ""site_3"", ""female"", ""coins"", ""site_5"", ""lpi"", ""pioff"", ""year_3"", ""plan_16"", ""hlthg"", ""plan_19"", ""plan_5"", ""hlthf"", ""hlthp"", ""educdec"", ""plan_15"", ""site_4"", ""year_2"", ""site_2"", ""tookphys"", ""year_5"", ""plan_6"", ""plan_18"", ""plan_4"", ""site_6"", ""year_4"", ""idp"", ""plan_14"", ""plan_7"", ""plan_3"", ""time"", ""plan_9"", ""plan_10"", ""linc"", ""plan_13""]","[[5, 9, 11, 3, 21, 10, 47, 6, 52, 24, 48, 50, 34], [16, 12, 11]]","[13, 3]",2262.761155128479,0.824899973726641,0.17510002627335897,-2.1569005241375723,0.0,0.0,-0.07999892823090189,0.0,0.33564836452847124,0.15764711560469843,0.0,0.0,-0.03908191446760622,-0.0941009423206848,0.029677301856217655,0.0,0.0,0.0,0.0,0.0,0.0,0.0,0.0,0.0,-0.27369445608588644,0.0,0.0,0.0738475691127078,0.0,0.0,0.0,0.0,0.0,0.0,0.0,0.0,0.0,0.07435013462337103,0.0,0.0,0.0,0.0,0.0,0.0,0.0,0.0,0.0,0.0,0.0,0.0,0.14425211807212687,-0.1387326528140048,0.0,-0.3380446318465177,0.0,-1.1441867630993248,0.0,0.0,0.7232561726388911,0.0,0.0,0.0,0.0,0.0,0.0,0.0,0.0,0.0,0.0,0.22100969093427686,0.20974237945063745,0.0,0.0,0.0,-0.5056646114603758,0.0,0.0,0.0,0.0,0.0,0.0,0.0,0.0,0.0,0.0,0.0,0.0,0.0,0.0,0.0,0.0,0.0,0.0,0.0,0.0,0.0,0.0,0.0,0.0,0.0,0.0,0.0,0.0,0.0,0.0,0.0,0.0,0.0,0.0,0.0,0.0,0.0,0.0,2.209407892877557,9.110320510065831
141,1412103063,True,,100.0,quantile_glm,8042.44567838842,-3926.471246475931,7957.159366503398,"[0, 5, 16, 12, 11, 3, 28, 18, 9, 26, 14, 22, 38, 13, 17, 21, 1, 23, 10, 42, 6, 15, 49, 2, 32, 4, 25, 41, 48, 33, 52, 51, 30, 19, 46, 27, 53, 35, 45, 54, 34, 43, 29, 47, 7, 20, 24, 36, 8, 39, 40]","[""Intercept"", ""xage"", ""child"", ""physlm"", ""disea"", ""black"", ""lnum"", ""lfam"", ""num"", ""xghindx"", ""mdeoff"", ""fmde"", ""plan_11"", ""ghindx"", ""fchild"", ""logc"", ""coins"", ""hlthg"", ""mhi"", ""plan_16"", ""female"", ""pioff"", ""site_5"", ""tookphys"", ""plan_5"", ""income"", ""hlthp"", ""plan_15"", ""site_4"", ""plan_6"", ""year_3"", ""year_2"", ""plan_3"", ""lpi"", ""site_2"", ""linc"", ""year_4"", ""plan_8"", ""plan_19"", ""year_5"", ""plan_7"", ""plan_17"", ""plan_2"", ""site_3"", ""educdec"", ""idp"", ""hlthf"", ""plan_9"", ""time"", ""plan_13"", ""plan_14""]","[[5, 16, 11, 3, 22, 21, 48, 47], []]","[8, 0]",1050.9583370685577,0.8444937656566448,0.15550623434335514,-1.928337916166026,0.0,0.0,-0.24323827823788638,0.0,0.14239694658148794,0.0,0.0,0.0,0.0,0.0,0.14487319680498079,0.0,0.0,0.0,0.0,-0.246365939777943,0.0,0.0,0.0,0.0,-0.15452674709588093,-0.11094501498558375,0.0,0.0,0.0,0.0,0.0,0.0,0.0,0.0,0.0,0.0,0.0,0.0,0.0,0.0,0.0,0.0,0.0,0.0,0.0,0.0,0.0,0.0,0.0,0.0,0.11214662179371099,-0.19097617866208982,0.0,0.0,0.0,0.0,0.0,0.0,0.9334732304603252,0.0,0.0,0.0,0.0,0.0,0.0,0.0,0.0,0.0,0.0,0.0,0.0,0.0,0.0,0.0,0.0,0.0,0.0,0.0,0.0,0.0,0.0,0.0,0.0,0.0,0.0,0.0,0.0,0.0,0.0,0.0,0.0,0.0,0.0,0.0,0.0,0.0,0.0,0.0,0.0,0.0,0.0,0.0,0.0,0.0,0.0,0.0,0.0,0.0,0.0,0.0,0.0,0.0,0.0,2.399857569498044,11.021606455901798
142,414171890,True,,50.0,kmeans_glm,8270.040132228523,-3983.0235294956,8235.27398233267,"[0, 5, 16, 12, 11, 28, 18, 9, 26, 3, 13, 17, 38, 22, 10, 1, 14, 21, 6, 25, 24, 49, 41, 47, 19, 15, 42, 52, 45, 48, 46, 4, 27, 7, 31, 40, 32, 54, 36, 43, 29, 33, 53, 44, 30, 8, 20, 2, 50, 51, 34]","[""Intercept"", ""xage"", ""child"", ""physlm"", ""disea"", ""lnum"", ""lfam"", ""num"", ""xghindx"", ""black"", ""ghindx"", ""fchild"", ""plan_11"", ""fmde"", ""mhi"", ""coins"", ""mdeoff"", ""logc"", ""female"", ""hlthp"", ""hlthf"", ""site_5"", ""plan_15"", ""site_3"", ""lpi"", ""pioff"", ""plan_16"", ""year_3"", ""plan_19"", ""site_4"", ""site_2"", ""income"", ""linc"", ""educdec"", ""plan_4"", ""plan_14"", ""plan_5"", ""year_5"", ""plan_9"", ""plan_17"", ""plan_2"", ""plan_6"", ""year_4"", ""plan_18"", ""plan_3"", ""time"", ""idp"", ""tookphys"", ""site_6"", ""year_2"", ""plan_7""]","[[5, 16, 12, 11, 26, 3, 22, 10, 1, 21, 6, 25, 24, 41, 47, 48, 31, 43, 29, 50, 34], [5, 12, 11, 28, 18, 25]]","[21, 6]",1773.1036813259125,0.8134912964980159,0.18650870350198417,-2.6719331936328703,-0.045515156737692145,0.0,-0.2592995499388887,0.0,0.21069068388614048,0.2002215702086959,0.0,0.0,0.0,-0.022329189038929744,-0.014927925953963927,0.0704314347882233,0.0,0.0,0.0,-0.21666886020986595,0.0,0.0,0.0,0.0,0.004733126699452238,-0.3544632514428898,0.0,0.05954519834783738,0.06821394942613435,-0.03193874733824085,0.0,0.0,0.08927416646690126,0.0,-1.020847302254477,0.0,0.0,0.09471381568893299,0.0,0.0,0.0,0.0,0.0,0.0,-1.9473708980358726,0.0,0.20527463338499732,0.0,0.0,0.0,0.16046430955765298,-0.14673190289309176,0.0,-0.20392511293768997,0.0,0.0,0.0,0.0,0.545577414099244,0.0,0.0,0.0,0.0,0.28960772518829625,0.0,0.0,0.0,0.0,0.0,0.19631293683536435,0.3046827661602297,0.0,0.0,0.0,0.0,0.0,-0.11704090142393492,0.0,0.0,0.0,0.0,0.0,0.0,0.04416245226952523,0.0,0.0,-0.11703873423109386,0.0,0.0,0.0,0.0,0.0,0.0,0.0,0.0,0.0,0.0,0.0,0.0,0.0,0.0,0.0,0.0,0.0,0.0,0.0,0.0,0.0,0.0,0.0,0.0,0.0,0.0,1.8896909592715831,6.61732334258695
143,330813128,True,,50.0,quantile_glm,7633.177150531218,-3695.7059129502586,7573.791354615706,"[0, 16, 5, 12, 28, 18, 9, 11, 3, 26, 14, 13, 22, 38, 17, 10, 21, 1, 47, 42, 49, 48, 27, 46, 15, 6, 52, 4, 19, 24, 33, 32, 23, 37, 53, 54, 7, 43, 41, 29, 45, 30, 2, 44, 25, 8, 31, 34, 39, 35, 51]","[""Intercept"", ""child"", ""xage"", ""physlm"", ""lnum"", ""lfam"", ""num"", ""disea"", ""black"", ""xghindx"", ""mdeoff"", ""ghindx"", ""fmde"", ""plan_11"", ""fchild"", ""mhi"", ""logc"", ""coins"", ""site_3"", ""plan_16"", ""site_5"", ""site_4"", ""linc"", ""site_2"", ""pioff"", ""female"", ""year_3"", ""income"", ""lpi"", ""hlthf"", ""plan_6"", ""plan_5"", ""hlthg"", ""plan_10"", ""year_4"", ""year_5"", ""educdec"", ""plan_17"", ""plan_15"", ""plan_2"", ""plan_19"", ""plan_3"", ""tookphys"", ""plan_18"", ""hlthp"", ""time"", ""plan_4"", ""plan_7"", ""plan_13"", ""plan_8"", ""year_2""]","[[16, 5, 11, 3, 22, 10, 21, 1, 47, 42, 48, 6, 7, 43, 29, 25, 34], []]","[17, 0]",1295.4881761074066,0.8440520280518725,0.15594797194812748,-2.142535118601446,-0.1268804086482382,0.0,-0.19845682414184898,0.0,0.2613618992733763,0.17017017211600752,0.126245694518998,0.0,0.0,-0.09433412940878215,0.014971812929683222,0.0,0.0,0.0,0.0,-0.09203411130250201,0.0,0.0,0.0,0.0,-0.09495615827307426,-0.24753895006171633,0.0,0.0,0.07807649079083907,0.0,0.0,0.0,0.11997075333607997,0.0,0.0,0.0,0.0,0.164566758490024,0.0,0.0,0.0,0.0,0.0,0.0,0.0,-0.14375524238726847,0.12424007877804286,0.0,0.0,0.0,0.23201492001720198,-0.13894988828303947,0.0,0.0,0.0,0.0,0.0,0.0,0.8866430257207286,0.0,0.0,0.0,0.0,0.0,0.0,0.0,0.0,0.0,0.0,0.0,0.0,0.0,0.0,0.0,0.0,0.0,0.0,0.0,0.0,0.0,0.0,0.0,0.0,0.0,0.0,0.0,0.0,0.0,0.0,0.0,0.0,0.0,0.0,0.0,0.0,0.0,0.0,0.0,0.0,0.0,0.0,0.0,0.0,0.0,0.0,0.0,0.0,0.0,0.0,0.0,0.0,0.0,0.0,2.361224803472046,10.603931233762985
144,1383801247,True,,50.0,kmeans_glm,7722.337917398161,-3716.181447595425,7640.7966422939235,"[0, 5, 16, 11, 38, 3, 22, 28, 18, 21, 9, 14, 1, 17, 12, 26, 10, 6, 49, 13, 25, 42, 15, 19, 48, 24, 47, 27, 41, 33, 32, 2, 46, 4, 52, 54, 53, 7, 51, 23, 31, 20, 30, 50, 43, 45, 40, 8, 39, 35, 29]","[""Intercept"", ""xage"", ""child"", ""disea"", ""plan_11"", ""black"", ""fmde"", ""lnum"", ""lfam"", ""logc"", ""num"", ""mdeoff"", ""coins"", ""fchild"", ""physlm"", ""xghindx"", ""mhi"", ""female"", ""site_5"", ""ghindx"", ""hlthp"", ""plan_16"", ""pioff"", ""lpi"", ""site_4"", ""hlthf"", ""site_3"", ""linc"", ""plan_15"", ""plan_6"", ""plan_5"", ""tookphys"", ""site_2"", ""income"", ""year_3"", ""year_5"", ""year_4"", ""educdec"", ""year_2"", ""hlthg"", ""plan_4"", ""idp"", ""plan_3"", ""site_6"", ""plan_17"", ""plan_19"", ""plan_14"", ""time"", ""plan_13"", ""plan_8"", ""plan_2""]","[[5, 16, 11, 3, 22, 21, 1, 6, 25, 42, 48, 47, 41, 33, 7, 50, 43], [5, 11, 25]]","[17, 3]",1376.0834226608276,0.8260287694252973,0.17397123057470268,-2.179697893725164,-0.06779260708551572,0.0,-0.10614358576926958,0.0,0.20437538871832253,0.1249467850075186,0.11511123513352987,0.0,0.0,0.0,0.10922147843725385,0.0,0.0,0.0,0.0,-0.2225712798902873,0.0,0.0,0.0,0.0,-0.13130107109006173,-0.06756593814906145,0.0,0.0,0.07665132649215882,0.0,0.0,0.0,0.0,0.0,0.0,0.0,-0.11932742338755996,0.0,0.0,0.0,0.0,0.0,0.0,0.0,-0.2671064700842843,-0.2863803254573855,0.11418250314254184,0.0,0.0,0.0,0.16794584826629935,-0.1644755248251672,0.0,-0.2942871061088612,0.0,0.0,0.0,0.0,0.5472129849455317,0.0,0.0,0.0,0.0,0.46758371466398096,0.0,0.0,0.0,0.0,0.0,0.15812748797742907,0.0,0.0,0.0,0.0,0.0,0.0,0.0,0.0,0.0,0.0,0.0,0.0,0.0,0.1466828013507971,0.0,0.0,0.0,0.0,0.0,0.0,0.0,0.0,0.0,0.0,0.0,0.0,0.0,0.0,0.0,0.0,0.0,0.0,0.0,0.0,0.0,0.0,0.0,0.0,0.0,0.0,0.0,0.0,0.0,2.133205517070176,8.441884089686456
145,1329534451,True,,50.0,kmeans_glm,7522.665326436322,-3645.0328656366746,7463.76052052591,"[0, 5, 16, 28, 18, 22, 9, 38, 3, 14, 11, 26, 1, 21, 12, 13, 17, 15, 10, 49, 19, 46, 42, 24, 52, 48, 47, 4, 6, 40, 41, 27, 45, 37, 33, 51, 53, 54, 25, 50, 32, 23, 7, 30, 29, 36, 2, 35, 43, 39, 8]","[""Intercept"", ""xage"", ""child"", ""lnum"", ""lfam"", ""fmde"", ""num"", ""plan_11"", ""black"", ""mdeoff"", ""disea"", ""xghindx"", ""coins"", ""logc"", ""physlm"", ""ghindx"", ""fchild"", ""pioff"", ""mhi"", ""site_5"", ""lpi"", ""site_2"", ""plan_16"", ""hlthf"", ""year_3"", ""site_4"", ""site_3"", ""income"", ""female"", ""plan_14"", ""plan_15"", ""linc"", ""plan_19"", ""plan_10"", ""plan_6"", ""year_2"", ""year_4"", ""year_5"", ""hlthp"", ""site_6"", ""plan_5"", ""hlthg"", ""educdec"", ""plan_3"", ""plan_2"", ""plan_9"", ""tookphys"", ""plan_8"", ""plan_17"", ""plan_13"", ""time""]","[[5, 16, 22, 3, 11, 1, 21, 49, 24, 52, 48, 47, 6, 50, 29, 43], []]","[16, 0]",1297.093932390213,0.858933013328961,0.14106698667103912,-2.285074871440784,-0.267260014940626,0.0,-0.16168624937056167,0.0,0.3085295263182408,0.10482366663774949,0.0,0.0,0.0,0.0,0.022454464907012705,0.0,0.0,0.0,0.0,-0.09222589169195071,0.0,0.0,0.0,0.0,0.04461178849546747,-0.2658670180051978,0.0,0.10215395482039359,0.0,0.0,0.0,0.0,0.10185622767871291,0.0,0.0,0.0,0.0,0.0,0.0,0.0,0.0,0.0,0.0,0.0,0.0,0.0,0.142185463042892,0.0,0.0,0.0,0.06853055168528376,-0.20580963399416333,-0.15190864776688542,-0.39632738552664337,0.0,-1.800202289890685,0.0,0.0,0.7293703749440702,0.0,0.0,0.0,0.0,0.0,0.0,0.0,0.0,0.0,0.0,0.0,0.0,0.0,0.0,0.0,0.0,0.0,0.0,0.0,0.0,0.0,0.0,0.0,0.0,0.0,0.0,0.0,0.0,0.0,0.0,0.0,0.0,0.0,0.0,0.0,0.0,0.0,0.0,0.0,0.0,0.0,0.0,0.0,0.0,0.0,0.0,0.0,0.0,0.0,0.0,0.0,0.0,0.0,0.0,2.4261766892263577,11.315536458460482
146,591488023,True,,25.0,quantile_glm,7860.473000366468,-3742.9124471769073,7824.529733396308,"[0, 5, 16, 12, 38, 11, 28, 18, 22, 21, 9, 14, 1, 3, 26, 13, 17, 42, 6, 24, 10, 15, 48, 2, 45, 49, 47, 52, 33, 50, 32, 43, 51, 4, 41, 23, 54, 40, 19, 27, 36, 31, 20, 34, 35, 8, 39, 46, 37, 30, 53]","[""Intercept"", ""xage"", ""child"", ""physlm"", ""plan_11"", ""disea"", ""lnum"", ""lfam"", ""fmde"", ""logc"", ""num"", ""mdeoff"", ""coins"", ""black"", ""xghindx"", ""ghindx"", ""fchild"", ""plan_16"", ""female"", ""hlthf"", ""mhi"", ""pioff"", ""site_4"", ""tookphys"", ""plan_19"", ""site_5"", ""site_3"", ""year_3"", ""plan_6"", ""site_6"", ""plan_5"", ""plan_17"", ""year_2"", ""income"", ""plan_15"", ""hlthg"", ""year_5"", ""plan_14"", ""lpi"", ""linc"", ""plan_9"", ""plan_4"", ""idp"", ""plan_7"", ""plan_8"", ""time"", ""plan_13"", ""site_2"", ""plan_10"", ""plan_3"", ""year_4""]","[[5, 16, 12, 21, 1, 3, 6, 24, 48, 2, 45, 47, 52, 33, 50, 43, 54, 31, 34], [5, 16, 12, 38, 11, 28, 18, 9, 1, 3, 42, 2, 50, 4, 23, 53]]","[19, 16]",1707.736828327179,0.8054508602410141,0.19454913975898588,-2.689178277373895,-0.05752942523333265,0.10832354567931238,-0.054379169237233425,0.0,0.11571531595879019,0.1641850409506596,0.0,0.0,0.0,0.0,0.0,0.09431115751528833,0.0,0.0,0.0,-0.1912017308138518,0.0,0.0,0.0,0.0,-0.38988890390158876,0.0,0.0,0.13599651567655333,0.0,0.0,0.0,0.0,0.0,0.0,-0.1515123246809809,0.0,-0.09139482475429225,0.12241562842674893,0.0,0.0,0.0,0.0,0.0,0.0,0.0,0.0,0.13113982840032373,0.0,-1.5801752662200172,0.0,0.14410179669122555,-0.16843665452442136,0.0,-0.3659918832516356,0.0,-1.5635570232840934,0.0,-1.0088823879072477,-0.2092604654835597,-0.052353914068589344,0.16574198073241111,-0.7489840417171156,0.31383992957480067,0.14901951541802552,0.0,0.0,0.0,-0.1538049494512711,0.0,0.20521976325307584,0.15613163646261322,0.0,0.0,0.0,-0.39481858654271657,0.0,-0.14092287056349004,0.0,0.0,0.0,0.0,0.12312106203149165,0.0,0.0,0.0,0.0,-0.14092414238121795,0.0,0.0,0.0,0.0,0.0,0.0,0.0,0.0,0.0,0.19428794944633443,0.0,0.0,0.0,-0.17431205533042324,0.0,0.0,0.0,0.0,0.0,0.0,0.0,0.7672827931597546,0.0,0.0,0.1302783209503719,0.0,1.428921066836254,4.174193086114388
147,1762030052,True,,100.0,kmeans_glm,7914.418942452055,-3875.3103695837203,7837.468133793721,"[0, 5, 16, 28, 18, 9, 12, 11, 26, 13, 22, 14, 17, 38, 1, 21, 48, 10, 3, 42, 25, 24, 49, 6, 27, 52, 23, 15, 4, 45, 2, 50, 47, 51, 33, 46, 41, 53, 30, 54, 29, 40, 19, 32, 43, 44, 36, 8, 39, 31, 20]","[""Intercept"", ""xage"", ""child"", ""lnum"", ""lfam"", ""num"", ""physlm"", ""disea"", ""xghindx"", ""ghindx"", ""fmde"", ""mdeoff"", ""fchild"", ""plan_11"", ""coins"", ""logc"", ""site_4"", ""mhi"", ""black"", ""plan_16"", ""hlthp"", ""hlthf"", ""site_5"", ""female"", ""linc"", ""year_3"", ""hlthg"", ""pioff"", ""income"", ""plan_19"", ""tookphys"", ""site_6"", ""site_3"", ""year_2"", ""plan_6"", ""site_2"", ""plan_15"", ""year_4"", ""plan_3"", ""year_5"", ""plan_2"", ""plan_14"", ""lpi"", ""plan_5"", ""plan_17"", ""plan_18"", ""plan_9"", ""time"", ""plan_13"", ""plan_4"", ""idp""]","[[5, 21, 48, 25, 50, 29], []]","[6, 0]",1311.0446038246155,0.8397324485574198,0.16026755144258023,-1.9619214511474268,0.0,0.0,0.0,0.0,0.3776963702060438,0.0,0.0,0.0,0.0,0.0,0.0,0.0,0.0,0.0,0.0,0.0,0.0,0.0,0.0,0.0,-0.23143977095261467,0.0,0.0,0.0,0.11209824713216222,0.0,0.0,0.0,0.07403068497431224,0.0,0.0,0.0,0.0,0.0,0.0,0.0,0.0,0.0,0.0,0.0,0.0,0.0,0.0,0.0,0.0,0.0,0.0,-0.2609426114447068,0.0,-0.23585550235488312,0.0,0.0,0.0,0.0,0.9220600371686392,0.0,0.0,0.0,0.0,0.0,0.0,0.0,0.0,0.0,0.0,0.0,0.0,0.0,0.0,0.0,0.0,0.0,0.0,0.0,0.0,0.0,0.0,0.0,0.0,0.0,0.0,0.0,0.0,0.0,0.0,0.0,0.0,0.0,0.0,0.0,0.0,0.0,0.0,0.0,0.0,0.0,0.0,0.0,0.0,0.0,0.0,0.0,0.0,0.0,0.0,0.0,0.0,0.0,0.0,2.398491275519707,11.006557984028738
148,1307944640,True,,50.0,kmeans_glm,7907.640944998779,-3822.4090896600183,7835.882447497854,"[0, 5, 16, 11, 12, 28, 18, 9, 26, 3, 13, 38, 22, 17, 21, 1, 10, 14, 49, 6, 48, 42, 25, 47, 46, 24, 32, 41, 45, 52, 34, 53, 4, 40, 51, 33, 23, 15, 27, 54, 7, 2, 8, 50, 19, 31, 29, 36, 37, 35, 20]","[""Intercept"", ""xage"", ""child"", ""disea"", ""physlm"", ""lnum"", ""lfam"", ""num"", ""xghindx"", ""black"", ""ghindx"", ""plan_11"", ""fmde"", ""fchild"", ""logc"", ""coins"", ""mhi"", ""mdeoff"", ""site_5"", ""female"", ""site_4"", ""plan_16"", ""hlthp"", ""site_3"", ""site_2"", ""hlthf"", ""plan_5"", ""plan_15"", ""plan_19"", ""year_3"", ""plan_7"", ""year_4"", ""income"", ""plan_14"", ""year_2"", ""plan_6"", ""hlthg"", ""pioff"", ""linc"", ""year_5"", ""educdec"", ""tookphys"", ""time"", ""site_6"", ""lpi"", ""plan_4"", ""plan_2"", ""plan_9"", ""plan_10"", ""plan_8"", ""idp""]","[[5, 16, 11, 12, 3, 13, 21, 1, 49, 6, 48, 25, 47, 34, 7, 50], [11, 12]]","[16, 2]",1152.749213218689,0.8372409480447957,0.16275905195520432,-2.1384718441537163,-0.09505913715860745,0.0,-0.09670774863279562,0.0,0.252569732934677,0.21801327391228872,0.09881957602418016,0.0,0.0,0.0,0.03412210685297805,0.010033704820903667,-0.1437978704753314,0.0,0.0,-0.11666045828106347,0.0,0.0,0.0,0.0,-0.33613571455280167,0.0,0.0,0.0,0.08755757530524201,0.0,0.0,0.0,0.0,0.0,0.0,0.0,0.0,0.11675985614826785,0.0,0.0,0.0,0.0,0.0,0.0,0.0,0.0,0.0,0.0,0.0,0.0,0.09703476573367245,-0.3414298536550895,-0.1400935001356632,-0.33212524401826277,0.0,0.0,0.0,0.0,0.6725166972340637,0.0,0.0,0.0,0.0,0.0,0.0,0.0,0.0,0.0,0.0,0.26274468315878635,0.29781168843713524,0.0,0.0,0.0,0.0,0.0,0.0,0.0,0.0,0.0,0.0,0.0,0.0,0.0,0.0,0.0,0.0,0.0,0.0,0.0,0.0,0.0,0.0,0.0,0.0,0.0,0.0,0.0,0.0,0.0,0.0,0.0,0.0,0.0,0.0,0.0,0.0,0.0,0.0,0.0,0.0,0.0,0.0,2.17102362762614,8.767253852332766
149,1469696186,True,,25.0,quantile_glm,7930.503750635146,-3762.3550266652205,7880.78437129819,"[0, 5, 16, 12, 11, 26, 38, 13, 1, 9, 17, 28, 18, 10, 22, 21, 3, 14, 25, 49, 23, 52, 19, 42, 4, 6, 15, 45, 51, 48, 32, 40, 54, 46, 41, 34, 53, 50, 30, 24, 47, 27, 31, 8, 33, 29, 37, 7, 36, 35, 20]","[""Intercept"", ""xage"", ""child"", ""physlm"", ""disea"", ""xghindx"", ""plan_11"", ""ghindx"", ""coins"", ""num"", ""fchild"", ""lnum"", ""lfam"", ""mhi"", ""fmde"", ""logc"", ""black"", ""mdeoff"", ""hlthp"", ""site_5"", ""hlthg"", ""year_3"", ""lpi"", ""plan_16"", ""income"", ""female"", ""pioff"", ""plan_19"", ""year_2"", ""site_4"", ""plan_5"", ""plan_14"", ""year_5"", ""site_2"", ""plan_15"", ""plan_7"", ""year_4"", ""site_6"", ""plan_3"", ""hlthf"", ""site_3"", ""linc"", ""plan_4"", ""time"", ""plan_6"", ""plan_2"", ""plan_10"", ""educdec"", ""plan_9"", ""plan_8"", ""idp""]","[[5, 12, 11, 38, 13, 1, 10, 21, 3, 25, 23, 52, 42, 4, 6, 48, 32, 54, 46, 41, 34, 53, 50, 30, 47, 8, 29], [5, 16, 12, 11, 1, 9, 17, 10, 49, 50]]","[27, 10]",1155.7968318462372,0.8256134485872539,0.17438655141274598,-2.604391054875962,-0.07316871909139575,0.0,-0.1262105631174802,0.08758622061368716,0.22206751571255254,0.15918739148171163,0.0,0.5331529497946518,0.0,-0.04883619536658398,0.035212668443468834,0.05771698325907362,-0.07480782110019313,0.0,0.0,0.0,0.0,0.0,0.0,0.0,-0.10154917605538503,0.0,-0.0707392586793356,0.0,0.09886648768799507,0.0,0.0,0.0,0.10394293789130432,-1.062770835683449,0.0,-0.07947032082451203,0.0,0.11672308079960216,0.0,0.0,0.0,0.11660865896192738,0.0,0.0,-0.14070288682151197,-0.17819667869123024,0.0,0.0,0.0,-0.12364110769325758,0.065082754319222,-0.21038395862844012,0.0,-0.2822028180788713,0.0,-1.697654283510641,-1.0360096062465256,-1.0341302776959265,0.15787908100538803,-0.44967594235175373,0.0,0.0,0.0,0.15662616351805986,0.0,0.0,0.0,-0.2529101195111092,-0.26700933810243677,0.24556651110399827,0.19764403981332382,0.0,0.0,0.0,-0.1828419871614543,-0.26992767380297406,0.0,0.0,0.0,0.0,0.0,0.0,0.0,0.0,0.0,0.0,0.0,0.0,0.0,0.0,0.0,0.0,0.0,0.0,0.0,0.0,0.0,0.0,0.0,0.0,0.0,0.0,0.0,0.0,0.0,0.0,0.0,-0.4295859863903802,0.6700293044463185,0.0,0.0,0.0,0.0,1.725635644604372,5.616089732495786
150,1110204204,True,,25.0,quantile_glm,8178.382765491721,-3853.3334879267786,8140.903948984959,"[0, 5, 16, 12, 22, 38, 14, 28, 18, 9, 21, 3, 1, 11, 15, 10, 26, 17, 47, 49, 19, 6, 13, 41, 42, 52, 25, 45, 33, 24, 48, 4, 32, 2, 54, 27, 36, 44, 31, 46, 51, 23, 30, 29, 40, 53, 37, 7, 8, 50, 35]","[""Intercept"", ""xage"", ""child"", ""physlm"", ""fmde"", ""plan_11"", ""mdeoff"", ""lnum"", ""lfam"", ""num"", ""logc"", ""black"", ""coins"", ""disea"", ""pioff"", ""mhi"", ""xghindx"", ""fchild"", ""site_3"", ""site_5"", ""lpi"", ""female"", ""ghindx"", ""plan_15"", ""plan_16"", ""year_3"", ""hlthp"", ""plan_19"", ""plan_6"", ""hlthf"", ""site_4"", ""income"", ""plan_5"", ""tookphys"", ""year_5"", ""linc"", ""plan_9"", ""plan_18"", ""plan_4"", ""site_2"", ""year_2"", ""hlthg"", ""plan_3"", ""plan_2"", ""plan_14"", ""year_4"", ""plan_10"", ""educdec"", ""time"", ""site_6"", ""plan_8""]","[[5, 16, 12, 22, 28, 18, 21, 3, 1, 26, 47, 49, 6, 41, 42, 52, 25, 45, 24, 48, 4, 54, 31, 29, 53, 8, 50], [5, 16, 12, 38, 9, 3, 1, 11, 10, 49, 19, 6, 41, 45, 33, 40, 53, 7, 50]]","[27, 19]",2245.957527399063,0.8017126661272984,0.19828733387270162,-3.4953971997220146,-0.10735809921783264,0.0,-0.0441782157065511,0.06397552070534324,0.24023062278605228,0.17503418986217184,0.0,0.5276360934378931,0.0,0.0,0.0,0.016226194639732214,0.0,0.0,0.0,-0.15438198199457437,0.0,-0.015413428261953908,0.0,0.0,-0.027902005424620707,-0.26738155237253686,0.0,0.14259276425945536,0.07133524360049938,-0.053097820706468575,0.0,-0.015414040213669046,0.12256023059233274,0.0,-1.1647851553792767,0.0,0.0,0.0,0.0,0.0,0.0,0.0,0.0,0.0,-2.650077457546016,-0.09060849838184584,0.0,0.0,-1.4042303056397067,0.0,0.19191752809391296,-0.2435783355340119,-0.0798467339959689,-0.2893785564368899,0.0,-1.8838330593674717,-0.3398937807137878,-1.0047818082146305,-0.19175203554562245,-0.4388800460113517,0.0,-0.9046984917861167,0.0,0.3189291933548499,0.1277946220130648,0.22487090899238776,0.0,-0.21394831327667238,-0.22853753437637453,0.06226353157031529,0.21461518698649193,0.0,0.0,0.0,-0.21008480216292272,0.0,0.0,-0.07732614226007549,0.0,0.0,0.0,0.0,0.0,0.0,0.0,0.0,0.0,0.0,0.0,0.0,0.0,-0.27608422766473845,0.0,0.0,0.0,0.0,0.23715169420079033,0.0,0.27911159634151506,-0.06264737713377998,0.0,0.0,0.0,-0.28330243294826374,0.0,0.0,0.0,-0.3331165155977026,0.6884452992000133,0.0,0.0,0.13457138565411536,0.0,1.0884008043293683,2.9695214275604846
151,1902812860,True,,50.0,kmeans_glm,7744.517363257893,-3770.35325268201,7697.0318156913245,"[0, 5, 16, 12, 11, 17, 28, 18, 3, 9, 49, 38, 22, 26, 1, 14, 13, 21, 42, 23, 10, 24, 52, 47, 6, 48, 43, 41, 7, 33, 54, 32, 4, 51, 53, 44, 36, 45, 27, 2, 29, 37, 46, 15, 8, 50, 30, 39, 35, 31, 34]","[""Intercept"", ""xage"", ""child"", ""physlm"", ""disea"", ""fchild"", ""lnum"", ""lfam"", ""black"", ""num"", ""site_5"", ""plan_11"", ""fmde"", ""xghindx"", ""coins"", ""mdeoff"", ""ghindx"", ""logc"", ""plan_16"", ""hlthg"", ""mhi"", ""hlthf"", ""year_3"", ""site_3"", ""female"", ""site_4"", ""plan_17"", ""plan_15"", ""educdec"", ""plan_6"", ""year_5"", ""plan_5"", ""income"", ""year_2"", ""year_4"", ""plan_18"", ""plan_9"", ""plan_19"", ""linc"", ""tookphys"", ""plan_2"", ""plan_10"", ""site_2"", ""pioff"", ""time"", ""site_6"", ""plan_3"", ""plan_13"", ""plan_8"", ""plan_4"", ""plan_7""]","[[5, 16, 12, 11, 1, 21, 42, 47, 48, 43, 44, 29, 50, 34], []]","[14, 0]",974.6328585147858,0.8396602215442737,0.16033977845572633,-2.1188176686095597,-0.12783488947024424,0.0,0.0,0.0,0.13503032951990737,0.0,0.0,0.0,0.0,0.0,0.10938016435839813,0.07401742183640074,0.0,0.0,0.0,-0.24297323169446053,0.0,0.0,0.0,0.0,-0.3301374568460301,0.0,0.0,0.0,0.0,0.0,0.0,0.0,0.09292302990064252,0.0,0.0,0.0,0.0,0.0914106234462798,0.0,0.0,0.0,0.0,0.0,0.0,0.0,-0.1374103386416728,0.21290766809845535,-0.17961122917170136,0.0,0.0,0.12457488953968623,-0.14505628768153173,0.0,-0.3485657185724666,0.0,0.0,0.0,0.0,0.8851215697927065,0.0,0.0,0.0,0.0,0.0,0.0,0.0,0.0,0.0,0.0,0.0,0.0,0.0,0.0,0.0,0.0,0.0,0.0,0.0,0.0,0.0,0.0,0.0,0.0,0.0,0.0,0.0,0.0,0.0,0.0,0.0,0.0,0.0,0.0,0.0,0.0,0.0,0.0,0.0,0.0,0.0,0.0,0.0,0.0,0.0,0.0,0.0,0.0,0.0,0.0,0.0,0.0,0.0,0.0,2.391901646424894,10.934267295307244
152,1820350953,True,,50.0,quantile_glm,7596.012417539367,-3672.3275801289055,7518.3499495103715,"[0, 5, 16, 26, 11, 13, 3, 10, 38, 28, 18, 22, 9, 14, 1, 12, 17, 21, 47, 24, 48, 25, 6, 49, 15, 52, 50, 46, 42, 41, 51, 7, 33, 19, 53, 32, 37, 54, 30, 45, 23, 2, 27, 8, 34, 35, 40, 39, 4, 44, 31]","[""Intercept"", ""xage"", ""child"", ""xghindx"", ""disea"", ""ghindx"", ""black"", ""mhi"", ""plan_11"", ""lnum"", ""lfam"", ""fmde"", ""num"", ""mdeoff"", ""coins"", ""physlm"", ""fchild"", ""logc"", ""site_3"", ""hlthf"", ""site_4"", ""hlthp"", ""female"", ""site_5"", ""pioff"", ""year_3"", ""site_6"", ""site_2"", ""plan_16"", ""plan_15"", ""year_2"", ""educdec"", ""plan_6"", ""lpi"", ""year_4"", ""plan_5"", ""plan_10"", ""year_5"", ""plan_3"", ""plan_19"", ""hlthg"", ""tookphys"", ""linc"", ""time"", ""plan_7"", ""plan_8"", ""plan_14"", ""plan_13"", ""income"", ""plan_18"", ""plan_4""]","[[5, 11, 3, 10, 1, 21, 47, 24, 48, 25, 6, 50, 7, 34], [5, 16]]","[14, 2]",943.2514269351959,0.8526904070170036,0.1473095929829963,-2.1137665484862995,-0.17795945519989032,0.0,-0.09914235110177412,0.0,0.2918510709608592,0.17808331072552114,0.1946296151116005,0.0,0.0,-0.10487747085149234,0.012285275230100628,0.0,0.0,0.0,0.0,0.0,0.0,0.0,0.0,0.0,-0.2859103721579298,0.0,0.0,0.1206686275409432,0.08792489722334364,0.0,0.0,0.0,0.0,0.0,0.0,0.0,0.0,0.06750969975527325,0.0,0.0,0.0,0.0,0.0,0.0,0.0,0.0,0.0,0.0,0.0,0.0,0.14184765882216388,-0.18141845618948263,0.0,-0.3232767939524474,0.0,0.0,0.0,0.0,0.4414097193833546,0.0,0.0,0.0,0.0,0.17237888810024093,0.0,0.0,0.0,0.0,0.0,0.0,0.0,0.0,0.0,0.0,-0.46677309891662844,0.0,0.0,0.0,0.0,0.0,0.0,0.0,0.0,0.0,0.0,0.0,0.0,0.0,0.0,0.0,0.0,0.0,0.0,0.0,0.0,0.0,0.0,0.0,0.0,0.0,0.0,0.0,0.0,0.0,0.0,0.0,0.0,0.0,0.0,0.0,0.0,0.0,0.0,1.9934927247693632,7.34112958183818
153,2123138873,True,,50.0,kmeans_glm,8024.666258974224,-3880.405385474716,7960.559778589876,"[0, 5, 16, 12, 11, 28, 18, 9, 26, 13, 3, 38, 22, 1, 21, 14, 10, 17, 6, 24, 49, 42, 52, 2, 15, 25, 51, 48, 47, 23, 46, 41, 29, 45, 4, 32, 19, 40, 43, 27, 36, 33, 31, 54, 44, 34, 30, 37, 8, 35, 39]","[""Intercept"", ""xage"", ""child"", ""physlm"", ""disea"", ""lnum"", ""lfam"", ""num"", ""xghindx"", ""ghindx"", ""black"", ""plan_11"", ""fmde"", ""coins"", ""logc"", ""mdeoff"", ""mhi"", ""fchild"", ""female"", ""hlthf"", ""site_5"", ""plan_16"", ""year_3"", ""tookphys"", ""pioff"", ""hlthp"", ""year_2"", ""site_4"", ""site_3"", ""hlthg"", ""site_2"", ""plan_15"", ""plan_2"", ""plan_19"", ""income"", ""plan_5"", ""lpi"", ""plan_14"", ""plan_17"", ""linc"", ""plan_9"", ""plan_6"", ""plan_4"", ""year_5"", ""plan_18"", ""plan_7"", ""plan_3"", ""plan_10"", ""time"", ""plan_8"", ""plan_13""]","[[5, 16, 12, 11, 3, 22, 1, 21, 10, 6, 42, 51, 48, 47, 29, 43, 34], [12, 11]]","[17, 2]",1357.3449075222015,0.8428281192155684,0.1571718807844316,-2.040936075315729,-0.09060839907948856,0.0,-0.16492429166022665,0.0,0.2156747459283737,0.14365149619267845,0.0,0.0,0.0,-0.06631845975081167,0.06454475794170146,0.06136051420585719,0.0,0.0,0.0,-0.12344303189650109,0.0,0.0,0.0,0.0,-0.12085131876441088,-0.22330526755758412,0.0,0.0,0.0,0.0,0.0,0.0,0.11928024624466566,0.0,0.0,0.0,0.0,0.15338812754294492,0.0,0.0,0.0,0.0,0.0,0.0,0.0,-0.10517791766539478,0.14498980793697316,0.0,0.0,0.0,0.17483935162961387,-0.13399712549815845,0.0,0.0,-0.19352127375918196,0.0,0.0,0.0,0.6938139608802388,0.0,0.0,0.0,0.0,0.0,0.0,0.0,0.0,0.0,0.0,0.19963281270630412,0.294975905138097,0.0,0.0,0.0,0.0,0.0,0.0,0.0,0.0,0.0,0.0,0.0,0.0,0.0,0.0,0.0,0.0,0.0,0.0,0.0,0.0,0.0,0.0,0.0,0.0,0.0,0.0,0.0,0.0,0.0,0.0,0.0,0.0,0.0,0.0,0.0,0.0,0.0,0.0,0.0,0.0,0.0,0.0,2.1453541840366643,8.545067227788001
154,1730313867,True,,50.0,quantile_glm,7773.291545025418,-3748.016924642214,7695.782856924872,"[0, 5, 16, 11, 13, 38, 22, 26, 12, 3, 14, 9, 28, 18, 21, 17, 1, 10, 15, 48, 33, 49, 42, 6, 19, 52, 4, 32, 23, 47, 46, 45, 41, 53, 54, 25, 51, 29, 24, 50, 7, 2, 35, 37, 30, 31, 27, 8, 20, 34, 36]","[""Intercept"", ""xage"", ""child"", ""disea"", ""ghindx"", ""plan_11"", ""fmde"", ""xghindx"", ""physlm"", ""black"", ""mdeoff"", ""num"", ""lnum"", ""lfam"", ""logc"", ""fchild"", ""coins"", ""mhi"", ""pioff"", ""site_4"", ""plan_6"", ""site_5"", ""plan_16"", ""female"", ""lpi"", ""year_3"", ""income"", ""plan_5"", ""hlthg"", ""site_3"", ""site_2"", ""plan_19"", ""plan_15"", ""year_4"", ""year_5"", ""hlthp"", ""year_2"", ""plan_2"", ""hlthf"", ""site_6"", ""educdec"", ""tookphys"", ""plan_8"", ""plan_10"", ""plan_3"", ""plan_4"", ""linc"", ""time"", ""idp"", ""plan_7"", ""plan_9""]","[[5, 16, 11, 13, 38, 22, 3, 21, 10, 48, 6, 47, 41, 29, 50, 35, 34], [11, 50]]","[17, 2]",987.6729824542999,0.8386667165246566,0.16133328347534334,-2.1174478891459274,0.0,0.0,-0.1255643531863221,0.0,0.25772397986794215,0.15246390595176854,0.0,0.0,0.0,-0.026877372336914705,0.06009875799037895,0.0,-0.09294870853578582,0.0,0.0,-0.1115530748034599,0.0,0.0,0.0,0.0,0.07238913846242057,-0.14493848426201209,0.0,0.0,0.0,0.0,0.0,0.0,0.13037859596683365,0.0,0.0,0.0,0.0,0.12842811335938215,0.07197108512933109,0.0,0.0,0.29111655972995404,0.0,0.0,-0.19476001327634096,0.0,0.0,0.0,0.0,0.0,0.08800065779534197,-0.28189838371707787,0.0,-0.3196559370913297,0.0,0.0,0.0,0.0,0.6198878159561985,0.0,0.0,0.0,0.0,0.0,0.0,0.0,0.0,0.0,0.0,0.26579061777551954,0.0,0.0,0.0,0.0,0.0,0.0,0.0,0.0,0.0,0.0,0.0,0.0,0.0,0.0,0.0,0.0,0.0,0.0,0.0,0.0,0.0,0.0,0.0,0.0,0.0,0.0,0.0,0.0,0.0,0.0,0.0,0.0,0.0,0.0,0.0,0.0,0.0,0.0,0.4863703604734595,0.0,0.0,0.0,0.0,2.2019189826544365,9.042348971711078
155,1426490752,True,,50.0,kmeans_glm,7898.038909010744,-3848.40353287163,7861.817115533193,"[0, 5, 16, 12, 11, 26, 13, 28, 18, 9, 14, 1, 22, 38, 17, 3, 10, 21, 42, 23, 47, 49, 15, 46, 52, 45, 41, 48, 6, 24, 4, 32, 30, 39, 51, 33, 27, 19, 54, 36, 20, 43, 35, 29, 2, 53, 8, 31, 50, 25, 7]","[""Intercept"", ""xage"", ""child"", ""physlm"", ""disea"", ""xghindx"", ""ghindx"", ""lnum"", ""lfam"", ""num"", ""mdeoff"", ""coins"", ""fmde"", ""plan_11"", ""fchild"", ""black"", ""mhi"", ""logc"", ""plan_16"", ""hlthg"", ""site_3"", ""site_5"", ""pioff"", ""site_2"", ""year_3"", ""plan_19"", ""plan_15"", ""site_4"", ""female"", ""hlthf"", ""income"", ""plan_5"", ""plan_3"", ""plan_13"", ""year_2"", ""plan_6"", ""linc"", ""lpi"", ""year_5"", ""plan_9"", ""idp"", ""plan_17"", ""plan_8"", ""plan_2"", ""tookphys"", ""year_4"", ""time"", ""plan_4"", ""site_6"", ""hlthp"", ""educdec""]","[[5, 16, 11, 1, 22, 38, 10, 21, 42, 47, 48, 6, 30, 29, 50], []]","[15, 0]",1396.5363631248474,0.8411806597201955,0.15881934027980443,-2.0875839114625423,-0.0918102907269382,0.0,0.0,0.0,0.20194642112225522,0.08945323221851195,0.0,0.0,0.0,-0.0622689947015133,0.12003023370754415,0.0,0.0,0.0,0.0,-0.2270036681217007,0.0,0.0,0.0,0.0,-0.22116943861217012,-0.08756446808164005,0.0,0.0,0.0,0.0,0.0,0.0,0.0607936643511926,-0.11388574221638498,0.0,0.0,0.0,0.0,0.0,0.0,0.0,0.036234124215388346,0.0,0.0,0.0,-0.14576009266317533,0.0,0.0,0.0,0.0,0.17460074317316723,-0.13971649836048103,0.0,-0.3365500277169505,0.0,0.0,0.0,0.0,0.8640771412204723,0.0,0.0,0.0,0.0,0.0,0.0,0.0,0.0,0.0,0.0,0.0,0.0,0.0,0.0,0.0,0.0,0.0,0.0,0.0,0.0,0.0,0.0,0.0,0.0,0.0,0.0,0.0,0.0,0.0,0.0,0.0,0.0,0.0,0.0,0.0,0.0,0.0,0.0,0.0,0.0,0.0,0.0,0.0,0.0,0.0,0.0,0.0,0.0,0.0,0.0,0.0,0.0,0.0,0.0,2.2561946353145674,9.546691315143903
156,2122064164,True,,100.0,kmeans_glm,7913.195457978112,-3878.223476944506,7851.97908797792,"[0, 5, 16, 12, 26, 13, 11, 28, 18, 9, 10, 1, 14, 22, 24, 3, 17, 38, 21, 41, 42, 48, 47, 25, 33, 39, 15, 49, 52, 20, 32, 6, 36, 45, 54, 51, 40, 50, 2, 43, 19, 4, 23, 29, 37, 35, 31, 53, 46, 30, 8]","[""Intercept"", ""xage"", ""child"", ""physlm"", ""xghindx"", ""ghindx"", ""disea"", ""lnum"", ""lfam"", ""num"", ""mhi"", ""coins"", ""mdeoff"", ""fmde"", ""hlthf"", ""black"", ""fchild"", ""plan_11"", ""logc"", ""plan_15"", ""plan_16"", ""site_4"", ""site_3"", ""hlthp"", ""plan_6"", ""plan_13"", ""pioff"", ""site_5"", ""year_3"", ""idp"", ""plan_5"", ""female"", ""plan_9"", ""plan_19"", ""year_5"", ""year_2"", ""plan_14"", ""site_6"", ""tookphys"", ""plan_17"", ""lpi"", ""income"", ""hlthg"", ""plan_2"", ""plan_10"", ""plan_8"", ""plan_4"", ""year_4"", ""site_2"", ""plan_3"", ""time""]","[[5, 12, 11, 22, 21, 47, 50], []]","[7, 0]",1319.7967154979706,0.8414878532560571,0.15851214674394293,-2.0654817554200355,0.0,0.0,0.0,0.0,0.3400569505297953,0.0,0.0,0.0,0.0,0.0,0.10316828720430107,0.10552623121583635,0.0,0.0,0.0,0.0,0.0,0.0,0.0,0.0,-0.1700445540859896,-0.19919788159341828,0.0,0.0,0.0,0.0,0.0,0.0,0.0,0.0,0.0,0.0,0.0,0.0,0.0,0.0,0.0,0.0,0.0,0.0,0.0,0.0,0.0,0.0,0.0,0.0,0.1739969412333562,0.0,0.0,-0.2400185580032263,0.0,0.0,0.0,0.0,0.769468095631838,0.0,0.0,0.0,0.0,0.0,0.0,0.0,0.0,0.0,0.0,0.0,0.0,0.0,0.0,0.0,0.0,0.0,0.0,0.0,0.0,0.0,0.0,0.0,0.0,0.0,0.0,0.0,0.0,0.0,0.0,0.0,0.0,0.0,0.0,0.0,0.0,0.0,0.0,0.0,0.0,0.0,0.0,0.0,0.0,0.0,0.0,0.0,0.0,0.0,0.0,0.0,0.0,0.0,0.0,2.067575119917748,7.905629652446493
157,1334815046,True,,100.0,quantile_glm,8024.08133552251,-3923.9649014965557,7943.46193708202,"[0, 5, 16, 12, 28, 18, 9, 26, 11, 1, 13, 17, 10, 3, 14, 38, 47, 42, 49, 22, 52, 21, 2, 15, 24, 48, 25, 23, 4, 30, 39, 40, 32, 27, 41, 51, 54, 19, 45, 34, 6, 7, 36, 43, 53, 31, 33, 46, 35, 44, 8]","[""Intercept"", ""xage"", ""child"", ""physlm"", ""lnum"", ""lfam"", ""num"", ""xghindx"", ""disea"", ""coins"", ""ghindx"", ""fchild"", ""mhi"", ""black"", ""mdeoff"", ""plan_11"", ""site_3"", ""plan_16"", ""site_5"", ""fmde"", ""year_3"", ""logc"", ""tookphys"", ""pioff"", ""hlthf"", ""site_4"", ""hlthp"", ""hlthg"", ""income"", ""plan_3"", ""plan_13"", ""plan_14"", ""plan_5"", ""linc"", ""plan_15"", ""year_2"", ""year_5"", ""lpi"", ""plan_19"", ""plan_7"", ""female"", ""educdec"", ""plan_9"", ""plan_17"", ""year_4"", ""plan_4"", ""plan_6"", ""site_2"", ""plan_8"", ""plan_18"", ""time""]","[[5, 12, 1, 10, 47, 21, 34], []]","[7, 0]",972.5311667919159,0.8299640093211311,0.1700359906788689,-2.040362167309853,-0.16230775660518212,0.0,0.0,0.0,0.3448803134418211,0.0,0.0,0.0,0.0,-0.12204612033387904,0.0,0.07759055394386874,0.0,0.0,0.0,0.0,0.0,0.0,0.0,0.0,-0.25745904296750977,0.0,0.0,0.0,0.0,0.0,0.0,0.0,0.0,0.0,0.0,0.0,0.0,0.14787993773170693,0.0,0.0,0.0,0.0,0.0,0.0,0.0,0.0,0.0,0.0,0.0,0.0,0.24987487124181457,0.0,0.0,0.0,0.0,0.0,0.0,0.0,0.8433193865691186,0.0,0.0,0.0,0.0,0.0,0.0,0.0,0.0,0.0,0.0,0.0,0.0,0.0,0.0,0.0,0.0,0.0,0.0,0.0,0.0,0.0,0.0,0.0,0.0,0.0,0.0,0.0,0.0,0.0,0.0,0.0,0.0,0.0,0.0,0.0,0.0,0.0,0.0,0.0,0.0,0.0,0.0,0.0,0.0,0.0,0.0,0.0,0.0,0.0,0.0,0.0,0.0,0.0,0.0,2.1122241385655283,8.266606932467484
158,312647812,True,,50.0,kmeans_glm,7551.511035672027,-3654.637872077415,7500.340012332647,"[0, 5, 16, 11, 12, 3, 9, 28, 18, 17, 47, 24, 26, 6, 49, 1, 38, 13, 22, 14, 21, 10, 52, 42, 46, 48, 19, 2, 45, 15, 51, 4, 43, 32, 30, 34, 36, 23, 27, 41, 54, 33, 40, 31, 50, 8, 29, 53, 25, 37, 7]","[""Intercept"", ""xage"", ""child"", ""disea"", ""physlm"", ""black"", ""num"", ""lnum"", ""lfam"", ""fchild"", ""site_3"", ""hlthf"", ""xghindx"", ""female"", ""site_5"", ""coins"", ""plan_11"", ""ghindx"", ""fmde"", ""mdeoff"", ""logc"", ""mhi"", ""year_3"", ""plan_16"", ""site_2"", ""site_4"", ""lpi"", ""tookphys"", ""plan_19"", ""pioff"", ""year_2"", ""income"", ""plan_17"", ""plan_5"", ""plan_3"", ""plan_7"", ""plan_9"", ""hlthg"", ""linc"", ""plan_15"", ""year_5"", ""plan_6"", ""plan_14"", ""plan_4"", ""site_6"", ""time"", ""plan_2"", ""year_4"", ""hlthp"", ""plan_10"", ""educdec""]","[[5, 16, 11, 12, 3, 47, 6, 1, 22, 21, 42, 48, 2, 43, 30, 34, 50, 29], []]","[18, 0]",949.2308011054993,0.8393043949290219,0.16069560507097808,-2.223536065015296,-0.11697546830912177,0.10935777208345357,-0.10769001979632865,0.0,0.19308794865058798,0.16395879871587152,0.0,0.0,0.0,0.0,0.03411765021097207,0.08647409873876019,0.0,0.0,0.0,-0.19453520647573716,0.0,0.0,0.0,0.0,-0.0660989602141181,-0.1831383996561716,0.0,0.0,0.0,0.0,0.0,0.0,0.08286293406754347,-0.09119956627827305,0.0,0.0,0.0,0.19111684218588512,0.0,0.0,0.0,0.0,0.0,0.0,0.0,-0.1419133854733446,0.1861931990764829,0.0,0.0,0.0,0.14251097519695716,-0.20488695995642744,0.0,-0.3930649213401766,0.0,0.0,0.0,0.0,0.9379980455013504,0.0,0.0,0.0,0.0,0.0,0.0,0.0,0.0,0.0,0.0,0.0,0.0,0.0,0.0,0.0,0.0,0.0,0.0,0.0,0.0,0.0,0.0,0.0,0.0,0.0,0.0,0.0,0.0,0.0,0.0,0.0,0.0,0.0,0.0,0.0,0.0,0.0,0.0,0.0,0.0,0.0,0.0,0.0,0.0,0.0,0.0,0.0,0.0,0.0,0.0,0.0,0.0,0.0,0.0,2.3351642658552767,10.331156846308318
159,686872533,True,,25.0,kmeans_glm,8131.07912511175,-3817.81266878135,8043.808092306218,"[0, 5, 16, 12, 3, 11, 28, 18, 17, 9, 1, 6, 14, 24, 13, 26, 38, 41, 10, 22, 42, 49, 21, 47, 52, 43, 51, 4, 32, 46, 25, 27, 15, 45, 54, 7, 48, 30, 31, 19, 23, 40, 8, 33, 2, 53, 50, 39, 35, 34, 20]","[""Intercept"", ""xage"", ""child"", ""physlm"", ""black"", ""disea"", ""lnum"", ""lfam"", ""fchild"", ""num"", ""coins"", ""female"", ""mdeoff"", ""hlthf"", ""ghindx"", ""xghindx"", ""plan_11"", ""plan_15"", ""mhi"", ""fmde"", ""plan_16"", ""site_5"", ""logc"", ""site_3"", ""year_3"", ""plan_17"", ""year_2"", ""income"", ""plan_5"", ""site_2"", ""hlthp"", ""linc"", ""pioff"", ""plan_19"", ""year_5"", ""educdec"", ""site_4"", ""plan_3"", ""plan_4"", ""lpi"", ""hlthg"", ""plan_14"", ""time"", ""plan_6"", ""tookphys"", ""year_4"", ""site_6"", ""plan_13"", ""plan_8"", ""plan_7"", ""idp""]","[[5, 12, 3, 11, 1, 6, 24, 41, 10, 22, 42, 49, 47, 52, 43, 51, 46, 25, 54, 7, 48, 30, 23, 2, 53, 50, 35, 34, 20], [5, 16, 12, 3, 28, 18, 17, 9, 1, 49, 7, 40, 53, 50]]","[29, 14]",2217.607670068741,0.8285132058677165,0.17148679413228354,-2.333233724408063,-0.03972399924621896,0.04592384596203232,-0.05519776275826325,0.0,0.23888609065951605,0.2069157278587176,0.1037770974253622,0.0,0.0,-0.08256878374445159,0.07325973212647087,-0.07045737622352102,0.0,0.0,0.0,0.0,0.0,0.0,0.0,-0.10211688468343147,0.0,-0.21674232446092745,-0.09862934884726568,0.08164896653008703,0.08463014434998106,0.0,0.0,0.0,0.0,-0.0570613247574413,0.0,0.0,0.0,0.09526237669818964,0.014830624481949974,0.0,0.0,0.0,0.0,0.0,-0.3024466376875527,-0.21170944352989818,0.15185552315704348,0.0,0.0,-0.13063829218314066,0.06889771141904875,-0.24244446009895687,-0.11937143022727335,-0.3156517217454494,-0.09251326383226521,-1.1821204139590606,-0.3359223690948973,-1.0618223913220177,0.027910156560011924,-0.3058432115602213,0.0,-0.6499349932463749,0.0,0.15735843814728523,0.0,0.2924369449667843,0.0,-0.1641840792710922,0.0,0.0,0.24488474178163183,0.0,0.0,0.0,-0.4328524420129183,-0.24187512899458719,-0.058746657696699504,0.0,0.0,0.0,0.0,0.0,0.0,0.0,0.0,0.0,-0.058746909484596405,0.0,0.0,0.0,0.0,0.0,0.0,0.0,0.0,0.0,0.0,0.0,0.3789943368586819,0.0,0.0,0.0,0.0,0.0,0.0,0.0,0.0,-0.15618063752397496,0.6653803034228432,0.0,0.0,0.09973050544120221,0.0,1.5860217916284234,4.884279545595622
160,124511508,True,,50.0,quantile_glm,7861.3017674488765,-3801.339784713035,7785.059098141259,"[0, 5, 16, 12, 26, 9, 28, 18, 11, 13, 14, 22, 38, 1, 3, 21, 10, 17, 15, 19, 42, 47, 49, 6, 25, 48, 41, 24, 52, 23, 32, 46, 33, 27, 4, 45, 54, 7, 51, 36, 40, 30, 35, 53, 31, 39, 34, 8, 29, 44, 43]","[""Intercept"", ""xage"", ""child"", ""physlm"", ""xghindx"", ""num"", ""lnum"", ""lfam"", ""disea"", ""ghindx"", ""mdeoff"", ""fmde"", ""plan_11"", ""coins"", ""black"", ""logc"", ""mhi"", ""fchild"", ""pioff"", ""lpi"", ""plan_16"", ""site_3"", ""site_5"", ""female"", ""hlthp"", ""site_4"", ""plan_15"", ""hlthf"", ""year_3"", ""hlthg"", ""plan_5"", ""site_2"", ""plan_6"", ""linc"", ""income"", ""plan_19"", ""year_5"", ""educdec"", ""year_2"", ""plan_9"", ""plan_14"", ""plan_3"", ""plan_8"", ""year_4"", ""plan_4"", ""plan_13"", ""plan_7"", ""time"", ""plan_2"", ""plan_18"", ""plan_17""]","[[5, 16, 12, 26, 9, 11, 1, 3, 21, 47, 6, 25, 48, 34, 43], [16, 12]]","[15, 2]",1369.1666901111603,0.8347739257296771,0.16522607427032296,-2.1241065228281717,-0.0829408279442692,0.0,-0.2125183166406561,0.0,0.1495880218458749,0.14763833147595967,0.0,0.0,-0.1364924575299274,0.0,0.06915421551268582,0.045755375692798,0.0,0.0,0.0,-0.18375075850275707,0.0,0.0,0.0,0.0,-0.4257859669928677,0.0,0.0,0.0,0.044652607081551374,-0.05487979390561642,0.0,0.0,0.0,0.0,0.0,0.0,0.0,0.0945835629486677,0.0,0.0,0.0,0.0,0.0,0.0,0.0,0.0,0.08428220994048291,0.0,0.0,0.0,0.16257464870658397,-0.13078423110994833,0.0,0.0,0.0,0.0,0.0,0.0,0.6449132422182883,0.0,0.0,0.0,0.0,0.0,0.0,0.0,0.0,0.0,0.0,0.0,0.2892592478030765,0.0,0.0,0.0,-0.5548554829038738,0.0,0.0,0.0,0.0,0.0,0.0,0.0,0.0,0.0,0.0,0.0,0.0,0.0,0.0,0.0,0.0,0.0,0.0,0.0,0.0,0.0,0.0,0.0,0.0,0.0,0.0,0.0,0.0,0.0,0.0,0.0,0.0,0.0,0.0,0.0,0.0,0.0,0.0,2.1686156042507494,8.746167498524038
161,84028687,True,,50.0,quantile_glm,7991.768718187004,-3818.263471607844,7879.699648169273,"[0, 5, 16, 9, 12, 28, 18, 11, 3, 17, 13, 26, 10, 22, 49, 38, 21, 1, 4, 47, 42, 6, 14, 24, 43, 52, 27, 2, 48, 7, 51, 33, 41, 45, 29, 46, 23, 32, 54, 53, 40, 31, 19, 50, 37, 15, 8, 30, 34, 25, 39]","[""Intercept"", ""xage"", ""child"", ""num"", ""physlm"", ""lnum"", ""lfam"", ""disea"", ""black"", ""fchild"", ""ghindx"", ""xghindx"", ""mhi"", ""fmde"", ""site_5"", ""plan_11"", ""logc"", ""coins"", ""income"", ""site_3"", ""plan_16"", ""female"", ""mdeoff"", ""hlthf"", ""plan_17"", ""year_3"", ""linc"", ""tookphys"", ""site_4"", ""educdec"", ""year_2"", ""plan_6"", ""plan_15"", ""plan_19"", ""plan_2"", ""site_2"", ""hlthg"", ""plan_5"", ""year_5"", ""year_4"", ""plan_14"", ""plan_4"", ""lpi"", ""site_6"", ""plan_10"", ""pioff"", ""time"", ""plan_3"", ""plan_7"", ""hlthp"", ""plan_13""]","[[5, 16, 12, 28, 18, 11, 3, 10, 22, 21, 47, 42, 6, 43, 48, 7, 29, 46, 50, 34], [5, 16, 53, 50]]","[20, 4]",1970.506100177765,0.8133209043113614,0.18667909568863872,-2.179704934035037,0.0,0.0,-0.22270241384698838,0.0,0.19457050984976884,0.10166498210026562,0.15399838157840154,0.0,0.0,-0.038791348631687435,0.010741421490299427,0.08159608606961456,0.0,0.0,0.0,-0.07413080100301597,0.0,-0.030978655080929327,0.0,0.0,0.009069653520329598,-0.2589522578941772,0.0,0.0,0.0,0.0,0.0,-0.030978699507878932,0.08683385406328575,0.0,0.0,0.0,0.0,0.11615585716610789,0.0,0.0,0.0,0.0,0.0,0.0,0.0,-0.11582473098971038,0.161773280676198,0.0,0.0,-0.22082227416564673,0.10894631742136741,-0.29037306843425437,0.0,-0.37570118860828955,0.0,0.0,0.0,0.0,0.2909625734965129,0.0,0.0,0.0,0.0,0.3200012938474914,0.0,0.0,0.0,0.0,0.0,0.0,0.0,0.0,0.0,0.0,-0.5291909031901267,0.0,0.0,0.0,0.0,0.0,0.0,0.0,0.0,0.0,0.0,0.0,0.0,0.0,0.0,0.0,0.0,0.0,0.0,0.0,0.0,0.0,0.0,0.0,0.0,0.0,0.0,0.0,0.0,0.0,0.0,0.0,0.0,0.0,0.46085545773060577,0.0,0.0,0.21991784067515735,0.0,1.7247052307045276,5.610866874632448
162,1894376799,True,,25.0,quantile_glm,8039.60713347378,-3778.785463424166,7957.068942129222,"[0, 5, 16, 12, 38, 14, 3, 28, 18, 9, 1, 22, 11, 26, 17, 13, 21, 15, 49, 19, 10, 52, 48, 46, 4, 41, 7, 47, 33, 6, 42, 45, 2, 51, 32, 31, 37, 36, 43, 25, 50, 30, 27, 54, 24, 53, 23, 20, 40, 44, 8]","[""Intercept"", ""xage"", ""child"", ""physlm"", ""plan_11"", ""mdeoff"", ""black"", ""lnum"", ""lfam"", ""num"", ""coins"", ""fmde"", ""disea"", ""xghindx"", ""fchild"", ""ghindx"", ""logc"", ""pioff"", ""site_5"", ""lpi"", ""mhi"", ""year_3"", ""site_4"", ""site_2"", ""income"", ""plan_15"", ""educdec"", ""site_3"", ""plan_6"", ""female"", ""plan_16"", ""plan_19"", ""tookphys"", ""year_2"", ""plan_5"", ""plan_4"", ""plan_10"", ""plan_9"", ""plan_17"", ""hlthp"", ""site_6"", ""plan_3"", ""linc"", ""year_5"", ""hlthf"", ""year_4"", ""hlthg"", ""idp"", ""plan_14"", ""plan_18"", ""time""]","[[5, 38, 3, 1, 22, 11, 21, 49, 52, 48, 7, 47, 33, 6, 42, 2, 31, 43, 25, 50, 54, 24, 53, 23], [5, 16, 12, 38, 3, 9, 1, 11, 26, 49, 19, 48, 4, 41, 7, 50, 53, 40]]","[24, 18]",1271.8645334243774,0.8579765253357311,0.1420234746642689,-2.3736746934140447,-0.06815847839202425,0.06333139066238949,-0.03042964864598492,0.0,0.2420116060500527,0.1329888761909305,0.113209671945306,0.0,0.0,0.0,0.03516340914110536,0.0,0.0,0.0,0.0,0.0,0.0,0.0,0.0,0.0,0.05267448675041688,-0.197049900346648,-0.09061941845003685,0.0800284132961015,0.09220613577472583,0.0,0.0,0.0,0.0,0.0,-0.09628690119515476,0.0,-0.08616969379148369,0.0,0.0,0.0,0.0,0.07603256620609464,0.0,0.0,0.0,-0.0845768803579517,0.13876079521560428,0.0,0.0,0.0,0.10546659293434521,-0.23762099268406509,-0.09458110309103576,-0.4032837282054665,0.0,-0.820571282141703,-0.28217736357676476,-1.1004663629926,0.08716730591688944,-0.35948347873944664,0.0,-0.3879394800842798,0.12325552700076195,0.1950570464896058,0.0,0.21276139273551292,0.0,-0.1684455025050764,0.0,0.06906741362840486,0.21417154235675132,0.0,0.0,0.0,-0.6480824530422139,0.0,0.0,-0.15457776204954377,0.0,0.0,0.0,0.0,0.0,0.0,-0.16790283509187665,0.0,0.0,0.0,0.0,0.0,0.0,0.0,0.0,0.0,0.0,0.0,0.1756257795525632,0.0,0.42823705615305874,-0.5383124633184606,0.0,0.0,0.0,0.0,0.0,0.0,-0.23317917017941342,-0.13401768414275594,0.6724478245986709,0.0,0.0,0.14463848167616658,0.0,1.230210842624505,3.4219509533542003
163,1211726198,True,,50.0,kmeans_glm,8029.052855470747,-3914.9438634606167,7994.897776711166,"[0, 5, 16, 12, 28, 18, 38, 9, 14, 11, 22, 1, 21, 17, 26, 3, 13, 15, 47, 10, 6, 42, 49, 19, 23, 25, 52, 4, 48, 32, 30, 54, 24, 45, 41, 35, 27, 20, 8, 51, 2, 33, 40, 36, 37, 7, 46, 29, 43, 39, 50]","[""Intercept"", ""xage"", ""child"", ""physlm"", ""lnum"", ""lfam"", ""plan_11"", ""num"", ""mdeoff"", ""disea"", ""fmde"", ""coins"", ""logc"", ""fchild"", ""xghindx"", ""black"", ""ghindx"", ""pioff"", ""site_3"", ""mhi"", ""female"", ""plan_16"", ""site_5"", ""lpi"", ""hlthg"", ""hlthp"", ""year_3"", ""income"", ""site_4"", ""plan_5"", ""plan_3"", ""year_5"", ""hlthf"", ""plan_19"", ""plan_15"", ""plan_8"", ""linc"", ""idp"", ""time"", ""year_2"", ""tookphys"", ""plan_6"", ""plan_14"", ""plan_9"", ""plan_10"", ""educdec"", ""site_2"", ""plan_2"", ""plan_17"", ""plan_13"", ""site_6""]","[[5, 16, 12, 22, 1, 21, 3, 47, 6, 25, 48, 30, 43, 50], [12]]","[14, 1]",1042.16188621521,0.8400236949700162,0.1599763050299839,-2.1424981645027725,-0.11173114646439036,0.0,-0.1368833505063641,0.0,0.24532431660455542,0.16520893613713153,0.0,0.0,0.0,0.0,0.0,0.029648592127167243,0.0,0.0,0.0,-0.19924236467925294,0.0,0.0,0.0,0.0,-0.04971058496410973,-0.21586110417743762,0.0,0.0,0.08350300605367149,0.0,0.0,0.0,0.0,-1.0217920178936697,0.0,0.0,0.0,0.0,0.0,0.0,0.0,0.0,0.0,0.0,0.0,0.0,0.136594871457183,0.0,0.0,0.0,0.16822068011779404,-0.14704047809225193,0.0,-0.2943412753575067,0.0,0.0,0.0,0.0,0.7711149638947861,0.0,0.0,0.0,0.0,0.0,0.0,0.0,0.0,0.0,0.0,0.0,0.3372644101221984,0.0,0.0,0.0,0.0,0.0,0.0,0.0,0.0,0.0,0.0,0.0,0.0,0.0,0.0,0.0,0.0,0.0,0.0,0.0,0.0,0.0,0.0,0.0,0.0,0.0,0.0,0.0,0.0,0.0,0.0,0.0,0.0,0.0,0.0,0.0,0.0,0.0,0.0,0.0,0.0,0.0,0.0,2.166988163778166,8.73194520766188
164,693168357,True,,100.0,quantile_glm,7960.978686808367,-3898.3315969123814,7883.510588451043,"[0, 5, 16, 12, 28, 18, 9, 14, 26, 38, 22, 1, 13, 3, 11, 47, 21, 25, 17, 15, 41, 42, 19, 48, 49, 52, 51, 23, 32, 45, 33, 10, 24, 30, 27, 36, 54, 2, 53, 6, 7, 43, 40, 31, 46, 37, 39, 8, 44, 35, 29]","[""Intercept"", ""xage"", ""child"", ""physlm"", ""lnum"", ""lfam"", ""num"", ""mdeoff"", ""xghindx"", ""plan_11"", ""fmde"", ""coins"", ""ghindx"", ""black"", ""disea"", ""site_3"", ""logc"", ""hlthp"", ""fchild"", ""pioff"", ""plan_15"", ""plan_16"", ""lpi"", ""site_4"", ""site_5"", ""year_3"", ""year_2"", ""hlthg"", ""plan_5"", ""plan_19"", ""plan_6"", ""mhi"", ""hlthf"", ""plan_3"", ""linc"", ""plan_9"", ""year_5"", ""tookphys"", ""year_4"", ""female"", ""educdec"", ""plan_17"", ""plan_14"", ""plan_4"", ""site_2"", ""plan_10"", ""plan_13"", ""time"", ""plan_18"", ""plan_8"", ""plan_2""]","[[5, 11, 47, 21, 6], [25]]","[5, 1]",2133.5549240112305,0.8374499570599643,0.1625500429400357,-1.9657781411524047,0.0,0.0,0.0,0.0,0.3701106059456317,0.127625194755223,0.0,0.0,0.0,0.0,0.07317030031108428,0.0,0.0,0.0,0.0,0.0,0.0,0.0,0.0,0.0,-0.3983016912174818,0.0,0.0,0.0,0.0,0.0,0.0,0.0,0.0,0.0,0.0,0.0,0.0,0.0,0.0,0.0,0.0,0.0,0.0,0.0,0.0,0.0,0.0,0.0,0.0,0.0,0.24613879989233464,0.0,0.0,0.0,0.0,0.0,0.0,0.0,0.901271466916321,0.0,0.0,0.0,0.0,0.0,0.0,0.0,0.0,0.0,0.0,0.0,0.0,0.0,0.0,0.0,0.0,0.0,0.0,0.0,0.0,0.0,0.0,0.0,0.0,0.2944935768324317,0.0,0.0,0.0,0.0,0.0,0.0,0.0,0.0,0.0,0.0,0.0,0.0,0.0,0.0,0.0,0.0,0.0,0.0,0.0,0.0,0.0,0.0,0.0,0.0,0.0,0.0,0.0,0.0,0.0,2.4056986248405536,11.086172652967273
165,1919033205,True,,50.0,kmeans_glm,8106.001787016226,-3935.7944587622196,8062.653185702256,"[0, 5, 16, 11, 12, 13, 26, 10, 38, 3, 22, 21, 28, 18, 14, 17, 9, 1, 6, 23, 49, 46, 42, 52, 19, 4, 15, 2, 47, 32, 27, 33, 45, 54, 41, 48, 7, 25, 51, 24, 50, 40, 43, 30, 20, 36, 44, 39, 37, 8, 31]","[""Intercept"", ""xage"", ""child"", ""disea"", ""physlm"", ""ghindx"", ""xghindx"", ""mhi"", ""plan_11"", ""black"", ""fmde"", ""logc"", ""lnum"", ""lfam"", ""mdeoff"", ""fchild"", ""num"", ""coins"", ""female"", ""hlthg"", ""site_5"", ""site_2"", ""plan_16"", ""year_3"", ""lpi"", ""income"", ""pioff"", ""tookphys"", ""site_3"", ""plan_5"", ""linc"", ""plan_6"", ""plan_19"", ""year_5"", ""plan_15"", ""site_4"", ""educdec"", ""hlthp"", ""year_2"", ""hlthf"", ""site_6"", ""plan_14"", ""plan_17"", ""plan_3"", ""idp"", ""plan_9"", ""plan_18"", ""plan_13"", ""plan_10"", ""time"", ""plan_4""]","[[5, 16, 11, 10, 38, 3, 22, 21, 1, 6, 42, 52, 4, 2, 47, 48, 50, 43], []]","[18, 0]",1204.1791315078735,0.8361390295184964,0.16386097048150353,-2.210678888784334,-0.034332430062769675,0.13684789557577384,-0.07407346732726053,0.15184281676126654,0.22897613017745755,0.15014052084597895,0.0,0.0,0.0,-0.1367333812497133,0.06612431597410957,0.0,0.0,0.0,0.0,-0.09850558246902148,0.0,0.0,0.0,0.0,0.024872548836916315,-0.18815013002286005,0.0,0.0,0.0,0.0,0.0,0.0,0.0,0.0,0.0,0.0,0.0,0.0,0.0,0.0,0.0,0.15283402630407025,0.0,0.0,0.0,-0.2212375050431135,0.1664459167832735,0.0,0.0,0.0,0.13080513427048585,-0.1772621307569042,0.0,-0.3146906035198247,0.0,-1.0549688762645997,0.0,0.0,0.8374507313056708,0.0,0.0,0.0,0.0,0.0,0.0,0.0,0.0,0.0,0.0,0.0,0.0,0.0,0.0,0.0,0.0,0.0,0.0,0.0,0.0,0.0,0.0,0.0,0.0,0.0,0.0,0.0,0.0,0.0,0.0,0.0,0.0,0.0,0.0,0.0,0.0,0.0,0.0,0.0,0.0,0.0,0.0,0.0,0.0,0.0,0.0,0.0,0.0,0.0,0.0,0.0,0.0,0.0,0.0,2.1872293302225163,8.910490854191748
166,1568504344,True,,50.0,quantile_glm,7686.967877991031,-3741.4310779688144,7682.6111635780735,"[0, 5, 16, 11, 12, 26, 28, 18, 38, 14, 9, 22, 13, 21, 1, 17, 24, 3, 15, 42, 25, 19, 10, 52, 48, 23, 49, 6, 45, 47, 32, 31, 51, 54, 41, 33, 53, 40, 20, 2, 50, 34, 36, 37, 8, 30, 39, 46, 35, 29, 7]","[""Intercept"", ""xage"", ""child"", ""disea"", ""physlm"", ""xghindx"", ""lnum"", ""lfam"", ""plan_11"", ""mdeoff"", ""num"", ""fmde"", ""ghindx"", ""logc"", ""coins"", ""fchild"", ""hlthf"", ""black"", ""pioff"", ""plan_16"", ""hlthp"", ""lpi"", ""mhi"", ""year_3"", ""site_4"", ""hlthg"", ""site_5"", ""female"", ""plan_19"", ""site_3"", ""plan_5"", ""plan_4"", ""year_2"", ""year_5"", ""plan_15"", ""plan_6"", ""year_4"", ""plan_14"", ""idp"", ""tookphys"", ""site_6"", ""plan_7"", ""plan_9"", ""plan_10"", ""time"", ""plan_3"", ""plan_13"", ""site_2"", ""plan_8"", ""plan_2"", ""educdec""]","[[5, 16, 11, 12, 38, 22, 21, 24, 3, 42, 25, 48, 6, 47, 31, 50, 34, 29], [11]]","[18, 1]",1320.9242537021637,0.8361068655629462,0.16389313443705367,-2.6343793192795224,0.0,0.0,-0.10426999387657104,0.0,0.2588432573319288,0.14388742683803704,0.0,0.0,0.0,0.0,0.075216771087583,0.03314620497322624,0.0,0.0,0.0,-0.15087799794652093,0.0,0.0,0.0,0.0,-0.03882789053520766,-0.1122084356237624,0.0,0.07185291641081215,0.06498040517818326,0.0,0.0,0.0,0.06393613516933867,0.0,-1.1596667580807505,0.0,0.0,0.10636450711059586,0.0,0.0,0.0,0.14304327947493925,0.0,0.0,0.0,-1.8648607738453247,0.0,0.0,0.0,0.0,0.1543777377515642,-0.19674802677645664,0.0,-0.26521924757420784,0.0,0.0,0.0,0.0,0.7628504649476918,0.0,0.0,0.0,0.0,0.0,0.0,0.0,0.0,0.0,0.0,0.39178722941609107,0.0,0.0,0.0,0.0,0.0,0.0,0.0,0.0,0.0,0.0,0.0,0.0,0.0,0.0,0.0,0.0,0.0,0.0,0.0,0.0,0.0,0.0,0.0,0.0,0.0,0.0,0.0,0.0,0.0,0.0,0.0,0.0,0.0,0.0,0.0,0.0,0.0,0.0,0.0,0.0,0.0,0.0,0.0,2.2509852221725186,9.497087970279875
167,614896715,True,,50.0,quantile_glm,7844.173700645583,-3784.9561587157887,7760.9765856093945,"[0, 5, 16, 12, 28, 18, 26, 9, 13, 11, 3, 10, 17, 47, 14, 25, 23, 22, 46, 38, 1, 32, 52, 21, 42, 51, 6, 48, 49, 33, 24, 45, 34, 15, 50, 41, 43, 19, 36, 53, 54, 30, 7, 29, 27, 4, 40, 39, 8, 35, 20]","[""Intercept"", ""xage"", ""child"", ""physlm"", ""lnum"", ""lfam"", ""xghindx"", ""num"", ""ghindx"", ""disea"", ""black"", ""mhi"", ""fchild"", ""site_3"", ""mdeoff"", ""hlthp"", ""hlthg"", ""fmde"", ""site_2"", ""plan_11"", ""coins"", ""plan_5"", ""year_3"", ""logc"", ""plan_16"", ""year_2"", ""female"", ""site_4"", ""site_5"", ""plan_6"", ""hlthf"", ""plan_19"", ""plan_7"", ""pioff"", ""site_6"", ""plan_15"", ""plan_17"", ""lpi"", ""plan_9"", ""year_4"", ""year_5"", ""plan_3"", ""educdec"", ""plan_2"", ""linc"", ""income"", ""plan_14"", ""plan_13"", ""time"", ""plan_8"", ""idp""]","[[5, 16, 12, 10, 47, 25, 22, 1, 21, 6, 48, 34, 50, 43, 29], [5, 16, 11]]","[15, 3]",1570.3266987800598,0.8473382112734155,0.1526617887265845,-2.121854287341565,-0.1747819419776168,0.0,0.0,0.0,0.19183943132493314,0.13309691954424951,0.0,0.0,0.0,-0.03775511749124017,0.0,0.06402080819266218,0.0,0.0,0.0,-0.1659688006471518,0.0,0.0,0.0,0.0,0.1426313184466139,-0.45956747579063695,0.0,0.0,0.09099658619571165,0.0,0.0,0.0,0.12163426690249275,0.0,0.0,0.0,0.0,0.20132045359061115,0.0,0.0,0.0,0.0,0.0,0.0,0.0,0.0,0.13597310546493738,0.0,0.0,0.0,0.1823614867495674,-0.17822260757010097,0.0,-0.34410099082704565,0.0,0.0,0.0,0.0,0.5005567979549639,0.0,0.0,0.0,0.0,0.13833144622950144,0.0,0.0,0.0,0.0,0.0,0.28048744665001746,0.0,0.0,0.0,0.0,-0.4536874509602288,0.0,0.0,0.0,0.0,0.0,0.0,0.0,0.0,0.0,0.0,0.0,0.0,0.0,0.0,0.0,0.0,0.0,0.0,0.0,0.0,0.0,0.0,0.0,0.0,0.0,0.0,0.0,0.0,0.0,0.0,0.0,0.0,0.0,0.0,0.0,0.0,0.0,0.0,1.9942361744872772,7.3465893718431605
168,961345962,True,,50.0,kmeans_glm,7911.136453249519,-3783.020811753572,7809.214328460729,"[0, 5, 16, 12, 11, 17, 26, 28, 18, 9, 3, 38, 13, 22, 14, 10, 1, 21, 42, 25, 47, 49, 4, 15, 19, 52, 32, 27, 46, 24, 45, 51, 6, 33, 29, 50, 53, 31, 41, 30, 48, 54, 34, 23, 40, 36, 8, 2, 43, 35, 7]","[""Intercept"", ""xage"", ""child"", ""physlm"", ""disea"", ""fchild"", ""xghindx"", ""lnum"", ""lfam"", ""num"", ""black"", ""plan_11"", ""ghindx"", ""fmde"", ""mdeoff"", ""mhi"", ""coins"", ""logc"", ""plan_16"", ""hlthp"", ""site_3"", ""site_5"", ""income"", ""pioff"", ""lpi"", ""year_3"", ""plan_5"", ""linc"", ""site_2"", ""hlthf"", ""plan_19"", ""year_2"", ""female"", ""plan_6"", ""plan_2"", ""site_6"", ""year_4"", ""plan_4"", ""plan_15"", ""plan_3"", ""site_4"", ""year_5"", ""plan_7"", ""hlthg"", ""plan_14"", ""plan_9"", ""time"", ""tookphys"", ""plan_17"", ""plan_8"", ""educdec""]","[[5, 16, 12, 11, 3, 22, 10, 1, 21, 42, 47, 52, 6, 29, 50, 48, 34, 43, 35, 7], [5, 12, 25, 50]]","[20, 4]",1578.659411430359,0.8072535270535094,0.1927464729464907,-2.845035119944423,-0.2622638128849906,0.0,-0.13826918498611174,0.0,0.12252115770400765,0.10383897393031934,0.11901157206572496,0.0,0.0,-0.06087631294854961,0.08041514064547044,0.07764330240970733,0.0,0.0,0.0,-0.25717868470433247,0.0,0.0,0.0,0.0,-0.01462029224644562,-0.2899988844461984,0.0,0.0,0.0,0.0,0.0,0.0,0.17464765359901988,0.0,0.0,0.0,0.0,0.13890984172542248,0.09442495668131537,0.0,0.0,0.0,0.0,0.0,0.0,-1.9505926176492348,0.13276914986748573,0.0,0.0,0.0,0.19557680904689323,-0.1718493529989907,0.0,-0.3040892083297035,0.0,-1.939371294949659,0.0,0.0,0.25554136368467545,0.0,0.0,0.0,0.0,0.6030187915101526,0.0,0.0,0.0,0.0,0.0,0.0,0.25943747116409593,0.0,0.0,0.0,0.0,0.0,0.0,0.0,0.0,0.0,0.0,0.0,0.0,0.1229510340853716,0.0,0.0,0.0,0.0,0.0,0.0,0.0,0.0,0.0,0.0,0.0,0.0,0.0,0.0,0.0,0.0,0.0,0.0,0.0,0.0,0.0,0.0,0.0,0.0,0.5215212443379436,0.0,0.0,0.0,0.0,1.8956308603957284,6.656746558037146
169,729780807,True,,50.0,kmeans_glm,7525.535188453854,-3613.635155577789,7418.334579333396,"[0, 5, 16, 12, 28, 18, 9, 3, 11, 38, 14, 22, 26, 1, 21, 10, 13, 47, 17, 6, 48, 49, 15, 23, 42, 41, 25, 45, 52, 19, 2, 32, 24, 53, 36, 30, 54, 43, 37, 33, 46, 40, 8, 4, 31, 29, 20, 27, 7, 50, 51]","[""Intercept"", ""xage"", ""child"", ""physlm"", ""lnum"", ""lfam"", ""num"", ""black"", ""disea"", ""plan_11"", ""mdeoff"", ""fmde"", ""xghindx"", ""coins"", ""logc"", ""mhi"", ""ghindx"", ""site_3"", ""fchild"", ""female"", ""site_4"", ""site_5"", ""pioff"", ""hlthg"", ""plan_16"", ""plan_15"", ""hlthp"", ""plan_19"", ""year_3"", ""lpi"", ""tookphys"", ""plan_5"", ""hlthf"", ""year_4"", ""plan_9"", ""plan_3"", ""year_5"", ""plan_17"", ""plan_10"", ""plan_6"", ""site_2"", ""plan_14"", ""time"", ""income"", ""plan_4"", ""plan_2"", ""idp"", ""linc"", ""educdec"", ""site_6"", ""year_2""]","[[5, 16, 12, 3, 11, 22, 1, 21, 47, 6, 48, 25, 43, 50], [5, 16, 12, 50]]","[14, 4]",1312.5791327953339,0.8367802365188531,0.16321976348114686,-2.150151936494997,-0.15168243409832347,0.0,-0.14522490215799355,0.0,0.11450423481671529,0.1450286790647532,0.0,0.0,0.0,0.0,0.06822672716880711,0.0695307746244203,0.0,0.0,0.0,-0.21338798158956446,0.0,0.0,0.0,0.0,-0.1864159280322782,-0.12438646854413278,0.0,0.0,0.07378081168975942,0.0,0.0,0.0,0.0,0.0,0.0,0.0,0.0,0.0,0.0,0.0,0.0,0.0,0.0,0.0,0.0,0.0,0.13417802211719496,0.0,0.0,0.0,0.1883831966948349,-0.24067963133776246,0.0,-0.29784296007660804,0.0,0.0,0.0,0.0,0.26473743549886114,0.0,0.0,0.0,0.0,0.11304628368138339,0.0,0.0,0.0,0.0,0.0,0.0,0.3239995384407036,0.0,0.0,0.0,-0.6602082270863894,0.0,0.0,0.0,0.0,0.0,0.0,0.0,0.0,0.0,0.0,0.0,0.0,0.0,0.0,0.0,0.0,0.0,0.0,0.0,0.0,0.0,0.0,0.0,0.0,0.0,0.0,0.0,0.0,0.0,0.0,0.0,0.0,0.0,0.5775499021244188,0.0,0.0,0.0,0.0,2.076048259388717,7.97289974707872
170,356454335,True,,50.0,kmeans_glm,8320.308956353725,-4030.1581805964424,8260.06536883333,"[0, 5, 16, 12, 3, 17, 26, 13, 11, 1, 38, 14, 9, 49, 28, 18, 42, 22, 21, 25, 6, 47, 45, 52, 10, 48, 31, 33, 15, 24, 46, 34, 4, 51, 43, 54, 30, 41, 29, 2, 32, 19, 27, 23, 35, 7, 8, 36, 40, 53, 20]","[""Intercept"", ""xage"", ""child"", ""physlm"", ""black"", ""fchild"", ""xghindx"", ""ghindx"", ""disea"", ""coins"", ""plan_11"", ""mdeoff"", ""num"", ""site_5"", ""lnum"", ""lfam"", ""plan_16"", ""fmde"", ""logc"", ""hlthp"", ""female"", ""site_3"", ""plan_19"", ""year_3"", ""mhi"", ""site_4"", ""plan_4"", ""plan_6"", ""pioff"", ""hlthf"", ""site_2"", ""plan_7"", ""income"", ""year_2"", ""plan_17"", ""year_5"", ""plan_3"", ""plan_15"", ""plan_2"", ""tookphys"", ""plan_5"", ""lpi"", ""linc"", ""hlthg"", ""plan_8"", ""educdec"", ""time"", ""plan_9"", ""plan_14"", ""year_4"", ""idp""]","[[5, 16, 3, 11, 1, 38, 21, 25, 6, 47, 45, 48, 31, 24, 34, 43, 29, 35], [12]]","[18, 1]",1039.5777306556702,0.8389607275884202,0.1610392724115798,-1.9549819571579015,-0.11347105007685845,0.0,-0.1834048073043735,0.0,0.19786930227757357,0.15280203855446467,0.0,0.0,0.0,0.0,0.01893924622720041,0.0,0.0,0.0,0.0,-0.19078780690940902,0.0,0.0,0.0,0.0,-0.2190572837105607,0.0,0.0,0.07775969083783493,0.11075210221832721,0.0,0.0,0.0,0.1589050927537639,0.0,-0.08481462583972976,0.0,0.0,0.1340883931463873,0.0934383047906977,0.0,0.0,0.07792012849012782,0.0,0.0,0.0,0.0,0.13420116820462574,0.0,-0.09602546961386664,0.0,0.15923858731265877,-0.1383276623780615,0.0,0.0,0.0,0.0,0.0,0.0,0.7998216311999268,0.0,0.0,0.0,0.0,0.0,0.0,0.0,0.0,0.0,0.0,0.0,0.34523935631949315,0.0,0.0,0.0,0.0,0.0,0.0,0.0,0.0,0.0,0.0,0.0,0.0,0.0,0.0,0.0,0.0,0.0,0.0,0.0,0.0,0.0,0.0,0.0,0.0,0.0,0.0,0.0,0.0,0.0,0.0,0.0,0.0,0.0,0.0,0.0,0.0,0.0,0.0,0.0,0.0,0.0,0.0,2.2269337486550786,9.271394026153295
171,2085058439,True,,50.0,quantile_glm,7856.038034901942,-3766.6276892207916,7750.373865007284,"[0, 5, 16, 12, 38, 11, 1, 28, 18, 14, 9, 3, 22, 26, 13, 21, 17, 10, 47, 49, 42, 41, 48, 15, 24, 19, 2, 52, 6, 27, 33, 45, 40, 51, 4, 25, 54, 50, 53, 36, 31, 30, 23, 44, 8, 32, 20, 35, 43, 46, 34]","[""Intercept"", ""xage"", ""child"", ""physlm"", ""plan_11"", ""disea"", ""coins"", ""lnum"", ""lfam"", ""mdeoff"", ""num"", ""black"", ""fmde"", ""xghindx"", ""ghindx"", ""logc"", ""fchild"", ""mhi"", ""site_3"", ""site_5"", ""plan_16"", ""plan_15"", ""site_4"", ""pioff"", ""hlthf"", ""lpi"", ""tookphys"", ""year_3"", ""female"", ""linc"", ""plan_6"", ""plan_19"", ""plan_14"", ""year_2"", ""income"", ""hlthp"", ""year_5"", ""site_6"", ""year_4"", ""plan_9"", ""plan_4"", ""plan_3"", ""hlthg"", ""plan_18"", ""time"", ""plan_5"", ""idp"", ""plan_8"", ""plan_17"", ""site_2"", ""plan_7""]","[[5, 16, 11, 1, 3, 22, 26, 21, 10, 47, 48, 24, 6, 25, 50, 32, 34], [5, 16, 12, 50]]","[17, 4]",1294.4592587947845,0.8382969367177273,0.1617030632822727,-2.1067178787971295,-0.11681736270449908,0.0,-0.24682915709142972,0.0,0.1267623703889807,0.1119065699053037,0.0,0.0,0.0,-0.04626425797587475,0.0644867353797911,0.0,0.0,0.0,0.0,-0.18697751090268835,0.0,0.0,0.0,0.0,-0.0880760871225383,-0.1862040832201587,0.0,0.0769252100271947,0.07683884213726049,-0.04534700405452318,0.0,0.0,0.0,0.0,0.0,0.0995938878558155,0.0,0.13477918831154,0.0,0.0,0.0,0.0,0.0,0.0,0.0,0.0,0.0,0.0,0.0,0.0,0.1725474827523539,-0.2724311083933671,0.0,-0.2490600204068278,0.0,0.0,0.0,0.0,0.3883224159002385,0.0,0.0,0.0,0.0,0.11217288159138313,0.0,0.0,0.0,0.0,0.0,0.0,0.2607310816686282,0.0,0.0,0.0,-0.5449058287786294,0.0,0.0,0.0,0.0,0.0,0.0,0.0,0.0,0.0,0.0,0.0,0.0,0.0,0.0,0.0,0.0,0.0,0.0,0.0,0.0,0.0,0.0,0.0,0.0,0.0,0.0,0.0,0.0,0.0,0.0,0.0,0.0,0.0,0.6554379436891691,0.0,0.0,0.0,0.0,1.9742426417618986,7.201163727362997
172,994597130,True,,50.0,quantile_glm,7731.99861557122,-3712.0493826765414,7623.8477729935275,"[0, 5, 16, 11, 12, 26, 28, 18, 3, 1, 9, 17, 13, 14, 38, 22, 10, 21, 49, 15, 24, 47, 6, 42, 48, 40, 52, 45, 19, 41, 32, 23, 46, 2, 31, 7, 54, 44, 30, 43, 29, 25, 51, 33, 4, 34, 35, 8, 50, 37, 53]","[""Intercept"", ""xage"", ""child"", ""disea"", ""physlm"", ""xghindx"", ""lnum"", ""lfam"", ""black"", ""coins"", ""num"", ""fchild"", ""ghindx"", ""mdeoff"", ""plan_11"", ""fmde"", ""mhi"", ""logc"", ""site_5"", ""pioff"", ""hlthf"", ""site_3"", ""female"", ""plan_16"", ""site_4"", ""plan_14"", ""year_3"", ""plan_19"", ""lpi"", ""plan_15"", ""plan_5"", ""hlthg"", ""site_2"", ""tookphys"", ""plan_4"", ""educdec"", ""year_5"", ""plan_18"", ""plan_3"", ""plan_17"", ""plan_2"", ""hlthp"", ""year_2"", ""plan_6"", ""income"", ""plan_7"", ""plan_8"", ""time"", ""site_6"", ""plan_10"", ""year_4""]","[[5, 16, 11, 3, 1, 22, 10, 47, 6, 48, 40, 7, 43, 29, 34, 50], [5, 16, 50]]","[16, 3]",1206.7522141933441,0.8449116498469995,0.1550883501530005,-2.149968725571705,-0.25473541150807427,0.0,-0.11030280833610367,0.0,0.25584098932442034,0.14447584297038207,0.11120743051076286,0.0,0.0,-0.06628883699106264,0.05406186521019774,0.0,0.0,0.0,0.0,-0.14035900609029336,0.0,0.0,0.0,0.0,0.0,-0.2570961665156543,0.0,0.0,0.0,0.0,0.0,0.0,0.15480699541943552,0.0,0.0,0.0,0.0,0.14888960902342954,0.0,0.0,0.0,0.0,0.0,-0.16630694289991474,0.0,0.0,0.12417556833638603,0.0,0.0,0.0,0.21017633747994985,-0.2107924054349627,0.0,-0.21707571085169944,0.0,0.0,0.0,0.0,0.3651034257450461,0.0,0.0,0.0,0.0,0.2480050835565562,0.0,0.0,0.0,0.0,0.0,0.0,0.0,0.0,0.0,0.0,-0.4599455363131933,0.0,0.0,0.0,0.0,0.0,0.0,0.0,0.0,0.0,0.0,0.0,0.0,0.0,0.0,0.0,0.0,0.0,0.0,0.0,0.0,0.0,0.0,0.0,0.0,0.0,0.0,0.0,0.0,0.0,0.0,0.0,0.0,0.0,0.6333916408837111,0.0,0.0,0.0,0.0,1.9355854183474288,6.928098704523903
173,159864746,True,,50.0,kmeans_glm,7714.981766739875,-3746.1151710141,7674.6098707433885,"[0, 5, 16, 12, 38, 11, 28, 18, 21, 9, 22, 1, 3, 14, 17, 26, 49, 13, 47, 19, 42, 6, 10, 15, 41, 25, 48, 52, 30, 24, 33, 23, 2, 51, 36, 53, 45, 54, 32, 20, 31, 4, 27, 29, 40, 43, 39, 8, 50, 46, 44]","[""Intercept"", ""xage"", ""child"", ""physlm"", ""plan_11"", ""disea"", ""lnum"", ""lfam"", ""logc"", ""num"", ""fmde"", ""coins"", ""black"", ""mdeoff"", ""fchild"", ""xghindx"", ""site_5"", ""ghindx"", ""site_3"", ""lpi"", ""plan_16"", ""female"", ""mhi"", ""pioff"", ""plan_15"", ""hlthp"", ""site_4"", ""year_3"", ""plan_3"", ""hlthf"", ""plan_6"", ""hlthg"", ""tookphys"", ""year_2"", ""plan_9"", ""year_4"", ""plan_19"", ""year_5"", ""plan_5"", ""idp"", ""plan_4"", ""income"", ""linc"", ""plan_2"", ""plan_14"", ""plan_17"", ""plan_13"", ""time"", ""site_6"", ""site_2"", ""plan_18""]","[[5, 16, 12, 38, 11, 21, 22, 1, 3, 49, 47, 6, 25, 48, 29, 43, 50], []]","[17, 0]",1162.2517642974854,0.8414342039216537,0.15856579607834634,-2.069109202712491,-0.2541733982674205,0.0,-0.07959208247440792,0.0,0.24055815889710644,0.19445726476269984,0.0,0.0,0.0,0.0,0.028746499420852223,0.08270707354157984,0.0,0.0,0.0,-0.1950704852046333,0.0,0.0,0.0,0.0,-0.0873860462202816,-0.011182189931513247,0.0,0.0,0.04980459848146884,0.0,0.0,0.0,0.1765606939475272,0.0,0.0,0.0,0.0,0.0,0.0,0.0,0.0,0.2032041427065482,0.0,0.0,0.0,0.0,0.10879294776109118,0.0,0.0,0.0,0.11419402718576324,-0.1823901448730037,-0.15113313635270753,-0.28229104374239594,0.0,0.0,0.0,0.0,0.9218552301647921,0.0,0.0,0.0,0.0,0.0,0.0,0.0,0.0,0.0,0.0,0.0,0.0,0.0,0.0,0.0,0.0,0.0,0.0,0.0,0.0,0.0,0.0,0.0,0.0,0.0,0.0,0.0,0.0,0.0,0.0,0.0,0.0,0.0,0.0,0.0,0.0,0.0,0.0,0.0,0.0,0.0,0.0,0.0,0.0,0.0,0.0,0.0,0.0,0.0,0.0,0.0,0.0,0.0,0.0,2.5099384939325637,12.304173255926587
174,1354179012,True,,50.0,kmeans_glm,7979.467751072297,-3866.7527958592354,7924.569859896288,"[0, 5, 16, 12, 11, 28, 18, 9, 38, 14, 22, 26, 21, 3, 10, 13, 17, 47, 1, 49, 42, 6, 15, 41, 52, 19, 2, 25, 48, 23, 29, 24, 33, 34, 54, 45, 32, 51, 7, 31, 4, 50, 27, 53, 46, 30, 8, 20, 44, 36, 39]","[""Intercept"", ""xage"", ""child"", ""physlm"", ""disea"", ""lnum"", ""lfam"", ""num"", ""plan_11"", ""mdeoff"", ""fmde"", ""xghindx"", ""logc"", ""black"", ""mhi"", ""ghindx"", ""fchild"", ""site_3"", ""coins"", ""site_5"", ""plan_16"", ""female"", ""pioff"", ""plan_15"", ""year_3"", ""lpi"", ""tookphys"", ""hlthp"", ""site_4"", ""hlthg"", ""plan_2"", ""hlthf"", ""plan_6"", ""plan_7"", ""year_5"", ""plan_19"", ""plan_5"", ""year_2"", ""educdec"", ""plan_4"", ""income"", ""site_6"", ""linc"", ""year_4"", ""site_2"", ""plan_3"", ""time"", ""idp"", ""plan_18"", ""plan_9"", ""plan_13""]","[[5, 16, 12, 11, 38, 21, 10, 47, 49, 42, 6, 41, 2, 48, 29, 34, 31, 50], []]","[18, 0]",3108.838663339615,0.8329744606522731,0.16702553934772682,-2.104982625459143,0.0,0.0914507169069994,0.0,0.0,0.2270402014614104,0.14614230127354166,0.0,0.0,0.0,-0.04880938047182949,0.06221129906425484,0.0985072726443863,0.0,0.0,0.0,-0.09730089767821125,0.0,0.0,0.0,0.0,-0.044284472944989335,0.0,0.0,0.0,0.0,0.0,0.0,0.0,0.11316411732572365,0.0,-0.11109045733214487,0.0,0.0,0.06459676835324268,0.0,0.0,0.0,0.1579103314923039,0.0,0.0,-0.1422519636528802,-0.5123713732413145,0.0,0.0,0.0,0.0,0.1261878925388915,-0.25949943406890086,-0.115315338493308,-0.3501333355004333,0.0,0.0,0.0,0.0,0.9387253239758082,0.0,0.0,0.0,0.0,0.0,0.0,0.0,0.0,0.0,0.0,0.0,0.0,0.0,0.0,0.0,0.0,0.0,0.0,0.0,0.0,0.0,0.0,0.0,0.0,0.0,0.0,0.0,0.0,0.0,0.0,0.0,0.0,0.0,0.0,0.0,0.0,0.0,0.0,0.0,0.0,0.0,0.0,0.0,0.0,0.0,0.0,0.0,0.0,0.0,0.0,0.0,0.0,0.0,0.0,2.3187694896128908,10.163160733763183
175,1896723795,True,,50.0,kmeans_glm,7934.690550587429,-3820.982464764199,7833.029197706215,"[0, 5, 16, 28, 18, 11, 9, 12, 1, 38, 14, 22, 17, 21, 3, 26, 10, 13, 48, 42, 41, 25, 6, 24, 15, 52, 49, 40, 45, 46, 34, 32, 19, 33, 47, 54, 51, 23, 27, 4, 31, 30, 2, 35, 36, 39, 7, 37, 29, 50, 8]","[""Intercept"", ""xage"", ""child"", ""lnum"", ""lfam"", ""disea"", ""num"", ""physlm"", ""coins"", ""plan_11"", ""mdeoff"", ""fmde"", ""fchild"", ""logc"", ""black"", ""xghindx"", ""mhi"", ""ghindx"", ""site_4"", ""plan_16"", ""plan_15"", ""hlthp"", ""female"", ""hlthf"", ""pioff"", ""year_3"", ""site_5"", ""plan_14"", ""plan_19"", ""site_2"", ""plan_7"", ""plan_5"", ""lpi"", ""plan_6"", ""site_3"", ""year_5"", ""year_2"", ""hlthg"", ""linc"", ""income"", ""plan_4"", ""plan_3"", ""tookphys"", ""plan_8"", ""plan_9"", ""plan_13"", ""educdec"", ""plan_10"", ""plan_2"", ""site_6"", ""time""]","[[5, 16, 11, 1, 22, 21, 3, 48, 25, 6, 34, 47, 29, 50], [28, 18, 12, 50]]","[14, 4]",1517.8129630088806,0.8362640036018417,0.16373599639815825,-2.1161442857244266,-0.19994122738730905,0.0,-0.09085539912174233,0.0,0.2481604817166337,0.14130458959044465,0.0,0.0,0.0,0.0,0.09323712429632246,0.0,0.0,0.0,0.0,-0.10843528358806553,0.0,0.0,0.0,0.0,-0.1445530742829626,-0.15590633921424896,0.0,0.0,0.07705697595583676,0.0,0.0,0.0,0.0843018860474637,0.0,0.0,0.0,0.0,0.13172228322502327,0.0,0.0,0.0,0.0,0.0,0.0,0.0,0.0,0.0,0.0,0.0,0.0,0.0900410361998136,-0.2526566513133728,0.0,-0.35512787910333654,0.0,0.0,0.0,0.0,0.5713966741697647,0.0,0.0,0.0,0.0,0.0,0.0,0.0,0.0,0.0,0.0,0.0,0.2662399878076308,0.0,0.0,0.0,0.0,0.0,-0.3161384890652901,0.0,0.0,0.0,0.0,0.0,0.0,0.0,0.0,0.0,-0.3161375187591539,0.0,0.0,0.0,0.0,0.0,0.0,0.0,0.0,0.0,0.0,0.0,0.0,0.0,0.0,0.0,0.0,0.0,0.0,0.0,0.0,0.0,0.5657749428537806,0.0,0.0,0.0,0.0,1.9741612353724867,7.200577530484797
176,1299455675,True,,50.0,quantile_glm,7927.430026365344,-3825.9947561010963,7843.05378038001,"[0, 5, 16, 12, 28, 18, 22, 9, 38, 26, 21, 11, 25, 3, 14, 1, 17, 13, 10, 49, 48, 42, 19, 4, 15, 52, 47, 41, 27, 29, 24, 45, 54, 6, 32, 51, 53, 30, 33, 40, 2, 36, 46, 7, 35, 31, 8, 50, 34, 43, 44]","[""Intercept"", ""xage"", ""child"", ""physlm"", ""lnum"", ""lfam"", ""fmde"", ""num"", ""plan_11"", ""xghindx"", ""logc"", ""disea"", ""hlthp"", ""black"", ""mdeoff"", ""coins"", ""fchild"", ""ghindx"", ""mhi"", ""site_5"", ""site_4"", ""plan_16"", ""lpi"", ""income"", ""pioff"", ""year_3"", ""site_3"", ""plan_15"", ""linc"", ""plan_2"", ""hlthf"", ""plan_19"", ""year_5"", ""female"", ""plan_5"", ""year_2"", ""year_4"", ""plan_3"", ""plan_6"", ""plan_14"", ""tookphys"", ""plan_9"", ""site_2"", ""educdec"", ""plan_8"", ""plan_4"", ""time"", ""site_6"", ""plan_7"", ""plan_17"", ""plan_18""]","[[5, 16, 22, 21, 25, 1, 49, 48, 42, 4, 47, 29, 6, 2, 50, 34], [25, 50]]","[16, 2]",1280.8052690029144,0.8429055428758043,0.1570944571241957,-2.024926621657821,-0.24300392564056789,0.08176669775255434,0.0,0.07547838676101135,0.2859569366104983,0.18208377543157306,0.0,0.0,0.0,0.0,0.0,0.0,0.0,0.0,0.0,-0.13335385075277334,0.0,0.0,0.0,0.0,-0.011697297029056374,-0.22776734660189413,0.0,0.0,0.050145464975192885,0.0,0.0,0.0,0.14756337995957938,0.0,0.0,0.0,0.0,0.09865936369774994,0.0,0.0,0.0,0.0,0.0,0.0,0.0,-0.07921486268706304,0.0,0.0,0.0,0.0,0.1131012330100295,-0.2610195235000145,-0.15395673866761755,-0.33040070945783784,0.0,0.0,0.0,0.0,0.5808719001195145,0.0,0.0,0.0,0.0,0.0,0.0,0.0,0.0,0.0,0.0,0.0,0.0,0.0,0.0,0.0,0.0,0.0,0.0,0.0,0.0,0.0,0.0,0.0,0.0,0.3323203550065759,0.0,0.0,0.0,0.0,0.0,0.0,0.0,0.0,0.0,0.0,0.0,0.0,0.0,0.0,0.0,0.0,0.0,0.0,0.0,0.0,0.0,0.0,0.0,0.0,0.5300944406877993,0.0,0.0,0.0,0.0,2.228321379435,9.284268228130436
177,2046200537,True,,50.0,quantile_glm,8007.828879504616,-3834.6530138631133,7886.424514291927,"[0, 5, 16, 11, 28, 18, 9, 12, 17, 26, 13, 1, 14, 38, 10, 22, 49, 3, 21, 15, 19, 6, 42, 46, 48, 24, 47, 52, 41, 27, 23, 45, 54, 51, 25, 4, 33, 32, 40, 34, 36, 30, 2, 53, 39, 50, 43, 44, 35, 8, 37]","[""Intercept"", ""xage"", ""child"", ""disea"", ""lnum"", ""lfam"", ""num"", ""physlm"", ""fchild"", ""xghindx"", ""ghindx"", ""coins"", ""mdeoff"", ""plan_11"", ""mhi"", ""fmde"", ""site_5"", ""black"", ""logc"", ""pioff"", ""lpi"", ""female"", ""plan_16"", ""site_2"", ""site_4"", ""hlthf"", ""site_3"", ""year_3"", ""plan_15"", ""linc"", ""hlthg"", ""plan_19"", ""year_5"", ""year_2"", ""hlthp"", ""income"", ""plan_6"", ""plan_5"", ""plan_14"", ""plan_7"", ""plan_9"", ""plan_3"", ""tookphys"", ""year_4"", ""plan_13"", ""site_6"", ""plan_17"", ""plan_18"", ""plan_8"", ""time"", ""plan_10""]","[[5, 16, 11, 1, 10, 49, 3, 21, 6, 42, 48, 24, 47, 27, 34, 50, 43], [5, 16, 11, 50]]","[17, 4]",1464.869973897934,0.82973304870749,0.17026695129251007,-2.0890528577209144,-0.09229614573847283,0.0,-0.05736845690860065,0.0,0.21568179420182157,0.11318343902330874,0.0,0.0,0.0,-0.059728438787367874,0.06752919084145341,0.0,0.0,0.0,0.0,-0.1272060347148034,0.0,0.0,0.0,0.0,-0.28021699725175575,0.0,0.0,0.08364490811641709,0.0,0.0,0.12994492041944525,0.0,0.0,0.0,0.0,0.0,0.0,0.11065913153160849,0.0,0.0,0.0,0.0,0.0,0.0,0.0,-0.14797856811764082,0.10449565217084114,0.0,0.0,0.0,0.1123750060494514,-0.2484581329591887,-0.1715576288633484,-0.3339313353727386,0.0,0.0,0.0,0.0,0.4243935553738941,0.0,0.0,0.0,0.0,-0.020544031809393303,0.0,0.0,0.0,0.0,0.0,0.24422761351972813,0.0,0.0,0.0,0.0,-0.9272821905593948,0.0,0.0,0.0,0.0,0.0,0.0,0.0,0.0,0.0,0.0,0.0,0.0,0.0,0.0,0.0,0.0,0.0,0.0,0.0,0.0,0.0,0.0,0.0,0.0,0.0,0.0,0.0,0.0,0.0,0.0,0.0,0.0,0.0,0.6293369756973235,0.0,0.0,0.0,0.0,2.0838454107978452,8.03530864320095
178,1029167097,True,,50.0,quantile_glm,8220.459601275477,-3942.7177214712647,8102.55392950823,"[0, 5, 16, 11, 38, 14, 22, 17, 21, 3, 28, 18, 12, 26, 1, 9, 15, 13, 48, 10, 46, 42, 19, 6, 49, 23, 52, 25, 4, 41, 27, 33, 32, 7, 45, 54, 2, 51, 37, 36, 34, 24, 47, 20, 8, 29, 53, 30, 31, 39, 40]","[""Intercept"", ""xage"", ""child"", ""disea"", ""plan_11"", ""mdeoff"", ""fmde"", ""fchild"", ""logc"", ""black"", ""lnum"", ""lfam"", ""physlm"", ""xghindx"", ""coins"", ""num"", ""pioff"", ""ghindx"", ""site_4"", ""mhi"", ""site_2"", ""plan_16"", ""lpi"", ""female"", ""site_5"", ""hlthg"", ""year_3"", ""hlthp"", ""income"", ""plan_15"", ""linc"", ""plan_6"", ""plan_5"", ""educdec"", ""plan_19"", ""year_5"", ""tookphys"", ""year_2"", ""plan_10"", ""plan_9"", ""plan_7"", ""hlthf"", ""site_3"", ""idp"", ""time"", ""plan_2"", ""year_4"", ""plan_3"", ""plan_4"", ""plan_13"", ""plan_14""]","[[5, 16, 11, 38, 22, 21, 3, 1, 48, 42, 6, 52, 7, 34, 47, 29, 31], [5, 16, 38, 25]]","[17, 4]",2378.6062631607056,0.8310164678210559,0.16898353217894407,-2.2562178493485407,-0.041063332718846705,0.0,-0.13057653406895978,0.0,0.15715356083845355,0.11410853728345845,0.1366731517656062,0.0,0.0,0.0,0.1628967475242249,0.0,0.0,0.0,0.0,-0.16549537611547038,0.0,0.0,0.0,0.0,-0.055698643628824276,-0.14168930022600765,0.0,0.0,0.0,0.0,0.0,0.0,0.07610764577979899,0.0,-0.055854742465180796,0.0,0.0,0.11047821107798983,0.0,0.0,0.0,0.13010869539299943,0.0,0.0,0.0,-0.16671365594234014,0.0,0.0,0.0,0.0,0.13534018512004245,-0.28667348476619886,0.0,0.0,0.0,-2.065123984353276,0.0,0.0,0.43087153795838007,0.0,0.0,0.0,0.0,0.05953000183925603,0.0,0.0,0.0,0.0,0.0,0.0,0.0,0.0,0.0,0.0,-0.815602485078849,0.0,0.0,0.0,0.0,0.0,0.0,0.0,0.0,0.13924935383247897,0.0,0.0,0.0,0.0,0.0,0.0,0.0,0.0,0.0,0.0,0.0,0.0,0.5450200781596464,0.0,0.0,0.0,0.0,0.0,0.0,0.0,0.0,0.0,0.0,0.0,0.0,0.0,0.0,0.0,0.0,2.0616481123937667,7.8589115121641235
179,998678147,True,,50.0,kmeans_glm,8088.030730524164,-3928.694192211992,8031.083173676544,"[0, 5, 16, 11, 3, 12, 1, 38, 26, 14, 28, 18, 9, 22, 13, 21, 17, 15, 48, 49, 42, 46, 10, 19, 25, 6, 41, 4, 52, 47, 34, 51, 30, 33, 27, 45, 36, 54, 24, 2, 37, 44, 7, 40, 8, 32, 20, 29, 53, 23, 31]","[""Intercept"", ""xage"", ""child"", ""disea"", ""black"", ""physlm"", ""coins"", ""plan_11"", ""xghindx"", ""mdeoff"", ""lnum"", ""lfam"", ""num"", ""fmde"", ""ghindx"", ""logc"", ""fchild"", ""pioff"", ""site_4"", ""site_5"", ""plan_16"", ""site_2"", ""mhi"", ""lpi"", ""hlthp"", ""female"", ""plan_15"", ""income"", ""year_3"", ""site_3"", ""plan_7"", ""year_2"", ""plan_3"", ""plan_6"", ""linc"", ""plan_19"", ""plan_9"", ""year_5"", ""hlthf"", ""tookphys"", ""plan_10"", ""plan_18"", ""educdec"", ""plan_14"", ""time"", ""plan_5"", ""idp"", ""plan_2"", ""year_4"", ""hlthg"", ""plan_4""]","[[5, 16, 11, 3, 1, 22, 21, 48, 46, 25, 6, 47, 34, 30, 7], [12]]","[15, 1]",1181.0139532089233,0.8283883110827606,0.1716116889172395,-2.0674573939013072,-0.10015953359753614,0.0,-0.2909815745376947,0.0,0.23492476736143406,0.1398278808943018,0.09829319315093722,0.0,0.0,0.0,0.06418399504396383,0.0,0.0,0.0,0.0,-0.17331972588427338,0.0,0.0,0.0,0.0,-0.030259680476088565,-0.26184710788048304,0.0,0.0,0.05457810590250442,0.0,0.0,0.0,0.0,-0.22336179258815084,0.0,0.0,0.0,0.1652013259485637,0.0,0.0,0.0,0.0,0.0,0.0,0.0,0.0,0.0,0.0,0.0,0.06604055874674157,0.1775376836083781,-0.23461688630440572,0.0,0.0,0.0,0.0,0.0,0.0,0.7506065521004605,0.0,0.0,0.0,0.0,0.0,0.0,0.0,0.0,0.0,0.0,0.0,0.3662930507026088,0.0,0.0,0.0,0.0,0.0,0.0,0.0,0.0,0.0,0.0,0.0,0.0,0.0,0.0,0.0,0.0,0.0,0.0,0.0,0.0,0.0,0.0,0.0,0.0,0.0,0.0,0.0,0.0,0.0,0.0,0.0,0.0,0.0,0.0,0.0,0.0,0.0,0.0,0.0,0.0,0.0,0.0,2.1108491655232617,8.255248381424561
180,1824938749,True,,25.0,quantile_glm,8367.576650341263,-3936.5696307930803,8281.32201632968,"[0, 5, 16, 12, 28, 18, 11, 9, 26, 13, 3, 10, 17, 38, 22, 21, 14, 25, 49, 23, 48, 1, 46, 52, 6, 19, 45, 42, 24, 15, 41, 33, 43, 2, 47, 54, 51, 27, 29, 20, 39, 4, 30, 50, 7, 35, 8, 53, 37, 31, 44]","[""Intercept"", ""xage"", ""child"", ""physlm"", ""lnum"", ""lfam"", ""disea"", ""num"", ""xghindx"", ""ghindx"", ""black"", ""mhi"", ""fchild"", ""plan_11"", ""fmde"", ""logc"", ""mdeoff"", ""hlthp"", ""site_5"", ""hlthg"", ""site_4"", ""coins"", ""site_2"", ""year_3"", ""female"", ""lpi"", ""plan_19"", ""plan_16"", ""hlthf"", ""pioff"", ""plan_15"", ""plan_6"", ""plan_17"", ""tookphys"", ""site_3"", ""year_5"", ""year_2"", ""linc"", ""plan_2"", ""idp"", ""plan_13"", ""income"", ""plan_3"", ""site_6"", ""educdec"", ""plan_8"", ""time"", ""year_4"", ""plan_10"", ""plan_4"", ""plan_18""]","[[5, 12, 11, 3, 17, 38, 22, 25, 49, 23, 48, 1, 46, 52, 6, 42, 24, 41, 43, 47, 54, 29, 30, 50, 35, 8, 53], [5, 16, 12, 28, 18, 11, 26, 3, 10, 38, 25, 49, 46, 50, 7, 35]]","[27, 16]",2346.0832345485687,0.8124058363936497,0.18759416360635023,-2.6681845099412604,-0.08791692364047488,0.0,-0.1930838812166691,0.0,0.2597577819915937,0.04720974306369132,0.0,2.034618557843997,0.0,0.0,0.06774836232661512,0.023740999686918906,0.0,0.0,0.0,0.0,0.13015874669128688,0.0,0.0,0.0,0.0,-0.14779717015999436,0.06971590458195208,0.11717158282279937,0.12290804904542692,0.0,0.0,0.0,0.09888797075518538,-0.08592384004256826,0.0,0.0,0.0,0.0,0.020695945785663663,0.0,0.0,0.0888271149642539,0.0,0.0,-0.08667544810614725,-0.07190949882457807,0.15111952918054997,0.0,0.0,-0.3385081441223689,-0.021225853634882347,-0.3734576440213344,-0.1756187141812793,-0.6786022976017397,0.0,-1.8505980417788175,-0.33401658982735727,-1.0562593378240352,0.1506606008860662,0.0,0.0,-0.17826325961259432,0.0,0.1400163355916138,0.0,0.33161446186310806,0.0,0.0,-0.1270579574933391,0.04299413375113813,0.09926577568607566,0.0,0.0,0.0,-0.6944230778651501,0.0,-0.05355412968219937,0.0,0.0,0.0,0.0,0.0,0.0,0.018562591079058242,-0.186998384040529,0.0,-0.053549541418144754,0.0,0.0,0.0,0.0,0.0,0.0,0.21204042990053468,0.0,0.0,0.4437974328496944,0.0,0.0,0.0,0.0,0.0,0.0,0.0,0.39814869887728976,0.0,0.0,-0.04384504304316061,0.6543438501968643,0.0,0.0,0.0,0.0,1.4595933609523701,4.3042089130218635
181,1433173059,True,,100.0,kmeans_glm,7690.910191244831,-3771.240421552321,7629.328237730922,"[0, 5, 16, 12, 28, 18, 11, 1, 9, 14, 17, 26, 3, 38, 13, 22, 21, 41, 49, 10, 25, 15, 42, 19, 52, 24, 47, 51, 33, 48, 53, 45, 54, 40, 34, 30, 2, 6, 31, 46, 32, 23, 29, 35, 43, 37, 39, 8, 7, 36, 4]","[""Intercept"", ""xage"", ""child"", ""physlm"", ""lnum"", ""lfam"", ""disea"", ""coins"", ""num"", ""mdeoff"", ""fchild"", ""xghindx"", ""black"", ""plan_11"", ""ghindx"", ""fmde"", ""logc"", ""plan_15"", ""site_5"", ""mhi"", ""hlthp"", ""pioff"", ""plan_16"", ""lpi"", ""year_3"", ""hlthf"", ""site_3"", ""year_2"", ""plan_6"", ""site_4"", ""year_4"", ""plan_19"", ""year_5"", ""plan_14"", ""plan_7"", ""plan_3"", ""tookphys"", ""female"", ""plan_4"", ""site_2"", ""plan_5"", ""hlthg"", ""plan_2"", ""plan_8"", ""plan_17"", ""plan_10"", ""plan_13"", ""time"", ""educdec"", ""plan_9"", ""income""]","[[5, 16, 11, 21, 41, 47], []]","[6, 0]",1477.5785374641418,0.8319637129885484,0.1680362870114515,-2.47276684855847,0.0,0.0,0.0,0.0,0.1643024881139157,0.0,0.0,0.0,0.0,0.0,0.1322084971856393,0.0,0.0,0.0,0.0,-0.22046810263325325,0.0,0.0,0.0,0.0,-0.2382608624464488,0.0,0.0,0.0,0.0,0.0,0.0,0.0,0.0,0.0,0.0,0.0,0.0,0.0,0.0,0.0,0.0,0.0,0.0,0.0,-2.4025366570563813,0.0,0.0,0.0,0.0,0.0,0.20387619061190598,0.0,0.0,0.0,0.0,0.0,0.0,0.0,0.7933333409512957,0.0,0.0,0.0,0.0,0.0,0.0,0.0,0.0,0.0,0.0,0.0,0.0,0.0,0.0,0.0,0.0,0.0,0.0,0.0,0.0,0.0,0.0,0.0,0.0,0.0,0.0,0.0,0.0,0.0,0.0,0.0,0.0,0.0,0.0,0.0,0.0,0.0,0.0,0.0,0.0,0.0,0.0,0.0,0.0,0.0,0.0,0.0,0.0,0.0,0.0,0.0,0.0,0.0,0.0,2.2332924649297206,9.330536024554645
182,767977354,True,,25.0,quantile_glm,8364.31929153328,-3996.4997859581595,8331.704410958813,"[0, 5, 16, 12, 11, 26, 38, 22, 13, 28, 18, 14, 9, 17, 21, 1, 3, 23, 10, 19, 15, 52, 24, 42, 47, 33, 49, 6, 25, 45, 41, 48, 32, 2, 54, 53, 29, 51, 31, 40, 36, 43, 37, 4, 30, 44, 50, 35, 8, 20, 39]","[""Intercept"", ""xage"", ""child"", ""physlm"", ""disea"", ""xghindx"", ""plan_11"", ""fmde"", ""ghindx"", ""lnum"", ""lfam"", ""mdeoff"", ""num"", ""fchild"", ""logc"", ""coins"", ""black"", ""hlthg"", ""mhi"", ""lpi"", ""pioff"", ""year_3"", ""hlthf"", ""plan_16"", ""site_3"", ""plan_6"", ""site_5"", ""female"", ""hlthp"", ""plan_19"", ""plan_15"", ""site_4"", ""plan_5"", ""tookphys"", ""year_5"", ""year_4"", ""plan_2"", ""year_2"", ""plan_4"", ""plan_14"", ""plan_9"", ""plan_17"", ""plan_10"", ""income"", ""plan_3"", ""plan_18"", ""site_6"", ""plan_8"", ""time"", ""idp"", ""plan_13""]","[[5, 16, 12, 26, 38, 22, 21, 3, 52, 24, 42, 47, 6, 25, 48, 2, 54, 53, 29, 31, 43, 50, 35], [5, 16, 12, 11, 14, 1, 3, 23, 49, 40, 50, 35]]","[23, 12]",1073.8264746665955,0.8195638012903295,0.18043619870967068,-2.7610749727074944,0.0,0.040725664894714755,-0.12069871315970873,0.0,0.2488892603254287,0.10840223862813136,0.0,0.0,0.0,0.0,0.0,0.11045969672215919,0.0,0.0,0.0,-0.09336871080929454,0.0,0.0,0.0,0.0,-0.10374570155484003,-0.160256676695155,0.0,0.08462678354555975,0.033354230790940506,-0.03296131373614088,0.0,0.0,0.11119371480385305,0.0,-0.039389405546505725,0.0,0.0,0.0,0.04469816692659993,0.0,0.0,0.11358417902128402,0.0,0.0,0.0,-1.4378292252000482,0.11627969266380683,0.0,0.0,0.0,0.15129826770834648,-0.21145433050343843,0.0,-0.26388383402931154,0.0,-1.7650767693428775,-0.9979497138342959,-1.001123386109103,0.1580928715490512,-0.4791529082968647,0.0,-0.34170394594431375,0.0,0.1309297800124054,0.0,0.0,0.0,0.0,0.0,0.37537462050582954,0.2553324456972946,0.0,-0.20877958471181166,0.0,-0.5134355539630235,0.0,0.0,0.0,0.0,0.0,0.0,0.11313712974708212,0.0,0.0,0.0,0.0,0.0,0.0,0.0,0.0,0.0,0.0,0.0,0.18959994220349752,0.0,0.0,0.0,0.0,0.3944463579130829,0.0,0.0,0.0,0.0,0.0,0.0,0.0,0.0,-0.014586117158610502,0.5940786596248897,0.0,0.0,0.0,0.0,1.5678615450685367,4.796380375787281
183,49121143,True,,100.0,quantile_glm,7937.508828420885,-3881.2523167567915,7840.667288677236,"[0, 5, 16, 12, 28, 18, 9, 11, 14, 26, 3, 1, 10, 13, 38, 22, 17, 15, 21, 6, 48, 25, 49, 23, 46, 42, 19, 41, 33, 52, 47, 32, 51, 53, 39, 54, 36, 45, 24, 30, 27, 31, 7, 40, 44, 20, 8, 37, 4, 2, 43]","[""Intercept"", ""xage"", ""child"", ""physlm"", ""lnum"", ""lfam"", ""num"", ""disea"", ""mdeoff"", ""xghindx"", ""black"", ""coins"", ""mhi"", ""ghindx"", ""plan_11"", ""fmde"", ""fchild"", ""pioff"", ""logc"", ""female"", ""site_4"", ""hlthp"", ""site_5"", ""hlthg"", ""site_2"", ""plan_16"", ""lpi"", ""plan_15"", ""plan_6"", ""year_3"", ""site_3"", ""plan_5"", ""year_2"", ""year_4"", ""plan_13"", ""year_5"", ""plan_9"", ""plan_19"", ""hlthf"", ""plan_3"", ""linc"", ""plan_4"", ""educdec"", ""plan_14"", ""plan_18"", ""idp"", ""time"", ""plan_10"", ""income"", ""tookphys"", ""plan_17""]","[[5, 21, 6, 48, 47], []]","[5, 0]",1570.6126549243927,0.869589895016993,0.130410104983007,-2.0966958244144016,0.0,0.0,0.0,0.0,0.39034675623354514,0.19103548420628666,0.0,0.0,0.0,0.0,0.0,0.0,0.0,0.0,0.0,0.0,0.0,0.0,0.0,0.0,-0.3563509406810712,0.0,0.0,0.0,0.0,0.0,0.0,0.0,0.0,0.0,0.0,0.0,0.0,0.0,0.0,0.0,0.0,0.0,0.0,0.0,0.0,0.0,0.0,0.0,0.0,0.0,0.19264825769889102,-0.18442575851914567,0.0,0.0,0.0,0.0,0.0,0.0,1.2172537777112318,0.0,0.0,0.0,0.0,0.0,0.0,0.0,0.0,0.0,0.0,0.0,0.0,0.0,0.0,0.0,0.0,0.0,0.0,0.0,0.0,0.0,0.0,0.0,0.0,0.0,0.0,0.0,0.0,0.0,0.0,0.0,0.0,0.0,0.0,0.0,0.0,0.0,0.0,0.0,0.0,0.0,0.0,0.0,0.0,0.0,0.0,0.0,0.0,0.0,0.0,0.0,0.0,0.0,0.0,2.03609364775629,7.660625571812035
184,1606267441,True,,100.0,kmeans_glm,8064.227449104445,-3946.395235308173,7988.322604705255,"[0, 5, 16, 11, 12, 26, 28, 18, 9, 13, 17, 22, 3, 14, 24, 38, 21, 1, 10, 49, 6, 15, 52, 42, 33, 46, 51, 45, 25, 47, 2, 48, 32, 34, 19, 53, 54, 29, 27, 23, 31, 36, 4, 41, 37, 30, 40, 8, 50, 43, 7]","[""Intercept"", ""xage"", ""child"", ""disea"", ""physlm"", ""xghindx"", ""lnum"", ""lfam"", ""num"", ""ghindx"", ""fchild"", ""fmde"", ""black"", ""mdeoff"", ""hlthf"", ""plan_11"", ""logc"", ""coins"", ""mhi"", ""site_5"", ""female"", ""pioff"", ""year_3"", ""plan_16"", ""plan_6"", ""site_2"", ""year_2"", ""plan_19"", ""hlthp"", ""site_3"", ""tookphys"", ""site_4"", ""plan_5"", ""plan_7"", ""lpi"", ""year_4"", ""year_5"", ""plan_2"", ""linc"", ""hlthg"", ""plan_4"", ""plan_9"", ""income"", ""plan_15"", ""plan_10"", ""plan_3"", ""plan_14"", ""time"", ""site_6"", ""plan_17"", ""educdec""]","[[5, 16, 21, 47, 34, 29, 50], []]","[7, 0]",1189.4401605129242,0.8314994056237042,0.1685005943762958,-2.1065889104465074,0.0,0.0,0.0,0.0,0.3148427570497975,0.0,0.0,0.0,0.0,0.0,0.0,0.0,0.0,0.0,0.0,-0.1537005188451462,0.0,0.0,0.0,0.0,-0.3266512543953533,0.0,0.0,0.0,0.0,0.0,0.0,0.0,0.1142210892083895,0.0,0.0,0.0,0.0,0.16821487945092084,0.0,0.0,0.0,0.0,0.0,0.0,0.0,0.0,0.0,0.0,0.0,0.0,0.19126758083429476,0.0,0.0,-0.2781963565360544,0.0,0.0,0.0,0.0,0.9112813708599398,0.0,0.0,0.0,0.0,0.0,0.0,0.0,0.0,0.0,0.0,0.0,0.0,0.0,0.0,0.0,0.0,0.0,0.0,0.0,0.0,0.0,0.0,0.0,0.0,0.0,0.0,0.0,0.0,0.0,0.0,0.0,0.0,0.0,0.0,0.0,0.0,0.0,0.0,0.0,0.0,0.0,0.0,0.0,0.0,0.0,0.0,0.0,0.0,0.0,0.0,0.0,0.0,0.0,0.0,2.120793125454726,8.337747745931523
185,1466093589,True,,100.0,quantile_glm,7997.705610734289,-3934.2524218431518,7946.667498849956,"[0, 5, 16, 12, 11, 9, 26, 28, 18, 13, 17, 22, 38, 3, 21, 47, 14, 48, 1, 49, 42, 24, 10, 23, 52, 19, 15, 4, 32, 25, 45, 6, 41, 27, 2, 51, 33, 46, 54, 34, 8, 30, 36, 7, 39, 40, 43, 20, 35, 31, 29]","[""Intercept"", ""xage"", ""child"", ""physlm"", ""disea"", ""num"", ""xghindx"", ""lnum"", ""lfam"", ""ghindx"", ""fchild"", ""fmde"", ""plan_11"", ""black"", ""logc"", ""site_3"", ""mdeoff"", ""site_4"", ""coins"", ""site_5"", ""plan_16"", ""hlthf"", ""mhi"", ""hlthg"", ""year_3"", ""lpi"", ""pioff"", ""income"", ""plan_5"", ""hlthp"", ""plan_19"", ""female"", ""plan_15"", ""linc"", ""tookphys"", ""year_2"", ""plan_6"", ""site_2"", ""year_5"", ""plan_7"", ""time"", ""plan_3"", ""plan_9"", ""educdec"", ""plan_13"", ""plan_14"", ""plan_17"", ""idp"", ""plan_8"", ""plan_4"", ""plan_2""]","[[5, 16, 22, 21, 47], []]","[5, 0]",1046.5791063308716,0.8411531813742906,0.15884681862570926,-1.962379587580137,0.0,0.0,0.0,0.0,0.31962368130809615,0.0,0.0,0.0,0.0,0.0,0.0,0.0,0.0,0.0,0.0,-0.14540662424406386,0.0,0.0,0.0,0.0,-0.2564787747264952,-0.04942876217103814,0.0,0.0,0.0,0.0,0.0,0.0,0.0,0.0,0.0,0.0,0.0,0.0,0.0,0.0,0.0,0.0,0.0,0.0,0.0,0.0,0.0,0.0,0.0,0.0,0.2171987286890158,0.0,0.0,0.0,0.0,0.0,0.0,0.0,0.9484715891039118,0.0,0.0,0.0,0.0,0.0,0.0,0.0,0.0,0.0,0.0,0.0,0.0,0.0,0.0,0.0,0.0,0.0,0.0,0.0,0.0,0.0,0.0,0.0,0.0,0.0,0.0,0.0,0.0,0.0,0.0,0.0,0.0,0.0,0.0,0.0,0.0,0.0,0.0,0.0,0.0,0.0,0.0,0.0,0.0,0.0,0.0,0.0,0.0,0.0,0.0,0.0,0.0,0.0,0.0,2.3088829382636695,10.063177183945282
186,137593364,True,,50.0,kmeans_glm,8100.702974339027,-3892.2447657531784,7984.2385391468015,"[0, 5, 16, 12, 28, 18, 9, 3, 11, 14, 17, 22, 1, 49, 38, 26, 10, 48, 13, 21, 15, 45, 46, 42, 24, 6, 47, 4, 19, 39, 52, 25, 27, 33, 30, 23, 20, 41, 29, 7, 37, 40, 54, 32, 36, 50, 43, 35, 53, 8, 44]","[""Intercept"", ""xage"", ""child"", ""physlm"", ""lnum"", ""lfam"", ""num"", ""black"", ""disea"", ""mdeoff"", ""fchild"", ""fmde"", ""coins"", ""site_5"", ""plan_11"", ""xghindx"", ""mhi"", ""site_4"", ""ghindx"", ""logc"", ""pioff"", ""plan_19"", ""site_2"", ""plan_16"", ""hlthf"", ""female"", ""site_3"", ""income"", ""lpi"", ""plan_13"", ""year_3"", ""hlthp"", ""linc"", ""plan_6"", ""plan_3"", ""hlthg"", ""idp"", ""plan_15"", ""plan_2"", ""educdec"", ""plan_10"", ""plan_14"", ""year_5"", ""plan_5"", ""plan_9"", ""site_6"", ""plan_17"", ""plan_8"", ""year_4"", ""time"", ""plan_18""]","[[5, 12, 3, 22, 48, 24, 6, 47, 30, 41, 29, 50, 43], [5, 16, 12, 28, 18, 50]]","[13, 6]",1509.9572756290436,0.8192998485547238,0.18070015144527618,-2.138928414181526,0.0,0.0,-0.21902057182785395,0.0,0.2795317217919452,0.20055650620495402,0.0,0.0,0.0,0.0,0.0,0.08563127238557992,0.0,0.0,0.0,0.0,0.0,0.0,0.0,0.0,0.0,-0.3184984905925071,0.0,0.05191818198669762,0.0,0.0,0.0,0.0,0.07578922661930403,-0.10470470388891727,0.0,0.0,0.0,0.0,0.0,0.0,0.0,0.0,0.0,0.0,-0.25397118897431653,0.0,0.17870022434743782,0.0,0.0,0.0,0.09418412625978904,-0.23171940405414926,0.0,-0.3655191848102586,0.0,0.0,0.0,0.0,0.3082004107016073,0.0,0.0,0.0,0.0,0.1081377869320894,0.0,0.0,0.0,0.0,0.0,0.0,0.2967656329024954,0.0,0.0,0.0,-0.5605353251712296,0.0,-0.19753614502300654,0.0,0.0,0.0,0.0,0.0,0.0,0.0,0.0,0.0,-0.19753507343987858,0.0,0.0,0.0,0.0,0.0,0.0,0.0,0.0,0.0,0.0,0.0,0.0,0.0,0.0,0.0,0.0,0.0,0.0,0.0,0.0,0.0,0.7395409616190437,0.0,0.0,0.0,0.0,1.898458674523174,6.6755972405482735
187,962625227,True,,50.0,kmeans_glm,7703.24435593475,-3753.106914696085,7653.854400256847,"[0, 5, 16, 12, 38, 11, 26, 22, 13, 21, 14, 3, 1, 9, 28, 18, 17, 10, 6, 49, 25, 15, 24, 42, 45, 41, 52, 19, 23, 48, 46, 47, 32, 36, 33, 2, 31, 54, 40, 4, 51, 37, 20, 50, 8, 30, 44, 53, 43, 39, 27]","[""Intercept"", ""xage"", ""child"", ""physlm"", ""plan_11"", ""disea"", ""xghindx"", ""fmde"", ""ghindx"", ""logc"", ""mdeoff"", ""black"", ""coins"", ""num"", ""lnum"", ""lfam"", ""fchild"", ""mhi"", ""female"", ""site_5"", ""hlthp"", ""pioff"", ""hlthf"", ""plan_16"", ""plan_19"", ""plan_15"", ""year_3"", ""lpi"", ""hlthg"", ""site_4"", ""site_2"", ""site_3"", ""plan_5"", ""plan_9"", ""plan_6"", ""tookphys"", ""plan_4"", ""year_5"", ""plan_14"", ""income"", ""year_2"", ""plan_10"", ""idp"", ""site_6"", ""time"", ""plan_3"", ""plan_18"", ""year_4"", ""plan_17"", ""plan_13"", ""linc""]","[[5, 16, 12, 11, 21, 3, 1, 6, 25, 48, 47, 50], [11]]","[12, 1]",1812.9095451831818,0.8296970882646784,0.1703029117353216,-2.117758111357093,-0.14993029789159962,0.0,-0.11512884841688523,0.0,0.17483149074975832,0.14070223142598176,0.0,0.0,0.0,0.0,0.041017089335403475,0.06347451815929357,0.0,0.0,0.0,-0.20417874312362308,0.0,0.0,0.0,0.0,-0.24968999153982055,0.0,0.0,0.0,0.057364441147354,0.0,0.0,0.0,0.0,0.0,0.0,0.0,0.0,0.0,0.0,0.0,0.0,0.0,0.0,0.0,0.0,0.0,0.0,0.0,0.0,0.0,0.08883828057595944,-0.1776465293429866,0.0,-0.35368097562375644,0.0,0.0,0.0,0.0,0.7632813174768239,0.0,0.0,0.0,0.0,0.0,0.0,0.0,0.0,0.0,0.0,0.3479781726697038,0.0,0.0,0.0,0.0,0.0,0.0,0.0,0.0,0.0,0.0,0.0,0.0,0.0,0.0,0.0,0.0,0.0,0.0,0.0,0.0,0.0,0.0,0.0,0.0,0.0,0.0,0.0,0.0,0.0,0.0,0.0,0.0,0.0,0.0,0.0,0.0,0.0,0.0,0.0,0.0,0.0,0.0,0.0,2.3260119408460387,10.2370341190402
188,244921487,True,,50.0,quantile_glm,7997.995484156455,-3887.570198728639,7940.150447247211,"[0, 5, 16, 38, 14, 22, 21, 1, 26, 13, 12, 11, 28, 18, 3, 9, 15, 19, 17, 42, 6, 23, 47, 41, 49, 48, 10, 52, 33, 25, 20, 45, 51, 54, 24, 36, 2, 31, 32, 30, 4, 39, 7, 27, 43, 46, 8, 50, 34, 40, 35]","[""Intercept"", ""xage"", ""child"", ""plan_11"", ""mdeoff"", ""fmde"", ""logc"", ""coins"", ""xghindx"", ""ghindx"", ""physlm"", ""disea"", ""lnum"", ""lfam"", ""black"", ""num"", ""pioff"", ""lpi"", ""fchild"", ""plan_16"", ""female"", ""hlthg"", ""site_3"", ""plan_15"", ""site_5"", ""site_4"", ""mhi"", ""year_3"", ""plan_6"", ""hlthp"", ""idp"", ""plan_19"", ""year_2"", ""year_5"", ""hlthf"", ""plan_9"", ""tookphys"", ""plan_4"", ""plan_5"", ""plan_3"", ""income"", ""plan_13"", ""educdec"", ""linc"", ""plan_17"", ""site_2"", ""time"", ""site_6"", ""plan_7"", ""plan_14"", ""plan_8""]","[[5, 16, 38, 21, 1, 11, 3, 6, 47, 48, 25, 43, 50, 34], [50]]","[14, 1]",1246.1742815971375,0.8355126651931595,0.16448733480684052,-2.232437516679845,-0.12256093260307574,0.0,-0.1868746356018377,0.0,0.2914018192211187,0.13903062173021616,0.0,0.0,0.0,0.0,0.046928639487717125,0.0,0.0,0.0,0.0,-0.11205993819680174,0.0,0.0,0.0,0.0,-0.19685416824241003,0.0,0.0,0.0,0.06531256478203186,0.0,0.0,0.0,0.0,0.0,0.0,0.0,0.0,0.0980693252519716,0.0,0.0,0.0,0.10285760492962538,0.0,0.0,0.0,0.0,0.14083075941613743,0.0,0.0,0.0,0.1318984924280097,-0.26958279456575984,0.0,-0.40534057707516613,0.0,0.0,0.0,0.0,0.9377873405991703,0.0,0.0,0.0,0.0,0.0,0.0,0.0,0.0,0.0,0.0,0.0,0.0,0.0,0.0,0.0,0.0,0.0,0.0,0.0,0.0,0.0,0.0,0.0,0.0,0.0,0.0,0.0,0.0,0.0,0.0,0.0,0.0,0.0,0.0,0.0,0.0,0.0,0.0,0.0,0.0,0.0,0.0,0.0,0.0,0.0,0.0,0.0,0.0,0.0,0.45821844554217867,0.0,0.0,0.0,0.0,2.045388620647771,7.7321628322352005
189,896918633,True,,50.0,quantile_glm,8016.178619914603,-3874.382907106208,7965.884300778117,"[0, 5, 16, 12, 28, 18, 9, 38, 1, 11, 26, 14, 22, 13, 21, 3, 10, 17, 6, 42, 15, 19, 41, 4, 52, 48, 46, 23, 24, 45, 49, 2, 47, 37, 27, 33, 31, 25, 51, 54, 40, 43, 30, 32, 7, 8, 20, 50, 35, 34, 53]","[""Intercept"", ""xage"", ""child"", ""physlm"", ""lnum"", ""lfam"", ""num"", ""plan_11"", ""coins"", ""disea"", ""xghindx"", ""mdeoff"", ""fmde"", ""ghindx"", ""logc"", ""black"", ""mhi"", ""fchild"", ""female"", ""plan_16"", ""pioff"", ""lpi"", ""plan_15"", ""income"", ""year_3"", ""site_4"", ""site_2"", ""hlthg"", ""hlthf"", ""plan_19"", ""site_5"", ""tookphys"", ""site_3"", ""plan_10"", ""linc"", ""plan_6"", ""plan_4"", ""hlthp"", ""year_2"", ""year_5"", ""plan_14"", ""plan_17"", ""plan_3"", ""plan_5"", ""educdec"", ""time"", ""idp"", ""site_6"", ""plan_8"", ""plan_7"", ""year_4""]","[[5, 16, 38, 1, 11, 26, 21, 3, 10, 6, 42, 52, 48, 45, 2, 47, 31, 43, 7, 50, 34], []]","[21, 0]",1188.7830169200897,0.8336250805461035,0.1663749194538965,-2.310101634245669,-0.08642668559697865,0.10544370163039966,-0.0950884332592559,0.0,0.22483205952800453,0.11950765519613916,0.08375342968901815,0.0,0.0,-0.04852884251539231,0.06878638249520541,0.0,0.0,0.0,0.0,-0.09865664478117701,0.0,0.0,0.0,0.0,-0.27483294252101764,0.0,0.0,0.0,0.0,-0.07254154932084562,0.0,0.0,0.0,0.0,-0.14872305588240756,0.0,0.0,0.11194100326955356,0.0,0.0,0.0,0.03966965378604025,0.0,0.0,0.0,-0.35756498191634123,0.11033133601604757,0.0,-0.14045862741891804,0.0,0.08539460947240028,-0.21614099102593207,0.0,-0.369391932035672,0.0,-1.323227220927334,0.0,0.0,0.8404479159329661,0.0,0.0,0.0,0.0,0.0,0.0,0.0,0.0,0.0,0.0,0.0,0.0,0.0,0.0,0.0,0.0,0.0,0.0,0.0,0.0,0.0,0.0,0.0,0.0,0.0,0.0,0.0,0.0,0.0,0.0,0.0,0.0,0.0,0.0,0.0,0.0,0.0,0.0,0.0,0.0,0.0,0.0,0.0,0.0,0.0,0.0,0.0,0.0,0.0,0.0,0.0,0.0,0.0,0.0,2.189335135580636,8.929274383863529
190,614814729,True,,100.0,kmeans_glm,7896.682734362147,-3884.747202099874,7838.972319900772,"[0, 5, 16, 28, 18, 12, 26, 13, 9, 11, 3, 17, 38, 14, 1, 24, 22, 10, 49, 41, 21, 51, 42, 47, 46, 25, 6, 15, 32, 45, 23, 7, 52, 54, 48, 19, 30, 2, 36, 31, 43, 39, 33, 44, 29, 53, 8, 35, 40, 34, 27]","[""Intercept"", ""xage"", ""child"", ""lnum"", ""lfam"", ""physlm"", ""xghindx"", ""ghindx"", ""num"", ""disea"", ""black"", ""fchild"", ""plan_11"", ""mdeoff"", ""coins"", ""hlthf"", ""fmde"", ""mhi"", ""site_5"", ""plan_15"", ""logc"", ""year_2"", ""plan_16"", ""site_3"", ""site_2"", ""hlthp"", ""female"", ""pioff"", ""plan_5"", ""plan_19"", ""hlthg"", ""educdec"", ""year_3"", ""year_5"", ""site_4"", ""lpi"", ""plan_3"", ""tookphys"", ""plan_9"", ""plan_4"", ""plan_17"", ""plan_13"", ""plan_6"", ""plan_18"", ""plan_2"", ""year_4"", ""time"", ""plan_8"", ""plan_14"", ""plan_7"", ""linc""]","[[5, 21, 47, 6], []]","[4, 0]",1396.6255972385406,0.8400968225336966,0.15990317746630348,-2.030989521021274,0.0,0.0,0.0,0.0,0.3864045130631977,0.15741731183842994,0.0,0.0,0.0,0.0,0.0,0.0,0.0,0.0,0.0,0.0,0.0,0.0,0.0,0.0,-0.3537053133576653,0.0,0.0,0.0,0.0,0.0,0.0,0.0,0.0,0.0,0.0,0.0,0.0,0.0,0.0,0.0,0.0,0.0,0.0,0.0,0.0,0.0,0.0,0.0,0.0,0.0,0.2239712732044601,0.0,0.0,0.0,0.0,0.0,0.0,0.0,0.9676039095461447,0.0,0.0,0.0,0.0,0.0,0.0,0.0,0.0,0.0,0.0,0.0,0.0,0.0,0.0,0.0,0.0,0.0,0.0,0.0,0.0,0.0,0.0,0.0,0.0,0.0,0.0,0.0,0.0,0.0,0.0,0.0,0.0,0.0,0.0,0.0,0.0,0.0,0.0,0.0,0.0,0.0,0.0,0.0,0.0,0.0,0.0,0.0,0.0,0.0,0.0,0.0,0.0,0.0,0.0,2.2704718831721262,9.68396943827693
191,403861771,True,,50.0,kmeans_glm,7971.527765556081,-3849.810463843053,7916.739414251807,"[0, 16, 5, 12, 3, 17, 11, 38, 9, 28, 18, 10, 14, 22, 26, 49, 6, 21, 13, 1, 48, 47, 46, 52, 45, 25, 4, 41, 32, 15, 27, 7, 34, 51, 42, 23, 33, 44, 31, 54, 19, 29, 43, 30, 8, 36, 20, 24, 2, 37, 40]","[""Intercept"", ""child"", ""xage"", ""physlm"", ""black"", ""fchild"", ""disea"", ""plan_11"", ""num"", ""lnum"", ""lfam"", ""mhi"", ""mdeoff"", ""fmde"", ""xghindx"", ""site_5"", ""female"", ""logc"", ""ghindx"", ""coins"", ""site_4"", ""site_3"", ""site_2"", ""year_3"", ""plan_19"", ""hlthp"", ""income"", ""plan_15"", ""plan_5"", ""pioff"", ""linc"", ""educdec"", ""plan_7"", ""year_2"", ""plan_16"", ""hlthg"", ""plan_6"", ""plan_18"", ""plan_4"", ""year_5"", ""lpi"", ""plan_2"", ""plan_17"", ""plan_3"", ""time"", ""plan_9"", ""idp"", ""hlthf"", ""tookphys"", ""plan_10"", ""plan_14""]","[[16, 5, 12, 3, 11, 10, 22, 6, 21, 1, 48, 47, 25, 4, 41, 7, 34, 42, 23, 29, 43], []]","[21, 0]",1066.7784416675568,0.8424124435998878,0.1575875564001122,-2.057697655962242,-0.08001923747072262,0.0,-0.16488600622803792,0.0994958937772804,0.2701615672885764,0.1402741932542034,0.13351929851410116,0.0,0.0,-0.11076780234588571,0.000590126368503783,0.04060345581797031,0.0,0.0,0.0,-0.18927959823104498,0.0,0.0,0.0,0.0,0.12738682637656318,-0.38650102452693025,-0.11331545771852135,0.0,0.0642350502594045,0.0,0.0,0.0,0.12884666125727293,0.0,0.0,0.0,0.0,0.18161164667202384,0.0,0.0,0.0,0.0,0.0,0.0,-0.10044734696928624,-0.10492778604710966,0.1572605983355458,0.0,0.0,0.0,0.21987572380342546,-0.0839204524334498,0.0,0.0,0.0,0.0,0.0,0.0,0.9281832620655631,0.0,0.0,0.0,0.0,0.0,0.0,0.0,0.0,0.0,0.0,0.0,0.0,0.0,0.0,0.0,0.0,0.0,0.0,0.0,0.0,0.0,0.0,0.0,0.0,0.0,0.0,0.0,0.0,0.0,0.0,0.0,0.0,0.0,0.0,0.0,0.0,0.0,0.0,0.0,0.0,0.0,0.0,0.0,0.0,0.0,0.0,0.0,0.0,0.0,0.0,0.0,0.0,0.0,0.0,2.3613165814400614,10.604904485685452
192,1178252899,True,,50.0,kmeans_glm,8116.493030074249,-3938.9884585329546,8077.725924706354,"[0, 5, 16, 11, 3, 12, 28, 18, 9, 38, 49, 14, 1, 22, 17, 26, 47, 21, 13, 48, 6, 10, 42, 52, 41, 19, 15, 46, 27, 4, 25, 24, 51, 53, 32, 30, 45, 54, 7, 2, 31, 34, 20, 33, 8, 36, 50, 29, 37, 23, 35]","[""Intercept"", ""xage"", ""child"", ""disea"", ""black"", ""physlm"", ""lnum"", ""lfam"", ""num"", ""plan_11"", ""site_5"", ""mdeoff"", ""coins"", ""fmde"", ""fchild"", ""xghindx"", ""site_3"", ""logc"", ""ghindx"", ""site_4"", ""female"", ""mhi"", ""plan_16"", ""year_3"", ""plan_15"", ""lpi"", ""pioff"", ""site_2"", ""linc"", ""income"", ""hlthp"", ""hlthf"", ""year_2"", ""year_4"", ""plan_5"", ""plan_3"", ""plan_19"", ""year_5"", ""educdec"", ""tookphys"", ""plan_4"", ""plan_7"", ""idp"", ""plan_6"", ""time"", ""plan_9"", ""site_6"", ""plan_2"", ""plan_10"", ""hlthg"", ""plan_8""]","[[5, 16, 11, 3, 28, 18, 38, 49, 14, 1, 47, 48, 6, 42, 52, 25, 34, 50, 29], []]","[19, 0]",1252.7003681659698,0.8333701915093812,0.16662980849061887,-2.3070095720582704,-0.08920591076231962,0.0,-0.15208488776437415,0.0,0.17883389599402613,0.20035882723532217,0.0,0.0,0.0,0.0,0.062131671974793724,0.0,0.0,-0.053539082560097144,0.0,-0.16779666210692942,0.0,-0.014595500912768681,0.0,0.0,0.0,0.0,0.0,0.0,0.09711734156956522,0.0,0.0,-0.01459654098185869,0.11209856771999754,0.0,0.0,0.0,0.0,0.09955724983231584,0.0,0.0,0.0,0.23848645576673894,0.0,0.0,0.0,-0.12135104693998178,0.0,0.0,0.0,0.0,0.10844290309319064,-0.24628681097435381,-0.2241331621547328,-0.45068417415745887,0.0,-1.5656919475053277,0.0,0.0,0.9134185940226862,0.0,0.0,0.0,0.0,0.0,0.0,0.0,0.0,0.0,0.0,0.0,0.0,0.0,0.0,0.0,0.0,0.0,0.0,0.0,0.0,0.0,0.0,0.0,0.0,0.0,0.0,0.0,0.0,0.0,0.0,0.0,0.0,0.0,0.0,0.0,0.0,0.0,0.0,0.0,0.0,0.0,0.0,0.0,0.0,0.0,0.0,0.0,0.0,0.0,0.0,0.0,0.0,0.0,0.0,2.2732751846531833,9.7111546104596
193,1393671261,True,,25.0,quantile_glm,8244.5557040685,-3939.4403024223357,8208.900704424537,"[0, 5, 16, 11, 12, 28, 18, 9, 3, 38, 14, 22, 26, 17, 1, 13, 21, 24, 49, 10, 15, 42, 25, 6, 19, 52, 41, 46, 33, 45, 48, 47, 54, 23, 36, 32, 27, 30, 4, 40, 31, 29, 34, 51, 53, 8, 2, 43, 35, 20, 44]","[""Intercept"", ""xage"", ""child"", ""disea"", ""physlm"", ""lnum"", ""lfam"", ""num"", ""black"", ""plan_11"", ""mdeoff"", ""fmde"", ""xghindx"", ""fchild"", ""coins"", ""ghindx"", ""logc"", ""hlthf"", ""site_5"", ""mhi"", ""pioff"", ""plan_16"", ""hlthp"", ""female"", ""lpi"", ""year_3"", ""plan_15"", ""site_2"", ""plan_6"", ""plan_19"", ""site_4"", ""site_3"", ""year_5"", ""hlthg"", ""plan_9"", ""plan_5"", ""linc"", ""plan_3"", ""income"", ""plan_14"", ""plan_4"", ""plan_2"", ""plan_7"", ""year_2"", ""year_4"", ""time"", ""tookphys"", ""plan_17"", ""plan_8"", ""idp"", ""plan_18""]","[[5, 16, 11, 28, 18, 3, 22, 1, 24, 10, 42, 25, 6, 52, 41, 46, 48, 47, 54, 29, 34, 43, 35], [5, 16, 11, 12, 9, 3, 38, 14, 1, 49, 48]]","[23, 11]",1501.1072974205017,0.8210448167317244,0.17895518326827559,-2.3619849293326465,-0.09118477860430382,0.0,-0.12084368088757173,0.0,0.34881671081971766,0.13595945842808624,0.0,0.0,0.0,-0.0384074593540426,0.038104567751343243,0.0,0.0,0.0,0.0,-0.04464961860790007,0.0,-0.010069396660611631,0.0,0.0,0.0,-0.3716897378748532,0.0,0.10440746448152084,0.06412588098658263,0.0,0.0,-0.010044015892245031,0.12114934546538716,0.0,0.0,0.0,0.0,0.17240299434293244,0.07139864445205805,0.0,0.0,0.0,0.0,0.0,-0.130965243520147,-0.14282407910066094,0.12556071651396042,0.0,0.0,0.15860442397036825,0.2385076405867165,-0.027391375005199052,0.0,0.0,0.0,-1.3469859097614303,0.0,-0.9829396053701668,0.3762460678071725,-0.17850499575559092,0.0,-0.23990937517619523,0.0,-0.007391533546426663,0.0,0.0,0.0,-0.2533761453208294,0.0,0.24145426997186717,0.17633320093474958,0.0,-0.0590415206950054,0.0,-0.4270745996790663,0.0,0.0,0.0,0.0,0.0,0.0,0.0,0.0,0.0,0.0,0.0,0.0,0.0,0.0,0.0,0.0,0.0,0.0,0.0,0.0,0.0,0.21479391548006657,0.0,0.0,0.0,0.0,0.0,0.0,0.0,0.0,0.0,-0.3360249614450202,-0.3806263810833064,0.0,0.0,0.0,0.0,0.0,1.8607086993671644,6.4282908831713215
194,1219115444,True,,100.0,kmeans_glm,8007.628080728446,-3928.9873439312523,7953.506821951413,"[0, 5, 16, 10, 28, 18, 17, 14, 9, 11, 3, 38, 1, 12, 26, 49, 13, 22, 47, 21, 42, 15, 19, 48, 2, 41, 45, 52, 33, 7, 54, 51, 6, 25, 4, 32, 31, 37, 34, 50, 20, 43, 30, 36, 24, 27, 8, 46, 23, 35, 40]","[""Intercept"", ""xage"", ""child"", ""mhi"", ""lnum"", ""lfam"", ""fchild"", ""mdeoff"", ""num"", ""disea"", ""black"", ""plan_11"", ""coins"", ""physlm"", ""xghindx"", ""site_5"", ""ghindx"", ""fmde"", ""site_3"", ""logc"", ""plan_16"", ""pioff"", ""lpi"", ""site_4"", ""tookphys"", ""plan_15"", ""plan_19"", ""year_3"", ""plan_6"", ""educdec"", ""year_5"", ""year_2"", ""female"", ""hlthp"", ""income"", ""plan_5"", ""plan_4"", ""plan_10"", ""plan_7"", ""site_6"", ""idp"", ""plan_17"", ""plan_3"", ""plan_9"", ""hlthf"", ""linc"", ""time"", ""site_2"", ""hlthg"", ""plan_8"", ""plan_14""]","[[5, 16, 14, 11, 1, 47, 21], []]","[7, 0]",1075.968689441681,0.8410201330507369,0.1589798669492631,-1.9981852566504648,-0.13013174622775875,0.0,0.0,0.0,0.2250842481132613,0.0,0.0,0.0,0.0,0.0,0.11314198669378418,0.0,0.0,-0.01967438318734122,0.0,-0.32099531784702834,0.0,0.0,0.0,0.0,-0.1736833957134953,0.0,0.0,0.0,0.0,0.0,0.0,0.0,0.0,0.0,0.0,0.0,0.0,0.0,0.0,0.0,0.0,0.0,0.0,0.0,0.0,0.0,0.0,0.0,0.0,0.0,0.25240283984847306,0.0,0.0,0.0,0.0,0.0,0.0,0.0,0.9178003661765418,0.0,0.0,0.0,0.0,0.0,0.0,0.0,0.0,0.0,0.0,0.0,0.0,0.0,0.0,0.0,0.0,0.0,0.0,0.0,0.0,0.0,0.0,0.0,0.0,0.0,0.0,0.0,0.0,0.0,0.0,0.0,0.0,0.0,0.0,0.0,0.0,0.0,0.0,0.0,0.0,0.0,0.0,0.0,0.0,0.0,0.0,0.0,0.0,0.0,0.0,0.0,0.0,0.0,0.0,2.2729795836897546,9.708284408038944
195,186590767,True,,100.0,quantile_glm,7900.614917205584,-3882.755639828243,7843.673934820139,"[0, 5, 16, 11, 12, 38, 21, 22, 28, 18, 1, 14, 9, 3, 17, 26, 48, 42, 13, 10, 15, 19, 49, 6, 47, 24, 4, 52, 41, 23, 40, 45, 30, 25, 54, 27, 20, 33, 32, 51, 29, 46, 39, 43, 36, 31, 8, 53, 7, 35, 2]","[""Intercept"", ""xage"", ""child"", ""disea"", ""physlm"", ""plan_11"", ""logc"", ""fmde"", ""lnum"", ""lfam"", ""coins"", ""mdeoff"", ""num"", ""black"", ""fchild"", ""xghindx"", ""site_4"", ""plan_16"", ""ghindx"", ""mhi"", ""pioff"", ""lpi"", ""site_5"", ""female"", ""site_3"", ""hlthf"", ""income"", ""year_3"", ""plan_15"", ""hlthg"", ""plan_14"", ""plan_19"", ""plan_3"", ""hlthp"", ""year_5"", ""linc"", ""idp"", ""plan_6"", ""plan_5"", ""year_2"", ""plan_2"", ""site_2"", ""plan_13"", ""plan_17"", ""plan_9"", ""plan_4"", ""time"", ""year_4"", ""educdec"", ""plan_8"", ""tookphys""]","[[5, 16, 11, 21, 47], []]","[5, 0]",1073.7570822238922,0.8471754908044165,0.15282450919558344,-1.9789528036989903,0.0,0.0,0.0,0.0,0.16169717471324319,0.0,0.0,0.0,0.0,0.0,0.15824021009155095,0.0,0.0,0.0,0.0,-0.2809506856804474,0.0,0.0,0.0,0.0,-0.36268762348257605,0.0,0.0,0.0,0.0,0.0,0.0,0.0,0.0,0.0,0.0,0.0,0.0,0.0,0.0,0.0,0.0,0.0,0.0,0.0,0.0,0.0,0.0,0.0,0.0,0.0,0.2542964637492665,0.0,0.0,0.0,0.0,0.0,0.0,0.0,1.0048016456958118,0.0,0.0,0.0,0.0,0.0,0.0,0.0,0.0,0.0,0.0,0.0,0.0,0.0,0.0,0.0,0.0,0.0,0.0,0.0,0.0,0.0,0.0,0.0,0.0,0.0,0.0,0.0,0.0,0.0,0.0,0.0,0.0,0.0,0.0,0.0,0.0,0.0,0.0,0.0,0.0,0.0,0.0,0.0,0.0,0.0,0.0,0.0,0.0,0.0,0.0,0.0,0.0,0.0,0.0,2.376854378785036,10.770968133143215
196,433689721,True,,50.0,quantile_glm,7929.794587635712,-3819.491120807129,7821.361770329447,"[0, 16, 5, 12, 28, 18, 14, 17, 9, 11, 22, 26, 38, 1, 13, 3, 21, 15, 49, 23, 46, 10, 19, 52, 41, 6, 42, 47, 48, 33, 32, 51, 24, 2, 37, 53, 40, 54, 45, 4, 36, 29, 31, 25, 50, 30, 39, 43, 27, 8, 34]","[""Intercept"", ""child"", ""xage"", ""physlm"", ""lnum"", ""lfam"", ""mdeoff"", ""fchild"", ""num"", ""disea"", ""fmde"", ""xghindx"", ""plan_11"", ""coins"", ""ghindx"", ""black"", ""logc"", ""pioff"", ""site_5"", ""hlthg"", ""site_2"", ""mhi"", ""lpi"", ""year_3"", ""plan_15"", ""female"", ""plan_16"", ""site_3"", ""site_4"", ""plan_6"", ""plan_5"", ""year_2"", ""hlthf"", ""tookphys"", ""plan_10"", ""year_4"", ""plan_14"", ""year_5"", ""plan_19"", ""income"", ""plan_9"", ""plan_2"", ""plan_4"", ""hlthp"", ""site_6"", ""plan_3"", ""plan_13"", ""plan_17"", ""linc"", ""time"", ""plan_7""]","[[16, 5, 12, 14, 11, 1, 21, 41, 6, 47, 48, 29, 50, 43], [16, 12, 50]]","[14, 3]",1397.5977320671082,0.8406798472716948,0.15932015272830527,-2.0337829632005966,-0.10686334544844193,0.0,0.0,0.0,0.24266616129106006,0.08883602537477575,0.0,0.0,0.0,0.0,0.05719446126607531,0.06325688618311327,0.0,-0.09210782383666256,0.0,-0.20829677907021243,0.0,0.0,0.0,0.0,-0.20530646766861343,0.0,0.0,0.0,0.0,0.0,0.0,0.0,0.09408123243026689,0.0,0.0,0.0,0.0,0.0,0.0,0.0,0.0,0.0,0.0,0.0,-0.0996103632725737,0.0,0.1073811779803515,0.0,0.0,0.0,0.1478053782282755,-0.12597733455772794,0.0,-0.28537218003618464,0.0,0.0,0.0,0.0,0.40947180866645716,0.0,0.0,0.0,0.0,0.0,0.0,0.0,0.0,0.0,0.0,0.0,0.26795838334401406,0.0,0.0,0.0,-0.6815981414092974,0.0,0.0,0.0,0.0,0.0,0.0,0.0,0.0,0.0,0.0,0.0,0.0,0.0,0.0,0.0,0.0,0.0,0.0,0.0,0.0,0.0,0.0,0.0,0.0,0.0,0.0,0.0,0.0,0.0,0.0,0.0,0.0,0.0,0.5048550732940791,0.0,0.0,0.0,0.0,2.0700844643414547,7.925492511084813
197,199669625,True,,25.0,quantile_glm,8080.21624227129,-3836.6707383882313,8012.046315818956,"[0, 5, 12, 16, 3, 38, 26, 11, 22, 21, 14, 13, 25, 28, 18, 1, 9, 17, 49, 15, 47, 42, 41, 2, 48, 19, 6, 10, 52, 24, 51, 54, 27, 32, 45, 33, 46, 43, 30, 4, 36, 53, 20, 23, 31, 40, 29, 39, 50, 44, 8]","[""Intercept"", ""xage"", ""physlm"", ""child"", ""black"", ""plan_11"", ""xghindx"", ""disea"", ""fmde"", ""logc"", ""mdeoff"", ""ghindx"", ""hlthp"", ""lnum"", ""lfam"", ""coins"", ""num"", ""fchild"", ""site_5"", ""pioff"", ""site_3"", ""plan_16"", ""plan_15"", ""tookphys"", ""site_4"", ""lpi"", ""female"", ""mhi"", ""year_3"", ""hlthf"", ""year_2"", ""year_5"", ""linc"", ""plan_5"", ""plan_19"", ""plan_6"", ""site_2"", ""plan_17"", ""plan_3"", ""income"", ""plan_9"", ""year_4"", ""idp"", ""hlthg"", ""plan_4"", ""plan_14"", ""plan_2"", ""plan_13"", ""site_6"", ""plan_18"", ""time""]","[[5, 16, 3, 26, 11, 22, 21, 25, 1, 49, 47, 2, 48, 6, 10, 24, 54, 32, 43, 53, 20, 40, 29, 50], [5, 12, 16, 3, 38, 25, 1, 49, 42, 40, 50]]","[24, 11]",1485.0365583896637,0.8163101426610099,0.1836898573389901,-2.2699013049410914,-0.1613133236708374,0.12651358584418262,-0.05844653356156083,0.0,0.20443928857286342,0.19269165333641425,0.0,0.0,0.0,-0.014145593272712477,0.03403434528902101,0.0,0.0,0.0,0.0,-0.15802193865025746,0.0,0.0,0.0,-0.25792504623224644,0.10741109106042505,-0.27101580005538467,0.0,0.05338320945450061,0.11468850873720983,-0.022050768325621507,0.0,0.0,0.16270269683649738,0.0,0.0,-0.06924935052045271,0.0,0.0,0.0,0.0,0.0,0.0,0.0,-0.13143834246292727,0.0,0.0,0.1307521828848232,0.0,0.0,0.0,0.08266861810224117,-0.31676294676959094,-0.1893229822181859,-0.43896555359072376,0.0,0.0,-0.42819860428096745,-1.0553136359167248,0.07565633449393995,-0.35792927386169654,0.0,-0.5168045347257751,0.0,0.3401174868362484,0.0,0.0,0.0,0.0,0.0,0.0,0.3551207148899016,0.0,0.0,0.0,-0.16947673015301695,0.0,0.0,0.0,0.0,0.0,0.0,0.0,0.0,0.10112664842410402,0.0,0.0,0.0,0.0,0.0,0.0,0.0,0.0,0.0,0.0,0.0,0.0,0.13669155948761733,0.0,0.4485678413924304,0.0,-0.4118393822933757,0.0,0.0,0.0,0.0,0.0,0.0,-0.13179717991710962,0.5147032755934983,0.0,0.0,0.0,0.0,1.6413846689109013,5.162312659494366
198,583910840,True,,50.0,quantile_glm,8021.8962431298905,-3872.4641678352828,7962.046822236266,"[0, 5, 16, 11, 12, 26, 28, 18, 13, 38, 9, 3, 14, 22, 17, 21, 1, 47, 6, 49, 10, 15, 25, 46, 42, 19, 45, 52, 48, 51, 41, 23, 24, 7, 31, 33, 2, 20, 43, 37, 53, 50, 54, 30, 39, 36, 27, 8, 32, 34, 29]","[""Intercept"", ""xage"", ""child"", ""disea"", ""physlm"", ""xghindx"", ""lnum"", ""lfam"", ""ghindx"", ""plan_11"", ""num"", ""black"", ""mdeoff"", ""fmde"", ""fchild"", ""logc"", ""coins"", ""site_3"", ""female"", ""site_5"", ""mhi"", ""pioff"", ""hlthp"", ""site_2"", ""plan_16"", ""lpi"", ""plan_19"", ""year_3"", ""site_4"", ""year_2"", ""plan_15"", ""hlthg"", ""hlthf"", ""educdec"", ""plan_4"", ""plan_6"", ""tookphys"", ""idp"", ""plan_17"", ""plan_10"", ""year_4"", ""site_6"", ""year_5"", ""plan_3"", ""plan_13"", ""plan_9"", ""linc"", ""time"", ""plan_5"", ""plan_7"", ""plan_2""]","[[5, 16, 11, 28, 18, 3, 22, 21, 1, 47, 6, 25, 48, 31, 43, 50, 34, 29], [16, 11, 12]]","[18, 3]",2727.807681322098,0.8157198278117496,0.18428017218825038,-2.353028379336759,-0.1539779194221911,0.0,-0.08551342836313372,0.0,0.19935324993793238,0.11308180634714068,0.0,0.0,0.0,0.0,0.03308653308677495,0.0,0.0,0.0,0.0,-0.20456040456992364,0.0,-0.028808831166916744,0.0,0.0,-0.13975304235058317,-0.21052240180350326,0.0,0.0,0.0679658379521738,0.0,0.0,-0.028806403887852307,0.09204002022017808,0.0,-1.4574468355347445,0.0,0.0,0.1464764638740161,0.0,0.0,0.0,0.0,0.0,0.0,0.0,0.0,0.15274495988939685,0.0,0.0,0.0,0.15422531037385342,-0.2093890593539151,0.0,-0.28875150828998974,0.0,0.0,0.0,0.0,0.4056409540694585,0.0,0.0,0.0,0.0,0.0,0.0,0.0,0.0,0.0,0.0,0.3191828926461025,0.1886543610833505,0.0,0.0,0.0,-0.6387303919237739,0.0,0.0,0.0,0.0,0.0,0.0,0.0,0.0,0.0,0.0,0.0,0.0,0.0,0.0,0.0,0.0,0.0,0.0,0.0,0.0,0.0,0.0,0.0,0.0,0.0,0.0,0.0,0.0,0.0,0.0,0.0,0.0,0.0,0.0,0.0,0.0,0.0,0.0,1.820105360049261,6.172508751451165
199,712956284,True,,50.0,quantile_glm,8140.30334296229,-3959.697617173829,8075.720544674962,"[0, 5, 16, 12, 28, 18, 9, 1, 14, 38, 26, 17, 11, 13, 22, 3, 21, 10, 42, 49, 25, 15, 47, 48, 52, 7, 41, 23, 6, 45, 24, 27, 4, 32, 51, 37, 19, 54, 31, 33, 46, 36, 40, 2, 30, 39, 8, 34, 53, 44, 43]","[""Intercept"", ""xage"", ""child"", ""physlm"", ""lnum"", ""lfam"", ""num"", ""coins"", ""mdeoff"", ""plan_11"", ""xghindx"", ""fchild"", ""disea"", ""ghindx"", ""fmde"", ""black"", ""logc"", ""mhi"", ""plan_16"", ""site_5"", ""hlthp"", ""pioff"", ""site_3"", ""site_4"", ""year_3"", ""educdec"", ""plan_15"", ""hlthg"", ""female"", ""plan_19"", ""hlthf"", ""linc"", ""income"", ""plan_5"", ""year_2"", ""plan_10"", ""lpi"", ""year_5"", ""plan_4"", ""plan_6"", ""site_2"", ""plan_9"", ""plan_14"", ""tookphys"", ""plan_3"", ""plan_13"", ""time"", ""plan_7"", ""year_4"", ""plan_18"", ""plan_17""]","[[5, 16, 1, 11, 3, 21, 42, 47, 48, 6, 34, 43], [5, 12]]","[12, 2]",1691.7077560424805,0.8679205952329765,0.13207940476702348,-2.0505676124305214,-0.11231949514919749,0.0,-0.22336315881965985,0.0,0.2438200747097846,0.17128303060060898,0.0,0.0,0.0,0.0,0.04257780867780785,0.0,0.0,0.0,0.0,-0.18040678919807993,0.0,0.0,0.0,0.0,-0.3088010719467119,0.0,0.0,0.0,0.0,0.0,0.0,0.0,0.0,0.0,0.0,0.0,0.0,0.1153047409193305,0.0,0.0,0.0,0.0,0.0,0.0,0.0,-0.0938963653773775,0.0821181935571868,0.0,0.0,0.0,0.1465170112677437,-0.18290910327489324,0.0,0.0,0.0,0.0,0.0,0.0,0.9253612688642261,0.0,0.0,0.0,0.0,0.42941985218335127,0.0,0.0,0.0,0.0,0.0,0.0,0.32666462776761956,0.0,0.0,0.0,0.0,0.0,0.0,0.0,0.0,0.0,0.0,0.0,0.0,0.0,0.0,0.0,0.0,0.0,0.0,0.0,0.0,0.0,0.0,0.0,0.0,0.0,0.0,0.0,0.0,0.0,0.0,0.0,0.0,0.0,0.0,0.0,0.0,0.0,0.0,0.0,0.0,0.0,0.0,1.919395000712877,6.816833042345348
200,1330755448,True,,25.0,quantile_glm,7798.022092282385,-3707.3947732230663,7744.809646025998,"[0, 5, 16, 11, 12, 28, 18, 9, 14, 38, 17, 3, 1, 26, 22, 13, 21, 49, 24, 19, 42, 15, 6, 41, 48, 10, 4, 52, 46, 47, 2, 7, 32, 45, 53, 27, 33, 54, 51, 30, 31, 39, 8, 50, 23, 29, 36, 43, 37, 34, 25]","[""Intercept"", ""xage"", ""child"", ""disea"", ""physlm"", ""lnum"", ""lfam"", ""num"", ""mdeoff"", ""plan_11"", ""fchild"", ""black"", ""coins"", ""xghindx"", ""fmde"", ""ghindx"", ""logc"", ""site_5"", ""hlthf"", ""lpi"", ""plan_16"", ""pioff"", ""female"", ""plan_15"", ""site_4"", ""mhi"", ""income"", ""year_3"", ""site_2"", ""site_3"", ""tookphys"", ""educdec"", ""plan_5"", ""plan_19"", ""year_4"", ""linc"", ""plan_6"", ""year_5"", ""year_2"", ""plan_3"", ""plan_4"", ""plan_13"", ""time"", ""site_6"", ""hlthg"", ""plan_2"", ""plan_9"", ""plan_17"", ""plan_10"", ""plan_7"", ""hlthp""]","[[5, 16, 11, 12, 38, 3, 22, 49, 24, 42, 6, 41, 48, 4, 46, 47, 53, 54, 50, 23, 29, 43, 34], [16, 11, 12, 14, 38, 3, 1, 49, 42, 7, 50]]","[23, 11]",1081.0799341201782,0.8234552988994247,0.17654470110057535,-2.6638084502410946,0.0,0.0,-0.060767150271875514,0.11502991173290111,0.1150967391139687,0.17998939091799498,0.0,0.0,0.0,0.0,0.1412322804180338,-0.06055121325963812,0.0,0.0,0.0,-0.20473863129491585,0.0,0.0,0.0,0.0,0.0,0.014419153623931032,-0.06404309842798431,0.10650034546262872,0.0,0.0,0.0,0.0,0.07890236869648926,0.0,0.0,0.0,0.0,0.09972898773625768,0.0,0.0,0.0,0.3271719232804631,0.0,0.0,-0.18684401634729003,-1.3413809411080928,0.14684409208255605,0.0,0.0,-0.19382426008429843,0.05985984715968139,-0.2670044622629528,-0.21001267109171284,-0.4059763191241516,0.0,0.0,-1.0718019035039685,-1.0426218165290468,0.13870599289175137,-0.1935625270690824,0.0,-0.40938194817284507,0.0,0.0,0.0,0.3868797575300883,0.0,0.0,0.0,0.15417794465337578,0.2819699477029995,0.0,-0.017860738282921496,0.0,-0.7990263022047597,0.0,0.0,0.0,0.0,0.0,0.0,0.0,0.0,0.0,0.0,0.0,0.0,0.0,0.0,0.0,0.0,0.0,0.0,0.0,0.0,0.0,0.11904144220087727,0.0,0.0,0.0,-0.24055719154966887,0.0,0.0,0.0,0.0,0.0,0.0,0.005965123486158536,0.6404173769953126,0.0,0.0,0.0,0.0,1.6449728013071354,5.180868992167676
201,1933370232,True,,50.0,kmeans_glm,7675.864182313766,-3733.6014588168464,7640.897706886253,"[0, 5, 16, 12, 11, 26, 3, 17, 22, 38, 14, 9, 28, 18, 13, 21, 1, 47, 10, 24, 15, 42, 19, 25, 49, 48, 6, 33, 51, 52, 32, 2, 34, 27, 45, 29, 46, 40, 54, 23, 30, 41, 50, 4, 36, 31, 37, 53, 8, 20, 39]","[""Intercept"", ""xage"", ""child"", ""physlm"", ""disea"", ""xghindx"", ""black"", ""fchild"", ""fmde"", ""plan_11"", ""mdeoff"", ""num"", ""lnum"", ""lfam"", ""ghindx"", ""logc"", ""coins"", ""site_3"", ""mhi"", ""hlthf"", ""pioff"", ""plan_16"", ""lpi"", ""hlthp"", ""site_5"", ""site_4"", ""female"", ""plan_6"", ""year_2"", ""year_3"", ""plan_5"", ""tookphys"", ""plan_7"", ""linc"", ""plan_19"", ""plan_2"", ""site_2"", ""plan_14"", ""year_5"", ""hlthg"", ""plan_3"", ""plan_15"", ""site_6"", ""income"", ""plan_9"", ""plan_4"", ""plan_10"", ""year_4"", ""time"", ""idp"", ""plan_13""]","[[5, 16, 12, 11, 3, 22, 21, 1, 47, 42, 25, 48, 6, 34, 29, 50], []]","[16, 0]",1517.229522228241,0.8543965239748122,0.1456034760251878,-2.0163005406771264,-0.1301075688722682,0.0,-0.1596846314333282,0.0,0.09815350561947332,0.13836604019839657,0.0,0.0,0.0,0.0,0.07691008805245816,0.0647357048828205,0.0,0.0,0.0,-0.24184504782425958,0.0,0.0,0.0,0.0,-0.0005599897439536839,-0.25597239083895246,0.0,0.0,0.08408488531876901,0.0,0.0,0.0,0.12121413757959025,0.0,0.0,0.0,0.0,0.11630059734735934,0.0,0.0,0.0,0.0,0.0,0.0,0.0,-0.06800985456419269,0.0,0.0,0.0,0.0,0.1658518931716269,-0.17463905946208333,0.0,-0.32522507425704106,0.0,0.0,0.0,0.0,0.8460410737690018,0.0,0.0,0.0,0.0,0.0,0.0,0.0,0.0,0.0,0.0,0.0,0.0,0.0,0.0,0.0,0.0,0.0,0.0,0.0,0.0,0.0,0.0,0.0,0.0,0.0,0.0,0.0,0.0,0.0,0.0,0.0,0.0,0.0,0.0,0.0,0.0,0.0,0.0,0.0,0.0,0.0,0.0,0.0,0.0,0.0,0.0,0.0,0.0,0.0,0.0,0.0,0.0,0.0,0.0,2.493865997455896,12.10799523303804
202,1098496207,True,,50.0,kmeans_glm,7748.037831412571,-3732.8774270835424,7674.188601270158,"[0, 5, 16, 12, 9, 28, 18, 11, 22, 38, 3, 10, 21, 14, 1, 26, 13, 17, 42, 4, 6, 48, 15, 47, 24, 19, 41, 49, 27, 52, 46, 51, 29, 45, 33, 53, 32, 40, 43, 54, 7, 34, 36, 30, 50, 23, 8, 37, 2, 39, 20]","[""Intercept"", ""xage"", ""child"", ""physlm"", ""num"", ""lnum"", ""lfam"", ""disea"", ""fmde"", ""plan_11"", ""black"", ""mhi"", ""logc"", ""mdeoff"", ""coins"", ""xghindx"", ""ghindx"", ""fchild"", ""plan_16"", ""income"", ""female"", ""site_4"", ""pioff"", ""site_3"", ""hlthf"", ""lpi"", ""plan_15"", ""site_5"", ""linc"", ""year_3"", ""site_2"", ""year_2"", ""plan_2"", ""plan_19"", ""plan_6"", ""year_4"", ""plan_5"", ""plan_14"", ""plan_17"", ""year_5"", ""educdec"", ""plan_7"", ""plan_9"", ""plan_3"", ""site_6"", ""hlthg"", ""time"", ""plan_10"", ""tookphys"", ""plan_13"", ""idp""]","[[5, 16, 12, 11, 22, 3, 10, 21, 1, 42, 4, 6, 48, 47, 41, 29, 43, 34, 50], [50]]","[19, 1]",1694.5857021808624,0.8452591822957981,0.15474081770420198,-2.084243715847198,-0.0528313385461176,0.0,-0.06265012485608167,0.11793944799750297,0.27424357685603856,0.18423283047904948,0.0,0.0,0.0,-0.09163579698228862,0.02777925025674766,0.0858028397536255,0.0,0.0,0.0,-0.09515582183651047,0.0,0.0,0.0,0.0,0.015371614344594194,-0.2564242331354007,0.0,0.0,0.0,0.0,0.0,0.0,0.11864132886260272,0.0,0.0,0.0,0.0,0.10798541966414472,0.0,0.0,0.0,0.0,0.0,0.0,-0.12430539805326914,-0.15925977821013168,0.15941660972017613,0.0,0.0,0.0,0.17755964484067685,-0.2179131147475546,0.0,-0.3295605833736884,0.0,0.0,0.0,0.0,0.707884643674093,0.0,0.0,0.0,0.0,0.0,0.0,0.0,0.0,0.0,0.0,0.0,0.0,0.0,0.0,0.0,0.0,0.0,0.0,0.0,0.0,0.0,0.0,0.0,0.0,0.0,0.0,0.0,0.0,0.0,0.0,0.0,0.0,0.0,0.0,0.0,0.0,0.0,0.0,0.0,0.0,0.0,0.0,0.0,0.0,0.0,0.0,0.0,0.0,0.0,0.45388104652263206,0.0,0.0,0.0,0.0,2.281061694222624,9.78706576669747
203,590966416,True,,50.0,kmeans_glm,8179.492307802457,-3942.455954009396,8102.030394584493,"[0, 5, 16, 12, 38, 22, 21, 14, 28, 18, 9, 1, 3, 11, 17, 15, 19, 42, 47, 10, 49, 41, 52, 26, 13, 48, 4, 24, 45, 32, 29, 6, 30, 54, 40, 51, 33, 25, 23, 36, 39, 53, 20, 8, 46, 27, 34, 43, 2, 35, 7]","[""Intercept"", ""xage"", ""child"", ""physlm"", ""plan_11"", ""fmde"", ""logc"", ""mdeoff"", ""lnum"", ""lfam"", ""num"", ""coins"", ""black"", ""disea"", ""fchild"", ""pioff"", ""lpi"", ""plan_16"", ""site_3"", ""mhi"", ""site_5"", ""plan_15"", ""year_3"", ""xghindx"", ""ghindx"", ""site_4"", ""income"", ""hlthf"", ""plan_19"", ""plan_5"", ""plan_2"", ""female"", ""plan_3"", ""year_5"", ""plan_14"", ""year_2"", ""plan_6"", ""hlthp"", ""hlthg"", ""plan_9"", ""plan_13"", ""year_4"", ""idp"", ""time"", ""site_2"", ""linc"", ""plan_7"", ""plan_17"", ""tookphys"", ""plan_8"", ""educdec""]","[[5, 16, 12, 22, 21, 1, 3, 11, 42, 47, 41, 48, 29, 6, 30, 25, 34, 43], [12, 38, 11]]","[18, 3]",1374.6301193237305,0.8416597803494118,0.15834021965058806,-2.085338338566458,-0.0558178846421321,0.0,-0.19822132126028738,0.0,0.10736209855267309,0.11126905884582998,0.0,0.0,0.0,0.0,0.008496097021206525,0.09039105535848867,0.0,0.0,0.0,-0.3176963332889332,0.0,0.0,0.0,0.0,0.09865927085721593,-0.42061675489046846,0.0,0.0,0.05230314947655626,0.0,0.0,0.0,0.112898026311775,-0.8385445164430628,0.0,0.0,0.0,0.13908611412777122,0.0,0.0,0.0,0.0,0.0,0.0,-0.13852473726254327,-0.2828122762845719,0.11619490147037823,0.0,0.0,0.0,0.19302001483442094,-0.15296436039054936,0.0,0.0,0.0,0.0,0.0,0.0,0.5826091029471195,0.0,0.0,0.0,0.0,0.0,0.0,0.0,0.0,0.0,0.0,0.14114729151756533,0.1853864555945358,0.0,0.0,0.0,0.0,0.0,0.0,0.0,0.0,0.0,0.0,0.0,0.0,0.0,0.0,0.0,0.0,0.0,0.0,0.0,0.0,0.0,0.0,0.0,0.0,0.0,0.46454585589861014,0.0,0.0,0.0,0.0,0.0,0.0,0.0,0.0,0.0,0.0,0.0,0.0,0.0,0.0,0.0,0.0,2.118620101709889,8.319649293406481
204,685273087,True,,50.0,quantile_glm,7776.948683968024,-3775.174202322151,7724.043193896862,"[0, 5, 16, 11, 3, 38, 9, 22, 14, 17, 28, 18, 26, 12, 13, 21, 1, 6, 49, 47, 24, 15, 10, 46, 52, 44, 19, 51, 41, 32, 42, 7, 33, 31, 4, 43, 23, 54, 36, 27, 2, 48, 50, 25, 53, 40, 45, 20, 30, 8, 34]","[""Intercept"", ""xage"", ""child"", ""disea"", ""black"", ""plan_11"", ""num"", ""fmde"", ""mdeoff"", ""fchild"", ""lnum"", ""lfam"", ""xghindx"", ""physlm"", ""ghindx"", ""logc"", ""coins"", ""female"", ""site_5"", ""site_3"", ""hlthf"", ""pioff"", ""mhi"", ""site_2"", ""year_3"", ""plan_18"", ""lpi"", ""year_2"", ""plan_15"", ""plan_5"", ""plan_16"", ""educdec"", ""plan_6"", ""plan_4"", ""income"", ""plan_17"", ""hlthg"", ""year_5"", ""plan_9"", ""linc"", ""tookphys"", ""site_4"", ""site_6"", ""hlthp"", ""year_4"", ""plan_14"", ""plan_19"", ""idp"", ""plan_3"", ""time"", ""plan_7""]","[[5, 16, 11, 3, 22, 26, 21, 1, 6, 47, 24, 31, 43, 48, 50, 34], []]","[16, 0]",1006.0557253360748,0.8745772743145687,0.12542272568543134,-2.087740595198863,-0.06858561904930152,0.0,-0.18205702075004718,0.0,0.23077554063487782,0.15579535350551205,0.0,0.0,0.0,0.0,0.03974567421317343,0.0,0.0,0.0,0.0,-0.15977984760739378,0.0,0.0,0.0,0.0,-0.024495088380588604,-0.2709443156988062,0.0,0.08333773595637409,0.0,-0.08720985420490705,0.0,0.0,0.0,0.0,-0.13287146106800468,0.0,0.0,0.11409535872912148,0.0,0.0,0.0,0.0,0.0,0.0,0.0,0.0,0.15280216499867355,0.0,0.0,0.0,0.14012287880657673,-0.12139057157237083,0.0,-0.29938361883697806,0.0,0.0,0.0,0.0,1.0033663493581488,0.0,0.0,0.0,0.0,0.0,0.0,0.0,0.0,0.0,0.0,0.0,0.0,0.0,0.0,0.0,0.0,0.0,0.0,0.0,0.0,0.0,0.0,0.0,0.0,0.0,0.0,0.0,0.0,0.0,0.0,0.0,0.0,0.0,0.0,0.0,0.0,0.0,0.0,0.0,0.0,0.0,0.0,0.0,0.0,0.0,0.0,0.0,0.0,0.0,0.0,0.0,0.0,0.0,0.0,2.0359983827806993,7.659895817264502
205,942426385,True,,25.0,quantile_glm,7733.589752399631,-3635.2639440129224,7652.656424381478,"[0, 5, 16, 12, 11, 28, 18, 9, 3, 26, 13, 49, 14, 17, 1, 38, 10, 22, 6, 24, 47, 21, 45, 15, 52, 33, 32, 40, 30, 48, 46, 19, 2, 54, 42, 53, 25, 39, 31, 4, 51, 43, 23, 44, 29, 50, 41, 7, 8, 35, 34]","[""Intercept"", ""xage"", ""child"", ""physlm"", ""disea"", ""lnum"", ""lfam"", ""num"", ""black"", ""xghindx"", ""ghindx"", ""site_5"", ""mdeoff"", ""fchild"", ""coins"", ""plan_11"", ""mhi"", ""fmde"", ""female"", ""hlthf"", ""site_3"", ""logc"", ""plan_19"", ""pioff"", ""year_3"", ""plan_6"", ""plan_5"", ""plan_14"", ""plan_3"", ""site_4"", ""site_2"", ""lpi"", ""tookphys"", ""year_5"", ""plan_16"", ""year_4"", ""hlthp"", ""plan_13"", ""plan_4"", ""income"", ""year_2"", ""plan_17"", ""hlthg"", ""plan_18"", ""plan_2"", ""site_6"", ""plan_15"", ""educdec"", ""time"", ""plan_8"", ""plan_7""]","[[5, 16, 12, 11, 28, 18, 49, 1, 38, 22, 6, 47, 21, 45, 15, 52, 30, 48, 54, 53, 25, 31, 43, 23, 29, 50, 41, 7, 35, 34], [5, 16, 12, 11, 9, 3, 49, 14, 10, 50]]","[30, 10]",1193.0591571331024,0.8222617981089031,0.17773820189109693,-2.400991056466449,-0.10903970959863091,0.0,0.0,0.0,0.1175300614440273,0.2321430116444967,0.048844906694728296,0.0,0.0,0.0,0.1348683801069512,0.05520082259964055,0.0,0.0,0.2116108125310547,-0.10893721613905129,0.0,-0.04952134970289697,0.0,0.0,0.18908640454473244,-0.4520887591038426,-0.060803507055889515,0.0,0.04080266398167109,0.0,0.0,-0.04952153963631011,0.07712629250832953,-0.15795360634423136,-0.12326351515589053,0.0,0.0,0.10457673197274531,0.05506711075060232,0.0,0.0,0.14953870788295354,0.0,0.0,-0.12787775036449375,0.0,0.16230116610248815,0.0,-0.047968580179243075,0.0,0.12415006498378339,-0.27512931974610255,-0.16214738749575996,-0.4271531407444536,0.0,-0.07279746555345526,-1.1350454876950926,-1.0816314478103555,-0.09870117683684458,0.0,0.0,-0.5655107795556179,0.0,0.3337348707917191,0.0,0.0,0.0,-0.33008832098559077,-0.28770143143656224,-0.0019568561260773234,0.17893599115538303,0.0,-0.23002565707615893,0.0,-0.2794720638579253,0.0,0.0,0.0,0.0,0.0,0.0,0.0,0.0,0.0,0.0,0.0,0.0,0.0,0.0,0.0,0.0,0.0,0.0,0.0,0.0,0.0,0.0,0.0,0.0,0.0,0.0,0.0,0.0,0.0,0.0,0.0,0.0,-0.5240014260179501,0.7024552119024867,0.0,0.0,0.0,0.0,1.5299841696183358,4.618103715376748
206,1226894053,True,,25.0,quantile_glm,7970.093500560657,-3773.4501297921706,7894.289838089463,"[0, 5, 16, 11, 12, 38, 22, 14, 26, 1, 17, 9, 28, 18, 13, 3, 21, 10, 49, 52, 6, 23, 42, 48, 32, 27, 15, 4, 50, 45, 51, 33, 44, 2, 41, 24, 47, 34, 25, 46, 19, 54, 30, 31, 29, 8, 7, 40, 43, 39, 36]","[""Intercept"", ""xage"", ""child"", ""disea"", ""physlm"", ""plan_11"", ""fmde"", ""mdeoff"", ""xghindx"", ""coins"", ""fchild"", ""num"", ""lnum"", ""lfam"", ""ghindx"", ""black"", ""logc"", ""mhi"", ""site_5"", ""year_3"", ""female"", ""hlthg"", ""plan_16"", ""site_4"", ""plan_5"", ""linc"", ""pioff"", ""income"", ""site_6"", ""plan_19"", ""year_2"", ""plan_6"", ""plan_18"", ""tookphys"", ""plan_15"", ""hlthf"", ""site_3"", ""plan_7"", ""hlthp"", ""site_2"", ""lpi"", ""year_5"", ""plan_3"", ""plan_4"", ""plan_2"", ""time"", ""educdec"", ""plan_14"", ""plan_17"", ""plan_13"", ""plan_9""]","[[5, 16, 11, 12, 38, 22, 1, 3, 10, 49, 52, 6, 42, 48, 50, 51, 41, 47, 34, 25, 46, 19, 54, 29, 7, 43], [16, 11, 12, 38, 13, 3, 49, 32, 50, 46]]","[26, 10]",1121.470138311386,0.8234980130956089,0.17650198690439114,-2.543532023561052,-0.13372702170307554,0.0,-0.013344363695758735,0.0,0.2854504332759232,0.12777889561212402,0.11313372766408725,0.0,0.0,-0.08770529423571567,0.062588063774524,0.03209192382414865,0.0,0.0,0.0,-0.012422799495474137,0.0,0.0,0.17948211845137396,0.0,0.0,-0.16612909858113878,0.0,0.0,0.061296551071223795,0.0,0.0,0.0,0.10676883844340751,0.0,0.0,0.0,0.0,0.11430357108834505,0.0,0.0,0.0,0.25933784806217225,0.0,0.0,-0.1312918148281061,-0.11787934792429537,0.12683896450615767,0.0,0.0,-0.1983529583249827,0.08575817856430477,-0.3318064495012679,-0.17359000524952323,-0.36024006461432984,-0.4531084708337359,-1.5733058583532442,0.0,-0.9902531253222737,0.1252403274018673,0.0,0.0,-0.27546760056922326,0.0,0.0,0.0,0.0,0.0,0.0,0.0,0.18626816859747514,0.09095283583520124,-0.10270948872271539,0.0,0.0,-0.6395019751676694,0.0,0.0,0.0,0.0,0.0,0.0,0.0,0.0,0.0,0.0,0.0,0.0,0.0,0.0,0.0,-0.9202291477877064,0.0,0.0,0.0,0.0,0.0,0.23134397652209912,0.0,0.0,0.0,0.0,0.0,0.0,0.0,0.2271571582029945,0.0,0.0,-0.34549151667867434,0.6061563288559493,0.0,0.0,0.0,0.0,1.7961784676152264,6.026572659350879
207,198408538,True,,50.0,quantile_glm,7768.829063660392,-3780.7111285068722,7735.117046266305,"[0, 5, 16, 28, 18, 11, 9, 12, 3, 26, 17, 13, 6, 10, 1, 22, 38, 14, 49, 21, 47, 46, 23, 52, 24, 2, 33, 29, 45, 42, 48, 25, 40, 20, 41, 51, 39, 54, 36, 15, 19, 50, 30, 32, 27, 4, 43, 7, 8, 37, 31]","[""Intercept"", ""xage"", ""child"", ""lnum"", ""lfam"", ""disea"", ""num"", ""physlm"", ""black"", ""xghindx"", ""fchild"", ""ghindx"", ""female"", ""mhi"", ""coins"", ""fmde"", ""plan_11"", ""mdeoff"", ""site_5"", ""logc"", ""site_3"", ""site_2"", ""hlthg"", ""year_3"", ""hlthf"", ""tookphys"", ""plan_6"", ""plan_2"", ""plan_19"", ""plan_16"", ""site_4"", ""hlthp"", ""plan_14"", ""idp"", ""plan_15"", ""year_2"", ""plan_13"", ""year_5"", ""plan_9"", ""pioff"", ""lpi"", ""site_6"", ""plan_3"", ""plan_5"", ""linc"", ""income"", ""plan_17"", ""educdec"", ""time"", ""plan_10"", ""plan_4""]","[[5, 16, 28, 18, 11, 26, 6, 10, 1, 22, 21, 47, 29, 25, 50, 43], []]","[16, 0]",984.4442706108093,0.8468143693644393,0.1531856306355607,-2.135820651252277,-0.13521879879029655,0.0,0.0,0.0,0.3152347454323819,0.1737901809554671,0.0,0.0,0.0,-0.0376066317323381,0.08763052027725467,0.0,0.0,0.0,0.0,-0.1396726649258618,0.0,-0.033351969374734954,0.0,0.0,-0.14343256687476175,-0.1346364778089795,0.0,0.0,0.05143215786971712,-0.026998900785201285,0.0,-0.03334108120064337,0.1498730594479681,0.0,0.0,0.0,0.0,0.0,0.0,0.0,0.0,0.0,0.0,0.0,0.0,0.0,0.1270078142758776,0.0,0.0,0.0,0.22008769454787194,0.0,0.0,-0.3454576781696099,0.0,0.0,0.0,0.0,0.9109970615917107,0.0,0.0,0.0,0.0,0.0,0.0,0.0,0.0,0.0,0.0,0.0,0.0,0.0,0.0,0.0,0.0,0.0,0.0,0.0,0.0,0.0,0.0,0.0,0.0,0.0,0.0,0.0,0.0,0.0,0.0,0.0,0.0,0.0,0.0,0.0,0.0,0.0,0.0,0.0,0.0,0.0,0.0,0.0,0.0,0.0,0.0,0.0,0.0,0.0,0.0,0.0,0.0,0.0,0.0,2.240948753774261,9.402247474919076
208,1347821697,True,,50.0,kmeans_glm,8112.268019259863,-3942.084349891315,8057.8634890351905,"[0, 5, 16, 38, 21, 12, 22, 14, 11, 9, 28, 18, 17, 1, 42, 47, 26, 3, 13, 48, 49, 15, 10, 19, 41, 45, 52, 20, 39, 4, 23, 33, 27, 24, 54, 34, 36, 6, 51, 30, 44, 46, 43, 7, 8, 29, 32, 31, 40, 35, 25]","[""Intercept"", ""xage"", ""child"", ""plan_11"", ""logc"", ""physlm"", ""fmde"", ""mdeoff"", ""disea"", ""num"", ""lnum"", ""lfam"", ""fchild"", ""coins"", ""plan_16"", ""site_3"", ""xghindx"", ""black"", ""ghindx"", ""site_4"", ""site_5"", ""pioff"", ""mhi"", ""lpi"", ""plan_15"", ""plan_19"", ""year_3"", ""idp"", ""plan_13"", ""income"", ""hlthg"", ""plan_6"", ""linc"", ""hlthf"", ""year_5"", ""plan_7"", ""plan_9"", ""female"", ""year_2"", ""plan_3"", ""plan_18"", ""site_2"", ""plan_17"", ""educdec"", ""time"", ""plan_2"", ""plan_5"", ""plan_4"", ""plan_14"", ""plan_8"", ""hlthp""]","[[5, 16, 21, 11, 9, 1, 42, 47, 3, 48, 10, 41, 34, 6, 43, 29], []]","[16, 0]",828.9363582134247,0.8422225267424311,0.15777747325756894,-2.042623225210477,-0.1273820537423937,0.0,-0.08435366046021801,0.0,0.16850734788747337,0.07061950951515608,0.0,0.0,-0.08189918811336472,-0.06227921905189763,0.07007623258369555,0.0,0.0,0.0,0.0,-0.16653487587404653,0.0,0.0,0.0,0.0,-0.3022777583823355,0.0,0.0,0.0,0.0,0.0,0.0,0.0,0.10065182593388926,0.0,0.0,0.0,0.0,0.10897112114069857,0.0,0.0,0.0,0.0,0.0,0.0,-0.2956741402526477,-0.21766870476299022,0.07139246033913423,0.0,0.0,0.0,0.20977577660663804,-0.169430476236967,0.0,0.0,0.0,0.0,0.0,0.0,0.9326287857077261,0.0,0.0,0.0,0.0,0.0,0.0,0.0,0.0,0.0,0.0,0.0,0.0,0.0,0.0,0.0,0.0,0.0,0.0,0.0,0.0,0.0,0.0,0.0,0.0,0.0,0.0,0.0,0.0,0.0,0.0,0.0,0.0,0.0,0.0,0.0,0.0,0.0,0.0,0.0,0.0,0.0,0.0,0.0,0.0,0.0,0.0,0.0,0.0,0.0,0.0,0.0,0.0,0.0,0.0,2.3156293153482665,10.131296693482867
209,847411645,True,,50.0,quantile_glm,7958.463183316221,-3840.489946169094,7872.044160516005,"[0, 16, 5, 9, 12, 28, 18, 17, 11, 14, 1, 10, 26, 3, 22, 13, 38, 42, 15, 21, 48, 6, 23, 46, 47, 52, 24, 41, 49, 19, 39, 45, 50, 25, 33, 2, 32, 51, 7, 20, 54, 31, 30, 53, 44, 37, 29, 8, 36, 34, 35]","[""Intercept"", ""child"", ""xage"", ""num"", ""physlm"", ""lnum"", ""lfam"", ""fchild"", ""disea"", ""mdeoff"", ""coins"", ""mhi"", ""xghindx"", ""black"", ""fmde"", ""ghindx"", ""plan_11"", ""plan_16"", ""pioff"", ""logc"", ""site_4"", ""female"", ""hlthg"", ""site_2"", ""site_3"", ""year_3"", ""hlthf"", ""plan_15"", ""site_5"", ""lpi"", ""plan_13"", ""plan_19"", ""site_6"", ""hlthp"", ""plan_6"", ""tookphys"", ""plan_5"", ""year_2"", ""educdec"", ""idp"", ""year_5"", ""plan_4"", ""plan_3"", ""year_4"", ""plan_18"", ""plan_10"", ""plan_2"", ""time"", ""plan_9"", ""plan_7"", ""plan_8""]","[[16, 5, 12, 11, 1, 10, 22, 21, 48, 6, 47, 50, 25, 29, 34, 35], [16, 12]]","[16, 2]",979.1401281356812,0.824081725466252,0.1759182745337479,-2.2083397492257437,-0.21024998134153688,0.0,0.0,0.0,0.08516241763734479,0.12934425781883999,0.0,0.0,0.0,-0.02451091782331176,0.017852752484892126,0.050023454770420014,0.0,0.0,0.0,-0.38829139258498074,0.0,0.0,0.0,0.0,-0.2981645265597526,-0.041688701553807654,0.0,0.0,0.07047923409853674,0.0,0.0,0.0,0.09558469520201263,0.0,0.0,0.0,0.0,0.1158502286242377,0.093385646710814,0.0,0.0,0.0,0.0,0.0,0.0,0.0,0.0,0.0,0.0,0.0,0.10591471985538004,-0.25235100017511386,0.0,-0.40912645254641516,0.0,0.0,0.0,0.0,0.5248671358267497,0.0,0.0,0.0,0.0,0.0,0.0,0.0,0.0,0.0,0.0,0.0,0.2423856400148226,0.0,0.0,0.0,-0.6562852629754446,0.0,0.0,0.0,0.0,0.0,0.0,0.0,0.0,0.0,0.0,0.0,0.0,0.0,0.0,0.0,0.0,0.0,0.0,0.0,0.0,0.0,0.0,0.0,0.0,0.0,0.0,0.0,0.0,0.0,0.0,0.0,0.0,0.0,0.0,0.0,0.0,0.0,0.0,1.9812361955807052,7.2517019684182955
210,859964848,True,,50.0,quantile_glm,7935.253783635354,-3788.542963831326,7820.258632616236,"[0, 5, 16, 11, 12, 3, 9, 1, 6, 28, 18, 22, 10, 14, 38, 21, 17, 26, 49, 13, 47, 48, 15, 41, 52, 24, 33, 23, 42, 34, 25, 45, 2, 19, 54, 27, 51, 4, 53, 40, 30, 46, 37, 32, 31, 50, 35, 8, 29, 36, 39]","[""Intercept"", ""xage"", ""child"", ""disea"", ""physlm"", ""black"", ""num"", ""coins"", ""female"", ""lnum"", ""lfam"", ""fmde"", ""mhi"", ""mdeoff"", ""plan_11"", ""logc"", ""fchild"", ""xghindx"", ""site_5"", ""ghindx"", ""site_3"", ""site_4"", ""pioff"", ""plan_15"", ""year_3"", ""hlthf"", ""plan_6"", ""hlthg"", ""plan_16"", ""plan_7"", ""hlthp"", ""plan_19"", ""tookphys"", ""lpi"", ""year_5"", ""linc"", ""year_2"", ""income"", ""year_4"", ""plan_14"", ""plan_3"", ""site_2"", ""plan_10"", ""plan_5"", ""plan_4"", ""site_6"", ""plan_8"", ""time"", ""plan_2"", ""plan_9"", ""plan_13""]","[[5, 16, 11, 3, 1, 6, 22, 10, 21, 47, 48, 41, 52, 34, 25, 46, 31, 50, 29], [5, 16, 11, 12, 50]]","[19, 5]",1279.3060829639435,0.8233110242061447,0.1766889757938554,-2.408987324914744,-0.09789180343511547,0.0,-0.17582922578340868,0.0,0.1997851352582755,0.22049413306556476,0.0,0.0,0.0,-0.026259869758230157,0.04591679723935892,0.0,0.0,0.0,0.0,-0.04421642035799367,0.0,0.0,0.0,0.0,-0.12576632327877016,-0.20309971096149215,0.0,0.0,0.06817979207079072,0.0,0.0,0.0,0.047846895406624755,0.0,-0.09475429086191982,0.0,0.0,0.15995747390067583,0.0,0.0,0.0,0.0,0.0,0.0,-0.18203790757604435,0.0,0.0,0.0,0.0,-0.16273966215161922,0.0993816253244156,-0.2620791585145231,0.0,-0.2922675328424669,0.0,-1.696520309263503,0.0,0.0,0.2637285499775938,0.0,0.0,0.0,0.0,0.15860234500672452,0.0,0.0,0.0,0.0,0.0,0.23110266305248936,0.25182627878602865,0.0,0.0,0.0,-0.7333777810149527,0.0,0.0,0.0,0.0,0.0,0.0,0.0,0.0,0.0,0.0,0.0,0.0,0.0,0.0,0.0,0.0,0.0,0.0,0.0,0.0,0.0,0.0,0.0,0.0,0.0,0.0,0.0,0.0,0.0,0.0,0.0,0.0,0.0,0.41078953905731197,0.0,0.0,0.0,0.0,1.7616579768969787,5.822082274602526
211,1463695672,True,,50.0,quantile_glm,8377.199862675676,-4049.2674740763014,8280.91447686779,"[0, 5, 16, 12, 26, 13, 28, 18, 38, 9, 11, 1, 14, 22, 21, 3, 17, 49, 47, 6, 42, 15, 48, 41, 23, 52, 10, 19, 46, 24, 25, 29, 45, 32, 30, 27, 2, 53, 54, 40, 37, 51, 34, 33, 31, 7, 44, 36, 4, 8, 20]","[""Intercept"", ""xage"", ""child"", ""physlm"", ""xghindx"", ""ghindx"", ""lnum"", ""lfam"", ""plan_11"", ""num"", ""disea"", ""coins"", ""mdeoff"", ""fmde"", ""logc"", ""black"", ""fchild"", ""site_5"", ""site_3"", ""female"", ""plan_16"", ""pioff"", ""site_4"", ""plan_15"", ""hlthg"", ""year_3"", ""mhi"", ""lpi"", ""site_2"", ""hlthf"", ""hlthp"", ""plan_2"", ""plan_19"", ""plan_5"", ""plan_3"", ""linc"", ""tookphys"", ""year_4"", ""year_5"", ""plan_14"", ""plan_10"", ""year_2"", ""plan_7"", ""plan_6"", ""plan_4"", ""educdec"", ""plan_18"", ""plan_9"", ""income"", ""time"", ""idp""]","[[5, 38, 11, 1, 21, 3, 47, 6, 42, 48, 29, 34], [16, 12, 28, 18, 38]]","[12, 5]",1484.0642194747925,0.8262637878034608,0.1737362121965392,-2.0054935589625575,-0.10363415014587785,0.0,-0.19747582083234275,0.0,0.322350643715139,0.16531376662707967,0.0,0.0,0.0,0.0,0.057895298529339584,0.0,0.0,0.0,0.0,0.0,0.0,0.0,0.0,0.0,-0.023380910225156277,0.0,0.0,0.0,0.0,0.0,0.0,0.0,0.2127847755412251,0.0,0.0,0.0,0.0,0.16154771249126054,0.0,0.0,0.0,0.2444723492564128,0.0,0.0,0.0,-0.11313552890577677,0.0,0.0,0.0,0.0,0.1998184258802732,-0.23881916333900033,0.0,0.0,0.0,0.0,0.0,0.0,0.46165909615753614,0.0,0.0,0.0,0.0,0.0,0.0,0.0,0.0,0.0,0.0,0.0,0.1759189413120779,0.0,0.0,0.0,-0.7130400863542063,0.0,-0.13041790438689488,0.0,0.0,0.0,0.0,0.0,0.0,0.0,0.0,0.0,-0.13041772673816399,0.0,0.0,0.0,0.0,0.0,0.0,0.0,0.0,0.0,0.5575819754322272,0.0,0.0,0.0,0.0,0.0,0.0,0.0,0.0,0.0,0.0,0.0,0.0,0.0,0.0,0.0,0.0,1.9719296107467392,7.184526460990532
212,66616008,True,,25.0,quantile_glm,7890.191456060129,-3710.8054360724354,7812.424147963133,"[0, 5, 16, 1, 11, 14, 12, 38, 22, 26, 15, 13, 28, 18, 21, 42, 9, 3, 48, 10, 17, 19, 47, 49, 41, 52, 6, 32, 23, 4, 45, 33, 53, 54, 46, 51, 30, 7, 27, 24, 31, 25, 39, 40, 34, 43, 8, 50, 36, 44, 2]","[""Intercept"", ""xage"", ""child"", ""coins"", ""disea"", ""mdeoff"", ""physlm"", ""plan_11"", ""fmde"", ""xghindx"", ""pioff"", ""ghindx"", ""lnum"", ""lfam"", ""logc"", ""plan_16"", ""num"", ""black"", ""site_4"", ""mhi"", ""fchild"", ""lpi"", ""site_3"", ""site_5"", ""plan_15"", ""year_3"", ""female"", ""plan_5"", ""hlthg"", ""income"", ""plan_19"", ""plan_6"", ""year_4"", ""year_5"", ""site_2"", ""year_2"", ""plan_3"", ""educdec"", ""linc"", ""hlthf"", ""plan_4"", ""hlthp"", ""plan_13"", ""plan_14"", ""plan_7"", ""plan_17"", ""time"", ""site_6"", ""plan_9"", ""plan_18"", ""tookphys""]","[[5, 16, 1, 11, 38, 22, 13, 42, 3, 48, 10, 47, 49, 41, 52, 6, 32, 53, 54, 46, 51, 30, 7, 31, 34, 43, 50], [5, 16, 1, 11, 14, 12, 38, 26, 28, 18, 3, 19, 49, 50]]","[27, 14]",1190.578672170639,0.8674457233046672,0.1325542766953329,-2.384633129348411,0.03349993984007187,0.0,-0.03579656201959761,0.0,0.21274582923797203,0.15903772799562202,0.10770389843575519,0.0,0.0,-0.02303321791600653,0.06340957216229202,0.0,-0.10559697424948424,0.0,0.0,-0.060784142323504695,0.0,0.0,0.0,0.0,0.0,-0.09566099304597488,0.0,0.0,0.0,0.0,0.0,0.0,0.0,-0.11756002885039107,-0.08631211538270347,-0.10538520294276797,0.0,0.08968637557579939,0.0,0.0,0.0,0.17356366019433572,0.0,0.0,-0.3321857166716237,-0.2635803306885118,0.15658199654154148,0.0,0.0,-0.18793185677991997,0.031167944222620658,-0.45223606004240513,-0.22998293624354096,-0.4665505569609926,-0.13305521926917863,-0.4480549203773491,-1.0699623336141417,-1.085691108372445,0.3131615291597943,-0.5574326577708641,0.0,-0.31278050232122345,0.0,0.05479150324610532,0.0,0.0,0.0,0.0,0.0,0.22232847899409147,0.03573478267804091,0.0,0.021368870765322432,0.0,-0.40029531952020053,0.0,-0.09699392553517783,-0.06371540839280061,0.0,0.0,0.0,0.0,0.0,0.0,-0.29230846853720904,0.0,-0.09699530703151485,0.0,0.0,0.0,0.0,0.0,0.0,0.0,0.0,0.0,0.12948529411739068,0.0,0.0,0.0,0.0,0.0,0.0,0.0,0.0,0.0,0.0,-0.1580406797274925,0.5741748909120947,0.0,0.0,0.0,0.0,1.5196771533716427,4.570749305909568
213,592522223,True,,50.0,quantile_glm,7879.756423933488,-3787.3085416777285,7774.366090995902,"[0, 5, 16, 12, 11, 26, 13, 3, 28, 18, 17, 9, 14, 10, 47, 38, 22, 1, 49, 6, 21, 15, 42, 23, 41, 52, 19, 24, 27, 33, 45, 32, 48, 54, 34, 44, 53, 43, 4, 46, 50, 30, 2, 31, 7, 8, 37, 51, 25, 39, 35]","[""Intercept"", ""xage"", ""child"", ""physlm"", ""disea"", ""xghindx"", ""ghindx"", ""black"", ""lnum"", ""lfam"", ""fchild"", ""num"", ""mdeoff"", ""mhi"", ""site_3"", ""plan_11"", ""fmde"", ""coins"", ""site_5"", ""female"", ""logc"", ""pioff"", ""plan_16"", ""hlthg"", ""plan_15"", ""year_3"", ""lpi"", ""hlthf"", ""linc"", ""plan_6"", ""plan_19"", ""plan_5"", ""site_4"", ""year_5"", ""plan_7"", ""plan_18"", ""year_4"", ""plan_17"", ""income"", ""site_2"", ""site_6"", ""plan_3"", ""tookphys"", ""plan_4"", ""educdec"", ""time"", ""plan_10"", ""year_2"", ""hlthp"", ""plan_13"", ""plan_8""]","[[5, 16, 11, 3, 47, 22, 1, 6, 21, 42, 41, 48, 34, 43, 50], [16, 12, 11, 50]]","[15, 4]",1010.8274834156036,0.8221472927600648,0.1778527072399352,-2.2154251001596124,-0.025796870578706246,0.0,-0.10133662762797889,0.0,0.2160729441512027,0.16559161084250937,0.0,0.0,0.0,0.0,0.06383416479831854,0.0,0.0,0.0,0.0,-0.15424627389885365,0.0,0.0,0.0,0.0,-0.03564577279344096,-0.245642831806247,0.0,0.0,0.0,0.0,0.0,0.0,0.0,0.0,0.0,0.0,0.0,0.16155669116697496,0.0,0.0,0.0,0.0,0.0,0.0,-0.20933410716012482,-0.25691095784730883,0.11226901885744431,0.0,0.0,0.0,0.2280791368277753,-0.16290882706465482,0.0,-0.2382165270051898,0.0,0.0,0.0,0.0,0.3229765971003914,0.0,0.0,0.0,0.0,0.0,0.0,0.0,0.0,0.0,0.0,0.1480774459016699,0.2653588674776891,0.0,0.0,0.0,-0.7252979169868063,0.0,0.0,0.0,0.0,0.0,0.0,0.0,0.0,0.0,0.0,0.0,0.0,0.0,0.0,0.0,0.0,0.0,0.0,0.0,0.0,0.0,0.0,0.0,0.0,0.0,0.0,0.0,0.0,0.0,0.0,0.0,0.0,0.0,0.5302421486599713,0.0,0.0,0.0,0.0,1.7202106590168458,5.585705019473515
214,1268762640,True,,50.0,kmeans_glm,7788.333687369683,-3758.280338410862,7707.624944999541,"[0, 5, 16, 12, 1, 14, 26, 13, 38, 28, 18, 11, 9, 22, 3, 17, 15, 21, 49, 47, 42, 19, 10, 52, 24, 48, 41, 4, 32, 33, 45, 25, 23, 31, 6, 39, 54, 40, 51, 44, 46, 27, 36, 50, 29, 30, 2, 8, 37, 35, 7]","[""Intercept"", ""xage"", ""child"", ""physlm"", ""coins"", ""mdeoff"", ""xghindx"", ""ghindx"", ""plan_11"", ""lnum"", ""lfam"", ""disea"", ""num"", ""fmde"", ""black"", ""fchild"", ""pioff"", ""logc"", ""site_5"", ""site_3"", ""plan_16"", ""lpi"", ""mhi"", ""year_3"", ""hlthf"", ""site_4"", ""plan_15"", ""income"", ""plan_5"", ""plan_6"", ""plan_19"", ""hlthp"", ""hlthg"", ""plan_4"", ""female"", ""plan_13"", ""year_5"", ""plan_14"", ""year_2"", ""plan_18"", ""site_2"", ""linc"", ""plan_9"", ""site_6"", ""plan_2"", ""plan_3"", ""tookphys"", ""time"", ""plan_10"", ""plan_8"", ""educdec""]","[[5, 16, 12, 1, 38, 11, 3, 21, 47, 52, 48, 41, 6, 50, 35], [5, 12, 50]]","[15, 3]",1477.4192821979523,0.8350384558051611,0.16496154419483886,-2.2307392159143826,-0.1577205024605716,0.0,-0.11469806314701916,0.0,0.2541982417874641,0.07905553295737665,0.0,0.0,0.0,0.0,0.048673208646646274,0.046804908048756054,0.0,0.0,0.0,-0.06717583941159348,0.0,0.0,0.0,0.0,-0.2083732612319142,0.0,0.0,0.0,0.0,0.0,0.0,0.0,0.0,0.0,0.0,0.0,0.0,0.0,0.1001564659284183,0.0,0.0,0.06536638692758644,0.0,0.0,-0.1319800777837691,0.0,0.0,0.0,0.0,0.0,0.18512357074970248,-0.16316431258585712,0.0,-0.24039601748433057,0.0,-1.4360796733776615,0.0,0.0,0.3296979949425741,0.0,0.0,0.0,0.0,0.5635854037994833,0.0,0.0,0.0,0.0,0.0,0.0,0.24661373364843125,0.0,0.0,0.0,0.0,0.0,0.0,0.0,0.0,0.0,0.0,0.0,0.0,0.0,0.0,0.0,0.0,0.0,0.0,0.0,0.0,0.0,0.0,0.0,0.0,0.0,0.0,0.0,0.0,0.0,0.0,0.0,0.0,0.0,0.0,0.0,0.0,0.0,0.5484457883362215,0.0,0.0,0.0,0.0,2.004717405617416,7.423995620832518
215,499622245,True,,50.0,kmeans_glm,7495.2048957940115,-3612.784913607581,7425.318834855607,"[0, 16, 5, 12, 11, 3, 1, 28, 18, 38, 9, 22, 14, 21, 26, 13, 17, 10, 49, 42, 41, 6, 15, 48, 24, 19, 47, 33, 2, 51, 46, 52, 45, 4, 23, 31, 54, 34, 30, 32, 50, 37, 44, 27, 8, 40, 39, 36, 43, 29, 53]","[""Intercept"", ""child"", ""xage"", ""physlm"", ""disea"", ""black"", ""coins"", ""lnum"", ""lfam"", ""plan_11"", ""num"", ""fmde"", ""mdeoff"", ""logc"", ""xghindx"", ""ghindx"", ""fchild"", ""mhi"", ""site_5"", ""plan_16"", ""plan_15"", ""female"", ""pioff"", ""site_4"", ""hlthf"", ""lpi"", ""site_3"", ""plan_6"", ""tookphys"", ""year_2"", ""site_2"", ""year_3"", ""plan_19"", ""income"", ""hlthg"", ""plan_4"", ""year_5"", ""plan_7"", ""plan_3"", ""plan_5"", ""site_6"", ""plan_10"", ""plan_18"", ""linc"", ""time"", ""plan_14"", ""plan_13"", ""plan_9"", ""plan_17"", ""plan_2"", ""year_4""]","[[16, 5, 12, 11, 3, 1, 28, 18, 22, 21, 49, 6, 48, 47, 33, 34, 50, 43], [50]]","[18, 1]",1214.5288670063019,0.841686162305189,0.15831383769481097,-2.130056184216203,-0.1873401460525133,0.0,-0.03741898562961722,0.0,0.08381943327316485,0.15577181090675343,0.0,0.0,0.0,0.0,0.022518990900588134,0.12752915313635782,0.0,0.0,0.0,-0.2654448384921081,0.0,-0.02703729209402706,0.0,0.0,-0.17466399114082412,-0.09022287210880277,0.0,0.0,0.0,0.0,0.0,-0.027042655351038877,0.0,0.0,0.0,0.0,-0.09403272882454328,0.12223894439759155,0.0,0.0,0.0,0.0,0.0,0.0,0.0,0.0,0.09272250124128556,0.0,0.0,0.0,0.07349487523429046,-0.2493498378017552,-0.21256897247197015,-0.314553796027551,0.0,0.0,0.0,0.0,0.6667026601719629,0.0,0.0,0.0,0.0,0.0,0.0,0.0,0.0,0.0,0.0,0.0,0.0,0.0,0.0,0.0,0.0,0.0,0.0,0.0,0.0,0.0,0.0,0.0,0.0,0.0,0.0,0.0,0.0,0.0,0.0,0.0,0.0,0.0,0.0,0.0,0.0,0.0,0.0,0.0,0.0,0.0,0.0,0.0,0.0,0.0,0.0,0.0,0.0,0.0,0.4796766251783408,0.0,0.0,0.0,0.0,2.3221785216128388,10.197866396671936
216,1439327315,True,,50.0,quantile_glm,7934.321082037698,-3829.491858332457,7867.417463767987,"[0, 5, 16, 11, 3, 9, 28, 18, 14, 26, 22, 38, 13, 17, 12, 49, 47, 10, 1, 21, 6, 42, 48, 15, 52, 32, 25, 33, 19, 23, 24, 53, 31, 45, 46, 54, 27, 4, 2, 50, 44, 7, 41, 36, 37, 34, 8, 29, 30, 39, 51]","[""Intercept"", ""xage"", ""child"", ""disea"", ""black"", ""num"", ""lnum"", ""lfam"", ""mdeoff"", ""xghindx"", ""fmde"", ""plan_11"", ""ghindx"", ""fchild"", ""physlm"", ""site_5"", ""site_3"", ""mhi"", ""coins"", ""logc"", ""female"", ""plan_16"", ""site_4"", ""pioff"", ""year_3"", ""plan_5"", ""hlthp"", ""plan_6"", ""lpi"", ""hlthg"", ""hlthf"", ""year_4"", ""plan_4"", ""plan_19"", ""site_2"", ""year_5"", ""linc"", ""income"", ""tookphys"", ""site_6"", ""plan_18"", ""educdec"", ""plan_15"", ""plan_9"", ""plan_10"", ""plan_7"", ""time"", ""plan_2"", ""plan_3"", ""plan_13"", ""year_2""]","[[5, 16, 11, 3, 26, 22, 49, 47, 10, 21, 6, 42, 48, 52, 25, 31, 50, 34, 39], [50]]","[19, 1]",1387.521009683609,0.8360070871982072,0.16399291280179282,-2.189503172984641,0.0,0.0,-0.189763615485924,0.0,0.18219068684842676,0.17787000239488837,0.0,0.0,0.0,-0.06089127036346815,0.0872773278552051,0.0,0.0,0.0,0.0,-0.14802284463426627,0.0,0.0,0.0,0.0,0.07001669456010369,-0.35436519666117033,0.0,0.0,0.09626877427919855,-0.06385640271453584,0.0,0.0,0.0,0.0,-0.12140361252792367,0.0,0.0,0.09068106984503128,0.0,0.0,0.0,0.0,-0.15474897409920638,0.0,0.0,-0.254434446134793,0.0,0.0,0.0,0.0,0.11415491999951442,-0.16651103796352748,-0.1965499973857276,-0.1979897859249396,0.0,-0.8312151412899563,0.0,0.0,0.8203302483029669,0.0,0.0,0.0,0.0,0.0,0.0,0.0,0.0,0.0,0.0,0.0,0.0,0.0,0.0,0.0,0.0,0.0,0.0,0.0,0.0,0.0,0.0,0.0,0.0,0.0,0.0,0.0,0.0,0.0,0.0,0.0,0.0,0.0,0.0,0.0,0.0,0.0,0.0,0.0,0.0,0.0,0.0,0.0,0.0,0.0,0.0,0.0,0.0,0.0,0.43699900795282476,0.0,0.0,0.0,0.0,2.3248115111646364,10.224752652427533
217,1930305679,True,,25.0,quantile_glm,7836.353579913173,-3727.5734817921093,7776.482323701456,"[0, 5, 16, 11, 38, 22, 21, 14, 3, 28, 18, 9, 1, 17, 12, 26, 19, 49, 13, 15, 24, 10, 6, 48, 47, 41, 52, 34, 42, 32, 45, 23, 40, 46, 51, 33, 30, 7, 20, 36, 27, 39, 37, 54, 2, 43, 8, 35, 4, 31, 44]","[""Intercept"", ""xage"", ""child"", ""disea"", ""plan_11"", ""fmde"", ""logc"", ""mdeoff"", ""black"", ""lnum"", ""lfam"", ""num"", ""coins"", ""fchild"", ""physlm"", ""xghindx"", ""lpi"", ""site_5"", ""ghindx"", ""pioff"", ""hlthf"", ""mhi"", ""female"", ""site_4"", ""site_3"", ""plan_15"", ""year_3"", ""plan_7"", ""plan_16"", ""plan_5"", ""plan_19"", ""hlthg"", ""plan_14"", ""site_2"", ""year_2"", ""plan_6"", ""plan_3"", ""educdec"", ""idp"", ""plan_9"", ""linc"", ""plan_13"", ""plan_10"", ""year_5"", ""tookphys"", ""plan_17"", ""time"", ""plan_8"", ""income"", ""plan_4"", ""plan_18""]","[[5, 16, 11, 22, 21, 3, 9, 1, 24, 6, 48, 47, 52, 34, 42, 23, 46, 51, 30, 7, 54, 43, 8, 35], [16, 11, 38, 3, 9, 1, 26, 49, 23]]","[24, 9]",980.7753059864044,0.8426065506120476,0.1573934493879525,-2.2162830259739414,-0.03974367541033051,0.0,-0.20263528474731748,0.0,0.15648416918064462,0.1710177807550225,0.13976688717654107,0.809369883201146,0.12826130567293664,0.0,0.14010984445232186,0.0,0.0,0.0,0.0,-0.1966243256733215,0.0,0.0,0.0,0.0,0.022106867008988,-0.39584664052384505,-0.0903303977025462,0.06584500924013019,0.0,0.0,0.0,0.0,0.0,-0.12439814817889254,0.0,0.0,0.0,0.15858333430246022,0.08964858043681183,0.0,0.0,0.0,0.0,0.0,0.0,-0.1921100762792488,0.16655445344467965,0.0,0.0,0.06537957494524352,0.23720967069488888,-0.20840589184388375,0.0,0.0,-0.14543940004792233,-0.4079445398063717,0.0,-1.0895813964659395,0.16847186731747177,-0.1622679594180361,0.0,-0.32910831855644607,0.0,0.0,0.0,0.0,0.0,-0.286969090199688,0.0,0.20826624272004246,0.0,0.0,0.0,0.0,-0.41731978785774054,0.0,0.0,0.0,0.0,0.0,0.0,0.183592280708248,0.0,0.0,-0.1529635909067967,0.0,0.0,0.0,0.0,0.0,0.0,0.0,0.0,0.0,0.0,0.0,0.45397608527128896,0.0,0.0,0.0,0.0,0.0,0.0,0.0,0.0,0.0,0.0,-0.5402143766879379,0.0,0.0,0.0,0.0,0.0,1.8593546691972511,6.4195926735226125
218,162701443,True,,50.0,kmeans_glm,7919.332840014032,-3799.773693460203,7807.981134023479,"[0, 5, 16, 12, 11, 28, 18, 9, 38, 17, 22, 14, 21, 3, 1, 10, 4, 26, 49, 6, 13, 42, 47, 23, 27, 52, 15, 48, 45, 32, 51, 24, 19, 41, 54, 46, 29, 30, 36, 31, 33, 20, 37, 8, 40, 7, 25, 2, 50, 34, 39]","[""Intercept"", ""xage"", ""child"", ""physlm"", ""disea"", ""lnum"", ""lfam"", ""num"", ""plan_11"", ""fchild"", ""fmde"", ""mdeoff"", ""logc"", ""black"", ""coins"", ""mhi"", ""income"", ""xghindx"", ""site_5"", ""female"", ""ghindx"", ""plan_16"", ""site_3"", ""hlthg"", ""linc"", ""year_3"", ""pioff"", ""site_4"", ""plan_19"", ""plan_5"", ""year_2"", ""hlthf"", ""lpi"", ""plan_15"", ""year_5"", ""site_2"", ""plan_2"", ""plan_3"", ""plan_9"", ""plan_4"", ""plan_6"", ""idp"", ""plan_10"", ""time"", ""plan_14"", ""educdec"", ""hlthp"", ""tookphys"", ""site_6"", ""plan_7"", ""plan_13""]","[[5, 16, 11, 38, 22, 21, 1, 6, 42, 47, 48, 29, 31, 25, 50, 34], [16, 12, 11, 50]]","[16, 4]",1477.2221765518188,0.8279741364456328,0.17202586355436728,-2.1693641395917496,-0.08293771500649068,0.0,0.0,0.0,0.2871914197831328,0.1361797108129493,0.0,0.0,0.0,0.0,0.05446303083265623,0.0,0.0,0.0,0.0,-0.09339861665595786,0.0,0.0,0.0,0.0,0.038295354703462965,-0.2074789209135376,0.0,0.0,0.07490671278071492,0.0,0.0,0.0,0.14294390961225908,0.0,-0.11428696761222304,0.0,0.0,0.12234110198861488,0.0,0.0,0.0,0.1462529579003528,0.0,0.0,0.0,-0.1220346948148911,0.0,0.0,0.0,0.0,0.14706956440028773,-0.21976857540777972,0.0,-0.3561365978528811,0.0,0.0,0.0,0.0,0.4749229647391931,0.0,0.0,0.0,0.0,0.0,0.0,0.0,0.0,0.0,0.0,0.32039193692737294,0.18273985288836636,0.0,0.0,0.0,-0.6377833287332879,0.0,0.0,0.0,0.0,0.0,0.0,0.0,0.0,0.0,0.0,0.0,0.0,0.0,0.0,0.0,0.0,0.0,0.0,0.0,0.0,0.0,0.0,0.0,0.0,0.0,0.0,0.0,0.0,0.0,0.0,0.0,0.0,0.0,0.47349712525933146,0.0,0.0,0.0,0.0,2.0226673560852584,7.5584591711993205
219,624622067,True,,50.0,quantile_glm,8152.46858657463,-3937.0915949923383,8056.562718699865,"[0, 5, 16, 28, 18, 9, 12, 11, 1, 26, 10, 14, 13, 42, 38, 22, 3, 21, 49, 17, 47, 48, 24, 15, 41, 52, 51, 43, 2, 45, 6, 25, 4, 54, 23, 27, 7, 32, 30, 39, 19, 46, 50, 36, 35, 29, 33, 20, 40, 53, 8]","[""Intercept"", ""xage"", ""child"", ""lnum"", ""lfam"", ""num"", ""physlm"", ""disea"", ""coins"", ""xghindx"", ""mhi"", ""mdeoff"", ""ghindx"", ""plan_16"", ""plan_11"", ""fmde"", ""black"", ""logc"", ""site_5"", ""fchild"", ""site_3"", ""site_4"", ""hlthf"", ""pioff"", ""plan_15"", ""year_3"", ""year_2"", ""plan_17"", ""tookphys"", ""plan_19"", ""female"", ""hlthp"", ""income"", ""year_5"", ""hlthg"", ""linc"", ""educdec"", ""plan_5"", ""plan_3"", ""plan_13"", ""lpi"", ""site_2"", ""site_6"", ""plan_9"", ""plan_8"", ""plan_2"", ""plan_6"", ""idp"", ""plan_14"", ""year_4"", ""time""]","[[5, 16, 1, 10, 42, 21, 47, 48, 24, 43, 6, 25, 7, 50, 29], [5, 50]]","[15, 2]",1205.4804739952087,0.833681935233982,0.16631806476601793,-2.0579778876250385,-0.16671483135932502,0.0,0.0,0.0,0.28476401163574133,0.11529528109514137,0.13883559022366732,0.0,0.0,-0.08299762984510456,0.0,0.0,0.0,0.0,0.0,-0.06678381586990624,0.0,0.0,0.0,0.0,-0.247357099467981,0.0,0.0,0.09277677517807312,0.10255548797245777,0.0,0.0,0.0,0.10974527653980247,0.0,0.0,0.0,0.0,0.0,0.0,0.0,0.0,0.0,0.0,0.0,0.0,-0.12955738377063739,0.1402269798703384,0.0,0.0,0.0,0.15522463632602915,-0.12520582664593294,0.0,-0.3155498217997576,0.0,0.0,0.0,0.0,0.5939949491643484,0.0,0.0,0.0,0.0,0.5056076488346619,0.0,0.0,0.0,0.0,0.0,0.0,0.0,0.0,0.0,0.0,0.0,0.0,0.0,0.0,0.0,0.0,0.0,0.0,0.0,0.0,0.0,0.0,0.0,0.0,0.0,0.0,0.0,0.0,0.0,0.0,0.0,0.0,0.0,0.0,0.0,0.0,0.0,0.0,0.0,0.0,0.0,0.0,0.0,0.0,0.5809580174193426,0.0,0.0,0.0,0.0,1.9936815395305754,7.342515826334796
220,1064391952,True,,50.0,kmeans_glm,7944.849533053067,-3852.539517753396,7896.143303684609,"[0, 5, 16, 12, 9, 11, 17, 28, 18, 14, 3, 38, 22, 1, 26, 10, 49, 13, 24, 21, 48, 25, 6, 23, 46, 33, 42, 47, 52, 27, 15, 44, 54, 32, 30, 53, 4, 39, 7, 50, 19, 51, 37, 45, 35, 34, 2, 36, 29, 43, 31]","[""Intercept"", ""xage"", ""child"", ""physlm"", ""num"", ""disea"", ""fchild"", ""lnum"", ""lfam"", ""mdeoff"", ""black"", ""plan_11"", ""fmde"", ""coins"", ""xghindx"", ""mhi"", ""site_5"", ""ghindx"", ""hlthf"", ""logc"", ""site_4"", ""hlthp"", ""female"", ""hlthg"", ""site_2"", ""plan_6"", ""plan_16"", ""site_3"", ""year_3"", ""linc"", ""pioff"", ""plan_18"", ""year_5"", ""plan_5"", ""plan_3"", ""year_4"", ""income"", ""plan_13"", ""educdec"", ""site_6"", ""lpi"", ""year_2"", ""plan_10"", ""plan_19"", ""plan_8"", ""plan_7"", ""tookphys"", ""plan_9"", ""plan_2"", ""plan_17"", ""plan_4""]","[[5, 16, 12, 11, 3, 38, 22, 10, 24, 48, 25, 6, 47, 7, 50, 34, 29, 43], []]","[18, 0]",827.5118622779846,0.838289793447477,0.161710206552523,-2.0426452092445553,0.0,0.0,-0.09754787567452737,0.0,0.2712787111375822,0.11409759447679325,0.11760896427147535,0.0,0.0,-0.06340358581105127,-0.012801879145604452,0.09697680978823142,0.0,0.0,0.0,-0.12044493227828675,0.0,0.0,0.0,0.0,0.0,-0.07523073812754799,0.0,0.10976450055402957,0.08243440221373266,0.0,0.0,0.0,0.1175816683687138,0.0,0.0,0.0,0.0,0.1299365729680336,0.0,0.0,0.0,0.24432091691981966,0.0,0.0,0.0,0.0,0.1198958201046494,0.0,0.0,0.0,0.13413745911973288,-0.19785566116457554,0.0,-0.24384295610041432,0.0,0.0,0.0,0.0,0.9290768054552683,0.0,0.0,0.0,0.0,0.0,0.0,0.0,0.0,0.0,0.0,0.0,0.0,0.0,0.0,0.0,0.0,0.0,0.0,0.0,0.0,0.0,0.0,0.0,0.0,0.0,0.0,0.0,0.0,0.0,0.0,0.0,0.0,0.0,0.0,0.0,0.0,0.0,0.0,0.0,0.0,0.0,0.0,0.0,0.0,0.0,0.0,0.0,0.0,0.0,0.0,0.0,0.0,0.0,0.0,2.3861689040705194,10.871763288931009
221,106009736,True,,50.0,kmeans_glm,7902.241655425162,-3826.0947585618305,7843.253785301478,"[0, 5, 16, 11, 22, 38, 21, 9, 1, 28, 18, 14, 12, 3, 26, 15, 13, 17, 19, 42, 10, 41, 6, 48, 52, 25, 2, 45, 49, 24, 43, 4, 47, 44, 53, 33, 54, 40, 27, 32, 51, 31, 29, 46, 8, 37, 30, 34, 36, 7, 50]","[""Intercept"", ""xage"", ""child"", ""disea"", ""fmde"", ""plan_11"", ""logc"", ""num"", ""coins"", ""lnum"", ""lfam"", ""mdeoff"", ""physlm"", ""black"", ""xghindx"", ""pioff"", ""ghindx"", ""fchild"", ""lpi"", ""plan_16"", ""mhi"", ""plan_15"", ""female"", ""site_4"", ""year_3"", ""hlthp"", ""tookphys"", ""plan_19"", ""site_5"", ""hlthf"", ""plan_17"", ""income"", ""site_3"", ""plan_18"", ""year_4"", ""plan_6"", ""year_5"", ""plan_14"", ""linc"", ""plan_5"", ""year_2"", ""plan_4"", ""plan_2"", ""site_2"", ""time"", ""plan_10"", ""plan_3"", ""plan_7"", ""plan_9"", ""educdec"", ""site_6""]","[[5, 16, 11, 22, 21, 1, 3, 6, 48, 25, 2, 43, 4, 47, 29, 46, 34, 50], []]","[18, 0]",1084.9380223751068,0.8336934390673726,0.16630656093262744,-2.139375745183568,-0.17022083124552684,0.09575152408976335,-0.10035938839944417,0.06545420112186891,0.16574364761220747,0.17553944345660943,0.0,0.0,0.0,0.0,0.0634377294190192,0.0,0.0,0.0,0.0,-0.1755160576736611,0.0,0.0,0.0,0.0,0.13104511306087388,-0.4559656165321344,0.0,0.0,0.10188600889525784,0.0,0.0,0.0,0.09112509433680333,0.0,0.0,0.0,0.0,0.1059339554669432,0.0,0.0,0.0,0.0,0.0,0.0,0.0,0.0,0.19915323399601081,0.0,0.0,-0.14317802437503924,0.04891553002961001,-0.20627440734051777,0.0,-0.5133657595387704,0.0,0.0,0.0,0.0,0.9253100837741504,0.0,0.0,0.0,0.0,0.0,0.0,0.0,0.0,0.0,0.0,0.0,0.0,0.0,0.0,0.0,0.0,0.0,0.0,0.0,0.0,0.0,0.0,0.0,0.0,0.0,0.0,0.0,0.0,0.0,0.0,0.0,0.0,0.0,0.0,0.0,0.0,0.0,0.0,0.0,0.0,0.0,0.0,0.0,0.0,0.0,0.0,0.0,0.0,0.0,0.0,0.0,0.0,0.0,0.0,2.3125569755650237,10.100217674695504
222,706840524,True,,100.0,kmeans_glm,7487.486863461654,-3677.171249263446,7432.505153690545,"[0, 5, 16, 12, 28, 18, 11, 9, 26, 17, 13, 3, 1, 10, 4, 42, 49, 48, 47, 22, 14, 21, 38, 24, 41, 52, 27, 7, 45, 51, 23, 19, 15, 30, 46, 54, 36, 20, 43, 39, 29, 6, 31, 34, 25, 40, 8, 37, 32, 2, 53]","[""Intercept"", ""xage"", ""child"", ""physlm"", ""lnum"", ""lfam"", ""disea"", ""num"", ""xghindx"", ""fchild"", ""ghindx"", ""black"", ""coins"", ""mhi"", ""income"", ""plan_16"", ""site_5"", ""site_4"", ""site_3"", ""fmde"", ""mdeoff"", ""logc"", ""plan_11"", ""hlthf"", ""plan_15"", ""year_3"", ""linc"", ""educdec"", ""plan_19"", ""year_2"", ""hlthg"", ""lpi"", ""pioff"", ""plan_3"", ""site_2"", ""year_5"", ""plan_9"", ""idp"", ""plan_17"", ""plan_13"", ""plan_2"", ""female"", ""plan_4"", ""plan_7"", ""hlthp"", ""plan_14"", ""time"", ""plan_10"", ""plan_5"", ""tookphys"", ""year_4""]","[[5, 16, 11, 47, 21], []]","[5, 0]",825.1218771934509,0.849428959424813,0.15057104057518694,-2.059193167328637,0.0,0.0,0.0,0.0,0.23032917700232167,0.0,0.0,0.0,0.0,0.0,0.14505930541028228,0.0,0.0,0.0,0.0,-0.18040850664405694,0.0,0.0,0.0,0.0,-0.3004673189690973,0.0,0.0,0.0,0.0,0.0,0.0,0.0,0.0,0.0,0.0,0.0,0.0,0.0,0.0,0.0,0.0,0.0,0.0,0.0,0.0,0.0,0.0,0.0,0.0,0.0,0.2150105529115322,0.0,0.0,0.0,0.0,0.0,0.0,0.0,0.8375683132602727,0.0,0.0,0.0,0.0,0.0,0.0,0.0,0.0,0.0,0.0,0.0,0.0,0.0,0.0,0.0,0.0,0.0,0.0,0.0,0.0,0.0,0.0,0.0,0.0,0.0,0.0,0.0,0.0,0.0,0.0,0.0,0.0,0.0,0.0,0.0,0.0,0.0,0.0,0.0,0.0,0.0,0.0,0.0,0.0,0.0,0.0,0.0,0.0,0.0,0.0,0.0,0.0,0.0,0.0,2.282848755482573,9.804571490018855
223,1292921976,True,,50.0,quantile_glm,7935.967709874917,-3870.4668418471983,7923.3132124095855,"[0, 5, 16, 12, 11, 28, 18, 3, 9, 38, 22, 47, 14, 21, 17, 48, 26, 1, 25, 13, 42, 6, 10, 2, 52, 49, 46, 15, 33, 4, 27, 41, 45, 23, 19, 32, 50, 7, 24, 54, 44, 43, 51, 36, 30, 29, 53, 8, 31, 20, 34]","[""Intercept"", ""xage"", ""child"", ""physlm"", ""disea"", ""lnum"", ""lfam"", ""black"", ""num"", ""plan_11"", ""fmde"", ""site_3"", ""mdeoff"", ""logc"", ""fchild"", ""site_4"", ""xghindx"", ""coins"", ""hlthp"", ""ghindx"", ""plan_16"", ""female"", ""mhi"", ""tookphys"", ""year_3"", ""site_5"", ""site_2"", ""pioff"", ""plan_6"", ""income"", ""linc"", ""plan_15"", ""plan_19"", ""hlthg"", ""lpi"", ""plan_5"", ""site_6"", ""educdec"", ""hlthf"", ""year_5"", ""plan_18"", ""plan_17"", ""year_2"", ""plan_9"", ""plan_3"", ""plan_2"", ""year_4"", ""time"", ""plan_4"", ""idp"", ""plan_7""]","[[5, 16, 12, 11, 3, 38, 47, 21, 48, 25, 42, 6, 10, 50, 43, 29], [5]]","[16, 1]",1655.8123662471771,0.8274400452954725,0.17255995470452754,-2.4950371913903147,0.0,0.0,-0.14217920508024615,0.0,0.29681517286232034,0.18177800934083488,0.0,0.0,0.0,-0.08456432604763262,0.006230049537508407,0.049599107288096765,0.0,0.0,0.0,-0.09727411312736453,0.0,0.0,0.0,0.0,-0.1302824916087292,0.0,0.0,0.0,0.07431556565712907,0.0,0.0,0.0,0.07192519380073327,0.0,0.0,0.0,0.0,0.0,0.0,0.0,0.0,0.2166849353895537,0.0,0.0,0.0,-1.8687354871161546,0.13352172585293642,0.0,0.0,0.0,0.14251361269558463,-0.2908067708949755,0.0,-0.29248247628299306,0.0,0.0,0.0,0.0,0.6528095735961291,0.0,0.0,0.0,0.0,0.6473999740404841,0.0,0.0,0.0,0.0,0.0,0.0,0.0,0.0,0.0,0.0,0.0,0.0,0.0,0.0,0.0,0.0,0.0,0.0,0.0,0.0,0.0,0.0,0.0,0.0,0.0,0.0,0.0,0.0,0.0,0.0,0.0,0.0,0.0,0.0,0.0,0.0,0.0,0.0,0.0,0.0,0.0,0.0,0.0,0.0,0.0,0.0,0.0,0.0,0.0,2.137712874527339,8.48002056168044
224,246473686,True,,25.0,quantile_glm,7804.75915396623,-3680.808527932255,7743.745592220143,"[0, 5, 16, 12, 11, 26, 13, 1, 38, 14, 3, 22, 21, 28, 18, 17, 9, 10, 15, 49, 42, 6, 24, 47, 19, 52, 40, 48, 41, 4, 46, 31, 25, 33, 36, 54, 30, 23, 27, 2, 45, 32, 37, 35, 8, 29, 7, 50, 20, 51, 39]","[""Intercept"", ""xage"", ""child"", ""physlm"", ""disea"", ""xghindx"", ""ghindx"", ""coins"", ""plan_11"", ""mdeoff"", ""black"", ""fmde"", ""logc"", ""lnum"", ""lfam"", ""fchild"", ""num"", ""mhi"", ""pioff"", ""site_5"", ""plan_16"", ""female"", ""hlthf"", ""site_3"", ""lpi"", ""year_3"", ""plan_14"", ""site_4"", ""plan_15"", ""income"", ""site_2"", ""plan_4"", ""hlthp"", ""plan_6"", ""plan_9"", ""year_5"", ""plan_3"", ""hlthg"", ""linc"", ""tookphys"", ""plan_19"", ""plan_5"", ""plan_10"", ""plan_8"", ""time"", ""plan_2"", ""educdec"", ""site_6"", ""idp"", ""year_2"", ""plan_13""]","[[5, 16, 12, 11, 13, 1, 3, 21, 10, 15, 49, 6, 24, 47, 52, 48, 46, 31, 25, 33, 36, 54, 30, 2, 35, 29, 50, 39], [5, 16, 12, 11, 13, 1, 38, 3, 9, 48, 46, 50]]","[28, 12]",1121.2826731204987,0.813222626864245,0.1867773731357551,-2.7104293078266166,-0.34276629652559215,0.060401029261604955,-0.11336330678859097,0.0,0.03478960629561311,0.17145078837644645,0.0,0.0,0.0,0.002205446132923967,0.06714661767886387,0.08878566240952677,-0.10473182843359359,0.0,0.14121337941022621,-0.2423101527847121,0.0,0.0,0.0,0.0,-0.10998319601704083,0.0,0.0,0.045017154303961214,0.09457904051591519,0.0,0.0,0.0,0.132942568100375,-0.03374989812935344,-0.9616330109637778,0.0,-0.18154081952854914,0.0,0.038905671961183184,-0.899087922515846,0.0,0.0,-0.19309658166354696,0.0,0.0,0.0,0.0,0.0,0.0,-0.17054960236978176,0.006486662018756556,-0.26638322600760206,-0.18095078661431663,-0.49614695741423764,0.0,-1.777744681788586,0.0,-1.0589355930498638,-0.15195628016144025,-0.5447199907833077,0.0,-0.6731997847980905,0.0,0.2014467511275782,0.0,0.0,0.0,-0.23414019548604884,0.0,0.12844709188172423,0.13325518089589758,-0.23927151286929663,0.0,0.0,-0.356360680947909,0.0,0.0,0.0,0.0,0.0,0.0,0.0,0.0,0.0,0.0,0.0,0.0,0.0,0.0,0.0,0.0,0.0,0.0,0.0,0.0,0.0,0.26452004287961006,0.0,0.0,0.0,0.0,0.0,0.0,0.0,0.033999664083111,0.0,-0.20282972075157557,0.0,0.4094559914830381,0.0,0.0,0.0,0.0,1.4137996393101742,4.111548161905297
225,1311490894,True,,50.0,quantile_glm,7583.4633570418255,-3667.298870515688,7516.977269746565,"[0, 5, 16, 12, 21, 38, 22, 3, 14, 1, 9, 28, 18, 26, 13, 17, 11, 42, 10, 15, 48, 4, 52, 33, 49, 19, 41, 39, 25, 51, 20, 34, 40, 30, 6, 47, 27, 23, 29, 46, 45, 54, 32, 36, 2, 53, 43, 24, 8, 44, 31]","[""Intercept"", ""xage"", ""child"", ""physlm"", ""logc"", ""plan_11"", ""fmde"", ""black"", ""mdeoff"", ""coins"", ""num"", ""lnum"", ""lfam"", ""xghindx"", ""ghindx"", ""fchild"", ""disea"", ""plan_16"", ""mhi"", ""pioff"", ""site_4"", ""income"", ""year_3"", ""plan_6"", ""site_5"", ""lpi"", ""plan_15"", ""plan_13"", ""hlthp"", ""year_2"", ""idp"", ""plan_7"", ""plan_14"", ""plan_3"", ""female"", ""site_3"", ""linc"", ""hlthg"", ""plan_2"", ""site_2"", ""plan_19"", ""year_5"", ""plan_5"", ""plan_9"", ""tookphys"", ""year_4"", ""plan_17"", ""hlthf"", ""time"", ""plan_18"", ""plan_4""]","[[5, 12, 21, 3, 1, 10, 48, 33, 25, 34, 30, 6, 47, 23, 29, 43], [12]]","[16, 1]",1057.7997870445251,0.8358988220538268,0.16410117794617313,-2.111604586627712,-0.10727982951312881,0.0,-0.25078385303025535,0.0,0.34249189964312576,0.17847643680316222,0.0,0.0,0.0,-0.04659855260907492,0.0,0.06756351285084461,0.0,0.0,0.0,0.0,0.0,0.0,0.0,0.0,-0.3275334937816379,0.0,-0.11630631242258897,0.0,0.04027643710265849,0.0,0.0,0.0,0.11063702584781232,-0.10191065750821429,0.0,0.0,-0.19086985401328452,0.11454454360831223,0.0,0.0,0.0,0.0,0.0,0.0,0.0,0.0,0.13446339906339605,0.0,0.0,0.0,0.13136929672825629,-0.22031642062074322,0.0,0.0,0.0,0.0,0.0,0.0,0.5942378885989119,0.0,0.0,0.0,0.0,0.0,0.0,0.0,0.0,0.0,0.0,0.0,0.4180448299352621,0.0,0.0,0.0,0.0,0.0,0.0,0.0,0.0,0.0,0.0,0.0,0.0,0.0,0.0,0.0,0.0,0.0,0.0,0.0,0.0,0.0,0.0,0.0,0.0,0.0,0.0,0.0,0.0,0.0,0.0,0.0,0.0,0.0,0.0,0.0,0.0,0.0,0.0,0.0,0.0,0.0,0.0,2.2248231488670793,9.251846459688489
226,1825538637,True,,25.0,kmeans_glm,8003.885096003444,-3814.70203885641,7959.424177292685,"[0, 5, 16, 11, 12, 28, 18, 9, 3, 38, 22, 14, 21, 1, 26, 13, 17, 6, 10, 49, 15, 52, 48, 42, 47, 19, 2, 46, 45, 24, 25, 32, 51, 41, 54, 30, 37, 40, 7, 44, 4, 36, 33, 31, 29, 8, 34, 23, 27, 20, 50]","[""Intercept"", ""xage"", ""child"", ""disea"", ""physlm"", ""lnum"", ""lfam"", ""num"", ""black"", ""plan_11"", ""fmde"", ""mdeoff"", ""logc"", ""coins"", ""xghindx"", ""ghindx"", ""fchild"", ""female"", ""mhi"", ""site_5"", ""pioff"", ""year_3"", ""site_4"", ""plan_16"", ""site_3"", ""lpi"", ""tookphys"", ""site_2"", ""plan_19"", ""hlthf"", ""hlthp"", ""plan_5"", ""year_2"", ""plan_15"", ""year_5"", ""plan_3"", ""plan_10"", ""plan_14"", ""educdec"", ""plan_18"", ""income"", ""plan_9"", ""plan_6"", ""plan_4"", ""plan_2"", ""time"", ""plan_7"", ""hlthg"", ""linc"", ""idp"", ""site_6""]","[[5, 16, 11, 3, 22, 21, 1, 6, 10, 49, 52, 48, 47, 19, 2, 45, 25, 41, 54, 29, 34, 23, 50], [5, 16, 11, 12, 28, 18, 3, 38, 1, 49, 50]]","[23, 11]",1399.46267080307,0.8184164587330315,0.18158354126696852,-2.613464040851293,-0.2619705752060886,0.0965964678326349,-0.04897927496389781,0.0,0.2953202892951951,0.10814262697933068,0.0,0.0,0.0,-0.03433629496765061,0.06055816491074532,0.0,0.0,0.0,0.0,-0.08560519848932946,0.0,0.0,0.08630528908396268,0.0,-0.06030916133746804,-0.19911867620072238,-0.072016269492498,0.0,0.042372959489795976,0.0,0.0,0.0,0.12264964550169072,0.0,0.0,0.0,0.0,0.11898130363231932,0.0,0.0,0.0,0.0,0.0,0.0,-0.10266124281653288,0.0,0.0,0.0,-1.1661101247760894,0.0,0.10707338542419485,-0.2825298538276356,-0.11070849129692428,-0.4483998347723916,0.0,-1.5957425587142697,0.0,-1.0218718527735355,0.23478155682819946,-0.2155241013318366,0.0,-0.5650450121054962,0.0,0.016557137342984595,0.0,0.0,0.0,0.0,0.0,0.2906404802944221,0.18575769161108135,0.0,0.0,0.0,-0.5995346775172065,0.0,-0.09512414325462926,0.0,0.0,0.0,0.0,0.0,0.0,0.0,0.0,0.0,-0.09512389399979969,0.0,0.0,0.0,0.0,0.0,0.0,0.0,0.0,0.0,0.27403251494666253,0.0,0.0,0.0,0.0,0.0,0.0,0.0,0.0,0.0,0.0,-0.18063761937833717,0.5149931431568436,0.0,0.0,0.0,0.0,1.8769658379222847,6.533650602015573
227,2078296439,True,,25.0,quantile_glm,7726.0575332748895,-3667.3603548774563,7656.05606987215,"[0, 5, 16, 28, 18, 9, 3, 12, 11, 26, 14, 13, 1, 38, 22, 17, 2, 21, 42, 10, 6, 24, 15, 49, 41, 25, 52, 47, 45, 19, 51, 48, 33, 53, 23, 35, 32, 39, 54, 37, 30, 36, 27, 4, 50, 20, 31, 43, 8, 7, 44]","[""Intercept"", ""xage"", ""child"", ""lnum"", ""lfam"", ""num"", ""black"", ""physlm"", ""disea"", ""xghindx"", ""mdeoff"", ""ghindx"", ""coins"", ""plan_11"", ""fmde"", ""fchild"", ""tookphys"", ""logc"", ""plan_16"", ""mhi"", ""female"", ""hlthf"", ""pioff"", ""site_5"", ""plan_15"", ""hlthp"", ""year_3"", ""site_3"", ""plan_19"", ""lpi"", ""year_2"", ""site_4"", ""plan_6"", ""year_4"", ""hlthg"", ""plan_8"", ""plan_5"", ""plan_13"", ""year_5"", ""plan_10"", ""plan_3"", ""plan_9"", ""linc"", ""income"", ""site_6"", ""idp"", ""plan_4"", ""plan_17"", ""time"", ""educdec"", ""plan_18""]","[[5, 16, 3, 11, 1, 22, 2, 42, 6, 15, 41, 25, 52, 47, 48, 53, 35, 54, 30, 50, 43], [16, 28, 18, 9, 3, 12, 11, 26, 1, 38, 2, 50]]","[21, 12]",1952.9093511104584,0.8641791547139491,0.13582084528605082,-2.348032734464695,-0.0855485643991048,0.05491266274340448,-0.11129256522179164,0.0,0.2607417086838653,0.1434667516349274,0.0,0.0,0.0,0.0,0.058148695369752444,0.0,0.0,0.0,0.15440237490456676,-0.05434015239322021,0.0,0.0,0.0,0.0,0.0,-0.3374663651916544,0.0,0.0,0.0530784498813558,0.0,0.0,0.0,0.0,-0.09360332592871441,0.0,0.0,0.0,0.0,0.1010169595307177,0.0,0.0,0.0,0.0,0.0,-0.10338756631662324,-0.2083895956405567,0.12686772816516778,0.0,0.0,0.0,0.15650385604561592,-0.16294975913570858,0.0,-0.3941934213436558,0.0,-0.17829805541403307,-1.0538017373777566,-1.059178469425722,0.08995285923091978,-0.31439274455458804,0.17704299015828895,-0.9901035978780156,0.0,0.0,0.0,0.0,0.0,-0.24070103577385268,0.0,0.16925269973511073,0.09533189483281647,0.0,0.0,0.0,-0.39404319326958276,0.0,-0.083610094743821,0.0,0.0,0.0,0.0,0.0,0.0,0.0,-0.3411368786510663,0.0,-0.08361070348822217,0.0,0.0,0.0,0.0,0.0,0.0,0.0,0.0,0.0,0.1347304362162151,0.0,0.0,0.0,0.0,0.0,0.0,0.0,0.0,0.0,0.0,0.0,0.6904581686224933,0.0,0.0,0.0,0.0,1.4010046217187475,4.059275955875972
228,760280125,True,,50.0,quantile_glm,7781.306142150639,-3731.1725574111824,7670.778861925438,"[0, 5, 16, 12, 38, 22, 21, 14, 28, 18, 9, 11, 26, 1, 17, 13, 3, 10, 15, 47, 49, 48, 24, 19, 33, 4, 52, 42, 40, 41, 51, 25, 37, 32, 6, 27, 45, 53, 2, 54, 29, 36, 23, 31, 43, 34, 35, 50, 7, 46, 8]","[""Intercept"", ""xage"", ""child"", ""physlm"", ""plan_11"", ""fmde"", ""logc"", ""mdeoff"", ""lnum"", ""lfam"", ""num"", ""disea"", ""xghindx"", ""coins"", ""fchild"", ""ghindx"", ""black"", ""mhi"", ""pioff"", ""site_3"", ""site_5"", ""site_4"", ""hlthf"", ""lpi"", ""plan_6"", ""income"", ""year_3"", ""plan_16"", ""plan_14"", ""plan_15"", ""year_2"", ""hlthp"", ""plan_10"", ""plan_5"", ""female"", ""linc"", ""plan_19"", ""year_4"", ""tookphys"", ""year_5"", ""plan_2"", ""plan_9"", ""hlthg"", ""plan_4"", ""plan_17"", ""plan_7"", ""plan_8"", ""site_6"", ""educdec"", ""site_2"", ""time""]","[[5, 16, 22, 21, 1, 3, 10, 47, 48, 24, 6, 29, 34, 50], [5, 16, 12, 28, 18, 50]]","[14, 6]",1151.3768503665924,0.839409399445607,0.16059060055439292,-2.0811410443322442,-0.16496176290916564,0.0,-0.10046549968619102,0.0,0.2715464203521188,0.09833305981643033,0.0,0.0,0.0,-0.08296326523498972,0.0,0.0,0.0,0.0,0.0,-0.04860487517887428,0.0,0.0,0.0,0.0,-0.18664631391794737,-0.13692349095075715,0.0,0.07769385346902406,0.0,0.0,0.0,0.0,0.11587862109259697,0.0,0.0,0.0,0.0,0.12490941288812103,0.0,0.0,0.0,0.0,0.0,0.0,0.0,0.0,0.0,0.0,0.0,0.0,0.1663353010546129,-0.2614082763103474,0.0,-0.2500550846620296,0.0,0.0,0.0,0.0,0.20706393444303967,0.0,0.0,0.0,0.0,-0.017599370873021197,0.0,0.0,0.0,0.0,0.0,0.0,0.2694559825120585,0.0,0.0,0.0,-0.6077937730018544,0.0,-0.2107524062464814,0.0,0.0,0.0,0.0,0.0,0.0,0.0,0.0,0.0,-0.2107527445207082,0.0,0.0,0.0,0.0,0.0,0.0,0.0,0.0,0.0,0.0,0.0,0.0,0.0,0.0,0.0,0.0,0.0,0.0,0.0,0.0,0.0,0.6618169576083082,0.0,0.0,0.0,0.0,1.9074192380903983,6.73568315376101
229,986634727,True,,50.0,quantile_glm,8032.825688673449,-3875.582271984078,7942.228812145973,"[0, 5, 16, 11, 28, 18, 9, 12, 38, 13, 3, 22, 26, 17, 14, 21, 1, 24, 15, 10, 6, 49, 47, 42, 41, 32, 52, 33, 19, 51, 45, 46, 7, 2, 4, 25, 48, 40, 36, 54, 31, 30, 50, 37, 35, 53, 29, 27, 23, 34, 43]","[""Intercept"", ""xage"", ""child"", ""disea"", ""lnum"", ""lfam"", ""num"", ""physlm"", ""plan_11"", ""ghindx"", ""black"", ""fmde"", ""xghindx"", ""fchild"", ""mdeoff"", ""logc"", ""coins"", ""hlthf"", ""pioff"", ""mhi"", ""female"", ""site_5"", ""site_3"", ""plan_16"", ""plan_15"", ""plan_5"", ""year_3"", ""plan_6"", ""lpi"", ""year_2"", ""plan_19"", ""site_2"", ""educdec"", ""tookphys"", ""income"", ""hlthp"", ""site_4"", ""plan_14"", ""plan_9"", ""year_5"", ""plan_4"", ""plan_3"", ""site_6"", ""plan_10"", ""plan_8"", ""year_4"", ""plan_2"", ""linc"", ""hlthg"", ""plan_7"", ""plan_17""]","[[5, 16, 11, 3, 22, 21, 1, 10, 6, 47, 48, 50, 35, 29, 34, 43], [16, 11]]","[16, 2]",1561.4553983211517,0.8670783631631487,0.1329216368368514,-2.13398994172314,-0.18222956387606576,0.0,-0.10851982883996031,0.0,0.20358356606853,0.12448093626388318,0.0,0.0,0.0,-0.06123952731793926,0.04414807463063058,0.0,0.0,0.0,0.0,-0.21834124371086713,0.0,0.0,0.0,0.0,-0.035596861155400616,-0.2947535072903538,0.0,0.0,0.0,0.0,0.0,0.0,0.09815510606656142,0.0,0.0,0.0,0.0,0.1726978458538162,0.06773529638228894,0.0,0.0,0.0,0.0,0.0,0.0,0.0,0.158209146847489,0.0,0.0,0.0,0.1347373008841006,-0.16644790572471477,0.0,-0.30640046667550597,0.0,0.0,0.0,0.0,0.8514940718342018,0.0,0.0,0.0,0.0,0.0,0.0,0.0,0.0,0.0,0.0,0.38698761416676014,0.0,0.0,0.0,0.0,-0.5509998471191749,0.0,0.0,0.0,0.0,0.0,0.0,0.0,0.0,0.0,0.0,0.0,0.0,0.0,0.0,0.0,0.0,0.0,0.0,0.0,0.0,0.0,0.0,0.0,0.0,0.0,0.0,0.0,0.0,0.0,0.0,0.0,0.0,0.0,0.0,0.0,0.0,0.0,0.0,1.8105989026197076,6.114108091285089
230,938806124,True,,50.0,kmeans_glm,7781.587101341129,-3748.471648738561,7688.007565654939,"[0, 5, 16, 12, 11, 28, 18, 9, 26, 38, 17, 22, 13, 14, 21, 1, 3, 10, 15, 19, 48, 46, 41, 25, 49, 6, 24, 45, 32, 42, 52, 33, 47, 23, 54, 4, 30, 34, 8, 37, 51, 40, 29, 44, 36, 2, 27, 43, 35, 50, 39]","[""Intercept"", ""xage"", ""child"", ""physlm"", ""disea"", ""lnum"", ""lfam"", ""num"", ""xghindx"", ""plan_11"", ""fchild"", ""fmde"", ""ghindx"", ""mdeoff"", ""logc"", ""coins"", ""black"", ""mhi"", ""pioff"", ""lpi"", ""site_4"", ""site_2"", ""plan_15"", ""hlthp"", ""site_5"", ""female"", ""hlthf"", ""plan_19"", ""plan_5"", ""plan_16"", ""year_3"", ""plan_6"", ""site_3"", ""hlthg"", ""year_5"", ""income"", ""plan_3"", ""plan_7"", ""time"", ""plan_10"", ""year_2"", ""plan_14"", ""plan_2"", ""plan_18"", ""plan_9"", ""tookphys"", ""linc"", ""plan_17"", ""plan_8"", ""site_6"", ""plan_13""]","[[5, 16, 11, 38, 22, 19, 48, 41, 25, 6, 42, 47, 34, 43, 50], [5, 12, 50]]","[15, 3]",1331.3710169792175,0.8377915732412747,0.16220842675872527,-2.1503705030285585,0.0,0.0,0.0,0.0,0.14636740185230795,0.10846056640797917,0.0,0.0,0.0,0.0,0.07348640849363891,0.0,0.0,0.0,0.0,-0.2528510501566425,0.0,0.0,-0.0679114727476763,0.0,0.0,-0.20594346536160574,0.0,0.0,0.04308353628459374,0.0,0.0,0.0,0.0,0.0,0.0,0.0,0.0,0.1165421657963978,0.0,0.0,0.0,0.09767104486706481,0.0,0.0,-0.30689038355687615,-0.1836906219904324,0.11585468714822161,0.0,0.0,0.0,0.1051121942915519,-0.2807895173533832,0.0,-0.25892502108768756,0.0,0.0,0.0,0.0,0.47058266993283304,0.0,0.0,0.0,0.0,0.5345959799714237,0.0,0.0,0.0,0.0,0.0,0.0,0.20383874088906703,0.0,0.0,0.0,0.0,0.0,0.0,0.0,0.0,0.0,0.0,0.0,0.0,0.0,0.0,0.0,0.0,0.0,0.0,0.0,0.0,0.0,0.0,0.0,0.0,0.0,0.0,0.0,0.0,0.0,0.0,0.0,0.0,0.0,0.0,0.0,0.0,0.0,0.44262629375336554,0.0,0.0,0.0,0.0,2.0201300194082537,7.539305125929649
231,1216582380,True,,50.0,quantile_glm,7956.553237163654,-3811.176449387266,7848.156124802861,"[0, 5, 16, 12, 11, 28, 18, 9, 3, 38, 26, 14, 22, 13, 17, 21, 10, 1, 49, 6, 24, 4, 48, 15, 23, 33, 52, 19, 2, 47, 42, 27, 43, 41, 53, 45, 20, 50, 30, 54, 51, 36, 32, 34, 46, 25, 39, 31, 37, 8, 44]","[""Intercept"", ""xage"", ""child"", ""physlm"", ""disea"", ""lnum"", ""lfam"", ""num"", ""black"", ""plan_11"", ""xghindx"", ""mdeoff"", ""fmde"", ""ghindx"", ""fchild"", ""logc"", ""mhi"", ""coins"", ""site_5"", ""female"", ""hlthf"", ""income"", ""site_4"", ""pioff"", ""hlthg"", ""plan_6"", ""year_3"", ""lpi"", ""tookphys"", ""site_3"", ""plan_16"", ""linc"", ""plan_17"", ""plan_15"", ""year_4"", ""plan_19"", ""idp"", ""site_6"", ""plan_3"", ""year_5"", ""year_2"", ""plan_9"", ""plan_5"", ""plan_7"", ""site_2"", ""hlthp"", ""plan_13"", ""plan_4"", ""plan_10"", ""time"", ""plan_18""]","[[5, 16, 12, 11, 3, 21, 10, 1, 6, 4, 48, 47, 43, 50, 34, 25], [5, 16, 12, 11, 38, 50]]","[16, 6]",1821.5339348316193,0.8218075939969582,0.17819240600304181,-2.160729020708647,-0.09957517193728528,0.0,-0.11038681829956178,0.10288111031490421,0.231522805255301,0.19780710914314753,0.0,0.0,0.0,-0.08338320590383888,0.035691662464833164,0.10540954983482756,0.0,0.0,0.0,-0.15757452595493332,0.0,0.0,0.0,0.0,-0.23095178305347683,0.0,0.0,0.0,0.04634410944106539,0.0,0.0,0.0,0.0,0.0,0.0,0.0,0.0,0.13096583550274454,0.0,0.0,0.0,0.0,0.0,0.0,0.0,0.0,0.12539338479411802,0.0,0.0,0.0,0.16858464749676058,-0.15584134901469945,0.0,-0.29334010472208827,0.0,0.0,0.0,0.0,0.2416821882246615,0.0,0.0,0.0,0.0,0.1806044941464402,0.0,0.0,0.0,0.0,0.0,0.16802199909226506,0.2313828586180052,0.0,0.0,0.0,-0.4742490852244188,0.0,0.0,0.0,0.0,0.0,0.0,0.0,0.0,0.0,0.0,0.0,0.0,0.0,0.0,0.0,0.0,0.0,0.0,0.0,0.0,0.0,0.4007013387538473,0.0,0.0,0.0,0.0,0.0,0.0,0.0,0.0,0.0,0.0,0.0,0.5218083215627676,0.0,0.0,0.0,0.0,1.7509259375407606,5.759933546301198
232,82444770,True,,50.0,quantile_glm,7991.5659509603065,-3874.746646182099,7940.557560542015,"[0, 5, 16, 12, 11, 17, 3, 14, 22, 1, 26, 28, 18, 15, 38, 13, 9, 19, 49, 21, 52, 10, 42, 48, 46, 24, 4, 45, 33, 32, 39, 47, 6, 27, 20, 37, 54, 34, 41, 29, 40, 25, 23, 31, 36, 2, 8, 7, 53, 30, 44]","[""Intercept"", ""xage"", ""child"", ""physlm"", ""disea"", ""fchild"", ""black"", ""mdeoff"", ""fmde"", ""coins"", ""xghindx"", ""lnum"", ""lfam"", ""pioff"", ""plan_11"", ""ghindx"", ""num"", ""lpi"", ""site_5"", ""logc"", ""year_3"", ""mhi"", ""plan_16"", ""site_4"", ""site_2"", ""hlthf"", ""income"", ""plan_19"", ""plan_6"", ""plan_5"", ""plan_13"", ""site_3"", ""female"", ""linc"", ""idp"", ""plan_10"", ""year_5"", ""plan_7"", ""plan_15"", ""plan_2"", ""plan_14"", ""hlthp"", ""hlthg"", ""plan_4"", ""plan_9"", ""tookphys"", ""time"", ""educdec"", ""year_4"", ""plan_3"", ""plan_18""]","[[5, 16, 12, 11, 3, 22, 19, 21, 52, 42, 48, 24, 47, 6, 34, 29, 25, 23], []]","[18, 0]",1142.4121799468994,0.833965096971526,0.166034903028474,-2.3313061850307712,0.0,0.0,-0.2156483093465212,0.0,0.11785328223698528,0.13334920360619995,0.0,0.0,0.0,0.0,0.061383888543680196,0.05732515136774068,0.0,0.0,0.0,-0.3160556972642105,0.0,0.0,-0.08338258253295561,0.0,-0.0312734742075285,-0.2388256450856704,-0.07591021568814982,0.04365797276188685,0.048583990903802575,0.0,0.0,0.0,0.08825931436364244,0.0,0.0,0.0,0.0,0.15057751859944993,0.0,0.0,0.0,0.0,0.0,0.0,0.0,-0.12376723855490752,0.0,0.0,0.0,0.0,0.13688252507639653,-0.14979209370454766,0.0,0.0,0.0,-2.045947528389686,0.0,0.0,0.8520736370067498,0.0,0.0,0.0,0.0,0.0,0.0,0.0,0.0,0.0,0.0,0.0,0.0,0.0,0.0,0.0,0.0,0.0,0.0,0.0,0.0,0.0,0.0,0.0,0.0,0.0,0.0,0.0,0.0,0.0,0.0,0.0,0.0,0.0,0.0,0.0,0.0,0.0,0.0,0.0,0.0,0.0,0.0,0.0,0.0,0.0,0.0,0.0,0.0,0.0,0.0,0.0,0.0,0.0,0.0,2.203120631742914,9.05322123312388
233,1690728929,True,,50.0,kmeans_glm,7595.596510645047,-3698.9333889879945,7554.1920883032935,"[0, 5, 16, 12, 28, 18, 11, 9, 17, 3, 26, 38, 22, 14, 13, 48, 47, 25, 21, 15, 1, 49, 6, 23, 32, 52, 10, 46, 42, 19, 33, 4, 24, 45, 34, 41, 54, 44, 2, 27, 36, 30, 51, 31, 53, 40, 8, 29, 7, 20, 37]","[""Intercept"", ""xage"", ""child"", ""physlm"", ""lnum"", ""lfam"", ""disea"", ""num"", ""fchild"", ""black"", ""xghindx"", ""plan_11"", ""fmde"", ""mdeoff"", ""ghindx"", ""site_4"", ""site_3"", ""hlthp"", ""logc"", ""pioff"", ""coins"", ""site_5"", ""female"", ""hlthg"", ""plan_5"", ""year_3"", ""mhi"", ""site_2"", ""plan_16"", ""lpi"", ""plan_6"", ""income"", ""hlthf"", ""plan_19"", ""plan_7"", ""plan_15"", ""year_5"", ""plan_18"", ""tookphys"", ""linc"", ""plan_9"", ""plan_3"", ""year_2"", ""plan_4"", ""year_4"", ""plan_14"", ""time"", ""plan_2"", ""educdec"", ""idp"", ""plan_10""]","[[5, 16, 11, 3, 38, 22, 48, 47, 25, 21, 6, 34, 29], [25]]","[13, 1]",1645.866203069687,0.8399614990376787,0.16003850096232133,-2.0826017832996193,0.0,0.0,-0.18956046984600733,0.0,0.27259903695468213,0.16342295087915,0.0,0.0,0.0,0.0,0.03445564826802046,0.0,0.0,0.0,0.0,-0.13640103057838376,0.0,0.0,0.0,0.0,0.0938441191097867,-0.2715414076974081,0.0,0.0,0.10519379046045979,0.0,0.0,0.0,0.09952517999069842,0.0,0.0,0.0,0.0,0.177573524746212,0.0,0.0,0.0,0.1626349274296774,0.0,0.0,0.0,0.0,0.0,0.0,0.0,0.0,0.17526082463483186,-0.2962357979784922,0.0,0.0,0.0,0.0,0.0,0.0,0.8922209349087501,0.0,0.0,0.0,0.0,0.0,0.0,0.0,0.0,0.0,0.0,0.0,0.0,0.0,0.0,0.0,0.0,0.0,0.0,0.0,0.0,0.0,0.0,0.0,0.0,0.24952622863662918,0.0,0.0,0.0,0.0,0.0,0.0,0.0,0.0,0.0,0.0,0.0,0.0,0.0,0.0,0.0,0.0,0.0,0.0,0.0,0.0,0.0,0.0,0.0,0.0,0.0,0.0,0.0,0.0,0.0,2.406328146296146,11.093153833683688
234,1173667684,True,,50.0,quantile_glm,7740.064434127744,-3747.978885212792,7669.652559678145,"[0, 5, 16, 11, 28, 18, 9, 12, 38, 17, 14, 3, 22, 6, 26, 13, 1, 21, 47, 49, 15, 19, 52, 41, 10, 25, 45, 46, 24, 42, 2, 51, 48, 54, 4, 7, 30, 27, 20, 32, 37, 34, 33, 23, 50, 40, 53, 29, 44, 8, 31]","[""Intercept"", ""xage"", ""child"", ""disea"", ""lnum"", ""lfam"", ""num"", ""physlm"", ""plan_11"", ""fchild"", ""mdeoff"", ""black"", ""fmde"", ""female"", ""xghindx"", ""ghindx"", ""coins"", ""logc"", ""site_3"", ""site_5"", ""pioff"", ""lpi"", ""year_3"", ""plan_15"", ""mhi"", ""hlthp"", ""plan_19"", ""site_2"", ""hlthf"", ""plan_16"", ""tookphys"", ""year_2"", ""site_4"", ""year_5"", ""income"", ""educdec"", ""plan_3"", ""linc"", ""idp"", ""plan_5"", ""plan_10"", ""plan_7"", ""plan_6"", ""hlthg"", ""site_6"", ""plan_14"", ""year_4"", ""plan_2"", ""plan_18"", ""time"", ""plan_4""]","[[5, 16, 38, 14, 6, 13, 21, 47, 49, 25, 48, 37, 34, 23, 50], [50]]","[15, 1]",1414.0738139152527,0.8384062624594076,0.1615937375405923,-2.1452959666196194,0.0,0.0,0.0,0.0,0.2321520824028207,0.272565644171383,0.0,0.0,0.0,0.0,0.0,0.0,-0.12503309977274277,-0.09961563935572657,0.0,-0.20146549326159124,0.0,0.0,0.0,0.0,-0.07968124895193689,0.0,-0.1513280871420527,0.0,0.09161731269976596,0.0,0.0,0.0,0.0,0.0,0.0,0.0,0.0,0.13061836757874382,0.0,0.0,-0.10322460585216138,0.12567247434324974,0.0,0.0,0.0,0.0,0.0,0.0,0.0,0.0,0.13394315334808402,-0.18108586166298288,-0.17034576024105394,-0.3470489577608353,0.0,0.0,0.0,0.0,0.75635214610298,0.0,0.0,0.0,0.0,0.0,0.0,0.0,0.0,0.0,0.0,0.0,0.0,0.0,0.0,0.0,0.0,0.0,0.0,0.0,0.0,0.0,0.0,0.0,0.0,0.0,0.0,0.0,0.0,0.0,0.0,0.0,0.0,0.0,0.0,0.0,0.0,0.0,0.0,0.0,0.0,0.0,0.0,0.0,0.0,0.0,0.0,0.0,0.0,0.0,0.41711820839625896,0.0,0.0,0.0,0.0,2.1226278448882057,8.35305921558278
235,317449768,True,,50.0,quantile_glm,7927.902606151202,-3842.235924304733,7875.536116787283,"[0, 5, 16, 11, 28, 18, 9, 3, 26, 12, 13, 14, 22, 38, 17, 1, 21, 10, 15, 6, 49, 42, 19, 47, 23, 24, 46, 33, 48, 41, 52, 51, 30, 34, 25, 32, 54, 43, 37, 27, 4, 29, 44, 45, 7, 36, 53, 2, 31, 8, 40]","[""Intercept"", ""xage"", ""child"", ""disea"", ""lnum"", ""lfam"", ""num"", ""black"", ""xghindx"", ""physlm"", ""ghindx"", ""mdeoff"", ""fmde"", ""plan_11"", ""fchild"", ""coins"", ""logc"", ""mhi"", ""pioff"", ""female"", ""site_5"", ""plan_16"", ""lpi"", ""site_3"", ""hlthg"", ""hlthf"", ""site_2"", ""plan_6"", ""site_4"", ""plan_15"", ""year_3"", ""year_2"", ""plan_3"", ""plan_7"", ""hlthp"", ""plan_5"", ""year_5"", ""plan_17"", ""plan_10"", ""linc"", ""income"", ""plan_2"", ""plan_18"", ""plan_19"", ""educdec"", ""plan_9"", ""year_4"", ""tookphys"", ""plan_4"", ""time"", ""plan_14""]","[[5, 16, 11, 28, 18, 3, 22, 21, 6, 42, 47, 48, 30, 34, 43, 29], [16, 11]]","[16, 2]",1423.0394814014435,0.8131199870375229,0.18688001296247708,-2.5902459339811577,0.0,0.0,-0.21034505124240108,0.0,0.2456483469813314,0.16214572750072975,0.0,0.0,0.0,0.0,0.10137873896281856,0.0,0.0,0.0,0.0,-0.19935792610451858,0.0,-0.03185204939343318,0.0,0.0,-0.07641443453369376,-0.33953772887450856,0.0,0.0,0.0,0.0,0.0,-0.03185226348659467,0.06291374052563072,-1.2868633036631025,0.0,0.0,0.0,0.15175081898230233,0.0,0.0,0.0,0.0,0.0,0.0,0.0,-1.3155434021894534,0.1411394580701784,0.0,0.0,0.0,0.22527289995954497,-0.10409209577967517,0.0,0.0,0.0,0.0,0.0,0.0,0.3555551934371186,0.0,0.0,0.0,0.0,0.0,0.0,0.0,0.0,0.0,0.0,0.3534758960214632,0.0,0.0,0.0,0.0,-0.7671467483389828,0.0,0.0,0.0,0.0,0.0,0.0,0.0,0.0,0.0,0.0,0.0,0.0,0.0,0.0,0.0,0.0,0.0,0.0,0.0,0.0,0.0,0.0,0.0,0.0,0.0,0.0,0.0,0.0,0.0,0.0,0.0,0.0,0.0,0.0,0.0,0.0,0.0,0.0,1.798082816389632,6.038060290364902
236,1964476127,True,,50.0,quantile_glm,8229.862409998468,-3951.724754775629,8120.567996116959,"[0, 5, 16, 12, 11, 38, 22, 14, 21, 3, 28, 18, 9, 26, 1, 13, 10, 17, 15, 6, 19, 48, 49, 52, 25, 33, 24, 42, 45, 47, 32, 41, 27, 37, 54, 4, 36, 50, 46, 43, 2, 40, 30, 23, 31, 53, 8, 20, 44, 29, 34]","[""Intercept"", ""xage"", ""child"", ""physlm"", ""disea"", ""plan_11"", ""fmde"", ""mdeoff"", ""logc"", ""black"", ""lnum"", ""lfam"", ""num"", ""xghindx"", ""coins"", ""ghindx"", ""mhi"", ""fchild"", ""pioff"", ""female"", ""lpi"", ""site_4"", ""site_5"", ""year_3"", ""hlthp"", ""plan_6"", ""hlthf"", ""plan_16"", ""plan_19"", ""site_3"", ""plan_5"", ""plan_15"", ""linc"", ""plan_10"", ""year_5"", ""income"", ""plan_9"", ""site_6"", ""site_2"", ""plan_17"", ""tookphys"", ""plan_14"", ""plan_3"", ""hlthg"", ""plan_4"", ""year_4"", ""time"", ""idp"", ""plan_18"", ""plan_2"", ""plan_7""]","[[5, 11, 38, 22, 21, 3, 6, 48, 25, 47, 50, 29, 34], [5, 16, 12, 38, 14, 28, 18, 50]]","[13, 8]",1366.576640367508,0.820807113563776,0.17919288643622402,-2.03169051755429,0.0,0.0,-0.13529064259605458,0.0,0.3116937246952789,0.10097855212395153,0.0,0.0,0.0,0.0,0.05950857160636335,0.0,0.0,0.0,0.0,0.0,0.0,0.0,0.0,0.0,-0.04494112185650051,-0.11993388819317798,0.0,0.0,0.05749601512816769,0.0,0.0,0.0,0.0863678204546899,0.0,0.0,0.0,0.0,0.13886383692156276,0.0,0.0,0.0,0.1704189075931342,0.0,0.0,0.0,0.0,0.0,0.0,0.0,0.0,0.1430140667099381,-0.19655962558946588,0.0,-0.36384867304607965,0.0,0.0,0.0,0.0,0.28190312120121297,0.0,0.0,0.0,0.0,0.014699853985511852,0.0,0.0,0.0,0.0,0.0,0.0,0.18566123711168114,0.0,-0.1361169401097344,0.0,-0.6356262054741115,0.0,-0.17462015829674002,0.0,0.0,0.0,0.0,0.0,0.0,0.0,0.0,0.0,-0.17462221906403988,0.0,0.0,0.0,0.0,0.0,0.0,0.0,0.0,0.0,0.3242697801079162,0.0,0.0,0.0,0.0,0.0,0.0,0.0,0.0,0.0,0.0,0.0,0.5704975089158594,0.0,0.0,0.0,0.0,1.906685517438918,6.730742856549943
237,534635132,True,,50.0,kmeans_glm,8016.987167167239,-3849.8381647148904,7916.794815995481,"[0, 5, 16, 12, 11, 26, 13, 10, 28, 18, 9, 3, 14, 38, 17, 22, 1, 21, 49, 24, 47, 15, 41, 6, 52, 48, 23, 51, 33, 4, 42, 19, 32, 25, 45, 53, 36, 35, 43, 30, 50, 54, 2, 46, 31, 7, 29, 40, 37, 8, 44]","[""Intercept"", ""xage"", ""child"", ""physlm"", ""disea"", ""xghindx"", ""ghindx"", ""mhi"", ""lnum"", ""lfam"", ""num"", ""black"", ""mdeoff"", ""plan_11"", ""fchild"", ""fmde"", ""coins"", ""logc"", ""site_5"", ""hlthf"", ""site_3"", ""pioff"", ""plan_15"", ""female"", ""year_3"", ""site_4"", ""hlthg"", ""year_2"", ""plan_6"", ""income"", ""plan_16"", ""lpi"", ""plan_5"", ""hlthp"", ""plan_19"", ""year_4"", ""plan_9"", ""plan_8"", ""plan_17"", ""plan_3"", ""site_6"", ""year_5"", ""tookphys"", ""site_2"", ""plan_4"", ""educdec"", ""plan_2"", ""plan_14"", ""plan_10"", ""time"", ""plan_18""]","[[5, 16, 12, 11, 10, 22, 1, 21, 47, 6, 48, 25, 35, 43, 50, 29], [5, 16, 12, 11, 50]]","[16, 5]",1611.0700573921204,0.8301626966613913,0.16983730333860864,-2.1520550199854322,-0.253189065275825,0.0,0.0,0.0,0.21168653528830914,0.11814742351788463,0.0,0.0,0.0,-0.05521096472154067,0.04760904729997183,0.10772609911804536,0.0,0.0,0.0,-0.20158863538941546,0.0,0.0,0.0,0.0,-0.1749275422547979,-0.1169756968175981,0.0,0.0,0.08755322882129309,0.0,0.0,0.0,0.16307394607475237,0.0,0.0,0.0,0.0,0.0,0.1251092162476996,0.0,0.0,0.0,0.0,0.0,0.0,0.0,0.16241221941091794,0.0,0.0,0.0,0.15822536999299505,-0.18140037411381288,0.0,-0.3167478282187093,0.0,0.0,0.0,0.0,0.46625125782980686,0.0,0.0,0.0,0.0,0.05922436894030551,0.0,0.0,0.0,0.0,0.0,0.21338006093655842,0.21960483382942364,0.0,0.0,0.0,-0.505846249018275,0.0,0.0,0.0,0.0,0.0,0.0,0.0,0.0,0.0,0.0,0.0,0.0,0.0,0.0,0.0,0.0,0.0,0.0,0.0,0.0,0.0,0.0,0.0,0.0,0.0,0.0,0.0,0.0,0.0,0.0,0.0,0.0,0.0,0.4499055588723456,0.0,0.0,0.0,0.0,1.9794491841936237,7.23875466635862
238,252066852,True,,50.0,quantile_glm,8040.276977324558,-3847.49418270179,7912.106851969281,"[0, 5, 16, 11, 12, 14, 9, 28, 18, 26, 13, 3, 1, 17, 38, 22, 42, 10, 48, 15, 47, 49, 21, 6, 52, 51, 25, 39, 41, 33, 23, 4, 24, 19, 46, 54, 27, 44, 45, 36, 30, 31, 2, 32, 7, 20, 37, 50, 40, 29, 8]","[""Intercept"", ""xage"", ""child"", ""disea"", ""physlm"", ""mdeoff"", ""num"", ""lnum"", ""lfam"", ""xghindx"", ""ghindx"", ""black"", ""coins"", ""fchild"", ""plan_11"", ""fmde"", ""plan_16"", ""mhi"", ""site_4"", ""pioff"", ""site_3"", ""site_5"", ""logc"", ""female"", ""year_3"", ""year_2"", ""hlthp"", ""plan_13"", ""plan_15"", ""plan_6"", ""hlthg"", ""income"", ""hlthf"", ""lpi"", ""site_2"", ""year_5"", ""linc"", ""plan_18"", ""plan_19"", ""plan_9"", ""plan_3"", ""plan_4"", ""tookphys"", ""plan_5"", ""educdec"", ""idp"", ""plan_10"", ""site_6"", ""plan_14"", ""plan_2"", ""time""]","[[5, 11, 14, 1, 22, 42, 48, 47, 21, 6, 52, 25, 23, 46, 50, 29], [5, 16, 11, 12, 50]]","[16, 5]",1703.4448463916779,0.8261995311978693,0.17380046880213088,-2.300852631495617,-0.15440891939767246,0.0,0.0,0.0,0.33998915410885355,0.15182194366767948,0.0,0.0,0.0,0.0,0.07118474769748125,0.0,0.0,-0.09956820567333863,0.0,0.0,0.0,0.0,0.0,0.0,-0.082275110079962,-0.037749084580907304,-0.12564511229217099,0.0,0.03550519502961687,0.0,0.0,0.0,0.13653568318336326,0.0,0.0,0.0,0.0,0.0,0.0,0.0,0.0,0.0,0.0,0.0,0.0,-0.14066389346139024,0.0,0.0,0.0,-0.1550380871047207,0.14531784029121653,-0.2344589039289242,0.0,-0.30513524516810014,0.0,-1.564138983496041,0.0,0.0,0.372773391049078,0.0,0.0,0.0,0.0,-0.13607182330073642,0.0,0.0,0.0,0.0,0.0,0.39293347614118285,0.20198198359255323,0.0,0.0,0.0,-0.9508289149399406,0.0,0.0,0.0,0.0,0.0,0.0,0.0,0.0,0.0,0.0,0.0,0.0,0.0,0.0,0.0,0.0,0.0,0.0,0.0,0.0,0.0,0.0,0.0,0.0,0.0,0.0,0.0,0.0,0.0,0.0,0.0,0.0,0.0,0.484677327665744,0.0,0.0,0.0,0.0,1.9663290235395552,7.144401360946628
239,197432667,True,,50.0,kmeans_glm,8023.306454117021,-3877.280000714846,7936.939530144881,"[0, 5, 16, 11, 12, 28, 18, 9, 17, 3, 26, 13, 38, 1, 14, 22, 49, 10, 21, 48, 25, 6, 47, 52, 50, 42, 33, 54, 41, 4, 23, 51, 24, 31, 32, 36, 45, 7, 35, 40, 30, 15, 27, 44, 53, 8, 2, 37, 20, 46, 19]","[""Intercept"", ""xage"", ""child"", ""disea"", ""physlm"", ""lnum"", ""lfam"", ""num"", ""fchild"", ""black"", ""xghindx"", ""ghindx"", ""plan_11"", ""coins"", ""mdeoff"", ""fmde"", ""site_5"", ""mhi"", ""logc"", ""site_4"", ""hlthp"", ""female"", ""site_3"", ""year_3"", ""site_6"", ""plan_16"", ""plan_6"", ""year_5"", ""plan_15"", ""income"", ""hlthg"", ""year_2"", ""hlthf"", ""plan_4"", ""plan_5"", ""plan_9"", ""plan_19"", ""educdec"", ""plan_8"", ""plan_14"", ""plan_3"", ""pioff"", ""linc"", ""plan_18"", ""year_4"", ""time"", ""tookphys"", ""plan_10"", ""idp"", ""site_2"", ""lpi""]","[[5, 16, 11, 12, 3, 38, 21, 48, 25, 6, 47, 50, 35], [16, 11, 12, 50]]","[13, 4]",1195.4879760742188,0.8179640942319466,0.18203590576805354,-2.1053888616709027,0.0,0.0,-0.14036279385389502,0.0,0.2347592394086653,0.17958533012533945,0.0,0.0,0.0,0.0,0.06276516271366225,0.03448443344112775,0.0,0.0,0.0,-0.17015717234777689,0.0,0.0,0.0,0.0,-0.18604415508956354,0.0,0.0,0.0,0.08884749131737901,0.0,0.0,0.0,0.0,0.0,0.0,0.0,0.0,0.0,0.09362521624921366,0.0,0.0,0.11160102882505717,0.0,0.0,0.0,0.0,0.0,0.0,0.0,0.0,0.16725675368479948,-0.21645057335169293,0.0,-0.2960300212340302,0.0,0.0,0.0,0.0,0.35009205858956327,0.0,0.0,0.0,0.0,0.0,0.0,0.0,0.0,0.0,0.0,0.3448671567840051,0.26408737432315554,0.0,0.0,0.0,-0.6017836567015996,0.0,0.0,0.0,0.0,0.0,0.0,0.0,0.0,0.0,0.0,0.0,0.0,0.0,0.0,0.0,0.0,0.0,0.0,0.0,0.0,0.0,0.0,0.0,0.0,0.0,0.0,0.0,0.0,0.0,0.0,0.0,0.0,0.0,0.5316929600442379,0.0,0.0,0.0,0.0,1.9398780769841009,6.957902590451627
240,1804624342,True,,50.0,kmeans_glm,7801.805055191863,-3758.7878727722814,7717.3247531850075,"[0, 5, 16, 12, 28, 18, 17, 3, 9, 11, 26, 10, 38, 22, 13, 21, 14, 49, 1, 52, 47, 2, 15, 29, 41, 51, 42, 24, 48, 6, 46, 23, 25, 32, 19, 30, 53, 27, 45, 33, 4, 43, 34, 54, 20, 39, 36, 31, 37, 8, 7]","[""Intercept"", ""xage"", ""child"", ""physlm"", ""lnum"", ""lfam"", ""fchild"", ""black"", ""num"", ""disea"", ""xghindx"", ""mhi"", ""plan_11"", ""fmde"", ""ghindx"", ""logc"", ""mdeoff"", ""site_5"", ""coins"", ""year_3"", ""site_3"", ""tookphys"", ""pioff"", ""plan_2"", ""plan_15"", ""year_2"", ""plan_16"", ""hlthf"", ""site_4"", ""female"", ""site_2"", ""hlthg"", ""hlthp"", ""plan_5"", ""lpi"", ""plan_3"", ""year_4"", ""linc"", ""plan_19"", ""plan_6"", ""income"", ""plan_17"", ""plan_7"", ""year_5"", ""idp"", ""plan_13"", ""plan_9"", ""plan_4"", ""plan_10"", ""time"", ""educdec""]","[[5, 16, 12, 3, 10, 38, 22, 21, 52, 47, 29, 42, 6, 25, 30, 43, 34], [5, 16]]","[17, 2]",1259.653258562088,0.8367022598887652,0.16329774011123485,-2.3148437422385975,0.0,0.0,-0.2643469873811642,0.0,0.2525875245542735,0.10007765664252626,0.0,0.0,0.0,-0.09241318918179463,0.0,0.04983252571881051,0.0,0.0,0.0,-0.11615958266587993,0.0,0.0,0.0,0.0,-0.04216212826482762,-0.22778031524498144,0.0,0.0,0.050743621269936826,0.0,0.0,0.0,0.16199607504835092,-0.07775163670426136,0.0,0.0,0.0,0.18370896739434325,0.0,0.0,0.0,0.12297538067277934,0.0,0.0,0.0,-0.14194720176942258,0.1708824151161481,0.0,0.0,0.0,0.20884202956044276,0.0,0.0,0.0,0.0,-1.5691631243331057,0.0,0.0,0.5181937240119346,0.0,0.0,0.0,0.0,0.2959635047379349,0.0,0.0,0.0,0.0,0.0,0.0,0.0,0.0,0.0,0.0,-0.5951389515290494,0.0,0.0,0.0,0.0,0.0,0.0,0.0,0.0,0.0,0.0,0.0,0.0,0.0,0.0,0.0,0.0,0.0,0.0,0.0,0.0,0.0,0.0,0.0,0.0,0.0,0.0,0.0,0.0,0.0,0.0,0.0,0.0,0.0,0.0,0.0,0.0,0.0,0.0,2.0809243513571603,8.011871276665417
241,1402318460,True,,25.0,quantile_glm,7760.768464247682,-3687.779915780525,7679.525712753031,"[0, 5, 16, 11, 12, 3, 28, 18, 26, 9, 22, 13, 38, 1, 17, 21, 14, 49, 10, 42, 48, 6, 24, 52, 27, 15, 45, 47, 2, 4, 41, 23, 33, 46, 32, 54, 19, 53, 40, 51, 30, 29, 43, 8, 50, 36, 39, 25, 7, 44, 20]","[""Intercept"", ""xage"", ""child"", ""disea"", ""physlm"", ""black"", ""lnum"", ""lfam"", ""xghindx"", ""num"", ""fmde"", ""ghindx"", ""plan_11"", ""coins"", ""fchild"", ""logc"", ""mdeoff"", ""site_5"", ""mhi"", ""plan_16"", ""site_4"", ""female"", ""hlthf"", ""year_3"", ""linc"", ""pioff"", ""plan_19"", ""site_3"", ""tookphys"", ""income"", ""plan_15"", ""hlthg"", ""plan_6"", ""site_2"", ""plan_5"", ""year_5"", ""lpi"", ""year_4"", ""plan_14"", ""year_2"", ""plan_3"", ""plan_2"", ""plan_17"", ""time"", ""site_6"", ""plan_9"", ""plan_13"", ""hlthp"", ""educdec"", ""plan_18"", ""idp""]","[[5, 16, 11, 26, 38, 1, 21, 49, 42, 48, 6, 52, 27, 45, 47, 46, 54, 53, 29, 43, 50], [16, 11, 12, 3, 9, 49, 23, 46, 40, 50]]","[21, 10]",1388.4115369319916,0.8378483813646371,0.16215161863536287,-2.3500125613670675,-0.2218752201978856,0.0,0.0,0.0,0.2603823869476535,0.12058449181343876,0.0,0.0,0.0,0.0,0.03723313624457458,0.0,0.0,0.0,0.0,-0.10987107340784677,0.0,0.0,0.0,0.0,-0.0069039916218504305,0.0,0.0,0.0,0.0,-0.07437656846262992,0.06636505990761528,0.0,0.14972630958175814,0.0,0.0,0.0,0.0,0.0,0.0,0.0,0.0,0.19761004953811231,0.0,0.0,0.0,-0.16089168933086412,0.0918735837565819,0.0,-0.07911569331521884,-0.19530937252166877,0.011469777033911105,-0.30119632993636314,-0.18196669575074986,-0.4075066832732866,0.0,-1.1778009766952082,-1.038112292496603,-1.0348356464861839,-0.25560767317225835,0.0,0.0,-1.140942560032633,0.0,0.0,0.0,0.0,0.0,-0.37880644363074206,0.0,0.2411994539037569,0.2426762717337668,0.0,0.0,0.0,-0.41193610343714887,0.0,0.0,0.0,0.0,0.0,0.0,0.13912338805077476,0.0,0.0,0.0,0.0,0.0,0.0,0.0,0.0,0.0,0.0,0.0,0.0,0.0,0.0,0.0,0.0,0.2688389643357744,0.0,0.0,0.0,0.0,0.0,0.2627378893638109,0.0,0.0,-0.4385927154776674,0.8839086262853922,0.0,0.0,0.0,0.0,1.8220855483421923,6.184743590663611
242,1100522186,True,,50.0,kmeans_glm,7990.090269304419,-3845.2848891904478,7881.634046558713,"[0, 5, 16, 11, 28, 18, 9, 12, 3, 14, 17, 26, 24, 38, 1, 22, 13, 49, 21, 48, 15, 47, 10, 6, 46, 42, 41, 52, 33, 45, 19, 32, 51, 4, 31, 30, 27, 23, 54, 50, 36, 35, 37, 39, 53, 34, 44, 29, 40, 25, 43]","[""Intercept"", ""xage"", ""child"", ""disea"", ""lnum"", ""lfam"", ""num"", ""physlm"", ""black"", ""mdeoff"", ""fchild"", ""xghindx"", ""hlthf"", ""plan_11"", ""coins"", ""fmde"", ""ghindx"", ""site_5"", ""logc"", ""site_4"", ""pioff"", ""site_3"", ""mhi"", ""female"", ""site_2"", ""plan_16"", ""plan_15"", ""year_3"", ""plan_6"", ""plan_19"", ""lpi"", ""plan_5"", ""year_2"", ""income"", ""plan_4"", ""plan_3"", ""linc"", ""hlthg"", ""year_5"", ""site_6"", ""plan_9"", ""plan_8"", ""plan_10"", ""plan_13"", ""year_4"", ""plan_7"", ""plan_18"", ""plan_2"", ""plan_14"", ""hlthp"", ""plan_17""]","[[5, 16, 11, 3, 14, 24, 1, 21, 48, 47, 6, 31, 50, 34, 29], [16, 11, 50]]","[15, 3]",1057.9797766208649,0.8352561472835796,0.16474385271642053,-2.081222002272623,-0.1291392159726361,0.0,-0.2060839959904516,0.0,0.25898441541315875,0.09452318231152118,0.0,0.0,0.0,0.0,0.087675013534747,0.0,0.0,-0.11032889330570506,0.0,-0.09637164646178549,0.0,0.0,0.0,0.0,-0.21537966006499218,0.0,0.0,0.109087472245938,0.0,0.0,0.0,0.0,0.12378353930296108,0.0,-0.06995274363418637,0.0,0.0,0.09961158718331982,0.0,0.0,0.0,0.0,0.0,0.0,0.0,0.0,0.0,0.0,0.0,0.0,0.156767916894849,-0.22718505727762398,0.0,-0.20153658939240598,0.0,0.0,0.0,0.0,0.4616099030919719,0.0,0.0,0.0,0.0,0.0,0.0,0.0,0.0,0.0,0.0,0.29465327615895265,0.0,0.0,0.0,0.0,-0.7423406015731271,0.0,0.0,0.0,0.0,0.0,0.0,0.0,0.0,0.0,0.0,0.0,0.0,0.0,0.0,0.0,0.0,0.0,0.0,0.0,0.0,0.0,0.0,0.0,0.0,0.0,0.0,0.0,0.0,0.0,0.0,0.0,0.0,0.0,0.5140404528446492,0.0,0.0,0.0,0.0,1.996221217363715,7.361187150556757
243,1760535045,True,,100.0,kmeans_glm,7887.630103476371,-3873.2084036589868,7833.264201944254,"[0, 5, 16, 12, 11, 28, 18, 17, 9, 1, 3, 26, 14, 38, 13, 22, 10, 21, 49, 41, 6, 47, 25, 42, 48, 15, 23, 45, 34, 52, 33, 24, 2, 53, 32, 46, 30, 54, 27, 19, 4, 51, 40, 39, 36, 31, 8, 29, 37, 20, 7]","[""Intercept"", ""xage"", ""child"", ""physlm"", ""disea"", ""lnum"", ""lfam"", ""fchild"", ""num"", ""coins"", ""black"", ""xghindx"", ""mdeoff"", ""plan_11"", ""ghindx"", ""fmde"", ""mhi"", ""logc"", ""site_5"", ""plan_15"", ""female"", ""site_3"", ""hlthp"", ""plan_16"", ""site_4"", ""pioff"", ""hlthg"", ""plan_19"", ""plan_7"", ""year_3"", ""plan_6"", ""hlthf"", ""tookphys"", ""year_4"", ""plan_5"", ""site_2"", ""plan_3"", ""year_5"", ""linc"", ""lpi"", ""income"", ""year_2"", ""plan_14"", ""plan_13"", ""plan_9"", ""plan_4"", ""time"", ""plan_2"", ""plan_10"", ""idp"", ""educdec""]","[[5, 11, 1, 22, 21, 47], []]","[6, 0]",1300.307695865631,0.8420474591130267,0.15795254088697336,-1.9515583682359474,-0.11808470285184984,0.0,0.0,0.0,0.37644361669471366,0.0,0.0,0.0,0.0,0.0,0.11875981228143545,0.0,0.0,0.0,0.0,0.0,0.0,0.0,0.0,0.0,-0.15054683682472417,-0.08388610914058624,0.0,0.0,0.0,0.0,0.0,0.0,0.0,0.0,0.0,0.0,0.0,0.0,0.0,0.0,0.0,0.0,0.0,0.0,0.0,0.0,0.0,0.0,0.0,0.0,0.19812583857786917,0.0,0.0,0.0,0.0,0.0,0.0,0.0,0.8948024704970365,0.0,0.0,0.0,0.0,0.0,0.0,0.0,0.0,0.0,0.0,0.0,0.0,0.0,0.0,0.0,0.0,0.0,0.0,0.0,0.0,0.0,0.0,0.0,0.0,0.0,0.0,0.0,0.0,0.0,0.0,0.0,0.0,0.0,0.0,0.0,0.0,0.0,0.0,0.0,0.0,0.0,0.0,0.0,0.0,0.0,0.0,0.0,0.0,0.0,0.0,0.0,0.0,0.0,0.0,2.3631450971501824,10.62431345954089
244,614020943,True,,50.0,kmeans_glm,8257.587250651717,-3992.7877052855056,8202.693897136713,"[0, 5, 16, 12, 11, 28, 18, 26, 13, 9, 14, 17, 38, 10, 3, 1, 22, 15, 21, 47, 6, 48, 49, 19, 24, 52, 2, 33, 46, 4, 32, 45, 23, 41, 42, 51, 7, 54, 31, 30, 34, 25, 43, 20, 35, 50, 27, 8, 53, 40, 37]","[""Intercept"", ""xage"", ""child"", ""physlm"", ""disea"", ""lnum"", ""lfam"", ""xghindx"", ""ghindx"", ""num"", ""mdeoff"", ""fchild"", ""plan_11"", ""mhi"", ""black"", ""coins"", ""fmde"", ""pioff"", ""logc"", ""site_3"", ""female"", ""site_4"", ""site_5"", ""lpi"", ""hlthf"", ""year_3"", ""tookphys"", ""plan_6"", ""site_2"", ""income"", ""plan_5"", ""plan_19"", ""hlthg"", ""plan_15"", ""plan_16"", ""year_2"", ""educdec"", ""year_5"", ""plan_4"", ""plan_3"", ""plan_7"", ""hlthp"", ""plan_17"", ""idp"", ""plan_8"", ""site_6"", ""linc"", ""time"", ""year_4"", ""plan_14"", ""plan_10""]","[[5, 16, 12, 11, 14, 38, 10, 3, 1, 22, 21, 47, 6, 48, 24, 41, 42, 7, 34, 43, 50], []]","[21, 0]",1608.4627447128296,0.8366615604772571,0.163338439522743,-2.112389132858063,0.011051038315854196,0.0,-0.0986728973467409,0.0,0.2317962986048724,0.21076979171737031,0.1603057493244445,0.0,0.0,-0.05269784525456776,0.0013100479482388153,0.09003920519064025,0.0,0.015265931978410193,0.0,-0.1799045073158374,0.0,0.0,0.0,0.0,0.22085295195800775,-0.2756998261909639,0.0,0.1303512009135889,0.0,0.0,0.0,0.0,0.0,0.0,0.0,0.0,0.0,0.15778840438938863,0.0,0.0,0.0,0.2451295430790778,0.0,0.0,-0.21818016604679516,-0.22567746891936472,0.15015740955715892,0.0,0.0,0.0,0.12463651365565387,-0.19806749441672583,0.0,-0.20844388102681255,0.0,0.0,0.0,0.0,0.9901212442670854,0.0,0.0,0.0,0.0,0.0,0.0,0.0,0.0,0.0,0.0,0.0,0.0,0.0,0.0,0.0,0.0,0.0,0.0,0.0,0.0,0.0,0.0,0.0,0.0,0.0,0.0,0.0,0.0,0.0,0.0,0.0,0.0,0.0,0.0,0.0,0.0,0.0,0.0,0.0,0.0,0.0,0.0,0.0,0.0,0.0,0.0,0.0,0.0,0.0,0.0,0.0,0.0,0.0,0.0,2.150401695292165,8.58830758709524
245,2104262433,True,,50.0,kmeans_glm,7995.912732367079,-3851.004972476857,7901.7589525941585,"[0, 5, 16, 28, 18, 9, 12, 11, 17, 3, 10, 38, 26, 14, 22, 1, 13, 21, 24, 49, 52, 46, 47, 15, 6, 4, 51, 19, 48, 23, 42, 34, 41, 32, 33, 2, 25, 53, 37, 30, 45, 27, 40, 29, 54, 43, 31, 7, 44, 8, 36]","[""Intercept"", ""xage"", ""child"", ""lnum"", ""lfam"", ""num"", ""physlm"", ""disea"", ""fchild"", ""black"", ""mhi"", ""plan_11"", ""xghindx"", ""mdeoff"", ""fmde"", ""coins"", ""ghindx"", ""logc"", ""hlthf"", ""site_5"", ""year_3"", ""site_2"", ""site_3"", ""pioff"", ""female"", ""income"", ""year_2"", ""lpi"", ""site_4"", ""hlthg"", ""plan_16"", ""plan_7"", ""plan_15"", ""plan_5"", ""plan_6"", ""tookphys"", ""hlthp"", ""year_4"", ""plan_10"", ""plan_3"", ""plan_19"", ""linc"", ""plan_14"", ""plan_2"", ""year_5"", ""plan_17"", ""plan_4"", ""educdec"", ""plan_18"", ""time"", ""plan_9""]","[[5, 16, 3, 10, 1, 21, 52, 47, 6, 48, 42, 34, 29, 43, 7], [16, 9, 12, 11]]","[15, 4]",1258.9109737873077,0.8288574861613772,0.17114251383862286,-2.3014994164521245,-0.1714203231789848,0.0,-0.10588414946383322,0.0,0.3326582408494518,0.10752217541914887,0.11679170988387219,0.0,0.0,-0.10495195997123576,0.0,0.0,0.0,0.0,0.0,-0.06295201163722608,0.0,0.0,0.0,0.0,-0.228849278231036,0.0,0.0,0.0,0.0,0.0,0.0,0.0,0.15498394729939238,0.0,0.0,0.0,0.0,0.15701066420431106,0.0,0.0,0.0,0.0,0.0,0.0,0.0,-0.06660000607310318,0.09735182242555614,0.0,0.0,0.0,0.19665821565934447,-0.17681192979902421,0.0,0.0,0.0,-1.6289593506181288,0.0,0.0,0.39923069462812594,0.0,0.0,0.0,0.0,0.0,0.0,0.0,0.0,-0.33715630040040123,0.0,0.22771739845336136,0.16418255698573808,0.0,0.0,0.0,-0.7063503376528073,0.0,0.0,0.0,0.0,0.0,0.0,0.0,0.0,0.0,0.0,0.0,0.0,0.0,0.0,0.0,0.0,0.0,0.0,0.0,0.0,0.0,0.0,0.0,0.0,0.0,0.0,0.0,0.0,0.0,0.0,0.0,0.0,0.0,0.0,0.0,0.0,0.0,0.0,1.9758804395736909,7.212967440967681
246,363985011,True,,50.0,quantile_glm,7833.434500545705,-3778.274762247955,7756.298532136355,"[0, 5, 16, 12, 11, 26, 3, 13, 28, 18, 9, 17, 38, 47, 10, 14, 22, 21, 1, 6, 23, 49, 48, 46, 42, 27, 4, 24, 15, 43, 52, 45, 41, 51, 25, 33, 32, 19, 2, 50, 30, 54, 20, 31, 37, 8, 35, 53, 39, 40, 36]","[""Intercept"", ""xage"", ""child"", ""physlm"", ""disea"", ""xghindx"", ""black"", ""ghindx"", ""lnum"", ""lfam"", ""num"", ""fchild"", ""plan_11"", ""site_3"", ""mhi"", ""mdeoff"", ""fmde"", ""logc"", ""coins"", ""female"", ""hlthg"", ""site_5"", ""site_4"", ""site_2"", ""plan_16"", ""linc"", ""income"", ""hlthf"", ""pioff"", ""plan_17"", ""year_3"", ""plan_19"", ""plan_15"", ""year_2"", ""hlthp"", ""plan_6"", ""plan_5"", ""lpi"", ""tookphys"", ""site_6"", ""plan_3"", ""year_5"", ""idp"", ""plan_4"", ""plan_10"", ""time"", ""plan_8"", ""year_4"", ""plan_13"", ""plan_14"", ""plan_9""]","[[5, 16, 12, 11, 3, 47, 10, 22, 21, 1, 6, 42, 24, 43, 50], [5, 16, 12, 11]]","[15, 4]",1422.5293436050415,0.8415536091143688,0.15844639088563123,-2.0843001059759096,-0.08814630669496253,0.0,-0.08571398229976887,0.0,0.11031333581791027,0.12422635062683825,0.0,0.0,0.0,-0.10100339447052462,0.07285820240689612,0.09017763055528989,0.0,0.0,0.0,-0.21458683070554596,0.0,0.0,0.0,0.0,-0.24383175221853334,-0.11073758758212313,0.0,0.054330788928144656,0.0,0.0,0.0,0.0,0.0,0.0,0.0,0.0,0.0,0.0,0.0,0.0,0.0,0.0,0.0,0.0,0.0,-0.19748631454808738,0.1449703206725505,0.0,0.0,0.0,0.1792420379981465,0.0,0.0,-0.33152449661842825,0.0,0.0,0.0,0.0,0.3392672189417046,0.0,0.0,0.0,0.0,-0.16374617262118632,0.0,0.0,0.0,0.0,0.0,0.28176733188276204,0.27950739209055453,0.0,0.0,0.0,-0.9853000296623442,0.0,0.0,0.0,0.0,0.0,0.0,0.0,0.0,0.0,0.0,0.0,0.0,0.0,0.0,0.0,0.0,0.0,0.0,0.0,0.0,0.0,0.0,0.0,0.0,0.0,0.0,0.0,0.0,0.0,0.0,0.0,0.0,0.0,0.0,0.0,0.0,0.0,0.0,2.0238704157293177,7.5675579204710655
247,881763309,True,,50.0,quantile_glm,8045.775059856137,-3862.688020513122,7942.4945275919445,"[0, 5, 16, 11, 38, 12, 28, 18, 26, 9, 13, 3, 21, 22, 14, 17, 1, 10, 49, 41, 6, 42, 15, 47, 23, 19, 24, 45, 52, 2, 51, 48, 27, 33, 20, 46, 32, 31, 54, 39, 4, 7, 29, 8, 25, 34, 30, 50, 36, 43, 53]","[""Intercept"", ""xage"", ""child"", ""disea"", ""plan_11"", ""physlm"", ""lnum"", ""lfam"", ""xghindx"", ""num"", ""ghindx"", ""black"", ""logc"", ""fmde"", ""mdeoff"", ""fchild"", ""coins"", ""mhi"", ""site_5"", ""plan_15"", ""female"", ""plan_16"", ""pioff"", ""site_3"", ""hlthg"", ""lpi"", ""hlthf"", ""plan_19"", ""year_3"", ""tookphys"", ""year_2"", ""site_4"", ""linc"", ""plan_6"", ""idp"", ""site_2"", ""plan_5"", ""plan_4"", ""year_5"", ""plan_13"", ""income"", ""educdec"", ""plan_2"", ""time"", ""hlthp"", ""plan_7"", ""plan_3"", ""site_6"", ""plan_9"", ""plan_17"", ""year_4""]","[[5, 16, 11, 28, 18, 26, 21, 1, 6, 42, 47, 31, 29, 25, 34, 50, 43], [16, 11, 12, 50]]","[17, 4]",1270.368530511856,0.8309698068667491,0.16903019313325085,-2.086797622957536,-0.10479351583167162,0.0,0.0,0.0,0.23487250085182826,0.12766679220503482,0.0,0.0,0.0,0.0,0.024138202917332683,0.0,0.0,0.0,0.0,-0.11549542998108774,0.0,-0.04928144779900498,0.0,0.0,-0.3354620820215326,0.0,0.0,0.0,0.04606986015272165,-0.0569699999503318,0.0,-0.04928422328314843,0.11533368991936546,0.0,-0.09800216591631578,0.0,0.0,0.07411061540500292,0.0,0.0,0.0,0.0,0.0,0.0,0.0,-0.1529290172897051,0.10431997713656396,0.0,0.0,0.0,0.17649001176140675,0.0,0.0,-0.23013565645303594,0.0,0.0,0.0,0.0,0.4108843409760986,0.0,0.0,0.0,0.0,0.0,0.0,0.0,0.0,0.0,0.0,0.24614761307304345,0.2498524166083925,0.0,0.0,0.0,-0.6263916759870662,0.0,0.0,0.0,0.0,0.0,0.0,0.0,0.0,0.0,0.0,0.0,0.0,0.0,0.0,0.0,0.0,0.0,0.0,0.0,0.0,0.0,0.0,0.0,0.0,0.0,0.0,0.0,0.0,0.0,0.0,0.0,0.0,0.0,0.5515644137570922,0.0,0.0,0.0,0.0,1.9264737534812864,6.865258913286512
248,512115665,True,,100.0,kmeans_glm,7528.094027712948,-3702.40354747349,7482.969750110633,"[0, 5, 16, 12, 26, 13, 17, 3, 11, 38, 21, 22, 14, 9, 1, 28, 18, 10, 6, 42, 25, 41, 29, 49, 47, 15, 34, 48, 52, 33, 24, 40, 27, 19, 7, 45, 51, 4, 23, 54, 46, 44, 31, 2, 35, 8, 30, 43, 39, 20, 53]","[""Intercept"", ""xage"", ""child"", ""physlm"", ""xghindx"", ""ghindx"", ""fchild"", ""black"", ""disea"", ""plan_11"", ""logc"", ""fmde"", ""mdeoff"", ""num"", ""coins"", ""lnum"", ""lfam"", ""mhi"", ""female"", ""plan_16"", ""hlthp"", ""plan_15"", ""plan_2"", ""site_5"", ""site_3"", ""pioff"", ""plan_7"", ""site_4"", ""year_3"", ""plan_6"", ""hlthf"", ""plan_14"", ""linc"", ""lpi"", ""educdec"", ""plan_19"", ""year_2"", ""income"", ""hlthg"", ""year_5"", ""site_2"", ""plan_18"", ""plan_4"", ""tookphys"", ""plan_8"", ""time"", ""plan_3"", ""plan_17"", ""plan_13"", ""idp"", ""year_4""]","[[5, 11, 21, 29, 34], []]","[5, 0]",1395.7582087516785,0.8364767888400904,0.16352321115990967,-2.0448679318317486,0.0,0.0,0.0,0.0,0.3441720553629099,0.0,0.0,0.0,0.0,0.0,0.10284375799584689,0.0,0.0,0.0,0.0,0.0,0.0,0.0,0.0,0.0,-0.2532895978984734,0.0,0.0,0.0,0.0,0.0,0.0,0.0,0.1280264764526234,0.0,0.0,0.0,0.0,0.14012646910239862,0.0,0.0,0.0,0.0,0.0,0.0,0.0,0.0,0.0,0.0,0.0,0.0,0.0,0.0,0.0,0.0,0.0,0.0,0.0,0.0,0.7280802144049282,0.0,0.0,0.0,0.0,0.0,0.0,0.0,0.0,0.0,0.0,0.0,0.0,0.0,0.0,0.0,0.0,0.0,0.0,0.0,0.0,0.0,0.0,0.0,0.0,0.0,0.0,0.0,0.0,0.0,0.0,0.0,0.0,0.0,0.0,0.0,0.0,0.0,0.0,0.0,0.0,0.0,0.0,0.0,0.0,0.0,0.0,0.0,0.0,0.0,0.0,0.0,0.0,0.0,0.0,2.2295854146214524,9.296011290109451
249,444597376,True,,100.0,quantile_glm,7668.838910171524,-3749.4231626724945,7585.693719971269,"[0, 5, 16, 11, 12, 38, 28, 18, 22, 26, 14, 9, 21, 3, 13, 25, 10, 17, 1, 49, 15, 42, 19, 27, 41, 52, 48, 4, 2, 24, 33, 23, 45, 7, 47, 30, 54, 44, 50, 6, 40, 20, 53, 51, 31, 32, 36, 39, 37, 29, 35]","[""Intercept"", ""xage"", ""child"", ""disea"", ""physlm"", ""plan_11"", ""lnum"", ""lfam"", ""fmde"", ""xghindx"", ""mdeoff"", ""num"", ""logc"", ""black"", ""ghindx"", ""hlthp"", ""mhi"", ""fchild"", ""coins"", ""site_5"", ""pioff"", ""plan_16"", ""lpi"", ""linc"", ""plan_15"", ""year_3"", ""site_4"", ""income"", ""tookphys"", ""hlthf"", ""plan_6"", ""hlthg"", ""plan_19"", ""educdec"", ""site_3"", ""plan_3"", ""year_5"", ""plan_18"", ""site_6"", ""female"", ""plan_14"", ""idp"", ""year_4"", ""year_2"", ""plan_4"", ""plan_5"", ""plan_9"", ""plan_13"", ""plan_10"", ""plan_2"", ""plan_8""]","[[5, 16, 11, 21, 47, 50], []]","[6, 0]",1715.9549412727356,0.8359038543354704,0.16409614566452946,-1.9879943642369773,0.0,0.0,0.0,0.0,0.08710493039020176,0.0,0.0,0.0,0.0,0.0,0.1441033670511889,0.0,0.0,0.0,0.0,-0.2556943407208193,0.0,0.0,0.0,0.0,-0.31081928131219716,0.0,0.0,0.0,0.0,0.0,0.0,0.0,0.0,0.0,0.0,0.0,0.0,0.0,0.0,0.0,0.0,0.0,0.0,0.0,0.0,0.0,0.0,0.0,0.0,0.0,0.18434228548187057,0.0,0.0,-0.26308722782790644,0.0,0.0,0.0,0.0,0.9651034669281852,0.0,0.0,0.0,0.0,0.0,0.0,0.0,0.0,0.0,0.0,0.0,0.0,0.0,0.0,0.0,0.0,0.0,0.0,0.0,0.0,0.0,0.0,0.0,0.0,0.0,0.0,0.0,0.0,0.0,0.0,0.0,0.0,0.0,0.0,0.0,0.0,0.0,0.0,0.0,0.0,0.0,0.0,0.0,0.0,0.0,0.0,0.0,0.0,0.0,0.0,0.0,0.0,0.0,0.0,2.663606759532636,14.347945475732184
250,1992604783,True,,50.0,quantile_glm,7810.932291427435,-3781.5293194314563,7745.4381675781015,"[0, 5, 16, 12, 3, 11, 14, 38, 22, 1, 9, 21, 17, 28, 18, 26, 47, 13, 10, 15, 42, 49, 48, 6, 41, 43, 52, 19, 46, 45, 2, 4, 33, 23, 32, 31, 29, 51, 54, 27, 25, 7, 37, 34, 35, 24, 53, 36, 30, 8, 50]","[""Intercept"", ""xage"", ""child"", ""physlm"", ""black"", ""disea"", ""mdeoff"", ""plan_11"", ""fmde"", ""coins"", ""num"", ""logc"", ""fchild"", ""lnum"", ""lfam"", ""xghindx"", ""site_3"", ""ghindx"", ""mhi"", ""pioff"", ""plan_16"", ""site_5"", ""site_4"", ""female"", ""plan_15"", ""plan_17"", ""year_3"", ""lpi"", ""site_2"", ""plan_19"", ""tookphys"", ""income"", ""plan_6"", ""hlthg"", ""plan_5"", ""plan_4"", ""plan_2"", ""year_2"", ""year_5"", ""linc"", ""hlthp"", ""educdec"", ""plan_10"", ""plan_7"", ""plan_8"", ""hlthf"", ""year_4"", ""plan_9"", ""plan_3"", ""time"", ""site_6""]","[[5, 16, 3, 11, 22, 1, 21, 47, 10, 48, 6, 41, 43, 29, 34, 50], [50]]","[16, 1]",797.2236692905426,0.8407697222926904,0.1592302777073096,-2.171049432928236,-0.20165975666688946,0.0,-0.1066793785282241,0.0,0.29914338917389477,0.16429280174583263,0.0,0.0,0.0,-0.0287812356656467,0.09723923136246646,0.0,0.0,0.0,0.0,-0.08184139544967955,0.0,0.0,0.0,0.0,0.012792510119811007,-0.29523694521959903,0.0,0.0,0.0,0.0,0.0,0.0,0.1394840141103926,0.0,0.0,0.0,0.0,0.12102405310473417,0.0,0.0,0.0,0.0,0.0,0.0,-0.13576390421544252,0.0,0.19178347211004307,0.0,0.0,0.0,0.17208091878925932,-0.16041760751275624,0.0,-0.3415058061791747,0.0,0.0,0.0,0.0,0.7492279985190169,0.0,0.0,0.0,0.0,0.0,0.0,0.0,0.0,0.0,0.0,0.0,0.0,0.0,0.0,0.0,0.0,0.0,0.0,0.0,0.0,0.0,0.0,0.0,0.0,0.0,0.0,0.0,0.0,0.0,0.0,0.0,0.0,0.0,0.0,0.0,0.0,0.0,0.0,0.0,0.0,0.0,0.0,0.0,0.0,0.0,0.0,0.0,0.0,0.0,0.5151574441318567,0.0,0.0,0.0,0.0,2.0448041263773358,7.727644747887522
251,559133548,True,,50.0,quantile_glm,7710.841952720332,-3714.8509278763468,7629.450863393138,"[0, 5, 16, 12, 3, 22, 38, 17, 28, 18, 21, 9, 11, 14, 26, 10, 47, 48, 1, 13, 49, 6, 4, 25, 41, 42, 52, 46, 15, 50, 51, 45, 23, 33, 19, 54, 27, 7, 29, 44, 43, 24, 37, 2, 36, 32, 8, 39, 20, 34, 40]","[""Intercept"", ""xage"", ""child"", ""physlm"", ""black"", ""fmde"", ""plan_11"", ""fchild"", ""lnum"", ""lfam"", ""logc"", ""num"", ""disea"", ""mdeoff"", ""xghindx"", ""mhi"", ""site_3"", ""site_4"", ""coins"", ""ghindx"", ""site_5"", ""female"", ""income"", ""hlthp"", ""plan_15"", ""plan_16"", ""year_3"", ""site_2"", ""pioff"", ""site_6"", ""year_2"", ""plan_19"", ""hlthg"", ""plan_6"", ""lpi"", ""year_5"", ""linc"", ""educdec"", ""plan_2"", ""plan_18"", ""plan_17"", ""hlthf"", ""plan_10"", ""tookphys"", ""plan_9"", ""plan_5"", ""time"", ""plan_13"", ""idp"", ""plan_7"", ""plan_14""]","[[5, 16, 3, 22, 21, 11, 10, 47, 48, 6, 4, 41, 50, 29, 43, 34], [5, 12, 25]]","[16, 3]",2287.4424154758453,0.8409919314324287,0.15900806856757121,-2.1027752881242527,0.0,0.0,-0.08801269465741879,0.1323601690710583,0.23264354221253275,0.1214267798853741,0.0,0.0,0.0,-0.07949891263183284,0.05089706972796748,0.0,0.0,0.0,0.0,-0.12559561601196556,0.0,0.0,0.0,0.0,0.02285780956030397,-0.36383175700030534,0.0,0.0,0.0,0.0,0.0,0.0,0.06463251085849334,0.0,0.0,0.0,0.0,0.13966386420514174,0.0,0.0,0.0,0.0,0.0,0.0,-0.21662733766250877,0.0,0.1536945003549275,0.0,0.0,0.0,0.1718860597330027,-0.26134683386385865,0.0,-0.26278112888021915,0.0,0.0,0.0,0.0,0.4408985114354959,0.0,0.0,0.0,0.0,0.4393874436606472,0.0,0.0,0.0,0.0,0.0,0.0,0.35979005541860876,0.0,0.0,0.0,0.0,0.0,0.0,0.0,0.0,0.0,0.0,0.0,0.0,0.10838688639657626,0.0,0.0,0.0,0.0,0.0,0.0,0.0,0.0,0.0,0.0,0.0,0.0,0.0,0.0,0.0,0.0,0.0,0.0,0.0,0.0,0.0,0.0,0.0,0.0,0.0,0.0,0.0,0.0,0.0,2.1241473991290456,8.365761790819606
252,1390904793,True,,50.0,kmeans_glm,7965.0130017155025,-3895.710995168302,7930.3778217386525,"[0, 5, 16, 38, 11, 28, 18, 12, 9, 3, 14, 22, 17, 1, 21, 47, 26, 49, 42, 13, 6, 23, 10, 24, 48, 52, 15, 41, 33, 45, 53, 32, 40, 54, 19, 4, 51, 36, 30, 27, 20, 43, 7, 8, 2, 31, 46, 37, 39, 44, 29]","[""Intercept"", ""xage"", ""child"", ""plan_11"", ""disea"", ""lnum"", ""lfam"", ""physlm"", ""num"", ""black"", ""mdeoff"", ""fmde"", ""fchild"", ""coins"", ""logc"", ""site_3"", ""xghindx"", ""site_5"", ""plan_16"", ""ghindx"", ""female"", ""hlthg"", ""mhi"", ""hlthf"", ""site_4"", ""year_3"", ""pioff"", ""plan_15"", ""plan_6"", ""plan_19"", ""year_4"", ""plan_5"", ""plan_14"", ""year_5"", ""lpi"", ""income"", ""year_2"", ""plan_9"", ""plan_3"", ""linc"", ""idp"", ""plan_17"", ""educdec"", ""time"", ""tookphys"", ""plan_4"", ""site_2"", ""plan_10"", ""plan_13"", ""plan_18"", ""plan_2""]","[[5, 16, 11, 3, 1, 21, 47, 42, 6, 48, 43, 7], []]","[12, 0]",1165.114334821701,0.8383636205024604,0.16163637949753965,-2.0431621282360095,-0.0493734104860705,0.0,-0.10140945590065027,0.0,0.24452798420637412,0.12295531956624783,0.07532186612249644,0.0,0.0,0.0,0.10019784359201042,0.0,0.0,0.0,0.0,-0.21712222569369743,0.0,0.0,0.0,0.0,-0.27768553835525606,0.0,0.0,0.0,0.0,0.0,0.0,0.0,0.0,0.0,0.0,0.0,0.0,0.0,0.0,0.0,0.0,0.0,0.0,0.0,0.0,-0.3089246174266268,0.08710293614437124,0.0,0.0,0.0,0.26143718997723947,-0.11156325107359223,0.0,0.0,0.0,0.0,0.0,0.0,0.9613016031118764,0.0,0.0,0.0,0.0,0.0,0.0,0.0,0.0,0.0,0.0,0.0,0.0,0.0,0.0,0.0,0.0,0.0,0.0,0.0,0.0,0.0,0.0,0.0,0.0,0.0,0.0,0.0,0.0,0.0,0.0,0.0,0.0,0.0,0.0,0.0,0.0,0.0,0.0,0.0,0.0,0.0,0.0,0.0,0.0,0.0,0.0,0.0,0.0,0.0,0.0,0.0,0.0,0.0,0.0,2.394144290190001,10.958816478930801
253,1140290742,True,,50.0,quantile_glm,7944.35307102749,-3814.6955352067466,7829.140078053938,"[0, 5, 16, 12, 38, 17, 1, 13, 14, 3, 11, 22, 26, 21, 9, 28, 18, 10, 24, 47, 49, 41, 15, 52, 19, 48, 32, 2, 42, 31, 23, 33, 46, 30, 7, 6, 40, 20, 45, 54, 34, 36, 29, 8, 25, 44, 37, 43, 4, 51, 50]","[""Intercept"", ""xage"", ""child"", ""physlm"", ""plan_11"", ""fchild"", ""coins"", ""ghindx"", ""mdeoff"", ""black"", ""disea"", ""fmde"", ""xghindx"", ""logc"", ""num"", ""lnum"", ""lfam"", ""mhi"", ""hlthf"", ""site_3"", ""site_5"", ""plan_15"", ""pioff"", ""year_3"", ""lpi"", ""site_4"", ""plan_5"", ""tookphys"", ""plan_16"", ""plan_4"", ""hlthg"", ""plan_6"", ""site_2"", ""plan_3"", ""educdec"", ""female"", ""plan_14"", ""idp"", ""plan_19"", ""year_5"", ""plan_7"", ""plan_9"", ""plan_2"", ""time"", ""hlthp"", ""plan_18"", ""plan_10"", ""plan_17"", ""income"", ""year_2"", ""site_6""]","[[5, 16, 38, 1, 3, 11, 21, 10, 47, 48, 7, 6, 20, 34, 29, 43, 50], [16, 50]]","[17, 2]",880.5588707923889,0.8690947020538375,0.1309052979461625,-2.133744094668905,-0.2771180081789505,0.0,-0.09039071785654275,0.0,0.30334084387136206,0.1576556945583733,0.10491675736367732,0.0,0.0,-0.10061039957027404,0.04396136358677385,0.0,0.0,0.0,0.0,-0.052224636838506665,0.0,0.0,0.0,-0.16967479932084284,-0.11743851700566975,0.0,0.0,0.0,0.0,0.0,0.0,0.0,0.21910426579041797,0.0,0.0,0.0,0.0,0.09951555128959326,0.0,0.0,0.0,0.06363894197064837,0.0,0.0,0.0,0.0,0.08087668645749452,0.0,0.0,0.0,0.16593703916514418,-0.1823089680578724,0.0,-0.2685013146328233,0.0,0.0,0.0,0.0,0.7291810154678106,0.0,0.0,0.0,0.0,0.0,0.0,0.0,0.0,0.0,0.0,0.0,0.0,0.0,0.0,0.0,-0.6261314119446822,0.0,0.0,0.0,0.0,0.0,0.0,0.0,0.0,0.0,0.0,0.0,0.0,0.0,0.0,0.0,0.0,0.0,0.0,0.0,0.0,0.0,0.0,0.0,0.0,0.0,0.0,0.0,0.0,0.0,0.0,0.0,0.0,0.0,0.5013194884839751,0.0,0.0,0.0,0.0,1.7468758453995463,5.7366524618038595
254,1990061376,True,,100.0,kmeans_glm,7986.222141321197,-3890.949593489938,7894.80079999404,"[0, 5, 16, 11, 12, 26, 13, 17, 3, 28, 18, 38, 10, 22, 14, 9, 6, 21, 1, 49, 23, 48, 47, 25, 24, 52, 2, 33, 15, 42, 4, 46, 45, 32, 27, 41, 51, 54, 30, 44, 19, 7, 53, 29, 31, 37, 8, 35, 43, 34, 20]","[""Intercept"", ""xage"", ""child"", ""disea"", ""physlm"", ""xghindx"", ""ghindx"", ""fchild"", ""black"", ""lnum"", ""lfam"", ""plan_11"", ""mhi"", ""fmde"", ""mdeoff"", ""num"", ""female"", ""logc"", ""coins"", ""site_5"", ""hlthg"", ""site_4"", ""site_3"", ""hlthp"", ""hlthf"", ""year_3"", ""tookphys"", ""plan_6"", ""pioff"", ""plan_16"", ""income"", ""site_2"", ""plan_19"", ""plan_5"", ""linc"", ""plan_15"", ""year_2"", ""year_5"", ""plan_3"", ""plan_18"", ""lpi"", ""educdec"", ""year_4"", ""plan_2"", ""plan_4"", ""plan_10"", ""time"", ""plan_8"", ""plan_17"", ""plan_7"", ""idp""]","[[5, 16, 11, 3, 6, 21, 48, 47, 29], []]","[9, 0]",1265.6600320339203,0.8365194945607842,0.16348050543921577,-1.9591480535240176,0.0,0.0,-0.23971606155933017,0.0,0.28027760666936585,0.19308371376267577,0.0,0.0,0.0,0.0,0.0645874528207634,0.0,0.0,0.0,0.0,-0.1282110924693121,0.0,0.0,0.0,0.0,-0.2868674549790583,0.0,0.0,0.0,0.0,0.0,0.0,0.0,0.06532544881799693,0.0,0.0,0.0,0.0,0.0,0.0,0.0,0.0,0.0,0.0,0.0,0.0,0.0,0.0,0.0,0.0,0.0,0.1728836944303076,-0.1743504365397902,0.0,0.0,0.0,0.0,0.0,0.0,1.002904247190532,0.0,0.0,0.0,0.0,0.0,0.0,0.0,0.0,0.0,0.0,0.0,0.0,0.0,0.0,0.0,0.0,0.0,0.0,0.0,0.0,0.0,0.0,0.0,0.0,0.0,0.0,0.0,0.0,0.0,0.0,0.0,0.0,0.0,0.0,0.0,0.0,0.0,0.0,0.0,0.0,0.0,0.0,0.0,0.0,0.0,0.0,0.0,0.0,0.0,0.0,0.0,0.0,0.0,0.0,2.538487648879771,12.660509349439009
255,1182558109,True,,25.0,kmeans_glm,7729.840662855,-3644.336927849665,7653.432913129707,"[0, 5, 16, 12, 11, 38, 3, 22, 28, 18, 21, 9, 14, 26, 13, 10, 1, 49, 48, 6, 19, 17, 47, 15, 4, 46, 42, 52, 33, 45, 32, 27, 25, 51, 54, 40, 34, 30, 2, 37, 50, 24, 23, 20, 41, 7, 43, 35, 29, 36, 39]","[""Intercept"", ""xage"", ""child"", ""physlm"", ""disea"", ""plan_11"", ""black"", ""fmde"", ""lnum"", ""lfam"", ""logc"", ""num"", ""mdeoff"", ""xghindx"", ""ghindx"", ""mhi"", ""coins"", ""site_5"", ""site_4"", ""female"", ""lpi"", ""fchild"", ""site_3"", ""pioff"", ""income"", ""site_2"", ""plan_16"", ""year_3"", ""plan_6"", ""plan_19"", ""plan_5"", ""linc"", ""hlthp"", ""year_2"", ""year_5"", ""plan_14"", ""plan_7"", ""plan_3"", ""tookphys"", ""plan_10"", ""site_6"", ""hlthf"", ""hlthg"", ""idp"", ""plan_15"", ""educdec"", ""plan_17"", ""plan_8"", ""plan_2"", ""plan_9"", ""plan_13""]","[[5, 11, 38, 3, 22, 28, 18, 21, 10, 1, 49, 48, 6, 47, 4, 42, 52, 25, 51, 54, 34, 30, 50, 24, 41, 7, 43, 29], [16, 12, 11, 38, 3, 49, 19, 4, 46, 50]]","[28, 10]",1093.308965921402,0.8395689520192426,0.1604310479807573,-2.1721908689807514,0.02355489611632163,0.0,-0.06678392393708661,0.10097687835614116,0.19135084034456948,0.16972196156391717,0.10254391178157791,0.0,0.0,-0.10348225041298761,0.036135306662224045,0.0,0.0,0.0,0.0,0.0,0.0,-0.05092433887930511,0.0,0.0,0.15166493859175004,-0.2740510073275785,0.0,0.06689395235100203,0.08792434026362034,0.0,0.0,-0.05091951773578216,0.08227376159778649,-0.08223280255446176,0.0,0.0,0.0,0.1278805314952596,0.0,0.0,0.0,0.22021128922807132,0.0,0.0,-0.11378438287125638,-0.19223462975414793,0.12498917859407199,0.0,0.0,0.0,0.17818939748764356,-0.2976312128195639,-0.05111191431293607,-0.2938963787635231,-0.099935769339614,-0.1066944721801649,0.0,-1.1045515184484447,-0.30712399735221546,0.0,0.0,-0.7120793129935141,0.2789584160385018,0.0,0.0,0.0,0.0,0.0,0.0,0.2840186086267206,0.26294617655456887,0.0,0.0,0.0,-0.6644933375147547,0.0,0.0,-0.08106292392100795,0.0,0.0,0.0,0.0,0.0,0.0,0.0,0.0,0.0,0.0,0.0,0.0,0.0,0.0,0.0,0.0,0.0,0.0,0.3243778557080019,0.0,0.0,0.0,0.0,0.0,0.0,0.0,0.2793901075991801,0.0,0.0,-0.5587226252221305,0.8370927835704789,0.0,0.0,0.0,0.0,1.755530963536044,5.786519357206054
256,1893825324,True,,50.0,kmeans_glm,8026.910193918818,-3916.624340921553,7989.573992170411,"[0, 5, 16, 11, 12, 26, 13, 28, 18, 14, 22, 9, 38, 1, 3, 17, 21, 15, 10, 42, 19, 49, 6, 23, 52, 47, 32, 25, 24, 53, 45, 2, 54, 33, 4, 41, 31, 46, 48, 7, 36, 39, 27, 30, 35, 44, 29, 20, 51, 37, 8]","[""Intercept"", ""xage"", ""child"", ""disea"", ""physlm"", ""xghindx"", ""ghindx"", ""lnum"", ""lfam"", ""mdeoff"", ""fmde"", ""num"", ""plan_11"", ""coins"", ""black"", ""fchild"", ""logc"", ""pioff"", ""mhi"", ""plan_16"", ""lpi"", ""site_5"", ""female"", ""hlthg"", ""year_3"", ""site_3"", ""plan_5"", ""hlthp"", ""hlthf"", ""year_4"", ""plan_19"", ""tookphys"", ""year_5"", ""plan_6"", ""income"", ""plan_15"", ""plan_4"", ""site_2"", ""site_4"", ""educdec"", ""plan_9"", ""plan_13"", ""linc"", ""plan_3"", ""plan_8"", ""plan_18"", ""plan_2"", ""idp"", ""year_2"", ""plan_10"", ""time""]","[[5, 16, 11, 12, 22, 1, 3, 21, 42, 6, 47, 48, 7, 29], []]","[14, 0]",1270.6445772647858,0.8400356744740806,0.1599643255259194,-1.92947967290797,-0.09522070066261495,0.0,-0.13470884010585352,0.0,0.2256111950517211,0.1550497325297434,0.14421951351081858,0.0,0.0,0.0,0.09007993511982865,0.05618935144054107,0.0,0.0,0.0,-0.05891353203351175,0.0,0.0,0.0,0.0,-0.12257357690642323,-0.11827633457026858,0.0,0.0,0.0,0.0,0.0,0.0,0.08565009323016036,0.0,0.0,0.0,0.0,0.0,0.0,0.0,0.0,0.0,0.0,0.0,0.0,-0.15774488903913989,0.0,0.0,0.0,0.0,0.15420001302824246,-0.13594909347566078,0.0,0.0,0.0,0.0,0.0,0.0,0.8779098417810547,0.0,0.0,0.0,0.0,0.0,0.0,0.0,0.0,0.0,0.0,0.0,0.0,0.0,0.0,0.0,0.0,0.0,0.0,0.0,0.0,0.0,0.0,0.0,0.0,0.0,0.0,0.0,0.0,0.0,0.0,0.0,0.0,0.0,0.0,0.0,0.0,0.0,0.0,0.0,0.0,0.0,0.0,0.0,0.0,0.0,0.0,0.0,0.0,0.0,0.0,0.0,0.0,0.0,0.0,2.3813160430967395,10.819131942743054
257,1561831479,True,,50.0,quantile_glm,8027.731715748849,-3888.0954154991696,7984.624578101412,"[0, 5, 16, 11, 12, 28, 18, 9, 26, 10, 3, 13, 38, 22, 25, 17, 14, 6, 1, 21, 47, 19, 33, 49, 52, 15, 41, 46, 42, 2, 7, 50, 48, 45, 54, 40, 53, 23, 24, 43, 32, 29, 44, 31, 37, 36, 35, 51, 30, 8, 4]","[""Intercept"", ""xage"", ""child"", ""disea"", ""physlm"", ""lnum"", ""lfam"", ""num"", ""xghindx"", ""mhi"", ""black"", ""ghindx"", ""plan_11"", ""fmde"", ""hlthp"", ""fchild"", ""mdeoff"", ""female"", ""coins"", ""logc"", ""site_3"", ""lpi"", ""plan_6"", ""site_5"", ""year_3"", ""pioff"", ""plan_15"", ""site_2"", ""plan_16"", ""tookphys"", ""educdec"", ""site_6"", ""site_4"", ""plan_19"", ""year_5"", ""plan_14"", ""year_4"", ""hlthg"", ""hlthf"", ""plan_17"", ""plan_5"", ""plan_2"", ""plan_18"", ""plan_4"", ""plan_10"", ""plan_9"", ""plan_8"", ""year_2"", ""plan_3"", ""time"", ""income""]","[[5, 16, 11, 25, 6, 21, 47, 33, 41, 42, 50, 48, 43, 35], [16, 11, 12, 28, 18, 25]]","[14, 6]",2057.946621656418,0.7967301342877223,0.20326986571227762,-2.6610231696869464,0.0,0.0,0.0,0.0,0.25018524928234825,0.16237339341284832,0.0,0.0,0.0,0.0,0.06694937768074453,0.0,0.0,0.0,0.0,-0.1832527938087149,0.0,0.0,0.0,0.0,-0.208746134373047,0.0,0.0,0.0,0.058637899106122986,0.0,0.0,0.0,0.0,0.0,0.0,0.0,-2.3452526036245094,0.0,0.058599371857899325,0.0,0.0,0.0,0.0,0.0,-0.18808513320225964,-0.16153388907640662,0.09065736142612266,0.0,0.0,0.0,0.18478208337162566,-0.24967880713280033,0.0,-0.3488148571264973,0.0,0.0,0.0,0.0,0.3589695768513931,0.0,0.0,0.0,0.0,0.0,0.0,0.0,0.0,0.0,0.0,0.28153958946935564,0.2693796199344127,0.0,0.0,0.0,-0.36608927431843113,0.0,-0.07669994301173975,0.0,0.0,0.0,0.0,0.0,0.0,0.12774318789205466,0.0,0.0,-0.0767002957207086,0.0,0.0,0.0,0.0,0.0,0.0,0.0,0.0,0.0,0.0,0.0,0.0,0.0,0.0,0.0,0.0,0.0,0.0,0.0,0.0,0.0,0.0,0.0,0.0,0.0,0.0,1.8454473488747773,6.330931292010094
258,1775504797,True,,50.0,kmeans_glm,7922.893531929905,-3796.8089333602384,7828.105832211434,"[0, 5, 16, 12, 28, 18, 9, 17, 26, 11, 14, 38, 1, 3, 10, 22, 13, 21, 25, 42, 23, 6, 49, 47, 48, 52, 33, 2, 15, 32, 45, 54, 4, 24, 51, 41, 40, 19, 30, 29, 34, 46, 39, 31, 37, 43, 50, 8, 27, 35, 36]","[""Intercept"", ""xage"", ""child"", ""physlm"", ""lnum"", ""lfam"", ""num"", ""fchild"", ""xghindx"", ""disea"", ""mdeoff"", ""plan_11"", ""coins"", ""black"", ""mhi"", ""fmde"", ""ghindx"", ""logc"", ""hlthp"", ""plan_16"", ""hlthg"", ""female"", ""site_5"", ""site_3"", ""site_4"", ""year_3"", ""plan_6"", ""tookphys"", ""pioff"", ""plan_5"", ""plan_19"", ""year_5"", ""income"", ""hlthf"", ""year_2"", ""plan_15"", ""plan_14"", ""lpi"", ""plan_3"", ""plan_2"", ""plan_7"", ""site_2"", ""plan_13"", ""plan_4"", ""plan_10"", ""plan_17"", ""site_6"", ""time"", ""linc"", ""plan_8"", ""plan_9""]","[[5, 16, 28, 18, 11, 38, 1, 3, 22, 21, 25, 42, 6, 47, 48, 29, 34, 43, 50, 35], [16, 12, 50]]","[20, 3]",1347.483346939087,0.8283944146552119,0.17160558534478798,-2.5700663882588546,-0.07448050476929495,0.0,-0.12144778214082573,0.0,0.31230846804979845,0.1453417889128193,0.0,0.0,0.0,0.0,0.0527036402390785,0.0,0.0,0.0,0.0,-0.12409121719157933,0.0,-0.03486387879174687,0.0,0.0,0.046168681204565326,-0.14891306952865987,0.0,0.0,0.08430814250645537,0.0,0.0,-0.03486586349679587,0.1438179383275303,0.0,0.0,0.0,0.0,0.1379548597890004,0.075637006002901,0.0,0.0,0.22287855183818447,0.0,0.0,0.0,-1.901554888740539,0.12458811487095722,0.0,0.0,0.0,0.18551644848973925,-0.18973371053700194,0.0,-0.22796913305045532,0.0,0.0,0.0,0.0,0.41554743641311914,0.0,0.0,0.0,0.0,0.0,0.0,0.0,0.0,0.0,0.0,0.0,0.34835570154217477,0.0,0.0,0.0,-0.7138878382100076,0.0,0.0,0.0,0.0,0.0,0.0,0.0,0.0,0.0,0.0,0.0,0.0,0.0,0.0,0.0,0.0,0.0,0.0,0.0,0.0,0.0,0.0,0.0,0.0,0.0,0.0,0.0,0.0,0.0,0.0,0.0,0.0,0.0,0.48444557751819717,0.0,0.0,0.0,0.0,1.958263646006932,7.087010816037502
259,421568192,True,,50.0,kmeans_glm,7923.245213633061,-3843.9653519341227,7913.733929896574,"[0, 16, 5, 9, 28, 18, 12, 14, 38, 3, 17, 22, 11, 1, 21, 26, 42, 13, 19, 10, 49, 15, 23, 6, 52, 46, 45, 33, 25, 32, 30, 51, 24, 47, 48, 27, 4, 54, 36, 53, 29, 43, 40, 41, 31, 7, 8, 34, 20, 44, 39]","[""Intercept"", ""child"", ""xage"", ""num"", ""lnum"", ""lfam"", ""physlm"", ""mdeoff"", ""plan_11"", ""black"", ""fchild"", ""fmde"", ""disea"", ""coins"", ""logc"", ""xghindx"", ""plan_16"", ""ghindx"", ""lpi"", ""mhi"", ""site_5"", ""pioff"", ""hlthg"", ""female"", ""year_3"", ""site_2"", ""plan_19"", ""plan_6"", ""hlthp"", ""plan_5"", ""plan_3"", ""year_2"", ""hlthf"", ""site_3"", ""site_4"", ""linc"", ""income"", ""year_5"", ""plan_9"", ""year_4"", ""plan_2"", ""plan_17"", ""plan_14"", ""plan_15"", ""plan_4"", ""educdec"", ""time"", ""plan_7"", ""idp"", ""plan_18"", ""plan_13""]","[[16, 5, 28, 18, 14, 38, 3, 22, 11, 42, 19, 10, 6, 46, 25, 30, 24, 47, 48, 29, 7, 34], []]","[22, 0]",1265.3820869922638,0.844224549964196,0.15577545003580406,-2.7817325922480634,0.0,0.0,-0.22556849327898762,0.0,0.1699330173767273,0.23610023262469854,0.09265705608256075,0.0,0.0,-0.051187818472014576,0.02791083068395142,0.0,0.0,0.032846570670877935,0.0,-0.2861354561636057,0.0,-0.022985971172098836,-0.027926112628367646,0.0,0.0,-0.18939850293752178,0.0,0.08920317338772181,0.0996749639338282,0.0,0.0,-0.022974855069369554,0.08608023380213528,-1.3161819111588,0.0,0.0,0.0,0.12524787938176432,0.0,0.0,0.0,0.14001617041250367,0.0,0.0,0.0,-2.5341097138266524,0.0,0.0,0.0,0.07498295131535734,0.17050101034809584,-0.14382436547528643,0.0,0.0,0.0,0.0,0.0,0.0,0.8770512682363463,0.0,0.0,0.0,0.0,0.0,0.0,0.0,0.0,0.0,0.0,0.0,0.0,0.0,0.0,0.0,0.0,0.0,0.0,0.0,0.0,0.0,0.0,0.0,0.0,0.0,0.0,0.0,0.0,0.0,0.0,0.0,0.0,0.0,0.0,0.0,0.0,0.0,0.0,0.0,0.0,0.0,0.0,0.0,0.0,0.0,0.0,0.0,0.0,0.0,0.0,0.0,0.0,0.0,0.0,2.132619132519975,8.436935350355622
260,1684926235,True,,50.0,kmeans_glm,7638.1198916124,-3673.4652346906187,7564.048955946938,"[0, 5, 16, 11, 12, 28, 18, 9, 26, 14, 10, 13, 1, 3, 17, 38, 22, 49, 42, 52, 48, 21, 6, 45, 15, 47, 46, 24, 51, 41, 23, 30, 32, 39, 33, 25, 54, 53, 37, 31, 2, 19, 36, 4, 34, 7, 50, 20, 27, 8, 43]","[""Intercept"", ""xage"", ""child"", ""disea"", ""physlm"", ""lnum"", ""lfam"", ""num"", ""xghindx"", ""mdeoff"", ""mhi"", ""ghindx"", ""coins"", ""black"", ""fchild"", ""plan_11"", ""fmde"", ""site_5"", ""plan_16"", ""year_3"", ""site_4"", ""logc"", ""female"", ""plan_19"", ""pioff"", ""site_3"", ""site_2"", ""hlthf"", ""year_2"", ""plan_15"", ""hlthg"", ""plan_3"", ""plan_5"", ""plan_13"", ""plan_6"", ""hlthp"", ""year_5"", ""year_4"", ""plan_10"", ""plan_4"", ""tookphys"", ""lpi"", ""plan_9"", ""income"", ""plan_7"", ""educdec"", ""site_6"", ""idp"", ""linc"", ""time"", ""plan_17""]","[[5, 16, 11, 12, 10, 1, 3, 22, 49, 42, 52, 48, 21, 6, 47, 30, 25, 34, 50, 43], [50]]","[20, 1]",1228.5827329158783,0.8446288762683445,0.1553711237316555,-2.4557356161497816,-0.12520866369264,0.0,-0.09059173243594897,0.0,0.22032942284551496,0.10962879332191787,0.0,0.0,0.0,-0.06928741706156216,0.05436583172689206,0.04249977381175082,0.0,0.0,0.0,-0.17861810825342464,0.0,0.0,0.0,0.0,0.07565773365394056,-0.3274605910512397,0.0,0.0,0.05257420747107805,0.0,0.0,0.0,0.0,-1.1427921814794184,0.0,0.0,0.0,0.13883377070942146,0.0,0.0,0.0,0.0,0.0,0.0,0.0,-0.2357464036932097,0.1561245747359532,0.0,0.0,0.0,0.08641983707486367,-0.22151003904797492,-0.16002781716074171,-0.3068314852323638,0.0,-1.8377890624219917,0.0,0.0,0.7088191520572034,0.0,0.0,0.0,0.0,0.0,0.0,0.0,0.0,0.0,0.0,0.0,0.0,0.0,0.0,0.0,0.0,0.0,0.0,0.0,0.0,0.0,0.0,0.0,0.0,0.0,0.0,0.0,0.0,0.0,0.0,0.0,0.0,0.0,0.0,0.0,0.0,0.0,0.0,0.0,0.0,0.0,0.0,0.0,0.0,0.0,0.0,0.0,0.0,0.0,0.4710447586643824,0.0,0.0,0.0,0.0,2.352956010091806,10.516611031256655
261,1339811157,True,,50.0,kmeans_glm,7986.433495491986,-3877.139606032094,7945.343480242005,"[0, 5, 16, 11, 28, 18, 26, 13, 3, 12, 9, 38, 10, 22, 21, 14, 17, 1, 23, 6, 33, 52, 43, 19, 48, 45, 15, 41, 47, 7, 2, 49, 46, 42, 4, 51, 54, 27, 53, 40, 37, 25, 36, 32, 8, 29, 24, 34, 20, 39, 31]","[""Intercept"", ""xage"", ""child"", ""disea"", ""lnum"", ""lfam"", ""xghindx"", ""ghindx"", ""black"", ""physlm"", ""num"", ""plan_11"", ""mhi"", ""fmde"", ""logc"", ""mdeoff"", ""fchild"", ""coins"", ""hlthg"", ""female"", ""plan_6"", ""year_3"", ""plan_17"", ""lpi"", ""site_4"", ""plan_19"", ""pioff"", ""plan_15"", ""site_3"", ""educdec"", ""tookphys"", ""site_5"", ""site_2"", ""plan_16"", ""income"", ""year_2"", ""year_5"", ""linc"", ""year_4"", ""plan_14"", ""plan_10"", ""hlthp"", ""plan_9"", ""plan_5"", ""time"", ""plan_2"", ""hlthf"", ""plan_7"", ""idp"", ""plan_13"", ""plan_4""]","[[5, 16, 11, 28, 18, 13, 3, 38, 22, 21, 6, 33, 43, 48, 47, 7, 34, 31], []]","[18, 0]",1151.2716748714447,0.8288926245977103,0.17110737540228976,-2.0316880332440137,0.0,0.0,-0.16248881831953244,0.0,0.26487752743147,0.16873348159794857,0.17638067290157722,0.0,0.0,0.0,0.03736999281435089,0.0,-0.089433618728182,0.0,0.0,-0.13868043795373408,0.0,-0.012439351137233554,0.0,0.0,-0.11941360852807918,-0.2896576749107042,0.0,0.0,0.0,0.0,0.0,-0.0124394303926629,0.0,0.0,-0.08662204744846204,0.0,-0.09381895698096687,0.14720975973603695,0.0,0.0,0.0,0.007742957750659042,0.0,0.0,0.0,0.0,0.14567317803878613,0.0,0.0,0.0,0.1607115111224478,-0.21272994868115191,0.0,0.0,0.0,0.0,0.0,0.0,0.6631206569394956,0.0,0.0,0.0,0.0,0.0,0.0,0.0,0.0,0.0,0.0,0.0,0.0,0.0,0.0,0.0,0.0,0.0,0.0,0.0,0.0,0.0,0.0,0.0,0.0,0.0,0.0,0.0,0.0,0.0,0.0,0.0,0.0,0.0,0.0,0.0,0.0,0.0,0.0,0.0,0.0,0.0,0.0,0.0,0.0,0.0,0.0,0.0,0.0,0.0,0.0,0.0,0.0,0.0,0.0,2.1167002484672137,8.303692110358721
262,1717915110,True,,50.0,kmeans_glm,7874.967967888503,-3757.5737115068123,7749.635388504582,"[0, 5, 16, 12, 26, 11, 38, 13, 21, 22, 14, 28, 18, 25, 1, 3, 9, 17, 48, 6, 24, 15, 10, 49, 52, 47, 41, 27, 19, 4, 43, 42, 20, 39, 2, 54, 32, 31, 33, 30, 45, 40, 46, 51, 36, 23, 37, 29, 44, 8, 50]","[""Intercept"", ""xage"", ""child"", ""physlm"", ""xghindx"", ""disea"", ""plan_11"", ""ghindx"", ""logc"", ""fmde"", ""mdeoff"", ""lnum"", ""lfam"", ""hlthp"", ""coins"", ""black"", ""num"", ""fchild"", ""site_4"", ""female"", ""hlthf"", ""pioff"", ""mhi"", ""site_5"", ""year_3"", ""site_3"", ""plan_15"", ""linc"", ""lpi"", ""income"", ""plan_17"", ""plan_16"", ""idp"", ""plan_13"", ""tookphys"", ""year_5"", ""plan_5"", ""plan_4"", ""plan_6"", ""plan_3"", ""plan_19"", ""plan_14"", ""site_2"", ""year_2"", ""plan_9"", ""hlthg"", ""plan_10"", ""plan_2"", ""plan_18"", ""time"", ""site_6""]","[[5, 16, 12, 13, 21, 25, 1, 3, 48, 6, 49, 52, 47, 4, 43, 54, 31, 30, 29, 50], [5, 25, 50]]","[20, 3]",1988.5216147899628,0.8320800871529754,0.16791991284702457,-2.371149270991883,-0.12249485866288247,0.0,-0.009527651688111765,0.08087552016630316,0.09572433959501121,0.14603852426025235,0.0,0.0,0.0,0.0,0.0,0.04985835151111833,-0.14623717127265756,0.0,0.0,-0.09602378268450208,0.0,0.0,0.0,0.0,-0.34364795570209206,0.0,0.0,0.0,0.10965970629517188,0.0,0.0,0.0,0.06236730812861665,-0.10339695275291003,-0.09459761391768852,0.0,0.0,0.0,0.0,0.0,0.0,0.0,0.0,0.0,0.0,0.0,0.13640087994827033,0.0,0.0,0.0,0.07517041176232543,-0.2624715328970582,-0.20945222578846673,-0.3890701979720774,0.0,-1.9797067191704028,0.0,-1.097520251032984,0.353846543619897,0.0,0.0,0.0,0.0,0.7199138410524277,0.0,0.0,0.0,0.0,0.0,0.0,0.0,0.0,0.0,0.0,0.0,0.0,0.0,0.0,0.0,0.0,0.0,0.0,0.0,0.20660978586703835,0.0,0.0,0.0,0.0,0.0,0.0,0.0,0.0,0.0,0.0,0.0,0.0,0.0,0.0,0.0,0.0,0.0,0.0,0.0,0.0,0.0,0.0,0.0,0.0,0.5388618744847952,0.0,0.0,0.0,0.0,2.0471618281259176,7.745885724363339
263,2143980454,True,,50.0,kmeans_glm,8178.144351518194,-3944.678818546306,8089.106644733057,"[0, 5, 16, 11, 28, 18, 9, 26, 14, 12, 22, 38, 13, 21, 1, 3, 17, 10, 49, 42, 15, 19, 45, 23, 47, 41, 6, 24, 48, 51, 52, 46, 33, 2, 32, 25, 27, 54, 40, 30, 4, 50, 44, 29, 43, 8, 37, 39, 36, 20, 31]","[""Intercept"", ""xage"", ""child"", ""disea"", ""lnum"", ""lfam"", ""num"", ""xghindx"", ""mdeoff"", ""physlm"", ""fmde"", ""plan_11"", ""ghindx"", ""logc"", ""coins"", ""black"", ""fchild"", ""mhi"", ""site_5"", ""plan_16"", ""pioff"", ""lpi"", ""plan_19"", ""hlthg"", ""site_3"", ""plan_15"", ""female"", ""hlthf"", ""site_4"", ""year_2"", ""year_3"", ""site_2"", ""plan_6"", ""tookphys"", ""plan_5"", ""hlthp"", ""linc"", ""year_5"", ""plan_14"", ""plan_3"", ""income"", ""site_6"", ""plan_18"", ""plan_2"", ""plan_17"", ""time"", ""plan_10"", ""plan_13"", ""plan_9"", ""idp"", ""plan_4""]","[[5, 16, 11, 14, 22, 21, 1, 3, 10, 49, 42, 47, 6, 48, 50, 29], [11, 12, 50]]","[16, 3]",1251.4353070259094,0.8311898331194773,0.16881016688052278,-2.107459787396403,-0.14790325353657893,0.0,-0.08953168025314838,0.0,0.2395333149935883,0.14975382738165222,0.0,0.0,0.0,-0.050984573806583174,0.045409503888145554,0.0,0.0,-0.038445782070179714,0.0,-0.14117764867987168,0.0,0.0,0.0,0.0,-0.16083960048766993,-0.03916908380023196,0.0,0.0,0.0,0.0,0.0,0.0,0.09436353872854747,0.0,0.0,0.0,0.0,0.0,0.0,0.0,0.0,0.0,0.0,0.0,0.0,-0.19008612143500653,0.0,0.0,0.0,0.0,0.09423345455393463,-0.23808755082526897,-0.15500148296902308,-0.27359876100393693,0.0,0.0,0.0,0.0,0.685175001475896,0.0,0.0,0.0,0.0,0.0,0.0,0.0,0.0,0.0,0.0,0.3098362688585217,0.36291196483861876,0.0,0.0,0.0,0.0,0.0,0.0,0.0,0.0,0.0,0.0,0.0,0.0,0.0,0.0,0.0,0.0,0.0,0.0,0.0,0.0,0.0,0.0,0.0,0.0,0.0,0.0,0.0,0.0,0.0,0.0,0.0,0.0,0.0,0.0,0.0,0.0,0.0,0.423210754225305,0.0,0.0,0.0,0.0,1.980781955651986,7.248408703855824
264,435694559,True,,50.0,kmeans_glm,7947.936859218401,-3841.755242773598,7874.574753725014,"[0, 5, 16, 11, 12, 26, 28, 18, 13, 9, 3, 38, 17, 22, 14, 1, 21, 25, 42, 6, 19, 10, 47, 15, 48, 49, 52, 24, 41, 45, 32, 33, 23, 46, 54, 30, 34, 2, 31, 29, 51, 20, 8, 36, 53, 50, 44, 35, 39, 43, 37]","[""Intercept"", ""xage"", ""child"", ""disea"", ""physlm"", ""xghindx"", ""lnum"", ""lfam"", ""ghindx"", ""num"", ""black"", ""plan_11"", ""fchild"", ""fmde"", ""mdeoff"", ""coins"", ""logc"", ""hlthp"", ""plan_16"", ""female"", ""lpi"", ""mhi"", ""site_3"", ""pioff"", ""site_4"", ""site_5"", ""year_3"", ""hlthf"", ""plan_15"", ""plan_19"", ""plan_5"", ""plan_6"", ""hlthg"", ""site_2"", ""year_5"", ""plan_3"", ""plan_7"", ""tookphys"", ""plan_4"", ""plan_2"", ""year_2"", ""idp"", ""time"", ""plan_9"", ""year_4"", ""site_6"", ""plan_18"", ""plan_8"", ""plan_13"", ""plan_17"", ""plan_10""]","[[5, 16, 11, 3, 22, 1, 21, 25, 6, 47, 48, 24, 34, 29, 50, 43], [11, 12]]","[16, 2]",1259.1076874732971,0.8354445328201364,0.16455546717986355,-2.059836897980468,-0.2521262542640418,0.0,-0.17393803272828406,0.0,0.2182399879984756,0.10967971197469703,0.0,0.0,0.0,0.0,0.044569792578127265,0.0,0.0,0.0,0.0,-0.18989746015249184,0.0,0.0,0.0,0.0,-0.03813592970471588,-0.19977137803758302,0.0,0.07203066491727125,0.12140094106517152,0.0,0.0,0.0,0.13555660323290694,0.0,0.0,0.0,0.0,0.1227789761465812,0.0,0.0,0.0,0.0,0.0,0.0,0.0,0.0,0.1318362289977966,0.0,0.0,0.0,0.17119661269019,-0.21933056150899413,0.0,-0.2667082498736332,0.0,0.0,0.0,0.0,0.7039934966499138,0.0,0.0,0.0,0.0,0.0,0.0,0.0,0.0,0.0,0.0,0.3551163784904975,0.32135376963408496,0.0,0.0,0.0,0.0,0.0,0.0,0.0,0.0,0.0,0.0,0.0,0.0,0.0,0.0,0.0,0.0,0.0,0.0,0.0,0.0,0.0,0.0,0.0,0.0,0.0,0.0,0.0,0.0,0.0,0.0,0.0,0.0,0.0,0.0,0.0,0.0,0.0,0.0,0.0,0.0,0.0,0.0,2.3334625479458477,10.31359108190475
265,264167852,True,,50.0,quantile_glm,7989.557297119473,-3829.5722319927318,7867.578211088537,"[0, 5, 16, 12, 38, 28, 18, 22, 14, 11, 9, 21, 26, 1, 13, 17, 3, 15, 10, 49, 42, 48, 19, 6, 52, 47, 41, 23, 25, 24, 46, 2, 20, 37, 45, 54, 33, 30, 51, 32, 36, 39, 31, 4, 8, 50, 7, 43, 40, 44, 53]","[""Intercept"", ""xage"", ""child"", ""physlm"", ""plan_11"", ""lnum"", ""lfam"", ""fmde"", ""mdeoff"", ""disea"", ""num"", ""logc"", ""xghindx"", ""coins"", ""ghindx"", ""fchild"", ""black"", ""pioff"", ""mhi"", ""site_5"", ""plan_16"", ""site_4"", ""lpi"", ""female"", ""year_3"", ""site_3"", ""plan_15"", ""hlthg"", ""hlthp"", ""hlthf"", ""site_2"", ""tookphys"", ""idp"", ""plan_10"", ""plan_19"", ""year_5"", ""plan_6"", ""plan_3"", ""year_2"", ""plan_5"", ""plan_9"", ""plan_13"", ""plan_4"", ""income"", ""time"", ""site_6"", ""educdec"", ""plan_17"", ""plan_14"", ""plan_18"", ""year_4""]","[[5, 16, 22, 11, 21, 1, 3, 49, 42, 48, 6, 52, 47, 50, 43], [5, 38, 28, 18, 50]]","[15, 5]",2489.6170761585236,0.8260431295779214,0.1739568704220787,-2.28048089735507,-0.10884711251381951,0.0,-0.049686746758245776,0.0,0.16767962332697559,0.09551255303248743,0.0,0.0,0.0,0.0,0.12156068857056795,0.0,0.0,0.0,0.0,-0.1934018513608826,0.0,0.0,0.0,0.0,0.03685923255570482,-0.2752957910675295,0.0,0.0,0.0,0.0,0.0,0.0,0.0,0.0,0.0,0.0,0.0,0.0,0.0,0.0,0.0,0.0,0.0,0.0,0.0,-0.1005602207945848,0.1322827770362149,0.0,0.0,0.0,0.12712822521254288,-0.24190533073330076,-0.13942556765635297,-0.26690412813910047,0.0,-1.779843657128586,0.0,0.0,0.35162762113010837,0.0,0.0,0.0,0.0,0.5973460631085461,0.0,0.0,0.0,0.0,0.0,0.0,0.0,0.0,0.0,0.0,0.0,0.0,-0.18077453563307364,0.0,0.0,0.0,0.0,0.0,0.0,0.0,0.0,0.0,-0.18077353182807482,0.0,0.0,0.0,0.0,0.0,0.0,0.0,0.0,0.0,0.4123577473381807,0.0,0.0,0.0,0.0,0.0,0.0,0.0,0.0,0.0,0.0,0.0,0.4704359973928794,0.0,0.0,0.0,0.0,2.0527777002234244,7.789508001791962
266,321936076,True,,25.0,quantile_glm,8232.432837931588,-3913.4454275226844,8174.280433550491,"[0, 5, 16, 12, 9, 11, 28, 18, 3, 26, 17, 1, 13, 10, 38, 14, 49, 22, 4, 21, 42, 47, 24, 52, 15, 6, 48, 45, 2, 25, 19, 46, 41, 7, 27, 23, 51, 33, 54, 32, 31, 34, 30, 43, 36, 53, 39, 8, 37, 44, 50]","[""Intercept"", ""xage"", ""child"", ""physlm"", ""num"", ""disea"", ""lnum"", ""lfam"", ""black"", ""xghindx"", ""fchild"", ""coins"", ""ghindx"", ""mhi"", ""plan_11"", ""mdeoff"", ""site_5"", ""fmde"", ""income"", ""logc"", ""plan_16"", ""site_3"", ""hlthf"", ""year_3"", ""pioff"", ""female"", ""site_4"", ""plan_19"", ""tookphys"", ""hlthp"", ""lpi"", ""site_2"", ""plan_15"", ""educdec"", ""linc"", ""hlthg"", ""year_2"", ""plan_6"", ""year_5"", ""plan_5"", ""plan_4"", ""plan_7"", ""plan_3"", ""plan_17"", ""plan_9"", ""year_4"", ""plan_13"", ""time"", ""plan_10"", ""plan_18"", ""site_6""]","[[5, 16, 9, 11, 3, 1, 10, 38, 49, 22, 4, 42, 47, 24, 52, 6, 48, 25, 41, 23, 54, 31, 34, 43, 53, 50], [16, 12, 9, 11, 3, 38, 49, 2, 7, 50]]","[26, 10]",1085.880053281784,0.8195606976317958,0.18043930236820416,-2.555879680618311,0.009506932335362218,0.0,-0.09747493261127514,0.18529067464033155,0.23344628932387793,0.13356563138965213,0.0,0.0,-0.1430961311845423,-0.15611248743847683,-0.010728284437698053,0.0,0.0,0.0,0.0,-0.05811754706108517,0.0,0.0,0.0,0.0,0.0,-0.17929794902121268,-0.06425406294354741,0.128114640293916,0.06381852151548283,0.0,0.0,0.0,0.0,0.0,-0.06815047512921343,0.0,0.0,0.15256282748857036,0.0,0.0,0.0,0.15813399428811195,0.0,0.0,-0.1946999630191458,-0.23505925485459353,0.14947594126242794,0.0,0.0,0.0,0.1728997358040978,-0.17274887827844643,-0.15215427389139033,-0.21638971806935683,0.0,-1.7324958303230356,-0.32641407696938796,-1.0647265786724531,0.4069160038757946,0.0,0.16372560080561327,-0.3037640644010653,0.0,0.0,0.0,0.3171229154120105,0.0,-0.10489141724983346,0.0,0.24409981257642802,0.21955026508278674,0.0,0.0,0.0,-0.5539082866878272,0.0,0.0,0.0,0.0,0.0,0.0,0.0,0.0,0.0,0.0,0.0,0.0,0.0,0.0,0.0,0.0,0.0,0.0,0.0,0.0,0.0,0.10980756080856535,0.0,0.0,0.0,0.0,0.0,0.0,0.0,0.0,0.0,0.0,-0.18086315352351423,0.5991237648028991,0.0,0.0,0.0,0.0,1.7020872508484974,5.485384825309311
267,1778984432,True,,100.0,kmeans_glm,7914.539112329278,-3877.90959321011,7851.3513205091285,"[0, 5, 16, 11, 3, 17, 9, 28, 18, 38, 22, 14, 21, 12, 47, 10, 1, 26, 48, 6, 49, 13, 42, 45, 32, 23, 15, 33, 24, 52, 51, 34, 25, 41, 27, 19, 54, 46, 2, 4, 36, 8, 7, 50, 43, 40, 30, 20, 29, 53, 37]","[""Intercept"", ""xage"", ""child"", ""disea"", ""black"", ""fchild"", ""num"", ""lnum"", ""lfam"", ""plan_11"", ""fmde"", ""mdeoff"", ""logc"", ""physlm"", ""site_3"", ""mhi"", ""coins"", ""xghindx"", ""site_4"", ""female"", ""site_5"", ""ghindx"", ""plan_16"", ""plan_19"", ""plan_5"", ""hlthg"", ""pioff"", ""plan_6"", ""hlthf"", ""year_3"", ""year_2"", ""plan_7"", ""hlthp"", ""plan_15"", ""linc"", ""lpi"", ""year_5"", ""site_2"", ""tookphys"", ""income"", ""plan_9"", ""time"", ""educdec"", ""site_6"", ""plan_17"", ""plan_14"", ""plan_3"", ""idp"", ""plan_2"", ""year_4"", ""plan_10""]","[[5, 16, 11, 22, 21, 47, 50], []]","[7, 0]",1117.256911277771,0.8361194825094058,0.16388051749059412,-2.0047011540508723,0.0,0.0,0.0,0.0,0.2463791979259423,0.0,0.0,0.0,0.0,0.0,0.12744239802001828,0.0,0.0,0.0,0.0,-0.18909991834882633,0.0,0.0,0.0,0.0,-0.1881561222708913,-0.1537747768901005,0.0,0.0,0.0,0.0,0.0,0.0,0.0,0.0,0.0,0.0,0.0,0.0,0.0,0.0,0.0,0.0,0.0,0.0,0.0,0.0,0.0,0.0,0.0,0.0,0.2508836082281546,0.0,0.0,-0.30077666158868566,0.0,0.0,0.0,0.0,0.9559334928800378,0.0,0.0,0.0,0.0,0.0,0.0,0.0,0.0,0.0,0.0,0.0,0.0,0.0,0.0,0.0,0.0,0.0,0.0,0.0,0.0,0.0,0.0,0.0,0.0,0.0,0.0,0.0,0.0,0.0,0.0,0.0,0.0,0.0,0.0,0.0,0.0,0.0,0.0,0.0,0.0,0.0,0.0,0.0,0.0,0.0,0.0,0.0,0.0,0.0,0.0,0.0,0.0,0.0,0.0,2.435002362610211,11.415845684528662
268,537685946,True,,50.0,quantile_glm,7811.982264655926,-3754.4053679038916,7725.929222373484,"[0, 5, 16, 12, 28, 18, 9, 11, 3, 17, 26, 10, 14, 1, 22, 13, 21, 38, 42, 25, 47, 49, 24, 41, 52, 7, 29, 6, 32, 34, 15, 50, 48, 45, 51, 53, 54, 2, 35, 40, 46, 33, 30, 19, 8, 43, 37, 4, 44, 27, 23]","[""Intercept"", ""xage"", ""child"", ""physlm"", ""lnum"", ""lfam"", ""num"", ""disea"", ""black"", ""fchild"", ""xghindx"", ""mhi"", ""mdeoff"", ""coins"", ""fmde"", ""ghindx"", ""logc"", ""plan_11"", ""plan_16"", ""hlthp"", ""site_3"", ""site_5"", ""hlthf"", ""plan_15"", ""year_3"", ""educdec"", ""plan_2"", ""female"", ""plan_5"", ""plan_7"", ""pioff"", ""site_6"", ""site_4"", ""plan_19"", ""year_2"", ""year_4"", ""year_5"", ""tookphys"", ""plan_8"", ""plan_14"", ""site_2"", ""plan_6"", ""plan_3"", ""lpi"", ""time"", ""plan_17"", ""plan_10"", ""income"", ""plan_18"", ""linc"", ""hlthg""]","[[5, 16, 11, 3, 1, 22, 21, 42, 25, 47, 24, 7, 29, 6, 34, 50, 48, 43], [12, 28, 18]]","[18, 3]",1011.0371544361115,0.8507063866168894,0.14929361338311062,-2.0342535697412867,-0.13190319281243804,0.0,-0.07784315505523103,0.0,0.24636494110218723,0.11355257385491449,0.12850347390559905,0.0,0.0,0.0,0.06594116278101562,0.0,0.0,0.0,0.0,-0.10724295717329686,0.0,0.0,0.0,0.0,-0.04714229321624191,-0.19269437288831248,0.0,0.10628791154418787,0.10342672070364614,0.0,0.0,0.0,0.15024348246996863,0.0,0.0,0.0,0.0,0.13073444888946112,0.0,0.0,0.0,0.0,0.0,0.0,0.0,-0.09819786703192557,0.11448774584145364,0.0,0.0,0.0,0.1605967044112624,-0.19810960671156116,0.0,-0.2524277258573507,0.0,0.0,0.0,0.0,0.4099254246358583,0.0,0.0,0.0,0.0,0.0,0.0,0.0,0.0,0.0,0.0,0.0,0.3407625393831925,0.0,0.0,0.0,0.0,0.0,-0.27851088871934865,0.0,0.0,0.0,0.0,0.0,0.0,0.0,0.0,0.0,-0.2785096665032768,0.0,0.0,0.0,0.0,0.0,0.0,0.0,0.0,0.0,0.0,0.0,0.0,0.0,0.0,0.0,0.0,0.0,0.0,0.0,0.0,0.0,0.0,0.0,0.0,0.0,0.0,1.9711191327499125,7.178705919405336
269,2030931035,True,,50.0,kmeans_glm,8152.827478270752,-3912.507894501271,8050.819015030871,"[0, 5, 16, 28, 18, 12, 9, 3, 17, 10, 38, 22, 26, 21, 11, 14, 25, 1, 13, 50, 19, 47, 42, 49, 46, 51, 52, 15, 7, 24, 6, 45, 41, 34, 54, 29, 43, 33, 37, 31, 30, 44, 2, 32, 8, 20, 48, 23, 4, 53, 39]","[""Intercept"", ""xage"", ""child"", ""lnum"", ""lfam"", ""physlm"", ""num"", ""black"", ""fchild"", ""mhi"", ""plan_11"", ""fmde"", ""xghindx"", ""logc"", ""disea"", ""mdeoff"", ""hlthp"", ""coins"", ""ghindx"", ""site_6"", ""lpi"", ""site_3"", ""plan_16"", ""site_5"", ""site_2"", ""year_2"", ""year_3"", ""pioff"", ""educdec"", ""hlthf"", ""female"", ""plan_19"", ""plan_15"", ""plan_7"", ""year_5"", ""plan_2"", ""plan_17"", ""plan_6"", ""plan_10"", ""plan_4"", ""plan_3"", ""plan_18"", ""tookphys"", ""plan_5"", ""time"", ""idp"", ""site_4"", ""hlthg"", ""income"", ""year_4"", ""plan_13""]","[[5, 16, 3, 10, 38, 22, 21, 25, 50, 47, 42, 49, 24, 6, 34, 29, 43, 48, 4], [16, 12, 25]]","[19, 3]",1899.3130309581757,0.8374838312930629,0.16251616870693703,-2.0540640042045566,0.0,0.0,-0.09279883871843952,0.09192726887541246,0.22437336957820317,0.16258196055265148,0.0,0.0,0.0,-0.0814890740718805,0.0,0.0,0.0,0.0,0.0,-0.08317348641421667,0.0,0.0,0.0,0.0,0.11048049265844805,-0.14218281037713706,0.0,0.10584928487718451,0.09438491395605372,0.0,0.0,0.0,0.11086775233751747,0.0,0.0,0.0,0.0,0.15244927659851548,0.0,0.0,0.0,0.26845310585233345,0.0,0.0,0.0,-0.1293239598639311,0.14227975740483423,0.0,0.0,0.0,0.10836808473053969,-0.2703689289044215,-0.11338124181641145,-0.5015495842620348,0.0,0.0,0.0,0.0,0.5996165640057263,0.0,0.0,0.0,0.0,0.0,0.0,0.0,0.0,0.0,0.0,0.0,0.24513218002543977,0.0,0.0,0.0,-0.6084010517782267,0.0,0.0,0.0,0.0,0.0,0.0,0.0,0.0,0.16536790239998733,0.0,0.0,0.0,0.0,0.0,0.0,0.0,0.0,0.0,0.0,0.0,0.0,0.0,0.0,0.0,0.0,0.0,0.0,0.0,0.0,0.0,0.0,0.0,0.0,0.0,0.0,0.0,0.0,0.0,2.164512368067907,8.710353434613092
270,726111583,True,,25.0,kmeans_glm,8202.415482612505,-3924.088795226222,8238.990866270706,"[0, 5, 16, 28, 18, 3, 9, 26, 11, 12, 13, 17, 14, 22, 10, 49, 38, 15, 1, 25, 24, 19, 48, 21, 47, 6, 33, 52, 2, 45, 44, 46, 42, 39, 32, 41, 53, 54, 20, 51, 4, 27, 50, 30, 7, 35, 29, 34, 43, 40, 36]","[""Intercept"", ""xage"", ""child"", ""lnum"", ""lfam"", ""black"", ""num"", ""xghindx"", ""disea"", ""physlm"", ""ghindx"", ""fchild"", ""mdeoff"", ""fmde"", ""mhi"", ""site_5"", ""plan_11"", ""pioff"", ""coins"", ""hlthp"", ""hlthf"", ""lpi"", ""site_4"", ""logc"", ""site_3"", ""female"", ""plan_6"", ""year_3"", ""tookphys"", ""plan_19"", ""plan_18"", ""site_2"", ""plan_16"", ""plan_13"", ""plan_5"", ""plan_15"", ""year_4"", ""year_5"", ""idp"", ""year_2"", ""income"", ""linc"", ""site_6"", ""plan_3"", ""educdec"", ""plan_8"", ""plan_2"", ""plan_7"", ""plan_17"", ""plan_14"", ""plan_9""]","[[5, 16, 28, 18, 3, 11, 13, 14, 22, 49, 1, 25, 24, 48, 47, 6, 33, 52, 2, 46, 42, 39, 53, 54, 50, 7, 29, 34, 43, 36], [5, 16, 28, 18, 3, 11, 12, 14, 49, 25, 50]]","[30, 11]",1264.392070055008,0.3898880869003631,0.610111913099637,-1.7470306122160708,-0.06917724993681225,0.08710273756589379,-0.1082829937298307,0.0,0.23888362027714793,0.11211728386558643,0.12637529232580036,0.0,0.0,0.0,-0.007163208811001717,0.0,-0.0998197909764082,-0.12578562762106835,0.0,-0.017964840407608016,0.0,0.004547542642880094,0.0,0.0,0.0,-0.1612993489138242,0.0,0.1037910315665126,0.11202726153885917,0.0,0.0,0.00454899379999051,0.07725607772295869,0.0,0.0,0.0,-0.09744334792997732,0.06993905926857533,0.0,0.04367353326324588,0.0,0.0,0.09084514488375482,0.0,0.0,-0.09234877022774235,0.15637074905786294,0.0,0.0,-0.17881431352360164,-0.027931088877695277,-0.4376315730611696,-0.20177733681451082,-0.41028003339274366,0.0,-0.9975609398165951,-1.0710175774151618,-1.0499205191457988,-1.10338989792638,0.0,0.0,-0.6471827639545213,0.0,0.09086667857469703,0.0,0.0,0.0,0.0,0.0,0.2880323743526445,0.17259143475518632,0.0,-0.3119275136099858,0.0,-0.7389756774843631,0.0,-0.09985414545579487,0.0,0.0,0.0,0.0,0.0,0.0,0.0367274693603557,0.0,0.0,-0.09985364245586585,0.0,0.0,0.0,0.0,0.0,0.0,0.0,0.0,0.0,0.0,0.0,0.0,0.0,0.0,0.0,0.0,0.0,0.0,0.0,0.0,-0.6375324689749186,0.6193220554968076,0.0,0.0,0.0,0.0,2.963304798345277,19.361853160066516
271,841410817,True,,25.0,kmeans_glm,7690.783244095261,-3641.705331175535,7630.8002408561915,"[0, 5, 16, 12, 28, 18, 9, 26, 11, 13, 14, 38, 1, 3, 22, 17, 21, 15, 49, 42, 10, 41, 7, 24, 47, 52, 32, 6, 46, 45, 19, 51, 31, 33, 43, 37, 2, 36, 54, 48, 44, 34, 29, 23, 50, 30, 39, 8, 25, 27, 53]","[""Intercept"", ""xage"", ""child"", ""physlm"", ""lnum"", ""lfam"", ""num"", ""xghindx"", ""disea"", ""ghindx"", ""mdeoff"", ""plan_11"", ""coins"", ""black"", ""fmde"", ""fchild"", ""logc"", ""pioff"", ""site_5"", ""plan_16"", ""mhi"", ""plan_15"", ""educdec"", ""hlthf"", ""site_3"", ""year_3"", ""plan_5"", ""female"", ""site_2"", ""plan_19"", ""lpi"", ""year_2"", ""plan_4"", ""plan_6"", ""plan_17"", ""plan_10"", ""tookphys"", ""plan_9"", ""year_5"", ""site_4"", ""plan_18"", ""plan_7"", ""plan_2"", ""hlthg"", ""site_6"", ""plan_3"", ""plan_13"", ""time"", ""hlthp"", ""linc"", ""year_4""]","[[5, 16, 12, 13, 1, 3, 22, 49, 42, 47, 52, 6, 19, 51, 31, 43, 54, 48, 34, 29, 50, 25, 53], [16, 12, 28, 18, 11, 13, 14, 38, 1, 3, 7, 50, 53]]","[23, 13]",1333.450407743454,0.8299462153916056,0.17005378460839427,-2.494466823679345,-0.1751935038213922,0.0,-0.010537083311975802,0.0,0.22584951593873123,0.19449964392464147,0.0,0.0,0.0,0.0,0.0,0.05642106545872666,-0.09485553712431175,0.0,0.0,-0.10396494918078483,0.0,0.0,0.18146125756635043,0.0,0.0,-0.41137366895819316,0.0,0.0,0.025561016714164764,0.0,0.0,0.0,0.09362810225889374,0.0,-0.09235659203475913,0.0,0.0,0.1689466694993906,0.0,0.0,0.0,0.0,0.0,0.0,0.0,-0.14429134608010621,0.1862111049539049,0.0,0.0,0.0,0.09753424234093135,-0.1993982449988977,-0.0994413589407646,-0.4445910414291851,-0.1365434188743994,-1.4327578373692151,-0.2821073659388991,-1.0773681306867624,0.060130693832667954,-0.25921354908280564,0.0,-0.5368069093031826,0.0,0.0,0.0,0.38938411260265937,0.0,0.0,0.0,0.1615685080846572,0.20736533186963782,-0.1548360248357365,0.08401866827516428,0.0,-0.6438307467265871,0.0,-0.052538140039255166,0.0,0.0,0.0,0.0,0.0,0.0,0.0,0.0,0.0,-0.052538656923958815,0.0,0.0,0.0,0.0,0.0,0.0,0.0,0.0,0.0,0.15575072517298907,0.0,0.0,0.0,0.0,0.0,0.0,0.0,0.0,0.0,0.0,0.0,0.5597551251522939,0.0,0.0,0.10982052051894527,0.0,1.9067864211307164,6.731422047618583
272,1348327417,True,,100.0,quantile_glm,8182.577142835776,-4009.13114277156,8113.794419632029,"[0, 5, 16, 11, 12, 28, 18, 9, 38, 17, 22, 26, 13, 3, 14, 21, 49, 1, 42, 15, 19, 10, 6, 52, 24, 45, 25, 4, 32, 23, 33, 51, 29, 48, 47, 30, 54, 36, 46, 27, 41, 2, 20, 34, 7, 37, 50, 39, 8, 44, 35]","[""Intercept"", ""xage"", ""child"", ""disea"", ""physlm"", ""lnum"", ""lfam"", ""num"", ""plan_11"", ""fchild"", ""fmde"", ""xghindx"", ""ghindx"", ""black"", ""mdeoff"", ""logc"", ""site_5"", ""coins"", ""plan_16"", ""pioff"", ""lpi"", ""mhi"", ""female"", ""year_3"", ""hlthf"", ""plan_19"", ""hlthp"", ""income"", ""plan_5"", ""hlthg"", ""plan_6"", ""year_2"", ""plan_2"", ""site_4"", ""site_3"", ""plan_3"", ""year_5"", ""plan_9"", ""site_2"", ""linc"", ""plan_15"", ""tookphys"", ""idp"", ""plan_7"", ""educdec"", ""plan_10"", ""site_6"", ""plan_13"", ""time"", ""plan_18"", ""plan_8""]","[[5, 11, 22, 21, 29, 47, 50], []]","[7, 0]",1786.2192845344543,0.8294383083569979,0.170561691643002,-2.0538499496029785,0.0,0.0,0.0,0.0,0.4361393118255141,0.0,0.0,0.0,0.0,0.0,0.1505086756658444,0.0,0.0,0.0,0.0,0.0,0.0,0.0,0.0,0.0,-0.16007121707329092,-0.11447752944702351,0.0,0.0,0.0,0.0,0.0,0.0,0.0897103375313023,0.0,0.0,0.0,0.0,0.0,0.0,0.0,0.0,0.0,0.0,0.0,0.0,0.0,0.0,0.0,0.0,0.0,0.17897670962902673,0.0,0.0,-0.16053385939726567,0.0,0.0,0.0,0.0,0.9494985189839175,0.0,0.0,0.0,0.0,0.0,0.0,0.0,0.0,0.0,0.0,0.0,0.0,0.0,0.0,0.0,0.0,0.0,0.0,0.0,0.0,0.0,0.0,0.0,0.0,0.0,0.0,0.0,0.0,0.0,0.0,0.0,0.0,0.0,0.0,0.0,0.0,0.0,0.0,0.0,0.0,0.0,0.0,0.0,0.0,0.0,0.0,0.0,0.0,0.0,0.0,0.0,0.0,0.0,0.0,2.1351403002036995,8.45823311544793
273,1692403346,True,,50.0,quantile_glm,7943.891763909332,-3837.5173833829194,7866.099034943656,"[0, 5, 16, 11, 12, 3, 17, 38, 14, 22, 9, 28, 18, 21, 26, 1, 13, 47, 42, 15, 49, 4, 10, 27, 24, 19, 48, 52, 31, 32, 6, 53, 33, 41, 54, 46, 29, 45, 36, 37, 51, 7, 43, 25, 34, 23, 20, 35, 30, 8, 44]","[""Intercept"", ""xage"", ""child"", ""disea"", ""physlm"", ""black"", ""fchild"", ""plan_11"", ""mdeoff"", ""fmde"", ""num"", ""lnum"", ""lfam"", ""logc"", ""xghindx"", ""coins"", ""ghindx"", ""site_3"", ""plan_16"", ""pioff"", ""site_5"", ""income"", ""mhi"", ""linc"", ""hlthf"", ""lpi"", ""site_4"", ""year_3"", ""plan_4"", ""plan_5"", ""female"", ""year_4"", ""plan_6"", ""plan_15"", ""year_5"", ""site_2"", ""plan_2"", ""plan_19"", ""plan_9"", ""plan_10"", ""year_2"", ""educdec"", ""plan_17"", ""hlthp"", ""plan_7"", ""hlthg"", ""idp"", ""plan_8"", ""plan_3"", ""time"", ""plan_18""]","[[5, 16, 11, 3, 22, 21, 1, 47, 42, 4, 24, 31, 29, 43, 25, 34], [5, 11]]","[16, 2]",1053.871455669403,0.8419396907676513,0.15806030923234873,-2.024549657829317,-0.07858533156323051,0.0,-0.1624061077327286,0.1316449906448107,0.17027058809570608,0.0,0.0,0.0,0.0,0.0,0.10720438507451927,0.0,0.0,0.0,0.0,-0.18885552747086004,0.0,0.0,0.0,0.0,-0.08495574557751506,-0.2591294205632955,0.0,0.12563631166501177,0.07709470782144974,0.0,0.0,0.0,0.11244379615631284,0.0,-0.1223803064221006,0.0,0.0,0.13552613622098764,0.0,0.0,0.0,0.0,0.0,0.0,0.0,-0.14854531614262428,0.1581825559028638,0.0,0.0,0.0,0.2169283249708349,0.0,0.0,0.0,0.0,0.0,0.0,0.0,0.7102326438955955,0.0,0.0,0.0,0.0,0.4305381110006184,0.0,0.0,0.0,0.0,0.0,0.22133237657642893,0.0,0.0,0.0,0.0,0.0,0.0,0.0,0.0,0.0,0.0,0.0,0.0,0.0,0.0,0.0,0.0,0.0,0.0,0.0,0.0,0.0,0.0,0.0,0.0,0.0,0.0,0.0,0.0,0.0,0.0,0.0,0.0,0.0,0.0,0.0,0.0,0.0,0.0,0.0,0.0,0.0,0.0,0.0,2.2285291044084783,9.28619700282229
274,1465742003,True,,50.0,quantile_glm,7477.363625477069,-3620.8886808447733,7424.156890404735,"[0, 5, 16, 3, 11, 26, 13, 17, 12, 28, 18, 47, 9, 22, 49, 23, 14, 52, 1, 38, 21, 10, 42, 41, 29, 4, 50, 45, 43, 24, 54, 6, 48, 33, 2, 20, 32, 27, 15, 25, 39, 37, 19, 44, 51, 36, 46, 31, 30, 40, 8]","[""Intercept"", ""xage"", ""child"", ""black"", ""disea"", ""xghindx"", ""ghindx"", ""fchild"", ""physlm"", ""lnum"", ""lfam"", ""site_3"", ""num"", ""fmde"", ""site_5"", ""hlthg"", ""mdeoff"", ""year_3"", ""coins"", ""plan_11"", ""logc"", ""mhi"", ""plan_16"", ""plan_15"", ""plan_2"", ""income"", ""site_6"", ""plan_19"", ""plan_17"", ""hlthf"", ""year_5"", ""female"", ""site_4"", ""plan_6"", ""tookphys"", ""idp"", ""plan_5"", ""linc"", ""pioff"", ""hlthp"", ""plan_13"", ""plan_10"", ""lpi"", ""plan_18"", ""year_2"", ""plan_9"", ""site_2"", ""plan_4"", ""plan_3"", ""plan_14"", ""time""]","[[5, 16, 3, 11, 47, 49, 52, 1, 21, 42, 41, 29, 4, 50, 43, 6, 48], []]","[17, 0]",1068.9705905914307,0.854883622292899,0.14511637770710098,-2.227614783591341,-0.09272724639090278,0.0,-0.01974652593144752,0.061137991471441465,0.2543560374845736,0.18767002024350563,0.0,0.0,0.0,0.0,0.05774974318281733,0.0,0.0,0.0,0.0,-0.10520626815959881,0.0,0.0,0.0,0.0,-0.1823209001511626,0.0,0.0,0.0,0.0,0.0,0.0,0.0,0.11573656222368452,0.0,0.0,0.0,0.0,0.0,0.0,0.0,0.0,0.0,0.0,0.0,-0.09926337573613828,-0.13648601927320378,0.1332211887583971,0.0,0.0,0.0,0.06945038561450155,-0.17571666037564562,-0.10340637899058516,-0.4066546814963642,0.0,-1.3583524361446484,0.0,0.0,0.7585552487847398,0.0,0.0,0.0,0.0,0.0,0.0,0.0,0.0,0.0,0.0,0.0,0.0,0.0,0.0,0.0,0.0,0.0,0.0,0.0,0.0,0.0,0.0,0.0,0.0,0.0,0.0,0.0,0.0,0.0,0.0,0.0,0.0,0.0,0.0,0.0,0.0,0.0,0.0,0.0,0.0,0.0,0.0,0.0,0.0,0.0,0.0,0.0,0.0,0.0,0.0,0.0,0.0,0.0,0.0,2.4438976298779362,11.517845668972981
275,381938490,True,,50.0,kmeans_glm,7892.001808684601,-3796.7090201370866,7801.851787377246,"[0, 5, 16, 11, 38, 26, 12, 22, 13, 28, 18, 14, 21, 9, 3, 17, 1, 10, 25, 49, 15, 19, 23, 42, 33, 52, 41, 47, 6, 45, 48, 34, 51, 46, 32, 20, 54, 44, 4, 39, 2, 30, 43, 36, 31, 8, 7, 24, 53, 40, 50]","[""Intercept"", ""xage"", ""child"", ""disea"", ""plan_11"", ""xghindx"", ""physlm"", ""fmde"", ""ghindx"", ""lnum"", ""lfam"", ""mdeoff"", ""logc"", ""num"", ""black"", ""fchild"", ""coins"", ""mhi"", ""hlthp"", ""site_5"", ""pioff"", ""lpi"", ""hlthg"", ""plan_16"", ""plan_6"", ""year_3"", ""plan_15"", ""site_3"", ""female"", ""plan_19"", ""site_4"", ""plan_7"", ""year_2"", ""site_2"", ""plan_5"", ""idp"", ""year_5"", ""plan_18"", ""income"", ""plan_13"", ""tookphys"", ""plan_3"", ""plan_17"", ""plan_9"", ""plan_4"", ""time"", ""educdec"", ""hlthf"", ""year_4"", ""plan_14"", ""site_6""]","[[5, 16, 11, 22, 21, 3, 1, 10, 25, 49, 47, 6, 48, 34, 43, 31, 50], [5, 11, 25]]","[17, 3]",1550.68421292305,0.827430106112078,0.17256989388792185,-2.132677676109544,-0.1341152879545221,0.0,-0.06800695661185403,0.0,0.30919855378591216,0.09002136350452908,0.0,0.0,0.0,-0.08445508209983457,0.027367496035455244,0.0,0.0,0.0,0.0,-0.11814597815104773,0.0,0.0,0.0,0.0,-0.07934202901510237,-0.2667446280398933,0.0,0.0,0.07233925928584344,0.0,0.0,0.0,0.0,0.0,-0.13895082653414284,0.0,0.0,0.14004978558688816,0.0,0.0,0.0,0.0,0.0,0.0,0.0,0.0,0.1540382619401723,0.0,0.0,0.0,0.09904144445217247,-0.19811328136675324,-0.12432698416421484,-0.31705797177155526,0.0,0.0,0.0,0.0,0.5695850024503448,0.0,0.0,0.0,0.0,0.5088912050142171,0.0,0.0,0.0,0.0,0.0,0.2994809411596973,0.0,0.0,0.0,0.0,0.0,0.0,0.0,0.0,0.0,0.0,0.0,0.0,0.0,0.09262523668812504,0.0,0.0,0.0,0.0,0.0,0.0,0.0,0.0,0.0,0.0,0.0,0.0,0.0,0.0,0.0,0.0,0.0,0.0,0.0,0.0,0.0,0.0,0.0,0.0,0.0,0.0,0.0,0.0,0.0,2.090776982622111,8.091199443960859
276,1493331018,True,,25.0,kmeans_glm,7744.542267060811,-3717.0059328870784,7694.5540496529975,"[0, 5, 16, 11, 26, 12, 28, 18, 13, 17, 22, 9, 14, 3, 38, 10, 47, 21, 48, 1, 24, 52, 49, 25, 15, 41, 45, 42, 32, 33, 6, 19, 29, 54, 23, 46, 53, 7, 31, 51, 30, 36, 34, 35, 8, 37, 39, 20, 43, 40, 4]","[""Intercept"", ""xage"", ""child"", ""disea"", ""xghindx"", ""physlm"", ""lnum"", ""lfam"", ""ghindx"", ""fchild"", ""fmde"", ""num"", ""mdeoff"", ""black"", ""plan_11"", ""mhi"", ""site_3"", ""logc"", ""site_4"", ""coins"", ""hlthf"", ""year_3"", ""site_5"", ""hlthp"", ""pioff"", ""plan_15"", ""plan_19"", ""plan_16"", ""plan_5"", ""plan_6"", ""female"", ""lpi"", ""plan_2"", ""year_5"", ""hlthg"", ""site_2"", ""year_4"", ""educdec"", ""plan_4"", ""year_2"", ""plan_3"", ""plan_9"", ""plan_7"", ""plan_8"", ""time"", ""plan_10"", ""plan_13"", ""idp"", ""plan_17"", ""plan_14"", ""income""]","[[5, 16, 11, 22, 3, 10, 47, 21, 48, 1, 52, 25, 6, 29, 54, 53, 7, 31, 34, 8, 37, 43], [16, 11, 12, 14]]","[22, 4]",1421.6751322746277,0.8251512022355355,0.17484879776446435,-2.5897187112603217,-0.16363182714585392,0.0,-0.1505689376982377,0.0,0.19205379674284273,0.11784634624231956,0.09723360402532476,0.5242963153320507,0.0,-0.056401648539424386,0.06062710050616257,0.0,0.0,0.0,0.0,-0.08239959957053905,0.0,0.0,0.0,0.0,-0.020031487691313545,-0.3651467146236982,0.0,0.0,0.044614031170715766,0.0,0.0,0.0,0.16331595219394363,0.0,-0.03497197913820998,0.0,0.0,0.15060672270424824,0.0,0.0,0.13982239307796746,0.0,0.0,0.0,0.0,0.0,0.14786010229255292,0.0,0.0,0.0,0.22775858538918167,-0.27366191352039176,0.0,0.0,0.0,-2.0094420029238136,-1.114173334773934,-1.076143315122346,0.39750333918449243,0.0,0.0,0.0,0.0,0.0,0.0,0.0,0.0,0.0,0.0,0.20634329603868226,0.2124275764420338,0.0,-0.28675466561813545,0.0,-0.695537397882768,0.0,0.0,0.0,0.0,0.0,0.0,0.0,0.0,0.0,0.0,0.0,0.0,0.0,0.0,0.0,0.0,0.0,0.0,0.0,0.0,0.0,0.0,0.0,0.0,0.0,0.0,0.0,0.0,0.0,0.0,0.0,0.0,0.0,0.0,0.0,0.0,0.0,0.0,1.988970982801031,7.308009824043361
277,570590564,True,,50.0,kmeans_glm,8015.617535298865,-3887.162842883993,7948.020475020547,"[0, 5, 16, 11, 12, 26, 10, 17, 22, 13, 28, 18, 9, 3, 38, 14, 1, 21, 42, 15, 47, 24, 49, 32, 19, 35, 52, 2, 45, 25, 6, 33, 41, 53, 23, 54, 44, 34, 30, 4, 48, 40, 27, 31, 36, 43, 51, 29, 7, 8, 46]","[""Intercept"", ""xage"", ""child"", ""disea"", ""physlm"", ""xghindx"", ""mhi"", ""fchild"", ""fmde"", ""ghindx"", ""lnum"", ""lfam"", ""num"", ""black"", ""plan_11"", ""mdeoff"", ""coins"", ""logc"", ""plan_16"", ""pioff"", ""site_3"", ""hlthf"", ""site_5"", ""plan_5"", ""lpi"", ""plan_8"", ""year_3"", ""tookphys"", ""plan_19"", ""hlthp"", ""female"", ""plan_6"", ""plan_15"", ""year_4"", ""hlthg"", ""year_5"", ""plan_18"", ""plan_7"", ""plan_3"", ""income"", ""site_4"", ""plan_14"", ""linc"", ""plan_4"", ""plan_9"", ""plan_17"", ""year_2"", ""plan_2"", ""educdec"", ""time"", ""site_2""]","[[5, 11, 10, 22, 3, 21, 42, 47, 35, 25, 6, 34, 43, 29], [11, 12]]","[14, 2]",971.6098883152008,0.8452346698111722,0.15476533018882774,-2.0691884875698494,0.0,0.0,-0.12906851661360383,0.0,0.3822667592618835,0.06385280578996635,0.0,0.0,0.0,-0.06281802162576601,0.03163010073748152,0.0,0.0,0.0,0.0,0.0,0.0,0.0,0.0,0.0,-0.017038292582156715,-0.38651707405097824,0.0,0.0,0.04586111011713104,0.0,0.0,0.0,0.06195381467798897,0.0,0.0,0.0,0.0,0.17188953957148428,0.09051450991148934,0.0,0.0,0.0,0.0,0.0,0.0,-0.36598590528723884,0.14800063828375026,0.0,0.0,0.0,0.18409873054075518,0.0,0.0,0.0,0.0,0.0,0.0,0.0,0.7317632595540968,0.0,0.0,0.0,0.0,0.0,0.0,0.0,0.0,0.0,0.0,0.2821402949522693,0.335997375744136,0.0,0.0,0.0,0.0,0.0,0.0,0.0,0.0,0.0,0.0,0.0,0.0,0.0,0.0,0.0,0.0,0.0,0.0,0.0,0.0,0.0,0.0,0.0,0.0,0.0,0.0,0.0,0.0,0.0,0.0,0.0,0.0,0.0,0.0,0.0,0.0,0.0,0.0,0.0,0.0,0.0,0.0,2.1487121976297914,8.573809911845835
278,1976274830,True,,50.0,quantile_glm,8174.119715101394,-3950.5772959123233,8083.534120539835,"[0, 5, 16, 12, 26, 28, 18, 22, 9, 13, 14, 38, 11, 3, 10, 17, 21, 1, 6, 24, 49, 4, 15, 33, 48, 42, 47, 45, 52, 41, 32, 27, 19, 25, 51, 46, 53, 2, 37, 54, 23, 29, 39, 30, 20, 43, 50, 34, 8, 36, 44]","[""Intercept"", ""xage"", ""child"", ""physlm"", ""xghindx"", ""lnum"", ""lfam"", ""fmde"", ""num"", ""ghindx"", ""mdeoff"", ""plan_11"", ""disea"", ""black"", ""mhi"", ""fchild"", ""logc"", ""coins"", ""female"", ""hlthf"", ""site_5"", ""income"", ""pioff"", ""plan_6"", ""site_4"", ""plan_16"", ""site_3"", ""plan_19"", ""year_3"", ""plan_15"", ""plan_5"", ""linc"", ""lpi"", ""hlthp"", ""year_2"", ""site_2"", ""year_4"", ""tookphys"", ""plan_10"", ""year_5"", ""hlthg"", ""plan_2"", ""plan_13"", ""plan_3"", ""idp"", ""plan_17"", ""site_6"", ""plan_7"", ""time"", ""plan_9"", ""plan_18""]","[[5, 16, 22, 11, 21, 1, 6, 24, 48, 42, 47, 29, 43, 50], [16, 12, 50]]","[14, 3]",1080.562880039215,0.8314353775735516,0.16856462242644848,-2.0726404907198783,-0.1263521624894043,0.0,0.0,0.0,0.14034432251672274,0.17408096611802493,0.0,0.0,0.0,0.0,0.05834311387611914,0.0,0.0,0.0,0.0,-0.23889610170109835,0.0,0.0,0.0,0.0,-0.04233118134846396,-0.17653801647036735,0.0,0.08336752610129942,0.0,0.0,0.0,0.0,0.10466085561012199,0.0,0.0,0.0,0.0,0.0,0.0,0.0,0.0,0.0,0.0,0.0,0.0,-0.15044578803426117,0.09641512978483048,0.0,0.0,0.0,0.16174707804108554,-0.16629192999117431,0.0,-0.28359875610767216,0.0,0.0,0.0,0.0,0.46546028114224147,0.0,0.0,0.0,0.0,0.0,0.0,0.0,0.0,0.0,0.0,0.0,0.17524112135143904,0.0,0.0,0.0,-0.7228038634221465,0.0,0.0,0.0,0.0,0.0,0.0,0.0,0.0,0.0,0.0,0.0,0.0,0.0,0.0,0.0,0.0,0.0,0.0,0.0,0.0,0.0,0.0,0.0,0.0,0.0,0.0,0.0,0.0,0.0,0.0,0.0,0.0,0.0,0.5502920064483089,0.0,0.0,0.0,0.0,1.9049941882921688,6.719368576514494
279,1651086811,True,,50.0,kmeans_glm,8009.420585763112,-3831.8444582808656,7880.807403127432,"[0, 5, 16, 12, 26, 28, 18, 11, 13, 9, 3, 38, 10, 14, 17, 22, 49, 47, 21, 1, 25, 52, 6, 42, 41, 19, 15, 48, 7, 2, 32, 51, 33, 53, 30, 23, 54, 45, 27, 46, 37, 24, 4, 8, 44, 20, 35, 36, 40, 29, 50]","[""Intercept"", ""xage"", ""child"", ""physlm"", ""xghindx"", ""lnum"", ""lfam"", ""disea"", ""ghindx"", ""num"", ""black"", ""plan_11"", ""mhi"", ""mdeoff"", ""fchild"", ""fmde"", ""site_5"", ""site_3"", ""logc"", ""coins"", ""hlthp"", ""year_3"", ""female"", ""plan_16"", ""plan_15"", ""lpi"", ""pioff"", ""site_4"", ""educdec"", ""tookphys"", ""plan_5"", ""year_2"", ""plan_6"", ""year_4"", ""plan_3"", ""hlthg"", ""year_5"", ""plan_19"", ""linc"", ""site_2"", ""plan_10"", ""hlthf"", ""income"", ""time"", ""plan_18"", ""idp"", ""plan_8"", ""plan_9"", ""plan_14"", ""plan_2"", ""site_6""]","[[5, 16, 26, 11, 3, 38, 10, 49, 47, 21, 25, 6, 48, 27, 24, 29, 50], [16, 12, 11, 50]]","[17, 4]",1345.848539352417,0.8252233969482138,0.17477660305178622,-2.1789007089397714,0.0,0.0,-0.08935976562923582,0.0,0.20635463926554268,0.23568456572863167,0.0,0.0,0.0,-0.07184892421257293,0.03244442293842033,0.0,0.0,0.0,0.0,-0.18629135991676116,0.0,0.0,0.0,0.0,0.03965028701171973,0.0,0.0,0.10635427844150548,0.07983757664767156,-0.049304594083069746,0.13862785173779077,0.0,0.09894488639135274,0.0,0.0,0.0,0.0,0.0,0.0,0.0,0.0,0.31325191267211155,0.0,0.0,0.0,0.0,0.0,0.0,0.0,0.0,0.13879382097275894,-0.2485390583698698,-0.16213444012838638,-0.33408360726206926,0.0,0.0,0.0,0.0,0.4618463488282154,0.0,0.0,0.0,0.0,0.0,0.0,0.0,0.0,0.0,0.0,0.31109019845974684,0.27026932267614345,0.0,0.0,0.0,-0.7252586712300393,0.0,0.0,0.0,0.0,0.0,0.0,0.0,0.0,0.0,0.0,0.0,0.0,0.0,0.0,0.0,0.0,0.0,0.0,0.0,0.0,0.0,0.0,0.0,0.0,0.0,0.0,0.0,0.0,0.0,0.0,0.0,0.0,0.0,0.5264238624883996,0.0,0.0,0.0,0.0,1.878570909576593,6.544146000075751
280,629755154,True,,50.0,quantile_glm,7912.531725702758,-3852.521131098007,7896.106530373831,"[0, 5, 16, 12, 26, 38, 28, 18, 13, 17, 9, 14, 11, 22, 3, 1, 21, 24, 6, 15, 10, 46, 49, 47, 45, 51, 2, 42, 36, 48, 25, 32, 19, 52, 33, 40, 54, 41, 37, 23, 4, 44, 43, 30, 39, 27, 34, 53, 31, 50, 8]","[""Intercept"", ""xage"", ""child"", ""physlm"", ""xghindx"", ""plan_11"", ""lnum"", ""lfam"", ""ghindx"", ""fchild"", ""num"", ""mdeoff"", ""disea"", ""fmde"", ""black"", ""coins"", ""logc"", ""hlthf"", ""female"", ""pioff"", ""mhi"", ""site_2"", ""site_5"", ""site_3"", ""plan_19"", ""year_2"", ""tookphys"", ""plan_16"", ""plan_9"", ""site_4"", ""hlthp"", ""plan_5"", ""lpi"", ""year_3"", ""plan_6"", ""plan_14"", ""year_5"", ""plan_15"", ""plan_10"", ""hlthg"", ""income"", ""plan_18"", ""plan_17"", ""plan_3"", ""plan_13"", ""linc"", ""plan_7"", ""year_4"", ""plan_4"", ""site_6"", ""time""]","[[5, 16, 11, 22, 3, 1, 6, 47, 48, 25, 43, 34, 50], [5, 16, 12, 38, 50]]","[13, 5]",1293.6085977554321,0.8019754055022578,0.19802459449774215,-3.5221167905325528,-0.10435713876089206,0.0,-0.21364680892278815,0.0,0.24824747050996035,0.13859104284140938,0.0,0.0,0.0,0.0,0.08421618392927929,0.0,0.0,0.0,0.0,-0.15563579477855533,0.0,0.0,0.0,0.0,0.0,-0.3393846572002379,0.0,0.0,-10.149294435109478,0.0,0.0,0.0,0.0,0.0,0.0,0.0,0.0,0.19094509711415944,0.0,0.0,0.0,0.0,0.0,0.0,0.0,0.0,0.1716338190236651,0.0,0.0,0.0,0.1675532819793788,-0.17150392706846165,0.0,-0.2462236273996784,0.0,0.0,0.0,0.0,0.19616949328113484,0.0,0.0,0.0,0.0,0.3454741538049932,0.0,0.0,0.0,0.0,0.0,0.0,0.2637518270114426,0.0,0.0,0.0,-0.5865235766010783,0.0,0.0,0.0,0.0,0.0,0.0,0.0,0.0,0.0,0.0,0.0,0.0,0.0,0.0,0.0,0.0,0.0,0.0,0.0,0.0,0.0,0.2924138519216403,0.0,0.0,0.0,0.0,0.0,0.0,0.0,0.0,0.0,0.0,0.0,0.39211292987845436,0.0,0.0,0.0,0.0,1.5856081376987659,4.882259561983924
281,700684198,True,,50.0,kmeans_glm,7748.451572537231,-3752.223452003223,7678.141693259006,"[0, 5, 16, 12, 11, 28, 18, 9, 3, 14, 17, 1, 26, 38, 22, 49, 13, 21, 42, 24, 34, 6, 10, 47, 48, 52, 15, 32, 45, 51, 19, 46, 53, 40, 43, 23, 36, 41, 54, 37, 7, 25, 29, 30, 33, 8, 31, 27, 2, 39, 4]","[""Intercept"", ""xage"", ""child"", ""physlm"", ""disea"", ""lnum"", ""lfam"", ""num"", ""black"", ""mdeoff"", ""fchild"", ""coins"", ""xghindx"", ""plan_11"", ""fmde"", ""site_5"", ""ghindx"", ""logc"", ""plan_16"", ""hlthf"", ""plan_7"", ""female"", ""mhi"", ""site_3"", ""site_4"", ""year_3"", ""pioff"", ""plan_5"", ""plan_19"", ""year_2"", ""lpi"", ""site_2"", ""year_4"", ""plan_14"", ""plan_17"", ""hlthg"", ""plan_9"", ""plan_15"", ""year_5"", ""plan_10"", ""educdec"", ""hlthp"", ""plan_2"", ""plan_3"", ""plan_6"", ""time"", ""plan_4"", ""linc"", ""tookphys"", ""plan_13"", ""income""]","[[5, 16, 11, 3, 22, 21, 42, 34, 6, 47, 48, 43, 7, 29], [12, 11]]","[14, 2]",1460.5363795757294,0.8447512496782718,0.15524875032172836,-2.1054607377190546,0.0,0.0,-0.14850641128550957,0.0,0.23358432941903357,0.159741566115918,0.1003493759233112,0.0,0.0,0.0,0.09980121072931349,0.0,0.0,0.0,0.0,-0.16714663863260348,0.0,0.0,0.0,0.0,0.01614123912272505,-0.31952682988214054,0.0,0.0,0.0,0.0,0.0,0.0,0.0788125372951441,0.0,0.0,0.0,0.0,0.18607885667398447,0.0,0.0,0.0,0.0,0.0,0.0,0.0,-0.25947061961946677,0.15388717270120136,0.0,0.0,0.0,0.2058313743348471,-0.19754151905554498,0.0,0.0,0.0,0.0,0.0,0.0,0.6797881537956595,0.0,0.0,0.0,0.0,0.0,0.0,0.0,0.0,0.0,0.0,0.26569426157818044,0.3186542151069993,0.0,0.0,0.0,0.0,0.0,0.0,0.0,0.0,0.0,0.0,0.0,0.0,0.0,0.0,0.0,0.0,0.0,0.0,0.0,0.0,0.0,0.0,0.0,0.0,0.0,0.0,0.0,0.0,0.0,0.0,0.0,0.0,0.0,0.0,0.0,0.0,0.0,0.0,0.0,0.0,0.0,0.0,2.209985046670626,9.115580083749743
282,1226931611,True,,50.0,quantile_glm,7849.237752238711,-3814.7180480555553,7785.761406438415,"[0, 5, 16, 11, 12, 26, 38, 28, 18, 22, 17, 9, 13, 21, 3, 14, 48, 10, 23, 47, 49, 6, 24, 19, 1, 52, 15, 42, 51, 32, 20, 2, 27, 4, 41, 45, 33, 53, 39, 25, 54, 30, 36, 40, 46, 8, 7, 35, 34, 31, 44]","[""Intercept"", ""xage"", ""child"", ""disea"", ""physlm"", ""xghindx"", ""plan_11"", ""lnum"", ""lfam"", ""fmde"", ""fchild"", ""num"", ""ghindx"", ""logc"", ""black"", ""mdeoff"", ""site_4"", ""mhi"", ""hlthg"", ""site_3"", ""site_5"", ""female"", ""hlthf"", ""lpi"", ""coins"", ""year_3"", ""pioff"", ""plan_16"", ""year_2"", ""plan_5"", ""idp"", ""tookphys"", ""linc"", ""income"", ""plan_15"", ""plan_19"", ""plan_6"", ""year_4"", ""plan_13"", ""hlthp"", ""year_5"", ""plan_3"", ""plan_9"", ""plan_14"", ""site_2"", ""time"", ""educdec"", ""plan_8"", ""plan_7"", ""plan_4"", ""plan_18""]","[[5, 16, 11, 22, 21, 3, 48, 47, 6, 24, 42], [5, 11, 25]]","[11, 3]",2213.5338230133057,0.8367545576951843,0.16324544230481583,-2.025766340391309,0.0,0.0,-0.2446475207180012,0.0,0.15811485716472856,0.141056076435582,0.0,0.0,0.0,0.0,0.04684370491994318,0.0,0.0,0.0,0.0,-0.16110880584306214,0.0,0.0,0.0,0.0,-0.12177271611667953,-0.14118574224687824,0.0,0.07543077530247912,0.0,0.0,0.0,0.0,0.0,0.0,0.0,0.0,0.0,0.0,0.0,0.0,0.0,0.0,0.0,0.0,0.0,-0.15417160448453215,0.0,0.0,0.0,0.0,0.15601942432552143,-0.2728270588141962,0.0,0.0,0.0,0.0,0.0,0.0,0.6073227925082507,0.0,0.0,0.0,0.0,0.5269391332029968,0.0,0.0,0.0,0.0,0.0,0.3344383642823538,0.0,0.0,0.0,0.0,0.0,0.0,0.0,0.0,0.0,0.0,0.0,0.0,0.0,0.09095953263148629,0.0,0.0,0.0,0.0,0.0,0.0,0.0,0.0,0.0,0.0,0.0,0.0,0.0,0.0,0.0,0.0,0.0,0.0,0.0,0.0,0.0,0.0,0.0,0.0,0.0,0.0,0.0,0.0,0.0,2.2055299499986476,9.07505962156403
283,660517327,True,,50.0,kmeans_glm,7973.784126740575,-3861.0036165124757,7913.071501202769,"[0, 5, 16, 12, 26, 13, 22, 38, 28, 18, 21, 9, 11, 14, 3, 1, 10, 17, 6, 49, 25, 48, 42, 47, 15, 19, 52, 24, 41, 32, 4, 33, 23, 29, 45, 34, 51, 53, 54, 46, 37, 30, 43, 2, 40, 27, 8, 35, 44, 36, 7]","[""Intercept"", ""xage"", ""child"", ""physlm"", ""xghindx"", ""ghindx"", ""fmde"", ""plan_11"", ""lnum"", ""lfam"", ""logc"", ""num"", ""disea"", ""mdeoff"", ""black"", ""coins"", ""mhi"", ""fchild"", ""female"", ""site_5"", ""hlthp"", ""site_4"", ""plan_16"", ""site_3"", ""pioff"", ""lpi"", ""year_3"", ""hlthf"", ""plan_15"", ""plan_5"", ""income"", ""plan_6"", ""hlthg"", ""plan_2"", ""plan_19"", ""plan_7"", ""year_2"", ""year_4"", ""year_5"", ""site_2"", ""plan_10"", ""plan_3"", ""plan_17"", ""tookphys"", ""plan_14"", ""linc"", ""time"", ""plan_8"", ""plan_18"", ""plan_9"", ""educdec""]","[[5, 16, 26, 22, 11, 3, 1, 10, 6, 48, 42, 47, 52, 29, 34, 43], [12, 25]]","[16, 2]",1144.2976956367493,0.8310108635826491,0.16898913641735097,-2.335562597379242,-0.21497469654062654,0.0,-0.1869709178790191,0.0,0.2054629256504406,0.12884886345356608,0.0,0.0,0.0,-0.03069794185749255,0.07156408932895716,0.0,0.0,0.0,0.0,-0.11802072438302237,0.0,0.0,0.0,0.0,0.0,-0.269147825070857,0.0,0.0,0.0,-0.07570940465504461,0.0,0.0,0.169147407531115,0.0,0.0,0.0,0.0,0.13898546280944674,0.0,0.0,0.0,0.0,0.0,0.0,0.0,-0.23048579181736295,0.13014018051202017,0.0,0.0,0.0,0.2127527684900051,-0.2047175526627188,0.0,0.0,0.0,-1.915293201475613,0.0,0.0,0.7289370767317356,0.0,0.0,0.0,0.0,0.0,0.0,0.0,0.0,0.0,0.0,0.0,0.31365125072371824,0.0,0.0,0.0,0.0,0.0,0.0,0.0,0.0,0.0,0.0,0.0,0.0,0.13506130181103526,0.0,0.0,0.0,0.0,0.0,0.0,0.0,0.0,0.0,0.0,0.0,0.0,0.0,0.0,0.0,0.0,0.0,0.0,0.0,0.0,0.0,0.0,0.0,0.0,0.0,0.0,0.0,0.0,0.0,2.1800130054415257,8.84642130958779
284,114979290,True,,25.0,quantile_glm,7973.2782741386,-3776.543235818624,7891.791310679741,"[0, 5, 16, 12, 11, 26, 13, 9, 17, 3, 28, 18, 10, 48, 49, 4, 47, 22, 14, 1, 24, 27, 38, 33, 41, 52, 29, 39, 21, 45, 20, 23, 34, 6, 54, 15, 46, 42, 32, 51, 30, 53, 44, 25, 36, 19, 7, 2, 8, 35, 50]","[""Intercept"", ""xage"", ""child"", ""physlm"", ""disea"", ""xghindx"", ""ghindx"", ""num"", ""fchild"", ""black"", ""lnum"", ""lfam"", ""mhi"", ""site_4"", ""site_5"", ""income"", ""site_3"", ""fmde"", ""mdeoff"", ""coins"", ""hlthf"", ""linc"", ""plan_11"", ""plan_6"", ""plan_15"", ""year_3"", ""plan_2"", ""plan_13"", ""logc"", ""plan_19"", ""idp"", ""hlthg"", ""plan_7"", ""female"", ""year_5"", ""pioff"", ""site_2"", ""plan_16"", ""plan_5"", ""year_2"", ""plan_3"", ""year_4"", ""plan_18"", ""hlthp"", ""plan_9"", ""lpi"", ""educdec"", ""tookphys"", ""time"", ""plan_8"", ""site_6""]","[[5, 16, 11, 26, 3, 48, 49, 4, 47, 22, 1, 38, 33, 29, 21, 20, 34, 6, 54, 46, 42, 30, 25, 50], [16, 12, 13, 9, 3, 48, 49, 4, 27, 39, 50]]","[24, 11]",1830.7135696411133,0.8365640570730686,0.16343594292693137,-2.153924975459793,-0.23463471085275844,0.0,-0.09773902222029858,0.0941773223520128,0.19404076597457198,0.07594033931786658,0.0,0.0,0.0,0.0,0.0824801279317072,0.0,0.0,0.0,0.0,-0.1717962743612756,0.0,0.0,0.0,-0.21512943294412526,0.06624001758265657,-0.3044914882516312,0.0,0.0,0.014075975626612431,-0.10574796151126796,0.0,0.0,0.1831574858048174,-0.03308287261401447,0.0,0.0,-0.1748955411945865,0.09657224876579912,0.0,0.0,0.0,-0.09997978385802997,0.0,0.0,0.0,-0.02824445016514131,0.0,0.0,0.0,-0.12936079162553824,0.09219610566097472,-0.3281773311552333,-0.10960126668639658,-0.3219298871434147,0.0,0.0,0.0,-1.076539058832868,-0.06081325452965825,0.0,0.0,-0.5209519784699318,0.04886199050445229,0.0,0.0,0.0,0.0,-0.428151828868849,0.0,0.0,0.1824440631786214,-0.3279040189048715,0.0,0.0,-0.6303361081829574,0.0,0.0,0.0,0.0,0.0,0.0,0.0,0.0,0.0,0.0,0.6114549276622073,0.0,0.0,0.0,0.0,0.0,0.0,0.0,0.0,0.0,0.0,0.0,0.24913977585573321,0.0,0.0,0.0,0.0,0.0,0.0,0.0,0.0,-0.24386702272845856,-0.2069385669769454,0.573704333153236,0.0,0.0,0.0,0.0,1.7042669540162796,5.497354376284582
285,1291399078,True,,100.0,quantile_glm,7967.590514545808,-3914.946026814486,7908.054708792624,"[0, 5, 16, 38, 12, 22, 11, 26, 3, 21, 28, 18, 1, 13, 9, 17, 14, 49, 41, 48, 24, 52, 4, 33, 45, 47, 42, 27, 46, 10, 19, 15, 50, 23, 7, 32, 2, 6, 54, 43, 53, 25, 40, 31, 36, 29, 8, 51, 30, 20, 44]","[""Intercept"", ""xage"", ""child"", ""plan_11"", ""physlm"", ""fmde"", ""disea"", ""xghindx"", ""black"", ""logc"", ""lnum"", ""lfam"", ""coins"", ""ghindx"", ""num"", ""fchild"", ""mdeoff"", ""site_5"", ""plan_15"", ""site_4"", ""hlthf"", ""year_3"", ""income"", ""plan_6"", ""plan_19"", ""site_3"", ""plan_16"", ""linc"", ""site_2"", ""mhi"", ""lpi"", ""pioff"", ""site_6"", ""hlthg"", ""educdec"", ""plan_5"", ""tookphys"", ""female"", ""year_5"", ""plan_17"", ""year_4"", ""hlthp"", ""plan_14"", ""plan_4"", ""plan_9"", ""plan_2"", ""time"", ""year_2"", ""plan_3"", ""idp"", ""plan_18""]","[[5, 22, 21, 47, 50], []]","[5, 0]",1031.5969562530518,0.8365786234219017,0.16342137657809835,-1.9699362609559006,0.0,0.0,0.0,0.0,0.3544594504000784,0.0,0.0,0.0,0.0,0.0,0.0,0.0,0.0,0.0,0.0,0.0,0.0,0.0,0.0,0.0,-0.33457569243720775,-0.05219770493287635,0.0,0.0,0.0,0.0,0.0,0.0,0.0,0.0,0.0,0.0,0.0,0.0,0.0,0.0,0.0,0.0,0.0,0.0,0.0,0.0,0.0,0.0,0.0,0.0,0.14407408963144738,0.0,0.0,-0.23542634251727218,0.0,0.0,0.0,0.0,0.9395992747467823,0.0,0.0,0.0,0.0,0.0,0.0,0.0,0.0,0.0,0.0,0.0,0.0,0.0,0.0,0.0,0.0,0.0,0.0,0.0,0.0,0.0,0.0,0.0,0.0,0.0,0.0,0.0,0.0,0.0,0.0,0.0,0.0,0.0,0.0,0.0,0.0,0.0,0.0,0.0,0.0,0.0,0.0,0.0,0.0,0.0,0.0,0.0,0.0,0.0,0.0,0.0,0.0,0.0,0.0,2.3668313394637686,10.66354952576247
286,318246486,True,,25.0,kmeans_glm,8267.528911849698,-3952.3274212972333,8208.620723786447,"[0, 16, 5, 12, 26, 13, 11, 17, 28, 18, 9, 38, 14, 22, 3, 21, 1, 47, 10, 48, 25, 6, 49, 24, 15, 52, 46, 45, 33, 41, 23, 42, 32, 19, 43, 27, 54, 36, 51, 4, 2, 30, 31, 29, 37, 44, 8, 20, 34, 7, 50]","[""Intercept"", ""child"", ""xage"", ""physlm"", ""xghindx"", ""ghindx"", ""disea"", ""fchild"", ""lnum"", ""lfam"", ""num"", ""plan_11"", ""mdeoff"", ""fmde"", ""black"", ""logc"", ""coins"", ""site_3"", ""mhi"", ""site_4"", ""hlthp"", ""female"", ""site_5"", ""hlthf"", ""pioff"", ""year_3"", ""site_2"", ""plan_19"", ""plan_6"", ""plan_15"", ""hlthg"", ""plan_16"", ""plan_5"", ""lpi"", ""plan_17"", ""linc"", ""year_5"", ""plan_9"", ""year_2"", ""income"", ""tookphys"", ""plan_3"", ""plan_4"", ""plan_2"", ""plan_10"", ""plan_18"", ""time"", ""idp"", ""plan_7"", ""educdec"", ""site_6""]","[[16, 5, 12, 13, 11, 22, 3, 47, 48, 25, 6, 49, 24, 52, 46, 42, 19, 43, 54, 30, 31, 29, 20, 34, 50], [16, 12, 38, 3, 49, 50]]","[25, 6]",1445.2826240062714,0.8236831466621255,0.17631685333787445,-2.4321381347797963,0.0,0.0,-0.09016710345091036,0.0,0.14341651610779022,0.17357457793029832,0.0,0.0,0.0,0.0,0.014160324709665544,0.03393643791289824,-0.12341721993025427,0.0,0.0,-0.2057103806106564,0.0,0.0,0.12159715045102838,-0.063773947950942,0.0,-0.40062605487285474,0.0,0.06317316152686255,0.09398953800028069,0.0,0.0,0.0,0.020563854837557752,-0.10283866999102313,-0.1255127629673445,0.0,0.0,0.10883174371605209,0.0,0.0,0.0,0.0,0.0,0.0,0.0,-0.04453869015111923,0.175321213874233,0.0,0.0,-0.1486379602919023,0.027063967947892977,-0.3413485594444933,-0.1409695158336152,-0.4639544790953351,0.0,-1.6166013263152577,0.0,-1.0146043688230935,0.31835435696632697,0.0,0.0,-0.27486094651333753,0.0,0.0,0.0,0.0,0.0,0.0,0.0,0.0,0.18634920547606595,0.0,0.0,0.0,-0.8433055314923557,0.0,0.0,0.0,0.0,0.0,0.0,0.0,0.0,0.0,0.0,0.0,0.0,0.0,0.0,0.0,0.0,0.0,0.0,0.0,0.0,0.0,0.2098208307148281,0.0,0.0,0.0,0.0,0.0,0.0,0.0,0.0,0.0,0.0,-0.18553801424928107,0.5137110554221138,0.0,0.0,0.0,0.0,1.6447300757587688,5.17961161550543
287,2010344553,True,,50.0,quantile_glm,7895.908439084906,-3785.468968767277,7796.741163562883,"[0, 5, 16, 11, 12, 26, 13, 9, 28, 18, 10, 38, 17, 1, 3, 14, 22, 21, 25, 24, 6, 42, 49, 47, 48, 52, 15, 19, 41, 46, 33, 4, 32, 2, 27, 45, 30, 54, 40, 29, 53, 31, 39, 8, 51, 7, 37, 43, 50, 36, 34]","[""Intercept"", ""xage"", ""child"", ""disea"", ""physlm"", ""xghindx"", ""ghindx"", ""num"", ""lnum"", ""lfam"", ""mhi"", ""plan_11"", ""fchild"", ""coins"", ""black"", ""mdeoff"", ""fmde"", ""logc"", ""hlthp"", ""hlthf"", ""female"", ""plan_16"", ""site_5"", ""site_3"", ""site_4"", ""year_3"", ""pioff"", ""lpi"", ""plan_15"", ""site_2"", ""plan_6"", ""income"", ""plan_5"", ""tookphys"", ""linc"", ""plan_19"", ""plan_3"", ""year_5"", ""plan_14"", ""plan_2"", ""year_4"", ""plan_4"", ""plan_13"", ""time"", ""year_2"", ""educdec"", ""plan_10"", ""plan_17"", ""site_6"", ""plan_9"", ""plan_7""]","[[5, 16, 11, 10, 38, 1, 3, 22, 21, 42, 47, 48, 52, 29, 7, 43, 50, 34], [5, 16, 11, 12]]","[18, 4]",2380.9468495845795,0.8112007232885127,0.1887992767114873,-2.2985571145403814,-0.059101420642218044,0.0,-0.05254940939371932,0.0,0.2769803156092005,0.0,0.11195094751624443,0.0,0.0,-0.07095489658150941,0.12091820771184633,0.0,0.0,0.0,0.0,-0.06064407297774863,0.0,0.0,0.0,0.0,0.22358404651899483,-0.2868131183477174,0.0,0.0,0.0,0.0,0.0,0.0,0.1474868998823109,0.0,0.0,0.0,0.0,0.15524615908009531,0.0,0.0,0.0,0.25060022765723394,0.0,0.0,0.0,-0.2613160760118082,0.1565261064549532,0.0,0.0,0.0,0.1798640393788475,-0.19667414276993078,0.0,-0.2530128618489544,0.0,-1.5122358030209846,0.0,0.0,0.25898770128388265,0.0,0.0,0.0,0.0,-0.02049491033689668,0.0,0.0,0.0,0.0,0.0,0.3129353677629654,0.38887959325687044,0.0,0.0,0.0,-0.7334964075075595,0.0,0.0,0.0,0.0,0.0,0.0,0.0,0.0,0.0,0.0,0.0,0.0,0.0,0.0,0.0,0.0,0.0,0.0,0.0,0.0,0.0,0.0,0.0,0.0,0.0,0.0,0.0,0.0,0.0,0.0,0.0,0.0,0.0,0.0,0.0,0.0,0.0,0.0,2.0033160983044622,7.413599607183873
288,2098968857,True,,100.0,kmeans_glm,7795.252839305586,-3820.1064044169234,7735.744942922755,"[0, 5, 16, 11, 26, 13, 9, 28, 18, 10, 3, 14, 38, 1, 17, 22, 12, 24, 49, 21, 15, 6, 48, 19, 41, 52, 47, 42, 46, 45, 32, 51, 53, 54, 33, 25, 23, 30, 2, 4, 39, 44, 40, 8, 27, 31, 29, 43, 36, 37, 35]","[""Intercept"", ""xage"", ""child"", ""disea"", ""xghindx"", ""ghindx"", ""num"", ""lnum"", ""lfam"", ""mhi"", ""black"", ""mdeoff"", ""plan_11"", ""coins"", ""fchild"", ""fmde"", ""physlm"", ""hlthf"", ""site_5"", ""logc"", ""pioff"", ""female"", ""site_4"", ""lpi"", ""plan_15"", ""year_3"", ""site_3"", ""plan_16"", ""site_2"", ""plan_19"", ""plan_5"", ""year_2"", ""year_4"", ""year_5"", ""plan_6"", ""hlthp"", ""hlthg"", ""plan_3"", ""tookphys"", ""income"", ""plan_13"", ""plan_18"", ""plan_14"", ""time"", ""linc"", ""plan_4"", ""plan_2"", ""plan_17"", ""plan_9"", ""plan_10"", ""plan_8""]","[[5, 11, 10, 38, 21, 6, 47], []]","[7, 0]",1501.945862531662,0.8339227934495502,0.1660772065504499,-2.0589092709516006,0.0,0.0,0.0,0.0,0.35214537189086054,0.1878261892322478,0.0,0.0,0.0,-0.12856257164875354,0.0943741957806027,0.0,0.0,0.0,0.0,0.0,0.0,0.0,0.0,0.0,-0.2769742854406955,0.0,0.0,0.0,0.0,0.0,0.0,0.0,0.0,0.0,0.0,0.0,0.0,0.0,0.0,0.0,0.0,0.06124773088665505,0.0,0.0,0.0,0.0,0.0,0.0,0.0,0.0,0.21286950275120298,0.0,0.0,0.0,0.0,0.0,0.0,0.0,0.8454727584494964,0.0,0.0,0.0,0.0,0.0,0.0,0.0,0.0,0.0,0.0,0.0,0.0,0.0,0.0,0.0,0.0,0.0,0.0,0.0,0.0,0.0,0.0,0.0,0.0,0.0,0.0,0.0,0.0,0.0,0.0,0.0,0.0,0.0,0.0,0.0,0.0,0.0,0.0,0.0,0.0,0.0,0.0,0.0,0.0,0.0,0.0,0.0,0.0,0.0,0.0,0.0,0.0,0.0,0.0,2.209278918619412,9.109145589005498
289,2108414516,True,,100.0,kmeans_glm,8063.654728260065,-3932.8947405583785,7970.006354668293,"[0, 5, 16, 12, 11, 28, 18, 9, 26, 13, 14, 38, 1, 22, 3, 21, 48, 17, 15, 49, 10, 6, 52, 19, 41, 42, 47, 27, 23, 24, 45, 50, 51, 37, 2, 30, 43, 54, 33, 46, 4, 32, 40, 29, 25, 36, 35, 8, 39, 34, 53]","[""Intercept"", ""xage"", ""child"", ""physlm"", ""disea"", ""lnum"", ""lfam"", ""num"", ""xghindx"", ""ghindx"", ""mdeoff"", ""plan_11"", ""coins"", ""fmde"", ""black"", ""logc"", ""site_4"", ""fchild"", ""pioff"", ""site_5"", ""mhi"", ""female"", ""year_3"", ""lpi"", ""plan_15"", ""plan_16"", ""site_3"", ""linc"", ""hlthg"", ""hlthf"", ""plan_19"", ""site_6"", ""year_2"", ""plan_10"", ""tookphys"", ""plan_3"", ""plan_17"", ""year_5"", ""plan_6"", ""site_2"", ""income"", ""plan_5"", ""plan_14"", ""plan_2"", ""hlthp"", ""plan_9"", ""plan_8"", ""time"", ""plan_13"", ""plan_7"", ""year_4""]","[[5, 16, 11, 21, 48, 6, 47, 50], []]","[8, 0]",1210.5425775051117,0.8343865551407419,0.1656134448592581,-2.038942125168492,0.0,0.0,0.0,0.0,0.24411398130947212,0.17947289317571596,0.0,0.0,0.0,0.0,0.13230888751718986,0.0,0.0,0.0,0.0,-0.13248314314917362,0.0,0.0,0.0,0.0,-0.26237768154025637,0.0,0.0,0.0,0.0,0.0,0.0,0.0,0.0,0.0,0.0,0.0,0.0,0.0,0.0,0.0,0.0,0.0,0.0,0.0,0.0,0.0,0.0,0.0,0.0,0.0,0.1390131246237153,-0.3806738996753967,0.0,-0.2308708767782061,0.0,0.0,0.0,0.0,0.9573804526329524,0.0,0.0,0.0,0.0,0.0,0.0,0.0,0.0,0.0,0.0,0.0,0.0,0.0,0.0,0.0,0.0,0.0,0.0,0.0,0.0,0.0,0.0,0.0,0.0,0.0,0.0,0.0,0.0,0.0,0.0,0.0,0.0,0.0,0.0,0.0,0.0,0.0,0.0,0.0,0.0,0.0,0.0,0.0,0.0,0.0,0.0,0.0,0.0,0.0,0.0,0.0,0.0,0.0,0.0,2.3234667971558336,10.211012524640902
290,1778376358,True,,50.0,quantile_glm,7986.313073914788,-3852.4899241768876,7904.72885599422,"[0, 5, 16, 12, 11, 3, 26, 28, 18, 22, 9, 14, 38, 13, 25, 17, 6, 21, 1, 10, 42, 49, 27, 47, 4, 48, 23, 15, 41, 32, 52, 33, 51, 29, 7, 19, 46, 44, 45, 54, 30, 37, 24, 40, 43, 39, 2, 34, 20, 50, 36]","[""Intercept"", ""xage"", ""child"", ""physlm"", ""disea"", ""black"", ""xghindx"", ""lnum"", ""lfam"", ""fmde"", ""num"", ""mdeoff"", ""plan_11"", ""ghindx"", ""hlthp"", ""fchild"", ""female"", ""logc"", ""coins"", ""mhi"", ""plan_16"", ""site_5"", ""linc"", ""site_3"", ""income"", ""site_4"", ""hlthg"", ""pioff"", ""plan_15"", ""plan_5"", ""year_3"", ""plan_6"", ""year_2"", ""plan_2"", ""educdec"", ""lpi"", ""site_2"", ""plan_18"", ""plan_19"", ""year_5"", ""plan_3"", ""plan_10"", ""hlthf"", ""plan_14"", ""plan_17"", ""plan_13"", ""tookphys"", ""plan_7"", ""idp"", ""site_6"", ""plan_9""]","[[5, 11, 3, 22, 6, 1, 42, 47, 4, 48, 41, 29, 7, 43, 34, 50], [5, 12, 25]]","[16, 3]",2024.165484905243,0.8360940138385283,0.16390598616147165,-2.0430672899482616,-0.10673488585751571,0.0,-0.1403591251037473,0.05083653681164353,0.345489513098641,0.18946690370481126,0.0945233308048276,0.0,0.0,0.0,0.07788379581314722,0.0,0.0,0.0,0.0,0.0,0.0,0.0,0.0,0.0,0.0,-0.2095827167436658,0.0,0.0,0.0,0.0,0.0,0.0,0.13264453919587485,0.0,0.0,0.0,0.0,0.11132531474407421,0.0,0.0,0.0,0.0,0.0,0.0,-0.12744263006358225,-0.1317793763427472,0.12197441436150934,0.0,0.0,0.0,0.12277062174922691,-0.25499331836223804,0.0,-0.25174726076479864,0.0,0.0,0.0,0.0,0.6424436247609163,0.0,0.0,0.0,0.0,0.45082682055386547,0.0,0.0,0.0,0.0,0.0,0.0,0.2623013833084903,0.0,0.0,0.0,0.0,0.0,0.0,0.0,0.0,0.0,0.0,0.0,0.0,0.14022532606544666,0.0,0.0,0.0,0.0,0.0,0.0,0.0,0.0,0.0,0.0,0.0,0.0,0.0,0.0,0.0,0.0,0.0,0.0,0.0,0.0,0.0,0.0,0.0,0.0,0.0,0.0,0.0,0.0,0.0,2.243020796568223,9.421749531617104
291,932323891,True,,25.0,quantile_glm,7773.957260268422,-3664.4255872153767,7693.610231861131,"[0, 5, 16, 38, 14, 12, 22, 26, 1, 13, 21, 9, 28, 18, 11, 3, 17, 48, 42, 6, 15, 24, 52, 41, 33, 10, 25, 4, 46, 51, 49, 23, 19, 32, 45, 47, 31, 27, 43, 54, 30, 2, 53, 50, 29, 40, 20, 8, 37, 36, 34]","[""Intercept"", ""xage"", ""child"", ""plan_11"", ""mdeoff"", ""physlm"", ""fmde"", ""xghindx"", ""coins"", ""ghindx"", ""logc"", ""num"", ""lnum"", ""lfam"", ""disea"", ""black"", ""fchild"", ""site_4"", ""plan_16"", ""female"", ""pioff"", ""hlthf"", ""year_3"", ""plan_15"", ""plan_6"", ""mhi"", ""hlthp"", ""income"", ""site_2"", ""year_2"", ""site_5"", ""hlthg"", ""lpi"", ""plan_5"", ""plan_19"", ""site_3"", ""plan_4"", ""linc"", ""plan_17"", ""year_5"", ""plan_3"", ""tookphys"", ""year_4"", ""site_6"", ""plan_2"", ""plan_14"", ""idp"", ""time"", ""plan_10"", ""plan_9"", ""plan_7""]","[[5, 16, 38, 22, 26, 1, 3, 48, 6, 24, 52, 41, 10, 25, 4, 46, 49, 19, 47, 31, 43, 54, 30, 50, 29, 36, 34], [16, 38, 12, 1, 13, 9, 11, 3, 46, 50, 40]]","[27, 11]",1306.4594321250916,0.8241879510947682,0.1758120489052318,-2.765864832592713,0.008130248715717063,0.0,-0.03200328447062454,0.10805417996947189,0.250583468177057,0.2517191865428955,0.0,0.0,0.0,-0.027752406905790745,0.0,0.0,0.0,0.0,0.0,-0.04830457740579318,0.0,0.0,0.1884614382637407,0.0,0.0,-0.36310276171817374,0.0,0.11423176539204453,0.0856108326261666,-0.07819823030916813,0.0,0.0,0.027944204319219988,-0.12248847156520831,-0.13633743781473406,0.0,0.0,0.15563633327315002,0.0,0.056050243204203494,0.0,0.13694996839861343,0.0,0.0,-0.6808770836048612,0.0,0.25040105879345026,0.0,0.0,-0.16310189142201595,0.0422774219754676,-0.3722401800336381,-0.164822020033731,-0.5204577170211631,0.0,-1.813522505625139,0.0,-1.0523756700921105,0.11498804195093311,-0.588552953114281,0.0,-0.46722344368223817,0.0,0.0,0.0,0.0,0.0,-0.25452578617688093,0.0,0.1848243753973819,0.06215055747460076,-0.2247062089650142,0.0,0.0,-0.5785161498607466,0.0,0.0,0.0,0.0,0.0,0.0,0.0,0.0,0.0,0.0,0.0,0.0,0.0,0.0,0.0,0.0,0.0,0.0,0.0,0.0,0.0,0.1140814309877181,0.0,0.4377026931257925,0.0,0.0,0.0,0.0,0.0,0.09390068302872615,0.0,0.0,0.0,0.6911519387653929,0.0,0.0,0.0,0.0,1.5435329997359657,4.681099413409447
292,1988638263,True,,50.0,quantile_glm,7858.097807675701,-3773.4301928791133,7763.978872323927,"[0, 5, 16, 12, 11, 28, 18, 21, 38, 22, 9, 26, 3, 13, 10, 17, 14, 49, 48, 6, 1, 41, 52, 39, 24, 15, 19, 47, 2, 20, 27, 51, 23, 42, 25, 4, 32, 29, 53, 45, 37, 54, 36, 34, 46, 35, 30, 8, 40, 31, 33]","[""Intercept"", ""xage"", ""child"", ""physlm"", ""disea"", ""lnum"", ""lfam"", ""logc"", ""plan_11"", ""fmde"", ""num"", ""xghindx"", ""black"", ""ghindx"", ""mhi"", ""fchild"", ""mdeoff"", ""site_5"", ""site_4"", ""female"", ""coins"", ""plan_15"", ""year_3"", ""plan_13"", ""hlthf"", ""pioff"", ""lpi"", ""site_3"", ""tookphys"", ""idp"", ""linc"", ""year_2"", ""hlthg"", ""plan_16"", ""hlthp"", ""income"", ""plan_5"", ""plan_2"", ""year_4"", ""plan_19"", ""plan_10"", ""year_5"", ""plan_9"", ""plan_7"", ""site_2"", ""plan_8"", ""plan_3"", ""time"", ""plan_14"", ""plan_4"", ""plan_6""]","[[5, 16, 11, 21, 22, 3, 10, 48, 6, 41, 24, 47, 25, 29, 34, 35], [5, 12, 28, 18, 38]]","[16, 5]",1191.6824765205383,0.8383913334309685,0.16160866656903158,-2.0711493845253726,0.0,0.0,-0.1897128462038565,0.0,0.2523503078134124,0.15635339276933283,0.0,0.0,0.0,-0.0708384802176706,0.005487143788793735,0.0,0.0,0.0,0.0,-0.19282070895116216,0.0,0.0,0.0,0.0,-0.115107296435345,-0.2394291403463529,0.0,0.1029221264314957,0.051731239054388735,0.0,0.0,0.0,0.07776412586229427,0.0,0.0,0.0,0.0,0.13265537732423843,0.06099944624344908,0.0,0.0,0.0,0.0,0.0,-0.15107198308925102,0.0,0.0,0.0,0.0,0.0,0.1850467210092721,-0.0977595206533449,0.0,0.0,0.0,0.0,0.0,0.0,0.5010951085792364,0.0,0.0,0.0,0.0,0.4866686427491965,0.0,0.0,0.0,0.0,0.0,0.0,0.1271147623453001,0.0,0.0,0.0,0.0,0.0,-0.09108131245162635,0.0,0.0,0.0,0.0,0.0,0.0,0.0,0.0,0.0,-0.09108180664948132,0.0,0.0,0.0,0.0,0.0,0.0,0.0,0.0,0.0,0.5513844917670708,0.0,0.0,0.0,0.0,0.0,0.0,0.0,0.0,0.0,0.0,0.0,0.0,0.0,0.0,0.0,0.0,2.1208872390058358,8.338532477906528
293,2001318179,True,,50.0,quantile_glm,8264.947769688968,-3968.1379626057014,8162.079151239732,"[0, 5, 16, 11, 9, 28, 18, 1, 17, 3, 38, 26, 13, 12, 14, 22, 21, 10, 47, 48, 49, 41, 42, 52, 6, 15, 31, 24, 46, 45, 54, 23, 30, 32, 4, 2, 37, 40, 19, 43, 7, 20, 27, 36, 8, 51, 34, 50, 44, 35, 33]","[""Intercept"", ""xage"", ""child"", ""disea"", ""num"", ""lnum"", ""lfam"", ""coins"", ""fchild"", ""black"", ""plan_11"", ""xghindx"", ""ghindx"", ""physlm"", ""mdeoff"", ""fmde"", ""logc"", ""mhi"", ""site_3"", ""site_4"", ""site_5"", ""plan_15"", ""plan_16"", ""year_3"", ""female"", ""pioff"", ""plan_4"", ""hlthf"", ""site_2"", ""plan_19"", ""year_5"", ""hlthg"", ""plan_3"", ""plan_5"", ""income"", ""tookphys"", ""plan_10"", ""plan_14"", ""lpi"", ""plan_17"", ""educdec"", ""idp"", ""linc"", ""plan_9"", ""time"", ""year_2"", ""plan_7"", ""site_6"", ""plan_18"", ""plan_8"", ""plan_6""]","[[5, 16, 11, 28, 18, 1, 3, 22, 21, 10, 47, 48, 49, 6, 31, 43, 7, 34, 50], [5, 16, 50]]","[19, 3]",1152.7468416690826,0.8345834075825821,0.16541659241741793,-2.0668409047793,-0.17519095679641714,0.0,-0.09500287473179833,0.0,0.3193525623746741,0.17061021409538582,0.13928794608171108,0.0,0.0,-0.05150054072956298,0.023123124700700808,0.0,0.0,0.0,0.0,-0.09172464941388637,0.0,-0.008435783405316526,0.0,0.0,-0.07247416798132865,-0.23142297738853687,0.0,0.0,0.0,0.0,0.0,-0.008431841121802666,0.0,0.0,-0.11197332676272534,0.0,0.0,0.12975963930700327,0.0,0.0,0.0,0.0,0.0,0.0,0.0,0.0,0.14888419287486962,0.0,0.0,0.0,0.12090922726499369,-0.24944342687134574,-0.12200007114789528,-0.27461117431733445,0.0,0.0,0.0,0.0,0.562829317618535,0.0,0.0,0.0,0.0,0.31650939916027493,0.0,0.0,0.0,0.0,0.0,0.0,0.0,0.0,0.0,0.0,-0.44731814701123906,0.0,0.0,0.0,0.0,0.0,0.0,0.0,0.0,0.0,0.0,0.0,0.0,0.0,0.0,0.0,0.0,0.0,0.0,0.0,0.0,0.0,0.0,0.0,0.0,0.0,0.0,0.0,0.0,0.0,0.0,0.0,0.0,0.0,0.45602724808491213,0.0,0.0,0.0,0.0,1.9525009510872415,7.046287984136191
294,1330284547,True,,50.0,quantile_glm,7706.224177168246,-3758.5055212612356,7664.651613387148,"[0, 5, 16, 12, 3, 26, 9, 11, 28, 18, 13, 17, 22, 38, 1, 10, 14, 49, 21, 42, 23, 4, 48, 27, 47, 41, 6, 52, 46, 15, 45, 25, 33, 54, 19, 44, 34, 43, 51, 32, 7, 30, 2, 8, 31, 37, 24, 29, 39, 53, 35]","[""Intercept"", ""xage"", ""child"", ""physlm"", ""black"", ""xghindx"", ""num"", ""disea"", ""lnum"", ""lfam"", ""ghindx"", ""fchild"", ""fmde"", ""plan_11"", ""coins"", ""mhi"", ""mdeoff"", ""site_5"", ""logc"", ""plan_16"", ""hlthg"", ""income"", ""site_4"", ""linc"", ""site_3"", ""plan_15"", ""female"", ""year_3"", ""site_2"", ""pioff"", ""plan_19"", ""hlthp"", ""plan_6"", ""year_5"", ""lpi"", ""plan_18"", ""plan_7"", ""plan_17"", ""year_2"", ""plan_5"", ""educdec"", ""plan_3"", ""tookphys"", ""time"", ""plan_4"", ""plan_10"", ""hlthf"", ""plan_2"", ""plan_13"", ""year_4"", ""plan_8""]","[[5, 16, 3, 11, 22, 10, 21, 42, 48, 47, 6, 34, 43], []]","[13, 0]",958.3788533210754,0.8493383123678592,0.15066168763214088,-2.05560922986807,0.0,0.0,-0.277703714557784,0.0,0.22583478201521548,0.13447459764081462,0.0,0.0,0.0,-0.07893479069561239,0.02594669118861443,0.0,0.0,0.0,0.0,-0.15360691946418023,0.0,0.0,0.0,0.0,-0.06610221335450614,-0.2719112473270551,0.0,0.0,0.0,0.0,0.0,0.0,0.0,0.0,0.0,0.0,0.0,0.15581727828014053,0.0,0.0,0.0,0.0,0.0,0.0,0.0,-0.18610013592754562,0.12117203743479898,0.0,0.0,0.0,0.18555192972087325,-0.14410005114153043,0.0,0.0,0.0,0.0,0.0,0.0,0.8503027715449868,0.0,0.0,0.0,0.0,0.0,0.0,0.0,0.0,0.0,0.0,0.0,0.0,0.0,0.0,0.0,0.0,0.0,0.0,0.0,0.0,0.0,0.0,0.0,0.0,0.0,0.0,0.0,0.0,0.0,0.0,0.0,0.0,0.0,0.0,0.0,0.0,0.0,0.0,0.0,0.0,0.0,0.0,0.0,0.0,0.0,0.0,0.0,0.0,0.0,0.0,0.0,0.0,0.0,0.0,2.3293995565832635,10.271772063106491
295,229173877,True,,100.0,quantile_glm,7771.884806901817,-3795.713095263327,7686.958324615563,"[0, 5, 16, 11, 12, 26, 13, 9, 28, 18, 3, 17, 10, 38, 22, 21, 14, 1, 24, 49, 52, 48, 47, 27, 25, 4, 6, 45, 15, 41, 34, 51, 30, 2, 33, 42, 36, 44, 54, 32, 23, 50, 19, 40, 53, 7, 8, 29, 37, 43, 20]","[""Intercept"", ""xage"", ""child"", ""disea"", ""physlm"", ""xghindx"", ""ghindx"", ""num"", ""lnum"", ""lfam"", ""black"", ""fchild"", ""mhi"", ""plan_11"", ""fmde"", ""logc"", ""mdeoff"", ""coins"", ""hlthf"", ""site_5"", ""year_3"", ""site_4"", ""site_3"", ""linc"", ""hlthp"", ""income"", ""female"", ""plan_19"", ""pioff"", ""plan_15"", ""plan_7"", ""year_2"", ""plan_3"", ""tookphys"", ""plan_6"", ""plan_16"", ""plan_9"", ""plan_18"", ""year_5"", ""plan_5"", ""hlthg"", ""site_6"", ""lpi"", ""plan_14"", ""year_4"", ""educdec"", ""time"", ""plan_2"", ""plan_10"", ""plan_17"", ""idp""]","[[5, 11, 21, 1, 47, 34, 50], []]","[7, 0]",1240.7564256191254,0.8459250799630974,0.15407492003690268,-1.9508104176256984,-0.1416197737836776,0.0,0.0,0.0,0.33055994112909043,0.0,0.0,0.0,0.0,0.0,0.147646694203873,0.0,0.0,0.0,0.0,0.0,0.0,0.0,0.0,0.0,-0.2640041051190708,0.0,0.0,0.0,0.0,0.0,0.0,0.0,0.0,0.0,0.0,0.0,0.0,0.11502127738568386,0.0,0.0,0.0,0.0,0.0,0.0,0.0,0.0,0.0,0.0,0.0,0.0,0.15534539333763867,0.0,0.0,-0.20213650602105607,0.0,0.0,0.0,0.0,0.8845437257260286,0.0,0.0,0.0,0.0,0.0,0.0,0.0,0.0,0.0,0.0,0.0,0.0,0.0,0.0,0.0,0.0,0.0,0.0,0.0,0.0,0.0,0.0,0.0,0.0,0.0,0.0,0.0,0.0,0.0,0.0,0.0,0.0,0.0,0.0,0.0,0.0,0.0,0.0,0.0,0.0,0.0,0.0,0.0,0.0,0.0,0.0,0.0,0.0,0.0,0.0,0.0,0.0,0.0,0.0,2.500595921418919,12.189755933358125
296,125479060,True,,50.0,kmeans_glm,8182.418325642188,-3976.2299306604364,8126.154650573433,"[0, 5, 12, 16, 11, 38, 3, 22, 21, 14, 28, 18, 17, 9, 1, 26, 13, 10, 49, 15, 25, 19, 42, 24, 2, 41, 52, 33, 45, 6, 43, 4, 32, 36, 27, 23, 47, 54, 40, 31, 53, 37, 7, 30, 34, 20, 8, 29, 48, 51, 39]","[""Intercept"", ""xage"", ""physlm"", ""child"", ""disea"", ""plan_11"", ""black"", ""fmde"", ""logc"", ""mdeoff"", ""lnum"", ""lfam"", ""fchild"", ""num"", ""coins"", ""xghindx"", ""ghindx"", ""mhi"", ""site_5"", ""pioff"", ""hlthp"", ""lpi"", ""plan_16"", ""hlthf"", ""tookphys"", ""plan_15"", ""year_3"", ""plan_6"", ""plan_19"", ""female"", ""plan_17"", ""income"", ""plan_5"", ""plan_9"", ""linc"", ""hlthg"", ""site_3"", ""year_5"", ""plan_14"", ""plan_4"", ""year_4"", ""plan_10"", ""educdec"", ""plan_3"", ""plan_7"", ""idp"", ""time"", ""plan_2"", ""site_4"", ""year_2"", ""plan_13""]","[[5, 11, 3, 21, 1, 10, 25, 42, 6, 43, 23, 47, 34, 29], [12, 11]]","[14, 2]",1346.2293190956116,0.8270706595773427,0.1729293404226572,-2.0092545854773602,-0.12041844464347606,0.0,-0.219263894794389,0.0,0.31998152128440627,0.06885174739622581,0.0,0.0,0.0,-0.0689269452486693,0.0835888197064487,0.0,0.0,0.0,0.0,0.0,0.0,0.0,0.0,0.0,-0.33549813371701287,0.0,-0.08267890747016193,0.0,0.06564608943596577,0.0,0.0,0.0,0.11564088506783705,0.0,0.0,0.0,0.0,0.15028087988558939,0.0,0.0,0.0,0.0,0.0,0.0,0.0,-0.10465984232978265,0.16734256152785004,0.0,0.0,0.0,0.17763215868425156,0.0,0.0,0.0,0.0,0.0,0.0,0.0,0.6615932293836266,0.0,0.0,0.0,0.0,0.0,0.0,0.0,0.0,0.0,0.0,0.22669473603913645,0.4939672287350504,0.0,0.0,0.0,0.0,0.0,0.0,0.0,0.0,0.0,0.0,0.0,0.0,0.0,0.0,0.0,0.0,0.0,0.0,0.0,0.0,0.0,0.0,0.0,0.0,0.0,0.0,0.0,0.0,0.0,0.0,0.0,0.0,0.0,0.0,0.0,0.0,0.0,0.0,0.0,0.0,0.0,0.0,2.115746183092643,8.295773623212977
297,1818855284,True,,50.0,kmeans_glm,8045.29201016975,-3885.311919756883,7979.057586616839,"[0, 5, 16, 28, 18, 11, 9, 12, 22, 17, 3, 21, 38, 14, 26, 49, 13, 23, 1, 15, 42, 10, 29, 6, 24, 46, 52, 47, 51, 19, 2, 32, 45, 48, 54, 33, 30, 7, 41, 50, 25, 36, 35, 37, 39, 44, 8, 40, 43, 34, 53]","[""Intercept"", ""xage"", ""child"", ""lnum"", ""lfam"", ""disea"", ""num"", ""physlm"", ""fmde"", ""fchild"", ""black"", ""logc"", ""plan_11"", ""mdeoff"", ""xghindx"", ""site_5"", ""ghindx"", ""hlthg"", ""coins"", ""pioff"", ""plan_16"", ""mhi"", ""plan_2"", ""female"", ""hlthf"", ""site_2"", ""year_3"", ""site_3"", ""year_2"", ""lpi"", ""tookphys"", ""plan_5"", ""plan_19"", ""site_4"", ""year_5"", ""plan_6"", ""plan_3"", ""educdec"", ""plan_15"", ""site_6"", ""hlthp"", ""plan_9"", ""plan_8"", ""plan_10"", ""plan_13"", ""plan_18"", ""time"", ""plan_14"", ""plan_17"", ""plan_7"", ""year_4""]","[[5, 16, 11, 22, 3, 21, 49, 1, 42, 29, 6, 52, 47, 48, 30, 50, 44], [5, 28, 18]]","[17, 3]",1558.244549036026,0.8293546957930426,0.17064530420695756,-2.2234638828854094,-0.09000570269437239,0.0,-0.062072202265676446,0.0,0.30306897351248596,0.0943222360814715,0.0,0.0,0.0,0.0,0.12737323727051097,0.0,0.0,0.0,0.0,-0.110149124011897,0.0,0.0,0.0,0.0,-0.015737635381116076,-0.2887117112573799,0.0,0.0,0.0,0.0,0.0,0.0,0.13140682854128496,-0.06884549903791763,0.0,0.0,0.0,0.0,0.0,0.0,0.0,0.0,0.0,0.0,0.0,-0.11325380226328846,0.0,0.1206905777781835,0.0,0.0,0.11485747336876698,-0.2175518886717159,-0.2018730440325419,-0.3607679558569718,0.0,-1.286811160588667,0.0,0.0,0.6331706767530008,0.0,0.0,0.0,0.0,0.4240841021855843,0.0,0.0,0.0,0.0,0.0,0.0,0.0,0.0,0.0,0.0,0.0,0.0,-0.221285502473924,0.0,0.0,0.0,0.0,0.0,0.0,0.0,0.0,0.0,-0.2212853993823325,0.0,0.0,0.0,0.0,0.0,0.0,0.0,0.0,0.0,0.0,0.0,0.0,0.0,0.0,0.0,0.0,0.0,0.0,0.0,0.0,0.0,0.0,0.0,0.0,0.0,0.0,2.2854505833374703,9.830114512090608
298,1587246157,True,,50.0,quantile_glm,8082.654385491442,-3910.281438958583,7994.257667169726,"[0, 5, 16, 11, 12, 3, 28, 18, 17, 1, 9, 14, 26, 38, 13, 22, 6, 49, 47, 42, 7, 41, 10, 21, 52, 15, 23, 25, 39, 48, 33, 30, 45, 46, 51, 53, 54, 24, 19, 2, 20, 43, 27, 36, 44, 32, 4, 35, 8, 29, 37]","[""Intercept"", ""xage"", ""child"", ""disea"", ""physlm"", ""black"", ""lnum"", ""lfam"", ""fchild"", ""coins"", ""num"", ""mdeoff"", ""xghindx"", ""plan_11"", ""ghindx"", ""fmde"", ""female"", ""site_5"", ""site_3"", ""plan_16"", ""educdec"", ""plan_15"", ""mhi"", ""logc"", ""year_3"", ""pioff"", ""hlthg"", ""hlthp"", ""plan_13"", ""site_4"", ""plan_6"", ""plan_3"", ""plan_19"", ""site_2"", ""year_2"", ""year_4"", ""year_5"", ""hlthf"", ""lpi"", ""tookphys"", ""idp"", ""plan_17"", ""linc"", ""plan_9"", ""plan_18"", ""plan_5"", ""income"", ""plan_8"", ""time"", ""plan_2"", ""plan_10""]","[[5, 16, 11, 3, 1, 22, 6, 47, 42, 7, 41, 21, 48], [16, 11, 12]]","[13, 3]",1708.8081023693085,0.8250322044235222,0.17496779557647785,-2.1007103583157307,-0.14561710462309177,0.0,-0.18716223074980165,0.0,0.13476759062862398,0.1619554290524117,0.10851149197103874,0.0,0.0,0.0,0.105451048909813,0.0,0.0,0.0,0.0,-0.26514450166301556,0.0,0.0,0.0,0.0,0.03409266215863017,-0.22946216374790013,0.0,0.0,0.0,0.0,0.0,0.0,0.0,0.0,0.0,0.0,0.0,0.0,0.0,0.0,0.0,0.0,0.0,0.0,-0.19410679094958425,-0.21473782901330374,0.0,0.0,0.0,0.0,0.2032638111558901,-0.22811816834990395,0.0,0.0,0.0,0.0,0.0,0.0,0.5787608417094582,0.0,0.0,0.0,0.0,0.0,0.0,0.0,0.0,0.0,0.0,0.2995115097989258,0.29987545924325965,0.0,0.0,0.0,-0.6194391400646643,0.0,0.0,0.0,0.0,0.0,0.0,0.0,0.0,0.0,0.0,0.0,0.0,0.0,0.0,0.0,0.0,0.0,0.0,0.0,0.0,0.0,0.0,0.0,0.0,0.0,0.0,0.0,0.0,0.0,0.0,0.0,0.0,0.0,0.0,0.0,0.0,0.0,0.0,2.13212992682369,8.432808962931452
299,1756887778,True,,50.0,quantile_glm,7658.982495134333,-3666.87981644633,7550.878119458361,"[0, 5, 16, 26, 12, 13, 11, 28, 18, 9, 3, 1, 17, 38, 21, 22, 25, 14, 10, 42, 41, 49, 6, 15, 48, 19, 47, 24, 52, 33, 23, 51, 34, 45, 32, 4, 53, 54, 29, 50, 30, 40, 27, 31, 43, 36, 2, 8, 44, 46, 7]","[""Intercept"", ""xage"", ""child"", ""xghindx"", ""physlm"", ""ghindx"", ""disea"", ""lnum"", ""lfam"", ""num"", ""black"", ""coins"", ""fchild"", ""plan_11"", ""logc"", ""fmde"", ""hlthp"", ""mdeoff"", ""mhi"", ""plan_16"", ""plan_15"", ""site_5"", ""female"", ""pioff"", ""site_4"", ""lpi"", ""site_3"", ""hlthf"", ""year_3"", ""plan_6"", ""hlthg"", ""year_2"", ""plan_7"", ""plan_19"", ""plan_5"", ""income"", ""year_4"", ""year_5"", ""plan_2"", ""site_6"", ""plan_3"", ""plan_14"", ""linc"", ""plan_4"", ""plan_17"", ""plan_9"", ""tookphys"", ""time"", ""plan_18"", ""site_2"", ""educdec""]","[[5, 16, 26, 12, 11, 3, 1, 21, 25, 6, 48, 47, 34, 29, 50, 31], [16, 12, 13, 11, 50]]","[16, 5]",1415.197674036026,0.8390072323650366,0.1609927676349633,-2.167525247443551,-0.15597013930048606,0.0,-0.22349147443117878,0.0,0.1833023907569274,0.15316218935170148,0.0,0.0,0.0,0.0,0.03385686836140476,0.061322145705406006,0.0,0.0,0.0,-0.21622117394981974,0.0,0.0,0.0,0.0,-0.279225685479766,0.0,0.0,0.0,0.09976885320236029,-0.12903887238678546,0.0,0.0,0.11572437061286446,0.0,-0.05533959213670277,0.0,0.0,0.11982873893452325,0.0,0.0,0.0,0.0,0.0,0.0,0.0,0.0,0.0,0.0,0.0,0.0,0.1708793913319297,-0.3218486254168472,0.0,-0.25603277430850563,0.0,0.0,0.0,0.0,0.24985637825112886,0.0,0.0,0.0,0.0,0.0,0.0,0.0,0.0,0.0,0.0,0.20495076744890192,0.17520377334304424,-0.26477876495840896,0.0,0.0,-0.6412641330431978,0.0,0.0,0.0,0.0,0.0,0.0,0.0,0.0,0.0,0.0,0.0,0.0,0.0,0.0,0.0,0.0,0.0,0.0,0.0,0.0,0.0,0.0,0.0,0.0,0.0,0.0,0.0,0.0,0.0,0.0,0.0,0.0,0.0,0.5072250077921072,0.0,0.0,0.0,0.0,1.9738185320053945,7.19811029110986
300,468659274,True,,100.0,kmeans_glm,8083.026293322487,-3964.3866080202106,8024.30535012933,"[0, 5, 16, 11, 12, 38, 28, 18, 22, 9, 14, 17, 21, 3, 26, 1, 13, 47, 49, 42, 23, 10, 41, 33, 15, 52, 32, 24, 6, 45, 19, 25, 48, 53, 54, 7, 2, 35, 30, 51, 4, 29, 27, 46, 8, 34, 31, 37, 44, 43, 40]","[""Intercept"", ""xage"", ""child"", ""disea"", ""physlm"", ""plan_11"", ""lnum"", ""lfam"", ""fmde"", ""num"", ""mdeoff"", ""fchild"", ""logc"", ""black"", ""xghindx"", ""coins"", ""ghindx"", ""site_3"", ""site_5"", ""plan_16"", ""hlthg"", ""mhi"", ""plan_15"", ""plan_6"", ""pioff"", ""year_3"", ""plan_5"", ""hlthf"", ""female"", ""plan_19"", ""lpi"", ""hlthp"", ""site_4"", ""year_4"", ""year_5"", ""educdec"", ""tookphys"", ""plan_8"", ""plan_3"", ""year_2"", ""income"", ""plan_2"", ""linc"", ""site_2"", ""time"", ""plan_7"", ""plan_4"", ""plan_10"", ""plan_18"", ""plan_17"", ""plan_14""]","[[5, 11, 22, 21, 3, 47, 25], []]","[7, 0]",1200.796023607254,0.8735175151374309,0.126482484862569,-1.9466071862570289,0.0,0.0,-0.1811819666273427,0.0,0.27449933841125307,0.0,0.0,0.0,0.0,0.0,0.1498615420842635,0.0,0.0,0.0,0.0,0.0,0.0,0.0,0.0,0.0,-0.1355223450636831,-0.15991715026712758,0.0,0.0,0.08341167433955571,0.0,0.0,0.0,0.0,0.0,0.0,0.0,0.0,0.0,0.0,0.0,0.0,0.0,0.0,0.0,0.0,0.0,0.0,0.0,0.0,0.0,0.20422014876413144,0.0,0.0,0.0,0.0,0.0,0.0,0.0,1.1855769438633539,0.0,0.0,0.0,0.0,0.0,0.0,0.0,0.0,0.0,0.0,0.0,0.0,0.0,0.0,0.0,0.0,0.0,0.0,0.0,0.0,0.0,0.0,0.0,0.0,0.0,0.0,0.0,0.0,0.0,0.0,0.0,0.0,0.0,0.0,0.0,0.0,0.0,0.0,0.0,0.0,0.0,0.0,0.0,0.0,0.0,0.0,0.0,0.0,0.0,0.0,0.0,0.0,0.0,0.0,2.074198325649681,7.958164045077242
301,2046881976,True,,100.0,quantile_glm,7921.861091176433,-3907.536713801815,7875.866603842026,"[0, 5, 16, 28, 18, 10, 26, 3, 12, 11, 9, 38, 17, 22, 13, 14, 21, 1, 42, 48, 47, 49, 15, 19, 52, 41, 25, 33, 6, 2, 4, 32, 23, 45, 54, 46, 24, 51, 40, 29, 35, 30, 7, 27, 37, 8, 31, 43, 44, 36, 34]","[""Intercept"", ""xage"", ""child"", ""lnum"", ""lfam"", ""mhi"", ""xghindx"", ""black"", ""physlm"", ""disea"", ""num"", ""plan_11"", ""fchild"", ""fmde"", ""ghindx"", ""mdeoff"", ""logc"", ""coins"", ""plan_16"", ""site_4"", ""site_3"", ""site_5"", ""pioff"", ""lpi"", ""year_3"", ""plan_15"", ""hlthp"", ""plan_6"", ""female"", ""tookphys"", ""income"", ""plan_5"", ""hlthg"", ""plan_19"", ""year_5"", ""site_2"", ""hlthf"", ""year_2"", ""plan_14"", ""plan_2"", ""plan_8"", ""plan_3"", ""educdec"", ""linc"", ""plan_10"", ""time"", ""plan_4"", ""plan_17"", ""plan_18"", ""plan_9"", ""plan_7""]","[[5, 21, 47], []]","[3, 0]",1025.6333644390106,0.8423533578935712,0.15764664210642876,-1.947508154680516,0.0,0.0,0.0,0.0,0.44516973092441,0.0,0.0,0.0,0.0,0.0,0.0,0.0,0.0,0.0,0.0,0.0,0.0,0.0,0.0,0.0,-0.2870583570265525,0.0,0.0,0.0,0.0,0.0,0.0,0.0,0.0,0.0,0.0,0.0,0.0,0.0,0.0,0.0,0.0,0.0,0.0,0.0,0.0,0.0,0.0,0.0,0.0,0.0,0.25322872498229976,0.0,0.0,0.0,0.0,0.0,0.0,0.0,0.9058039119327385,0.0,0.0,0.0,0.0,0.0,0.0,0.0,0.0,0.0,0.0,0.0,0.0,0.0,0.0,0.0,0.0,0.0,0.0,0.0,0.0,0.0,0.0,0.0,0.0,0.0,0.0,0.0,0.0,0.0,0.0,0.0,0.0,0.0,0.0,0.0,0.0,0.0,0.0,0.0,0.0,0.0,0.0,0.0,0.0,0.0,0.0,0.0,0.0,0.0,0.0,0.0,0.0,0.0,0.0,2.329103044295034,10.268726807967981
302,253201915,True,,50.0,kmeans_glm,7782.646511888814,-3762.162988731532,7689.336027252997,"[0, 5, 16, 11, 17, 38, 28, 18, 9, 22, 21, 14, 1, 3, 26, 12, 13, 47, 42, 23, 52, 49, 15, 51, 2, 7, 4, 10, 41, 45, 32, 48, 53, 27, 6, 54, 24, 19, 33, 36, 43, 29, 25, 30, 40, 8, 44, 20, 31, 39, 50]","[""Intercept"", ""xage"", ""child"", ""disea"", ""fchild"", ""plan_11"", ""lnum"", ""lfam"", ""num"", ""fmde"", ""logc"", ""mdeoff"", ""coins"", ""black"", ""xghindx"", ""physlm"", ""ghindx"", ""site_3"", ""plan_16"", ""hlthg"", ""year_3"", ""site_5"", ""pioff"", ""year_2"", ""tookphys"", ""educdec"", ""income"", ""mhi"", ""plan_15"", ""plan_19"", ""plan_5"", ""site_4"", ""year_4"", ""linc"", ""female"", ""year_5"", ""hlthf"", ""lpi"", ""plan_6"", ""plan_9"", ""plan_17"", ""plan_2"", ""hlthp"", ""plan_3"", ""plan_14"", ""time"", ""plan_18"", ""idp"", ""plan_4"", ""plan_13"", ""site_6""]","[[5, 16, 11, 22, 21, 1, 47, 42, 52, 2, 48, 29, 50], [16, 50]]","[13, 2]",1270.4717655181885,0.8448131271856951,0.15518687281430493,-2.2497602584131076,-0.150943814734054,0.08331319511717089,0.0,0.0,0.1710068246148194,0.0,0.0,0.0,0.0,0.0,0.1343083008578405,0.0,0.0,0.0,0.0,-0.18820872419376328,0.0,0.0,0.0,0.0,-0.1396885931927395,-0.08530408134749193,0.0,0.0,0.0,0.0,0.0,0.0,0.09868325500556188,0.0,0.0,0.0,0.0,0.0,0.0,0.0,0.0,0.0,0.0,0.0,0.0,-0.15035576616754473,0.0,0.0,0.0,0.0,0.18460051516362072,-0.17923080199802027,0.0,-0.27961359004243275,0.0,-1.7791232136344253,0.0,0.0,0.32975507757104056,0.0,0.0,0.0,0.0,0.0,0.0,0.0,0.0,0.0,0.0,0.0,0.0,0.0,0.0,0.0,-0.896548485680646,0.0,0.0,0.0,0.0,0.0,0.0,0.0,0.0,0.0,0.0,0.0,0.0,0.0,0.0,0.0,0.0,0.0,0.0,0.0,0.0,0.0,0.0,0.0,0.0,0.0,0.0,0.0,0.0,0.0,0.0,0.0,0.0,0.0,0.436902153325895,0.0,0.0,0.0,0.0,2.060260855953905,7.848016745223601
303,2028962819,True,,50.0,kmeans_glm,8015.135924648807,-3861.9755088788797,7941.06950432346,"[0, 5, 12, 16, 38, 28, 18, 11, 14, 22, 9, 26, 1, 21, 13, 3, 17, 10, 15, 4, 46, 25, 42, 48, 49, 52, 27, 47, 51, 41, 19, 45, 6, 23, 33, 24, 32, 37, 31, 54, 36, 2, 20, 30, 43, 40, 35, 8, 7, 34, 29]","[""Intercept"", ""xage"", ""physlm"", ""child"", ""plan_11"", ""lnum"", ""lfam"", ""disea"", ""mdeoff"", ""fmde"", ""num"", ""xghindx"", ""coins"", ""logc"", ""ghindx"", ""black"", ""fchild"", ""mhi"", ""pioff"", ""income"", ""site_2"", ""hlthp"", ""plan_16"", ""site_4"", ""site_5"", ""year_3"", ""linc"", ""site_3"", ""year_2"", ""plan_15"", ""lpi"", ""plan_19"", ""female"", ""hlthg"", ""plan_6"", ""hlthf"", ""plan_5"", ""plan_10"", ""plan_4"", ""year_5"", ""plan_9"", ""tookphys"", ""idp"", ""plan_3"", ""plan_17"", ""plan_14"", ""plan_8"", ""time"", ""educdec"", ""plan_7"", ""plan_2""]","[[5, 38, 28, 18, 11, 22, 1, 21, 3, 10, 4, 25, 48, 47, 6, 24, 43, 35, 34, 29], [12]]","[20, 1]",1415.073021888733,0.8395475997623603,0.16045240023763968,-2.0757163023061245,-0.08784035289537363,0.0,-0.20817838216746273,0.20030133366642927,0.3021708597383698,0.10245146797302795,0.0,0.0,0.0,-0.07106008006072663,0.06998733677453234,0.0,0.0,0.0,0.0,0.0,0.0,-0.03565149430913807,0.0,0.0,0.08939299856316978,-0.3537617646263485,0.0,0.09207214101786824,0.1152498486046096,0.0,0.0,-0.035642846324886616,0.1066621275938306,0.0,0.0,0.0,0.0,0.16525463868010248,0.08368315755285756,0.0,0.0,0.13997859444252164,0.0,0.0,0.0,0.0,0.13892421936364133,0.0,0.0,0.0,0.23913058417683095,-0.12824386630474893,0.0,0.0,0.0,0.0,0.0,0.0,0.8239243716745753,0.0,0.0,0.0,0.0,0.0,0.0,0.0,0.0,0.0,0.0,0.0,0.41045654173003254,0.0,0.0,0.0,0.0,0.0,0.0,0.0,0.0,0.0,0.0,0.0,0.0,0.0,0.0,0.0,0.0,0.0,0.0,0.0,0.0,0.0,0.0,0.0,0.0,0.0,0.0,0.0,0.0,0.0,0.0,0.0,0.0,0.0,0.0,0.0,0.0,0.0,0.0,0.0,0.0,0.0,0.0,2.2953505244363823,9.92791537939094
304,141291643,True,,50.0,quantile_glm,7775.496201412207,-3765.51224862842,7713.404025972029,"[0, 5, 16, 12, 28, 18, 9, 3, 38, 22, 14, 26, 11, 13, 21, 1, 42, 17, 10, 52, 48, 47, 49, 15, 45, 33, 6, 2, 23, 24, 19, 32, 25, 54, 30, 41, 53, 46, 51, 7, 31, 50, 20, 29, 8, 44, 4, 36, 40, 34, 35]","[""Intercept"", ""xage"", ""child"", ""physlm"", ""lnum"", ""lfam"", ""num"", ""black"", ""plan_11"", ""fmde"", ""mdeoff"", ""xghindx"", ""disea"", ""ghindx"", ""logc"", ""coins"", ""plan_16"", ""fchild"", ""mhi"", ""year_3"", ""site_4"", ""site_3"", ""site_5"", ""pioff"", ""plan_19"", ""plan_6"", ""female"", ""tookphys"", ""hlthg"", ""hlthf"", ""lpi"", ""plan_5"", ""hlthp"", ""year_5"", ""plan_3"", ""plan_15"", ""year_4"", ""site_2"", ""year_2"", ""educdec"", ""plan_4"", ""site_6"", ""idp"", ""plan_2"", ""time"", ""plan_18"", ""income"", ""plan_9"", ""plan_14"", ""plan_7"", ""plan_8""]","[[5, 28, 18, 3, 22, 11, 21, 42, 48, 47, 6, 25, 41, 50, 29, 34], [50]]","[16, 1]",1516.4503226280212,0.8401399759623646,0.15986002403763552,-2.233247955999378,0.0,0.0,-0.13380532837612535,0.0,0.3544088533804256,0.16144396343210357,0.0,0.0,0.0,0.0,0.02477978564089513,0.0,0.0,0.0,0.0,0.0,0.0,-0.015613812388634634,0.0,0.0,-0.025414803460810997,-0.23350406772303975,0.0,0.0,0.058133054283903224,0.0,0.0,-0.015614527673958201,0.05385511673254677,0.0,0.0,0.0,0.0,0.11878942482105614,0.0,0.0,0.0,0.0,0.0,0.0,-0.1302263204183842,-0.35329900512866064,0.0,0.0,0.0,0.0,0.1762924795332194,-0.33375387428570624,0.0,-0.28955817034240955,0.0,0.0,0.0,0.0,0.7067206000317053,0.0,0.0,0.0,0.0,0.0,0.0,0.0,0.0,0.0,0.0,0.0,0.0,0.0,0.0,0.0,0.0,0.0,0.0,0.0,0.0,0.0,0.0,0.0,0.0,0.0,0.0,0.0,0.0,0.0,0.0,0.0,0.0,0.0,0.0,0.0,0.0,0.0,0.0,0.0,0.0,0.0,0.0,0.0,0.0,0.0,0.0,0.0,0.0,0.0,0.5466084949542929,0.0,0.0,0.0,0.0,1.9543403397847778,7.059260773957658
305,845642682,True,,50.0,kmeans_glm,8003.764965737701,-3863.1311604947023,7908.641849704593,"[0, 5, 16, 11, 1, 12, 38, 17, 28, 18, 9, 14, 3, 22, 24, 13, 26, 21, 10, 52, 49, 48, 41, 47, 42, 15, 19, 45, 6, 51, 46, 33, 40, 43, 25, 2, 54, 32, 4, 35, 39, 30, 34, 8, 31, 23, 37, 50, 7, 27, 36]","[""Intercept"", ""xage"", ""child"", ""disea"", ""coins"", ""physlm"", ""plan_11"", ""fchild"", ""lnum"", ""lfam"", ""num"", ""mdeoff"", ""black"", ""fmde"", ""hlthf"", ""ghindx"", ""xghindx"", ""logc"", ""mhi"", ""year_3"", ""site_5"", ""site_4"", ""plan_15"", ""site_3"", ""plan_16"", ""pioff"", ""lpi"", ""plan_19"", ""female"", ""year_2"", ""site_2"", ""plan_6"", ""plan_14"", ""plan_17"", ""hlthp"", ""tookphys"", ""year_5"", ""plan_5"", ""income"", ""plan_8"", ""plan_13"", ""plan_3"", ""plan_7"", ""time"", ""plan_4"", ""hlthg"", ""plan_10"", ""site_6"", ""educdec"", ""linc"", ""plan_9""]","[[5, 16, 11, 1, 38, 24, 21, 10, 52, 48, 47, 6, 43, 25, 50], [16, 50]]","[15, 2]",1164.2610824108124,0.8302212157898585,0.16977878421014148,-2.430292314923255,-0.11769291839682376,0.0,0.0,0.0,0.19270452803406032,0.12473749373679217,0.0,0.0,0.0,-0.017356851831935784,0.11968643957228686,0.0,0.0,0.0,0.0,-0.07915692482634415,0.0,0.0,0.0,0.0,-0.19929467427218667,0.0,0.0,0.05780137847078888,0.0908741139726022,0.0,0.0,0.0,0.0,0.0,0.0,0.0,0.0,0.0,0.0,0.0,0.0,0.14342111720158174,0.0,0.0,0.0,0.0,0.12785140472510834,0.0,0.0,0.0,0.16852159170241804,-0.20201191674110175,0.0,-0.37950545647511097,0.0,-1.8660718681932758,0.0,0.0,0.6095162808289849,0.0,0.0,0.0,0.0,0.0,0.0,0.0,0.0,0.0,0.0,0.0,0.0,0.0,0.0,0.0,-0.7065929043418433,0.0,0.0,0.0,0.0,0.0,0.0,0.0,0.0,0.0,0.0,0.0,0.0,0.0,0.0,0.0,0.0,0.0,0.0,0.0,0.0,0.0,0.0,0.0,0.0,0.0,0.0,0.0,0.0,0.0,0.0,0.0,0.0,0.0,0.5548806284721813,0.0,0.0,0.0,0.0,1.8073084823178174,6.094023167934744
306,848563019,True,,50.0,kmeans_glm,7725.128857928601,-3721.4423404543472,7616.579470161255,"[0, 5, 16, 12, 22, 3, 13, 26, 38, 14, 28, 18, 9, 11, 21, 17, 1, 49, 15, 48, 33, 19, 10, 47, 24, 41, 32, 46, 6, 27, 52, 2, 42, 4, 45, 51, 53, 23, 50, 54, 29, 31, 25, 30, 8, 44, 7, 36, 39, 40, 43]","[""Intercept"", ""xage"", ""child"", ""physlm"", ""fmde"", ""black"", ""ghindx"", ""xghindx"", ""plan_11"", ""mdeoff"", ""lnum"", ""lfam"", ""num"", ""disea"", ""logc"", ""fchild"", ""coins"", ""site_5"", ""pioff"", ""site_4"", ""plan_6"", ""lpi"", ""mhi"", ""site_3"", ""hlthf"", ""plan_15"", ""plan_5"", ""site_2"", ""female"", ""linc"", ""year_3"", ""tookphys"", ""plan_16"", ""income"", ""plan_19"", ""year_2"", ""year_4"", ""hlthg"", ""site_6"", ""year_5"", ""plan_2"", ""plan_4"", ""hlthp"", ""plan_3"", ""time"", ""plan_18"", ""educdec"", ""plan_9"", ""plan_13"", ""plan_14"", ""plan_17""]","[[5, 16, 22, 3, 11, 21, 1, 49, 48, 47, 6, 50, 29], [16, 12, 50]]","[13, 3]",1454.5999081134796,0.8395949726745088,0.1604050273254911,-2.094942899715827,-0.18386304359094935,0.0,-0.18311154275149397,0.0,0.22812965951436961,0.1266676455092545,0.0,0.0,0.0,0.0,0.05240757331673853,0.0,0.0,0.0,0.0,-0.12383744861313638,0.0,0.0,0.0,0.0,-0.017879029896565025,-0.20408601484564717,0.0,0.0,0.0,0.0,0.0,0.0,0.12495740081430783,0.0,0.0,0.0,0.0,0.0,0.0,0.0,0.0,0.0,0.0,0.0,0.0,0.0,0.0,0.0,0.0,0.0,0.0738624406990772,-0.24367472250146024,-0.13900742292820795,-0.3174458875446917,0.0,0.0,0.0,0.0,0.33911569518422874,0.0,0.0,0.0,0.0,0.0,0.0,0.0,0.0,0.0,0.0,0.0,0.29258131572087603,0.0,0.0,0.0,-0.6330210364623435,0.0,0.0,0.0,0.0,0.0,0.0,0.0,0.0,0.0,0.0,0.0,0.0,0.0,0.0,0.0,0.0,0.0,0.0,0.0,0.0,0.0,0.0,0.0,0.0,0.0,0.0,0.0,0.0,0.0,0.0,0.0,0.0,0.0,0.6204846543083384,0.0,0.0,0.0,0.0,2.0135862010330303,7.490130353378527
307,586009892,True,,50.0,quantile_glm,7841.603143651486,-3767.726782092377,7735.202571825199,"[0, 5, 16, 12, 11, 3, 26, 28, 18, 9, 1, 6, 38, 14, 49, 13, 10, 25, 42, 17, 22, 47, 23, 15, 21, 52, 19, 4, 48, 27, 45, 31, 30, 51, 53, 7, 54, 32, 39, 44, 41, 46, 36, 2, 33, 50, 24, 8, 37, 35, 34]","[""Intercept"", ""xage"", ""child"", ""physlm"", ""disea"", ""black"", ""xghindx"", ""lnum"", ""lfam"", ""num"", ""coins"", ""female"", ""plan_11"", ""mdeoff"", ""site_5"", ""ghindx"", ""mhi"", ""hlthp"", ""plan_16"", ""fchild"", ""fmde"", ""site_3"", ""hlthg"", ""pioff"", ""logc"", ""year_3"", ""lpi"", ""income"", ""site_4"", ""linc"", ""plan_19"", ""plan_4"", ""plan_3"", ""year_2"", ""year_4"", ""educdec"", ""year_5"", ""plan_5"", ""plan_13"", ""plan_18"", ""plan_15"", ""site_2"", ""plan_9"", ""tookphys"", ""plan_6"", ""site_6"", ""hlthf"", ""time"", ""plan_10"", ""plan_8"", ""plan_7""]","[[5, 11, 3, 1, 6, 38, 49, 10, 25, 22, 47, 21, 48, 50], [5, 12, 11, 25, 50]]","[14, 5]",1597.3378927707672,0.8227285399198074,0.17727146008019248,-2.167151720352417,-0.1692827855977991,0.0,-0.08032599845894212,0.0,0.3779648697587143,0.1703693863766023,0.0,0.0,0.0,-0.1132854941305188,-0.0010881038100906241,0.0,0.0,0.0,0.0,0.0,0.0,0.0,0.0,0.0,-0.017124020630845074,-0.0680781656911406,0.0,0.0,0.080149147410392,0.0,0.0,0.0,0.0,0.0,0.0,0.0,0.0,0.0,0.0,0.0,0.0,0.08736152516782265,0.0,0.0,0.0,0.0,0.0,0.0,0.0,0.0,0.15792895125116924,-0.2265952849759951,-0.21584330898366869,-0.27502059004656804,0.0,0.0,0.0,0.0,0.4458177223166631,0.0,0.0,0.0,0.0,0.6122983353425315,0.0,0.0,0.0,0.0,0.0,0.23193089196430394,0.2951117940069723,0.0,0.0,0.0,0.0,0.0,0.0,0.0,0.0,0.0,0.0,0.0,0.0,0.1145275625325248,0.0,0.0,0.0,0.0,0.0,0.0,0.0,0.0,0.0,0.0,0.0,0.0,0.0,0.0,0.0,0.0,0.0,0.0,0.0,0.0,0.0,0.0,0.0,0.0,0.48520029620088734,0.0,0.0,0.0,0.0,1.9674858582716328,7.1526710349816955
308,1540047264,True,,50.0,kmeans_glm,7791.290649324595,-3744.303614898051,7705.725716361802,"[0, 5, 16, 12, 26, 13, 17, 38, 3, 11, 1, 22, 10, 14, 21, 9, 28, 18, 47, 6, 49, 42, 41, 48, 52, 23, 15, 2, 25, 24, 54, 30, 31, 46, 4, 19, 53, 37, 29, 27, 45, 33, 51, 50, 36, 34, 8, 32, 40, 43, 35]","[""Intercept"", ""xage"", ""child"", ""physlm"", ""xghindx"", ""ghindx"", ""fchild"", ""plan_11"", ""black"", ""disea"", ""coins"", ""fmde"", ""mhi"", ""mdeoff"", ""logc"", ""num"", ""lnum"", ""lfam"", ""site_3"", ""female"", ""site_5"", ""plan_16"", ""plan_15"", ""site_4"", ""year_3"", ""hlthg"", ""pioff"", ""tookphys"", ""hlthp"", ""hlthf"", ""year_5"", ""plan_3"", ""plan_4"", ""site_2"", ""income"", ""lpi"", ""year_4"", ""plan_10"", ""plan_2"", ""linc"", ""plan_19"", ""plan_6"", ""year_2"", ""site_6"", ""plan_9"", ""plan_7"", ""time"", ""plan_5"", ""plan_14"", ""plan_17"", ""plan_8""]","[[5, 16, 12, 26, 13, 3, 11, 1, 10, 21, 47, 6, 48, 2, 25, 24, 29, 50, 43], [16, 12]]","[19, 2]",1391.5580925941467,0.8399861301956147,0.16001386980438523,-2.1168625487961172,-0.17594988304000944,0.09446501617122977,-0.09620322447686487,0.0,0.16128642409960697,0.11409185205985216,0.0,0.0,0.0,-0.04443831478851154,0.02612716247124549,0.045907216294628614,-0.212797838506515,0.0,0.0,-0.17533619244002496,0.0,0.0,0.0,0.0,-0.2753396490949855,0.0,0.0,0.04995382525326985,0.0858639907896959,0.1340663648826825,0.0,0.0,0.13404963821769428,0.0,0.0,0.0,0.0,0.0,0.0,0.0,0.0,0.0,0.0,0.0,0.0,0.0,0.1281070360622103,0.0,0.0,0.0,0.12421381684090384,-0.16705018472643787,0.0,-0.3000449918068962,0.0,0.0,0.0,0.0,0.5264328912185925,0.0,0.0,0.0,0.0,0.0,0.0,0.0,0.0,0.0,0.0,0.0,0.2787246807799251,0.0,0.0,0.0,-0.6959488282359757,0.0,0.0,0.0,0.0,0.0,0.0,0.0,0.0,0.0,0.0,0.0,0.0,0.0,0.0,0.0,0.0,0.0,0.0,0.0,0.0,0.0,0.0,0.0,0.0,0.0,0.0,0.0,0.0,0.0,0.0,0.0,0.0,0.0,0.0,0.0,0.0,0.0,0.0,2.062744457397844,7.867532315361731
309,289919665,True,,50.0,kmeans_glm,8021.796730797049,-3891.7665886580185,7974.597445493854,"[0, 5, 16, 3, 38, 9, 28, 18, 22, 12, 17, 14, 11, 1, 21, 26, 13, 49, 10, 6, 52, 24, 48, 15, 47, 2, 45, 23, 19, 33, 46, 30, 42, 41, 4, 54, 25, 31, 44, 27, 40, 29, 51, 20, 32, 53, 43, 7, 36, 34, 8]","[""Intercept"", ""xage"", ""child"", ""black"", ""plan_11"", ""num"", ""lnum"", ""lfam"", ""fmde"", ""physlm"", ""fchild"", ""mdeoff"", ""disea"", ""coins"", ""logc"", ""xghindx"", ""ghindx"", ""site_5"", ""mhi"", ""female"", ""year_3"", ""hlthf"", ""site_4"", ""pioff"", ""site_3"", ""tookphys"", ""plan_19"", ""hlthg"", ""lpi"", ""plan_6"", ""site_2"", ""plan_3"", ""plan_16"", ""plan_15"", ""income"", ""year_5"", ""hlthp"", ""plan_4"", ""plan_18"", ""linc"", ""plan_14"", ""plan_2"", ""year_2"", ""idp"", ""plan_5"", ""year_4"", ""plan_17"", ""educdec"", ""plan_9"", ""plan_7"", ""time""]","[[5, 16, 3, 38, 22, 1, 21, 10, 6, 52, 24, 48, 47, 33, 30, 25, 29, 43], []]","[18, 0]",942.5612990856171,0.8294187727812715,0.17058122721872848,-2.598864280706259,-0.16324386427634138,0.0,-0.36329941874936267,0.0,0.1804534832639472,0.29099733960398017,0.0,0.0,0.0,-0.05004815879292065,0.0,0.0,0.0,0.0,0.0,-0.1762438277866946,0.0,0.0,0.0,0.0,-0.24946311199462998,0.020406172412847617,0.0,0.09547922350973109,0.10702248485171514,0.0,0.0,0.0,0.11984691263902672,-1.4471878484694929,0.0,0.0,-0.1123594394080422,0.0,0.0,0.0,0.0,0.0468037805661136,0.0,0.0,0.0,0.0,0.08932639168058937,0.0,0.0,0.0,0.10500893476979156,-0.1695360118841089,0.0,0.0,0.0,-1.9762483243709343,0.0,0.0,0.89041833262187,0.0,0.0,0.0,0.0,0.0,0.0,0.0,0.0,0.0,0.0,0.0,0.0,0.0,0.0,0.0,0.0,0.0,0.0,0.0,0.0,0.0,0.0,0.0,0.0,0.0,0.0,0.0,0.0,0.0,0.0,0.0,0.0,0.0,0.0,0.0,0.0,0.0,0.0,0.0,0.0,0.0,0.0,0.0,0.0,0.0,0.0,0.0,0.0,0.0,0.0,0.0,0.0,0.0,0.0,2.0797153066535685,8.002190419606263
310,498312590,True,,25.0,quantile_glm,8030.927565427267,-3783.4971545058697,7957.807584830001,"[0, 5, 16, 12, 9, 28, 18, 11, 38, 22, 21, 3, 14, 17, 26, 13, 49, 10, 15, 1, 42, 48, 32, 25, 52, 19, 6, 29, 47, 51, 45, 33, 34, 46, 39, 41, 23, 20, 54, 2, 27, 53, 4, 7, 43, 24, 31, 30, 8, 36, 50]","[""Intercept"", ""xage"", ""child"", ""physlm"", ""num"", ""lnum"", ""lfam"", ""disea"", ""plan_11"", ""fmde"", ""logc"", ""black"", ""mdeoff"", ""fchild"", ""xghindx"", ""ghindx"", ""site_5"", ""mhi"", ""pioff"", ""coins"", ""plan_16"", ""site_4"", ""plan_5"", ""hlthp"", ""year_3"", ""lpi"", ""female"", ""plan_2"", ""site_3"", ""year_2"", ""plan_19"", ""plan_6"", ""plan_7"", ""site_2"", ""plan_13"", ""plan_15"", ""hlthg"", ""idp"", ""year_5"", ""tookphys"", ""linc"", ""year_4"", ""income"", ""educdec"", ""plan_17"", ""hlthf"", ""plan_4"", ""plan_3"", ""time"", ""plan_9"", ""site_6""]","[[5, 16, 12, 9, 11, 38, 22, 21, 49, 10, 42, 48, 25, 52, 6, 29, 47, 34, 54, 2, 7, 43, 31, 50], [5, 16, 12, 9, 28, 18, 11, 38, 3, 14, 49, 42, 48, 32, 25, 7, 50]]","[24, 17]",2171.178540468216,0.7881325899881169,0.21186741001188314,-2.516830032241569,0.0,0.056738762968954526,0.0,0.0,0.2841698611047554,0.15943998766472608,0.04289946851549341,0.0,-0.05805209907506582,-0.045619432200943506,0.016826488856739062,0.07624572037219036,0.0,0.0,0.0,-0.028332226840404453,0.0,0.0,0.0,0.0,-0.01392369589974468,-0.23419174065564674,0.0,0.0,0.048188729736499465,0.0,0.0,0.0,0.1568145894610846,0.0,-0.08833674026686184,0.0,0.0,0.1759486176870153,0.0,0.0,0.0,0.13340133285075373,0.0,0.0,0.0,-0.1363759074354926,0.18581002048163264,0.0,0.0,0.0,0.1551775652136434,-0.1915380657022421,-0.06063150218566373,-0.3609895770508184,0.0,-1.796898493964581,0.0,-1.074611436762904,-0.34995921273744185,0.0,0.0,-0.7711624637219323,0.0,0.21223702532543073,0.0,0.2664217167119949,0.0,-0.13986752830411686,0.0,0.25450942376170854,0.31249871338066565,0.0,-0.0030235716737166416,0.0,-0.4750137033474539,0.0,-0.0010340488931362714,0.0,0.0,0.0,0.0,0.0,0.0,0.041485939364381476,0.0,0.0,-0.0010350271155999625,0.0,0.0,0.0,-0.3366592860259988,0.0,0.0,0.0,0.0,0.0,0.31482084505731134,0.0,0.0,0.0,-0.23750684352407134,0.0,0.0,0.0,0.0,0.0,-0.18686691806308173,-0.5557940528459732,0.6343889640350906,0.0,0.0,0.0,0.0,1.4433951243470922,4.235049957384074
311,485876749,True,,100.0,kmeans_glm,8052.65943988092,-3944.445683778281,7984.42350164547,"[0, 5, 16, 11, 26, 13, 12, 3, 17, 10, 9, 38, 28, 18, 22, 21, 14, 49, 47, 1, 48, 25, 42, 6, 52, 15, 51, 23, 2, 41, 19, 45, 46, 4, 33, 54, 37, 53, 34, 29, 27, 24, 7, 32, 44, 20, 43, 39, 36, 8, 35]","[""Intercept"", ""xage"", ""child"", ""disea"", ""xghindx"", ""ghindx"", ""physlm"", ""black"", ""fchild"", ""mhi"", ""num"", ""plan_11"", ""lnum"", ""lfam"", ""fmde"", ""logc"", ""mdeoff"", ""site_5"", ""site_3"", ""coins"", ""site_4"", ""hlthp"", ""plan_16"", ""female"", ""year_3"", ""pioff"", ""year_2"", ""hlthg"", ""tookphys"", ""plan_15"", ""lpi"", ""plan_19"", ""site_2"", ""income"", ""plan_6"", ""year_5"", ""plan_10"", ""year_4"", ""plan_7"", ""plan_2"", ""linc"", ""hlthf"", ""educdec"", ""plan_5"", ""plan_18"", ""idp"", ""plan_17"", ""plan_13"", ""plan_9"", ""time"", ""plan_8""]","[[5, 16, 11, 21, 47, 25, 42], []]","[7, 0]",1136.0015256404877,0.8462667407908946,0.1537332592091054,-2.022725878926823,0.0,0.0,0.0,0.0,0.20620086176399563,0.0,0.0,0.0,0.0,0.0,0.13503200258699669,0.0,0.0,0.0,0.0,-0.2843166147467772,0.0,0.0,0.0,0.0,-0.2861589449754443,0.0,0.0,0.0,0.05488890154350787,0.0,0.0,0.0,0.0,0.0,0.0,0.0,0.0,0.0,0.0,0.0,0.0,0.0,0.0,0.0,0.0,-0.23563919773765468,0.0,0.0,0.0,0.0,0.2292431383950541,0.0,0.0,0.0,0.0,0.0,0.0,0.0,0.9486791111682389,0.0,0.0,0.0,0.0,0.0,0.0,0.0,0.0,0.0,0.0,0.0,0.0,0.0,0.0,0.0,0.0,0.0,0.0,0.0,0.0,0.0,0.0,0.0,0.0,0.0,0.0,0.0,0.0,0.0,0.0,0.0,0.0,0.0,0.0,0.0,0.0,0.0,0.0,0.0,0.0,0.0,0.0,0.0,0.0,0.0,0.0,0.0,0.0,0.0,0.0,0.0,0.0,0.0,0.0,2.1522442802488517,8.604146861581714
312,934565535,True,,50.0,quantile_glm,7566.045520531281,-3660.814486198735,7495.32376165003,"[0, 5, 16, 38, 21, 12, 22, 28, 18, 11, 9, 3, 17, 26, 14, 13, 1, 47, 49, 10, 41, 52, 42, 6, 48, 39, 15, 20, 25, 45, 19, 29, 54, 24, 43, 33, 50, 40, 27, 4, 31, 8, 51, 30, 44, 37, 35, 7, 32, 46, 34]","[""Intercept"", ""xage"", ""child"", ""plan_11"", ""logc"", ""physlm"", ""fmde"", ""lnum"", ""lfam"", ""disea"", ""num"", ""black"", ""fchild"", ""xghindx"", ""mdeoff"", ""ghindx"", ""coins"", ""site_3"", ""site_5"", ""mhi"", ""plan_15"", ""year_3"", ""plan_16"", ""female"", ""site_4"", ""plan_13"", ""pioff"", ""idp"", ""hlthp"", ""plan_19"", ""lpi"", ""plan_2"", ""year_5"", ""hlthf"", ""plan_17"", ""plan_6"", ""site_6"", ""plan_14"", ""linc"", ""income"", ""plan_4"", ""time"", ""year_2"", ""plan_3"", ""plan_18"", ""plan_10"", ""plan_8"", ""educdec"", ""plan_5"", ""site_2"", ""plan_7""]","[[5, 21, 11, 3, 14, 1, 47, 41, 6, 48, 29, 43, 50, 46, 34], [12]]","[15, 1]",1005.1473667621613,0.8541240195059939,0.14587598049400602,-2.055514277328077,-0.10020895204311277,0.0,-0.11872285485720166,0.0,0.4183911317535209,0.07080120293226898,0.0,0.0,0.0,0.0,0.02655010630085645,0.0,0.0,-0.08551154098072504,0.0,0.0,0.0,0.0,0.0,0.0,-0.21097214712106113,0.0,0.0,0.0,0.0,0.0,0.0,0.0,0.11099449109101375,0.0,0.0,0.0,0.0,0.0967443336430863,0.0,0.0,0.0,0.0,0.0,0.0,-0.07531026706745315,0.0,0.09759378952278701,0.0,0.0,-0.18734909598410335,0.14381092910724563,-0.2659579287447362,0.0,-0.3358619685089347,0.0,0.0,0.0,0.0,0.5579004763806317,0.0,0.0,0.0,0.0,0.0,0.0,0.0,0.0,0.0,0.0,0.0,0.5060791090953094,0.0,0.0,0.0,0.0,0.0,0.0,0.0,0.0,0.0,0.0,0.0,0.0,0.0,0.0,0.0,0.0,0.0,0.0,0.0,0.0,0.0,0.0,0.0,0.0,0.0,0.0,0.0,0.0,0.0,0.0,0.0,0.0,0.0,0.0,0.0,0.0,0.0,0.0,0.0,0.0,0.0,0.0,2.272757460700783,9.706128214367402
313,74735902,True,,50.0,kmeans_glm,8254.875204346883,-3977.9125677683915,8155.574143177228,"[0, 5, 16, 28, 18, 9, 12, 38, 3, 22, 21, 11, 14, 26, 1, 17, 13, 49, 42, 6, 46, 41, 32, 47, 15, 45, 48, 4, 19, 51, 52, 27, 7, 10, 43, 54, 24, 23, 30, 36, 29, 25, 20, 2, 8, 44, 40, 34, 39, 53, 31]","[""Intercept"", ""xage"", ""child"", ""lnum"", ""lfam"", ""num"", ""physlm"", ""plan_11"", ""black"", ""fmde"", ""logc"", ""disea"", ""mdeoff"", ""xghindx"", ""coins"", ""fchild"", ""ghindx"", ""site_5"", ""plan_16"", ""female"", ""site_2"", ""plan_15"", ""plan_5"", ""site_3"", ""pioff"", ""plan_19"", ""site_4"", ""income"", ""lpi"", ""year_2"", ""year_3"", ""linc"", ""educdec"", ""mhi"", ""plan_17"", ""year_5"", ""hlthf"", ""hlthg"", ""plan_3"", ""plan_9"", ""plan_2"", ""hlthp"", ""idp"", ""tookphys"", ""time"", ""plan_18"", ""plan_14"", ""plan_7"", ""plan_13"", ""year_4"", ""plan_4""]","[[5, 16, 28, 18, 3, 21, 11, 42, 6, 47, 48, 7, 23, 29, 34], [5, 16, 12, 38]]","[15, 4]",1148.4939274787903,0.8143581648924632,0.18564183510753682,-2.247434322353293,0.0,0.0,-0.20339683180569057,0.0,0.31823765447857444,0.20177636927768694,0.1106921438589672,0.0,0.0,0.0,0.05550023472526961,0.0,0.0,0.0,0.0,-0.0840799053598133,0.0,-0.04626910018679837,0.0,0.0,-0.2929787968498518,0.0,-0.10612194272120053,0.0,0.0,0.0,0.0,-0.046269322416943086,0.10116489271630708,0.0,0.0,0.0,0.0,0.1147614991064093,0.0,0.0,0.0,0.0,0.0,0.0,0.0,-0.15111284285621426,0.0,0.0,0.0,0.0,0.22336799565900706,-0.15984428910855697,0.0,0.0,0.0,0.0,0.0,0.0,0.5560202638004922,0.0,0.0,0.0,0.0,0.24635297608523493,0.0,0.0,0.0,0.0,0.0,0.0,0.21459852056332782,0.0,0.0,0.0,-0.3741776883013697,0.0,0.0,0.0,0.0,0.0,0.0,0.0,0.0,0.0,0.0,0.0,0.0,0.0,0.0,0.0,0.0,0.0,0.0,0.0,0.0,0.0,0.5056379769686337,0.0,0.0,0.0,0.0,0.0,0.0,0.0,0.0,0.0,0.0,0.0,0.0,0.0,0.0,0.0,0.0,1.7515614961652726,5.763595485308359
314,648633775,True,,50.0,kmeans_glm,7847.729220678897,-3818.1917145732014,7810.078218398963,"[0, 5, 16, 12, 11, 10, 26, 13, 3, 17, 38, 14, 22, 1, 28, 18, 21, 9, 24, 15, 19, 49, 48, 25, 6, 52, 42, 47, 4, 41, 46, 45, 23, 54, 33, 27, 30, 2, 40, 32, 31, 34, 8, 53, 43, 37, 20, 36, 51, 7, 44]","[""Intercept"", ""xage"", ""child"", ""physlm"", ""disea"", ""mhi"", ""xghindx"", ""ghindx"", ""black"", ""fchild"", ""plan_11"", ""mdeoff"", ""fmde"", ""coins"", ""lnum"", ""lfam"", ""logc"", ""num"", ""hlthf"", ""pioff"", ""lpi"", ""site_5"", ""site_4"", ""hlthp"", ""female"", ""year_3"", ""plan_16"", ""site_3"", ""income"", ""plan_15"", ""site_2"", ""plan_19"", ""hlthg"", ""year_5"", ""plan_6"", ""linc"", ""plan_3"", ""tookphys"", ""plan_14"", ""plan_5"", ""plan_4"", ""plan_7"", ""time"", ""year_4"", ""plan_17"", ""plan_10"", ""idp"", ""plan_9"", ""year_2"", ""educdec"", ""plan_18""]","[[5, 16, 11, 10, 26, 3, 14, 22, 1, 21, 48, 25, 6, 47, 34, 43], []]","[16, 0]",1000.043098449707,0.8481114846124809,0.15188851538751913,-1.9757890644809728,-0.09455407280863287,0.0,-0.27027842647357603,0.0,0.20579898538913433,0.19716363117071897,0.0,0.0,0.0,-0.08335391808921691,0.025029704710665433,0.0,0.0,-0.021796237961903782,0.0,-0.13152570370097008,0.0,0.0,0.0,0.0,-0.031583086870054726,-0.27961431255959684,0.0,0.0,0.0626280064200616,-0.10262955191486337,0.0,0.0,0.0,0.0,0.0,0.0,0.0,0.14827573948488004,0.0,0.0,0.0,0.0,0.0,0.0,0.0,0.0,0.14301840467625035,0.0,0.0,0.0,0.07627698027542322,-0.197049680148473,0.0,0.0,0.0,0.0,0.0,0.0,0.830875801340184,0.0,0.0,0.0,0.0,0.0,0.0,0.0,0.0,0.0,0.0,0.0,0.0,0.0,0.0,0.0,0.0,0.0,0.0,0.0,0.0,0.0,0.0,0.0,0.0,0.0,0.0,0.0,0.0,0.0,0.0,0.0,0.0,0.0,0.0,0.0,0.0,0.0,0.0,0.0,0.0,0.0,0.0,0.0,0.0,0.0,0.0,0.0,0.0,0.0,0.0,0.0,0.0,0.0,0.0,2.338770053013869,10.368476041100406
315,1407569254,True,,50.0,quantile_glm,7938.099910746698,-3822.241635166308,7844.23227797306,"[0, 5, 16, 12, 28, 18, 9, 17, 26, 13, 3, 14, 11, 1, 49, 22, 47, 38, 46, 42, 15, 48, 21, 24, 10, 52, 19, 41, 2, 32, 45, 37, 6, 39, 33, 30, 50, 54, 51, 31, 43, 29, 20, 23, 25, 4, 7, 27, 36, 8, 40]","[""Intercept"", ""xage"", ""child"", ""physlm"", ""lnum"", ""lfam"", ""num"", ""fchild"", ""xghindx"", ""ghindx"", ""black"", ""mdeoff"", ""disea"", ""coins"", ""site_5"", ""fmde"", ""site_3"", ""plan_11"", ""site_2"", ""plan_16"", ""pioff"", ""site_4"", ""logc"", ""hlthf"", ""mhi"", ""year_3"", ""lpi"", ""plan_15"", ""tookphys"", ""plan_5"", ""plan_19"", ""plan_10"", ""female"", ""plan_13"", ""plan_6"", ""plan_3"", ""site_6"", ""year_5"", ""year_2"", ""plan_4"", ""plan_17"", ""plan_2"", ""idp"", ""hlthg"", ""hlthp"", ""income"", ""educdec"", ""linc"", ""plan_9"", ""time"", ""plan_14""]","[[5, 16, 3, 11, 1, 49, 22, 47, 42, 48, 21, 24, 52, 6, 30, 50, 29], [16, 12]]","[17, 2]",1233.463659286499,0.8405552101489909,0.15944478985100904,-2.2828417386953084,-0.12105766249978141,0.0,-0.11923489531118521,0.0,0.15287554019744734,0.0905255598333237,0.0,0.0,0.0,0.0,0.07440424798593924,0.0,0.0,0.0,0.0,-0.23980652244348583,0.0,0.0,0.0,0.0,-0.10351373162871039,-0.14638323506095635,0.0,0.1059167796125548,0.0,0.0,0.0,0.0,0.09099466347494904,-0.07343323318584051,0.0,0.0,0.0,0.0,0.0,0.0,0.0,0.0,0.0,0.0,0.0,-0.24849563306183492,0.0,0.0,0.0,0.0,0.07381556567861264,-0.22353155662076066,-0.14599962547534287,-0.32155176023579995,0.0,-1.3614702146755384,0.0,0.0,0.5458741657386682,0.0,0.0,0.0,0.0,0.0,0.0,0.0,0.0,0.0,0.0,0.0,0.28135714890152536,0.0,0.0,0.0,-0.5887534119962337,0.0,0.0,0.0,0.0,0.0,0.0,0.0,0.0,0.0,0.0,0.0,0.0,0.0,0.0,0.0,0.0,0.0,0.0,0.0,0.0,0.0,0.0,0.0,0.0,0.0,0.0,0.0,0.0,0.0,0.0,0.0,0.0,0.0,0.0,0.0,0.0,0.0,0.0,2.0526709532638607,7.7886765398750795
316,237942836,True,,25.0,quantile_glm,8050.276778344517,-3813.98114950488,7975.351877514881,"[0, 5, 16, 12, 26, 13, 38, 1, 9, 28, 18, 14, 3, 22, 21, 11, 10, 48, 17, 42, 49, 47, 6, 15, 4, 2, 41, 19, 52, 23, 45, 27, 46, 51, 7, 33, 40, 43, 24, 54, 32, 30, 50, 25, 8, 37, 39, 29, 35, 36, 34]","[""Intercept"", ""xage"", ""child"", ""physlm"", ""xghindx"", ""ghindx"", ""plan_11"", ""coins"", ""num"", ""lnum"", ""lfam"", ""mdeoff"", ""black"", ""fmde"", ""logc"", ""disea"", ""mhi"", ""site_4"", ""fchild"", ""plan_16"", ""site_5"", ""site_3"", ""female"", ""pioff"", ""income"", ""tookphys"", ""plan_15"", ""lpi"", ""year_3"", ""hlthg"", ""plan_19"", ""linc"", ""site_2"", ""year_2"", ""educdec"", ""plan_6"", ""plan_14"", ""plan_17"", ""hlthf"", ""year_5"", ""plan_5"", ""plan_3"", ""site_6"", ""hlthp"", ""time"", ""plan_10"", ""plan_13"", ""plan_2"", ""plan_8"", ""plan_9"", ""plan_7""]","[[5, 16, 12, 13, 38, 1, 21, 11, 10, 48, 42, 47, 6, 4, 2, 7, 43, 24, 54, 50, 25, 29, 35, 34], [5, 16, 12, 38, 1, 9, 3, 49, 46, 7, 40, 50]]","[24, 12]",1096.8555309772491,0.8332726151641272,0.1667273848358728,-2.137361745133914,-0.06151821654725952,0.06266031766664512,0.0,0.12343001954245614,0.20348806921503615,0.17071761297998875,0.08851178350704837,0.0,0.0,-0.06801060493846392,0.004106809541963373,0.02424701781083742,-0.05717345245656423,0.0,0.0,-0.07888798830866374,0.0,0.0,0.0,0.0,-0.13438894604250196,0.0,0.0,0.08130668664078865,0.05725404102913951,0.0,0.0,0.0,0.10420403190726873,0.0,0.0,0.0,0.0,0.08145715597705197,0.08399796678841144,0.0,0.0,0.14654624247062642,0.0,0.0,0.0,-0.10815612959702713,0.1359096896163953,0.0,0.0,0.0,0.1715778651990013,-0.25268874979354383,0.0,-0.2273714890407567,0.0,0.0,0.0,-1.0770453240701294,-0.05998435275614378,-0.32623887787589056,0.0,-0.7631129221588311,0.0,0.30191669588455217,0.0,0.25673314114521656,0.0,-0.3708257018079273,0.0,0.0,0.17408335552809812,0.0,0.0,0.0,-0.26197952702274313,0.0,0.0,0.0,0.0,0.0,0.0,0.0,0.0,0.0,0.0,0.0,0.0,0.0,0.0,0.0,0.0,0.0,0.0,0.0,0.0,0.0,0.2963226533358826,0.0,0.3456191749525195,0.0,0.0,0.0,0.0,0.0,0.039195412948200586,0.0,0.0,-0.5009233052338063,0.657595240712276,0.0,0.0,0.0,0.0,1.6931365346106013,5.436505779844873
317,1712785554,True,,50.0,quantile_glm,8229.898041461038,-3960.473363741555,8146.749953511439,"[0, 5, 16, 11, 28, 18, 12, 26, 9, 13, 17, 3, 38, 22, 10, 14, 21, 49, 47, 19, 15, 2, 1, 25, 32, 48, 42, 52, 24, 45, 33, 6, 23, 46, 34, 54, 7, 27, 51, 30, 29, 31, 4, 8, 20, 37, 41, 39, 43, 35, 36]","[""Intercept"", ""xage"", ""child"", ""disea"", ""lnum"", ""lfam"", ""physlm"", ""xghindx"", ""num"", ""ghindx"", ""fchild"", ""black"", ""plan_11"", ""fmde"", ""mhi"", ""mdeoff"", ""logc"", ""site_5"", ""site_3"", ""lpi"", ""pioff"", ""tookphys"", ""coins"", ""hlthp"", ""plan_5"", ""site_4"", ""plan_16"", ""year_3"", ""hlthf"", ""plan_19"", ""plan_6"", ""female"", ""hlthg"", ""site_2"", ""plan_7"", ""year_5"", ""educdec"", ""linc"", ""year_2"", ""plan_3"", ""plan_2"", ""plan_4"", ""income"", ""time"", ""idp"", ""plan_10"", ""plan_15"", ""plan_13"", ""plan_17"", ""plan_8"", ""plan_9""]","[[5, 11, 28, 18, 26, 3, 22, 10, 21, 47, 19, 25, 48, 24, 6, 23, 34, 29, 31, 39], [16, 11]]","[20, 2]",1600.1755545139313,0.8357187345825718,0.16428126541742819,-1.9928887809204305,0.0,0.0,-0.2272913724235023,0.0,0.3839373320763309,0.10348952400335167,0.0,0.0,0.0,-0.039035821078079874,0.08547359864367661,0.0,0.0,0.0,0.0,0.0,0.0,-0.012100569708167678,-0.09429452586164222,0.0,0.07451736183278028,-0.2894534690301518,-0.08246528475285153,0.05512035044083282,0.040729490942777405,-0.09214447714118537,0.0,-0.012105856848119953,0.09286009506829025,0.0,-0.1020551011870836,0.0,0.0,0.12202817905090703,0.0,0.0,0.0,0.0,-0.12138125951119813,0.0,0.0,0.0,0.0,0.0,0.0,0.0,0.21805435103534418,-0.1368317081719126,0.0,0.0,0.0,0.0,0.0,0.0,0.620152762006702,0.0,0.0,0.0,0.0,0.0,0.0,0.0,0.0,0.0,0.0,0.3119578004625632,0.0,0.0,0.0,0.0,-0.6745123365938465,0.0,0.0,0.0,0.0,0.0,0.0,0.0,0.0,0.0,0.0,0.0,0.0,0.0,0.0,0.0,0.0,0.0,0.0,0.0,0.0,0.0,0.0,0.0,0.0,0.0,0.0,0.0,0.0,0.0,0.0,0.0,0.0,0.0,0.0,0.0,0.0,0.0,0.0,2.1510373987776488,8.593768939879343
318,2132465586,True,,50.0,kmeans_glm,7981.194651512436,-3853.728132749333,7907.20527313911,"[0, 5, 16, 11, 12, 28, 18, 9, 3, 26, 13, 17, 10, 38, 14, 6, 1, 22, 49, 21, 24, 41, 48, 46, 52, 42, 47, 45, 15, 2, 23, 51, 25, 53, 43, 33, 7, 54, 30, 4, 32, 36, 35, 19, 29, 27, 20, 40, 8, 37, 44]","[""Intercept"", ""xage"", ""child"", ""disea"", ""physlm"", ""lnum"", ""lfam"", ""num"", ""black"", ""xghindx"", ""ghindx"", ""fchild"", ""mhi"", ""plan_11"", ""mdeoff"", ""female"", ""coins"", ""fmde"", ""site_5"", ""logc"", ""hlthf"", ""plan_15"", ""site_4"", ""site_2"", ""year_3"", ""plan_16"", ""site_3"", ""plan_19"", ""pioff"", ""tookphys"", ""hlthg"", ""year_2"", ""hlthp"", ""year_4"", ""plan_17"", ""plan_6"", ""educdec"", ""year_5"", ""plan_3"", ""income"", ""plan_5"", ""plan_9"", ""plan_8"", ""lpi"", ""plan_2"", ""linc"", ""idp"", ""plan_14"", ""time"", ""plan_10"", ""plan_18""]","[[5, 16, 11, 12, 28, 18, 3, 10, 6, 1, 21, 24, 48, 47, 25, 43, 35], [16, 11]]","[17, 2]",1225.936279296875,0.8331250537227154,0.1668749462772846,-2.084503479967725,-0.16713663446484942,0.0,-0.23113976405779604,0.0,0.12863957201816406,0.19094811326597624,0.0,0.0,0.0,-0.041462398679153606,0.05085168600913771,0.04522573056523984,0.0,0.0,0.0,-0.21726572132174152,0.0,-0.035626561930333735,0.0,0.0,-0.24935746669465314,0.0,0.0,0.10261854406789159,0.07093828346210583,0.0,0.0,-0.03562619504401367,0.0,0.0,0.0,0.0,0.0,0.0,0.10127168620146935,0.0,0.0,0.0,0.0,0.0,0.0,0.0,0.1075618378544034,0.0,0.0,0.0,0.10229570458064255,-0.12890630091788113,0.0,0.0,0.0,0.0,0.0,0.0,0.5390902481667171,0.0,0.0,0.0,0.0,0.0,0.0,0.0,0.0,0.0,0.0,0.3232405070202419,0.0,0.0,0.0,0.0,-0.7247119636757455,0.0,0.0,0.0,0.0,0.0,0.0,0.0,0.0,0.0,0.0,0.0,0.0,0.0,0.0,0.0,0.0,0.0,0.0,0.0,0.0,0.0,0.0,0.0,0.0,0.0,0.0,0.0,0.0,0.0,0.0,0.0,0.0,0.0,0.0,0.0,0.0,0.0,0.0,1.885412799257861,6.589073845485993
319,1047595537,True,,50.0,kmeans_glm,7838.109672094617,-3810.7898960197003,7795.274581291961,"[0, 5, 16, 12, 11, 3, 38, 9, 28, 18, 21, 22, 26, 13, 1, 14, 10, 17, 41, 19, 47, 49, 15, 42, 23, 52, 32, 6, 48, 27, 4, 45, 54, 2, 33, 53, 40, 25, 29, 51, 7, 30, 24, 34, 46, 20, 36, 39, 8, 44, 50]","[""Intercept"", ""xage"", ""child"", ""physlm"", ""disea"", ""black"", ""plan_11"", ""num"", ""lnum"", ""lfam"", ""logc"", ""fmde"", ""xghindx"", ""ghindx"", ""coins"", ""mdeoff"", ""mhi"", ""fchild"", ""plan_15"", ""lpi"", ""site_3"", ""site_5"", ""pioff"", ""plan_16"", ""hlthg"", ""year_3"", ""plan_5"", ""female"", ""site_4"", ""linc"", ""income"", ""plan_19"", ""year_5"", ""tookphys"", ""plan_6"", ""year_4"", ""plan_14"", ""hlthp"", ""plan_2"", ""year_2"", ""educdec"", ""plan_3"", ""hlthf"", ""plan_7"", ""site_2"", ""idp"", ""plan_9"", ""plan_13"", ""time"", ""plan_18"", ""site_6""]","[[5, 16, 11, 3, 38, 21, 1, 41, 47, 6, 48, 25, 29, 7, 34, 50], []]","[16, 0]",2148.5643725395203,0.8372007488059681,0.1627992511940319,-2.0060548028965886,-0.047472314958436373,0.0,-0.12297019070711113,0.0,0.29220514778729817,0.17058131243463598,0.09681304708309063,0.0,0.0,0.0,0.04380753966118425,0.0,0.0,0.0,0.0,-0.05149683316735906,0.0,0.0,0.0,0.0,-0.09008110969294923,0.0,0.0,0.0,0.07365375066385826,0.0,0.0,0.0,0.12917264726618669,0.0,0.0,0.0,0.0,0.1171763714145903,0.0,0.0,0.0,0.19394362392874556,0.0,0.0,-0.18611127756230536,0.0,0.0,0.0,0.0,0.0,0.16734806459385348,-0.16121786792514547,0.0,-0.29282883173768187,0.0,0.0,0.0,0.0,0.7128846796287569,0.0,0.0,0.0,0.0,0.0,0.0,0.0,0.0,0.0,0.0,0.0,0.0,0.0,0.0,0.0,0.0,0.0,0.0,0.0,0.0,0.0,0.0,0.0,0.0,0.0,0.0,0.0,0.0,0.0,0.0,0.0,0.0,0.0,0.0,0.0,0.0,0.0,0.0,0.0,0.0,0.0,0.0,0.0,0.0,0.0,0.0,0.0,0.0,0.0,0.0,0.0,0.0,0.0,0.0,2.331323908268787,10.291557596045577
320,1415259439,True,,50.0,kmeans_glm,7933.551031782643,-3867.6901826446883,7909.075154541937,"[0, 5, 16, 12, 11, 38, 26, 13, 1, 14, 22, 17, 21, 3, 9, 28, 18, 10, 47, 48, 42, 49, 15, 52, 41, 6, 46, 43, 4, 19, 24, 45, 35, 30, 33, 25, 54, 37, 31, 23, 29, 44, 34, 27, 51, 36, 20, 53, 8, 40, 32]","[""Intercept"", ""xage"", ""child"", ""physlm"", ""disea"", ""plan_11"", ""xghindx"", ""ghindx"", ""coins"", ""mdeoff"", ""fmde"", ""fchild"", ""logc"", ""black"", ""num"", ""lnum"", ""lfam"", ""mhi"", ""site_3"", ""site_4"", ""plan_16"", ""site_5"", ""pioff"", ""year_3"", ""plan_15"", ""female"", ""site_2"", ""plan_17"", ""income"", ""lpi"", ""hlthf"", ""plan_19"", ""plan_8"", ""plan_3"", ""plan_6"", ""hlthp"", ""year_5"", ""plan_10"", ""plan_4"", ""hlthg"", ""plan_2"", ""plan_18"", ""plan_7"", ""linc"", ""year_2"", ""plan_9"", ""idp"", ""year_4"", ""time"", ""plan_14"", ""plan_5""]","[[5, 16, 12, 11, 1, 22, 21, 3, 10, 47, 48, 52, 43, 4, 29, 34], []]","[16, 0]",838.3279738426208,0.8404396538887127,0.15956034611128736,-2.1686944237109045,-0.21431813684725926,0.0,-0.07834038658250711,0.11395746005040966,0.061233839803637787,0.0,0.0,0.0,0.0,-0.0703064138548363,0.13334528287732417,0.04093163202777749,0.0,0.0,0.0,-0.20012121007389366,0.0,0.0,0.0,0.0,-0.06147558875486432,-0.21255084575613933,0.0,0.0,0.0,0.0,0.0,0.0,0.1574004007079618,0.0,0.0,0.0,0.0,0.17323935162652782,0.0,0.0,0.0,0.0,0.0,0.0,0.0,0.0,0.1640787183936488,0.0,0.0,0.0,0.1962117191627381,-0.09935070583459339,0.0,0.0,0.0,-1.3072284816205753,0.0,0.0,0.9229101759225491,0.0,0.0,0.0,0.0,0.0,0.0,0.0,0.0,0.0,0.0,0.0,0.0,0.0,0.0,0.0,0.0,0.0,0.0,0.0,0.0,0.0,0.0,0.0,0.0,0.0,0.0,0.0,0.0,0.0,0.0,0.0,0.0,0.0,0.0,0.0,0.0,0.0,0.0,0.0,0.0,0.0,0.0,0.0,0.0,0.0,0.0,0.0,0.0,0.0,0.0,0.0,0.0,0.0,0.0,2.3461948277288682,10.44574614141308
321,2075089247,True,,100.0,quantile_glm,7621.792784001551,-3724.2126750970265,7535.272744820333,"[0, 5, 16, 28, 18, 9, 12, 11, 22, 26, 38, 17, 14, 13, 3, 21, 1, 10, 49, 45, 32, 2, 47, 52, 51, 19, 15, 24, 42, 48, 33, 6, 41, 7, 53, 54, 40, 30, 23, 34, 37, 25, 36, 35, 31, 27, 4, 46, 29, 50, 8]","[""Intercept"", ""xage"", ""child"", ""lnum"", ""lfam"", ""num"", ""physlm"", ""disea"", ""fmde"", ""xghindx"", ""plan_11"", ""fchild"", ""mdeoff"", ""ghindx"", ""black"", ""logc"", ""coins"", ""mhi"", ""site_5"", ""plan_19"", ""plan_5"", ""tookphys"", ""site_3"", ""year_3"", ""year_2"", ""lpi"", ""pioff"", ""hlthf"", ""plan_16"", ""site_4"", ""plan_6"", ""female"", ""plan_15"", ""educdec"", ""year_4"", ""year_5"", ""plan_14"", ""plan_3"", ""hlthg"", ""plan_7"", ""plan_10"", ""hlthp"", ""plan_9"", ""plan_8"", ""plan_4"", ""linc"", ""income"", ""site_2"", ""plan_2"", ""site_6"", ""time""]","[[5, 16, 11, 22, 47, 34], []]","[6, 0]",1674.285882472992,0.8436481268636001,0.15635187313639987,-2.05865287702694,0.0,0.0,0.0,0.0,0.21141699832394079,0.0,0.0,0.0,0.0,0.0,0.11589672171278353,0.0,0.0,0.0,0.0,-0.2392676875218055,0.0,0.0,0.0,0.0,0.0,-0.3725403053597034,0.0,0.0,0.0,0.0,0.0,0.0,0.0,0.0,0.0,0.0,0.0,0.18634718894491956,0.0,0.0,0.0,0.0,0.0,0.0,0.0,0.0,0.0,0.0,0.0,0.0,0.23692779272505488,0.0,0.0,0.0,0.0,0.0,0.0,0.0,0.8759885091666298,0.0,0.0,0.0,0.0,0.0,0.0,0.0,0.0,0.0,0.0,0.0,0.0,0.0,0.0,0.0,0.0,0.0,0.0,0.0,0.0,0.0,0.0,0.0,0.0,0.0,0.0,0.0,0.0,0.0,0.0,0.0,0.0,0.0,0.0,0.0,0.0,0.0,0.0,0.0,0.0,0.0,0.0,0.0,0.0,0.0,0.0,0.0,0.0,0.0,0.0,0.0,0.0,0.0,0.0,2.3638690671879146,10.632007929103706
322,930518542,True,,50.0,quantile_glm,8136.158403715311,-3980.1287809177015,8125.267611625336,"[0, 5, 16, 12, 28, 18, 9, 11, 26, 3, 13, 17, 22, 38, 21, 10, 14, 42, 6, 1, 49, 52, 34, 25, 23, 47, 48, 32, 4, 41, 2, 51, 45, 33, 54, 46, 15, 24, 40, 27, 39, 30, 29, 20, 19, 53, 7, 36, 8, 50, 31]","[""Intercept"", ""xage"", ""child"", ""physlm"", ""lnum"", ""lfam"", ""num"", ""disea"", ""xghindx"", ""black"", ""ghindx"", ""fchild"", ""fmde"", ""plan_11"", ""logc"", ""mhi"", ""mdeoff"", ""plan_16"", ""female"", ""coins"", ""site_5"", ""year_3"", ""plan_7"", ""hlthp"", ""hlthg"", ""site_3"", ""site_4"", ""plan_5"", ""income"", ""plan_15"", ""tookphys"", ""year_2"", ""plan_19"", ""plan_6"", ""year_5"", ""site_2"", ""pioff"", ""hlthf"", ""plan_14"", ""linc"", ""plan_13"", ""plan_3"", ""plan_2"", ""idp"", ""lpi"", ""year_4"", ""educdec"", ""plan_9"", ""time"", ""site_6"", ""plan_4""]","[[5, 11, 3, 22, 21, 10, 42, 6, 34, 47, 48, 46, 29, 50], [5]]","[14, 1]",1516.5833978652954,0.8153962492850731,0.18460375071492682,-2.511680556423433,0.0,0.0,-0.19804555202946134,0.0,0.43332353303559334,0.17806095552234139,0.0,0.0,0.0,-0.05522909146486947,0.05042216652389261,0.0,0.0,0.0,0.0,0.0,0.0,0.0,0.0,0.0,0.014708982890579318,-0.27974413534998566,0.0,0.0,0.0,0.0,0.0,0.0,0.04568061341471209,0.0,0.0,0.0,0.0,0.1474472188146555,0.0,0.0,0.0,0.0,0.0,0.0,0.0,-1.9776788720651297,0.0,0.0,0.0,-0.12496287290946997,0.0833914130627316,-0.17127678781347172,0.0,-0.22407873301110254,0.0,0.0,0.0,0.0,0.6810719129512709,0.0,0.0,0.0,0.0,0.5857913593435179,0.0,0.0,0.0,0.0,0.0,0.0,0.0,0.0,0.0,0.0,0.0,0.0,0.0,0.0,0.0,0.0,0.0,0.0,0.0,0.0,0.0,0.0,0.0,0.0,0.0,0.0,0.0,0.0,0.0,0.0,0.0,0.0,0.0,0.0,0.0,0.0,0.0,0.0,0.0,0.0,0.0,0.0,0.0,0.0,0.0,0.0,0.0,0.0,0.0,2.036705003589252,7.6653103718334945
323,1809426063,True,,100.0,kmeans_glm,7827.692107134111,-3838.3143577009178,7763.476110028116,"[0, 5, 16, 11, 28, 18, 3, 9, 12, 26, 38, 21, 17, 22, 14, 13, 1, 49, 47, 10, 48, 42, 24, 23, 32, 6, 41, 34, 52, 43, 15, 25, 27, 53, 19, 20, 40, 39, 45, 54, 33, 8, 31, 2, 4, 29, 35, 7, 46, 30, 44]","[""Intercept"", ""xage"", ""child"", ""disea"", ""lnum"", ""lfam"", ""black"", ""num"", ""physlm"", ""xghindx"", ""plan_11"", ""logc"", ""fchild"", ""fmde"", ""mdeoff"", ""ghindx"", ""coins"", ""site_5"", ""site_3"", ""mhi"", ""site_4"", ""plan_16"", ""hlthf"", ""hlthg"", ""plan_5"", ""female"", ""plan_15"", ""plan_7"", ""year_3"", ""plan_17"", ""pioff"", ""hlthp"", ""linc"", ""year_4"", ""lpi"", ""idp"", ""plan_14"", ""plan_13"", ""plan_19"", ""year_5"", ""plan_6"", ""time"", ""plan_4"", ""tookphys"", ""income"", ""plan_2"", ""plan_8"", ""educdec"", ""site_2"", ""plan_3"", ""plan_18""]","[[5, 11, 3, 21, 47, 43], []]","[6, 0]",1178.1035592556,0.8522661026571342,0.1477338973428658,-1.9346509699000818,0.0,0.0,-0.16752177749105712,0.0,0.3423394835587728,0.0,0.0,0.0,0.0,0.0,0.1361172431453134,0.0,0.0,0.0,0.0,0.0,0.0,0.0,0.0,0.0,-0.3419172095959807,0.0,0.0,0.0,0.0,0.0,0.0,0.0,0.0,0.0,0.0,0.0,0.0,0.0,0.0,0.0,0.0,0.0,0.0,0.0,0.0,0.0,0.1450937927063219,0.0,0.0,0.0,0.21212042539304954,0.0,0.0,0.0,0.0,0.0,0.0,0.0,0.8073978271784183,0.0,0.0,0.0,0.0,0.0,0.0,0.0,0.0,0.0,0.0,0.0,0.0,0.0,0.0,0.0,0.0,0.0,0.0,0.0,0.0,0.0,0.0,0.0,0.0,0.0,0.0,0.0,0.0,0.0,0.0,0.0,0.0,0.0,0.0,0.0,0.0,0.0,0.0,0.0,0.0,0.0,0.0,0.0,0.0,0.0,0.0,0.0,0.0,0.0,0.0,0.0,0.0,0.0,0.0,2.2958916083271683,9.933288668040683
324,72008205,True,,50.0,quantile_glm,7991.722104246617,-3844.39702643265,7914.597278893629,"[0, 5, 16, 26, 11, 13, 17, 14, 38, 3, 28, 18, 9, 22, 1, 10, 12, 21, 42, 49, 23, 47, 46, 52, 4, 15, 48, 51, 24, 27, 33, 7, 45, 19, 6, 30, 2, 32, 54, 41, 43, 50, 37, 8, 34, 25, 53, 31, 36, 20, 40]","[""Intercept"", ""xage"", ""child"", ""xghindx"", ""disea"", ""ghindx"", ""fchild"", ""mdeoff"", ""plan_11"", ""black"", ""lnum"", ""lfam"", ""num"", ""fmde"", ""coins"", ""mhi"", ""physlm"", ""logc"", ""plan_16"", ""site_5"", ""hlthg"", ""site_3"", ""site_2"", ""year_3"", ""income"", ""pioff"", ""site_4"", ""year_2"", ""hlthf"", ""linc"", ""plan_6"", ""educdec"", ""plan_19"", ""lpi"", ""female"", ""plan_3"", ""tookphys"", ""plan_5"", ""year_5"", ""plan_15"", ""plan_17"", ""site_6"", ""plan_10"", ""time"", ""plan_7"", ""hlthp"", ""year_4"", ""plan_4"", ""plan_9"", ""idp"", ""plan_14""]","[[5, 16, 26, 11, 13, 3, 22, 1, 10, 21, 42, 49, 47, 52, 48, 7, 6, 30, 43, 50, 34], [11]]","[21, 1]",921.7122569084167,0.8428490531962978,0.1571509468037022,-2.4340773354547593,-0.057055989668450414,0.0,-0.047854614320221964,0.0,0.27461140818708835,0.12311932577570675,0.11431544009151866,0.0,0.0,-0.08670510180376853,0.014687110263236196,0.0,-0.10795253757145916,0.0,0.0,-0.014003294218220781,0.0,0.0,0.0,0.0,0.029120350847882507,-0.36356518704107077,0.0,0.0,0.0,-0.019595837768195568,0.0,0.0,0.0,-1.1580187532206352,0.0,0.0,0.0,0.17076304090730463,0.0,0.0,0.0,0.0,0.0,0.0,0.0,-0.339301683898534,0.14648184551658355,0.0,0.0,0.0,0.09512742295095465,-0.18665806097374765,-0.10947012623624579,-0.3235403406559643,0.0,-1.680767552257286,0.0,0.0,0.7824207929523607,0.0,0.0,0.0,0.0,0.0,0.0,0.0,0.0,0.0,0.0,0.29071532472096245,0.0,0.0,0.0,0.0,0.0,0.0,0.0,0.0,0.0,0.0,0.0,0.0,0.0,0.0,0.0,0.0,0.0,0.0,0.0,0.0,0.0,0.0,0.0,0.0,0.0,0.0,0.0,0.0,0.0,0.0,0.0,0.0,0.0,0.0,0.0,0.0,0.0,0.0,0.0,0.0,0.0,0.0,0.0,2.1983825751166663,9.010428016668806
325,1019641435,True,,50.0,quantile_glm,8017.740092683969,-3886.3017042405045,7937.613458270942,"[0, 16, 5, 12, 17, 11, 3, 9, 28, 18, 26, 13, 22, 38, 14, 49, 1, 24, 21, 10, 52, 23, 6, 47, 41, 46, 32, 42, 15, 2, 51, 45, 4, 54, 27, 48, 30, 44, 33, 29, 34, 53, 19, 36, 40, 39, 43, 25, 8, 20, 50]","[""Intercept"", ""child"", ""xage"", ""physlm"", ""fchild"", ""disea"", ""black"", ""num"", ""lnum"", ""lfam"", ""xghindx"", ""ghindx"", ""fmde"", ""plan_11"", ""mdeoff"", ""site_5"", ""coins"", ""hlthf"", ""logc"", ""mhi"", ""year_3"", ""hlthg"", ""female"", ""site_3"", ""plan_15"", ""site_2"", ""plan_5"", ""plan_16"", ""pioff"", ""tookphys"", ""year_2"", ""plan_19"", ""income"", ""year_5"", ""linc"", ""site_4"", ""plan_3"", ""plan_18"", ""plan_6"", ""plan_2"", ""plan_7"", ""year_4"", ""lpi"", ""plan_9"", ""plan_14"", ""plan_13"", ""plan_17"", ""hlthp"", ""time"", ""idp"", ""site_6""]","[[16, 5, 11, 22, 49, 24, 21, 6, 47, 2, 29, 50], [16, 12, 50]]","[12, 3]",1064.6087381839752,0.8322937947281176,0.16770620527188243,-2.0558758201296814,0.0,0.0827357165409339,0.0,0.0,0.16293770562687393,0.08820032337606062,0.0,0.0,0.0,0.0,0.1000416033165131,0.0,0.0,0.0,0.0,-0.23847932681975137,0.0,0.0,0.0,0.0,-0.1200602150449947,-0.14973746954387715,0.0,0.09213730930873255,0.0,0.0,0.0,0.0,0.0700754552211851,0.0,0.0,0.0,0.0,0.0,0.0,0.0,0.0,0.0,0.0,0.0,0.0,0.0,0.0,0.0,0.0,0.0,0.17773737001450188,0.0,-0.10790240070860187,-0.3454857099794872,0.0,0.0,0.0,0.0,0.38217597206838616,0.0,0.0,0.0,0.0,0.0,0.0,0.0,0.0,0.0,0.0,0.0,0.29016064207825476,0.0,0.0,0.0,-0.7727459197115374,0.0,0.0,0.0,0.0,0.0,0.0,0.0,0.0,0.0,0.0,0.0,0.0,0.0,0.0,0.0,0.0,0.0,0.0,0.0,0.0,0.0,0.0,0.0,0.0,0.0,0.0,0.0,0.0,0.0,0.0,0.0,0.0,0.0,0.4730328501265303,0.0,0.0,0.0,0.0,1.9288977560478773,6.8819205042238965
326,1648554124,True,,50.0,kmeans_glm,8185.966454503841,-3936.778963535489,8081.991674174051,"[0, 5, 16, 12, 17, 3, 11, 9, 28, 18, 26, 47, 38, 13, 22, 1, 21, 49, 14, 10, 24, 23, 52, 42, 4, 19, 15, 33, 48, 6, 25, 46, 27, 45, 51, 2, 41, 53, 54, 30, 34, 32, 50, 40, 44, 8, 29, 37, 43, 36, 39]","[""Intercept"", ""xage"", ""child"", ""physlm"", ""fchild"", ""black"", ""disea"", ""num"", ""lnum"", ""lfam"", ""xghindx"", ""site_3"", ""plan_11"", ""ghindx"", ""fmde"", ""coins"", ""logc"", ""site_5"", ""mdeoff"", ""mhi"", ""hlthf"", ""hlthg"", ""year_3"", ""plan_16"", ""income"", ""lpi"", ""pioff"", ""plan_6"", ""site_4"", ""female"", ""hlthp"", ""site_2"", ""linc"", ""plan_19"", ""year_2"", ""tookphys"", ""plan_15"", ""year_4"", ""year_5"", ""plan_3"", ""plan_7"", ""plan_5"", ""site_6"", ""plan_14"", ""plan_18"", ""time"", ""plan_2"", ""plan_10"", ""plan_17"", ""plan_9"", ""plan_13""]","[[5, 16, 12, 3, 11, 47, 22, 1, 21, 24, 52, 42, 48, 34, 50, 40, 29], [5, 12, 50]]","[17, 3]",1415.6445715427399,0.8300953820388246,0.16990461796117542,-2.288297901837234,-0.08673563315132812,0.0,-0.14182777682519818,0.0,0.2719903703622664,0.0,0.0,0.0,0.0,0.0,0.059594930534840475,0.06660253714826211,0.0,0.0,0.0,-0.18707466954658214,0.0,0.0,0.0,0.0,0.056555149371246366,-0.27851063501463,0.0,0.054335618253835004,0.0,0.0,0.0,0.0,0.09285804034171019,0.0,0.0,0.0,0.0,0.12923177031644142,0.0,0.0,0.0,0.0,0.0,-0.10890005460594872,0.0,-0.11541679092517461,0.0,0.0,0.0,0.0,0.17152692096989378,-0.12264125120415932,0.0,-0.33967121774306314,0.0,-1.680985169525491,0.0,0.0,0.5280902274091229,0.0,0.0,0.0,0.0,0.6621522408627156,0.0,0.0,0.0,0.0,0.0,0.0,0.2712176695788655,0.0,0.0,0.0,0.0,0.0,0.0,0.0,0.0,0.0,0.0,0.0,0.0,0.0,0.0,0.0,0.0,0.0,0.0,0.0,0.0,0.0,0.0,0.0,0.0,0.0,0.0,0.0,0.0,0.0,0.0,0.0,0.0,0.0,0.0,0.0,0.0,0.0,0.476375142251106,0.0,0.0,0.0,0.0,2.065537460625204,7.889537073886004
327,1807434721,True,,50.0,quantile_glm,7763.012797226269,-3721.0329088254957,7659.184304216692,"[0, 5, 16, 12, 11, 26, 13, 28, 18, 14, 9, 38, 22, 17, 47, 10, 3, 21, 1, 25, 49, 48, 15, 42, 32, 52, 6, 33, 23, 19, 24, 4, 46, 51, 35, 45, 27, 54, 41, 30, 29, 50, 37, 7, 36, 31, 8, 39, 53, 43, 44]","[""Intercept"", ""xage"", ""child"", ""physlm"", ""disea"", ""xghindx"", ""ghindx"", ""lnum"", ""lfam"", ""mdeoff"", ""num"", ""plan_11"", ""fmde"", ""fchild"", ""site_3"", ""mhi"", ""black"", ""logc"", ""coins"", ""hlthp"", ""site_5"", ""site_4"", ""pioff"", ""plan_16"", ""plan_5"", ""year_3"", ""female"", ""plan_6"", ""hlthg"", ""lpi"", ""hlthf"", ""income"", ""site_2"", ""year_2"", ""plan_8"", ""plan_19"", ""linc"", ""year_5"", ""plan_15"", ""plan_3"", ""plan_2"", ""site_6"", ""plan_10"", ""educdec"", ""plan_9"", ""plan_4"", ""time"", ""plan_13"", ""year_4"", ""plan_17"", ""plan_18""]","[[5, 11, 22, 47, 10, 21, 1, 25, 49, 48, 52, 6, 24, 35, 29, 50, 43], [5, 16, 12, 11]]","[17, 4]",1419.2491807937622,0.8428838910020042,0.15711610899799586,-2.274478032417617,-0.24750991791222635,0.0,0.0,0.0,0.2653512065419928,0.1857431827721619,0.0,0.0,0.0,-0.03498320589531252,0.01920494995377799,0.0,0.0,0.0,0.0,0.0,0.0,0.0,0.0,0.0,-0.13269007671347807,-0.1371336995059207,0.0,0.07558760788628978,0.09832120828414875,0.0,0.0,0.0,0.13072238280643222,0.0,0.0,0.0,0.0,0.0,0.08599783149246074,0.0,0.0,0.0,0.0,0.0,0.0,0.0,0.12449970682960917,0.0,0.0,0.0,0.12599457002160275,-0.21865628867507156,-0.1838779610045997,-0.3481148398385201,0.0,-1.2951183027283888,0.0,0.0,0.38770474658795145,0.0,0.0,0.0,0.0,-0.13107254490107262,0.0,0.0,0.0,0.0,0.0,0.2665226965968402,0.27191714852245114,0.0,0.0,0.0,-0.8693874599023361,0.0,0.0,0.0,0.0,0.0,0.0,0.0,0.0,0.0,0.0,0.0,0.0,0.0,0.0,0.0,0.0,0.0,0.0,0.0,0.0,0.0,0.0,0.0,0.0,0.0,0.0,0.0,0.0,0.0,0.0,0.0,0.0,0.0,0.0,0.0,0.0,0.0,0.0,1.987919489750602,7.300329541090623
328,1382453960,True,,100.0,quantile_glm,8012.936789042686,-3927.789495315527,7942.426385257334,"[0, 5, 16, 12, 38, 11, 22, 21, 14, 26, 13, 28, 18, 1, 17, 9, 3, 10, 47, 24, 15, 25, 49, 52, 19, 48, 42, 41, 23, 45, 32, 46, 6, 51, 33, 53, 4, 54, 20, 43, 36, 37, 2, 39, 40, 30, 31, 50, 35, 34, 8]","[""Intercept"", ""xage"", ""child"", ""physlm"", ""plan_11"", ""disea"", ""fmde"", ""logc"", ""mdeoff"", ""xghindx"", ""ghindx"", ""lnum"", ""lfam"", ""coins"", ""fchild"", ""num"", ""black"", ""mhi"", ""site_3"", ""hlthf"", ""pioff"", ""hlthp"", ""site_5"", ""year_3"", ""lpi"", ""site_4"", ""plan_16"", ""plan_15"", ""hlthg"", ""plan_19"", ""plan_5"", ""site_2"", ""female"", ""year_2"", ""plan_6"", ""year_4"", ""income"", ""year_5"", ""idp"", ""plan_17"", ""plan_9"", ""plan_10"", ""tookphys"", ""plan_13"", ""plan_14"", ""plan_3"", ""plan_4"", ""site_6"", ""plan_8"", ""plan_7"", ""time""]","[[5, 16, 11, 21, 47, 50], []]","[6, 0]",931.4231650829315,0.8421653131462495,0.15783468685375043,-1.9603370488087206,0.0,0.0,0.0,0.0,0.22412685475078442,0.0,0.0,0.0,0.0,0.0,0.16733355016475485,0.0,0.0,0.0,0.0,-0.20252130002301663,0.0,0.0,0.0,0.0,-0.3300643134474009,0.0,0.0,0.0,0.0,0.0,0.0,0.0,0.0,0.0,0.0,0.0,0.0,0.0,0.0,0.0,0.0,0.0,0.0,0.0,0.0,0.0,0.0,0.0,0.0,0.0,0.22214305184723965,0.0,0.0,-0.2518013791288478,0.0,0.0,0.0,0.0,0.8311312489887075,0.0,0.0,0.0,0.0,0.0,0.0,0.0,0.0,0.0,0.0,0.0,0.0,0.0,0.0,0.0,0.0,0.0,0.0,0.0,0.0,0.0,0.0,0.0,0.0,0.0,0.0,0.0,0.0,0.0,0.0,0.0,0.0,0.0,0.0,0.0,0.0,0.0,0.0,0.0,0.0,0.0,0.0,0.0,0.0,0.0,0.0,0.0,0.0,0.0,0.0,0.0,0.0,0.0,0.0,2.2906801241011405,9.881656148724282
329,1522665306,True,,50.0,kmeans_glm,8461.113135817523,-4081.1771441444253,8370.788035391923,"[0, 5, 16, 11, 26, 12, 13, 28, 18, 3, 9, 10, 17, 38, 21, 22, 14, 1, 42, 48, 52, 24, 25, 2, 23, 49, 15, 47, 6, 33, 19, 46, 41, 51, 54, 30, 20, 45, 34, 39, 4, 29, 27, 36, 31, 8, 32, 44, 53, 43, 37]","[""Intercept"", ""xage"", ""child"", ""disea"", ""xghindx"", ""physlm"", ""ghindx"", ""lnum"", ""lfam"", ""black"", ""num"", ""mhi"", ""fchild"", ""plan_11"", ""logc"", ""fmde"", ""mdeoff"", ""coins"", ""plan_16"", ""site_4"", ""year_3"", ""hlthf"", ""hlthp"", ""tookphys"", ""hlthg"", ""site_5"", ""pioff"", ""site_3"", ""female"", ""plan_6"", ""lpi"", ""site_2"", ""plan_15"", ""year_2"", ""year_5"", ""plan_3"", ""idp"", ""plan_19"", ""plan_7"", ""plan_13"", ""income"", ""plan_2"", ""linc"", ""plan_9"", ""plan_4"", ""time"", ""plan_5"", ""plan_18"", ""year_4"", ""plan_17"", ""plan_10""]","[[5, 16, 11, 3, 10, 21, 1, 42, 48, 47, 6, 34, 29, 43], [16, 11, 26, 12, 38, 25]]","[14, 6]",1464.2181208133698,0.8215716682176744,0.17842833178232576,-1.9882365323484361,-0.1753837583256175,0.0,-0.18165848534415405,0.0,0.21033889383441526,0.06918394178091082,0.0,0.0,0.0,-0.07297073055138663,0.09068093345178399,0.0,0.0,0.0,0.0,-0.16606957530730965,0.0,0.0,0.0,0.0,-0.14413144553606924,0.0,0.0,0.0,0.0,0.0,0.0,0.0,0.14886062265891636,0.0,0.0,0.0,0.0,0.08991990021383293,0.0,0.0,0.0,0.0,0.0,0.0,0.0,-0.09936615114375498,0.07311967180179348,0.0,0.0,0.0,0.1764531061027393,-0.183106212240616,0.0,0.0,0.0,0.0,0.0,0.0,0.5347620471886807,0.0,0.0,0.0,0.0,0.0,0.0,0.0,0.0,0.0,0.0,0.18389033914582223,0.11788324293437033,0.0,0.0,0.0,-0.6151873540127251,0.0,0.0,0.0,0.0,0.0,0.0,0.0,0.0,0.06726648460542287,-0.17302132899440487,0.0,0.0,0.0,0.0,0.0,0.0,0.0,0.0,0.0,0.0,0.0,0.3976713058036485,0.0,0.0,0.0,0.0,0.0,0.0,0.0,0.0,0.0,0.0,0.0,0.0,0.0,0.0,0.0,0.0,2.003320906090671,7.413635250271503
330,1270497611,True,,50.0,kmeans_glm,8250.978927039883,-4012.274065275294,8189.558180340521,"[0, 5, 16, 12, 11, 28, 18, 26, 17, 13, 9, 3, 1, 14, 38, 22, 42, 15, 49, 21, 47, 10, 23, 41, 19, 24, 52, 48, 45, 6, 46, 33, 32, 51, 29, 54, 53, 30, 31, 4, 39, 36, 34, 27, 20, 2, 25, 7, 44, 8, 40]","[""Intercept"", ""xage"", ""child"", ""physlm"", ""disea"", ""lnum"", ""lfam"", ""xghindx"", ""fchild"", ""ghindx"", ""num"", ""black"", ""coins"", ""mdeoff"", ""plan_11"", ""fmde"", ""plan_16"", ""pioff"", ""site_5"", ""logc"", ""site_3"", ""mhi"", ""hlthg"", ""plan_15"", ""lpi"", ""hlthf"", ""year_3"", ""site_4"", ""plan_19"", ""female"", ""site_2"", ""plan_6"", ""plan_5"", ""year_2"", ""plan_2"", ""year_5"", ""year_4"", ""plan_3"", ""plan_4"", ""income"", ""plan_13"", ""plan_9"", ""plan_7"", ""linc"", ""idp"", ""tookphys"", ""hlthp"", ""educdec"", ""plan_18"", ""time"", ""plan_14""]","[[5, 16, 11, 26, 1, 22, 21, 47, 48, 6, 29, 34], [5, 16, 12]]","[12, 3]",1589.648405790329,0.8296584086310315,0.17034159136896848,-2.1088057787558947,-0.22542269203059437,0.0,0.0,0.0,0.21310032777325075,0.08270596315493987,0.0,0.0,0.0,0.0,0.09217122020009685,0.0,0.0,0.0,0.0,-0.18490622411455376,0.0,0.0,0.0,0.0,-0.1504675800506782,-0.19053849714164062,0.0,0.0,0.0,-0.042426563178205874,0.0,0.0,0.17873937827976422,0.0,0.0,0.0,0.0,0.15370070565660798,0.0,0.0,0.0,0.0,0.0,0.0,0.0,0.0,0.0,0.0,0.0,0.0,0.2722483056156541,-0.08583384589910696,0.0,0.0,0.0,0.0,0.0,0.0,0.49943511590965994,0.0,0.0,0.0,0.0,0.07715973723995179,0.0,0.0,0.0,0.0,0.0,0.0,0.3693935484855464,0.0,0.0,0.0,-0.6918992022996722,0.0,0.0,0.0,0.0,0.0,0.0,0.0,0.0,0.0,0.0,0.0,0.0,0.0,0.0,0.0,0.0,0.0,0.0,0.0,0.0,0.0,0.0,0.0,0.0,0.0,0.0,0.0,0.0,0.0,0.0,0.0,0.0,0.0,0.0,0.0,0.0,0.0,0.0,1.837319537035535,6.279683223157811
331,1362106760,True,,50.0,quantile_glm,7736.846951381456,-3734.551277298146,7642.7973438488525,"[0, 5, 16, 12, 3, 17, 22, 38, 14, 11, 21, 28, 18, 1, 10, 9, 26, 13, 48, 15, 47, 42, 25, 46, 49, 52, 7, 33, 6, 19, 41, 45, 2, 32, 24, 37, 40, 54, 30, 29, 27, 43, 51, 34, 23, 50, 4, 36, 44, 8, 53]","[""Intercept"", ""xage"", ""child"", ""physlm"", ""black"", ""fchild"", ""fmde"", ""plan_11"", ""mdeoff"", ""disea"", ""logc"", ""lnum"", ""lfam"", ""coins"", ""mhi"", ""num"", ""xghindx"", ""ghindx"", ""site_4"", ""pioff"", ""site_3"", ""plan_16"", ""hlthp"", ""site_2"", ""site_5"", ""year_3"", ""educdec"", ""plan_6"", ""female"", ""lpi"", ""plan_15"", ""plan_19"", ""tookphys"", ""plan_5"", ""hlthf"", ""plan_10"", ""plan_14"", ""year_5"", ""plan_3"", ""plan_2"", ""linc"", ""plan_17"", ""year_2"", ""plan_7"", ""hlthg"", ""site_6"", ""income"", ""plan_9"", ""plan_18"", ""time"", ""year_4""]","[[5, 22, 11, 21, 1, 10, 48, 47, 25, 2, 29, 43, 34, 50], [16, 12]]","[14, 2]",1108.9116463661194,0.8459437944475651,0.15405620555243493,-2.0862031378794863,-0.2318169388496912,0.11472511468759866,0.0,0.0,0.33548235784032276,0.0,0.0,0.0,0.0,-0.07584416628960247,0.03975299042728578,0.0,0.0,0.0,0.0,0.0,0.0,0.0,0.0,0.0,-0.027000645337272634,-0.24757416040015806,0.0,0.0,0.052931576608275556,0.0,0.0,0.0,0.1458376070063328,0.0,0.0,0.0,0.0,0.12316726967298773,0.0,0.0,0.0,0.0,0.0,0.0,0.0,0.0,0.14745032624506926,0.0,0.0,0.0,0.12673580097231046,-0.23556947444374532,0.0,-0.40988501294769575,0.0,0.0,0.0,0.0,0.5247827757644364,0.0,0.0,0.0,0.0,0.0,0.0,0.0,0.0,0.0,0.0,0.0,0.3065862695162851,0.0,0.0,0.0,-0.6664929818537265,0.0,0.0,0.0,0.0,0.0,0.0,0.0,0.0,0.0,0.0,0.0,0.0,0.0,0.0,0.0,0.0,0.0,0.0,0.0,0.0,0.0,0.0,0.0,0.0,0.0,0.0,0.0,0.0,0.0,0.0,0.0,0.0,0.0,0.0,0.0,0.0,0.0,0.0,2.150016401689971,8.584999204518505
332,1460146114,True,,50.0,kmeans_glm,7820.599366459275,-3739.397986817813,7713.283939126583,"[0, 5, 16, 12, 11, 26, 3, 28, 18, 9, 13, 1, 47, 17, 38, 14, 48, 10, 22, 49, 21, 24, 25, 6, 42, 41, 52, 45, 27, 37, 54, 32, 15, 4, 53, 30, 43, 46, 19, 39, 31, 33, 40, 23, 29, 51, 36, 2, 8, 50, 7]","[""Intercept"", ""xage"", ""child"", ""physlm"", ""disea"", ""xghindx"", ""black"", ""lnum"", ""lfam"", ""num"", ""ghindx"", ""coins"", ""site_3"", ""fchild"", ""plan_11"", ""mdeoff"", ""site_4"", ""mhi"", ""fmde"", ""site_5"", ""logc"", ""hlthf"", ""hlthp"", ""female"", ""plan_16"", ""plan_15"", ""year_3"", ""plan_19"", ""linc"", ""plan_10"", ""year_5"", ""plan_5"", ""pioff"", ""income"", ""year_4"", ""plan_3"", ""plan_17"", ""site_2"", ""lpi"", ""plan_13"", ""plan_4"", ""plan_6"", ""plan_14"", ""hlthg"", ""plan_2"", ""year_2"", ""plan_9"", ""tookphys"", ""time"", ""site_6"", ""educdec""]","[[5, 16, 11, 3, 1, 47, 38, 48, 22, 21, 25, 6, 42, 54, 43, 29, 2, 50], [5, 12, 11, 25, 50]]","[18, 5]",2381.839357614517,0.8378256410941789,0.16217435890582116,-2.147029457242976,-0.08319047020314475,0.08438104502888323,-0.23660454705190045,0.0,0.24470048603324743,0.13344992684325813,0.0,0.0,0.0,0.0,0.07718828058350817,0.0,0.0,0.0,0.0,-0.058694900942454255,0.0,0.0,0.0,0.0,0.06867273286350183,-0.05266158055492573,0.0,0.0,0.08995538388235028,0.0,0.0,0.0,0.13879905447185215,0.0,0.0,0.0,0.0,0.0,0.0,0.0,0.0,0.28896312622473425,0.0,0.0,0.0,-0.10493894661091856,0.14298061994337657,0.0,0.0,0.0,0.1642368059751774,-0.26566379671837065,0.0,-0.28658374482207866,0.0,0.0,0.0,-1.091695745313205,0.2538123560743041,0.0,0.0,0.0,0.0,0.5982255036032461,0.0,0.0,0.0,0.0,0.0,0.15397254183308884,0.28904579439099976,0.0,0.0,0.0,0.0,0.0,0.0,0.0,0.0,0.0,0.0,0.0,0.0,0.10750061545255163,0.0,0.0,0.0,0.0,0.0,0.0,0.0,0.0,0.0,0.0,0.0,0.0,0.0,0.0,0.0,0.0,0.0,0.0,0.0,0.0,0.0,0.0,0.0,0.0,0.5081302827179255,0.0,0.0,0.0,0.0,1.8334890944686058,6.255675267135643
333,1571996122,True,,50.0,quantile_glm,7905.348982257178,-3794.486092062733,7814.775410153795,"[0, 5, 16, 11, 9, 28, 18, 26, 17, 12, 13, 10, 14, 38, 22, 3, 21, 1, 24, 49, 47, 15, 52, 32, 6, 48, 42, 45, 25, 19, 37, 27, 2, 53, 43, 54, 23, 51, 30, 4, 36, 41, 50, 34, 31, 33, 8, 46, 29, 20, 40]","[""Intercept"", ""xage"", ""child"", ""disea"", ""num"", ""lnum"", ""lfam"", ""xghindx"", ""fchild"", ""physlm"", ""ghindx"", ""mhi"", ""mdeoff"", ""plan_11"", ""fmde"", ""black"", ""logc"", ""coins"", ""hlthf"", ""site_5"", ""site_3"", ""pioff"", ""year_3"", ""plan_5"", ""female"", ""site_4"", ""plan_16"", ""plan_19"", ""hlthp"", ""lpi"", ""plan_10"", ""linc"", ""tookphys"", ""year_4"", ""plan_17"", ""year_5"", ""hlthg"", ""year_2"", ""plan_3"", ""income"", ""plan_9"", ""plan_15"", ""site_6"", ""plan_7"", ""plan_4"", ""plan_6"", ""time"", ""site_2"", ""plan_2"", ""idp"", ""plan_14""]","[[5, 16, 11, 9, 28, 18, 10, 22, 21, 1, 47, 6, 48, 25, 43, 50, 34, 29], [5, 16, 11, 50]]","[18, 4]",1119.1040654182434,0.8351902374054654,0.16480976259453475,-2.1630542499564274,-0.17809239248371425,0.0,0.0,0.0,0.2181712903158968,0.12195793214225786,0.0,0.0,-0.19356432706575913,-0.061409717546972796,0.06741902914866496,0.0,0.0,0.0,0.0,-0.21253791439127537,0.0,0.06132467331524696,0.0,0.0,0.018187134315151173,-0.3831240846200013,0.0,0.0,0.06363049814683135,0.0,0.0,0.06132253671505841,0.09575974986188408,0.0,0.0,0.0,0.0,0.172415642187455,0.0,0.0,0.0,0.0,0.0,0.0,0.0,0.0,0.20534853717722576,0.0,0.0,0.0,0.1887055486812381,-0.11762370995509097,0.0,-0.2994640566853396,0.0,0.0,0.0,0.0,0.37359196715400617,0.0,0.0,0.0,0.0,0.27675185369152905,0.0,0.0,0.0,0.0,0.0,0.20716763676647687,0.0,0.0,0.0,0.0,-0.4271065182945492,0.0,0.0,0.0,0.0,0.0,0.0,0.0,0.0,0.0,0.0,0.0,0.0,0.0,0.0,0.0,0.0,0.0,0.0,0.0,0.0,0.0,0.0,0.0,0.0,0.0,0.0,0.0,0.0,0.0,0.0,0.0,0.0,0.0,0.5517331774022726,0.0,0.0,0.0,0.0,1.9183172775765842,6.809490341069595
334,1106229403,True,,50.0,quantile_glm,8129.728581035149,-3938.630001700461,8059.639532116111,"[0, 5, 16, 11, 28, 18, 9, 12, 14, 26, 38, 22, 3, 13, 17, 1, 21, 10, 49, 47, 15, 52, 6, 33, 19, 43, 32, 42, 41, 23, 48, 24, 51, 46, 37, 25, 45, 54, 4, 31, 30, 40, 29, 36, 2, 8, 35, 34, 7, 27, 39]","[""Intercept"", ""xage"", ""child"", ""disea"", ""lnum"", ""lfam"", ""num"", ""physlm"", ""mdeoff"", ""xghindx"", ""plan_11"", ""fmde"", ""black"", ""ghindx"", ""fchild"", ""coins"", ""logc"", ""mhi"", ""site_5"", ""site_3"", ""pioff"", ""year_3"", ""female"", ""plan_6"", ""lpi"", ""plan_17"", ""plan_5"", ""plan_16"", ""plan_15"", ""hlthg"", ""site_4"", ""hlthf"", ""year_2"", ""site_2"", ""plan_10"", ""hlthp"", ""plan_19"", ""year_5"", ""income"", ""plan_4"", ""plan_3"", ""plan_14"", ""plan_2"", ""plan_9"", ""tookphys"", ""time"", ""plan_8"", ""plan_7"", ""educdec"", ""linc"", ""plan_13""]","[[5, 16, 11, 22, 3, 1, 21, 10, 47, 52, 6, 43, 42, 24, 29, 34], [5]]","[16, 1]",1202.0654928684235,0.8717948187465531,0.12820518125344701,-2.1996412326739962,-0.19060421874282776,0.0,-0.16247291313446127,0.0,0.2244272955326464,0.10775660326361097,0.0,0.0,0.0,-0.06147935196607066,0.0659820476961487,0.0,0.0,0.0,0.0,-0.14883141513318646,0.0,0.0,0.0,0.0,0.020724601449231037,-0.32644382881564116,0.0,0.0843261543313198,0.0,0.0,0.0,0.0,0.1545437852007806,0.0,0.0,0.0,0.0,0.14881643860702112,0.0,0.0,0.0,0.0,0.0,0.0,0.0,-0.09262815648104644,0.19459303041100795,0.0,0.0,0.0,0.22195722205921584,0.0,0.0,0.0,0.0,-1.270069009605041,0.0,0.0,0.9400605595195871,0.0,0.0,0.0,0.0,0.5113281248374151,0.0,0.0,0.0,0.0,0.0,0.0,0.0,0.0,0.0,0.0,0.0,0.0,0.0,0.0,0.0,0.0,0.0,0.0,0.0,0.0,0.0,0.0,0.0,0.0,0.0,0.0,0.0,0.0,0.0,0.0,0.0,0.0,0.0,0.0,0.0,0.0,0.0,0.0,0.0,0.0,0.0,0.0,0.0,0.0,0.0,0.0,0.0,0.0,0.0,1.925951896811799,6.86167716679529
335,537190080,True,,100.0,quantile_glm,8160.184473951738,-4011.5034713222035,8101.16959780806,"[0, 5, 16, 12, 11, 28, 18, 1, 9, 17, 38, 26, 14, 3, 22, 21, 42, 13, 10, 15, 49, 19, 47, 52, 48, 24, 41, 51, 32, 45, 25, 4, 6, 27, 23, 2, 7, 34, 53, 40, 54, 31, 36, 29, 30, 8, 46, 39, 35, 44, 33]","[""Intercept"", ""xage"", ""child"", ""physlm"", ""disea"", ""lnum"", ""lfam"", ""coins"", ""num"", ""fchild"", ""plan_11"", ""xghindx"", ""mdeoff"", ""black"", ""fmde"", ""logc"", ""plan_16"", ""ghindx"", ""mhi"", ""pioff"", ""site_5"", ""lpi"", ""site_3"", ""year_3"", ""site_4"", ""hlthf"", ""plan_15"", ""year_2"", ""plan_5"", ""plan_19"", ""hlthp"", ""income"", ""female"", ""linc"", ""hlthg"", ""tookphys"", ""educdec"", ""plan_7"", ""year_4"", ""plan_14"", ""year_5"", ""plan_4"", ""plan_9"", ""plan_2"", ""plan_3"", ""time"", ""site_2"", ""plan_13"", ""plan_8"", ""plan_18"", ""plan_6""]","[[5, 11, 21, 47, 29], []]","[5, 0]",1784.4897119998932,0.8299197540471208,0.1700802459528792,-2.0444870351394835,0.0,0.0,0.0,0.0,0.35663172762511197,0.0,0.0,0.0,0.0,0.0,0.11935102105654075,0.0,0.0,0.0,0.0,0.0,0.0,0.0,0.0,0.0,-0.3747951674813117,0.0,0.0,0.0,0.0,0.0,0.0,0.0,0.09978361856500204,0.0,0.0,0.0,0.0,0.0,0.0,0.0,0.0,0.0,0.0,0.0,0.0,0.0,0.0,0.0,0.0,0.0,0.24336305403678354,0.0,0.0,0.0,0.0,0.0,0.0,0.0,1.0025584472345117,0.0,0.0,0.0,0.0,0.0,0.0,0.0,0.0,0.0,0.0,0.0,0.0,0.0,0.0,0.0,0.0,0.0,0.0,0.0,0.0,0.0,0.0,0.0,0.0,0.0,0.0,0.0,0.0,0.0,0.0,0.0,0.0,0.0,0.0,0.0,0.0,0.0,0.0,0.0,0.0,0.0,0.0,0.0,0.0,0.0,0.0,0.0,0.0,0.0,0.0,0.0,0.0,0.0,0.0,2.1780451773713914,8.829030190392848
336,236324091,True,,100.0,quantile_glm,7675.701373170268,-3754.8205488787225,7587.803752921098,"[0, 5, 16, 12, 38, 22, 26, 28, 18, 14, 11, 21, 13, 9, 17, 3, 47, 1, 10, 41, 24, 49, 15, 48, 32, 33, 52, 6, 42, 19, 23, 45, 30, 4, 2, 54, 51, 25, 27, 36, 20, 29, 39, 34, 53, 8, 46, 7, 50, 43, 44]","[""Intercept"", ""xage"", ""child"", ""physlm"", ""plan_11"", ""fmde"", ""xghindx"", ""lnum"", ""lfam"", ""mdeoff"", ""disea"", ""logc"", ""ghindx"", ""num"", ""fchild"", ""black"", ""site_3"", ""coins"", ""mhi"", ""plan_15"", ""hlthf"", ""site_5"", ""pioff"", ""site_4"", ""plan_5"", ""plan_6"", ""year_3"", ""female"", ""plan_16"", ""lpi"", ""hlthg"", ""plan_19"", ""plan_3"", ""income"", ""tookphys"", ""year_5"", ""year_2"", ""hlthp"", ""linc"", ""plan_9"", ""idp"", ""plan_2"", ""plan_13"", ""plan_7"", ""year_4"", ""time"", ""site_2"", ""educdec"", ""site_6"", ""plan_17"", ""plan_18""]","[[5, 11, 21, 47, 50], []]","[5, 0]",1192.0353207588196,0.872179328931582,0.12782067106841802,-2.1122396189624824,0.0,0.0,0.0,0.0,0.35258752281196665,0.0,0.0,0.0,0.0,0.0,0.12632873841831543,0.0,0.0,0.0,0.0,0.0,0.0,0.0,0.0,0.0,-0.34440488149453113,0.0,0.0,0.0,0.0,0.0,0.0,0.0,0.0,0.0,0.0,0.0,0.0,0.0,0.0,0.0,0.0,0.0,0.0,0.0,0.0,0.0,0.0,0.0,0.0,0.0,0.20077929769377992,0.0,0.0,-0.3061692530897792,0.0,0.0,0.0,0.0,1.1060205868388973,0.0,0.0,0.0,0.0,0.0,0.0,0.0,0.0,0.0,0.0,0.0,0.0,0.0,0.0,0.0,0.0,0.0,0.0,0.0,0.0,0.0,0.0,0.0,0.0,0.0,0.0,0.0,0.0,0.0,0.0,0.0,0.0,0.0,0.0,0.0,0.0,0.0,0.0,0.0,0.0,0.0,0.0,0.0,0.0,0.0,0.0,0.0,0.0,0.0,0.0,0.0,0.0,0.0,0.0,2.0827218128833254,8.026285257444949
337,918666136,True,,50.0,kmeans_glm,8030.496381206015,-3873.403465807799,7955.240678718671,"[0, 5, 16, 3, 28, 18, 9, 11, 22, 12, 14, 38, 10, 26, 21, 17, 47, 1, 49, 13, 41, 15, 48, 45, 24, 42, 52, 33, 6, 23, 54, 51, 32, 25, 46, 53, 50, 19, 29, 7, 30, 8, 43, 40, 34, 31, 27, 44, 37, 35, 4]","[""Intercept"", ""xage"", ""child"", ""black"", ""lnum"", ""lfam"", ""num"", ""disea"", ""fmde"", ""physlm"", ""mdeoff"", ""plan_11"", ""mhi"", ""xghindx"", ""logc"", ""fchild"", ""site_3"", ""coins"", ""site_5"", ""ghindx"", ""plan_15"", ""pioff"", ""site_4"", ""plan_19"", ""hlthf"", ""plan_16"", ""year_3"", ""plan_6"", ""female"", ""hlthg"", ""year_5"", ""year_2"", ""plan_5"", ""hlthp"", ""site_2"", ""year_4"", ""site_6"", ""lpi"", ""plan_2"", ""educdec"", ""plan_3"", ""time"", ""plan_17"", ""plan_14"", ""plan_7"", ""plan_4"", ""linc"", ""plan_18"", ""plan_10"", ""plan_8"", ""income""]","[[5, 16, 3, 11, 22, 38, 10, 47, 49, 41, 48, 42, 6, 50, 29, 43, 34, 31, 35], [5]]","[19, 1]",1225.0502469539642,0.8508036015773994,0.1491963984226005,-2.001162223264924,0.0,0.0,-0.138590642346268,0.0,0.29979689131172466,0.17488293342907285,0.0,0.0,0.0,-0.0762186411464646,0.03777966303033707,0.0,0.0,0.0,0.0,-0.06538015981405298,0.0,0.0,0.0,0.0,0.0,-0.20547345094296257,0.0,0.0,0.0,0.0,0.0,0.0,0.07546946321974923,0.0,-0.06687511828322289,0.0,0.0,0.09355710411502276,0.05187389051923759,0.0,0.0,0.10222788871816382,0.0,0.0,-0.16995694317775767,-0.123377416632959,0.1571553043108579,0.0,0.0,0.0,0.06483874383314349,-0.22102272838206885,-0.14113474860124953,-0.3323188709207251,0.0,0.0,0.0,0.0,0.6697152685959439,0.0,0.0,0.0,0.0,0.5049268795442962,0.0,0.0,0.0,0.0,0.0,0.0,0.0,0.0,0.0,0.0,0.0,0.0,0.0,0.0,0.0,0.0,0.0,0.0,0.0,0.0,0.0,0.0,0.0,0.0,0.0,0.0,0.0,0.0,0.0,0.0,0.0,0.0,0.0,0.0,0.0,0.0,0.0,0.0,0.0,0.0,0.0,0.0,0.0,0.0,0.0,0.0,0.0,0.0,0.0,2.144855183936305,8.540804302072395
338,1040001496,True,,100.0,quantile_glm,8091.230986828913,-3935.997757452844,7976.212388457224,"[0, 5, 16, 11, 26, 13, 12, 38, 3, 14, 22, 10, 21, 1, 28, 18, 9, 17, 42, 6, 49, 41, 15, 52, 2, 47, 25, 45, 19, 23, 24, 48, 46, 4, 33, 27, 30, 54, 53, 36, 20, 43, 51, 31, 50, 37, 8, 7, 39, 40, 29]","[""Intercept"", ""xage"", ""child"", ""disea"", ""xghindx"", ""ghindx"", ""physlm"", ""plan_11"", ""black"", ""mdeoff"", ""fmde"", ""mhi"", ""logc"", ""coins"", ""lnum"", ""lfam"", ""num"", ""fchild"", ""plan_16"", ""female"", ""site_5"", ""plan_15"", ""pioff"", ""year_3"", ""tookphys"", ""site_3"", ""hlthp"", ""plan_19"", ""lpi"", ""hlthg"", ""hlthf"", ""site_4"", ""site_2"", ""income"", ""plan_6"", ""linc"", ""plan_3"", ""year_5"", ""year_4"", ""plan_9"", ""idp"", ""plan_17"", ""year_2"", ""plan_4"", ""site_6"", ""plan_10"", ""time"", ""educdec"", ""plan_13"", ""plan_14"", ""plan_2""]","[[5, 11, 21, 1, 6, 47, 43, 50], []]","[8, 0]",1391.9807574748993,0.8406335845861272,0.15936641541387284,-1.970361702811283,-0.15589238864965177,0.0,0.0,0.0,0.27402697685781785,0.14091819022424268,0.0,0.0,0.0,0.0,0.12596550354940683,0.0,0.0,0.0,0.0,0.0,0.0,0.0,0.0,0.0,-0.2953727779909135,0.0,0.0,0.0,0.0,0.0,0.0,0.0,0.0,0.0,0.0,0.0,0.0,0.0,0.0,0.0,0.0,0.0,0.0,0.0,0.0,0.0,0.1332850321124167,0.0,0.0,0.0,0.1553517489979058,0.0,0.0,-0.3729981883748627,0.0,0.0,0.0,0.0,0.9015376733923903,0.0,0.0,0.0,0.0,0.0,0.0,0.0,0.0,0.0,0.0,0.0,0.0,0.0,0.0,0.0,0.0,0.0,0.0,0.0,0.0,0.0,0.0,0.0,0.0,0.0,0.0,0.0,0.0,0.0,0.0,0.0,0.0,0.0,0.0,0.0,0.0,0.0,0.0,0.0,0.0,0.0,0.0,0.0,0.0,0.0,0.0,0.0,0.0,0.0,0.0,0.0,0.0,0.0,0.0,2.323760289786084,10.214009821385016
339,1733356072,True,,50.0,kmeans_glm,7804.78633294768,-3791.765874180699,7739.857058688703,"[0, 5, 16, 28, 18, 12, 9, 3, 17, 11, 26, 38, 13, 22, 49, 21, 46, 1, 14, 10, 23, 42, 27, 7, 6, 25, 52, 15, 47, 41, 4, 48, 45, 2, 54, 30, 19, 36, 33, 51, 32, 34, 29, 37, 8, 50, 24, 20, 43, 44, 53]","[""Intercept"", ""xage"", ""child"", ""lnum"", ""lfam"", ""physlm"", ""num"", ""black"", ""fchild"", ""disea"", ""xghindx"", ""plan_11"", ""ghindx"", ""fmde"", ""site_5"", ""logc"", ""site_2"", ""coins"", ""mdeoff"", ""mhi"", ""hlthg"", ""plan_16"", ""linc"", ""educdec"", ""female"", ""hlthp"", ""year_3"", ""pioff"", ""site_3"", ""plan_15"", ""income"", ""site_4"", ""plan_19"", ""tookphys"", ""year_5"", ""plan_3"", ""lpi"", ""plan_9"", ""plan_6"", ""year_2"", ""plan_5"", ""plan_7"", ""plan_2"", ""plan_10"", ""time"", ""site_6"", ""hlthf"", ""idp"", ""plan_17"", ""plan_18"", ""year_4""]","[[5, 16, 3, 11, 21, 42, 7, 6, 25, 47, 34, 29, 50], [5]]","[13, 1]",1745.5021193027496,0.8684822158142912,0.13151778418570884,-2.1648751460372724,0.0,0.0,-0.08368796351511008,0.0,0.30193091219085794,0.08843574486879267,0.14076370281471948,0.0,0.0,0.0,0.0915399064753559,0.0,0.0,0.0,0.0,-0.14492086405835822,0.0,0.0,0.0,0.0,-0.28657400667526095,0.0,0.0,0.0,0.06397985898852326,0.0,0.0,0.0,0.06920654247942325,0.0,0.0,0.0,0.0,0.11910361711170049,0.0,0.0,0.0,0.0,0.0,0.0,0.0,-0.23985838313312347,0.0,0.0,0.0,0.0,0.20930230684791648,0.0,0.0,-0.19313688736851634,0.0,0.0,0.0,0.0,1.0207548964367112,0.0,0.0,0.0,0.0,0.6173017138199927,0.0,0.0,0.0,0.0,0.0,0.0,0.0,0.0,0.0,0.0,0.0,0.0,0.0,0.0,0.0,0.0,0.0,0.0,0.0,0.0,0.0,0.0,0.0,0.0,0.0,0.0,0.0,0.0,0.0,0.0,0.0,0.0,0.0,0.0,0.0,0.0,0.0,0.0,0.0,0.0,0.0,0.0,0.0,0.0,0.0,0.0,0.0,0.0,0.0,1.9975866156682673,7.371244967912427
340,324452437,True,,25.0,quantile_glm,7649.862048454305,-3645.593785110117,7586.4687119495875,"[0, 5, 16, 38, 22, 21, 14, 1, 28, 18, 9, 12, 17, 3, 11, 15, 42, 26, 19, 13, 52, 49, 41, 47, 48, 32, 24, 10, 45, 31, 46, 54, 4, 25, 37, 50, 53, 6, 27, 20, 33, 39, 44, 30, 2, 29, 51, 8, 43, 36, 40]","[""Intercept"", ""xage"", ""child"", ""plan_11"", ""fmde"", ""logc"", ""mdeoff"", ""coins"", ""lnum"", ""lfam"", ""num"", ""physlm"", ""fchild"", ""black"", ""disea"", ""pioff"", ""plan_16"", ""xghindx"", ""lpi"", ""ghindx"", ""year_3"", ""site_5"", ""plan_15"", ""site_3"", ""site_4"", ""plan_5"", ""hlthf"", ""mhi"", ""plan_19"", ""plan_4"", ""site_2"", ""year_5"", ""income"", ""hlthp"", ""plan_10"", ""site_6"", ""year_4"", ""female"", ""linc"", ""idp"", ""plan_6"", ""plan_13"", ""plan_18"", ""plan_3"", ""tookphys"", ""plan_2"", ""year_2"", ""time"", ""plan_17"", ""plan_9"", ""plan_14""]","[[5, 16, 22, 1, 28, 18, 42, 52, 47, 48, 32, 31, 46, 54, 25, 37, 50, 6, 29, 43], [5, 16, 38, 1, 12, 3, 11, 49, 50, 40]]","[20, 10]",1131.4079263210297,0.8411888367145701,0.15881116328542985,-2.3979018647614208,-0.09435578730250291,0.0,0.0,0.0,0.15194217166164575,0.08363191274985993,0.0,0.0,0.0,0.0,0.0,0.0,0.0,0.0,0.0,-0.21392467248955152,0.0,-0.03214846150553627,0.0,0.0,0.0,-0.3126721290441563,0.0,0.0,0.07194889245395891,0.0,0.0,-0.03214289124450755,0.05544208502796075,0.0,-0.1331845111388652,-0.08272991353570439,0.0,0.0,0.0,0.0,-0.10014437500274682,0.0,0.0,0.0,0.0,-0.2287509288819852,0.12024799046653144,0.0,0.0,-0.09481236456990047,0.09470763533145427,-0.29179604178353885,0.0,-0.3904930559392368,0.0,-1.244660901961517,0.0,-1.0369675064285924,0.12459224322035906,-0.6389226064723907,0.0,-0.38703410399030835,0.0,0.31927694026479014,0.0,0.0,0.0,0.0,0.0,0.31075175346152456,0.11355708791745359,0.0,0.0,0.0,-0.16045315605596872,0.0,0.0,0.0,0.0,0.0,0.0,0.0,0.0,0.0,0.0,0.0,0.0,0.0,0.0,0.0,0.0,0.0,0.0,0.0,0.0,0.0,0.11272910180157633,0.0,0.49330488326377936,0.0,0.0,0.0,0.0,0.0,0.0,0.0,0.0,-0.39214510915548056,0.3580094215215023,0.0,0.0,0.0,0.0,1.7265699365385738,5.621339251744498
341,401691719,True,,100.0,quantile_glm,8005.150709255046,-3937.506858505133,7953.176372173919,"[0, 5, 16, 38, 12, 22, 21, 14, 3, 17, 10, 26, 9, 13, 11, 1, 28, 18, 48, 49, 15, 45, 33, 47, 4, 52, 41, 19, 42, 51, 46, 27, 6, 25, 37, 2, 36, 54, 24, 32, 35, 43, 29, 53, 40, 20, 8, 31, 23, 39, 7]","[""Intercept"", ""xage"", ""child"", ""plan_11"", ""physlm"", ""fmde"", ""logc"", ""mdeoff"", ""black"", ""fchild"", ""mhi"", ""xghindx"", ""num"", ""ghindx"", ""disea"", ""coins"", ""lnum"", ""lfam"", ""site_4"", ""site_5"", ""pioff"", ""plan_19"", ""plan_6"", ""site_3"", ""income"", ""year_3"", ""plan_15"", ""lpi"", ""plan_16"", ""year_2"", ""site_2"", ""linc"", ""female"", ""hlthp"", ""plan_10"", ""tookphys"", ""plan_9"", ""year_5"", ""hlthf"", ""plan_5"", ""plan_8"", ""plan_17"", ""plan_2"", ""year_4"", ""plan_14"", ""idp"", ""time"", ""plan_4"", ""hlthg"", ""plan_13"", ""educdec""]","[[5, 16, 22, 21, 47], []]","[5, 0]",1014.1445355415344,0.8428237479534733,0.15717625204652663,-1.9487684127150997,0.0,0.0,0.0,0.0,0.19919445008282535,0.0,0.0,0.0,0.0,0.0,0.0,0.0,0.0,0.0,0.0,-0.22512683600090178,0.0,0.0,0.0,0.0,-0.24579971356964608,-0.0991071387722797,0.0,0.0,0.0,0.0,0.0,0.0,0.0,0.0,0.0,0.0,0.0,0.0,0.0,0.0,0.0,0.0,0.0,0.0,0.0,0.0,0.0,0.0,0.0,0.0,0.2422705613644843,0.0,0.0,0.0,0.0,0.0,0.0,0.0,0.8828700308751707,0.0,0.0,0.0,0.0,0.0,0.0,0.0,0.0,0.0,0.0,0.0,0.0,0.0,0.0,0.0,0.0,0.0,0.0,0.0,0.0,0.0,0.0,0.0,0.0,0.0,0.0,0.0,0.0,0.0,0.0,0.0,0.0,0.0,0.0,0.0,0.0,0.0,0.0,0.0,0.0,0.0,0.0,0.0,0.0,0.0,0.0,0.0,0.0,0.0,0.0,0.0,0.0,0.0,0.0,2.2606484991523694,9.589305807491359
342,500764338,True,,25.0,quantile_glm,7764.396771593858,-3695.2070930241084,7703.064806702826,"[0, 5, 16, 12, 3, 14, 17, 26, 38, 9, 1, 28, 18, 11, 13, 10, 22, 47, 21, 46, 24, 49, 48, 42, 15, 25, 6, 41, 52, 19, 33, 51, 34, 32, 36, 54, 50, 30, 2, 4, 40, 27, 45, 31, 43, 23, 8, 20, 39, 7, 37]","[""Intercept"", ""xage"", ""child"", ""physlm"", ""black"", ""mdeoff"", ""fchild"", ""xghindx"", ""plan_11"", ""num"", ""coins"", ""lnum"", ""lfam"", ""disea"", ""ghindx"", ""mhi"", ""fmde"", ""site_3"", ""logc"", ""site_2"", ""hlthf"", ""site_5"", ""site_4"", ""plan_16"", ""pioff"", ""hlthp"", ""female"", ""plan_15"", ""year_3"", ""lpi"", ""plan_6"", ""year_2"", ""plan_7"", ""plan_5"", ""plan_9"", ""year_5"", ""site_6"", ""plan_3"", ""tookphys"", ""income"", ""plan_14"", ""linc"", ""plan_19"", ""plan_4"", ""plan_17"", ""hlthg"", ""time"", ""idp"", ""plan_13"", ""educdec"", ""plan_10""]","[[5, 16, 3, 14, 38, 1, 11, 22, 47, 24, 49, 48, 42, 25, 6, 41, 52, 34, 36, 54, 50, 2, 43], [16, 12, 3, 14, 17, 47, 46, 49, 50]]","[23, 9]",1697.2987105846405,0.8405721780692615,0.15942782193073843,-2.3411567741150003,-0.01781721934609373,0.09176298785261672,-0.17136225717424147,0.0,0.2285813193802785,0.16910975875039055,0.0,0.0,0.0,0.0,0.04501602645484305,0.0,0.0,-0.04364494175672655,0.0,-0.07146926366684442,0.0,0.0,0.0,0.0,0.0,-0.08857041635102096,0.0,0.12118212912386404,0.08459856327973034,0.0,0.0,0.0,0.0,0.0,0.0,0.0,0.0,0.12006845683623996,0.0,-0.05577236408991741,0.0,0.11824889973488929,0.0,0.0,-0.13124704883539134,-0.18758438744443698,0.06284630713435116,0.0,0.0,0.0,0.04947857533704372,-0.29615777938884646,-0.09826779518513569,-0.3605930975739127,0.0,-0.9590383015898662,0.0,-1.0120631830366236,0.058407318701661354,0.0,0.0,-0.5493060639201636,0.0,0.0,0.0,0.0,0.0,0.0,0.0,0.0,0.26943864255928485,0.0,-0.290204567144453,0.0,-0.48773570703146146,-0.19143894877930354,0.0,0.0,0.0,0.0,0.0,0.0,0.0,0.0,0.0,0.0,0.0,0.0,0.0,0.0,0.0,0.0,0.0,0.0,0.0,0.0,0.0,0.0,0.0,0.0,0.0,0.0,0.0,0.0,0.4087978792291566,0.29416768869769827,0.0,-0.10833231035534452,0.7229027474285032,0.0,0.0,0.0,0.0,1.615999032191997,5.032913455278093
343,1488928383,True,,50.0,kmeans_glm,8003.712874657617,-3867.142307790201,7951.403102146102,"[0, 16, 5, 12, 11, 26, 28, 18, 9, 13, 3, 38, 14, 1, 17, 22, 21, 49, 10, 2, 15, 6, 52, 24, 42, 23, 47, 19, 46, 43, 33, 32, 51, 37, 41, 48, 25, 45, 30, 31, 54, 27, 40, 20, 34, 7, 53, 36, 50, 8, 4]","[""Intercept"", ""child"", ""xage"", ""physlm"", ""disea"", ""xghindx"", ""lnum"", ""lfam"", ""num"", ""ghindx"", ""black"", ""plan_11"", ""mdeoff"", ""coins"", ""fchild"", ""fmde"", ""logc"", ""site_5"", ""mhi"", ""tookphys"", ""pioff"", ""female"", ""year_3"", ""hlthf"", ""plan_16"", ""hlthg"", ""site_3"", ""lpi"", ""site_2"", ""plan_17"", ""plan_6"", ""plan_5"", ""year_2"", ""plan_10"", ""plan_15"", ""site_4"", ""hlthp"", ""plan_19"", ""plan_3"", ""plan_4"", ""year_5"", ""linc"", ""plan_14"", ""idp"", ""plan_7"", ""educdec"", ""year_4"", ""plan_9"", ""site_6"", ""time"", ""income""]","[[16, 5, 12, 11, 26, 3, 38, 1, 22, 21, 49, 10, 2, 6, 42, 47, 43, 48, 25, 34, 50], []]","[21, 0]",1356.9149560928345,0.8412861961893817,0.1587138038106183,-2.05322159437844,-0.08619714505384879,0.14720208030983004,-0.15356678244836397,0.0,0.09276518860558985,0.13407736485618515,0.0,0.0,0.0,-0.03159232367005083,0.019593484717886016,0.06478855218045566,0.0,0.0,0.0,-0.30675965034405883,0.0,0.0,0.0,0.0,0.0002461351286403929,-0.17406011522151194,0.0,0.0,0.04366310949651532,-0.04752914862250515,0.0,0.0,0.0,0.0,0.0,0.0,0.0,0.0919318374774139,0.0,0.0,0.0,0.07829207087328784,0.0,0.0,0.0,-0.15888976693595017,0.1567775128854451,0.0,0.0,0.0,0.0735169075425354,-0.2694349811980711,-0.14662505648992932,-0.3388394815863353,0.0,0.0,0.0,0.0,1.0455736218599703,0.0,0.0,0.0,0.0,0.0,0.0,0.0,0.0,0.0,0.0,0.0,0.0,0.0,0.0,0.0,0.0,0.0,0.0,0.0,0.0,0.0,0.0,0.0,0.0,0.0,0.0,0.0,0.0,0.0,0.0,0.0,0.0,0.0,0.0,0.0,0.0,0.0,0.0,0.0,0.0,0.0,0.0,0.0,0.0,0.0,0.0,0.0,0.0,0.0,0.0,0.0,0.0,0.0,0.0,2.42623036092834,11.3161437988594
344,1222472105,True,,50.0,kmeans_glm,7885.43187695148,-3839.742657561873,7835.81062545105,"[0, 5, 16, 12, 9, 11, 26, 28, 18, 38, 22, 3, 14, 21, 13, 10, 17, 48, 47, 1, 49, 15, 25, 52, 32, 42, 6, 19, 45, 43, 41, 33, 53, 23, 54, 46, 20, 4, 39, 51, 31, 37, 7, 24, 30, 27, 44, 36, 8, 40, 2]","[""Intercept"", ""xage"", ""child"", ""physlm"", ""num"", ""disea"", ""xghindx"", ""lnum"", ""lfam"", ""plan_11"", ""fmde"", ""black"", ""mdeoff"", ""logc"", ""ghindx"", ""mhi"", ""fchild"", ""site_4"", ""site_3"", ""coins"", ""site_5"", ""pioff"", ""hlthp"", ""year_3"", ""plan_5"", ""plan_16"", ""female"", ""lpi"", ""plan_19"", ""plan_17"", ""plan_15"", ""plan_6"", ""year_4"", ""hlthg"", ""year_5"", ""site_2"", ""idp"", ""income"", ""plan_13"", ""year_2"", ""plan_4"", ""plan_10"", ""educdec"", ""hlthf"", ""plan_3"", ""linc"", ""plan_18"", ""plan_9"", ""time"", ""plan_14"", ""tookphys""]","[[5, 16, 12, 11, 3, 21, 10, 48, 47, 6, 43, 31], [12, 25]]","[12, 2]",1866.45552444458,0.8292004818546335,0.17079951814536648,-2.116337446910497,0.0,0.0,-0.11947768780199411,0.0,0.24719238682738187,0.14185738115666743,0.0,0.0,0.0,-0.0876112387570286,0.0071294837742645785,0.04781311697649855,0.0,0.0,0.0,-0.1707729883882954,0.0,0.0,0.0,0.0,-0.3801798136759072,0.0,0.0,0.0,0.0,0.0,0.0,0.0,0.0,0.0,-0.1611042597793008,0.0,0.0,0.0,0.0,0.0,0.0,0.0,0.0,0.0,0.0,0.0,0.12491748255716234,0.0,0.0,0.0,0.2093789403607113,-0.18768051463193663,0.0,0.0,0.0,0.0,0.0,0.0,0.7543587579522169,0.0,0.0,0.0,0.0,0.0,0.0,0.0,0.0,0.0,0.0,0.0,0.33256502011601485,0.0,0.0,0.0,0.0,0.0,0.0,0.0,0.0,0.0,0.0,0.0,0.0,0.16050932990757694,0.0,0.0,0.0,0.0,0.0,0.0,0.0,0.0,0.0,0.0,0.0,0.0,0.0,0.0,0.0,0.0,0.0,0.0,0.0,0.0,0.0,0.0,0.0,0.0,0.0,0.0,0.0,0.0,0.0,2.1459392830293322,8.550068400963278
345,2137272349,True,,50.0,kmeans_glm,7813.0312318452425,-3797.521939803034,7760.053929396001,"[0, 5, 16, 11, 12, 28, 18, 9, 38, 3, 26, 21, 1, 22, 13, 17, 14, 24, 10, 49, 48, 47, 42, 15, 34, 6, 52, 33, 20, 19, 45, 2, 27, 4, 40, 46, 54, 39, 41, 30, 43, 25, 29, 8, 51, 7, 35, 32, 37, 31, 36]","[""Intercept"", ""xage"", ""child"", ""disea"", ""physlm"", ""lnum"", ""lfam"", ""num"", ""plan_11"", ""black"", ""xghindx"", ""logc"", ""coins"", ""fmde"", ""ghindx"", ""fchild"", ""mdeoff"", ""hlthf"", ""mhi"", ""site_5"", ""site_4"", ""site_3"", ""plan_16"", ""pioff"", ""plan_7"", ""female"", ""year_3"", ""plan_6"", ""idp"", ""lpi"", ""plan_19"", ""tookphys"", ""linc"", ""income"", ""plan_14"", ""site_2"", ""year_5"", ""plan_13"", ""plan_15"", ""plan_3"", ""plan_17"", ""hlthp"", ""plan_2"", ""time"", ""year_2"", ""educdec"", ""plan_8"", ""plan_5"", ""plan_10"", ""plan_4"", ""plan_9""]","[[5, 16, 11, 3, 21, 1, 22, 24, 48, 47, 42, 34, 6, 43], [11]]","[14, 1]",1118.234081029892,0.8360031363193545,0.16399686368064542,-2.11802878572472,-0.10488365940915935,0.0,-0.2676135325945826,0.0,0.1355863746200814,0.10183574327779243,0.0,0.0,0.0,0.0,0.047944368541030645,0.0,0.0,0.0,0.0,-0.1954870083361044,0.0,0.0,0.0,0.0,0.027828063761968173,-0.2444546175395253,0.0,0.04634543785306351,0.0,0.0,0.0,0.0,0.0,0.0,0.0,0.0,0.0,0.16127070131650464,0.0,0.0,0.0,0.0,0.0,0.0,0.0,-0.21626629282542417,0.09673273265541765,0.0,0.0,0.0,0.18169177044150697,-0.20835283304777366,0.0,0.0,0.0,0.0,0.0,0.0,0.7807050852729155,0.0,0.0,0.0,0.0,0.0,0.0,0.0,0.0,0.0,0.0,0.413208184180312,0.0,0.0,0.0,0.0,0.0,0.0,0.0,0.0,0.0,0.0,0.0,0.0,0.0,0.0,0.0,0.0,0.0,0.0,0.0,0.0,0.0,0.0,0.0,0.0,0.0,0.0,0.0,0.0,0.0,0.0,0.0,0.0,0.0,0.0,0.0,0.0,0.0,0.0,0.0,0.0,0.0,0.0,0.0,2.1208029303911893,8.337829497419202
346,1899396517,True,,50.0,kmeans_glm,8196.516410982356,-3969.632518271045,8121.644565257278,"[0, 5, 16, 26, 12, 13, 38, 10, 28, 18, 14, 11, 22, 1, 9, 17, 21, 3, 47, 24, 49, 15, 42, 6, 48, 52, 23, 41, 19, 46, 45, 51, 30, 54, 32, 4, 25, 27, 7, 34, 33, 37, 43, 36, 40, 31, 29, 8, 44, 35, 20]","[""Intercept"", ""xage"", ""child"", ""xghindx"", ""physlm"", ""ghindx"", ""plan_11"", ""mhi"", ""lnum"", ""lfam"", ""mdeoff"", ""disea"", ""fmde"", ""coins"", ""num"", ""fchild"", ""logc"", ""black"", ""site_3"", ""hlthf"", ""site_5"", ""pioff"", ""plan_16"", ""female"", ""site_4"", ""year_3"", ""hlthg"", ""plan_15"", ""lpi"", ""site_2"", ""plan_19"", ""year_2"", ""plan_3"", ""year_5"", ""plan_5"", ""income"", ""hlthp"", ""linc"", ""educdec"", ""plan_7"", ""plan_6"", ""plan_10"", ""plan_17"", ""plan_9"", ""plan_14"", ""plan_4"", ""plan_2"", ""time"", ""plan_18"", ""plan_8"", ""idp""]","[[5, 16, 10, 11, 1, 21, 3, 47, 24, 6, 48, 52, 25, 34, 43, 29], [16]]","[16, 1]",1147.4206790924072,0.8309006136373305,0.16909938636266947,-2.2438172793132733,-0.21599876943255283,0.0,-0.11839730015528553,0.0,0.14203938763259893,0.14711804642258075,0.0,0.0,0.0,-0.08292058497404238,0.006379236538434566,0.0,0.0,0.0,0.0,-0.24113249759745004,0.0,0.0,0.0,0.0,-0.3193407037575136,0.0,0.0,0.14123540820587102,0.07858061290355497,0.0,0.0,0.0,0.1544974994602713,0.0,0.0,0.0,0.0,0.1486539292625343,0.0,0.0,0.0,0.0,0.0,0.0,0.0,0.0,0.14372171123077254,0.0,0.0,0.0,0.16487960178861172,-0.14290514955757597,0.0,0.0,0.0,-1.3537826438094873,0.0,0.0,0.7040720481980409,0.0,0.0,0.0,0.0,0.0,0.0,0.0,0.0,0.0,0.0,0.0,0.0,0.0,0.0,0.0,-0.7181160260258481,0.0,0.0,0.0,0.0,0.0,0.0,0.0,0.0,0.0,0.0,0.0,0.0,0.0,0.0,0.0,0.0,0.0,0.0,0.0,0.0,0.0,0.0,0.0,0.0,0.0,0.0,0.0,0.0,0.0,0.0,0.0,0.0,0.0,0.0,0.0,0.0,0.0,0.0,2.1267710892223137,8.387739776256574
347,1223382695,True,,50.0,quantile_glm,7477.22179164911,-3630.4756266926006,7425.961303175134,"[0, 5, 16, 12, 28, 18, 11, 9, 26, 38, 14, 22, 3, 13, 1, 21, 17, 47, 6, 49, 48, 15, 19, 10, 46, 24, 52, 42, 33, 25, 32, 41, 51, 23, 2, 7, 45, 54, 30, 27, 4, 8, 31, 20, 36, 34, 53, 43, 44, 50, 40]","[""Intercept"", ""xage"", ""child"", ""physlm"", ""lnum"", ""lfam"", ""disea"", ""num"", ""xghindx"", ""plan_11"", ""mdeoff"", ""fmde"", ""black"", ""ghindx"", ""coins"", ""logc"", ""fchild"", ""site_3"", ""female"", ""site_5"", ""site_4"", ""pioff"", ""lpi"", ""mhi"", ""site_2"", ""hlthf"", ""year_3"", ""plan_16"", ""plan_6"", ""hlthp"", ""plan_5"", ""plan_15"", ""year_2"", ""hlthg"", ""tookphys"", ""educdec"", ""plan_19"", ""year_5"", ""plan_3"", ""linc"", ""income"", ""time"", ""plan_4"", ""idp"", ""plan_9"", ""plan_7"", ""year_4"", ""plan_17"", ""plan_18"", ""site_6"", ""plan_14""]","[[5, 16, 11, 22, 1, 21, 47, 6, 49, 48, 24, 25, 34, 43, 50], []]","[15, 0]",1165.9334893226624,0.8509022704185697,0.1490977295814302,-2.034820109278923,-0.13190967809133472,0.0,0.0,0.0,0.21173409558909567,0.1384607263103952,0.0,0.0,0.0,0.0,0.01776185557451358,0.0,0.0,0.0,0.0,-0.202386800159457,0.0,0.0,0.0,0.0,0.02553552263522792,-0.27512483817401906,0.0,0.07668758230804575,0.08334250957584897,0.0,0.0,0.0,0.0,0.0,0.0,0.0,0.0,0.08757560771843696,0.0,0.0,0.0,0.0,0.0,0.0,0.0,0.0,0.10359857810580643,0.0,0.0,0.0,0.12737155739415926,-0.2027051210599937,-0.1451530339285551,-0.4497583752375613,0.0,0.0,0.0,0.0,0.8838682225266855,0.0,0.0,0.0,0.0,0.0,0.0,0.0,0.0,0.0,0.0,0.0,0.0,0.0,0.0,0.0,0.0,0.0,0.0,0.0,0.0,0.0,0.0,0.0,0.0,0.0,0.0,0.0,0.0,0.0,0.0,0.0,0.0,0.0,0.0,0.0,0.0,0.0,0.0,0.0,0.0,0.0,0.0,0.0,0.0,0.0,0.0,0.0,0.0,0.0,0.0,0.0,0.0,0.0,0.0,2.6554834142759356,14.231864283048404
348,1749898887,True,,50.0,quantile_glm,8010.8345043702075,-3874.1980028102607,7939.460273798339,"[0, 5, 16, 11, 12, 26, 28, 18, 13, 3, 17, 9, 10, 1, 38, 14, 22, 24, 6, 21, 49, 48, 42, 32, 47, 33, 46, 15, 52, 19, 51, 41, 4, 43, 27, 53, 54, 30, 25, 23, 34, 39, 50, 37, 2, 45, 36, 40, 31, 44, 8]","[""Intercept"", ""xage"", ""child"", ""disea"", ""physlm"", ""xghindx"", ""lnum"", ""lfam"", ""ghindx"", ""black"", ""fchild"", ""num"", ""mhi"", ""coins"", ""plan_11"", ""mdeoff"", ""fmde"", ""hlthf"", ""female"", ""logc"", ""site_5"", ""site_4"", ""plan_16"", ""plan_5"", ""site_3"", ""plan_6"", ""site_2"", ""pioff"", ""year_3"", ""lpi"", ""year_2"", ""plan_15"", ""income"", ""plan_17"", ""linc"", ""year_4"", ""year_5"", ""plan_3"", ""hlthp"", ""hlthg"", ""plan_7"", ""plan_13"", ""site_6"", ""plan_10"", ""tookphys"", ""plan_19"", ""plan_9"", ""plan_14"", ""plan_4"", ""plan_18"", ""time""]","[[5, 16, 11, 13, 10, 38, 22, 6, 21, 48, 42, 47, 19, 43, 34, 50], [11, 50]]","[16, 2]",1166.8926928043365,0.8322084601113066,0.16779153988869341,-2.1272408003708643,0.0,0.0,0.0,0.0,0.31274447290624113,0.17668111131013234,0.0,0.0,0.0,-0.026619257138858887,0.051454811724788045,0.0,-0.046975187450410016,0.0,0.0,-0.13702095176347118,0.0,0.0,-0.050256680257691116,0.0,0.06549270333372118,-0.16137507097918963,0.0,0.0,0.0,0.0,0.0,0.0,0.0,0.0,0.0,0.0,0.0,0.18013155438074258,0.0,0.0,0.0,0.15539110256997868,0.0,0.0,0.0,-0.1090864089866374,0.17858159378251615,0.0,0.0,0.0,0.19180604721429603,-0.12260329533227489,0.0,-0.2866810519675504,0.0,0.0,0.0,0.0,0.6881352267116582,0.0,0.0,0.0,0.0,0.0,0.0,0.0,0.0,0.0,0.0,0.4869416554375185,0.0,0.0,0.0,0.0,0.0,0.0,0.0,0.0,0.0,0.0,0.0,0.0,0.0,0.0,0.0,0.0,0.0,0.0,0.0,0.0,0.0,0.0,0.0,0.0,0.0,0.0,0.0,0.0,0.0,0.0,0.0,0.0,0.0,0.0,0.0,0.0,0.0,0.0,0.40840427723737277,0.0,0.0,0.0,0.0,2.0103167797555663,7.465681949673496
349,1928209596,True,,50.0,quantile_glm,7944.636077776746,-3815.261135251182,7847.640757068065,"[0, 5, 16, 12, 11, 3, 28, 18, 26, 13, 9, 10, 38, 22, 21, 14, 17, 1, 48, 24, 47, 49, 52, 42, 6, 45, 46, 25, 51, 32, 2, 15, 40, 41, 36, 27, 29, 54, 4, 34, 23, 43, 53, 30, 33, 7, 50, 19, 31, 20, 37]","[""Intercept"", ""xage"", ""child"", ""physlm"", ""disea"", ""black"", ""lnum"", ""lfam"", ""xghindx"", ""ghindx"", ""num"", ""mhi"", ""plan_11"", ""fmde"", ""logc"", ""mdeoff"", ""fchild"", ""coins"", ""site_4"", ""hlthf"", ""site_3"", ""site_5"", ""year_3"", ""plan_16"", ""female"", ""plan_19"", ""site_2"", ""hlthp"", ""year_2"", ""plan_5"", ""tookphys"", ""pioff"", ""plan_14"", ""plan_15"", ""plan_9"", ""linc"", ""plan_2"", ""year_5"", ""income"", ""plan_7"", ""hlthg"", ""plan_17"", ""year_4"", ""plan_3"", ""plan_6"", ""educdec"", ""site_6"", ""lpi"", ""plan_4"", ""idp"", ""plan_10""]","[[5, 16, 11, 3, 10, 22, 1, 48, 47, 52, 42, 6, 25, 29, 34, 43, 7, 50], [12, 11, 50]]","[18, 3]",1359.4768092632294,0.833286904235286,0.16671309576471402,-2.525744999592297,-0.14144422380017105,0.0,-0.18685894398509353,0.0,0.2642513307231897,0.15718711995668805,0.14497798848819132,0.0,0.0,-0.07873128446254386,0.053634105175311766,0.0,0.0,0.0,0.0,-0.07617569245789203,0.0,0.0,0.0,0.0,0.0,-0.2417812829983583,0.0,0.0,0.10267520344675052,0.0,0.0,0.0,0.13417993272892034,0.0,0.0,0.0,0.0,0.11542753067718188,0.0,0.0,0.0,0.0,0.0,0.0,0.0,-0.10032626781758024,0.1346130499358308,0.0,0.0,0.0,0.18013285813979452,-0.29893254160065136,0.0,-0.34949809144003974,0.0,-1.8401513835715568,0.0,0.0,0.7368839556724394,0.0,0.0,0.0,0.0,0.0,0.0,0.0,0.0,0.0,0.0,0.1601001895426254,0.31097523739589267,0.0,0.0,0.0,0.0,0.0,0.0,0.0,0.0,0.0,0.0,0.0,0.0,0.0,0.0,0.0,0.0,0.0,0.0,0.0,0.0,0.0,0.0,0.0,0.0,0.0,0.0,0.0,0.0,0.0,0.0,0.0,0.0,0.0,0.0,0.0,0.0,0.0,0.4059011811673632,0.0,0.0,0.0,0.0,1.915390510891147,6.789589688084321
350,264819714,True,,50.0,kmeans_glm,7676.117319970196,-3681.366254484624,7562.481516609692,"[0, 5, 16, 12, 14, 26, 38, 22, 9, 28, 18, 17, 11, 13, 21, 1, 10, 3, 48, 42, 49, 46, 15, 52, 24, 32, 45, 33, 47, 4, 23, 53, 19, 34, 54, 51, 27, 41, 40, 25, 30, 29, 2, 37, 31, 8, 7, 36, 35, 50, 6]","[""Intercept"", ""xage"", ""child"", ""physlm"", ""mdeoff"", ""xghindx"", ""plan_11"", ""fmde"", ""num"", ""lnum"", ""lfam"", ""fchild"", ""disea"", ""ghindx"", ""logc"", ""coins"", ""mhi"", ""black"", ""site_4"", ""plan_16"", ""site_5"", ""site_2"", ""pioff"", ""year_3"", ""hlthf"", ""plan_5"", ""plan_19"", ""plan_6"", ""site_3"", ""income"", ""hlthg"", ""year_4"", ""lpi"", ""plan_7"", ""year_5"", ""year_2"", ""linc"", ""plan_15"", ""plan_14"", ""hlthp"", ""plan_3"", ""plan_2"", ""tookphys"", ""plan_10"", ""plan_4"", ""time"", ""educdec"", ""plan_9"", ""plan_8"", ""site_6"", ""female""]","[[5, 16, 38, 22, 11, 21, 1, 48, 52, 24, 47, 34, 29, 7, 50], [5, 16, 12, 50]]","[15, 4]",1423.9954161643982,0.8378525288531764,0.16214747114682376,-2.387637953486357,-0.11145431395593862,0.0,0.0,0.0,0.22026783867741756,0.0,0.13597147499526469,0.0,0.0,0.0,0.13532639607871577,0.0,0.0,0.0,0.0,-0.06589687983578996,0.0,0.0,0.0,0.0,0.06850069546167624,-0.269225565741087,0.0,0.1029542324763052,0.0,0.0,0.0,0.0,0.12335962914456987,0.0,0.0,0.0,0.0,0.16979867658767936,0.0,0.0,0.0,0.12309563179163818,0.0,0.0,0.0,0.0,0.0,0.0,0.0,0.0,0.18425350532871163,-0.19770427602160467,0.0,-0.3115588026864408,0.0,-1.94903995464515,0.0,0.0,0.25806506654878475,0.0,0.0,0.0,0.0,0.2444752751334092,0.0,0.0,0.0,0.0,0.0,0.0,0.2829042651898052,0.0,0.0,0.0,-0.5801787175630116,0.0,0.0,0.0,0.0,0.0,0.0,0.0,0.0,0.0,0.0,0.0,0.0,0.0,0.0,0.0,0.0,0.0,0.0,0.0,0.0,0.0,0.0,0.0,0.0,0.0,0.0,0.0,0.0,0.0,0.0,0.0,0.0,0.0,0.5196431016442272,0.0,0.0,0.0,0.0,1.9258467913654311,6.860956005053518
351,838474784,True,,50.0,quantile_glm,7953.559107388138,-3816.3300809366774,7841.093908976428,"[0, 5, 16, 12, 11, 3, 38, 9, 26, 28, 18, 13, 17, 22, 47, 49, 21, 14, 1, 6, 42, 24, 52, 25, 4, 41, 10, 27, 15, 19, 23, 48, 45, 32, 53, 33, 46, 2, 30, 51, 54, 31, 7, 29, 8, 37, 36, 50, 20, 43, 44]","[""Intercept"", ""xage"", ""child"", ""physlm"", ""disea"", ""black"", ""plan_11"", ""num"", ""xghindx"", ""lnum"", ""lfam"", ""ghindx"", ""fchild"", ""fmde"", ""site_3"", ""site_5"", ""logc"", ""mdeoff"", ""coins"", ""female"", ""plan_16"", ""hlthf"", ""year_3"", ""hlthp"", ""income"", ""plan_15"", ""mhi"", ""linc"", ""pioff"", ""lpi"", ""hlthg"", ""site_4"", ""plan_19"", ""plan_5"", ""year_4"", ""plan_6"", ""site_2"", ""tookphys"", ""plan_3"", ""year_2"", ""year_5"", ""plan_4"", ""educdec"", ""plan_2"", ""time"", ""plan_10"", ""plan_9"", ""site_6"", ""idp"", ""plan_17"", ""plan_18""]","[[5, 11, 3, 38, 47, 49, 21, 6, 25, 4, 27, 48, 30, 29, 50, 20], [16, 12, 11, 50]]","[16, 4]",1076.3978807926178,0.8247610482206607,0.17523895177933918,-2.2332669655645003,0.0,0.0,-0.0359719644516125,0.05558950157314261,0.3863625959992757,0.25795957866611874,0.0,0.0,0.0,0.0,0.03011826079166382,0.0,0.0,0.0,0.0,0.0,0.0,0.0,0.0,-0.14401017188054901,-0.23975249524575454,0.0,0.0,0.0,0.09774353721130437,0.0,0.08078304244945024,0.0,0.12412333900477107,-0.07001526854524548,0.0,0.0,0.0,0.0,0.0,0.0,0.0,0.14492034996109077,0.0,0.0,0.0,0.0,0.0,0.0,0.0,0.0,0.16788873567046414,-0.21969608618842992,-0.1677693701713121,-0.3746173815670814,0.0,0.0,0.0,0.0,0.3676325995546078,0.0,0.0,0.0,0.0,0.0,0.0,0.0,0.0,0.0,0.0,0.23355253311306254,0.30571271414643253,0.0,0.0,0.0,-0.700707117166309,0.0,0.0,0.0,0.0,0.0,0.0,0.0,0.0,0.0,0.0,0.0,0.0,0.0,0.0,0.0,0.0,0.0,0.0,0.0,0.0,0.0,0.0,0.0,0.0,0.0,0.0,0.0,0.0,0.0,0.0,0.0,0.0,0.0,0.4271554296745665,0.0,0.0,0.0,0.0,1.7561306701223476,5.789990611739411
352,794561094,True,,50.0,quantile_glm,8197.73024699157,-3973.9361427325357,8138.936553642889,"[0, 5, 16, 3, 12, 38, 1, 11, 22, 26, 14, 4, 21, 9, 13, 28, 18, 10, 49, 17, 25, 48, 27, 6, 42, 47, 41, 45, 52, 46, 23, 24, 32, 15, 2, 54, 33, 51, 53, 19, 31, 30, 36, 40, 43, 8, 34, 50, 7, 20, 39]","[""Intercept"", ""xage"", ""child"", ""black"", ""physlm"", ""plan_11"", ""coins"", ""disea"", ""fmde"", ""xghindx"", ""mdeoff"", ""income"", ""logc"", ""num"", ""ghindx"", ""lnum"", ""lfam"", ""mhi"", ""site_5"", ""fchild"", ""hlthp"", ""site_4"", ""linc"", ""female"", ""plan_16"", ""site_3"", ""plan_15"", ""plan_19"", ""year_3"", ""site_2"", ""hlthg"", ""hlthf"", ""plan_5"", ""pioff"", ""tookphys"", ""year_5"", ""plan_6"", ""year_2"", ""year_4"", ""lpi"", ""plan_4"", ""plan_3"", ""plan_9"", ""plan_14"", ""plan_17"", ""time"", ""plan_7"", ""site_6"", ""educdec"", ""idp"", ""plan_13""]","[[5, 16, 3, 1, 11, 22, 21, 10, 25, 48, 6, 47, 41, 46, 24, 43, 34, 50], []]","[18, 0]",1772.0241363048553,0.8263752569912686,0.17362474300873126,-2.1562672938252194,-0.12441664087906992,0.0,-0.18114865723376922,0.0,0.23634261733779616,0.19115182178009804,0.0,0.0,0.0,-0.0366684869790176,0.004179417229950076,0.0,0.0,0.0,0.0,-0.1090701122763121,0.0,0.0,0.0,0.0,0.06190907455586972,-0.37360476583868724,0.0,0.101225909678261,0.12192278244586434,0.0,0.0,0.0,0.0,0.0,0.0,0.0,0.0,0.10635735779677824,0.0,0.0,0.0,0.0,0.0,0.0,-0.15719504529102143,0.0,0.14305864665320564,0.0,0.0,-0.17081381421078393,0.09323048393506424,-0.2020053070131843,0.0,-0.329938163152551,0.0,0.0,0.0,0.0,0.867002393606611,0.0,0.0,0.0,0.0,0.0,0.0,0.0,0.0,0.0,0.0,0.0,0.0,0.0,0.0,0.0,0.0,0.0,0.0,0.0,0.0,0.0,0.0,0.0,0.0,0.0,0.0,0.0,0.0,0.0,0.0,0.0,0.0,0.0,0.0,0.0,0.0,0.0,0.0,0.0,0.0,0.0,0.0,0.0,0.0,0.0,0.0,0.0,0.0,0.0,0.0,0.0,0.0,0.0,0.0,2.0474182509051326,7.747872200586254
353,396370417,True,,50.0,quantile_glm,8237.35855905301,-3938.176203359316,8110.840372209589,"[0, 5, 16, 12, 38, 22, 21, 14, 11, 9, 28, 18, 3, 1, 26, 13, 17, 49, 10, 15, 6, 48, 41, 47, 25, 42, 52, 19, 33, 43, 32, 4, 24, 45, 54, 53, 50, 23, 40, 46, 51, 36, 44, 2, 27, 37, 8, 35, 34, 20, 29]","[""Intercept"", ""xage"", ""child"", ""physlm"", ""plan_11"", ""fmde"", ""logc"", ""mdeoff"", ""disea"", ""num"", ""lnum"", ""lfam"", ""black"", ""coins"", ""xghindx"", ""ghindx"", ""fchild"", ""site_5"", ""mhi"", ""pioff"", ""female"", ""site_4"", ""plan_15"", ""site_3"", ""hlthp"", ""plan_16"", ""year_3"", ""lpi"", ""plan_6"", ""plan_17"", ""plan_5"", ""income"", ""hlthf"", ""plan_19"", ""year_5"", ""year_4"", ""site_6"", ""hlthg"", ""plan_14"", ""site_2"", ""year_2"", ""plan_9"", ""plan_18"", ""tookphys"", ""linc"", ""plan_10"", ""time"", ""plan_8"", ""plan_7"", ""idp"", ""plan_2""]","[[5, 12, 22, 21, 3, 1, 49, 10, 6, 48, 41, 47, 25, 43, 24, 50, 34, 29], [5, 16, 12, 38, 50]]","[18, 5]",1261.1233305931091,0.8191694979231098,0.1808305020768902,-2.1664275451707886,-0.13763630521526646,0.0,-0.12074070511303087,0.0,0.32939685701535804,0.1770053139828033,0.0,0.0,0.0,-0.06321902102654811,0.0,0.04007394949624828,0.0,0.0,0.0,0.0,0.0,0.0,0.0,0.0,-0.0028587625955628334,-0.2753662079453729,0.0,0.06420563411460758,0.06497919608580863,0.0,0.0,0.0,0.08856676857550691,0.0,0.0,0.0,0.0,0.12912150630473085,0.0,0.0,0.0,0.0,0.0,0.0,-0.48658348547371716,0.0,0.15815593092142252,0.0,0.0,0.0,0.13725616779110925,-0.23217247309562383,-0.14079284540729015,-0.3144808420188803,0.0,0.0,0.0,0.0,0.3395318629007299,0.0,0.0,0.0,0.0,0.1765499063423658,0.0,0.0,0.0,0.0,0.0,0.0,0.270188961762864,0.0,0.0,0.0,-0.5020934133083181,0.0,0.0,0.0,0.0,0.0,0.0,0.0,0.0,0.0,0.0,0.0,0.0,0.0,0.0,0.0,0.0,0.0,0.0,0.0,0.0,0.0,0.3991223598996853,0.0,0.0,0.0,0.0,0.0,0.0,0.0,0.0,0.0,0.0,0.0,0.5501956864628476,0.0,0.0,0.0,0.0,1.8008721270393793,6.0549258269121395
354,147919375,True,,100.0,quantile_glm,7948.075832032777,-3897.670737158979,7882.1888689442385,"[0, 5, 16, 12, 26, 14, 28, 18, 22, 13, 38, 11, 21, 10, 9, 3, 1, 24, 17, 42, 15, 41, 47, 34, 49, 52, 6, 23, 19, 2, 48, 33, 51, 37, 45, 54, 32, 29, 4, 36, 27, 30, 44, 25, 8, 50, 40, 39, 46, 20, 43]","[""Intercept"", ""xage"", ""child"", ""physlm"", ""xghindx"", ""mdeoff"", ""lnum"", ""lfam"", ""fmde"", ""ghindx"", ""plan_11"", ""disea"", ""logc"", ""mhi"", ""num"", ""black"", ""coins"", ""hlthf"", ""fchild"", ""plan_16"", ""pioff"", ""plan_15"", ""site_3"", ""plan_7"", ""site_5"", ""year_3"", ""female"", ""hlthg"", ""lpi"", ""tookphys"", ""site_4"", ""plan_6"", ""year_2"", ""plan_10"", ""plan_19"", ""year_5"", ""plan_5"", ""plan_2"", ""income"", ""plan_9"", ""linc"", ""plan_3"", ""plan_18"", ""hlthp"", ""time"", ""site_6"", ""plan_14"", ""plan_13"", ""site_2"", ""idp"", ""plan_17""]","[[5, 16, 21, 10, 47, 50], []]","[6, 0]",1082.17147898674,0.8336231929064059,0.16637680709359412,-1.9974460636372877,0.0,0.0,0.0,0.0,0.2653784883097548,0.0,0.0,0.0,0.0,-0.12689674485781327,0.0,0.0,0.0,0.0,0.0,-0.15472170379709393,0.0,0.0,0.0,0.0,-0.3362512280901613,0.0,0.0,0.0,0.0,0.0,0.0,0.0,0.0,0.0,0.0,0.0,0.0,0.0,0.0,0.0,0.0,0.0,0.0,0.0,0.0,0.0,0.0,0.0,0.0,0.0,0.21024581904854275,0.0,0.0,-0.25121055030998046,0.0,0.0,0.0,0.0,0.7790019492903032,0.0,0.0,0.0,0.0,0.0,0.0,0.0,0.0,0.0,0.0,0.0,0.0,0.0,0.0,0.0,0.0,0.0,0.0,0.0,0.0,0.0,0.0,0.0,0.0,0.0,0.0,0.0,0.0,0.0,0.0,0.0,0.0,0.0,0.0,0.0,0.0,0.0,0.0,0.0,0.0,0.0,0.0,0.0,0.0,0.0,0.0,0.0,0.0,0.0,0.0,0.0,0.0,0.0,0.0,2.206844400018994,9.086996177152466
355,474363173,True,,25.0,kmeans_glm,8395.120578476875,-3971.47529967604,8333.763875170342,"[0, 5, 16, 11, 12, 17, 28, 18, 3, 26, 9, 1, 38, 13, 14, 22, 21, 10, 49, 42, 52, 4, 24, 47, 48, 45, 46, 23, 32, 15, 41, 27, 25, 31, 54, 6, 30, 51, 7, 19, 2, 40, 34, 8, 20, 29, 53, 43, 50, 44, 36]","[""Intercept"", ""xage"", ""child"", ""disea"", ""physlm"", ""fchild"", ""lnum"", ""lfam"", ""black"", ""xghindx"", ""num"", ""coins"", ""plan_11"", ""ghindx"", ""mdeoff"", ""fmde"", ""logc"", ""mhi"", ""site_5"", ""plan_16"", ""year_3"", ""income"", ""hlthf"", ""site_3"", ""site_4"", ""plan_19"", ""site_2"", ""hlthg"", ""plan_5"", ""pioff"", ""plan_15"", ""linc"", ""hlthp"", ""plan_4"", ""year_5"", ""female"", ""plan_3"", ""year_2"", ""educdec"", ""lpi"", ""tookphys"", ""plan_14"", ""plan_7"", ""time"", ""idp"", ""plan_2"", ""year_4"", ""plan_17"", ""site_6"", ""plan_18"", ""plan_9""]","[[5, 16, 11, 12, 3, 26, 9, 1, 38, 22, 10, 49, 42, 52, 4, 24, 47, 48, 45, 25, 31, 54, 6, 30, 7, 19, 34, 29, 53, 43, 50, 36], [5, 12, 17, 28, 18, 3, 38, 49, 50]]","[32, 9]",961.0709824562073,0.8199759951586093,0.1800240048413907,-2.5907166524220004,-0.13873466244715252,0.0,-0.1248813457561652,0.05331408254951095,0.07773376606523674,0.13261733061216932,0.0669313294642825,0.0,0.0907904542181991,-0.02921968476901669,0.017518584749490154,0.02334247196798896,0.0,0.0,0.0,-0.2819464049805139,0.0,0.0,0.12503371743444042,0.0,0.0,-0.31279901736442906,0.0,0.0941529903104551,0.09340862770497432,-0.05841122994997696,0.0,0.0,0.06721037208473259,-0.08028423865958557,-0.17713969291316647,0.0,0.0,0.13256055447418877,0.0,0.04856307292589101,0.0,0.10616236831708013,0.0,0.0,0.0,-0.17729742116092276,0.16897850731886585,0.0,-0.991311749520402,0.0,0.07840067730843134,-0.2774075293317556,-0.1514753207538647,-0.4924963530184544,0.0,-1.6210207047330767,-0.295625241379167,-1.0501633471041785,0.20617230059975764,0.0,0.0,-0.351488844032401,0.0,0.27197357285717066,0.0,0.0,0.0,0.0,0.0,0.0,0.21495200710619938,0.0,0.0,0.0,0.0,-0.39202552007832087,-0.2204456609680911,0.0,0.0,0.0,0.0,0.0,0.0,0.0,0.0,0.0,-0.22044571779895236,0.0,0.0,0.0,0.0,0.0,0.0,0.0,0.0,0.0,0.1975443688325743,0.0,0.0,0.0,0.0,0.0,0.0,0.0,0.0,0.0,0.0,-0.365430771301555,0.5240714239577159,0.0,0.0,0.0,0.0,1.7363854768223463,5.6767874152822335
356,1718530808,True,,50.0,quantile_glm,7886.253477389779,-3820.573083005728,7832.210434189274,"[0, 5, 16, 12, 11, 26, 38, 28, 18, 1, 22, 13, 14, 3, 21, 9, 10, 6, 25, 17, 19, 15, 49, 23, 41, 42, 52, 33, 46, 48, 40, 2, 45, 47, 54, 51, 32, 30, 36, 43, 53, 24, 31, 44, 34, 4, 35, 8, 20, 37, 29]","[""Intercept"", ""xage"", ""child"", ""physlm"", ""disea"", ""xghindx"", ""plan_11"", ""lnum"", ""lfam"", ""coins"", ""fmde"", ""ghindx"", ""mdeoff"", ""black"", ""logc"", ""num"", ""mhi"", ""female"", ""hlthp"", ""fchild"", ""lpi"", ""pioff"", ""site_5"", ""hlthg"", ""plan_15"", ""plan_16"", ""year_3"", ""plan_6"", ""site_2"", ""site_4"", ""plan_14"", ""tookphys"", ""plan_19"", ""site_3"", ""year_5"", ""year_2"", ""plan_5"", ""plan_3"", ""plan_9"", ""plan_17"", ""year_4"", ""hlthf"", ""plan_4"", ""plan_18"", ""plan_7"", ""income"", ""plan_8"", ""time"", ""idp"", ""plan_10"", ""plan_2""]","[[5, 16, 11, 38, 1, 22, 3, 21, 10, 6, 25, 52, 33, 48, 47, 43, 34], [12]]","[17, 1]",1723.9653191566467,0.8362078657221168,0.1637921342778831,-2.262319669332628,-0.10569771604411533,0.0,-0.22792147888026693,0.0,0.1561481137362167,0.1467420902077721,0.0,0.0,0.0,-0.06088491434233518,0.04867930132694717,0.0,0.0,0.0,0.0,-0.23835112532708772,0.0,0.0,0.0,0.0,-0.1295305513370005,-0.15712329427997845,0.0,0.0,0.12115928746258725,0.0,0.0,0.0,0.0,0.0,0.0,0.0,-0.10120754340178362,0.13478748961314832,0.0,0.0,0.0,0.06415932425502825,0.0,0.0,0.0,0.0,0.1187754101370733,0.0,0.0,0.0,0.12566478792071953,-0.10792876290677432,0.0,0.0,0.0,-1.7707920196258795,0.0,0.0,0.7201116963346544,0.0,0.0,0.0,0.0,0.0,0.0,0.0,0.0,0.0,0.0,0.0,0.4714618508534579,0.0,0.0,0.0,0.0,0.0,0.0,0.0,0.0,0.0,0.0,0.0,0.0,0.0,0.0,0.0,0.0,0.0,0.0,0.0,0.0,0.0,0.0,0.0,0.0,0.0,0.0,0.0,0.0,0.0,0.0,0.0,0.0,0.0,0.0,0.0,0.0,0.0,0.0,0.0,0.0,0.0,0.0,2.2621454084248374,9.603670877191778
357,338260049,True,,25.0,quantile_glm,8403.727840765427,-3999.1093099268755,8389.031895672013,"[0, 5, 16, 12, 11, 28, 18, 38, 14, 22, 9, 10, 26, 3, 17, 21, 1, 15, 13, 25, 6, 42, 47, 19, 52, 45, 49, 48, 4, 2, 32, 51, 30, 53, 24, 27, 37, 41, 7, 54, 31, 33, 36, 44, 23, 29, 46, 35, 8, 50, 34]","[""Intercept"", ""xage"", ""child"", ""physlm"", ""disea"", ""lnum"", ""lfam"", ""plan_11"", ""mdeoff"", ""fmde"", ""num"", ""mhi"", ""xghindx"", ""black"", ""fchild"", ""logc"", ""coins"", ""pioff"", ""ghindx"", ""hlthp"", ""female"", ""plan_16"", ""site_3"", ""lpi"", ""year_3"", ""plan_19"", ""site_5"", ""site_4"", ""income"", ""tookphys"", ""plan_5"", ""year_2"", ""plan_3"", ""year_4"", ""hlthf"", ""linc"", ""plan_10"", ""plan_15"", ""educdec"", ""year_5"", ""plan_4"", ""plan_6"", ""plan_9"", ""plan_18"", ""hlthg"", ""plan_2"", ""site_2"", ""plan_8"", ""time"", ""site_6"", ""plan_7""]","[[5, 16, 12, 11, 22, 10, 3, 21, 1, 25, 6, 42, 47, 52, 45, 48, 4, 30, 53, 54, 23, 29, 46, 35, 50, 34], [16, 12, 11, 28, 18, 38, 14, 3, 25, 42, 49, 48, 2, 7, 50]]","[26, 15]",1684.458905696869,0.7956952141477173,0.20430478585228268,-3.3242292719620927,-0.17762562073561852,0.0,-0.08855232695979884,0.026960766864977673,0.13362706842411565,0.15132656609892955,0.0,0.0,0.0,-0.06854550076837501,0.008881424903257754,0.09005009120991957,0.0,0.0,0.0,-0.15288177287185478,0.0,0.0,0.0,0.0,-0.06079196319912684,-0.22895321762887214,-0.06691837803759379,0.0,0.05564279586004722,0.0,0.0,0.0,0.0964791775434647,-1.3880820609784739,0.0,0.0,0.0,0.07334260927881238,0.10473278389850937,0.0,0.0,0.0,0.0,0.0,0.0,-1.467252219006677,0.0,0.0,-1.7220006079096657,-0.1410738533875918,0.11432479676526958,-0.24616420354625101,0.0,-0.4324158622883058,0.0,-1.7263865012606936,-1.0027456561144368,-0.9657803497921488,0.25962290490812945,0.0,0.25850010162652476,-0.3045251223777408,0.0,0.0,0.0,0.3080170831228587,0.0,0.0,0.0,0.23438323431449248,0.2433814314806917,0.0,-0.17176201995196966,0.0,-0.5731170849309617,0.0,-0.08509620430605966,0.0,0.0,0.0,0.0,0.0,0.0,-0.002749727997484029,0.0,0.0,-0.08509510013940154,0.0,0.0,0.0,0.0,0.0,0.0,0.0,0.0,0.0,0.12196983417244782,0.0,0.0,0.0,-0.3860168831180557,0.0,0.0,0.0,0.0,0.0,-0.3074161577139704,-0.15772708763889434,0.42280899182048715,0.0,0.0,0.0,0.0,1.5461812273073823,4.693512458970828
358,1039662117,True,,50.0,quantile_glm,7820.868483399924,-3759.650067642894,7727.733882388861,"[0, 5, 16, 11, 12, 28, 18, 9, 17, 3, 26, 13, 14, 10, 22, 2, 38, 1, 21, 6, 52, 42, 47, 51, 15, 49, 45, 19, 24, 33, 25, 4, 27, 53, 32, 7, 48, 46, 54, 50, 29, 23, 31, 41, 34, 36, 8, 39, 40, 30, 37]","[""Intercept"", ""xage"", ""child"", ""disea"", ""physlm"", ""lnum"", ""lfam"", ""num"", ""fchild"", ""black"", ""xghindx"", ""ghindx"", ""mdeoff"", ""mhi"", ""fmde"", ""tookphys"", ""plan_11"", ""coins"", ""logc"", ""female"", ""year_3"", ""plan_16"", ""site_3"", ""year_2"", ""pioff"", ""site_5"", ""plan_19"", ""lpi"", ""hlthf"", ""plan_6"", ""hlthp"", ""income"", ""linc"", ""year_4"", ""plan_5"", ""educdec"", ""site_4"", ""site_2"", ""year_5"", ""site_6"", ""plan_2"", ""hlthg"", ""plan_4"", ""plan_15"", ""plan_7"", ""plan_9"", ""time"", ""plan_13"", ""plan_14"", ""plan_3"", ""plan_10""]","[[5, 16, 11, 3, 10, 22, 2, 1, 21, 52, 42, 47, 25, 48, 50, 29, 23], [16, 11, 12]]","[17, 3]",1774.3730914592743,0.8396578561603929,0.16034214383960715,-2.2272904974734433,-0.1721336942421927,0.08990799009505279,-0.08345548285307304,0.0,0.21154995682582622,0.0,0.0,0.0,0.0,-0.06834152033625267,0.11867473204855118,0.0,0.0,0.0,0.0,-0.0829851750091687,0.0,0.0,0.0,0.0,-0.0809156560879748,-0.10399989492556254,-0.10513150085066697,0.0,0.11161047514604291,0.0,0.0,0.0,0.12106383573293451,0.0,0.0,0.0,0.0,0.0,0.0,0.0,0.0,0.0,0.0,0.0,0.0,-0.09147106076946156,0.0,0.0,0.0,0.0,0.13368150545237906,-0.21675923855981288,0.0,-0.37233621837762076,0.0,-1.3494976288227545,0.0,0.0,0.44828901554464856,0.0,0.0,0.0,0.0,0.0,0.0,0.0,0.0,0.0,0.0,0.22947246191754617,0.305216973025917,0.0,0.0,0.0,-0.5730691627392097,0.0,0.0,0.0,0.0,0.0,0.0,0.0,0.0,0.0,0.0,0.0,0.0,0.0,0.0,0.0,0.0,0.0,0.0,0.0,0.0,0.0,0.0,0.0,0.0,0.0,0.0,0.0,0.0,0.0,0.0,0.0,0.0,0.0,0.0,0.0,0.0,0.0,0.0,2.1025795823027345,8.187262413179662
359,1983999874,True,,25.0,kmeans_glm,8313.081664812118,-3942.043839504841,8266.216215365315,"[0, 16, 5, 11, 26, 12, 17, 38, 22, 3, 21, 13, 28, 18, 14, 1, 9, 24, 49, 10, 41, 48, 42, 15, 52, 47, 6, 19, 45, 32, 33, 25, 51, 23, 34, 54, 29, 2, 4, 30, 46, 20, 27, 8, 40, 39, 50, 31, 43, 44, 36]","[""Intercept"", ""child"", ""xage"", ""disea"", ""xghindx"", ""physlm"", ""fchild"", ""plan_11"", ""fmde"", ""black"", ""logc"", ""ghindx"", ""lnum"", ""lfam"", ""mdeoff"", ""coins"", ""num"", ""hlthf"", ""site_5"", ""mhi"", ""plan_15"", ""site_4"", ""plan_16"", ""pioff"", ""year_3"", ""site_3"", ""female"", ""lpi"", ""plan_19"", ""plan_5"", ""plan_6"", ""hlthp"", ""year_2"", ""hlthg"", ""plan_7"", ""year_5"", ""plan_2"", ""tookphys"", ""income"", ""plan_3"", ""site_2"", ""idp"", ""linc"", ""time"", ""plan_14"", ""plan_13"", ""site_6"", ""plan_4"", ""plan_17"", ""plan_18"", ""plan_9""]","[[16, 5, 11, 38, 22, 3, 13, 1, 9, 24, 49, 41, 48, 42, 52, 47, 6, 51, 34, 54, 29, 30, 46, 20, 27, 8, 50, 43], [16, 11, 26, 12, 17, 38, 3, 28, 18, 1, 25, 50]]","[28, 12]",1231.2267835140228,0.8254551135138073,0.17454488648619276,-2.3097274869628155,-0.09466320620375443,0.0,-0.07209744545065205,0.0,0.19623218538618992,0.1363174583039005,0.0,0.6858451653378898,0.1405031626939181,0.0,0.027177405868298855,0.0,-0.07739515821699597,0.0,0.0,-0.1811656746726459,0.0,0.0,0.0,-0.10898088659590408,0.0,-0.20899466848156584,0.0,0.12242617536024436,0.0,0.0,0.03947592021018484,0.0,0.09246215904353532,-0.04028075179860314,0.0,0.0,0.0,0.0636094076435378,0.0,0.0,0.0,0.012487148570024446,0.0,0.0,-0.17747799353439048,-0.15338292063015954,0.12388553880787466,0.0,0.0,-0.1349840384355968,0.05061126837804341,-0.3847132852425357,-0.23882064460589386,-0.5074659542380445,-0.0854419971898241,-1.2433552059075246,0.0,-1.0212271287415868,0.24605607787442435,-0.1673734608634487,0.0,-0.40839586189226373,0.0,0.0,0.0,0.0,0.0,0.0,0.0,0.117972276984943,0.03587898907899565,0.0,0.0,0.0,-0.5914293880092605,-0.24160309905981153,-0.1019260072264655,0.0,0.0,0.0,0.0,0.0,0.0,0.07002107281106562,-0.23018247656740487,0.0,-0.10192692905530237,0.0,0.0,0.0,0.0,0.0,0.0,0.0,0.0,0.0,0.15613238807737623,0.0,0.0,0.0,0.0,0.0,0.0,0.0,0.0,0.0,0.0,0.0,0.6017154737090069,0.0,0.0,0.0,0.0,1.9578975422334073,7.0844167095198065
360,2007511966,True,,50.0,quantile_glm,8028.596828297254,-3858.989938735551,7917.728885111546,"[0, 5, 16, 26, 13, 12, 11, 9, 28, 18, 3, 22, 6, 38, 10, 23, 17, 14, 21, 4, 1, 48, 42, 49, 51, 52, 15, 27, 47, 2, 45, 32, 19, 25, 54, 33, 46, 7, 41, 44, 29, 24, 35, 50, 34, 36, 8, 30, 37, 40, 43]","[""Intercept"", ""xage"", ""child"", ""xghindx"", ""ghindx"", ""physlm"", ""disea"", ""num"", ""lnum"", ""lfam"", ""black"", ""fmde"", ""female"", ""plan_11"", ""mhi"", ""hlthg"", ""fchild"", ""mdeoff"", ""logc"", ""income"", ""coins"", ""site_4"", ""plan_16"", ""site_5"", ""year_2"", ""year_3"", ""pioff"", ""linc"", ""site_3"", ""tookphys"", ""plan_19"", ""plan_5"", ""lpi"", ""hlthp"", ""year_5"", ""plan_6"", ""site_2"", ""educdec"", ""plan_15"", ""plan_18"", ""plan_2"", ""hlthf"", ""plan_8"", ""site_6"", ""plan_7"", ""plan_9"", ""time"", ""plan_3"", ""plan_10"", ""plan_14"", ""plan_17""]","[[5, 16, 26, 11, 22, 6, 21, 48, 42, 47, 25, 7, 29, 50, 34], [16, 13, 12, 50]]","[15, 4]",1240.0632474422455,0.8336603304220249,0.1663396695779751,-2.1012767633018803,0.0,0.0,0.0,0.0,0.20715197853919992,0.15623967032169767,0.15183949919424616,0.0,0.0,0.0,0.05655815151394885,0.0,0.0,0.0,0.0,-0.12818155020655447,0.0,0.0,0.0,0.0,-0.17318864691260263,-0.17074779964149264,0.0,0.0,0.1016583302321284,-0.0780332473485254,0.0,0.0,0.07226684318894822,0.0,0.0,0.0,0.0,0.09656387876175145,0.0,0.0,0.0,0.0,0.0,0.0,0.0,-0.2076925318069108,0.0,0.0,0.0,0.0,0.18569090864924123,-0.14910314195547922,0.0,-0.34097421561420993,0.0,0.0,0.0,0.0,0.4060629642843172,0.0,0.0,0.0,0.0,0.0,0.0,0.0,0.0,0.0,0.0,0.0,0.2075120973270745,-0.280244888608921,0.0,0.0,-0.6354342989399985,0.0,0.0,0.0,0.0,0.0,0.0,0.0,0.0,0.0,0.0,0.0,0.0,0.0,0.0,0.0,0.0,0.0,0.0,0.0,0.0,0.0,0.0,0.0,0.0,0.0,0.0,0.0,0.0,0.0,0.0,0.0,0.0,0.0,0.5419364161864656,0.0,0.0,0.0,0.0,1.9345935038851418,6.921230030354527
361,929862146,True,,100.0,kmeans_glm,7565.476596697426,-3699.2770099329114,7485.401414492103,"[0, 5, 16, 26, 3, 12, 13, 28, 18, 11, 9, 17, 22, 38, 10, 14, 21, 47, 1, 15, 24, 49, 6, 52, 48, 42, 19, 41, 32, 33, 54, 37, 2, 23, 45, 4, 30, 46, 27, 25, 7, 44, 51, 35, 34, 36, 8, 50, 43, 29, 39]","[""Intercept"", ""xage"", ""child"", ""xghindx"", ""black"", ""physlm"", ""ghindx"", ""lnum"", ""lfam"", ""disea"", ""num"", ""fchild"", ""fmde"", ""plan_11"", ""mhi"", ""mdeoff"", ""logc"", ""site_3"", ""coins"", ""pioff"", ""hlthf"", ""site_5"", ""female"", ""year_3"", ""site_4"", ""plan_16"", ""lpi"", ""plan_15"", ""plan_5"", ""plan_6"", ""year_5"", ""plan_10"", ""tookphys"", ""hlthg"", ""plan_19"", ""income"", ""plan_3"", ""site_2"", ""linc"", ""hlthp"", ""educdec"", ""plan_18"", ""year_2"", ""plan_8"", ""plan_7"", ""plan_9"", ""time"", ""site_6"", ""plan_17"", ""plan_2"", ""plan_13""]","[[5, 16, 21, 47, 1, 50], []]","[6, 0]",726.4216449260712,0.852348615396577,0.14765138460342297,-2.0258926423704278,-0.13716020991740627,0.0,0.0,0.0,0.26088559606046213,0.0,0.0,0.0,0.0,0.0,0.0,0.0,0.0,0.0,0.0,-0.1816952932371357,0.0,0.0,0.0,0.0,-0.2805344556732582,0.0,0.0,0.0,0.0,0.0,0.0,0.0,0.0,0.0,0.0,0.0,0.0,0.0,0.0,0.0,0.0,0.0,0.0,0.0,0.0,0.0,0.0,0.0,0.0,0.0,0.18162086496087054,0.0,0.0,-0.355168417406185,0.0,0.0,0.0,0.0,0.8358172308402152,0.0,0.0,0.0,0.0,0.0,0.0,0.0,0.0,0.0,0.0,0.0,0.0,0.0,0.0,0.0,0.0,0.0,0.0,0.0,0.0,0.0,0.0,0.0,0.0,0.0,0.0,0.0,0.0,0.0,0.0,0.0,0.0,0.0,0.0,0.0,0.0,0.0,0.0,0.0,0.0,0.0,0.0,0.0,0.0,0.0,0.0,0.0,0.0,0.0,0.0,0.0,0.0,0.0,0.0,2.43975644361119,11.470246750683975
362,1199670956,True,,50.0,quantile_glm,7949.752851814347,-3847.9470464295455,7878.27362157428,"[0, 5, 16, 11, 14, 38, 22, 12, 1, 21, 3, 13, 26, 9, 28, 18, 6, 17, 15, 49, 46, 24, 10, 42, 2, 48, 19, 41, 52, 45, 51, 37, 33, 40, 4, 23, 47, 36, 30, 7, 27, 29, 31, 54, 25, 53, 8, 43, 34, 44, 32]","[""Intercept"", ""xage"", ""child"", ""disea"", ""mdeoff"", ""plan_11"", ""fmde"", ""physlm"", ""coins"", ""logc"", ""black"", ""ghindx"", ""xghindx"", ""num"", ""lnum"", ""lfam"", ""female"", ""fchild"", ""pioff"", ""site_5"", ""site_2"", ""hlthf"", ""mhi"", ""plan_16"", ""tookphys"", ""site_4"", ""lpi"", ""plan_15"", ""year_3"", ""plan_19"", ""year_2"", ""plan_10"", ""plan_6"", ""plan_14"", ""income"", ""hlthg"", ""site_3"", ""plan_9"", ""plan_3"", ""educdec"", ""linc"", ""plan_2"", ""plan_4"", ""year_5"", ""hlthp"", ""year_4"", ""time"", ""plan_17"", ""plan_7"", ""plan_18"", ""plan_5""]","[[5, 16, 11, 22, 1, 21, 3, 6, 24, 48, 47, 30, 7, 29, 43, 34], [11]]","[16, 1]",1284.0582642555237,0.8726701484102837,0.1273298515897163,-2.0555763074563633,-0.14332508597622812,0.0,-0.17750371728739445,0.0,0.23041837256370207,0.20368864364544814,0.11923304560988376,0.0,0.0,0.0,0.047784685335428276,0.0,0.0,0.0,0.0,-0.14607701745262588,0.0,0.0,0.0,0.0,-0.023096162447916044,-0.3123309461591794,0.0,0.08873758735560688,0.0,0.0,0.0,0.0,0.10780324171256114,-0.08122458608429965,0.0,0.0,0.0,0.10964315432017632,0.0,0.0,0.0,0.0,0.0,0.0,0.0,0.0,0.142662818592418,0.0,0.0,0.0,0.15828051873553386,-0.12487786256515263,0.0,0.0,0.0,0.0,0.0,0.0,1.0301413688961936,0.0,0.0,0.0,0.0,0.0,0.0,0.0,0.0,0.0,0.0,0.3494490125788491,0.0,0.0,0.0,0.0,0.0,0.0,0.0,0.0,0.0,0.0,0.0,0.0,0.0,0.0,0.0,0.0,0.0,0.0,0.0,0.0,0.0,0.0,0.0,0.0,0.0,0.0,0.0,0.0,0.0,0.0,0.0,0.0,0.0,0.0,0.0,0.0,0.0,0.0,0.0,0.0,0.0,0.0,0.0,2.0455446300849265,7.733369216707887
363,1381630057,True,,50.0,quantile_glm,7870.634071952197,-3777.976472050319,7773.0714306663385,"[0, 5, 16, 12, 11, 38, 28, 18, 22, 9, 21, 1, 17, 14, 10, 26, 3, 48, 13, 42, 15, 49, 24, 33, 41, 52, 19, 47, 25, 45, 30, 6, 54, 40, 53, 2, 50, 36, 32, 23, 43, 20, 46, 44, 31, 29, 39, 7, 8, 35, 34]","[""Intercept"", ""xage"", ""child"", ""physlm"", ""disea"", ""plan_11"", ""lnum"", ""lfam"", ""fmde"", ""num"", ""logc"", ""coins"", ""fchild"", ""mdeoff"", ""mhi"", ""xghindx"", ""black"", ""site_4"", ""ghindx"", ""plan_16"", ""pioff"", ""site_5"", ""hlthf"", ""plan_6"", ""plan_15"", ""year_3"", ""lpi"", ""site_3"", ""hlthp"", ""plan_19"", ""plan_3"", ""female"", ""year_5"", ""plan_14"", ""year_4"", ""tookphys"", ""site_6"", ""plan_9"", ""plan_5"", ""hlthg"", ""plan_17"", ""idp"", ""site_2"", ""plan_18"", ""plan_4"", ""plan_2"", ""plan_13"", ""educdec"", ""time"", ""plan_8"", ""plan_7""]","[[5, 16, 11, 22, 21, 1, 3, 48, 42, 41, 47, 25, 30, 6, 50, 36, 43, 29, 34], [5, 50]]","[19, 2]",1222.9166321754456,0.8390146712425425,0.16098532875745744,-2.2192962850356954,-0.07904131602845425,0.0,-0.09964475416146991,0.0,0.2292158263542521,0.15119217945569616,0.0,0.0,0.0,0.0,0.05155869371715432,0.0,0.0,0.0,0.0,-0.11751335857784258,0.0,0.0,0.0,0.0,0.048004232811559966,-0.3261823167060014,0.0,0.0,0.06306429838281258,0.0,0.0,0.0,0.07714280424810678,-1.3959464024909642,0.0,0.0,0.0,0.11286534116556678,0.0,0.13174045418587194,0.0,0.0,0.0,0.0,-0.1466822975752579,-0.11691570378162812,0.14005225823710604,0.0,0.0,0.0,0.12500895896522674,-0.24188251173495537,0.0,-0.24018527151291041,0.0,0.0,0.0,0.0,0.40262082179678704,0.0,0.0,0.0,0.0,0.6574604522914719,0.0,0.0,0.0,0.0,0.0,0.0,0.0,0.0,0.0,0.0,0.0,0.0,0.0,0.0,0.0,0.0,0.0,0.0,0.0,0.0,0.0,0.0,0.0,0.0,0.0,0.0,0.0,0.0,0.0,0.0,0.0,0.0,0.0,0.0,0.0,0.0,0.0,0.0,0.0,0.0,0.0,0.0,0.0,0.0,0.6803416174967362,0.0,0.0,0.0,0.0,1.9538578848521084,7.055855820210674
364,662919962,True,,100.0,kmeans_glm,7874.190090924003,-3864.715490658703,7807.593636481059,"[0, 5, 16, 11, 12, 28, 18, 9, 17, 3, 26, 13, 22, 38, 21, 49, 14, 1, 25, 10, 52, 47, 42, 24, 48, 15, 4, 19, 51, 27, 33, 29, 41, 6, 7, 23, 32, 44, 45, 30, 53, 54, 46, 34, 2, 36, 31, 50, 40, 8, 35]","[""Intercept"", ""xage"", ""child"", ""disea"", ""physlm"", ""lnum"", ""lfam"", ""num"", ""fchild"", ""black"", ""xghindx"", ""ghindx"", ""fmde"", ""plan_11"", ""logc"", ""site_5"", ""mdeoff"", ""coins"", ""hlthp"", ""mhi"", ""year_3"", ""site_3"", ""plan_16"", ""hlthf"", ""site_4"", ""pioff"", ""income"", ""lpi"", ""year_2"", ""linc"", ""plan_6"", ""plan_2"", ""plan_15"", ""female"", ""educdec"", ""hlthg"", ""plan_5"", ""plan_18"", ""plan_19"", ""plan_3"", ""year_4"", ""year_5"", ""site_2"", ""plan_7"", ""tookphys"", ""plan_9"", ""plan_4"", ""site_6"", ""plan_14"", ""time"", ""plan_8""]","[[5, 21, 47, 29, 50], []]","[5, 0]",1262.5143547058105,0.8335738478289002,0.1664261521710998,-1.9967680026126051,0.0,0.0,0.0,0.0,0.41316582023725185,0.0,0.0,0.0,0.0,0.0,0.0,0.0,0.0,0.0,0.0,0.0,0.0,0.0,0.0,0.0,-0.29230472406260344,0.0,0.0,0.0,0.0,0.0,0.0,0.0,0.09603440673088158,0.0,0.0,0.0,0.0,0.0,0.0,0.0,0.0,0.0,0.0,0.0,0.0,0.0,0.0,0.0,0.0,0.0,0.19859523140162502,0.0,0.0,-0.33833738492134535,0.0,0.0,0.0,0.0,0.9721659617528781,0.0,0.0,0.0,0.0,0.0,0.0,0.0,0.0,0.0,0.0,0.0,0.0,0.0,0.0,0.0,0.0,0.0,0.0,0.0,0.0,0.0,0.0,0.0,0.0,0.0,0.0,0.0,0.0,0.0,0.0,0.0,0.0,0.0,0.0,0.0,0.0,0.0,0.0,0.0,0.0,0.0,0.0,0.0,0.0,0.0,0.0,0.0,0.0,0.0,0.0,0.0,0.0,0.0,0.0,2.5272263739784884,12.518735647843437
365,2121646092,True,,50.0,quantile_glm,8115.947288183152,-3880.1765685766936,8003.525842106972,"[0, 5, 16, 12, 38, 22, 21, 14, 28, 18, 1, 3, 9, 26, 11, 15, 19, 25, 42, 13, 17, 10, 48, 49, 6, 52, 32, 47, 46, 41, 2, 40, 34, 27, 24, 36, 44, 54, 4, 30, 50, 20, 33, 37, 7, 45, 39, 23, 31, 8, 43]","[""Intercept"", ""xage"", ""child"", ""physlm"", ""plan_11"", ""fmde"", ""logc"", ""mdeoff"", ""lnum"", ""lfam"", ""coins"", ""black"", ""num"", ""xghindx"", ""disea"", ""pioff"", ""lpi"", ""hlthp"", ""plan_16"", ""ghindx"", ""fchild"", ""mhi"", ""site_4"", ""site_5"", ""female"", ""year_3"", ""plan_5"", ""site_3"", ""site_2"", ""plan_15"", ""tookphys"", ""plan_14"", ""plan_7"", ""linc"", ""hlthf"", ""plan_9"", ""plan_18"", ""year_5"", ""income"", ""plan_3"", ""site_6"", ""idp"", ""plan_6"", ""plan_10"", ""educdec"", ""plan_19"", ""plan_13"", ""hlthg"", ""plan_4"", ""time"", ""plan_17""]","[[5, 16, 12, 22, 21, 1, 3, 11, 25, 42, 10, 48, 49, 6, 52, 47, 34, 24, 50, 7], [5, 38, 25, 50]]","[20, 4]",1709.9435374736786,0.833015863977237,0.16698413602276296,-2.770123045430462,-0.14220559294630133,0.0,-0.07959369241346992,0.0,0.16646160576392124,0.19072402322537962,0.11127268416968238,0.0,0.0,-0.033578465816750724,0.023326470613868507,0.10652524404698893,0.0,0.0,0.0,-0.09202903953549539,0.0,0.0,0.0,0.0,-0.09859457178651276,-0.20694635831292194,0.0,0.10261315892121774,0.08925145361781862,0.0,0.0,0.0,0.0,0.0,0.0,0.0,0.0,0.11077836204521023,0.0,0.0,0.0,0.0,0.0,0.0,0.0,-2.136754691251918,0.0,0.0,0.0,0.0,0.1038565664342699,-0.3506341232728488,-0.12066671070606565,-0.4314629902105119,0.0,-1.4503102767721392,0.0,0.0,0.441490861843519,0.0,0.0,0.0,0.0,0.5909481608696366,0.0,0.0,0.0,0.0,0.0,0.0,0.0,0.0,0.0,0.0,0.0,0.0,0.0,0.0,0.0,0.0,0.0,0.0,0.0,0.15300297347504177,0.0,0.0,0.0,0.0,0.0,0.0,0.0,0.0,0.0,0.0,0.0,0.0,0.43695382312124953,0.0,0.0,0.0,0.0,0.0,0.0,0.0,0.0,0.0,0.0,0.0,0.46935206733435675,0.0,0.0,0.0,0.0,1.8954450851793128,6.655510014367843
366,1456676688,True,,50.0,kmeans_glm,7998.258239213153,-3829.7816509786953,7885.36652798572,"[0, 5, 16, 12, 11, 38, 22, 14, 1, 26, 21, 28, 18, 3, 9, 17, 13, 10, 47, 6, 48, 49, 42, 15, 41, 2, 52, 24, 19, 4, 27, 23, 33, 45, 51, 46, 25, 7, 30, 40, 44, 54, 31, 20, 29, 50, 53, 32, 34, 37, 35]","[""Intercept"", ""xage"", ""child"", ""physlm"", ""disea"", ""plan_11"", ""fmde"", ""mdeoff"", ""coins"", ""xghindx"", ""logc"", ""lnum"", ""lfam"", ""black"", ""num"", ""fchild"", ""ghindx"", ""mhi"", ""site_3"", ""female"", ""site_4"", ""site_5"", ""plan_16"", ""pioff"", ""plan_15"", ""tookphys"", ""year_3"", ""hlthf"", ""lpi"", ""income"", ""linc"", ""hlthg"", ""plan_6"", ""plan_19"", ""year_2"", ""site_2"", ""hlthp"", ""educdec"", ""plan_3"", ""plan_14"", ""plan_18"", ""year_5"", ""plan_4"", ""idp"", ""plan_2"", ""site_6"", ""year_4"", ""plan_5"", ""plan_7"", ""plan_10"", ""plan_8""]","[[5, 16, 12, 11, 38, 1, 26, 21, 3, 47, 6, 48, 15, 4, 27, 46, 29, 50, 34], [16, 12, 11]]","[19, 3]",1893.4918944835663,0.8207545139767115,0.17924548602328863,-2.209091204054016,-0.2781178640872115,0.0,-0.19017995593438564,-0.04021070166607869,0.20835398255153684,0.13382133144667413,0.0,0.0,0.0,0.0,0.05529665815091742,0.05302763448815441,0.0,0.0,0.26164493615932277,-0.139607316741035,0.0,0.0,0.0,0.0,-0.05383206066403507,0.0,0.0,0.0,0.0,-0.06044666409524288,0.13976546534605447,0.0,0.17884684018822186,0.0,0.0,0.0,0.0,0.05202264492863797,0.0,0.0,0.0,0.3171606653270013,0.0,0.0,0.0,0.0,0.0,0.0,0.0,-0.18821415536264816,0.07225350593065864,-0.35254123787914216,0.0,-0.3135521731979492,0.0,0.0,0.0,0.0,0.5031357202893697,0.0,0.0,0.0,0.0,0.0,0.0,0.0,0.0,0.0,0.0,0.297006250664782,0.28341970210073825,0.0,0.0,0.0,-0.6171229910710899,0.0,0.0,0.0,0.0,0.0,0.0,0.0,0.0,0.0,0.0,0.0,0.0,0.0,0.0,0.0,0.0,0.0,0.0,0.0,0.0,0.0,0.0,0.0,0.0,0.0,0.0,0.0,0.0,0.0,0.0,0.0,0.0,0.0,0.0,0.0,0.0,0.0,0.0,1.985279983745072,7.281085685733107
367,1301783183,True,,50.0,kmeans_glm,7433.044064121495,-3575.7861218909975,7368.6907303476955,"[0, 5, 16, 13, 26, 11, 12, 3, 38, 9, 28, 18, 14, 22, 17, 1, 10, 6, 21, 24, 46, 19, 52, 41, 45, 49, 15, 47, 48, 2, 25, 42, 51, 30, 50, 27, 54, 33, 53, 34, 31, 36, 4, 29, 23, 32, 44, 43, 20, 35, 8]","[""Intercept"", ""xage"", ""child"", ""ghindx"", ""xghindx"", ""disea"", ""physlm"", ""black"", ""plan_11"", ""num"", ""lnum"", ""lfam"", ""mdeoff"", ""fmde"", ""fchild"", ""coins"", ""mhi"", ""female"", ""logc"", ""hlthf"", ""site_2"", ""lpi"", ""year_3"", ""plan_15"", ""plan_19"", ""site_5"", ""pioff"", ""site_3"", ""site_4"", ""tookphys"", ""hlthp"", ""plan_16"", ""year_2"", ""plan_3"", ""site_6"", ""linc"", ""year_5"", ""plan_6"", ""year_4"", ""plan_7"", ""plan_4"", ""plan_9"", ""income"", ""plan_2"", ""hlthg"", ""plan_5"", ""plan_18"", ""plan_17"", ""idp"", ""plan_8"", ""time""]","[[5, 16, 11, 3, 38, 22, 1, 10, 6, 24, 41, 47, 48, 2, 42, 30, 50, 27, 34, 29, 43], []]","[21, 0]",1169.7372255325317,0.8597638991156707,0.14023610088432925,-2.072350983457114,-0.03348138702960536,0.08459594876367145,-0.07970998180471384,0.0,0.18189836671772394,0.18160418509127757,0.0,0.0,0.0,-0.04561006313371016,0.042939372177391674,0.0,0.0,0.0,0.0,-0.1703546847292801,0.0,0.0,0.0,0.0,0.0,-0.1277604524535659,0.0,0.11530404739792754,0.0,0.0,0.16392787760605562,0.0,0.10318102418611518,-0.14242554197393995,0.0,0.0,0.0,0.1360303241865142,0.0,0.0,0.0,0.17361025268296185,0.0,0.0,-0.16168654969985916,-0.09658270854210459,0.10343775370867465,0.0,0.0,0.0,0.10979560219857139,-0.18128044678835015,0.0,-0.23259396513210356,0.0,0.0,0.0,0.0,0.7135923140061263,0.0,0.0,0.0,0.0,0.0,0.0,0.0,0.0,0.0,0.0,0.0,0.0,0.0,0.0,0.0,0.0,0.0,0.0,0.0,0.0,0.0,0.0,0.0,0.0,0.0,0.0,0.0,0.0,0.0,0.0,0.0,0.0,0.0,0.0,0.0,0.0,0.0,0.0,0.0,0.0,0.0,0.0,0.0,0.0,0.0,0.0,0.0,0.0,0.0,0.0,0.0,0.0,0.0,0.0,2.3338286922731646,10.317368036186652
368,1764650125,True,,50.0,kmeans_glm,8082.262375340912,-3880.9444528999043,7970.322652902882,"[0, 5, 16, 11, 12, 28, 18, 1, 17, 9, 26, 14, 38, 3, 22, 13, 10, 21, 24, 49, 48, 6, 47, 42, 46, 52, 15, 41, 45, 25, 40, 54, 19, 31, 53, 33, 43, 36, 4, 32, 34, 51, 27, 39, 37, 7, 8, 2, 30, 50, 44]","[""Intercept"", ""xage"", ""child"", ""disea"", ""physlm"", ""lnum"", ""lfam"", ""coins"", ""fchild"", ""num"", ""xghindx"", ""mdeoff"", ""plan_11"", ""black"", ""fmde"", ""ghindx"", ""mhi"", ""logc"", ""hlthf"", ""site_5"", ""site_4"", ""female"", ""site_3"", ""plan_16"", ""site_2"", ""year_3"", ""pioff"", ""plan_15"", ""plan_19"", ""hlthp"", ""plan_14"", ""year_5"", ""lpi"", ""plan_4"", ""year_4"", ""plan_6"", ""plan_17"", ""plan_9"", ""income"", ""plan_5"", ""plan_7"", ""year_2"", ""linc"", ""plan_13"", ""plan_10"", ""educdec"", ""time"", ""tookphys"", ""plan_3"", ""site_6"", ""plan_18""]","[[5, 16, 11, 1, 22, 10, 21, 49, 48, 6, 47, 25, 31, 43, 34, 50], [16, 11, 12, 50]]","[16, 4]",1032.1851868629456,0.8353128116709312,0.16468718832906887,-2.070617864817384,-0.07230757078877673,0.0,0.0,0.0,0.22808340018484574,0.15988027061301702,0.0,0.0,0.0,-0.07480938625293547,0.056951626696381895,0.0,0.0,0.0,0.0,-0.18648394180508504,0.0,0.0,0.0,0.0,-0.14490241282273345,-0.21836292494775067,0.0,0.0,0.07807267786849521,0.0,0.0,0.0,0.0,0.0,-0.1462957194585516,0.0,0.0,0.11229440262335122,0.0,0.0,0.0,0.0,0.0,0.0,0.0,0.0,0.1790942216348149,0.0,0.0,0.0,0.11263191587078869,-0.24266523327157297,-0.16598593898774897,-0.3121006556258892,0.0,0.0,0.0,0.0,0.458821108202626,0.0,0.0,0.0,0.0,0.0,0.0,0.0,0.0,0.0,0.0,0.21199385287999467,0.12009771931941617,0.0,0.0,0.0,-0.75869181440444,0.0,0.0,0.0,0.0,0.0,0.0,0.0,0.0,0.0,0.0,0.0,0.0,0.0,0.0,0.0,0.0,0.0,0.0,0.0,0.0,0.0,0.0,0.0,0.0,0.0,0.0,0.0,0.0,0.0,0.0,0.0,0.0,0.0,0.4580004335583965,0.0,0.0,0.0,0.0,2.0317340325041355,7.627300885913987
369,1167971675,True,,50.0,quantile_glm,7721.1312486644665,-3732.82392966914,7648.027388053469,"[0, 5, 16, 12, 11, 22, 14, 26, 28, 18, 38, 21, 9, 17, 13, 1, 15, 3, 19, 42, 52, 49, 23, 6, 41, 32, 47, 10, 48, 29, 45, 4, 54, 24, 33, 2, 27, 20, 51, 36, 37, 39, 25, 35, 8, 53, 31, 50, 34, 30, 7]","[""Intercept"", ""xage"", ""child"", ""physlm"", ""disea"", ""fmde"", ""mdeoff"", ""xghindx"", ""lnum"", ""lfam"", ""plan_11"", ""logc"", ""num"", ""fchild"", ""ghindx"", ""coins"", ""pioff"", ""black"", ""lpi"", ""plan_16"", ""year_3"", ""site_5"", ""hlthg"", ""female"", ""plan_15"", ""plan_5"", ""site_3"", ""mhi"", ""site_4"", ""plan_2"", ""plan_19"", ""income"", ""year_5"", ""hlthf"", ""plan_6"", ""tookphys"", ""linc"", ""idp"", ""year_2"", ""plan_9"", ""plan_10"", ""plan_13"", ""hlthp"", ""plan_8"", ""time"", ""year_4"", ""plan_4"", ""site_6"", ""plan_7"", ""plan_3"", ""educdec""]","[[5, 16, 11, 22, 21, 3, 42, 52, 6, 47, 48, 29, 24, 31, 50, 34], [50]]","[16, 1]",1043.7020823955536,0.8396501276902627,0.16034987230973738,-2.3928323224753054,0.0,0.0,-0.10986479901506792,0.0,0.16691723301955264,0.09085013459661534,0.0,0.0,0.0,0.0,0.07843170775021346,0.0,0.0,0.0,0.0,-0.23034216780914793,0.0,0.0,0.0,0.0,-0.11910798286738367,-0.2200760806286973,0.0,0.05769503121654011,0.0,0.0,0.0,0.0,0.07217266036838361,0.0,-0.09866804285446347,0.0,0.0,0.13191141773455636,0.0,0.0,0.0,0.0,0.0,0.0,0.0,-0.20661536024817553,0.0,0.0,0.0,0.0,0.1497655285525363,-0.25624066468025153,0.0,-0.31307213919615706,0.0,-1.852758032595181,0.0,0.0,0.7012488715682196,0.0,0.0,0.0,0.0,0.0,0.0,0.0,0.0,0.0,0.0,0.0,0.0,0.0,0.0,0.0,0.0,0.0,0.0,0.0,0.0,0.0,0.0,0.0,0.0,0.0,0.0,0.0,0.0,0.0,0.0,0.0,0.0,0.0,0.0,0.0,0.0,0.0,0.0,0.0,0.0,0.0,0.0,0.0,0.0,0.0,0.0,0.0,0.0,0.0,0.49317023658491127,0.0,0.0,0.0,0.0,2.2011486357596874,9.035385908590854
370,595105557,True,,50.0,quantile_glm,8271.036507634086,-3981.3658547211053,8153.795977620028,"[0, 5, 16, 12, 3, 11, 26, 28, 18, 9, 17, 1, 14, 13, 38, 22, 25, 21, 42, 47, 49, 15, 10, 19, 24, 52, 23, 6, 48, 45, 33, 7, 54, 4, 40, 51, 27, 30, 31, 2, 32, 41, 29, 36, 39, 50, 46, 53, 20, 8, 37]","[""Intercept"", ""xage"", ""child"", ""physlm"", ""black"", ""disea"", ""xghindx"", ""lnum"", ""lfam"", ""num"", ""fchild"", ""coins"", ""mdeoff"", ""ghindx"", ""plan_11"", ""fmde"", ""hlthp"", ""logc"", ""plan_16"", ""site_3"", ""site_5"", ""pioff"", ""mhi"", ""lpi"", ""hlthf"", ""year_3"", ""hlthg"", ""female"", ""site_4"", ""plan_19"", ""plan_6"", ""educdec"", ""year_5"", ""income"", ""plan_14"", ""year_2"", ""linc"", ""plan_3"", ""plan_4"", ""tookphys"", ""plan_5"", ""plan_15"", ""plan_2"", ""plan_9"", ""plan_13"", ""site_6"", ""site_2"", ""year_4"", ""idp"", ""time"", ""plan_10""]","[[5, 16, 3, 11, 25, 21, 47, 6, 48, 31, 29, 50], [5, 16, 12, 11, 25, 50]]","[12, 6]",1617.0104043483734,0.8239811054865912,0.1760188945134088,-2.0596842146459617,0.0,0.0,-0.1732949051263157,0.0,0.2829673780443208,0.12688814016565464,0.0,0.0,0.0,0.0,0.07776732288240888,0.0,0.0,0.0,0.0,-0.12748017720089294,0.0,0.0,0.0,0.0,-0.32548191334778104,0.0,0.0,0.0,0.07502377802308442,0.0,0.0,0.0,0.06832900916577145,0.0,-0.087793171600531,0.0,0.0,0.0,0.0,0.0,0.0,0.0,0.0,0.0,0.0,0.0,0.0,0.0,0.0,0.0,0.17005616963055395,-0.1251508324068544,0.0,-0.31115956990995575,0.0,0.0,0.0,0.0,0.4483489634668889,0.0,0.0,0.0,0.0,-0.1502683256238998,0.0,0.0,0.0,0.0,0.0,0.25154855191226677,0.3444797580432476,0.0,0.0,0.0,-0.8265677359729193,0.0,0.0,0.0,0.0,0.0,0.0,0.0,0.0,0.1759742705125891,0.0,0.0,0.0,0.0,0.0,0.0,0.0,0.0,0.0,0.0,0.0,0.0,0.0,0.0,0.0,0.0,0.0,0.0,0.0,0.0,0.0,0.0,0.0,0.0,0.6078129971197821,0.0,0.0,0.0,0.0,1.9559055410377186,7.070318589361651
371,185311827,True,,50.0,kmeans_glm,7917.1722554690905,-3819.784499016989,7848.002745137051,"[0, 5, 16, 11, 38, 3, 14, 12, 22, 1, 10, 28, 18, 17, 9, 21, 26, 13, 49, 24, 2, 15, 47, 46, 19, 48, 6, 52, 42, 4, 32, 30, 23, 51, 45, 27, 33, 41, 54, 40, 7, 36, 31, 53, 37, 34, 44, 8, 43, 29, 50]","[""Intercept"", ""xage"", ""child"", ""disea"", ""plan_11"", ""black"", ""mdeoff"", ""physlm"", ""fmde"", ""coins"", ""mhi"", ""lnum"", ""lfam"", ""fchild"", ""num"", ""logc"", ""xghindx"", ""ghindx"", ""site_5"", ""hlthf"", ""tookphys"", ""pioff"", ""site_3"", ""site_2"", ""lpi"", ""site_4"", ""female"", ""year_3"", ""plan_16"", ""income"", ""plan_5"", ""plan_3"", ""hlthg"", ""year_2"", ""plan_19"", ""linc"", ""plan_6"", ""plan_15"", ""year_5"", ""plan_14"", ""educdec"", ""plan_9"", ""plan_4"", ""year_4"", ""plan_10"", ""plan_7"", ""plan_18"", ""time"", ""plan_17"", ""plan_2"", ""site_6""]","[[5, 16, 11, 3, 22, 1, 10, 21, 49, 24, 47, 48, 6, 4, 30, 31, 34, 43, 29, 50], []]","[20, 0]",1275.0742309093475,0.8431788086072599,0.15682119139274014,-2.212793644324992,-0.1268176087775097,0.0,-0.025398680168067334,0.13124737985949642,0.24200830730368236,0.1446333984265283,0.0,0.0,0.0,-0.0914278876574569,0.03964464029195937,0.0,0.0,0.0,0.0,-0.20649803429746733,0.0,0.0,0.0,0.0,-0.027254655150177845,-0.2895740274190165,0.0,0.15455486760039291,0.0,0.0,0.0,0.0,0.03636741201801171,-1.554282846554636,-0.1236698257353144,0.0,0.0,0.09100413209496089,0.0,0.0,0.0,0.0,0.0,0.0,0.0,0.0,0.1358234834985678,0.0,0.0,0.0,0.14232094513016688,-0.13989893229342262,-0.1699723555292279,-0.30773749468062733,0.0,0.0,0.0,0.0,0.9020964290509194,0.0,0.0,0.0,0.0,0.0,0.0,0.0,0.0,0.0,0.0,0.0,0.0,0.0,0.0,0.0,0.0,0.0,0.0,0.0,0.0,0.0,0.0,0.0,0.0,0.0,0.0,0.0,0.0,0.0,0.0,0.0,0.0,0.0,0.0,0.0,0.0,0.0,0.0,0.0,0.0,0.0,0.0,0.0,0.0,0.0,0.0,0.0,0.0,0.0,0.0,0.0,0.0,0.0,0.0,2.416322586596624,11.204579588933631
372,824946932,True,,100.0,quantile_glm,8032.715406698473,-3941.7599836078944,7970.367361842069,"[0, 5, 16, 12, 3, 11, 28, 18, 9, 17, 38, 10, 1, 49, 26, 22, 21, 14, 13, 2, 47, 42, 52, 48, 25, 15, 19, 24, 51, 32, 40, 4, 6, 45, 41, 46, 54, 33, 53, 23, 7, 30, 27, 34, 43, 8, 29, 36, 37, 39, 35]","[""Intercept"", ""xage"", ""child"", ""physlm"", ""black"", ""disea"", ""lnum"", ""lfam"", ""num"", ""fchild"", ""plan_11"", ""mhi"", ""coins"", ""site_5"", ""xghindx"", ""fmde"", ""logc"", ""mdeoff"", ""ghindx"", ""tookphys"", ""site_3"", ""plan_16"", ""year_3"", ""site_4"", ""hlthp"", ""pioff"", ""lpi"", ""hlthf"", ""year_2"", ""plan_5"", ""plan_14"", ""income"", ""female"", ""plan_19"", ""plan_15"", ""site_2"", ""year_5"", ""plan_6"", ""year_4"", ""hlthg"", ""educdec"", ""plan_3"", ""linc"", ""plan_7"", ""plan_17"", ""time"", ""plan_2"", ""plan_9"", ""plan_10"", ""plan_13"", ""plan_8""]","[[5, 16, 3, 11, 21, 47], []]","[6, 0]",1580.049444437027,0.8326647495507442,0.16733525044925582,-2.014156556494953,0.0,0.0,-0.1738562854089037,0.0,0.2476682268093521,0.0,0.0,0.0,0.0,0.0,0.1207288557534221,0.0,0.0,0.0,0.0,-0.17631047045856346,0.0,0.0,0.0,0.0,-0.2968747682898129,0.0,0.0,0.0,0.0,0.0,0.0,0.0,0.0,0.0,0.0,0.0,0.0,0.0,0.0,0.0,0.0,0.0,0.0,0.0,0.0,0.0,0.0,0.0,0.0,0.0,0.18299790120565693,0.0,0.0,0.0,0.0,0.0,0.0,0.0,0.9851532122913522,0.0,0.0,0.0,0.0,0.0,0.0,0.0,0.0,0.0,0.0,0.0,0.0,0.0,0.0,0.0,0.0,0.0,0.0,0.0,0.0,0.0,0.0,0.0,0.0,0.0,0.0,0.0,0.0,0.0,0.0,0.0,0.0,0.0,0.0,0.0,0.0,0.0,0.0,0.0,0.0,0.0,0.0,0.0,0.0,0.0,0.0,0.0,0.0,0.0,0.0,0.0,0.0,0.0,0.0,2.235149357188695,9.347877920704104
373,157149487,True,,50.0,quantile_glm,7664.447862192179,-3701.7170004890977,7568.444050768128,"[0, 16, 5, 12, 17, 11, 28, 18, 3, 9, 1, 38, 22, 26, 13, 14, 10, 21, 49, 42, 24, 41, 4, 52, 48, 47, 32, 53, 45, 54, 7, 6, 27, 2, 30, 51, 37, 23, 15, 43, 46, 50, 39, 35, 33, 36, 19, 8, 40, 29, 44]","[""Intercept"", ""child"", ""xage"", ""physlm"", ""fchild"", ""disea"", ""lnum"", ""lfam"", ""black"", ""num"", ""coins"", ""plan_11"", ""fmde"", ""xghindx"", ""ghindx"", ""mdeoff"", ""mhi"", ""logc"", ""site_5"", ""plan_16"", ""hlthf"", ""plan_15"", ""income"", ""year_3"", ""site_4"", ""site_3"", ""plan_5"", ""year_4"", ""plan_19"", ""year_5"", ""educdec"", ""female"", ""linc"", ""tookphys"", ""plan_3"", ""year_2"", ""plan_10"", ""hlthg"", ""pioff"", ""plan_17"", ""site_2"", ""site_6"", ""plan_13"", ""plan_8"", ""plan_6"", ""plan_9"", ""lpi"", ""time"", ""plan_14"", ""plan_2"", ""plan_18""]","[[16, 5, 11, 1, 21, 42, 48, 47, 43, 50, 35, 29], [16, 12, 50]]","[12, 3]",1297.1592497825623,0.8407428848150367,0.1592571151849633,-2.077700282221475,-0.15532724469352208,0.0,0.0,0.0,0.15136333167645244,0.0,0.0,0.0,0.0,0.0,0.11239721515121523,0.0,0.0,0.0,0.0,-0.25277695975013725,0.0,0.0,0.0,0.0,-0.17956578163553183,0.0,0.0,0.0,0.0,0.0,0.0,0.0,0.10175893488906348,0.0,0.0,0.0,0.0,0.0,0.07581979523711287,0.0,0.0,0.0,0.0,0.0,0.0,-0.15472477219707012,0.09385472668537136,0.0,0.0,0.0,0.12073869007440036,-0.16141542077967824,0.0,-0.28623369555531314,0.0,0.0,0.0,0.0,0.27579402658677765,0.0,0.0,0.0,0.0,0.0,0.0,0.0,0.0,0.0,0.0,0.0,0.3476863171491145,0.0,0.0,0.0,-0.6610930669944145,0.0,0.0,0.0,0.0,0.0,0.0,0.0,0.0,0.0,0.0,0.0,0.0,0.0,0.0,0.0,0.0,0.0,0.0,0.0,0.0,0.0,0.0,0.0,0.0,0.0,0.0,0.0,0.0,0.0,0.0,0.0,0.0,0.0,0.6030170951888172,0.0,0.0,0.0,0.0,1.9361385853919764,6.9319321605816455
374,1760357676,True,,25.0,quantile_glm,8057.983105745678,-3855.982321544928,8015.930524281837,"[0, 5, 16, 11, 28, 18, 12, 9, 38, 3, 21, 22, 1, 14, 26, 17, 13, 49, 42, 25, 48, 10, 19, 52, 6, 15, 41, 24, 47, 46, 45, 33, 2, 31, 23, 54, 36, 51, 35, 32, 20, 7, 40, 30, 37, 34, 39, 43, 27, 29, 8]","[""Intercept"", ""xage"", ""child"", ""disea"", ""lnum"", ""lfam"", ""physlm"", ""num"", ""plan_11"", ""black"", ""logc"", ""fmde"", ""coins"", ""mdeoff"", ""xghindx"", ""fchild"", ""ghindx"", ""site_5"", ""plan_16"", ""hlthp"", ""site_4"", ""mhi"", ""lpi"", ""year_3"", ""female"", ""pioff"", ""plan_15"", ""hlthf"", ""site_3"", ""site_2"", ""plan_19"", ""plan_6"", ""tookphys"", ""plan_4"", ""hlthg"", ""year_5"", ""plan_9"", ""year_2"", ""plan_8"", ""plan_5"", ""idp"", ""educdec"", ""plan_14"", ""plan_3"", ""plan_10"", ""plan_7"", ""plan_13"", ""plan_17"", ""linc"", ""plan_2"", ""time""]","[[5, 16, 11, 28, 18, 3, 21, 1, 42, 25, 48, 52, 6, 41, 47, 2, 31, 54, 35, 34, 43, 29], [5, 16, 11, 12, 9, 38, 3, 49, 25]]","[22, 9]",1901.3595933914185,0.8306279156853998,0.16937208431460007,-2.3576294871433743,-0.1018396018350134,-0.06045336566711611,-0.19990194092598046,0.0,0.23066166531192223,0.11236026434997902,0.0,0.0,0.0,0.0,0.04877987443508964,0.0,0.0,0.0,0.0,-0.10822120334235032,0.0,-0.03339770730130592,0.0,0.0,-0.3120244366964592,0.0,0.0,0.0,0.07664501521606544,0.0,0.0,-0.033423620264491576,0.0788901873196494,0.0,-0.13851127090674423,0.0,0.0,0.10242009259504958,0.05026108899446188,0.0,0.0,0.0,0.0,0.0,-0.14968910686428635,-0.14037739092985735,0.09695537363106793,0.0,0.0,0.0,0.1915722976705052,-0.18638082373029102,0.0,0.0,0.0,-1.7049005026993005,0.0,-1.0601789792088887,0.37757297408882884,0.0,0.0,-0.20472140425799815,0.0,-0.11082258233887617,0.0,0.0,0.0,-0.30516543396304036,0.0,0.27140032853323215,0.22895743913245772,0.0,0.0,0.0,-0.4618692418592548,0.0,0.0,0.0,0.0,0.0,0.0,0.0,0.0,0.00391019127299231,0.0,0.0,0.0,0.0,0.0,0.0,0.0,0.0,0.0,0.0,0.0,0.0,0.36385522517597463,0.0,0.0,0.0,0.0,0.0,0.0,0.0,0.0,0.0,0.0,-0.48447250244630863,0.0,0.0,0.0,0.0,0.0,2.0550708006678224,7.807390621538128
375,387021776,True,,50.0,kmeans_glm,7901.947311637164,-3811.383596229498,7822.5162000994405,"[0, 5, 16, 12, 28, 18, 9, 11, 38, 17, 26, 22, 21, 25, 3, 14, 13, 47, 10, 1, 24, 48, 49, 19, 6, 46, 15, 52, 41, 50, 42, 51, 37, 45, 4, 54, 7, 29, 27, 20, 36, 34, 23, 39, 2, 30, 32, 33, 44, 8, 40]","[""Intercept"", ""xage"", ""child"", ""physlm"", ""lnum"", ""lfam"", ""num"", ""disea"", ""plan_11"", ""fchild"", ""xghindx"", ""fmde"", ""logc"", ""hlthp"", ""black"", ""mdeoff"", ""ghindx"", ""site_3"", ""mhi"", ""coins"", ""hlthf"", ""site_4"", ""site_5"", ""lpi"", ""female"", ""site_2"", ""pioff"", ""year_3"", ""plan_15"", ""site_6"", ""plan_16"", ""year_2"", ""plan_10"", ""plan_19"", ""income"", ""year_5"", ""educdec"", ""plan_2"", ""linc"", ""idp"", ""plan_9"", ""plan_7"", ""hlthg"", ""plan_13"", ""tookphys"", ""plan_3"", ""plan_5"", ""plan_6"", ""plan_18"", ""time"", ""plan_14""]","[[5, 11, 38, 21, 25, 3, 14, 47, 10, 48, 6, 41, 50, 29, 34], [5, 16, 12, 25]]","[15, 4]",2607.231186389923,0.8194686969493921,0.18053130305060797,-2.17058499344121,0.0,0.0,-0.1234056076482263,0.0,0.39009427023267923,0.10291356339054097,0.0,0.0,0.0,-0.1007152017026741,-0.0016138868087786874,0.0,0.0,-0.11248568469006866,0.0,0.0,0.0,0.0,0.0,0.0,-0.08037408703438936,0.0,0.0,0.0,0.08382791843662232,0.0,0.0,0.0,0.1474896866496762,0.0,0.0,0.0,0.0,0.16064600442161586,0.0,0.0,0.0,0.19379745962391945,0.0,0.0,-0.192627185961761,0.0,0.0,0.0,0.0,0.0,0.17615873071884763,-0.2714208133683408,0.0,-0.27065800177581023,0.0,0.0,0.0,0.0,0.3591529768944055,0.0,0.0,0.0,0.0,0.08446445058405921,0.0,0.0,0.0,0.0,0.0,0.0,0.3825894227948084,0.0,0.0,0.0,-0.6358244756213703,0.0,0.0,0.0,0.0,0.0,0.0,0.0,0.0,0.11321826352090851,0.0,0.0,0.0,0.0,0.0,0.0,0.0,0.0,0.0,0.0,0.0,0.0,0.0,0.0,0.0,0.0,0.0,0.0,0.0,0.0,0.0,0.0,0.0,0.0,0.0,0.0,0.0,0.0,0.0,1.9308301959271188,6.895232259793158
376,1507458007,True,,25.0,quantile_glm,8088.157780358721,-3857.162875084838,8026.976370824285,"[0, 5, 16, 3, 11, 12, 26, 17, 9, 28, 18, 13, 38, 22, 14, 21, 47, 1, 49, 25, 48, 15, 24, 10, 19, 41, 52, 42, 32, 45, 43, 33, 6, 4, 46, 29, 54, 2, 27, 30, 31, 37, 8, 20, 40, 44, 36, 34, 23, 39, 51]","[""Intercept"", ""xage"", ""child"", ""black"", ""disea"", ""physlm"", ""xghindx"", ""fchild"", ""num"", ""lnum"", ""lfam"", ""ghindx"", ""plan_11"", ""fmde"", ""mdeoff"", ""logc"", ""site_3"", ""coins"", ""site_5"", ""hlthp"", ""site_4"", ""pioff"", ""hlthf"", ""mhi"", ""lpi"", ""plan_15"", ""year_3"", ""plan_16"", ""plan_5"", ""plan_19"", ""plan_17"", ""plan_6"", ""female"", ""income"", ""site_2"", ""plan_2"", ""year_5"", ""tookphys"", ""linc"", ""plan_3"", ""plan_4"", ""plan_10"", ""time"", ""idp"", ""plan_14"", ""plan_18"", ""plan_9"", ""plan_7"", ""hlthg"", ""plan_13"", ""year_2""]","[[5, 16, 3, 11, 12, 21, 47, 1, 25, 48, 24, 52, 32, 43, 6, 29, 54, 31, 44, 34], [5, 16, 3, 11, 9, 38, 14, 49, 25, 48, 19, 40]]","[20, 12]",1085.1527607440948,0.8592360598333607,0.14076394016663923,-2.3333926718872036,-0.08915133136261616,0.0,-0.21168244166968345,0.0,0.2979951298029046,0.09376773690805941,0.0,0.0,0.0,0.0,0.05404820569412017,0.054072632325070646,0.0,0.0,0.0,-0.07898348372398016,0.0,0.0,0.0,0.0,-0.2953672579403462,0.0,0.0,0.0462072625168574,0.0784394714466908,0.0,0.0,0.0,0.13947723880754268,0.0,-0.10107188434658176,-0.07700568606040523,0.0,0.12885474440754746,0.0,0.0,0.0,0.0,0.0,0.0,0.0,0.0,0.1108369666218523,0.08792672593128996,0.0,0.0,0.22151028842522796,-0.21420125837246437,0.0,0.0,0.0,-0.8608627404594489,0.0,-1.0555742408513136,0.33865952075345507,0.0,0.0,-0.46479477770511385,0.0,0.12429555860361749,0.0,0.0,0.0,-0.39639546647417,0.0,0.10785582744825578,0.0,0.0,-0.08432391489242208,0.0,-0.48273086690550854,0.0,0.0,-0.2293231289662278,0.0,0.0,0.0,0.0,0.0,0.006029512020489427,0.0,0.0,0.0,0.0,0.0,0.0,0.0,0.0,0.0,0.0,0.0,0.0,0.33655883964907457,0.0,0.28134691806204243,0.0,0.0,0.0,0.0,0.0,0.0,0.0,-0.44098407007265766,-0.7827638049438581,0.0,0.0,0.0,0.0,0.0,1.4212769085269965,4.142406538832691
377,1114945025,True,,50.0,quantile_glm,7962.218390445962,-3850.677934015649,7892.420136209115,"[0, 5, 16, 11, 12, 3, 28, 18, 9, 26, 22, 38, 13, 14, 6, 17, 21, 1, 10, 49, 48, 52, 25, 47, 41, 15, 33, 2, 24, 45, 19, 23, 53, 29, 54, 4, 40, 32, 27, 46, 36, 35, 44, 8, 7, 30, 42, 37, 51, 43, 31]","[""Intercept"", ""xage"", ""child"", ""disea"", ""physlm"", ""black"", ""lnum"", ""lfam"", ""num"", ""xghindx"", ""fmde"", ""plan_11"", ""ghindx"", ""mdeoff"", ""female"", ""fchild"", ""logc"", ""coins"", ""mhi"", ""site_5"", ""site_4"", ""year_3"", ""hlthp"", ""site_3"", ""plan_15"", ""pioff"", ""plan_6"", ""tookphys"", ""hlthf"", ""plan_19"", ""lpi"", ""hlthg"", ""year_4"", ""plan_2"", ""year_5"", ""income"", ""plan_14"", ""plan_5"", ""linc"", ""site_2"", ""plan_9"", ""plan_8"", ""plan_18"", ""time"", ""educdec"", ""plan_3"", ""plan_16"", ""plan_10"", ""year_2"", ""plan_17"", ""plan_4""]","[[5, 16, 11, 3, 22, 6, 21, 1, 48, 47, 41, 29, 35, 43], [5, 11, 12, 25]]","[14, 4]",2143.203561782837,0.8236633013808243,0.1763366986191757,-2.0582169248716027,-0.11327180727709331,0.0,-0.26001579211372744,0.0,0.2976029947250878,0.14474655757749028,0.0,0.0,0.0,0.0,0.039117824506818506,0.0,0.0,0.0,0.0,-0.10282336725639414,0.0,0.0,0.0,0.0,0.04744875049750489,-0.29264898052389965,0.0,0.0,0.0,0.0,0.0,0.0,0.1283636117561835,0.0,0.0,0.0,0.0,0.0,0.0772975793747188,0.0,0.0,0.0,0.0,0.0,-0.14618949599149939,0.0,0.10645103272634021,0.0,0.0,0.0,0.1332677392433788,-0.13056666072646125,0.0,0.0,0.0,0.0,0.0,0.0,0.5057782999376298,0.0,0.0,0.0,0.0,0.38979218800108645,0.0,0.0,0.0,0.0,0.0,0.22926633552322462,0.259145831330243,0.0,0.0,0.0,0.0,0.0,0.0,0.0,0.0,0.0,0.0,0.0,0.0,0.07294695122689412,0.0,0.0,0.0,0.0,0.0,0.0,0.0,0.0,0.0,0.0,0.0,0.0,0.0,0.0,0.0,0.0,0.0,0.0,0.0,0.0,0.0,0.0,0.0,0.0,0.0,0.0,0.0,0.0,0.0,2.0670954014205765,7.901838085185614
378,1892935170,True,,100.0,quantile_glm,7938.222313885626,-3864.3075575776484,7832.831988706833,"[0, 5, 16, 12, 28, 18, 11, 9, 26, 3, 13, 22, 17, 38, 21, 14, 1, 49, 48, 10, 6, 24, 47, 42, 52, 46, 51, 33, 41, 23, 15, 32, 27, 43, 19, 4, 25, 36, 30, 54, 45, 34, 29, 2, 35, 8, 50, 37, 53, 40, 44]","[""Intercept"", ""xage"", ""child"", ""physlm"", ""lnum"", ""lfam"", ""disea"", ""num"", ""xghindx"", ""black"", ""ghindx"", ""fmde"", ""fchild"", ""plan_11"", ""logc"", ""mdeoff"", ""coins"", ""site_5"", ""site_4"", ""mhi"", ""female"", ""hlthf"", ""site_3"", ""plan_16"", ""year_3"", ""site_2"", ""year_2"", ""plan_6"", ""plan_15"", ""hlthg"", ""pioff"", ""plan_5"", ""linc"", ""plan_17"", ""lpi"", ""income"", ""hlthp"", ""plan_9"", ""plan_3"", ""year_5"", ""plan_19"", ""plan_7"", ""plan_2"", ""tookphys"", ""plan_8"", ""time"", ""site_6"", ""plan_10"", ""year_4"", ""plan_14"", ""plan_18""]","[[5, 21, 48, 6, 47, 34, 29, 50], []]","[8, 0]",1576.3156957626343,0.8462494871663606,0.1537505128336394,-1.981818633291929,0.0,0.0,0.0,0.0,0.3900835076023037,0.17884566838370167,0.0,0.0,0.0,0.0,0.0,0.0,0.0,0.0,0.0,0.0,0.0,0.0,0.0,0.0,-0.3411277015626746,0.0,0.0,0.0,0.0,0.0,0.0,0.0,0.07718308648439962,0.0,0.0,0.0,0.0,0.13266938247444435,0.0,0.0,0.0,0.0,0.0,0.0,0.0,0.0,0.0,0.0,0.0,0.0,0.1772382493353987,-0.1703824901128399,0.0,-0.2743311088419905,0.0,0.0,0.0,0.0,0.9109386197755173,0.0,0.0,0.0,0.0,0.0,0.0,0.0,0.0,0.0,0.0,0.0,0.0,0.0,0.0,0.0,0.0,0.0,0.0,0.0,0.0,0.0,0.0,0.0,0.0,0.0,0.0,0.0,0.0,0.0,0.0,0.0,0.0,0.0,0.0,0.0,0.0,0.0,0.0,0.0,0.0,0.0,0.0,0.0,0.0,0.0,0.0,0.0,0.0,0.0,0.0,0.0,0.0,0.0,0.0,2.400213415720819,11.025529150824733
379,1316103172,True,,50.0,kmeans_glm,8370.56181388232,-4076.306054372148,8317.622158534228,"[0, 5, 16, 11, 38, 9, 28, 18, 14, 22, 12, 3, 26, 21, 1, 13, 17, 15, 6, 47, 19, 10, 24, 25, 49, 48, 41, 52, 42, 45, 46, 33, 37, 2, 54, 31, 51, 4, 7, 36, 29, 32, 23, 53, 27, 34, 30, 44, 35, 8, 20]","[""Intercept"", ""xage"", ""child"", ""disea"", ""plan_11"", ""num"", ""lnum"", ""lfam"", ""mdeoff"", ""fmde"", ""physlm"", ""black"", ""xghindx"", ""logc"", ""coins"", ""ghindx"", ""fchild"", ""pioff"", ""female"", ""site_3"", ""lpi"", ""mhi"", ""hlthf"", ""hlthp"", ""site_5"", ""site_4"", ""plan_15"", ""year_3"", ""plan_16"", ""plan_19"", ""site_2"", ""plan_6"", ""plan_10"", ""tookphys"", ""year_5"", ""plan_4"", ""year_2"", ""income"", ""educdec"", ""plan_9"", ""plan_2"", ""plan_5"", ""hlthg"", ""year_4"", ""linc"", ""plan_7"", ""plan_3"", ""plan_18"", ""plan_8"", ""time"", ""idp""]","[[5, 11, 38, 12, 3, 21, 1, 6, 47, 25, 48, 31, 29, 34], [11]]","[14, 1]",1805.2838730812073,0.8264150730599058,0.17358492694009414,-2.025404645604322,-0.08542174998567219,0.0,-0.3147366084699846,0.0,0.3435446069613224,0.2123558106305027,0.0,0.0,0.0,0.0,0.036358007604919654,0.04907591145526872,0.0,0.0,0.0,0.0,0.0,0.0,0.0,0.0,-0.19384087433469377,0.0,0.0,0.0,0.08381946249501242,0.0,0.0,0.0,0.13492208425059596,0.0,-0.07219702251998315,0.0,0.0,0.13209886174353724,0.0,0.0,0.0,0.10658048131810631,0.0,0.0,0.0,0.0,0.0,0.0,0.0,0.0,0.17193486039762218,-0.22072119747688948,0.0,0.0,0.0,0.0,0.0,0.0,0.9554311302174557,0.0,0.0,0.0,0.0,0.0,0.0,0.0,0.0,0.0,0.0,0.447562882232931,0.0,0.0,0.0,0.0,0.0,0.0,0.0,0.0,0.0,0.0,0.0,0.0,0.0,0.0,0.0,0.0,0.0,0.0,0.0,0.0,0.0,0.0,0.0,0.0,0.0,0.0,0.0,0.0,0.0,0.0,0.0,0.0,0.0,0.0,0.0,0.0,0.0,0.0,0.0,0.0,0.0,0.0,0.0,2.2600395157434576,9.58346785713949
380,327525471,True,,25.0,quantile_glm,7851.607104290498,-3691.114951407627,7764.358439170887,"[0, 5, 16, 11, 12, 26, 28, 18, 9, 13, 22, 38, 17, 14, 21, 1, 10, 3, 24, 42, 25, 19, 15, 49, 6, 41, 52, 51, 45, 23, 48, 4, 32, 54, 44, 2, 46, 43, 35, 29, 33, 36, 47, 53, 7, 31, 30, 50, 39, 8, 27]","[""Intercept"", ""xage"", ""child"", ""disea"", ""physlm"", ""xghindx"", ""lnum"", ""lfam"", ""num"", ""ghindx"", ""fmde"", ""plan_11"", ""fchild"", ""mdeoff"", ""logc"", ""coins"", ""mhi"", ""black"", ""hlthf"", ""plan_16"", ""hlthp"", ""lpi"", ""pioff"", ""site_5"", ""female"", ""plan_15"", ""year_3"", ""year_2"", ""plan_19"", ""hlthg"", ""site_4"", ""income"", ""plan_5"", ""year_5"", ""plan_18"", ""tookphys"", ""site_2"", ""plan_17"", ""plan_8"", ""plan_2"", ""plan_6"", ""plan_9"", ""site_3"", ""year_4"", ""educdec"", ""plan_4"", ""plan_3"", ""site_6"", ""plan_13"", ""time"", ""linc""]","[[5, 16, 12, 28, 18, 22, 21, 1, 3, 24, 42, 15, 6, 41, 51, 48, 54, 44, 2, 46, 43, 29, 36, 47, 31, 50], [5, 16, 11, 12, 26, 9, 38, 1, 3, 25, 49, 4, 7, 50]]","[26, 14]",1865.962129831314,0.8159150817353344,0.18408491826466555,-2.4342675904017144,-0.088157088777388,0.05870935706441642,-0.07499324616093458,0.0,0.1815403998363333,0.1282662754015888,0.0,0.0,0.0,0.0,0.0,0.135801513294378,0.0,0.0,0.20651801401789488,-0.19132886000539034,0.0,-0.02264154174903431,0.0,0.0,0.05057311463959673,-0.32762731279706,0.0,0.0865788773196247,0.0,0.0,0.0,-0.022641662071138133,0.06344761235367649,0.0,-0.10506576687514417,0.0,0.0,0.0,0.0,-0.526449091293993,0.0,0.0,0.0,0.0,-0.12348185564774729,-0.43714278115383987,0.15531336344305802,-0.14252279709256024,0.0,-0.15495145608012856,0.06343269291546308,-0.17371559624358818,0.0,-0.35769885809336316,-0.13973927549985027,0.0,0.0,-1.0658063303044645,-0.1413543172333027,-0.20642085454791545,0.0,-0.5312453777213113,0.39486531190763724,0.03085494909160507,0.0,0.15481307992754145,0.0,-0.6037302078561687,0.0,0.24500269478455988,0.1495208506079799,0.0,0.0,0.0,-0.4124241798269574,0.0,0.0,0.0,0.0,0.0,0.0,0.0,0.0,0.00025090521584725337,-0.3028367100874688,0.0,0.0,0.0,0.0,0.0,0.0,0.0,0.0,0.0,0.0,0.0,0.3169813298223288,0.0,0.0,0.0,0.0,0.0,0.0,0.0,0.0,0.0,0.0,-0.289809436735285,0.6615841247454005,0.0,0.0,0.0,0.0,1.4650383704985321,4.327709293478074
381,565538170,True,,50.0,quantile_glm,7907.553889712173,-3847.1682059979503,7859.3464617858335,"[0, 5, 16, 26, 28, 18, 9, 11, 13, 3, 22, 12, 17, 38, 14, 1, 21, 10, 24, 15, 49, 42, 52, 2, 4, 19, 41, 25, 29, 45, 33, 23, 46, 32, 37, 48, 51, 6, 7, 47, 40, 54, 27, 30, 20, 39, 36, 43, 50, 53, 8]","[""Intercept"", ""xage"", ""child"", ""xghindx"", ""lnum"", ""lfam"", ""num"", ""disea"", ""ghindx"", ""black"", ""fmde"", ""physlm"", ""fchild"", ""plan_11"", ""mdeoff"", ""coins"", ""logc"", ""mhi"", ""hlthf"", ""pioff"", ""site_5"", ""plan_16"", ""year_3"", ""tookphys"", ""income"", ""lpi"", ""plan_15"", ""hlthp"", ""plan_2"", ""plan_19"", ""plan_6"", ""hlthg"", ""site_2"", ""plan_5"", ""plan_10"", ""site_4"", ""year_2"", ""female"", ""educdec"", ""site_3"", ""plan_14"", ""year_5"", ""linc"", ""plan_3"", ""idp"", ""plan_13"", ""plan_9"", ""plan_17"", ""site_6"", ""year_4"", ""time""]","[[5, 26, 11, 3, 1, 21, 52, 25, 29, 23, 48, 6, 47, 43, 50], []]","[15, 0]",975.225501537323,0.8453742046918308,0.1546257953081693,-2.2314999868012295,-0.18057432798528894,0.0,-0.18749734167016452,0.0,0.3127500009318274,0.1333857718241202,0.0,0.0,0.0,0.0,0.03895301401739255,0.0,0.0,0.0,0.0,0.0,0.0,0.0,0.0,0.0,-0.24189885962095703,0.0,0.057323209237330065,0.0,0.06848014054575693,-0.09262210818281229,0.0,0.0,0.13054484124591806,0.0,0.0,0.0,0.0,0.0,0.0,0.0,0.0,0.0,0.0,0.0,0.0,0.0,0.0933645432895548,0.0,0.0,0.0,0.12195488379254248,-0.1382778861992951,0.0,-0.35488341613462226,0.0,-1.6084553591135624,0.0,0.0,0.8482125821503212,0.0,0.0,0.0,0.0,0.0,0.0,0.0,0.0,0.0,0.0,0.0,0.0,0.0,0.0,0.0,0.0,0.0,0.0,0.0,0.0,0.0,0.0,0.0,0.0,0.0,0.0,0.0,0.0,0.0,0.0,0.0,0.0,0.0,0.0,0.0,0.0,0.0,0.0,0.0,0.0,0.0,0.0,0.0,0.0,0.0,0.0,0.0,0.0,0.0,0.0,0.0,0.0,0.0,0.0,2.3441959260220178,10.4248869762775
382,118864067,True,,100.0,kmeans_glm,7841.990838858715,-3848.3862998850245,7783.619994396329,"[0, 5, 16, 12, 11, 28, 18, 9, 17, 3, 26, 22, 14, 13, 1, 38, 21, 42, 49, 10, 15, 52, 24, 47, 45, 23, 32, 6, 19, 33, 48, 40, 46, 29, 25, 4, 37, 51, 54, 30, 43, 20, 7, 8, 39, 34, 27, 36, 41, 44, 35]","[""Intercept"", ""xage"", ""child"", ""physlm"", ""disea"", ""lnum"", ""lfam"", ""num"", ""fchild"", ""black"", ""xghindx"", ""fmde"", ""mdeoff"", ""ghindx"", ""coins"", ""plan_11"", ""logc"", ""plan_16"", ""site_5"", ""mhi"", ""pioff"", ""year_3"", ""hlthf"", ""site_3"", ""plan_19"", ""hlthg"", ""plan_5"", ""female"", ""lpi"", ""plan_6"", ""site_4"", ""plan_14"", ""site_2"", ""plan_2"", ""hlthp"", ""income"", ""plan_10"", ""year_2"", ""year_5"", ""plan_3"", ""plan_17"", ""idp"", ""educdec"", ""time"", ""plan_13"", ""plan_7"", ""linc"", ""plan_9"", ""plan_15"", ""plan_18"", ""plan_8""]","[[5, 16, 11, 21, 47, 29], []]","[6, 0]",1041.9737508296967,0.8402484516117272,0.15975154838827274,-2.026665834875914,0.0,0.0,0.0,0.0,0.2029019932547359,0.0,0.0,0.0,0.0,0.0,0.1400170452854357,0.0,0.0,0.0,0.0,-0.20940583454802034,0.0,0.0,0.0,0.0,-0.33691411704433094,0.0,0.0,0.0,0.0,0.0,0.0,0.0,0.11468668948325374,0.0,0.0,0.0,0.0,0.0,0.0,0.0,0.0,0.0,0.0,0.0,0.0,0.0,0.0,0.0,0.0,0.0,0.27223948987271124,0.0,0.0,0.0,0.0,0.0,0.0,0.0,0.8693627214758946,0.0,0.0,0.0,0.0,0.0,0.0,0.0,0.0,0.0,0.0,0.0,0.0,0.0,0.0,0.0,0.0,0.0,0.0,0.0,0.0,0.0,0.0,0.0,0.0,0.0,0.0,0.0,0.0,0.0,0.0,0.0,0.0,0.0,0.0,0.0,0.0,0.0,0.0,0.0,0.0,0.0,0.0,0.0,0.0,0.0,0.0,0.0,0.0,0.0,0.0,0.0,0.0,0.0,0.0,2.2878191039594635,9.853424935741204
383,1699913395,True,,100.0,kmeans_glm,7973.913031607703,-3913.873446523481,7914.594287673242,"[0, 5, 16, 11, 13, 26, 3, 12, 28, 18, 9, 38, 22, 14, 17, 1, 47, 21, 48, 10, 49, 23, 4, 52, 6, 42, 24, 45, 33, 41, 51, 15, 32, 25, 46, 27, 2, 54, 53, 30, 36, 19, 40, 31, 43, 29, 37, 8, 44, 20, 34]","[""Intercept"", ""xage"", ""child"", ""disea"", ""ghindx"", ""xghindx"", ""black"", ""physlm"", ""lnum"", ""lfam"", ""num"", ""plan_11"", ""fmde"", ""mdeoff"", ""fchild"", ""coins"", ""site_3"", ""logc"", ""site_4"", ""mhi"", ""site_5"", ""hlthg"", ""income"", ""year_3"", ""female"", ""plan_16"", ""hlthf"", ""plan_19"", ""plan_6"", ""plan_15"", ""year_2"", ""pioff"", ""plan_5"", ""hlthp"", ""site_2"", ""linc"", ""tookphys"", ""year_5"", ""year_4"", ""plan_3"", ""plan_9"", ""lpi"", ""plan_14"", ""plan_4"", ""plan_17"", ""plan_2"", ""plan_10"", ""time"", ""plan_18"", ""idp"", ""plan_7""]","[[5, 11, 3, 22, 47, 21], []]","[6, 0]",1232.6898665428162,0.8417106905283843,0.1582893094716158,-2.0010335627070512,0.0,0.0,-0.18728927836345827,0.0,0.34240434912802054,0.0,0.0,0.0,0.0,0.0,0.12120714627865414,0.0,0.0,0.0,0.0,0.0,0.0,0.0,0.0,0.0,-0.24014074362327112,-0.1111148234279393,0.0,0.0,0.0,0.0,0.0,0.0,0.0,0.0,0.0,0.0,0.0,0.0,0.0,0.0,0.0,0.0,0.0,0.0,0.0,0.0,0.0,0.0,0.0,0.0,0.25213943567827984,0.0,0.0,0.0,0.0,0.0,0.0,0.0,0.8555735852234349,0.0,0.0,0.0,0.0,0.0,0.0,0.0,0.0,0.0,0.0,0.0,0.0,0.0,0.0,0.0,0.0,0.0,0.0,0.0,0.0,0.0,0.0,0.0,0.0,0.0,0.0,0.0,0.0,0.0,0.0,0.0,0.0,0.0,0.0,0.0,0.0,0.0,0.0,0.0,0.0,0.0,0.0,0.0,0.0,0.0,0.0,0.0,0.0,0.0,0.0,0.0,0.0,0.0,0.0,2.1868208356713246,8.906851710565144
384,600370282,True,,50.0,quantile_glm,7993.757332054861,-3855.197396082367,7892.774320879923,"[0, 5, 16, 12, 28, 18, 26, 9, 13, 14, 38, 1, 22, 11, 17, 10, 21, 15, 49, 3, 42, 52, 48, 24, 6, 23, 19, 45, 41, 35, 32, 51, 50, 25, 54, 46, 4, 29, 7, 31, 37, 33, 47, 40, 2, 39, 30, 27, 53, 36, 8]","[""Intercept"", ""xage"", ""child"", ""physlm"", ""lnum"", ""lfam"", ""xghindx"", ""num"", ""ghindx"", ""mdeoff"", ""plan_11"", ""coins"", ""fmde"", ""disea"", ""fchild"", ""mhi"", ""logc"", ""pioff"", ""site_5"", ""black"", ""plan_16"", ""year_3"", ""site_4"", ""hlthf"", ""female"", ""hlthg"", ""lpi"", ""plan_19"", ""plan_15"", ""plan_8"", ""plan_5"", ""year_2"", ""site_6"", ""hlthp"", ""year_5"", ""site_2"", ""income"", ""plan_2"", ""educdec"", ""plan_4"", ""plan_10"", ""plan_6"", ""site_3"", ""plan_14"", ""tookphys"", ""plan_13"", ""plan_3"", ""linc"", ""year_4"", ""plan_9"", ""time""]","[[5, 1, 22, 11, 10, 21, 52, 48, 6, 35, 50, 29, 47], [16, 12, 50, 25]]","[13, 4]",1267.3397891521454,0.8272133298832648,0.1727866701167352,-2.175722816339734,-0.20560079374500045,0.0,0.0,0.0,0.32904189239579,0.0815095869617812,0.0,0.0,0.0,-0.05002182233949089,0.08495052190031638,0.0,0.0,0.0,0.0,0.0,0.0,0.0,0.0,0.0,-0.12062467848532997,-0.0706479181081454,0.0,0.0,0.0,0.0,0.0,0.0,0.14371044467265381,0.0,0.0,0.0,0.0,0.0,0.08667382284945337,0.0,0.0,0.0,0.0,0.0,0.0,0.0,0.0,0.0,0.0,0.0,0.1327952063894393,-0.13904289625082117,0.0,-0.28138575108839725,0.0,-1.2094087279346535,0.0,0.0,0.40399126119214596,0.0,0.0,0.0,0.0,0.0,0.0,0.0,0.0,0.0,0.0,0.0,0.3939629544412703,0.0,0.0,0.0,-0.6815552881457699,0.0,0.0,0.0,0.0,0.0,0.0,0.0,0.0,0.137496345364389,0.0,0.0,0.0,0.0,0.0,0.0,0.0,0.0,0.0,0.0,0.0,0.0,0.0,0.0,0.0,0.0,0.0,0.0,0.0,0.0,0.0,0.0,0.0,0.0,0.5198609451295896,0.0,0.0,0.0,0.0,2.0367469190249827,7.665631673391442
385,132680501,True,,50.0,kmeans_glm,7863.318700482002,-3790.9656198957236,7790.36498689452,"[0, 5, 16, 11, 28, 18, 12, 9, 38, 26, 6, 22, 21, 14, 10, 13, 3, 17, 24, 49, 25, 48, 1, 15, 47, 42, 19, 52, 20, 32, 45, 41, 39, 46, 7, 34, 31, 54, 2, 51, 43, 27, 30, 36, 35, 40, 23, 8, 37, 33, 4]","[""Intercept"", ""xage"", ""child"", ""disea"", ""lnum"", ""lfam"", ""physlm"", ""num"", ""plan_11"", ""xghindx"", ""female"", ""fmde"", ""logc"", ""mdeoff"", ""mhi"", ""ghindx"", ""black"", ""fchild"", ""hlthf"", ""site_5"", ""hlthp"", ""site_4"", ""coins"", ""pioff"", ""site_3"", ""plan_16"", ""lpi"", ""year_3"", ""idp"", ""plan_5"", ""plan_19"", ""plan_15"", ""plan_13"", ""site_2"", ""educdec"", ""plan_7"", ""plan_4"", ""year_5"", ""tookphys"", ""year_2"", ""plan_17"", ""linc"", ""plan_3"", ""plan_9"", ""plan_8"", ""plan_14"", ""hlthg"", ""time"", ""plan_10"", ""plan_6"", ""income""]","[[5, 16, 11, 6, 21, 10, 3, 25, 48, 47, 42, 34, 43, 35], [5, 11, 28, 18, 12, 25]]","[14, 6]",1911.834572315216,0.8347914695602472,0.16520853043975284,-2.0601727726335373,0.0,0.0,-0.1429714674029379,0.0,0.25671862029860953,0.14983746887100935,0.0,0.0,0.0,-0.05649023145949801,0.06830802275863801,0.0,0.0,0.0,0.0,-0.16792968509659284,0.0,0.0,0.0,0.0,-0.34876767617662735,0.0,0.0,0.0,0.05428708511868359,0.0,0.0,0.0,0.0,0.0,0.0,0.0,0.0,0.1323194853998428,0.09525571815276565,0.0,0.0,0.0,0.0,0.0,0.0,-0.10338758668543291,0.11794548072306699,0.0,0.0,0.0,0.19160104548255133,-0.1622180694481059,0.0,0.0,0.0,0.0,0.0,0.0,0.6404827851025011,0.0,0.0,0.0,0.0,0.37062164679430903,0.0,0.0,0.0,0.0,0.0,0.2569402457584136,0.1475943319550456,0.0,0.0,0.0,0.0,0.0,-0.11980481722850034,0.0,0.0,0.0,0.0,0.0,0.0,0.03220201901292183,0.0,0.0,-0.1198040314976933,0.0,0.0,0.0,0.0,0.0,0.0,0.0,0.0,0.0,0.0,0.0,0.0,0.0,0.0,0.0,0.0,0.0,0.0,0.0,0.0,0.0,0.0,0.0,0.0,0.0,0.0,2.2568402728267825,9.55285700736141
386,900402761,True,,25.0,quantile_glm,7905.478815692149,-3733.1917863201556,7813.773151145433,"[0, 5, 16, 12, 11, 3, 26, 28, 18, 9, 13, 22, 38, 21, 1, 14, 17, 10, 6, 42, 48, 41, 49, 25, 24, 46, 52, 15, 30, 19, 4, 29, 47, 45, 54, 32, 33, 34, 27, 40, 23, 51, 44, 53, 50, 37, 35, 8, 31, 43, 36]","[""Intercept"", ""xage"", ""child"", ""physlm"", ""disea"", ""black"", ""xghindx"", ""lnum"", ""lfam"", ""num"", ""ghindx"", ""fmde"", ""plan_11"", ""logc"", ""coins"", ""mdeoff"", ""fchild"", ""mhi"", ""female"", ""plan_16"", ""site_4"", ""plan_15"", ""site_5"", ""hlthp"", ""hlthf"", ""site_2"", ""year_3"", ""pioff"", ""plan_3"", ""lpi"", ""income"", ""plan_2"", ""site_3"", ""plan_19"", ""year_5"", ""plan_5"", ""plan_6"", ""plan_7"", ""linc"", ""plan_14"", ""hlthg"", ""year_2"", ""plan_18"", ""year_4"", ""site_6"", ""plan_10"", ""plan_8"", ""time"", ""plan_4"", ""plan_17"", ""plan_9""]","[[5, 16, 12, 11, 3, 21, 1, 17, 6, 48, 25, 24, 46, 15, 30, 29, 47, 54, 34, 23, 53, 50, 37, 31], [16, 12, 11, 3, 26, 9, 1, 48, 41, 49, 40, 50]]","[24, 12]",1253.9410889148712,0.8307201012350113,0.16927989876498864,-2.4902495497896995,-0.06238066164460186,0.0,-0.19293150163750214,0.0,0.2593734450332812,0.06973843258980869,0.0,0.0,0.0,0.0,0.06083319948991234,0.08520286709908037,0.0,0.0,0.07826904955744404,-0.23906823721533665,0.23870551759405703,0.0,0.0,0.0,-0.41348019332133223,0.0,-0.039560665020533965,0.07343862708551663,0.08608792887405291,0.0,0.0,0.0,0.08050383945874752,-1.8743157228054839,-0.07395514103453582,0.0,0.0,0.10260049461299334,0.0,0.0,0.06836529882394858,0.0,0.0,0.0,0.0,0.0,0.0,0.0,0.0,-0.08241990623989766,0.07502406731561775,-0.2658157725956424,0.0,-0.38744504591949913,0.0,0.0,-0.3375135414658535,-1.0553860971744329,-0.07369091324578199,-0.5960608163426203,0.0,-0.6341365130782326,0.0,0.0,0.0,0.0,0.0,-0.3194912257647533,0.0,0.26857303800983395,0.2095409059127735,0.0,0.0,0.0,-0.5122228366167877,0.0,0.0,0.0,0.0,0.0,0.0,0.0,0.0,0.0,-0.15828204245932107,0.0,0.0,0.0,0.0,0.0,0.0,0.0,0.0,0.0,0.0,0.0,0.0,0.0,0.43669647732050426,-0.28061877098494636,0.0,0.0,0.0,0.0,0.0,0.0,-0.2764941200187152,-0.33826518877408696,0.4671856447222487,0.0,0.0,0.0,0.0,1.4564674327366667,4.290775272171672
387,245694398,True,,100.0,kmeans_glm,8228.49905110556,-4030.4344700335005,8156.40107415591,"[0, 5, 16, 11, 28, 18, 9, 38, 22, 12, 26, 14, 3, 21, 17, 1, 13, 10, 15, 6, 19, 49, 46, 42, 41, 23, 52, 4, 47, 51, 45, 48, 2, 33, 24, 27, 31, 54, 37, 25, 30, 7, 50, 43, 29, 20, 35, 36, 32, 8, 39]","[""Intercept"", ""xage"", ""child"", ""disea"", ""lnum"", ""lfam"", ""num"", ""plan_11"", ""fmde"", ""physlm"", ""xghindx"", ""mdeoff"", ""black"", ""logc"", ""fchild"", ""coins"", ""ghindx"", ""mhi"", ""pioff"", ""female"", ""lpi"", ""site_5"", ""site_2"", ""plan_16"", ""plan_15"", ""hlthg"", ""year_3"", ""income"", ""site_3"", ""year_2"", ""plan_19"", ""site_4"", ""tookphys"", ""plan_6"", ""hlthf"", ""linc"", ""plan_4"", ""year_5"", ""plan_10"", ""hlthp"", ""plan_3"", ""educdec"", ""site_6"", ""plan_17"", ""plan_2"", ""idp"", ""plan_8"", ""plan_9"", ""plan_5"", ""time"", ""plan_13""]","[[5, 16, 11, 21, 6, 47, 50], []]","[7, 0]",1208.0806255340576,0.8266234786934673,0.17337652130653275,-2.007036390561569,0.0,0.0,0.0,0.0,0.23364976228844608,0.1555989970454217,0.0,0.0,0.0,0.0,0.11884458636170989,0.0,0.0,0.0,0.0,-0.16733792828252508,0.0,0.0,0.0,0.0,-0.3143634799082853,0.0,0.0,0.0,0.0,0.0,0.0,0.0,0.0,0.0,0.0,0.0,0.0,0.0,0.0,0.0,0.0,0.0,0.0,0.0,0.0,0.0,0.0,0.0,0.0,0.0,0.18260569867968288,0.0,0.0,-0.298985727973596,0.0,0.0,0.0,0.0,1.0026442763724766,0.0,0.0,0.0,0.0,0.0,0.0,0.0,0.0,0.0,0.0,0.0,0.0,0.0,0.0,0.0,0.0,0.0,0.0,0.0,0.0,0.0,0.0,0.0,0.0,0.0,0.0,0.0,0.0,0.0,0.0,0.0,0.0,0.0,0.0,0.0,0.0,0.0,0.0,0.0,0.0,0.0,0.0,0.0,0.0,0.0,0.0,0.0,0.0,0.0,0.0,0.0,0.0,0.0,0.0,2.3660760574140087,10.655498578969457
388,1096762095,True,,50.0,quantile_glm,8337.665558985198,-4027.941272017518,8238.262072750224,"[0, 5, 16, 38, 11, 22, 21, 12, 1, 26, 13, 14, 3, 17, 9, 28, 18, 48, 10, 15, 53, 19, 52, 41, 24, 45, 42, 6, 46, 27, 4, 49, 51, 32, 50, 40, 2, 25, 54, 30, 43, 33, 35, 20, 47, 31, 23, 44, 37, 7, 36]","[""Intercept"", ""xage"", ""child"", ""plan_11"", ""disea"", ""fmde"", ""logc"", ""physlm"", ""coins"", ""xghindx"", ""ghindx"", ""mdeoff"", ""black"", ""fchild"", ""num"", ""lnum"", ""lfam"", ""site_4"", ""mhi"", ""pioff"", ""year_4"", ""lpi"", ""year_3"", ""plan_15"", ""hlthf"", ""plan_19"", ""plan_16"", ""female"", ""site_2"", ""linc"", ""income"", ""site_5"", ""year_2"", ""plan_5"", ""site_6"", ""plan_14"", ""tookphys"", ""hlthp"", ""year_5"", ""plan_3"", ""plan_17"", ""plan_6"", ""plan_8"", ""idp"", ""site_3"", ""plan_4"", ""hlthg"", ""plan_18"", ""plan_10"", ""educdec"", ""plan_9""]","[[5, 16, 38, 11, 21, 1, 3, 6, 50, 30, 43, 47], [5, 16, 38, 53, 50]]","[12, 5]",1512.405565738678,0.818746574325271,0.18125342567472905,-2.192449399434076,-0.11698903616174779,0.0,-0.08351363427758687,0.0,0.292559123673157,0.10291629592638134,0.0,0.0,0.0,0.0,0.13009864836732438,0.0,0.0,0.0,0.0,-0.07615656746603902,0.0,0.0,0.0,0.0,-0.41246236396128455,0.0,0.0,0.0,0.0,0.0,0.0,0.0,0.0,-0.06971842461265224,0.0,0.0,0.0,0.0,0.0,0.0,0.0,-0.03712372164538494,0.0,0.0,0.0,0.0,0.11206187430085798,0.0,0.0,0.0,0.1332142930694435,0.0,0.0,-0.3372408514847808,0.0,0.0,0.0,0.0,0.4757530407552335,0.0,0.0,0.0,0.0,0.3177976833991026,0.0,0.0,0.0,0.0,0.0,0.0,0.0,0.0,0.0,0.0,-0.3830435937654967,0.0,0.0,0.0,0.0,0.0,0.0,0.0,0.0,0.0,0.0,0.0,0.0,0.0,0.0,0.0,0.0,0.0,0.0,0.0,0.0,0.0,0.28410979043431045,0.0,0.0,0.0,0.0,0.0,0.0,0.0,0.0,0.0,0.0,0.0,0.595143236274265,0.0,0.0,0.19014522490487157,0.0,1.6296713425738496,5.102197567827452
389,1535853026,True,,50.0,quantile_glm,8290.078834443515,-3999.613675616082,8207.661098335237,"[0, 5, 16, 11, 28, 18, 12, 26, 9, 13, 17, 38, 14, 22, 21, 3, 19, 15, 1, 24, 49, 10, 42, 45, 52, 2, 47, 32, 23, 48, 46, 6, 25, 33, 54, 30, 51, 53, 29, 43, 7, 20, 36, 31, 8, 39, 4, 34, 41, 37, 27]","[""Intercept"", ""xage"", ""child"", ""disea"", ""lnum"", ""lfam"", ""physlm"", ""xghindx"", ""num"", ""ghindx"", ""fchild"", ""plan_11"", ""mdeoff"", ""fmde"", ""logc"", ""black"", ""lpi"", ""pioff"", ""coins"", ""hlthf"", ""site_5"", ""mhi"", ""plan_16"", ""plan_19"", ""year_3"", ""tookphys"", ""site_3"", ""plan_5"", ""hlthg"", ""site_4"", ""site_2"", ""female"", ""hlthp"", ""plan_6"", ""year_5"", ""plan_3"", ""year_2"", ""year_4"", ""plan_2"", ""plan_17"", ""educdec"", ""idp"", ""plan_9"", ""plan_4"", ""time"", ""plan_13"", ""income"", ""plan_7"", ""plan_15"", ""plan_10"", ""linc""]","[[5, 16, 11, 38, 22, 3, 24, 42, 47, 48, 6, 29, 43, 34], [5, 16, 11, 28, 18, 12]]","[14, 6]",1506.8291311264038,0.8647267843603317,0.1352732156396683,-2.0590639547921485,0.0,0.0,-0.21586635851892572,0.0,0.08873204250324555,0.14377114615167422,0.0,0.0,0.0,0.0,0.06865401186996511,0.0,0.0,0.0,0.0,-0.28318674645869774,0.0,0.0,0.0,0.0,0.0,-0.1237968556942444,0.0,0.08877201035179826,0.0,0.0,0.0,0.0,0.15115941825662327,0.0,0.0,0.0,0.0,0.15426025689291345,0.0,0.0,0.0,0.22509162597667748,0.0,0.0,0.0,-0.1949004895239264,0.11766011426575032,0.0,0.0,0.0,0.14376432790431196,-0.14395355196295126,0.0,0.0,0.0,0.0,0.0,0.0,0.8331299674880306,0.0,0.0,0.0,0.0,0.10775669054636502,0.0,0.0,0.0,0.0,0.0,0.23905833062198456,0.1737308524699176,0.0,0.0,0.0,-0.47785458672845704,0.0,-0.07617444022597851,0.0,0.0,0.0,0.0,0.0,0.0,0.0,0.0,0.0,-0.07617406018022557,0.0,0.0,0.0,0.0,0.0,0.0,0.0,0.0,0.0,0.0,0.0,0.0,0.0,0.0,0.0,0.0,0.0,0.0,0.0,0.0,0.0,0.0,0.0,0.0,0.0,0.0,1.7986963218582408,6.041765809934864
390,1024386276,True,,100.0,kmeans_glm,8134.688069140217,-3952.022817490496,8043.001466383041,"[0, 5, 16, 14, 28, 18, 12, 9, 38, 1, 11, 22, 21, 3, 17, 26, 10, 15, 13, 24, 49, 19, 42, 2, 6, 41, 52, 48, 47, 45, 25, 46, 33, 51, 40, 54, 53, 23, 7, 32, 36, 30, 37, 39, 31, 34, 43, 4, 50, 8, 27]","[""Intercept"", ""xage"", ""child"", ""mdeoff"", ""lnum"", ""lfam"", ""physlm"", ""num"", ""plan_11"", ""coins"", ""disea"", ""fmde"", ""logc"", ""black"", ""fchild"", ""xghindx"", ""mhi"", ""pioff"", ""ghindx"", ""hlthf"", ""site_5"", ""lpi"", ""plan_16"", ""tookphys"", ""female"", ""plan_15"", ""year_3"", ""site_4"", ""site_3"", ""plan_19"", ""hlthp"", ""site_2"", ""plan_6"", ""year_2"", ""plan_14"", ""year_5"", ""year_4"", ""hlthg"", ""educdec"", ""plan_5"", ""plan_9"", ""plan_3"", ""plan_10"", ""plan_13"", ""plan_4"", ""plan_7"", ""plan_17"", ""income"", ""site_6"", ""time"", ""linc""]","[[5, 16, 14, 28, 18, 11, 22, 21, 6, 48, 47, 50], []]","[12, 0]",1200.462942123413,0.8382906926108196,0.16170930738918046,-2.018782668420091,0.0,0.0,0.0,0.0,0.14943220655878678,0.16432216737829133,0.0,0.0,0.0,0.0,0.1025109256216071,0.0,0.0,-0.15983054018644408,0.0,-0.21582189657745612,0.0,-0.0401495959000877,0.0,0.0,-0.2366033833674783,0.03570043392339972,0.0,0.0,0.0,0.0,0.0,-0.040150838169844445,0.0,0.0,0.0,0.0,0.0,0.0,0.0,0.0,0.0,0.0,0.0,0.0,0.0,0.0,0.0,0.0,0.0,0.0,0.17805892033949938,-0.20159272877486994,0.0,-0.30632940850468604,0.0,0.0,0.0,0.0,0.8994291583106627,0.0,0.0,0.0,0.0,0.0,0.0,0.0,0.0,0.0,0.0,0.0,0.0,0.0,0.0,0.0,0.0,0.0,0.0,0.0,0.0,0.0,0.0,0.0,0.0,0.0,0.0,0.0,0.0,0.0,0.0,0.0,0.0,0.0,0.0,0.0,0.0,0.0,0.0,0.0,0.0,0.0,0.0,0.0,0.0,0.0,0.0,0.0,0.0,0.0,0.0,0.0,0.0,0.0,0.0,2.2739868373268135,9.71806803929045
391,1369704269,True,,50.0,kmeans_glm,8301.026309650739,-4034.09511844321,8259.254505064237,"[0, 16, 5, 12, 3, 38, 11, 22, 9, 21, 28, 18, 14, 1, 17, 26, 23, 13, 6, 10, 49, 47, 41, 48, 52, 15, 42, 4, 29, 46, 33, 51, 25, 7, 32, 2, 45, 36, 27, 31, 19, 54, 40, 30, 8, 37, 34, 39, 20, 50, 44]","[""Intercept"", ""child"", ""xage"", ""physlm"", ""black"", ""plan_11"", ""disea"", ""fmde"", ""num"", ""logc"", ""lnum"", ""lfam"", ""mdeoff"", ""coins"", ""fchild"", ""xghindx"", ""hlthg"", ""ghindx"", ""female"", ""mhi"", ""site_5"", ""site_3"", ""plan_15"", ""site_4"", ""year_3"", ""pioff"", ""plan_16"", ""income"", ""plan_2"", ""site_2"", ""plan_6"", ""year_2"", ""hlthp"", ""educdec"", ""plan_5"", ""tookphys"", ""plan_19"", ""plan_9"", ""linc"", ""plan_4"", ""lpi"", ""year_5"", ""plan_14"", ""plan_3"", ""time"", ""plan_10"", ""plan_7"", ""plan_13"", ""idp"", ""site_6"", ""plan_18""]","[[16, 5, 12, 3, 11, 21, 28, 18, 1, 6, 47, 41, 48, 4, 29, 25, 34, 50], []]","[18, 0]",1343.05322432518,0.8281654220823598,0.17183457791764037,-1.9964951154016128,-0.15603632880048507,0.0,-0.08053928671480144,0.10357604634749984,0.0649935141659641,0.15928987119454957,0.0,0.0,0.0,0.0,0.047689385710818745,0.07069551123359177,0.0,0.0,0.0,-0.25505517543095485,0.0,-0.033832295291401616,0.0,0.0,-0.2784283354492346,0.0,0.0,0.0,0.07505116015843229,0.0,0.0,-0.03383234027039781,0.15120921475461038,0.0,0.0,0.0,0.0,0.08324364259086738,0.0,0.0,0.0,0.0,0.0,0.0,-0.15726352188332515,0.0,0.0,0.0,0.0,0.0,0.18006509627235712,-0.20422587133334702,0.0,-0.28636051729576795,0.0,0.0,0.0,0.0,0.9286961429758678,0.0,0.0,0.0,0.0,0.0,0.0,0.0,0.0,0.0,0.0,0.0,0.0,0.0,0.0,0.0,0.0,0.0,0.0,0.0,0.0,0.0,0.0,0.0,0.0,0.0,0.0,0.0,0.0,0.0,0.0,0.0,0.0,0.0,0.0,0.0,0.0,0.0,0.0,0.0,0.0,0.0,0.0,0.0,0.0,0.0,0.0,0.0,0.0,0.0,0.0,0.0,0.0,0.0,0.0,2.3333878729910698,10.312820943712484
392,331233276,True,,50.0,quantile_glm,7704.146067305127,-3690.8748609151544,7598.868208396009,"[0, 5, 16, 12, 38, 3, 22, 28, 18, 11, 14, 26, 9, 17, 1, 21, 13, 49, 10, 15, 19, 42, 25, 6, 47, 27, 45, 46, 24, 52, 48, 23, 4, 33, 41, 32, 54, 2, 51, 30, 40, 43, 31, 7, 34, 29, 35, 8, 20, 44, 50]","[""Intercept"", ""xage"", ""child"", ""physlm"", ""plan_11"", ""black"", ""fmde"", ""lnum"", ""lfam"", ""disea"", ""mdeoff"", ""xghindx"", ""num"", ""fchild"", ""coins"", ""logc"", ""ghindx"", ""site_5"", ""mhi"", ""pioff"", ""lpi"", ""plan_16"", ""hlthp"", ""female"", ""site_3"", ""linc"", ""plan_19"", ""site_2"", ""hlthf"", ""year_3"", ""site_4"", ""hlthg"", ""income"", ""plan_6"", ""plan_15"", ""plan_5"", ""year_5"", ""tookphys"", ""year_2"", ""plan_3"", ""plan_14"", ""plan_17"", ""plan_4"", ""educdec"", ""plan_7"", ""plan_2"", ""plan_8"", ""time"", ""idp"", ""plan_18"", ""site_6""]","[[5, 16, 38, 3, 22, 11, 21, 49, 25, 6, 47, 24, 48, 41, 43, 34, 29, 50], [16, 12, 25]]","[18, 3]",1229.0814247131348,0.8385433598314902,0.16145664016850977,-2.1667186573809687,0.0,0.0,-0.17287492087562176,0.0,0.2464379979662717,0.20180228556822222,0.0,0.0,0.0,0.0,0.04557011794679876,0.0,0.0,0.0,0.0,-0.10170229226495711,0.0,0.0,0.0,0.0,0.1793450322944052,-0.18830039830967824,0.0,0.09360022489680313,0.11072882964989694,0.0,0.0,0.0,0.1419597391773886,0.0,0.0,0.0,0.0,0.16132319712596058,0.0,0.0,0.0,0.36527909947842935,0.0,0.0,-0.1454142409300711,0.0,0.16122164401219366,0.0,0.0,0.0,0.0604807027866687,-0.22200850838021172,-0.134087025281856,-0.3474392090360189,0.0,0.0,0.0,0.0,0.5118812127913323,0.0,0.0,0.0,0.0,0.0,0.0,0.0,0.0,0.0,0.0,0.0,0.24129028800763616,0.0,0.0,0.0,-0.6005510647781295,0.0,0.0,0.0,0.0,0.0,0.0,0.0,0.0,0.12730226386236243,0.0,0.0,0.0,0.0,0.0,0.0,0.0,0.0,0.0,0.0,0.0,0.0,0.0,0.0,0.0,0.0,0.0,0.0,0.0,0.0,0.0,0.0,0.0,0.0,0.0,0.0,0.0,0.0,0.0,2.152075130384938,8.602691594393576
393,1768603452,True,,25.0,quantile_glm,8240.056232924642,-3896.045487057052,8165.53477100711,"[0, 5, 16, 12, 28, 18, 38, 14, 9, 11, 22, 3, 21, 26, 13, 1, 17, 10, 42, 15, 52, 6, 49, 32, 23, 48, 34, 2, 45, 41, 47, 43, 33, 53, 19, 54, 37, 20, 30, 44, 50, 24, 27, 4, 46, 25, 31, 40, 35, 7, 29]","[""Intercept"", ""xage"", ""child"", ""physlm"", ""lnum"", ""lfam"", ""plan_11"", ""mdeoff"", ""num"", ""disea"", ""fmde"", ""black"", ""logc"", ""xghindx"", ""ghindx"", ""coins"", ""fchild"", ""mhi"", ""plan_16"", ""pioff"", ""year_3"", ""female"", ""site_5"", ""plan_5"", ""hlthg"", ""site_4"", ""plan_7"", ""tookphys"", ""plan_19"", ""plan_15"", ""site_3"", ""plan_17"", ""plan_6"", ""year_4"", ""lpi"", ""year_5"", ""plan_10"", ""idp"", ""plan_3"", ""plan_18"", ""site_6"", ""hlthf"", ""linc"", ""income"", ""site_2"", ""hlthp"", ""plan_4"", ""plan_14"", ""plan_8"", ""educdec"", ""plan_2""]","[[5, 16, 38, 14, 11, 22, 3, 42, 52, 6, 48, 34, 47, 43, 53, 19, 54, 37, 50, 46, 25, 35, 29], [5, 16, 12, 38, 14, 9, 11, 3, 13, 10, 49, 23, 48, 2, 50, 35]]","[23, 16]",1295.0219750404358,0.8234317761513184,0.17656822384868162,-2.3810952019116063,0.0,0.0,-0.0688458869765959,0.0,0.07309087274492392,0.14508199284574277,0.0,0.0,0.0,0.0,0.06820719392588108,0.0,0.0,-0.13298485868534823,0.0,-0.15460362405792644,0.0,0.0,0.1548067577977933,0.0,0.0,-0.09929842166548877,0.0,0.0,0.04492518950795032,0.0,0.0,0.0,0.09744332747511708,0.0,0.0,0.0,0.0,0.17856800454200497,0.02544180668179896,0.0,-0.03485791059424627,0.2067199029674106,0.0,0.0,0.0,-0.07997677984112124,0.17938577170432699,0.0,0.0,-0.18064098927058947,0.08346420722208266,-0.19105701802752675,0.0,-0.32232039625942177,0.0,-1.52462664513747,-1.0621890592804757,-0.9857797406346718,-0.08745677392678614,0.0,0.17904310737033896,-0.6023817268534839,0.0,0.04194321773339145,0.0,0.0,0.0,-0.4958288552437521,-0.10261212921724094,0.08540760640708311,0.10891509335497268,-0.1569933354061367,-0.09001423581402102,0.0,-0.592630097008599,0.0,0.0,0.0,0.0,0.0,0.0,0.21134191141742226,0.0,0.0,0.0,0.0,0.0,0.0,0.0,0.0,0.0,0.0,0.0,0.146933447009781,0.0,0.0,0.1948198926376945,0.0,0.0,0.0,0.0,0.0,0.0,0.0,0.0,0.0,-0.2230918221651799,-0.30718171302019864,0.5395801626580128,0.0,0.0,0.0,0.0,1.5160896835703863,4.554381258298404
394,297038178,True,,50.0,kmeans_glm,8054.345874047415,-3886.0567423491284,8015.286189651842,"[0, 5, 16, 12, 11, 28, 18, 9, 3, 17, 26, 1, 13, 14, 10, 38, 24, 22, 21, 49, 25, 47, 42, 52, 45, 48, 6, 15, 40, 2, 41, 54, 46, 51, 30, 50, 32, 19, 7, 39, 23, 27, 33, 37, 29, 36, 20, 43, 35, 4, 31]","[""Intercept"", ""xage"", ""child"", ""physlm"", ""disea"", ""lnum"", ""lfam"", ""num"", ""black"", ""fchild"", ""xghindx"", ""coins"", ""ghindx"", ""mdeoff"", ""mhi"", ""plan_11"", ""hlthf"", ""fmde"", ""logc"", ""site_5"", ""hlthp"", ""site_3"", ""plan_16"", ""year_3"", ""plan_19"", ""site_4"", ""female"", ""pioff"", ""plan_14"", ""tookphys"", ""plan_15"", ""year_5"", ""site_2"", ""year_2"", ""plan_3"", ""site_6"", ""plan_5"", ""lpi"", ""educdec"", ""plan_13"", ""hlthg"", ""linc"", ""plan_6"", ""plan_10"", ""plan_2"", ""plan_9"", ""idp"", ""plan_17"", ""plan_8"", ""income"", ""plan_4""]","[[5, 16, 12, 11, 3, 1, 24, 22, 21, 25, 47, 45, 48, 6, 30, 50, 29, 43], [5, 16, 12, 28, 18, 9]]","[18, 6]",1673.5552170276642,0.8202783865082786,0.17972161349172144,-2.5718765137761186,-0.15648814877133044,0.0,-0.22116781307365815,0.0,0.19349148302250138,0.1574366745517556,0.0,0.0,0.0,0.0,0.026474392658704424,0.04939835821308984,0.0,0.0,0.0,-0.15249319789862884,0.0,0.0,0.0,0.0,-0.1982661100363846,-0.06718078920070453,0.0,0.09983910431218623,0.09063748241410656,0.0,0.0,0.0,0.11093347340970547,-1.109821183701164,0.0,0.0,0.0,0.0,0.0,0.0,0.0,0.0,0.0,0.0,0.0,0.0,0.12085251418335127,0.0,-1.7325358216652,0.0,0.1643597765100378,-0.3069463962984679,0.0,-0.3560759861857613,0.0,0.0,0.0,0.0,0.389616935125267,0.0,0.0,0.0,0.0,0.04427641059647074,0.0,0.0,0.0,-0.49580359675968494,0.0,0.0,0.35148233497524956,0.0,0.0,0.0,-0.48594652773046504,0.0,0.03210263716384912,0.0,0.0,0.0,0.0,0.0,0.0,0.0,0.0,0.0,0.032102680182570474,0.0,0.0,0.0,0.0,0.0,0.0,0.0,0.0,0.0,0.0,0.0,0.0,0.0,0.0,0.0,0.0,0.0,0.0,0.0,0.0,0.0,0.0,0.0,0.0,0.0,0.0,1.8024816946833442,6.064679487091922
395,1022967539,True,,100.0,kmeans_glm,7805.522690406923,-3793.778653039239,7717.8283980178985,"[0, 5, 16, 11, 12, 28, 18, 9, 22, 38, 24, 3, 26, 14, 21, 13, 10, 1, 17, 49, 47, 42, 33, 25, 6, 48, 52, 2, 32, 45, 15, 40, 29, 7, 19, 46, 54, 27, 37, 36, 4, 51, 34, 31, 30, 39, 41, 8, 20, 43, 50]","[""Intercept"", ""xage"", ""child"", ""disea"", ""physlm"", ""lnum"", ""lfam"", ""num"", ""fmde"", ""plan_11"", ""hlthf"", ""black"", ""xghindx"", ""mdeoff"", ""logc"", ""ghindx"", ""mhi"", ""coins"", ""fchild"", ""site_5"", ""site_3"", ""plan_16"", ""plan_6"", ""hlthp"", ""female"", ""site_4"", ""year_3"", ""tookphys"", ""plan_5"", ""plan_19"", ""pioff"", ""plan_14"", ""plan_2"", ""educdec"", ""lpi"", ""site_2"", ""year_5"", ""linc"", ""plan_10"", ""plan_9"", ""income"", ""year_2"", ""plan_7"", ""plan_4"", ""plan_3"", ""plan_13"", ""plan_15"", ""time"", ""idp"", ""plan_17"", ""site_6""]","[[5, 11, 12, 22, 24, 21, 47, 25, 48, 29, 50], []]","[11, 0]",1451.8772349357605,0.8422911056127759,0.15770889438722402,-2.0230221784594655,0.0,0.0,0.0,0.0,0.29633661674880135,0.0,0.0,0.0,0.0,0.0,0.07106327654152897,0.07331775740639891,0.0,0.0,0.0,0.0,0.0,0.0,0.0,0.0,-0.204813494191007,-0.13841007839403718,0.0,0.15037271726723042,0.0755378694928731,0.0,0.0,0.0,0.08591191847494879,0.0,0.0,0.0,0.0,0.0,0.0,0.0,0.0,0.0,0.0,0.0,0.0,0.0,0.0,0.0,0.0,0.0,0.15308905702665573,-0.20312252158579644,0.0,-0.26683853362641113,0.0,0.0,0.0,0.0,0.8404715427700301,0.0,0.0,0.0,0.0,0.0,0.0,0.0,0.0,0.0,0.0,0.0,0.0,0.0,0.0,0.0,0.0,0.0,0.0,0.0,0.0,0.0,0.0,0.0,0.0,0.0,0.0,0.0,0.0,0.0,0.0,0.0,0.0,0.0,0.0,0.0,0.0,0.0,0.0,0.0,0.0,0.0,0.0,0.0,0.0,0.0,0.0,0.0,0.0,0.0,0.0,0.0,0.0,0.0,0.0,2.4122012425791537,11.15849668884712
396,491765349,True,,50.0,kmeans_glm,7727.853057594013,-3758.545267262584,7690.785323777728,"[0, 16, 5, 28, 18, 9, 12, 22, 14, 38, 21, 3, 1, 11, 17, 15, 26, 10, 42, 13, 49, 47, 19, 6, 52, 48, 24, 25, 33, 2, 32, 41, 40, 45, 37, 46, 29, 54, 27, 23, 51, 31, 36, 30, 4, 8, 7, 53, 20, 43, 39]","[""Intercept"", ""child"", ""xage"", ""lnum"", ""lfam"", ""num"", ""physlm"", ""fmde"", ""mdeoff"", ""plan_11"", ""logc"", ""black"", ""coins"", ""disea"", ""fchild"", ""pioff"", ""xghindx"", ""mhi"", ""plan_16"", ""ghindx"", ""site_5"", ""site_3"", ""lpi"", ""female"", ""year_3"", ""site_4"", ""hlthf"", ""hlthp"", ""plan_6"", ""tookphys"", ""plan_5"", ""plan_15"", ""plan_14"", ""plan_19"", ""plan_10"", ""site_2"", ""plan_2"", ""year_5"", ""linc"", ""hlthg"", ""year_2"", ""plan_4"", ""plan_9"", ""plan_3"", ""income"", ""time"", ""educdec"", ""year_4"", ""idp"", ""plan_17"", ""plan_13""]","[[16, 5, 12, 21, 3, 1, 11, 10, 42, 47, 6, 48, 24, 25, 29, 43], []]","[16, 0]",1305.5577931404114,0.8437846575844118,0.1562153424155882,-2.0433284437534964,-0.16465358059007043,0.0,-0.24265711321291505,0.0,0.1460739813829837,0.11839144300026289,0.0,0.0,0.0,-0.0736514541744986,0.0637151768160938,0.03660356737169172,0.0,0.0,0.0,-0.21498050086650372,0.0,0.0,0.0,0.0,-0.298986695530101,0.0,0.0,0.0618721240648349,0.061134746208417565,0.0,0.0,0.0,0.13721383322444958,0.0,0.0,0.0,0.0,0.0,0.0,0.0,0.0,0.0,0.0,0.0,0.0,-0.09808470250694176,0.09248010751098913,0.0,0.0,0.0,0.1716779157584843,-0.14171027641886005,0.0,0.0,0.0,0.0,0.0,0.0,0.8864842034371717,0.0,0.0,0.0,0.0,0.0,0.0,0.0,0.0,0.0,0.0,0.0,0.0,0.0,0.0,0.0,0.0,0.0,0.0,0.0,0.0,0.0,0.0,0.0,0.0,0.0,0.0,0.0,0.0,0.0,0.0,0.0,0.0,0.0,0.0,0.0,0.0,0.0,0.0,0.0,0.0,0.0,0.0,0.0,0.0,0.0,0.0,0.0,0.0,0.0,0.0,0.0,0.0,0.0,0.0,2.462545309025235,11.73464185000603
397,1691988247,True,,25.0,quantile_glm,7963.185473233465,-3767.7976737034196,7891.6696653745885,"[0, 5, 16, 12, 28, 18, 11, 3, 9, 17, 38, 14, 1, 26, 22, 21, 10, 13, 24, 25, 49, 42, 52, 15, 47, 6, 45, 41, 51, 19, 32, 40, 54, 33, 2, 31, 30, 46, 34, 48, 23, 53, 43, 44, 20, 27, 8, 36, 35, 50, 7]","[""Intercept"", ""xage"", ""child"", ""physlm"", ""lnum"", ""lfam"", ""disea"", ""black"", ""num"", ""fchild"", ""plan_11"", ""mdeoff"", ""coins"", ""xghindx"", ""fmde"", ""logc"", ""mhi"", ""ghindx"", ""hlthf"", ""hlthp"", ""site_5"", ""plan_16"", ""year_3"", ""pioff"", ""site_3"", ""female"", ""plan_19"", ""plan_15"", ""year_2"", ""lpi"", ""plan_5"", ""plan_14"", ""year_5"", ""plan_6"", ""tookphys"", ""plan_4"", ""plan_3"", ""site_2"", ""plan_7"", ""site_4"", ""hlthg"", ""year_4"", ""plan_17"", ""plan_18"", ""idp"", ""linc"", ""time"", ""plan_9"", ""plan_8"", ""site_6"", ""educdec""]","[[5, 16, 11, 3, 38, 1, 22, 21, 24, 25, 49, 42, 52, 47, 6, 45, 19, 54, 31, 30, 46, 34, 48, 53, 43, 50], [5, 16, 12, 28, 18, 11, 3, 9, 14, 25, 50]]","[26, 11]",1609.3377034664154,0.8269149911193266,0.17308500888067346,-2.4763364817822793,-0.03948895566668756,0.0,-0.14244617207340843,0.0,0.09637594508067095,0.08774120776051701,0.0,0.0,0.0,0.0,0.07358600742031736,0.0,0.0,0.0,0.0,-0.22125128102700856,0.0,0.0,0.1535518338830695,0.0,0.12206701130363463,-0.32136212788423213,0.0,0.08948295411641725,0.0667943899547564,0.0,0.0,0.0,0.0,-0.09369589352232126,-0.10769206576924917,0.0,0.0,0.10525375917081227,0.0,0.0,0.0,0.16098198151137044,0.0,0.0,0.0,-0.19296750976757537,0.17695523185294998,0.0,-0.038325574433037884,-0.27555846446708304,-0.012371809452861093,-0.2827799178856311,-0.16000984252841027,-0.4775802887229523,0.0,-1.5969605077387343,-0.336722714498955,-0.9945228887534941,0.11867596337778555,0.0,0.0,-0.6201406828309242,0.0,0.13723298963886535,0.0,0.0,0.0,-0.3927732260375694,0.0,0.1344095625987756,0.24106404023879507,0.0,-0.36372267291560595,0.0,-0.6014790680408217,0.0,0.1192845343736086,0.0,0.0,0.0,0.0,0.0,0.0,0.07101704794292202,0.0,0.0,0.11928140619414045,0.0,0.0,0.0,0.0,0.0,0.0,0.0,0.0,0.0,0.0,0.0,0.0,0.0,0.0,0.0,0.0,0.0,0.0,0.0,0.0,0.0,0.5900089792654968,0.0,0.0,0.0,0.0,1.633615406842193,5.12236069915011
398,1443504237,True,,50.0,quantile_glm,7775.2817776830725,-3749.2480926442927,7680.875714003774,"[0, 5, 16, 12, 28, 18, 9, 26, 3, 13, 17, 1, 11, 10, 38, 14, 22, 46, 42, 21, 47, 49, 2, 48, 52, 24, 15, 23, 25, 41, 6, 43, 33, 32, 4, 39, 51, 54, 45, 19, 36, 50, 27, 44, 7, 40, 20, 30, 35, 37, 34]","[""Intercept"", ""xage"", ""child"", ""physlm"", ""lnum"", ""lfam"", ""num"", ""xghindx"", ""black"", ""ghindx"", ""fchild"", ""coins"", ""disea"", ""mhi"", ""plan_11"", ""mdeoff"", ""fmde"", ""site_2"", ""plan_16"", ""logc"", ""site_3"", ""site_5"", ""tookphys"", ""site_4"", ""year_3"", ""hlthf"", ""pioff"", ""hlthg"", ""hlthp"", ""plan_15"", ""female"", ""plan_17"", ""plan_6"", ""plan_5"", ""income"", ""plan_13"", ""year_2"", ""year_5"", ""plan_19"", ""lpi"", ""plan_9"", ""site_6"", ""linc"", ""plan_18"", ""educdec"", ""plan_14"", ""idp"", ""plan_3"", ""plan_8"", ""plan_10"", ""plan_7""]","[[5, 16, 1, 11, 21, 47, 2, 48, 24, 25, 6, 43, 50, 34], [5, 16, 50]]","[14, 3]",1047.362045288086,0.8298570250738216,0.1701429749261783,-2.2775475285907705,-0.11328864048672496,0.10319880100848167,0.0,0.0,0.22512843549043265,0.12714047471396187,0.0,0.0,0.0,0.0,0.04570490589021782,0.0,0.0,0.0,0.0,-0.2042602440508834,0.0,0.0,0.0,0.0,-0.30145561875488397,0.0,0.0,0.07434845044930759,0.09044996186655313,0.0,0.0,0.0,0.0,0.0,0.0,0.0,0.0,0.08777631401169202,0.0,0.0,0.0,0.0,0.0,0.0,0.0,0.0,0.12888792010925817,0.0,0.0,0.0,0.1801960257262413,-0.21677085924896652,0.0,-0.4712680103907468,0.0,0.0,0.0,0.0,0.5020842849477221,0.0,0.0,0.0,0.0,0.25333374711621154,0.0,0.0,0.0,0.0,0.0,0.0,0.0,0.0,0.0,0.0,-0.4480710782516769,0.0,0.0,0.0,0.0,0.0,0.0,0.0,0.0,0.0,0.0,0.0,0.0,0.0,0.0,0.0,0.0,0.0,0.0,0.0,0.0,0.0,0.0,0.0,0.0,0.0,0.0,0.0,0.0,0.0,0.0,0.0,0.0,0.0,0.3661578292794713,0.0,0.0,0.0,0.0,1.8171158871636597,6.154083758133468
399,339341573,True,,50.0,kmeans_glm,7950.6123726500045,-3874.451361745645,7913.912773281223,"[0, 5, 16, 12, 11, 26, 17, 13, 28, 18, 9, 3, 38, 22, 21, 10, 1, 25, 14, 42, 24, 52, 49, 15, 6, 47, 4, 41, 19, 48, 40, 54, 43, 51, 45, 23, 2, 33, 32, 27, 29, 35, 8, 31, 46, 36, 7, 37, 44, 20, 53]","[""Intercept"", ""xage"", ""child"", ""physlm"", ""disea"", ""xghindx"", ""fchild"", ""ghindx"", ""lnum"", ""lfam"", ""num"", ""black"", ""plan_11"", ""fmde"", ""logc"", ""mhi"", ""coins"", ""hlthp"", ""mdeoff"", ""plan_16"", ""hlthf"", ""year_3"", ""site_5"", ""pioff"", ""female"", ""site_3"", ""income"", ""plan_15"", ""lpi"", ""site_4"", ""plan_14"", ""year_5"", ""plan_17"", ""year_2"", ""plan_19"", ""hlthg"", ""tookphys"", ""plan_6"", ""plan_5"", ""linc"", ""plan_2"", ""plan_8"", ""time"", ""plan_4"", ""site_2"", ""plan_9"", ""educdec"", ""plan_10"", ""plan_18"", ""idp"", ""year_4""]","[[5, 16, 11, 3, 22, 21, 10, 25, 42, 6, 47, 48, 43, 23, 29], []]","[15, 0]",1083.9901666641235,0.8338720546922298,0.16612794530777025,-2.036091079672845,0.0,0.0,-0.1692044450753287,0.0,0.24060435386358342,0.13051641337513303,0.0,0.0,0.0,-0.10508491426108624,0.09614100208069211,0.0,0.0,0.0,0.0,-0.1796365385641236,0.0,0.0,0.0,0.0,-0.17048513776246607,-0.11738503133576161,-0.0852480616042772,0.0,0.09166078577821399,0.0,0.0,0.0,0.08092177705127812,0.0,0.0,0.0,0.0,0.0,0.0,0.0,0.0,0.0,0.0,0.0,0.0,-0.11763068737749627,0.10606594849318174,0.0,0.0,0.0,0.19232116349565784,-0.11093584740596694,0.0,0.0,0.0,0.0,0.0,0.0,0.8131235052908199,0.0,0.0,0.0,0.0,0.0,0.0,0.0,0.0,0.0,0.0,0.0,0.0,0.0,0.0,0.0,0.0,0.0,0.0,0.0,0.0,0.0,0.0,0.0,0.0,0.0,0.0,0.0,0.0,0.0,0.0,0.0,0.0,0.0,0.0,0.0,0.0,0.0,0.0,0.0,0.0,0.0,0.0,0.0,0.0,0.0,0.0,0.0,0.0,0.0,0.0,0.0,0.0,0.0,0.0,2.2094586412253756,9.110782855511351
400,349004869,True,,50.0,quantile_glm,7882.696028704232,-3808.3017295385116,7798.982987792212,"[0, 5, 16, 11, 12, 26, 28, 18, 13, 9, 17, 1, 6, 10, 14, 38, 3, 47, 22, 42, 25, 21, 15, 48, 52, 49, 24, 41, 45, 43, 19, 23, 51, 46, 54, 30, 33, 7, 37, 31, 53, 50, 2, 8, 44, 40, 36, 32, 27, 4, 39]","[""Intercept"", ""xage"", ""child"", ""disea"", ""physlm"", ""xghindx"", ""lnum"", ""lfam"", ""ghindx"", ""num"", ""fchild"", ""coins"", ""female"", ""mhi"", ""mdeoff"", ""plan_11"", ""black"", ""site_3"", ""fmde"", ""plan_16"", ""hlthp"", ""logc"", ""pioff"", ""site_4"", ""year_3"", ""site_5"", ""hlthf"", ""plan_15"", ""plan_19"", ""plan_17"", ""lpi"", ""hlthg"", ""year_2"", ""site_2"", ""year_5"", ""plan_3"", ""plan_6"", ""educdec"", ""plan_10"", ""plan_4"", ""year_4"", ""site_6"", ""tookphys"", ""time"", ""plan_18"", ""plan_14"", ""plan_9"", ""plan_5"", ""linc"", ""income"", ""plan_13""]","[[5, 16, 11, 12, 1, 6, 10, 47, 22, 42, 21, 48, 43, 50], [16, 11, 12]]","[14, 3]",1222.9331140518188,0.8383395819847111,0.16166041801528883,-2.069669271279648,-0.11709671405970691,0.0,0.0,0.0,0.14405459901268408,0.19737760584508282,0.0,0.0,0.0,-0.05019489935447239,0.06838115004003602,0.045846837678598984,0.0,0.0,0.0,-0.21510289836208493,0.0,0.0,0.0,0.0,-0.07674892454391656,-0.14963461414322907,0.0,0.0,0.0,0.0,0.0,0.0,0.0,0.0,0.0,0.0,0.0,0.0,0.0,0.0,0.0,0.0,0.0,0.0,0.0,-0.1797894206704243,0.13038765617816706,0.0,0.0,0.0,0.12453306398677087,-0.2469106551906702,0.0,-0.2586984974863674,0.0,0.0,0.0,0.0,0.4388170072866277,0.0,0.0,0.0,0.0,0.0,0.0,0.0,0.0,0.0,0.0,0.2697985975007074,0.3009135761056162,0.0,0.0,0.0,-0.8051058594816547,0.0,0.0,0.0,0.0,0.0,0.0,0.0,0.0,0.0,0.0,0.0,0.0,0.0,0.0,0.0,0.0,0.0,0.0,0.0,0.0,0.0,0.0,0.0,0.0,0.0,0.0,0.0,0.0,0.0,0.0,0.0,0.0,0.0,0.0,0.0,0.0,0.0,0.0,2.06678544684834,7.899389253874874
401,1906437764,True,,50.0,kmeans_glm,7934.504153966928,-3857.2172907209515,7896.814110157092,"[0, 5, 16, 11, 28, 18, 9, 12, 17, 3, 26, 13, 1, 24, 14, 10, 38, 22, 47, 42, 49, 21, 41, 52, 32, 6, 48, 25, 51, 46, 15, 54, 29, 4, 53, 45, 39, 31, 33, 23, 40, 30, 27, 34, 20, 35, 8, 36, 44, 2, 7]","[""Intercept"", ""xage"", ""child"", ""disea"", ""lnum"", ""lfam"", ""num"", ""physlm"", ""fchild"", ""black"", ""xghindx"", ""ghindx"", ""coins"", ""hlthf"", ""mdeoff"", ""mhi"", ""plan_11"", ""fmde"", ""site_3"", ""plan_16"", ""site_5"", ""logc"", ""plan_15"", ""year_3"", ""plan_5"", ""female"", ""site_4"", ""hlthp"", ""year_2"", ""site_2"", ""pioff"", ""year_5"", ""plan_2"", ""income"", ""year_4"", ""plan_19"", ""plan_13"", ""plan_4"", ""plan_6"", ""hlthg"", ""plan_14"", ""plan_3"", ""linc"", ""plan_7"", ""idp"", ""plan_8"", ""time"", ""plan_9"", ""plan_18"", ""tookphys"", ""educdec""]","[[5, 16, 11, 28, 18, 3, 1, 24, 22, 47, 42, 21, 32, 6, 48, 25, 29], []]","[17, 0]",1362.07861328125,0.8383527287545287,0.1616472712454713,-2.1076017526240567,-0.14648137979000572,0.0,-0.20661555866571749,0.0,0.23340862888948552,0.13867498878628193,0.0,0.0,0.0,0.0,0.07807899467502416,0.0,0.0,0.0,0.0,-0.11861787023630527,0.0,-0.05256913616618343,0.0,0.0,-0.16304845377349936,-0.007454995773016456,0.0,0.12061486498773173,0.08742660170449683,0.0,0.0,-0.05257303388729187,0.13507704736500475,0.0,0.0,-0.11796241094379031,0.0,0.0,0.0,0.0,0.0,0.0,0.0,0.0,0.0,-0.07090683898973997,0.0,0.0,0.0,0.0,0.15674900948895917,-0.25003993267187546,0.0,0.0,0.0,0.0,0.0,0.0,0.8762705680622522,0.0,0.0,0.0,0.0,0.0,0.0,0.0,0.0,0.0,0.0,0.0,0.0,0.0,0.0,0.0,0.0,0.0,0.0,0.0,0.0,0.0,0.0,0.0,0.0,0.0,0.0,0.0,0.0,0.0,0.0,0.0,0.0,0.0,0.0,0.0,0.0,0.0,0.0,0.0,0.0,0.0,0.0,0.0,0.0,0.0,0.0,0.0,0.0,0.0,0.0,0.0,0.0,0.0,0.0,2.1357756147453886,8.463608461280055
402,1211572681,True,,50.0,kmeans_glm,7831.429128012348,-3812.7012365763203,7799.097262405201,"[0, 5, 16, 12, 11, 3, 28, 18, 9, 26, 17, 13, 22, 14, 1, 38, 10, 42, 21, 6, 41, 46, 49, 24, 52, 50, 47, 7, 15, 25, 23, 4, 33, 48, 40, 45, 37, 32, 27, 51, 20, 54, 39, 19, 2, 36, 29, 53, 8, 30, 44]","[""Intercept"", ""xage"", ""child"", ""physlm"", ""disea"", ""black"", ""lnum"", ""lfam"", ""num"", ""xghindx"", ""fchild"", ""ghindx"", ""fmde"", ""mdeoff"", ""coins"", ""plan_11"", ""mhi"", ""plan_16"", ""logc"", ""female"", ""plan_15"", ""site_2"", ""site_5"", ""hlthf"", ""year_3"", ""site_6"", ""site_3"", ""educdec"", ""pioff"", ""hlthp"", ""hlthg"", ""income"", ""plan_6"", ""site_4"", ""plan_14"", ""plan_19"", ""plan_10"", ""plan_5"", ""linc"", ""year_2"", ""idp"", ""year_5"", ""plan_13"", ""lpi"", ""tookphys"", ""plan_9"", ""plan_2"", ""year_4"", ""time"", ""plan_3"", ""plan_18""]","[[5, 16, 11, 3, 22, 1, 42, 21, 6, 41, 24, 52, 50, 47, 48, 29], []]","[16, 0]",1740.2251942157745,0.8339200450254227,0.16607995497457734,-2.245924884151602,-0.07520670488093834,0.0,-0.11908348307073927,0.0,0.16787249776666363,0.16356875454934114,0.0,0.0,0.0,0.0,0.08293328336911897,0.0,0.0,0.0,0.0,-0.14111592209147497,0.0,0.0,0.0,0.0,-0.030127332145972997,-0.21880211486746992,0.0,0.10911592102169693,0.0,0.0,0.0,0.0,0.05994038682297864,0.0,0.0,0.0,0.0,0.0,0.0,0.0,0.0,0.0,0.0,0.0,-0.11499890845239526,-0.1652704632781316,0.0,0.0,0.0,0.0,0.12529326505829824,-0.15100787792170658,0.0,-0.3179760586266073,0.0,-1.3779233098485617,0.0,0.0,0.795862128746968,0.0,0.0,0.0,0.0,0.0,0.0,0.0,0.0,0.0,0.0,0.0,0.0,0.0,0.0,0.0,0.0,0.0,0.0,0.0,0.0,0.0,0.0,0.0,0.0,0.0,0.0,0.0,0.0,0.0,0.0,0.0,0.0,0.0,0.0,0.0,0.0,0.0,0.0,0.0,0.0,0.0,0.0,0.0,0.0,0.0,0.0,0.0,0.0,0.0,0.0,0.0,0.0,0.0,0.0,2.22466781666085,9.250409461575142
403,1168786114,True,,100.0,kmeans_glm,8148.566024224018,-4006.698117009146,8091.558889181944,"[0, 5, 16, 12, 28, 18, 9, 26, 13, 14, 38, 22, 17, 11, 1, 21, 3, 15, 19, 10, 42, 49, 23, 52, 24, 2, 33, 4, 47, 46, 45, 48, 6, 7, 54, 27, 32, 36, 41, 51, 31, 25, 37, 34, 40, 8, 43, 30, 29, 53, 39]","[""Intercept"", ""xage"", ""child"", ""physlm"", ""lnum"", ""lfam"", ""num"", ""xghindx"", ""ghindx"", ""mdeoff"", ""plan_11"", ""fmde"", ""fchild"", ""disea"", ""coins"", ""logc"", ""black"", ""pioff"", ""lpi"", ""mhi"", ""plan_16"", ""site_5"", ""hlthg"", ""year_3"", ""hlthf"", ""tookphys"", ""plan_6"", ""income"", ""site_3"", ""site_2"", ""plan_19"", ""site_4"", ""female"", ""educdec"", ""year_5"", ""linc"", ""plan_5"", ""plan_9"", ""plan_15"", ""year_2"", ""plan_4"", ""hlthp"", ""plan_10"", ""plan_7"", ""plan_14"", ""time"", ""plan_17"", ""plan_3"", ""plan_2"", ""year_4"", ""plan_13""]","[[5, 22, 21, 3, 47], []]","[5, 0]",1565.5243859291077,0.83796847098063,0.16203152901937007,-1.8812220727422049,0.0,0.0,-0.1789422869923647,0.0,0.39707050514228176,0.0,0.0,0.0,0.0,0.0,0.0,0.0,0.0,0.0,0.0,0.0,0.0,0.0,0.0,0.0,-0.1796553091157493,-0.16198954040097213,0.0,0.0,0.0,0.0,0.0,0.0,0.0,0.0,0.0,0.0,0.0,0.0,0.0,0.0,0.0,0.0,0.0,0.0,0.0,0.0,0.0,0.0,0.0,0.0,0.15311884308152504,0.0,0.0,0.0,0.0,0.0,0.0,0.0,0.9708042057934618,0.0,0.0,0.0,0.0,0.0,0.0,0.0,0.0,0.0,0.0,0.0,0.0,0.0,0.0,0.0,0.0,0.0,0.0,0.0,0.0,0.0,0.0,0.0,0.0,0.0,0.0,0.0,0.0,0.0,0.0,0.0,0.0,0.0,0.0,0.0,0.0,0.0,0.0,0.0,0.0,0.0,0.0,0.0,0.0,0.0,0.0,0.0,0.0,0.0,0.0,0.0,0.0,0.0,0.0,2.392239235071988,10.937959202948422
404,1475471699,True,,50.0,kmeans_glm,7993.408352652752,-3851.0584306776464,7901.865868995737,"[0, 5, 16, 28, 18, 11, 12, 9, 38, 17, 3, 14, 22, 21, 1, 26, 13, 15, 25, 10, 42, 19, 47, 48, 49, 52, 41, 46, 24, 4, 33, 6, 30, 23, 32, 43, 2, 45, 29, 54, 27, 36, 51, 20, 31, 7, 53, 34, 8, 37, 39]","[""Intercept"", ""xage"", ""child"", ""lnum"", ""lfam"", ""disea"", ""physlm"", ""num"", ""plan_11"", ""fchild"", ""black"", ""mdeoff"", ""fmde"", ""logc"", ""coins"", ""xghindx"", ""ghindx"", ""pioff"", ""hlthp"", ""mhi"", ""plan_16"", ""lpi"", ""site_3"", ""site_4"", ""site_5"", ""year_3"", ""plan_15"", ""site_2"", ""hlthf"", ""income"", ""plan_6"", ""female"", ""plan_3"", ""hlthg"", ""plan_5"", ""plan_17"", ""tookphys"", ""plan_19"", ""plan_2"", ""year_5"", ""linc"", ""plan_9"", ""year_2"", ""idp"", ""plan_4"", ""educdec"", ""year_4"", ""plan_7"", ""time"", ""plan_10"", ""plan_13""]","[[5, 16, 11, 3, 22, 21, 42, 47, 48, 52, 6, 30, 43, 29, 34], [5, 12, 38, 25]]","[15, 4]",1780.446742773056,0.8254943988151611,0.17450560118483888,-2.580570165840568,0.0,0.0,-0.17774209210920225,0.0,0.2834543480166351,0.07836853986237682,0.0,0.0,0.0,0.0,0.0486371110611381,0.0,0.0,0.0,0.0,-0.10446028272966391,0.0,0.0,0.0,0.0,-0.05295542956069631,-0.29168151561887234,0.0,0.0,0.0,0.0,0.0,0.0,0.09798765815398151,-1.9132909118420305,0.0,0.0,0.0,0.14890856814568681,0.0,0.0,0.0,0.0,0.0,0.0,0.0,-0.25542507405026554,0.16057951875797158,0.0,0.0,0.0,0.2066257177095158,-0.16125993172867129,0.0,0.0,0.0,-1.814706249507665,0.0,0.0,0.45914278099369094,0.0,0.0,0.0,0.0,0.6175225947128323,0.0,0.0,0.0,0.0,0.0,0.0,0.23589559776327598,0.0,0.0,0.0,0.0,0.0,0.0,0.0,0.0,0.0,0.0,0.0,0.0,0.025882627592482933,0.0,0.0,0.0,0.0,0.0,0.0,0.0,0.0,0.0,0.0,0.0,0.0,0.4142363052162933,0.0,0.0,0.0,0.0,0.0,0.0,0.0,0.0,0.0,0.0,0.0,0.0,0.0,0.0,0.0,0.0,2.010586446585575,7.4676954679360605
405,1112183834,True,,50.0,kmeans_glm,8152.33864110435,-3959.869191187054,8093.433171626669,"[0, 5, 16, 12, 11, 28, 18, 26, 13, 9, 3, 1, 14, 22, 10, 38, 17, 21, 15, 49, 19, 25, 6, 24, 52, 47, 46, 42, 41, 33, 48, 40, 45, 23, 4, 27, 2, 32, 54, 30, 36, 53, 51, 35, 39, 20, 43, 8, 37, 31, 7]","[""Intercept"", ""xage"", ""child"", ""physlm"", ""disea"", ""lnum"", ""lfam"", ""xghindx"", ""ghindx"", ""num"", ""black"", ""coins"", ""mdeoff"", ""fmde"", ""mhi"", ""plan_11"", ""fchild"", ""logc"", ""pioff"", ""site_5"", ""lpi"", ""hlthp"", ""female"", ""hlthf"", ""year_3"", ""site_3"", ""site_2"", ""plan_16"", ""plan_15"", ""plan_6"", ""site_4"", ""plan_14"", ""plan_19"", ""hlthg"", ""income"", ""linc"", ""tookphys"", ""plan_5"", ""year_5"", ""plan_3"", ""plan_9"", ""year_4"", ""year_2"", ""plan_8"", ""plan_13"", ""idp"", ""plan_17"", ""time"", ""plan_10"", ""plan_4"", ""educdec""]","[[5, 16, 12, 11, 3, 1, 22, 21, 25, 6, 24, 47, 43, 7], [12, 11]]","[14, 2]",1031.543016910553,0.8659255817496013,0.13407441825039876,-2.073064004817532,-0.05802050096979042,0.0,-0.18238127691941602,0.0,0.11636637616324086,0.19727882498875268,0.13852371073270306,0.0,0.0,0.0,0.07474997265224757,0.058818075360394156,0.0,0.0,0.0,-0.24106157667774541,0.0,0.0,0.0,0.0,-0.1224872735888453,-0.20263438921316512,0.0,0.11915915965050974,0.13305300092644,0.0,0.0,0.0,0.0,0.0,0.0,0.0,0.0,0.0,0.0,0.0,0.0,0.0,0.0,0.0,0.0,0.0,0.11635967083387311,0.0,0.0,0.0,0.19771562883769125,0.0,0.0,0.0,0.0,0.0,0.0,0.0,0.9284914387027233,0.0,0.0,0.0,0.0,0.0,0.0,0.0,0.0,0.0,0.0,0.28061428986866777,0.2873875143946551,0.0,0.0,0.0,0.0,0.0,0.0,0.0,0.0,0.0,0.0,0.0,0.0,0.0,0.0,0.0,0.0,0.0,0.0,0.0,0.0,0.0,0.0,0.0,0.0,0.0,0.0,0.0,0.0,0.0,0.0,0.0,0.0,0.0,0.0,0.0,0.0,0.0,0.0,0.0,0.0,0.0,0.0,1.797541887226862,6.0347950106893995
406,400700961,True,,25.0,kmeans_glm,7759.512539222932,-3671.711180718794,7699.496679405337,"[0, 5, 16, 12, 26, 11, 13, 38, 22, 28, 18, 9, 14, 21, 1, 3, 10, 17, 48, 25, 47, 49, 15, 52, 6, 19, 24, 32, 33, 46, 41, 42, 45, 2, 40, 53, 34, 54, 23, 51, 30, 7, 44, 20, 36, 31, 8, 29, 27, 39, 50]","[""Intercept"", ""xage"", ""child"", ""physlm"", ""xghindx"", ""disea"", ""ghindx"", ""plan_11"", ""fmde"", ""lnum"", ""lfam"", ""num"", ""mdeoff"", ""logc"", ""coins"", ""black"", ""mhi"", ""fchild"", ""site_4"", ""hlthp"", ""site_3"", ""site_5"", ""pioff"", ""year_3"", ""female"", ""lpi"", ""hlthf"", ""plan_5"", ""plan_6"", ""site_2"", ""plan_15"", ""plan_16"", ""plan_19"", ""tookphys"", ""plan_14"", ""year_4"", ""plan_7"", ""year_5"", ""hlthg"", ""year_2"", ""plan_3"", ""educdec"", ""plan_18"", ""idp"", ""plan_9"", ""plan_4"", ""time"", ""plan_2"", ""linc"", ""plan_13"", ""site_6""]","[[5, 16, 26, 11, 38, 22, 1, 3, 10, 48, 25, 47, 49, 52, 6, 24, 32, 42, 40, 53, 34, 54, 30, 7, 44, 20, 29, 50], [16, 12, 26, 11, 38, 28, 18, 3, 50]]","[28, 9]",1490.6441669464111,0.8281599899018525,0.17184001009814753,-2.6165551093222983,-0.2443410853501343,0.0,-0.030549708092212573,0.0,0.18640900359222587,0.16501429992398012,0.14999809009216714,0.0,0.0,-0.06804015295904316,0.03183179098422027,0.0,0.0,0.0,0.0,-0.11509849335595584,0.0,0.0,0.0,-0.3268039319780775,0.0,-0.44689766440649675,0.0,0.05027220044489838,0.08931006802695172,-0.050418946275499026,0.0,0.0,0.11188648495676459,-0.016016516950548367,0.0,-0.1520191950978465,0.0,0.07585836209736113,0.0,0.0,0.0,-0.345119396573419,0.0,-0.275572937668418,0.0,-0.20960235300219263,0.0,-0.1440477078411075,0.0,0.0,0.1560979844797535,-0.2568532167398146,-0.07934297374769061,-0.2850308526059664,0.0,-1.7365453896613965,-1.0493177907641253,-1.0793988175145215,0.12249639631842976,0.0,0.0,-0.4002284169957783,0.0,0.0,0.0,0.0,0.0,0.0,0.0,0.11017204553504556,0.1757046326394751,0.0,0.0,0.0,-0.8074332309703159,0.0,-0.01646393467376037,0.0,0.0,0.0,0.0,0.0,0.0,0.0,-0.23937065036561006,0.0,-0.01646455716337965,0.0,0.0,0.0,0.0,0.0,0.0,0.0,0.0,0.0,0.3518723934308069,0.0,0.0,0.0,0.0,0.0,0.0,0.0,0.0,0.0,0.0,0.0,0.5113756784491379,0.0,0.0,0.0,0.0,1.6865389815404181,5.400756203982642
407,1498809970,True,,50.0,quantile_glm,8306.022898227791,-4017.9081387413453,8209.511066735251,"[0, 5, 16, 12, 26, 3, 9, 1, 28, 18, 38, 13, 17, 14, 11, 22, 47, 21, 49, 23, 41, 52, 24, 48, 15, 10, 42, 32, 36, 2, 30, 54, 53, 27, 50, 19, 45, 4, 25, 31, 33, 51, 39, 6, 34, 40, 46, 37, 35, 44, 8]","[""Intercept"", ""xage"", ""child"", ""physlm"", ""xghindx"", ""black"", ""num"", ""coins"", ""lnum"", ""lfam"", ""plan_11"", ""ghindx"", ""fchild"", ""mdeoff"", ""disea"", ""fmde"", ""site_3"", ""logc"", ""site_5"", ""hlthg"", ""plan_15"", ""year_3"", ""hlthf"", ""site_4"", ""pioff"", ""mhi"", ""plan_16"", ""plan_5"", ""plan_9"", ""tookphys"", ""plan_3"", ""year_5"", ""year_4"", ""linc"", ""site_6"", ""lpi"", ""plan_19"", ""income"", ""hlthp"", ""plan_4"", ""plan_6"", ""year_2"", ""plan_13"", ""female"", ""plan_7"", ""plan_14"", ""site_2"", ""plan_10"", ""plan_8"", ""plan_18"", ""time""]","[[5, 16, 3, 1, 38, 11, 47, 21, 24, 48, 50, 34], [5, 16, 12, 50]]","[12, 4]",1502.4982299804688,0.827156651363063,0.17284334863693698,-2.0403277932853614,-0.14745109395898284,0.0,-0.1750467568176212,0.0,0.18994805628731226,0.0,0.0,0.0,0.0,0.0,0.09187302493956141,0.0,0.0,0.0,0.0,-0.18667890541665194,0.0,0.0,0.0,0.0,-0.25206896512372007,0.0,0.0,0.06434969724277396,0.0,0.0,0.0,0.0,0.0,0.0,0.0,0.0,0.0,0.06881487457089172,0.0,0.0,0.0,0.04838367586719593,0.0,0.0,0.0,0.0,0.0,0.0,0.0,0.0,0.18670528898820157,-0.26534389787600055,0.0,-0.26496679754375585,0.0,0.0,0.0,0.0,0.4284786413848931,0.0,0.0,0.0,0.0,0.1748539568921584,0.0,0.0,0.0,0.0,0.0,0.0,0.33616737284863496,0.0,0.0,0.0,-0.5624379191521596,0.0,0.0,0.0,0.0,0.0,0.0,0.0,0.0,0.0,0.0,0.0,0.0,0.0,0.0,0.0,0.0,0.0,0.0,0.0,0.0,0.0,0.0,0.0,0.0,0.0,0.0,0.0,0.0,0.0,0.0,0.0,0.0,0.0,0.6011530754298609,0.0,0.0,0.0,0.0,1.9174716557110494,6.8037345211106315
408,593222277,True,,25.0,quantile_glm,7770.105375726306,-3681.849409357834,7702.403657758161,"[0, 5, 16, 11, 12, 9, 28, 18, 26, 17, 13, 14, 1, 3, 22, 38, 10, 24, 52, 6, 21, 49, 47, 48, 23, 45, 15, 33, 32, 39, 42, 25, 41, 20, 27, 30, 54, 50, 51, 37, 40, 53, 19, 29, 4, 8, 46, 44, 2, 43, 34]","[""Intercept"", ""xage"", ""child"", ""disea"", ""physlm"", ""num"", ""lnum"", ""lfam"", ""xghindx"", ""fchild"", ""ghindx"", ""mdeoff"", ""coins"", ""black"", ""fmde"", ""plan_11"", ""mhi"", ""hlthf"", ""year_3"", ""female"", ""logc"", ""site_5"", ""site_3"", ""site_4"", ""hlthg"", ""plan_19"", ""pioff"", ""plan_6"", ""plan_5"", ""plan_13"", ""plan_16"", ""hlthp"", ""plan_15"", ""idp"", ""linc"", ""plan_3"", ""year_5"", ""site_6"", ""year_2"", ""plan_10"", ""plan_14"", ""year_4"", ""lpi"", ""plan_2"", ""income"", ""time"", ""site_2"", ""plan_18"", ""tookphys"", ""plan_17"", ""plan_7""]","[[5, 16, 11, 1, 3, 22, 24, 52, 6, 49, 47, 48, 45, 15, 42, 25, 41, 30, 54, 50, 37, 53, 29, 46, 43, 34], [5, 16, 11, 12, 9, 14, 3, 49, 50]]","[26, 9]",1078.3421745300293,0.8371860029866726,0.1628139970133274,-2.554665376702062,-0.16325608822319332,0.0,-0.04322402456273156,0.0,0.10154528640815517,0.11868773626497787,0.0,0.0,0.0,0.0,0.06884671679337118,0.0,0.0,0.0,0.14979855203240255,-0.16995556222633668,0.0,0.0,0.0,0.0,0.0,-0.2760376392080969,0.0,0.043097119292277705,0.09716992024000455,0.0,0.0,0.0,0.06282266374868223,-1.1533566638197335,0.0,0.0,0.0,0.0479782094472648,0.0,0.0,-0.0667533295581471,0.0,0.0,0.0,-0.0979825129626598,-0.059684453283064764,0.14973547093697473,0.0,-0.07446025031253108,-0.1863886104378613,0.06939994733686318,-0.26351990974474526,-0.12294856060462289,-0.3756912278650077,0.0,-1.9588644041076755,-1.0688549650355323,-1.0405675948141324,0.01172067614155508,0.0,0.0,-0.5314282989676015,0.0,0.012635401760696188,0.0,0.0,0.0,-0.3879170881280142,0.0,0.16789346634693011,0.17257647358038164,0.0,-0.14438054168242853,0.0,-0.7663845590726448,0.0,0.0,0.0,0.0,0.0,0.0,0.0,0.0,0.0,0.0,0.0,0.0,0.0,0.0,0.0,0.0,0.0,0.0,0.0,0.0,0.0,0.0,0.0,0.0,0.0,0.0,0.0,0.0,0.0,0.0,0.0,0.0,-0.08743713408373195,0.6987125028258612,0.0,0.0,0.0,0.0,1.9052515448696323,6.721098072753133
409,1362775808,True,,50.0,quantile_glm,7711.863521526809,-3910.558842807427,8020.866693255299,"[0, 5, 16, 26, 13, 12, 11, 38, 10, 22, 21, 17, 3, 14, 4, 28, 18, 47, 9, 49, 1, 19, 42, 15, 27, 6, 52, 23, 2, 24, 41, 50, 32, 20, 48, 46, 51, 39, 33, 45, 54, 43, 30, 29, 35, 44, 25, 37, 8, 31, 53]","[""Intercept"", ""xage"", ""child"", ""xghindx"", ""ghindx"", ""physlm"", ""disea"", ""plan_11"", ""mhi"", ""fmde"", ""logc"", ""fchild"", ""black"", ""mdeoff"", ""income"", ""lnum"", ""lfam"", ""site_3"", ""num"", ""site_5"", ""coins"", ""lpi"", ""plan_16"", ""pioff"", ""linc"", ""female"", ""year_3"", ""hlthg"", ""tookphys"", ""hlthf"", ""plan_15"", ""site_6"", ""plan_5"", ""idp"", ""site_4"", ""site_2"", ""year_2"", ""plan_13"", ""plan_6"", ""plan_19"", ""year_5"", ""plan_17"", ""plan_3"", ""plan_2"", ""plan_8"", ""plan_18"", ""hlthp"", ""plan_10"", ""time"", ""plan_4"", ""year_4""]","[[5, 16, 26, 11, 38, 10, 22, 21, 4, 47, 49, 6, 2, 50, 46, 43, 29, 35], [16]]","[18, 1]",1975.8985996246338,0.7660319775735365,0.23396802242646358,-6.035019354890298,0.0,0.02126927112653251,0.0,0.08320923261400205,0.24539972467271778,0.13272138606306771,0.0,0.0,0.0,-0.049894869212798204,0.11980355269861763,0.0,0.0,0.0,0.0,-3.4668955032560316,0.0,0.0,0.0,0.0,-0.19778500865057488,0.1383682686893129,0.0,0.0,0.0,-0.15847825372565513,0.0,0.0,0.08110264381378829,0.0,0.0,0.0,0.0,0.0,0.11411068318305302,0.0,0.0,0.2995460932185051,0.0,0.0,0.0,0.0,0.16127987550587736,0.0,0.0,-0.19391377146075728,0.140056425737877,0.0,-2.1839395976900287,-0.36239047290637355,0.0,0.0,0.0,0.0,0.39475802810392535,0.0,0.0,0.0,0.0,0.0,0.0,0.0,0.0,0.0,0.0,0.0,0.0,0.0,0.0,0.0,-0.6546299845466648,0.0,0.0,0.0,0.0,0.0,0.0,0.0,0.0,0.0,0.0,0.0,0.0,0.0,0.0,0.0,0.0,0.0,0.0,0.0,0.0,0.0,0.0,0.0,0.0,0.0,0.0,0.0,0.0,0.0,0.0,0.0,0.0,0.0,0.0,0.0,0.0,0.0,0.0,1.2591768056496238,3.5225205744856516
410,1704624847,True,,25.0,kmeans_glm,7934.269855738674,-3766.456650913012,7906.35709871903,"[0, 5, 16, 12, 11, 26, 28, 18, 3, 13, 9, 1, 38, 10, 14, 17, 22, 21, 25, 49, 41, 6, 42, 48, 15, 33, 45, 19, 51, 47, 24, 32, 52, 50, 2, 23, 43, 53, 4, 27, 40, 30, 54, 39, 34, 29, 36, 7, 46, 8, 31]","[""Intercept"", ""xage"", ""child"", ""physlm"", ""disea"", ""xghindx"", ""lnum"", ""lfam"", ""black"", ""ghindx"", ""num"", ""coins"", ""plan_11"", ""mhi"", ""mdeoff"", ""fchild"", ""fmde"", ""logc"", ""hlthp"", ""site_5"", ""plan_15"", ""female"", ""plan_16"", ""site_4"", ""pioff"", ""plan_6"", ""plan_19"", ""lpi"", ""year_2"", ""site_3"", ""hlthf"", ""plan_5"", ""year_3"", ""site_6"", ""tookphys"", ""hlthg"", ""plan_17"", ""year_4"", ""income"", ""linc"", ""plan_14"", ""plan_3"", ""year_5"", ""plan_13"", ""plan_7"", ""plan_2"", ""plan_9"", ""educdec"", ""site_2"", ""time"", ""plan_4""]","[[5, 16, 11, 3, 13, 1, 38, 10, 25, 49, 41, 6, 42, 48, 33, 45, 51, 47, 24, 50, 43, 53, 4, 40, 54, 34, 29, 7, 46, 8], [16, 12, 11, 26, 3, 9, 1, 25, 50]]","[30, 9]",1817.6919457912445,0.8136927798715117,0.1863072201284883,-3.1055471502016987,-0.0249624072583784,0.0,-0.11163546467706399,0.05400143795316454,0.17500753513027034,0.2027977715432653,0.07575359481073331,1.4069364562728617,0.0,-0.09092964153649225,0.01958523394481895,0.0,-0.043896833705114005,0.0,0.0,-0.1344861280913484,0.0,0.0,0.0,0.0,0.0,0.0,0.0,0.08435239550998852,0.06926401787832302,0.0,0.0,0.0,0.10239104089214116,0.0,0.0,0.0,-0.12179262629260276,0.1302843219181383,0.0,0.0,0.0,0.31364634074332326,0.0,-0.042289113077234514,-1.2624611947871363,-0.14638771469403813,0.16504208116278773,0.0,-1.4428594100786465,-0.2742545522895214,0.04003449221488565,-0.3586771243813891,-0.24952236277196108,-0.3437116428995282,-1.619591444077763,0.0,-1.0826727983404025,-1.049139364966651,0.1132982441129097,-0.2575994180986852,0.0,-0.6255819203281605,0.0,0.0,0.0,0.0,0.0,-0.1625741947422878,0.0,0.09699609039753979,0.21087545493770143,0.0,0.0,0.0,-0.6158056623619228,0.0,0.0,0.0,0.0,0.0,0.0,0.0,0.0,0.0608022026784753,-0.24693594312618752,0.0,0.0,0.0,0.0,0.0,0.0,0.0,0.0,0.0,0.0,0.0,0.0,0.0,0.0,0.0,0.0,0.0,0.0,0.0,0.0,0.0,0.0,0.0,0.5738020735349701,0.0,0.0,0.0,0.0,1.5451742139887013,4.68878840840338
411,290392417,True,,50.0,quantile_glm,8201.81951519067,-3983.742719440257,8132.495488670447,"[0, 5, 16, 12, 26, 11, 13, 28, 18, 9, 38, 17, 6, 3, 1, 14, 21, 22, 10, 47, 42, 48, 25, 49, 23, 19, 15, 52, 7, 43, 45, 4, 54, 51, 41, 32, 31, 20, 46, 33, 2, 30, 24, 34, 36, 40, 8, 44, 27, 39, 35]","[""Intercept"", ""xage"", ""child"", ""physlm"", ""xghindx"", ""disea"", ""ghindx"", ""lnum"", ""lfam"", ""num"", ""plan_11"", ""fchild"", ""female"", ""black"", ""coins"", ""mdeoff"", ""logc"", ""fmde"", ""mhi"", ""site_3"", ""plan_16"", ""site_4"", ""hlthp"", ""site_5"", ""hlthg"", ""lpi"", ""pioff"", ""year_3"", ""educdec"", ""plan_17"", ""plan_19"", ""income"", ""year_5"", ""year_2"", ""plan_15"", ""plan_5"", ""plan_4"", ""idp"", ""site_2"", ""plan_6"", ""tookphys"", ""plan_3"", ""hlthf"", ""plan_7"", ""plan_9"", ""plan_14"", ""time"", ""plan_18"", ""linc"", ""plan_13"", ""plan_8""]","[[5, 16, 11, 6, 3, 21, 47, 42, 48, 19, 43, 31, 34], [5, 12]]","[13, 2]",1337.5788085460663,0.8295326191754446,0.17046738082455548,-2.0124747688547915,0.0,0.0,-0.12759057500042237,0.0,0.16731315900135166,0.16904481159746554,0.0,0.0,0.0,0.0,0.06390266309157042,0.0,0.0,0.0,0.0,-0.2568734365317208,0.0,0.0,-0.0537747092027007,0.0,-0.2959497184419957,0.0,0.0,0.0,0.0,0.0,0.0,0.0,0.0,0.0,-0.11671606047371286,0.0,0.0,0.11863114045669532,0.0,0.0,0.0,0.0,0.0,0.0,0.0,-0.20075671522071586,0.09685050042616399,0.0,0.0,0.0,0.22947821049385386,-0.12810679729743207,0.0,0.0,0.0,0.0,0.0,0.0,0.7384199055536467,0.0,0.0,0.0,0.0,0.3931326125167773,0.0,0.0,0.0,0.0,0.0,0.0,0.3224202802876079,0.0,0.0,0.0,0.0,0.0,0.0,0.0,0.0,0.0,0.0,0.0,0.0,0.0,0.0,0.0,0.0,0.0,0.0,0.0,0.0,0.0,0.0,0.0,0.0,0.0,0.0,0.0,0.0,0.0,0.0,0.0,0.0,0.0,0.0,0.0,0.0,0.0,0.0,0.0,0.0,0.0,0.0,2.234229354983663,9.339281807232675
412,1532676992,True,,50.0,quantile_glm,8003.515610811165,-3862.427668932285,7907.234866579759,"[0, 5, 16, 11, 28, 18, 9, 12, 26, 38, 13, 22, 21, 14, 17, 3, 10, 1, 25, 47, 49, 6, 42, 52, 48, 15, 24, 23, 46, 19, 54, 53, 33, 32, 45, 2, 34, 51, 20, 30, 36, 37, 41, 39, 27, 29, 50, 40, 8, 31, 43]","[""Intercept"", ""xage"", ""child"", ""disea"", ""lnum"", ""lfam"", ""num"", ""physlm"", ""xghindx"", ""plan_11"", ""ghindx"", ""fmde"", ""logc"", ""mdeoff"", ""fchild"", ""black"", ""mhi"", ""coins"", ""hlthp"", ""site_3"", ""site_5"", ""female"", ""plan_16"", ""year_3"", ""site_4"", ""pioff"", ""hlthf"", ""hlthg"", ""site_2"", ""lpi"", ""year_5"", ""year_4"", ""plan_6"", ""plan_5"", ""plan_19"", ""tookphys"", ""plan_7"", ""year_2"", ""idp"", ""plan_3"", ""plan_9"", ""plan_10"", ""plan_15"", ""plan_13"", ""linc"", ""plan_2"", ""site_6"", ""plan_14"", ""time"", ""plan_4"", ""plan_17""]","[[5, 11, 26, 21, 3, 1, 25, 47, 6, 48, 34, 29, 50], [16, 11, 38, 50]]","[13, 4]",1318.414276599884,0.8205431449589289,0.179456855041071,-2.205286897661281,-0.13874568620273164,0.0,-0.13692794349571813,0.0,0.28868718400236815,0.13026740499265402,0.0,0.0,0.0,0.0,0.0646400492268948,0.0,0.0,0.0,0.0,0.0,0.0,0.0,0.0,0.0,-0.27316324933375136,0.0,0.0,0.0,0.07818762153767801,-0.11691837881123772,0.0,0.0,0.11557644803355767,0.0,0.0,0.0,0.0,0.11041565740386934,0.0,0.0,0.0,0.0,0.0,0.0,0.0,0.0,0.0,0.0,0.0,0.0,0.19291525690381123,-0.2865878002991148,0.0,-0.3425488042068672,0.0,0.0,0.0,0.0,0.373171249598694,0.0,0.0,0.0,0.0,0.0,0.0,0.0,0.0,0.0,0.0,0.3728664730325661,0.0,0.0,0.0,0.0,-0.7424236288792909,0.0,0.0,0.0,0.0,0.0,0.0,0.0,0.0,0.0,0.0,0.0,0.0,0.0,0.0,0.0,0.0,0.0,0.0,0.0,0.0,0.0,0.29443199420213156,0.0,0.0,0.0,0.0,0.0,0.0,0.0,0.0,0.0,0.0,0.0,0.37189565460488605,0.0,0.0,0.0,0.0,1.7391568171214429,5.692541544959764
413,150738478,True,,50.0,kmeans_glm,7658.733305995667,-3681.15781693007,7605.488338813725,"[0, 5, 16, 12, 11, 28, 18, 26, 9, 13, 14, 38, 22, 3, 10, 24, 21, 17, 1, 48, 47, 15, 42, 25, 6, 41, 52, 46, 49, 19, 32, 2, 37, 53, 30, 45, 44, 54, 33, 4, 27, 40, 31, 51, 50, 20, 36, 8, 43, 29, 34]","[""Intercept"", ""xage"", ""child"", ""physlm"", ""disea"", ""lnum"", ""lfam"", ""xghindx"", ""num"", ""ghindx"", ""mdeoff"", ""plan_11"", ""fmde"", ""black"", ""mhi"", ""hlthf"", ""logc"", ""fchild"", ""coins"", ""site_4"", ""site_3"", ""pioff"", ""plan_16"", ""hlthp"", ""female"", ""plan_15"", ""year_3"", ""site_2"", ""site_5"", ""lpi"", ""plan_5"", ""tookphys"", ""plan_10"", ""year_4"", ""plan_3"", ""plan_19"", ""plan_18"", ""year_5"", ""plan_6"", ""income"", ""linc"", ""plan_14"", ""plan_4"", ""year_2"", ""site_6"", ""idp"", ""plan_9"", ""time"", ""plan_17"", ""plan_2"", ""plan_7""]","[[5, 16, 12, 11, 28, 18, 38, 22, 3, 24, 21, 1, 48, 47, 42, 25, 6, 52, 30, 50, 43, 29], [5, 12]]","[22, 2]",1539.520975112915,0.8331616589956038,0.16683834100439626,-2.548969613969746,-0.06915230040533295,0.0,-0.1298425657164811,0.0,0.11881075243522791,0.17160816515189056,0.0,0.0,0.0,0.0,0.06308029373340013,0.03882022997224302,0.0,0.0,0.0,-0.14724458663539372,0.0,-0.022107718475938853,0.0,0.0,0.13425666717923398,-0.2756121410508451,0.0,0.10158712250719547,0.10791132276999582,0.0,0.0,-0.02210982041711649,0.08372888770007701,-1.0918298609747679,0.0,0.0,0.0,0.0,0.0,0.0,0.0,0.13076781060027912,0.0,0.0,0.0,-0.3032577213803803,0.1448215807717421,0.0,0.0,0.0,0.13497283776111196,-0.33941655583130104,0.0,-0.29538993494794696,0.0,-1.695373197933811,0.0,0.0,0.4468651481894058,0.0,0.0,0.0,0.0,0.5266988780890361,0.0,0.0,0.0,0.0,0.0,0.0,0.31375777565287144,0.0,0.0,0.0,0.0,0.0,0.0,0.0,0.0,0.0,0.0,0.0,0.0,0.0,0.0,0.0,0.0,0.0,0.0,0.0,0.0,0.0,0.0,0.0,0.0,0.0,0.0,0.0,0.0,0.0,0.0,0.0,0.0,0.0,0.0,0.0,0.0,0.0,0.0,0.0,0.0,0.0,0.0,1.9083439032058354,6.741914285412993
414,1053896214,True,,50.0,kmeans_glm,8084.101364639854,-3898.315870615914,8031.119706722785,"[0, 5, 16, 12, 38, 22, 21, 26, 11, 13, 28, 18, 3, 9, 14, 10, 1, 17, 49, 47, 6, 42, 15, 2, 19, 41, 33, 25, 48, 52, 46, 45, 4, 24, 23, 20, 34, 39, 51, 27, 44, 32, 54, 30, 50, 7, 37, 36, 29, 35, 40]","[""Intercept"", ""xage"", ""child"", ""physlm"", ""plan_11"", ""fmde"", ""logc"", ""xghindx"", ""disea"", ""ghindx"", ""lnum"", ""lfam"", ""black"", ""num"", ""mdeoff"", ""mhi"", ""coins"", ""fchild"", ""site_5"", ""site_3"", ""female"", ""plan_16"", ""pioff"", ""tookphys"", ""lpi"", ""plan_15"", ""plan_6"", ""hlthp"", ""site_4"", ""year_3"", ""site_2"", ""plan_19"", ""income"", ""hlthf"", ""hlthg"", ""idp"", ""plan_7"", ""plan_13"", ""year_2"", ""linc"", ""plan_18"", ""plan_5"", ""year_5"", ""plan_3"", ""site_6"", ""educdec"", ""plan_10"", ""plan_9"", ""plan_2"", ""plan_8"", ""plan_14""]","[[5, 16, 12, 38, 22, 21, 13, 28, 18, 3, 10, 49, 47, 6, 42, 41, 25, 48, 24, 34, 50, 29, 35], []]","[23, 0]",1340.1259453296661,0.832972516660995,0.16702748333900494,-2.132417710331475,0.0,0.0,-0.0953471533382172,0.0,0.25362750503110504,0.20676586340512396,0.0,0.0,0.0,-0.04155359870196814,0.0,0.05032098072696897,-0.07196664865599901,0.0,0.0,-0.06810064871529942,0.0,-0.02261389691485663,0.0,0.0,0.09684108583500034,-0.17997938202693467,0.0,0.05017032913829309,0.08779817631528426,0.0,0.0,-0.022615253425983108,0.09756916121135173,0.0,0.0,0.0,0.0,0.1404886837237251,0.0976415856079072,0.0,0.0,0.274771772414348,0.0,0.0,-0.2250214592283876,-0.15656322574367657,0.0,0.0,0.0,0.0,0.10849738402983052,-0.24061157854745724,-0.1690537672462656,-0.3342690894878987,0.0,0.0,0.0,0.0,0.8726559077183393,0.0,0.0,0.0,0.0,0.0,0.0,0.0,0.0,0.0,0.0,0.0,0.0,0.0,0.0,0.0,0.0,0.0,0.0,0.0,0.0,0.0,0.0,0.0,0.0,0.0,0.0,0.0,0.0,0.0,0.0,0.0,0.0,0.0,0.0,0.0,0.0,0.0,0.0,0.0,0.0,0.0,0.0,0.0,0.0,0.0,0.0,0.0,0.0,0.0,0.0,0.0,0.0,0.0,0.0,2.178102855194196,8.829539444317893
415,1375213704,True,,50.0,kmeans_glm,8244.6085851234,-3998.2928837553454,8178.96529622588,"[0, 5, 16, 11, 3, 28, 18, 12, 9, 22, 17, 1, 38, 14, 21, 26, 13, 48, 41, 42, 49, 23, 10, 4, 52, 15, 6, 32, 45, 47, 27, 24, 19, 46, 53, 54, 33, 31, 50, 51, 2, 25, 29, 34, 8, 36, 39, 40, 37, 43, 30]","[""Intercept"", ""xage"", ""child"", ""disea"", ""black"", ""lnum"", ""lfam"", ""physlm"", ""num"", ""fmde"", ""fchild"", ""coins"", ""plan_11"", ""mdeoff"", ""logc"", ""xghindx"", ""ghindx"", ""site_4"", ""plan_15"", ""plan_16"", ""site_5"", ""hlthg"", ""mhi"", ""income"", ""year_3"", ""pioff"", ""female"", ""plan_5"", ""plan_19"", ""site_3"", ""linc"", ""hlthf"", ""lpi"", ""site_2"", ""year_4"", ""year_5"", ""plan_6"", ""plan_4"", ""site_6"", ""year_2"", ""tookphys"", ""hlthp"", ""plan_2"", ""plan_7"", ""time"", ""plan_9"", ""plan_13"", ""plan_14"", ""plan_10"", ""plan_17"", ""plan_3""]","[[5, 16, 11, 3, 22, 1, 21, 48, 42, 6, 47, 31, 50, 29, 34, 43], [50]]","[16, 1]",1449.004956483841,0.8325117164833167,0.1674882835166833,-2.067127616434331,-0.1371357791951866,0.0,-0.14643844268668874,0.0,0.1972788069563553,0.09031487325527963,0.0,0.0,0.0,0.0,0.1201660668070359,0.0,0.0,0.0,0.0,-0.20627165605141476,0.0,0.0,0.0,0.0,-0.00924569314152007,-0.26661978884464155,0.0,0.0,0.0,0.0,0.0,0.0,0.09077606862467487,0.0,-0.07606955890794175,0.0,0.0,0.1286250601987652,0.0,0.0,0.0,0.0,0.0,0.0,0.0,-0.09811912346212714,0.1149029028669066,0.0,0.0,0.0,0.10888319505052403,-0.21898743152627662,0.0,-0.3467472841553141,0.0,0.0,0.0,0.0,0.7758116836489498,0.0,0.0,0.0,0.0,0.0,0.0,0.0,0.0,0.0,0.0,0.0,0.0,0.0,0.0,0.0,0.0,0.0,0.0,0.0,0.0,0.0,0.0,0.0,0.0,0.0,0.0,0.0,0.0,0.0,0.0,0.0,0.0,0.0,0.0,0.0,0.0,0.0,0.0,0.0,0.0,0.0,0.0,0.0,0.0,0.0,0.0,0.0,0.0,0.0,0.45603456558193056,0.0,0.0,0.0,0.0,2.056708072218245,7.82018391027178
416,1642872706,True,,50.0,kmeans_glm,7701.138140038473,-3732.219838827618,7638.134466907796,"[0, 5, 16, 11, 28, 18, 38, 14, 22, 12, 9, 26, 13, 1, 21, 3, 17, 25, 47, 15, 10, 19, 41, 53, 42, 52, 49, 6, 2, 48, 33, 45, 32, 7, 54, 24, 36, 46, 30, 51, 50, 44, 40, 23, 4, 35, 29, 8, 37, 31, 39]","[""Intercept"", ""xage"", ""child"", ""disea"", ""lnum"", ""lfam"", ""plan_11"", ""mdeoff"", ""fmde"", ""physlm"", ""num"", ""xghindx"", ""ghindx"", ""coins"", ""logc"", ""black"", ""fchild"", ""hlthp"", ""site_3"", ""pioff"", ""mhi"", ""lpi"", ""plan_15"", ""year_4"", ""plan_16"", ""year_3"", ""site_5"", ""female"", ""tookphys"", ""site_4"", ""plan_6"", ""plan_19"", ""plan_5"", ""educdec"", ""year_5"", ""hlthf"", ""plan_9"", ""site_2"", ""plan_3"", ""year_2"", ""site_6"", ""plan_18"", ""plan_14"", ""hlthg"", ""income"", ""plan_8"", ""plan_2"", ""time"", ""plan_10"", ""plan_4"", ""plan_13""]","[[5, 16, 11, 38, 22, 1, 25, 47, 42, 6, 48, 50, 44, 29], [11, 12]]","[14, 2]",1869.5902223587036,0.8484470144471444,0.1515529855528556,-1.9898210478414105,-0.13653470258360337,0.0,0.0,0.0,0.12466097658932405,0.10754065648973044,0.0,0.0,0.0,0.0,0.10508737677664326,0.0,0.0,0.0,0.0,-0.20226078547537849,0.0,0.0,0.0,0.0,0.0,-0.05890945056492668,0.0,0.0,0.06938754365086994,0.0,0.0,0.0,0.12184423534816353,0.0,0.0,0.0,0.0,0.0,0.0,0.0,0.0,0.16507526333529596,0.0,0.0,0.0,-0.08926716789751805,0.0,-0.16490312899972295,0.0,0.0,0.15805272694943115,-0.19743729697641,0.0,-0.3504053632935543,0.0,0.0,0.0,0.0,0.6854025172136389,0.0,0.0,0.0,0.0,0.0,0.0,0.0,0.0,0.0,0.0,0.3068206415329497,0.28609759794363276,0.0,0.0,0.0,0.0,0.0,0.0,0.0,0.0,0.0,0.0,0.0,0.0,0.0,0.0,0.0,0.0,0.0,0.0,0.0,0.0,0.0,0.0,0.0,0.0,0.0,0.0,0.0,0.0,0.0,0.0,0.0,0.0,0.0,0.0,0.0,0.0,0.0,0.0,0.0,0.0,0.0,0.0,2.4629641169759537,11.739557440584006
417,244455176,True,,50.0,kmeans_glm,7806.477310144994,-3750.3038281116633,7700.356663863771,"[0, 5, 16, 12, 11, 28, 18, 9, 3, 26, 38, 14, 13, 22, 47, 1, 21, 17, 10, 49, 24, 6, 48, 42, 41, 15, 52, 32, 45, 27, 33, 40, 30, 43, 36, 19, 29, 25, 51, 54, 2, 44, 4, 53, 50, 8, 46, 23, 34, 20, 7]","[""Intercept"", ""xage"", ""child"", ""physlm"", ""disea"", ""lnum"", ""lfam"", ""num"", ""black"", ""xghindx"", ""plan_11"", ""mdeoff"", ""ghindx"", ""fmde"", ""site_3"", ""coins"", ""logc"", ""fchild"", ""mhi"", ""site_5"", ""hlthf"", ""female"", ""site_4"", ""plan_16"", ""plan_15"", ""pioff"", ""year_3"", ""plan_5"", ""plan_19"", ""linc"", ""plan_6"", ""plan_14"", ""plan_3"", ""plan_17"", ""plan_9"", ""lpi"", ""plan_2"", ""hlthp"", ""year_2"", ""year_5"", ""tookphys"", ""plan_18"", ""income"", ""year_4"", ""site_6"", ""time"", ""site_2"", ""hlthg"", ""plan_7"", ""idp"", ""educdec""]","[[5, 16, 11, 3, 38, 22, 47, 1, 6, 48, 43, 29, 50, 23, 34], [5, 12, 11, 50]]","[15, 4]",1499.7800269126892,0.8430364953972012,0.15696350460279887,-2.0394521174005367,-0.11642863106181585,0.0,-0.14953372608541712,0.0,0.1987632440692137,0.11748222264406817,0.0,0.0,0.0,0.0,0.0705136588321646,0.0,0.0,0.0,0.0,-0.21316978567517975,0.0,0.0,0.0,0.0,0.0,-0.14388617181631225,-0.11761614050360035,0.0,0.0,0.0,0.0,0.0,0.1492572632369701,0.0,0.0,0.0,0.0,0.1412329940767274,0.0,0.0,0.0,0.16266392682494057,0.0,0.0,0.0,0.0,0.15734653808228646,0.0,0.0,0.0,0.17298933621740492,-0.18942871441238668,0.0,-0.1977095918171969,0.0,0.0,0.0,0.0,0.35504477626046527,0.0,0.0,0.0,0.0,0.499345737591894,0.0,0.0,0.0,0.0,0.0,0.2163333968597873,0.2934384507041583,0.0,0.0,0.0,0.0,0.0,0.0,0.0,0.0,0.0,0.0,0.0,0.0,0.0,0.0,0.0,0.0,0.0,0.0,0.0,0.0,0.0,0.0,0.0,0.0,0.0,0.0,0.0,0.0,0.0,0.0,0.0,0.0,0.0,0.0,0.0,0.0,0.0,0.5209027972052003,0.0,0.0,0.0,0.0,2.0515969855277847,7.780316242712797
418,881675359,True,,100.0,quantile_glm,7946.996986327666,-3898.4750954795204,7883.797585585321,"[0, 5, 16, 11, 28, 18, 9, 12, 17, 3, 1, 38, 22, 14, 26, 21, 47, 48, 13, 10, 42, 49, 2, 15, 24, 52, 19, 33, 23, 40, 41, 51, 46, 31, 44, 4, 54, 6, 29, 27, 34, 7, 32, 45, 43, 35, 25, 30, 8, 39, 37]","[""Intercept"", ""xage"", ""child"", ""disea"", ""lnum"", ""lfam"", ""num"", ""physlm"", ""fchild"", ""black"", ""coins"", ""plan_11"", ""fmde"", ""mdeoff"", ""xghindx"", ""logc"", ""site_3"", ""site_4"", ""ghindx"", ""mhi"", ""plan_16"", ""site_5"", ""tookphys"", ""pioff"", ""hlthf"", ""year_3"", ""lpi"", ""plan_6"", ""hlthg"", ""plan_14"", ""plan_15"", ""year_2"", ""site_2"", ""plan_4"", ""plan_18"", ""income"", ""year_5"", ""female"", ""plan_2"", ""linc"", ""plan_7"", ""educdec"", ""plan_5"", ""plan_19"", ""plan_17"", ""plan_8"", ""hlthp"", ""plan_3"", ""time"", ""plan_13"", ""plan_10""]","[[5, 11, 21, 47, 48, 29], []]","[6, 0]",1228.0141541957855,0.8497512896168509,0.15024871038314924,-1.8619977828717118,0.0,0.0,0.0,0.0,0.3540266987412689,0.0,0.0,0.0,0.0,0.0,0.11547812138035123,0.0,0.0,0.0,0.0,0.0,0.0,0.0,0.0,0.0,-0.2536972514496708,0.0,0.0,0.0,0.0,0.0,0.0,0.0,0.08910036462342852,0.0,0.0,0.0,0.0,0.0,0.0,0.0,0.0,0.0,0.0,0.0,0.0,0.0,0.0,0.0,0.0,0.0,0.21825578488263087,-0.13736307718863486,0.0,0.0,0.0,0.0,0.0,0.0,0.9233391243949297,0.0,0.0,0.0,0.0,0.0,0.0,0.0,0.0,0.0,0.0,0.0,0.0,0.0,0.0,0.0,0.0,0.0,0.0,0.0,0.0,0.0,0.0,0.0,0.0,0.0,0.0,0.0,0.0,0.0,0.0,0.0,0.0,0.0,0.0,0.0,0.0,0.0,0.0,0.0,0.0,0.0,0.0,0.0,0.0,0.0,0.0,0.0,0.0,0.0,0.0,0.0,0.0,0.0,0.0,2.495310743543842,12.125500854327832
419,785881586,True,,100.0,kmeans_glm,7716.373274680685,-3779.330304117864,7645.508002862009,"[0, 5, 16, 28, 18, 9, 12, 1, 14, 11, 17, 38, 26, 3, 13, 22, 48, 10, 42, 21, 23, 49, 47, 52, 25, 24, 15, 46, 41, 19, 6, 32, 31, 54, 36, 39, 43, 33, 51, 45, 4, 30, 40, 27, 7, 53, 37, 8, 44, 2, 34]","[""Intercept"", ""xage"", ""child"", ""lnum"", ""lfam"", ""num"", ""physlm"", ""coins"", ""mdeoff"", ""disea"", ""fchild"", ""plan_11"", ""xghindx"", ""black"", ""ghindx"", ""fmde"", ""site_4"", ""mhi"", ""plan_16"", ""logc"", ""hlthg"", ""site_5"", ""site_3"", ""year_3"", ""hlthp"", ""hlthf"", ""pioff"", ""site_2"", ""plan_15"", ""lpi"", ""female"", ""plan_5"", ""plan_4"", ""year_5"", ""plan_9"", ""plan_13"", ""plan_17"", ""plan_6"", ""year_2"", ""plan_19"", ""income"", ""plan_3"", ""plan_14"", ""linc"", ""educdec"", ""year_4"", ""plan_10"", ""time"", ""plan_18"", ""tookphys"", ""plan_7""]","[[5, 16, 1, 3, 21, 47], []]","[6, 0]",1063.140055179596,0.8446428915214734,0.15535710847852646,-1.9140512952312039,-0.12826080426831304,0.0,-0.157087926197568,0.0,0.20765158840428977,0.0,0.0,0.0,0.0,0.0,0.0,0.0,0.0,0.0,0.0,-0.20680457084198337,0.0,0.0,0.0,0.0,-0.17113354821040866,0.0,0.0,0.0,0.0,0.0,0.0,0.0,0.0,0.0,0.0,0.0,0.0,0.0,0.0,0.0,0.0,0.0,0.0,0.0,0.0,0.0,0.0,0.0,0.0,0.0,0.1457618413398256,0.0,0.0,0.0,0.0,0.0,0.0,0.0,0.8929481934227546,0.0,0.0,0.0,0.0,0.0,0.0,0.0,0.0,0.0,0.0,0.0,0.0,0.0,0.0,0.0,0.0,0.0,0.0,0.0,0.0,0.0,0.0,0.0,0.0,0.0,0.0,0.0,0.0,0.0,0.0,0.0,0.0,0.0,0.0,0.0,0.0,0.0,0.0,0.0,0.0,0.0,0.0,0.0,0.0,0.0,0.0,0.0,0.0,0.0,0.0,0.0,0.0,0.0,0.0,2.509965530598378,12.304505924244127
420,2089734229,True,,50.0,quantile_glm,8076.090050036376,-3865.2504842222625,7956.304194472854,"[0, 5, 16, 12, 11, 28, 18, 9, 14, 17, 22, 38, 1, 26, 3, 21, 42, 10, 13, 6, 15, 47, 49, 23, 48, 25, 32, 52, 45, 19, 51, 33, 37, 46, 54, 30, 43, 2, 31, 24, 36, 7, 4, 8, 44, 34, 41, 53, 39, 50, 35]","[""Intercept"", ""xage"", ""child"", ""physlm"", ""disea"", ""lnum"", ""lfam"", ""num"", ""mdeoff"", ""fchild"", ""fmde"", ""plan_11"", ""coins"", ""xghindx"", ""black"", ""logc"", ""plan_16"", ""mhi"", ""ghindx"", ""female"", ""pioff"", ""site_3"", ""site_5"", ""hlthg"", ""site_4"", ""hlthp"", ""plan_5"", ""year_3"", ""plan_19"", ""lpi"", ""year_2"", ""plan_6"", ""plan_10"", ""site_2"", ""year_5"", ""plan_3"", ""plan_17"", ""tookphys"", ""plan_4"", ""hlthf"", ""plan_9"", ""educdec"", ""income"", ""time"", ""plan_18"", ""plan_7"", ""plan_15"", ""year_4"", ""plan_13"", ""site_6"", ""plan_8""]","[[5, 16, 12, 11, 22, 1, 42, 10, 6, 47, 48, 32, 43, 24, 34, 50, 35], [5, 16, 12, 25, 50]]","[17, 5]",1275.647174358368,0.8224373379386439,0.17756266206135607,-2.425598398315939,-0.1086507111126517,0.0,0.0,0.0,0.16841227959154295,0.12385493147491623,0.0,0.0,0.0,-0.053868501080254115,0.06520797909964605,0.06060801314995546,0.0,0.0,0.0,-0.19899381175534728,0.0,0.0,0.0,0.0,0.0,-0.32025916202844673,0.0,0.03469117015140975,0.0,0.0,0.0,0.0,0.0,0.0,0.0,-0.1290221818172636,0.0,0.13613611809082105,0.06855591732274054,0.0,0.0,0.0,0.0,0.0,0.0,-1.454937009410747,0.15730704376543997,0.0,0.0,0.0,0.15401544831512645,-0.17519889314696943,0.0,-0.3629860801903702,0.0,0.0,0.0,0.0,0.49748891553197655,0.0,0.0,0.0,0.0,0.07967484274899962,0.0,0.0,0.0,0.0,0.0,0.0,0.26723481466619625,0.0,0.0,0.0,-0.6977925747976296,0.0,0.0,0.0,0.0,0.0,0.0,0.0,0.0,0.15443692663093408,0.0,0.0,0.0,0.0,0.0,0.0,0.0,0.0,0.0,0.0,0.0,0.0,0.0,0.0,0.0,0.0,0.0,0.0,0.0,0.0,0.0,0.0,0.0,0.0,0.4718023302933173,0.0,0.0,0.0,0.0,2.108314826122886,8.234353269028833
421,1559862264,True,,50.0,quantile_glm,7923.94292838189,-3830.049272920899,7885.901771870127,"[0, 5, 16, 12, 28, 18, 9, 26, 11, 13, 3, 25, 38, 1, 14, 17, 22, 10, 47, 21, 24, 15, 32, 19, 42, 52, 49, 48, 41, 6, 2, 46, 4, 45, 54, 36, 50, 30, 23, 37, 29, 39, 35, 53, 27, 51, 8, 33, 40, 44, 7]","[""Intercept"", ""xage"", ""child"", ""physlm"", ""lnum"", ""lfam"", ""num"", ""xghindx"", ""disea"", ""ghindx"", ""black"", ""hlthp"", ""plan_11"", ""coins"", ""mdeoff"", ""fchild"", ""fmde"", ""mhi"", ""site_3"", ""logc"", ""hlthf"", ""pioff"", ""plan_5"", ""lpi"", ""plan_16"", ""year_3"", ""site_5"", ""site_4"", ""plan_15"", ""female"", ""tookphys"", ""site_2"", ""income"", ""plan_19"", ""year_5"", ""plan_9"", ""site_6"", ""plan_3"", ""hlthg"", ""plan_10"", ""plan_2"", ""plan_13"", ""plan_8"", ""year_4"", ""linc"", ""year_2"", ""time"", ""plan_6"", ""plan_14"", ""plan_18"", ""educdec""]","[[5, 16, 28, 18, 11, 3, 25, 38, 1, 47, 21, 32, 42, 52, 48, 6, 4, 50, 29, 35], [12, 25]]","[20, 2]",1520.8626790046692,0.8403567399575139,0.15964326004248605,-2.8138939413905937,-0.1350790313712068,0.0,-0.06325613887492665,0.11670584589800855,0.169978841392556,0.12446024959075334,0.0,0.0,0.0,0.0,0.04494066585461456,0.0,0.0,0.0,0.0,-0.1836454946839871,0.0,-0.05887393290233911,0.0,0.0,-0.005495931292859832,0.0,0.0,0.0,0.1148492346671842,0.0,0.0,-0.058876553637765776,0.1566313119726818,0.0,0.0,-2.4824479268293973,0.0,0.0,0.07938746739697568,0.0,0.0,0.12746902605397617,0.0,0.0,0.0,-0.24244385382844175,0.0,0.0,0.0,0.0,0.1659887656029704,-0.2709251107032367,0.0,-0.2940519917635077,0.0,-1.6892878166791288,0.0,0.0,0.6872088071553174,0.0,0.0,0.0,0.0,0.0,0.0,0.0,0.0,0.0,0.0,0.0,0.3067985757724254,0.0,0.0,0.0,0.0,0.0,0.0,0.0,0.0,0.0,0.0,0.0,0.0,0.1856403752971913,0.0,0.0,0.0,0.0,0.0,0.0,0.0,0.0,0.0,0.0,0.0,0.0,0.0,0.0,0.0,0.0,0.0,0.0,0.0,0.0,0.0,0.0,0.0,0.0,0.0,0.0,0.0,0.0,0.0,1.9854115978579634,7.28204404243177
422,1031838959,True,,50.0,quantile_glm,8066.50248398915,-3889.237900209245,7969.540068596307,"[0, 5, 16, 12, 28, 18, 9, 11, 22, 3, 38, 14, 21, 17, 1, 26, 42, 10, 13, 48, 4, 19, 27, 52, 49, 15, 25, 46, 40, 24, 45, 51, 32, 33, 23, 54, 6, 29, 47, 41, 7, 53, 2, 50, 34, 8, 30, 36, 20, 39, 31]","[""Intercept"", ""xage"", ""child"", ""physlm"", ""lnum"", ""lfam"", ""num"", ""disea"", ""fmde"", ""black"", ""plan_11"", ""mdeoff"", ""logc"", ""fchild"", ""coins"", ""xghindx"", ""plan_16"", ""mhi"", ""ghindx"", ""site_4"", ""income"", ""lpi"", ""linc"", ""year_3"", ""site_5"", ""pioff"", ""hlthp"", ""site_2"", ""plan_14"", ""hlthf"", ""plan_19"", ""year_2"", ""plan_5"", ""plan_6"", ""hlthg"", ""year_5"", ""female"", ""plan_2"", ""site_3"", ""plan_15"", ""educdec"", ""year_4"", ""tookphys"", ""site_6"", ""plan_7"", ""time"", ""plan_3"", ""plan_9"", ""idp"", ""plan_13"", ""plan_4""]","[[5, 16, 12, 11, 3, 38, 21, 42, 48, 4, 24, 6, 29, 47, 50, 34], [5, 50]]","[16, 2]",1274.2365822792053,0.833737500037961,0.166262499962039,-2.0671774976653627,0.0,0.0,-0.12901272822940432,0.10901182519507371,0.20309584926023885,0.2003953900669287,0.0,0.0,0.0,0.0,0.027339793577146165,0.05976847636248373,0.0,0.0,0.0,-0.13274247490675364,0.0,0.0,0.0,0.0,-0.11595055603909803,0.0,0.0,0.12139426766504856,0.0,0.0,0.0,0.0,0.08708336776171759,0.0,0.0,0.0,0.0,0.0928054368675112,0.0,0.0,0.0,0.18006392720312242,0.0,0.0,0.0,-0.1725816119623988,0.0,0.0,0.0,0.0,0.10283153424666042,-0.26810799762354365,0.0,-0.3218904518374505,0.0,0.0,0.0,0.0,0.5583779767537244,0.0,0.0,0.0,0.0,0.6241667095702721,0.0,0.0,0.0,0.0,0.0,0.0,0.0,0.0,0.0,0.0,0.0,0.0,0.0,0.0,0.0,0.0,0.0,0.0,0.0,0.0,0.0,0.0,0.0,0.0,0.0,0.0,0.0,0.0,0.0,0.0,0.0,0.0,0.0,0.0,0.0,0.0,0.0,0.0,0.0,0.0,0.0,0.0,0.0,0.0,0.5438919660201552,0.0,0.0,0.0,0.0,2.105137340834066,8.208230257375215
423,1852272121,True,,50.0,quantile_glm,7914.36568306993,-3815.9400843681015,7814.259697451392,"[0, 5, 16, 12, 11, 17, 3, 9, 10, 26, 28, 18, 13, 1, 14, 42, 38, 22, 6, 49, 21, 23, 48, 52, 47, 32, 51, 4, 41, 24, 15, 45, 30, 46, 54, 50, 43, 53, 29, 36, 7, 33, 34, 31, 39, 25, 27, 19, 8, 2, 35]","[""Intercept"", ""xage"", ""child"", ""physlm"", ""disea"", ""fchild"", ""black"", ""num"", ""mhi"", ""xghindx"", ""lnum"", ""lfam"", ""ghindx"", ""coins"", ""mdeoff"", ""plan_16"", ""plan_11"", ""fmde"", ""female"", ""site_5"", ""logc"", ""hlthg"", ""site_4"", ""year_3"", ""site_3"", ""plan_5"", ""year_2"", ""income"", ""plan_15"", ""hlthf"", ""pioff"", ""plan_19"", ""plan_3"", ""site_2"", ""year_5"", ""site_6"", ""plan_17"", ""year_4"", ""plan_2"", ""plan_9"", ""educdec"", ""plan_6"", ""plan_7"", ""plan_4"", ""plan_13"", ""hlthp"", ""linc"", ""lpi"", ""time"", ""tookphys"", ""plan_8""]","[[5, 16, 3, 10, 1, 42, 6, 21, 48, 47, 24, 50, 43, 29, 34], [16, 50]]","[15, 2]",1095.4008276462555,0.8344120509773267,0.16558794902267324,-2.09619212867837,-0.2465559959479382,0.0,-0.17274297823835863,0.0,0.2844438923303073,0.10954710227262468,0.0,0.0,0.0,-0.05956232689034858,0.0,0.0,0.0,0.0,0.0,-0.15445824228789834,0.0,0.0,0.0,0.0,-0.19721956713508704,0.0,0.0,0.05917052776720258,0.0,0.0,0.0,0.0,0.1655745846046255,0.0,0.0,0.0,0.0,0.09871031561674805,0.0,0.0,0.0,0.0,0.0,0.0,0.0,-0.15469155527790984,0.11262369863289555,0.0,0.0,0.0,0.13346137617102596,-0.18592343164750916,0.0,-0.1398039500545399,0.0,0.0,0.0,0.0,0.47105300984828835,0.0,0.0,0.0,0.0,0.0,0.0,0.0,0.0,0.0,0.0,0.0,0.0,0.0,0.0,0.0,-0.7741464362041813,0.0,0.0,0.0,0.0,0.0,0.0,0.0,0.0,0.0,0.0,0.0,0.0,0.0,0.0,0.0,0.0,0.0,0.0,0.0,0.0,0.0,0.0,0.0,0.0,0.0,0.0,0.0,0.0,0.0,0.0,0.0,0.0,0.0,0.5513464367939362,0.0,0.0,0.0,0.0,2.0342611096533556,7.646600038646385
424,1175513414,True,,50.0,quantile_glm,8208.110036584334,-3962.8175677644936,8134.06888263206,"[0, 5, 16, 12, 38, 9, 28, 18, 3, 11, 22, 14, 21, 17, 26, 13, 1, 48, 47, 49, 46, 42, 10, 52, 15, 6, 4, 24, 32, 41, 25, 33, 29, 45, 27, 53, 37, 31, 54, 36, 19, 40, 34, 2, 23, 51, 30, 8, 20, 7, 43]","[""Intercept"", ""xage"", ""child"", ""physlm"", ""plan_11"", ""num"", ""lnum"", ""lfam"", ""black"", ""disea"", ""fmde"", ""mdeoff"", ""logc"", ""fchild"", ""xghindx"", ""ghindx"", ""coins"", ""site_4"", ""site_3"", ""site_5"", ""site_2"", ""plan_16"", ""mhi"", ""year_3"", ""pioff"", ""female"", ""income"", ""hlthf"", ""plan_5"", ""plan_15"", ""hlthp"", ""plan_6"", ""plan_2"", ""plan_19"", ""linc"", ""year_4"", ""plan_10"", ""plan_4"", ""year_5"", ""plan_9"", ""lpi"", ""plan_14"", ""plan_7"", ""tookphys"", ""hlthg"", ""year_2"", ""plan_3"", ""time"", ""idp"", ""educdec"", ""plan_17""]","[[5, 16, 12, 38, 28, 18, 3, 11, 21, 13, 48, 47, 42, 52, 6, 24, 25, 29, 34], [16]]","[19, 1]",1316.8528156280518,0.8381986974935537,0.1618013025064463,-2.2662366460987804,0.0,0.0,-0.2419961555760704,0.0,0.15082666140133552,0.13123006438178786,0.0,0.0,0.0,0.0,0.0336842581435773,0.07065106226362655,-0.05464453901027091,0.0,0.0,-0.11335064932884188,0.0,-0.0521708469006827,0.0,0.0,-0.13547886212049673,0.0,0.0,0.04398707157197513,0.07521420605805322,0.0,0.0,-0.05217001969843509,0.14020659594187293,0.0,0.0,0.0,0.0,0.08914859922932422,0.0,0.0,0.0,0.1636627776868692,0.0,0.0,0.0,-0.10631338521136616,0.0,0.0,0.0,0.0,0.17165208252637026,-0.25173652069255814,0.0,0.0,0.0,-1.8225454687763578,0.0,0.0,0.6327224076227329,0.0,0.0,0.0,0.0,0.0,0.0,0.0,0.0,0.0,0.0,0.0,0.0,0.0,0.0,0.0,-0.6154100272905898,0.0,0.0,0.0,0.0,0.0,0.0,0.0,0.0,0.0,0.0,0.0,0.0,0.0,0.0,0.0,0.0,0.0,0.0,0.0,0.0,0.0,0.0,0.0,0.0,0.0,0.0,0.0,0.0,0.0,0.0,0.0,0.0,0.0,0.0,0.0,0.0,0.0,0.0,2.041309368288582,7.700685634126649
425,1452901801,True,,50.0,kmeans_glm,8061.189976165144,-3922.794961562135,8019.284712376831,"[0, 5, 16, 38, 12, 22, 26, 28, 18, 13, 21, 14, 11, 9, 3, 1, 17, 15, 24, 6, 10, 49, 41, 52, 19, 48, 42, 47, 45, 29, 51, 46, 40, 33, 32, 37, 54, 2, 30, 27, 31, 4, 25, 36, 23, 8, 35, 50, 53, 34, 43]","[""Intercept"", ""xage"", ""child"", ""plan_11"", ""physlm"", ""fmde"", ""xghindx"", ""lnum"", ""lfam"", ""ghindx"", ""logc"", ""mdeoff"", ""disea"", ""num"", ""black"", ""coins"", ""fchild"", ""pioff"", ""hlthf"", ""female"", ""mhi"", ""site_5"", ""plan_15"", ""year_3"", ""lpi"", ""site_4"", ""plan_16"", ""site_3"", ""plan_19"", ""plan_2"", ""year_2"", ""site_2"", ""plan_14"", ""plan_6"", ""plan_5"", ""plan_10"", ""year_5"", ""tookphys"", ""plan_3"", ""linc"", ""plan_4"", ""income"", ""hlthp"", ""plan_9"", ""hlthg"", ""time"", ""plan_8"", ""site_6"", ""year_4"", ""plan_7"", ""plan_17""]","[[5, 16, 12, 26, 21, 11, 1, 6, 10, 48, 42, 47, 29, 35, 50, 43], []]","[16, 0]",1205.1997623443604,0.8355203171021323,0.1644796828978677,-2.048869922520352,-0.19825399346370548,0.0,0.0,0.0,0.26138452715769417,0.1410653707670924,0.0,0.0,0.0,-0.033839808932387624,0.06204631097910151,0.03610643999043765,0.0,0.0,0.0,-0.14508101507508303,0.0,0.0,0.0,0.0,-0.28961892297925806,0.0,0.0,0.0,0.0,-0.03486767720724463,0.0,0.0,0.1651302021409398,0.0,0.0,0.0,0.0,0.0,0.09468039099561236,0.0,0.0,0.0,0.0,0.0,0.0,-0.08122760604959066,0.08313906710310544,0.0,0.0,0.0,0.13372570847114457,-0.2440416883585012,0.0,-0.28936012361426294,0.0,0.0,0.0,0.0,0.9581924756202443,0.0,0.0,0.0,0.0,0.0,0.0,0.0,0.0,0.0,0.0,0.0,0.0,0.0,0.0,0.0,0.0,0.0,0.0,0.0,0.0,0.0,0.0,0.0,0.0,0.0,0.0,0.0,0.0,0.0,0.0,0.0,0.0,0.0,0.0,0.0,0.0,0.0,0.0,0.0,0.0,0.0,0.0,0.0,0.0,0.0,0.0,0.0,0.0,0.0,0.0,0.0,0.0,0.0,0.0,2.3668776618507237,10.664043498270821
426,1720188007,True,,50.0,quantile_glm,7658.175149642244,-3708.5669218597386,7590.828632972038,"[0, 5, 16, 12, 11, 3, 26, 13, 1, 38, 14, 22, 28, 18, 9, 47, 17, 21, 49, 42, 15, 6, 10, 2, 19, 48, 41, 25, 52, 4, 51, 33, 23, 40, 46, 27, 45, 32, 54, 30, 43, 36, 24, 31, 39, 7, 34, 8, 29, 53, 44]","[""Intercept"", ""xage"", ""child"", ""physlm"", ""disea"", ""black"", ""xghindx"", ""ghindx"", ""coins"", ""plan_11"", ""mdeoff"", ""fmde"", ""lnum"", ""lfam"", ""num"", ""site_3"", ""fchild"", ""logc"", ""site_5"", ""plan_16"", ""pioff"", ""female"", ""mhi"", ""tookphys"", ""lpi"", ""site_4"", ""plan_15"", ""hlthp"", ""year_3"", ""income"", ""year_2"", ""plan_6"", ""hlthg"", ""plan_14"", ""site_2"", ""linc"", ""plan_19"", ""plan_5"", ""year_5"", ""plan_3"", ""plan_17"", ""plan_9"", ""hlthf"", ""plan_4"", ""plan_13"", ""educdec"", ""plan_7"", ""time"", ""plan_2"", ""year_4"", ""plan_18""]","[[5, 16, 11, 3, 1, 22, 47, 6, 2, 48, 25, 40, 34, 29], [12, 11]]","[14, 2]",1300.4737658500671,0.8379721890839575,0.16202781091604246,-2.147854511668876,-0.18190151403989474,0.10350589634459728,-0.28586531304387525,0.0,0.18134236194190573,0.1589356558454527,0.0,0.0,0.0,0.0,0.10578051453079448,0.0,0.0,0.0,0.0,-0.18637323219991533,0.0,0.0,0.0,0.0,0.0,-0.2582264582374829,0.0,0.0,0.048367904550063345,0.0,0.0,0.0,0.13043284113796844,0.0,0.0,0.0,0.0,0.12430236187100316,0.0,0.0,0.0,0.0,0.0,-0.1491641683189168,0.0,0.0,0.0,0.0,0.0,0.0,0.21210277179031503,-0.21268984415375253,0.0,0.0,0.0,0.0,0.0,0.0,0.6676586234784286,0.0,0.0,0.0,0.0,0.0,0.0,0.0,0.0,0.0,0.0,0.2562240114403299,0.32523260662110015,0.0,0.0,0.0,0.0,0.0,0.0,0.0,0.0,0.0,0.0,0.0,0.0,0.0,0.0,0.0,0.0,0.0,0.0,0.0,0.0,0.0,0.0,0.0,0.0,0.0,0.0,0.0,0.0,0.0,0.0,0.0,0.0,0.0,0.0,0.0,0.0,0.0,0.0,0.0,0.0,0.0,0.0,2.2739947169808814,9.718144614606501
427,374202781,True,,50.0,quantile_glm,7658.365491156072,-3734.990779230004,7661.0458266378255,"[0, 5, 16, 12, 11, 28, 18, 9, 26, 38, 13, 3, 14, 22, 17, 1, 21, 47, 48, 49, 6, 10, 15, 41, 24, 32, 42, 25, 19, 45, 46, 52, 23, 4, 53, 27, 51, 54, 43, 31, 33, 7, 40, 30, 34, 2, 35, 20, 37, 8, 36]","[""Intercept"", ""xage"", ""child"", ""physlm"", ""disea"", ""lnum"", ""lfam"", ""num"", ""xghindx"", ""plan_11"", ""ghindx"", ""black"", ""mdeoff"", ""fmde"", ""fchild"", ""coins"", ""logc"", ""site_3"", ""site_4"", ""site_5"", ""female"", ""mhi"", ""pioff"", ""plan_15"", ""hlthf"", ""plan_5"", ""plan_16"", ""hlthp"", ""lpi"", ""plan_19"", ""site_2"", ""year_3"", ""hlthg"", ""income"", ""year_4"", ""linc"", ""year_2"", ""year_5"", ""plan_17"", ""plan_4"", ""plan_6"", ""educdec"", ""plan_14"", ""plan_3"", ""plan_7"", ""tookphys"", ""plan_8"", ""idp"", ""plan_10"", ""time"", ""plan_9""]","[[5, 16, 11, 28, 18, 38, 3, 22, 1, 21, 47, 48, 6, 41, 42, 25, 43, 34], []]","[18, 0]",995.5831580162048,0.8220186797930205,0.1779813202069796,-2.546533072719331,0.05407097107583741,0.0,-0.2277298052484611,0.0,0.12693459779741273,0.0701121650657865,0.0,0.0,0.0,0.0,0.0922608406764925,0.0,0.0,0.0,0.0,-0.2862829863803961,0.0,-0.02089034020473181,0.0,0.0,0.1713420098496562,-0.353005620640066,0.0,0.0,0.10972775601882029,0.0,0.0,-0.020889466643371647,0.0,0.0,0.0,0.0,0.0,0.1187489783196319,0.0,0.0,0.0,0.185158676435446,0.0,0.0,-2.431600130263399,-0.1435669949340187,0.13219747983679306,0.0,0.0,0.0,0.1978601676469859,-0.23525213164277975,0.0,0.0,0.0,0.0,0.0,0.0,0.7318425821189896,0.0,0.0,0.0,0.0,0.0,0.0,0.0,0.0,0.0,0.0,0.0,0.0,0.0,0.0,0.0,0.0,0.0,0.0,0.0,0.0,0.0,0.0,0.0,0.0,0.0,0.0,0.0,0.0,0.0,0.0,0.0,0.0,0.0,0.0,0.0,0.0,0.0,0.0,0.0,0.0,0.0,0.0,0.0,0.0,0.0,0.0,0.0,0.0,0.0,0.0,0.0,0.0,0.0,0.0,2.3294545967628384,10.272337438844446
428,245372465,True,,50.0,quantile_glm,7853.784818873072,-3786.880926361328,7756.141381437845,"[0, 5, 16, 11, 12, 28, 18, 9, 38, 26, 13, 22, 21, 1, 14, 3, 17, 47, 6, 49, 19, 15, 42, 41, 52, 24, 10, 29, 25, 33, 32, 45, 40, 2, 48, 31, 54, 46, 23, 30, 36, 27, 4, 50, 34, 51, 8, 53, 44, 43, 20]","[""Intercept"", ""xage"", ""child"", ""disea"", ""physlm"", ""lnum"", ""lfam"", ""num"", ""plan_11"", ""xghindx"", ""ghindx"", ""fmde"", ""logc"", ""coins"", ""mdeoff"", ""black"", ""fchild"", ""site_3"", ""female"", ""site_5"", ""lpi"", ""pioff"", ""plan_16"", ""plan_15"", ""year_3"", ""hlthf"", ""mhi"", ""plan_2"", ""hlthp"", ""plan_6"", ""plan_5"", ""plan_19"", ""plan_14"", ""tookphys"", ""site_4"", ""plan_4"", ""year_5"", ""site_2"", ""hlthg"", ""plan_3"", ""plan_9"", ""linc"", ""income"", ""site_6"", ""plan_7"", ""year_2"", ""time"", ""year_4"", ""plan_18"", ""plan_17"", ""idp""]","[[5, 11, 13, 21, 1, 47, 6, 41, 29, 25, 48, 50, 34], [16, 11, 12, 38]]","[13, 4]",931.9255177974701,0.8368850403690011,0.1631149596309989,-2.0945954829486273,-0.146755565379509,0.0,0.0,0.0,0.3497313641803331,0.1380599841488262,0.0,0.0,0.0,0.0,0.06507199947372712,0.0,-0.08468370955935686,0.0,0.0,0.0,0.0,0.0,0.0,0.0,-0.15029664334207235,0.0,0.0,0.0,0.04935149416064333,0.0,0.0,0.0,0.1751809558816031,0.0,0.0,0.0,0.0,0.0796700212730943,0.0,0.0,0.0,0.0,0.0,0.0,-0.18301217827959107,0.0,0.0,0.0,0.0,0.0,0.2176319185735935,-0.21513783106701972,0.0,-0.281155342389873,0.0,0.0,0.0,0.0,0.47174114368070713,0.0,0.0,0.0,0.0,0.0,0.0,0.0,0.0,0.0,0.0,0.16081968189193385,0.21089204257845376,0.0,0.0,0.0,-0.553556188998021,0.0,0.0,0.0,0.0,0.0,0.0,0.0,0.0,0.0,0.0,0.0,0.0,0.0,0.0,0.0,0.0,0.0,0.0,0.0,0.0,0.0,0.4947982935620165,0.0,0.0,0.0,0.0,0.0,0.0,0.0,0.0,0.0,0.0,0.0,0.0,0.0,0.0,0.0,0.0,2.083788226068808,8.03484915939131
429,1492086730,True,,50.0,quantile_glm,7769.4431521815595,-3746.472447753106,7675.3244242214005,"[0, 5, 16, 3, 38, 22, 14, 12, 17, 1, 21, 9, 11, 26, 15, 28, 18, 19, 13, 41, 49, 33, 4, 47, 52, 42, 48, 32, 27, 51, 10, 6, 25, 45, 31, 23, 54, 46, 44, 24, 50, 29, 43, 39, 8, 30, 2, 37, 35, 20, 34]","[""Intercept"", ""xage"", ""child"", ""black"", ""plan_11"", ""fmde"", ""mdeoff"", ""physlm"", ""fchild"", ""coins"", ""logc"", ""num"", ""disea"", ""xghindx"", ""pioff"", ""lnum"", ""lfam"", ""lpi"", ""ghindx"", ""plan_15"", ""site_5"", ""plan_6"", ""income"", ""site_3"", ""year_3"", ""plan_16"", ""site_4"", ""plan_5"", ""linc"", ""year_2"", ""mhi"", ""female"", ""hlthp"", ""plan_19"", ""plan_4"", ""hlthg"", ""year_5"", ""site_2"", ""plan_18"", ""hlthf"", ""site_6"", ""plan_2"", ""plan_17"", ""plan_13"", ""time"", ""plan_3"", ""tookphys"", ""plan_10"", ""plan_8"", ""idp"", ""plan_7""]","[[5, 16, 3, 38, 22, 41, 47, 48, 6, 25, 31, 50, 29, 43, 34], [16, 50]]","[15, 2]",1350.3717577457428,0.8291798451737116,0.17082015482628846,-2.437155031435368,0.0,0.0,-0.23784481549611305,0.0,0.1977562197921527,0.17186356322063434,0.0,0.0,0.0,0.0,0.0,0.0,0.0,0.0,0.0,-0.17978666604810306,0.0,0.0,0.0,0.0,0.0,-0.2909358632289258,0.0,0.0,0.08521757692030886,0.0,0.0,0.0,0.0709282825749348,0.0,-0.1332574095398472,0.0,0.0,0.14830955282016572,0.0,0.0,0.0,0.09046704688173661,0.0,0.0,-1.566707231716174,0.0,0.14492525291966113,0.0,0.0,0.0,0.11178890282617308,-0.18028930386327605,0.0,-0.3910815084042958,0.0,0.0,0.0,0.0,0.3954134213939724,0.0,0.0,0.0,0.0,0.0,0.0,0.0,0.0,0.0,0.0,0.0,0.0,0.0,0.0,0.0,-0.7605028614898863,0.0,0.0,0.0,0.0,0.0,0.0,0.0,0.0,0.0,0.0,0.0,0.0,0.0,0.0,0.0,0.0,0.0,0.0,0.0,0.0,0.0,0.0,0.0,0.0,0.0,0.0,0.0,0.0,0.0,0.0,0.0,0.0,0.0,0.6239187299250878,0.0,0.0,0.0,0.0,2.0176712550737874,7.520790522230512
430,391954747,True,,50.0,kmeans_glm,7868.465872158908,-3908.3270514979135,8007.718371173644,"[0, 5, 16, 12, 28, 18, 11, 9, 1, 26, 3, 13, 38, 17, 14, 22, 10, 46, 25, 21, 48, 6, 42, 49, 41, 15, 52, 47, 19, 4, 23, 32, 45, 24, 7, 2, 50, 30, 27, 53, 54, 31, 43, 39, 51, 37, 40, 8, 44, 33, 20]","[""Intercept"", ""xage"", ""child"", ""physlm"", ""lnum"", ""lfam"", ""disea"", ""num"", ""coins"", ""xghindx"", ""black"", ""ghindx"", ""plan_11"", ""fchild"", ""mdeoff"", ""fmde"", ""mhi"", ""site_2"", ""hlthp"", ""logc"", ""site_4"", ""female"", ""plan_16"", ""site_5"", ""plan_15"", ""pioff"", ""year_3"", ""site_3"", ""lpi"", ""income"", ""hlthg"", ""plan_5"", ""plan_19"", ""hlthf"", ""educdec"", ""tookphys"", ""site_6"", ""plan_3"", ""linc"", ""year_4"", ""year_5"", ""plan_4"", ""plan_17"", ""plan_13"", ""year_2"", ""plan_10"", ""plan_14"", ""time"", ""plan_18"", ""plan_6"", ""idp""]","[[5, 16, 12, 11, 1, 38, 22, 25, 21, 48, 6, 49, 47, 50, 43, 20], [5, 12]]","[16, 2]",2653.2240278720856,0.35897584189344767,0.6410241581065523,-2.0812427884063607,-0.3725919894315776,0.0,0.0,0.0,0.23647163431689786,0.16428378281013,0.0,0.0,0.0,0.0,0.00809771798371514,0.027853061866126776,0.0,0.0,0.0,-0.11769745414195613,0.0,0.0,0.0,-0.17349121962763425,0.013377811262972591,-0.3445754960924528,0.0,0.0,-4.708939319794899,0.0,0.0,0.0,0.0,0.0,0.0,0.0,0.0,0.0,0.0,0.0,0.0,-0.1589351340200344,0.0,0.0,0.0,0.0,0.08643817597535636,0.0,0.0,0.0,0.07283604710752992,-0.2675168170086243,-0.14721350656027174,-0.5464234154202983,0.0,0.0,0.0,0.0,-0.7237139699644323,0.0,0.0,0.0,0.0,0.6931741975104695,0.0,0.0,0.0,0.0,0.0,0.0,0.3334202366181414,0.0,0.0,0.0,0.0,0.0,0.0,0.0,0.0,0.0,0.0,0.0,0.0,0.0,0.0,0.0,0.0,0.0,0.0,0.0,0.0,0.0,0.0,0.0,0.0,0.0,0.0,0.0,0.0,0.0,0.0,0.0,0.0,0.0,0.0,0.0,0.0,0.0,0.0,0.0,0.0,0.0,0.0,3.117030186208726,22.57922388199984
431,480716309,True,,50.0,kmeans_glm,7300.723936134255,-3527.219128655021,7236.817786025231,"[0, 5, 11, 16, 12, 26, 28, 18, 9, 13, 10, 22, 21, 38, 24, 6, 14, 1, 17, 3, 19, 15, 25, 49, 48, 42, 52, 41, 47, 45, 32, 4, 27, 46, 54, 51, 33, 29, 23, 40, 34, 35, 53, 30, 44, 50, 43, 36, 39, 37, 8]","[""Intercept"", ""xage"", ""disea"", ""child"", ""physlm"", ""xghindx"", ""lnum"", ""lfam"", ""num"", ""ghindx"", ""mhi"", ""fmde"", ""logc"", ""plan_11"", ""hlthf"", ""female"", ""mdeoff"", ""coins"", ""fchild"", ""black"", ""lpi"", ""pioff"", ""hlthp"", ""site_5"", ""site_4"", ""plan_16"", ""year_3"", ""plan_15"", ""site_3"", ""plan_19"", ""plan_5"", ""income"", ""linc"", ""site_2"", ""year_5"", ""year_2"", ""plan_6"", ""plan_2"", ""hlthg"", ""plan_14"", ""plan_7"", ""plan_8"", ""year_4"", ""plan_3"", ""plan_18"", ""site_6"", ""plan_17"", ""plan_9"", ""plan_13"", ""plan_10"", ""time""]","[[5, 11, 16, 9, 10, 21, 6, 1, 25, 48, 47, 29, 34, 50, 43], [11, 12]]","[15, 2]",1430.9865319728851,0.8434276289861296,0.15657237101387056,-2.2495367600587515,-0.15343246709030856,0.0,0.0,0.0,0.29501905368018844,0.12343259823479946,0.0,0.0,-0.09260117943050536,-0.09044927620277558,0.08266854212763605,0.0,0.0,0.0,0.0,-0.08577449281321149,0.0,0.0,0.0,0.0,-0.34491705495554803,0.0,0.0,0.0,0.08972676983085924,0.0,0.0,0.0,0.11917810071036074,0.0,0.0,0.0,0.0,0.12306073011848288,0.0,0.0,0.0,0.0,0.0,0.0,0.0,0.0,0.1228597942674524,0.0,0.0,0.0,0.1837190713152242,-0.23415333882140518,0.0,-0.30027044528792207,0.0,0.0,0.0,0.0,0.4631307995271809,0.0,0.0,0.0,0.0,0.0,0.0,0.0,0.0,0.0,0.0,0.29030842265564427,0.3794432146098259,0.0,0.0,0.0,0.0,0.0,0.0,0.0,0.0,0.0,0.0,0.0,0.0,0.0,0.0,0.0,0.0,0.0,0.0,0.0,0.0,0.0,0.0,0.0,0.0,0.0,0.0,0.0,0.0,0.0,0.0,0.0,0.0,0.0,0.0,0.0,0.0,0.0,0.0,0.0,0.0,0.0,0.0,2.021981289579622,7.553275343956191
432,664071464,True,,50.0,quantile_glm,8001.4880573354885,-3876.471992629713,7935.323513974615,"[0, 5, 16, 12, 11, 26, 13, 28, 18, 9, 38, 22, 3, 14, 21, 1, 17, 48, 24, 6, 42, 10, 46, 49, 52, 4, 33, 51, 47, 15, 45, 2, 41, 29, 25, 54, 27, 36, 31, 30, 32, 43, 23, 37, 40, 19, 8, 53, 50, 39, 35]","[""Intercept"", ""xage"", ""child"", ""physlm"", ""disea"", ""xghindx"", ""ghindx"", ""lnum"", ""lfam"", ""num"", ""plan_11"", ""fmde"", ""black"", ""mdeoff"", ""logc"", ""coins"", ""fchild"", ""site_4"", ""hlthf"", ""female"", ""plan_16"", ""mhi"", ""site_2"", ""site_5"", ""year_3"", ""income"", ""plan_6"", ""year_2"", ""site_3"", ""pioff"", ""plan_19"", ""tookphys"", ""plan_15"", ""plan_2"", ""hlthp"", ""year_5"", ""linc"", ""plan_9"", ""plan_4"", ""plan_3"", ""plan_5"", ""plan_17"", ""hlthg"", ""plan_10"", ""plan_14"", ""lpi"", ""time"", ""year_4"", ""site_6"", ""plan_13"", ""plan_8""]","[[5, 12, 11, 22, 21, 48, 24, 6, 42, 47, 29, 31, 43, 50, 35], [5, 50]]","[15, 2]",1222.304366350174,0.8332839531107287,0.16671604688927133,-2.5561037394381114,0.0,0.0,0.0,0.0,0.315608657643273,0.17433251064742336,0.0,0.0,0.0,0.0,0.10518872493809889,0.07638130187544587,0.0,0.0,0.0,0.0,0.0,0.0,0.0,0.0,-0.2153640501356893,-0.13550229842635308,0.0,0.06465502675758873,0.0,0.0,0.0,0.0,0.07262518243227961,0.0,-0.11563947151710006,0.0,0.0,0.0,0.09274551739854847,0.0,0.0,0.0,0.0,0.0,0.0,-2.1750388096395437,0.10191674319036906,0.0,0.0,0.0,0.1541037528686813,-0.1432513433617985,0.0,-0.3251204617168961,0.0,0.0,0.0,0.0,0.444784427536127,0.0,0.0,0.0,0.0,0.6781536870871101,0.0,0.0,0.0,0.0,0.0,0.0,0.0,0.0,0.0,0.0,0.0,0.0,0.0,0.0,0.0,0.0,0.0,0.0,0.0,0.0,0.0,0.0,0.0,0.0,0.0,0.0,0.0,0.0,0.0,0.0,0.0,0.0,0.0,0.0,0.0,0.0,0.0,0.0,0.0,0.0,0.0,0.0,0.0,0.0,0.5295811740594977,0.0,0.0,0.0,0.0,1.8684094817173706,6.477984847769934
433,1700940175,True,,50.0,quantile_glm,7639.696199237624,-3690.435881614295,7545.881813018523,"[0, 5, 16, 12, 11, 26, 13, 28, 18, 9, 3, 10, 48, 24, 1, 14, 17, 38, 22, 46, 49, 21, 15, 42, 41, 6, 47, 25, 19, 45, 52, 51, 27, 4, 30, 29, 33, 32, 54, 39, 36, 31, 2, 44, 37, 43, 40, 8, 20, 35, 50]","[""Intercept"", ""xage"", ""child"", ""physlm"", ""disea"", ""xghindx"", ""ghindx"", ""lnum"", ""lfam"", ""num"", ""black"", ""mhi"", ""site_4"", ""hlthf"", ""coins"", ""mdeoff"", ""fchild"", ""plan_11"", ""fmde"", ""site_2"", ""site_5"", ""logc"", ""pioff"", ""plan_16"", ""plan_15"", ""female"", ""site_3"", ""hlthp"", ""lpi"", ""plan_19"", ""year_3"", ""year_2"", ""linc"", ""income"", ""plan_3"", ""plan_2"", ""plan_6"", ""plan_5"", ""year_5"", ""plan_13"", ""plan_9"", ""plan_4"", ""tookphys"", ""plan_18"", ""plan_10"", ""plan_17"", ""plan_14"", ""time"", ""idp"", ""plan_8"", ""site_6""]","[[5, 11, 3, 48, 38, 22, 49, 6, 47, 25, 29, 50], [5, 16, 50]]","[12, 3]",1413.0428211688995,0.8425651295488616,0.15743487045113824,-2.1435300727513704,0.0,0.0,-0.15790991321894815,0.0,0.35655432116278823,0.12702185816553352,0.0,0.0,0.0,0.0,0.06926440414652196,0.0,0.0,0.0,0.0,0.0,0.0,0.0,0.0,0.0,0.0,0.09273697449547587,0.0,0.0,0.09219956029963772,0.0,0.0,0.0,0.1724555202076227,0.0,0.0,0.0,0.0,0.0,0.0,0.0,0.0,0.39959986766967887,0.0,0.0,0.0,0.0,0.0,0.0,0.0,0.0,0.11365142673759399,-0.3664259374921764,-0.12831452699634707,-0.3165678111768693,0.0,0.0,0.0,0.0,0.47792283053054485,0.0,0.0,0.0,0.0,0.2438305359147473,0.0,0.0,0.0,0.0,0.0,0.0,0.0,0.0,0.0,0.0,-0.4534928611485367,0.0,0.0,0.0,0.0,0.0,0.0,0.0,0.0,0.0,0.0,0.0,0.0,0.0,0.0,0.0,0.0,0.0,0.0,0.0,0.0,0.0,0.0,0.0,0.0,0.0,0.0,0.0,0.0,0.0,0.0,0.0,0.0,0.0,0.49031178670945713,0.0,0.0,0.0,0.0,2.03785475868513,7.674128669965168
434,662534061,True,,100.0,quantile_glm,7948.059492412783,-3898.158905432252,7883.1652054907845,"[0, 5, 16, 12, 28, 18, 9, 17, 11, 3, 26, 1, 22, 38, 14, 13, 47, 49, 21, 10, 24, 52, 32, 48, 19, 15, 44, 42, 41, 45, 23, 6, 46, 54, 51, 33, 40, 25, 36, 37, 35, 53, 29, 30, 27, 4, 39, 31, 7, 8, 2]","[""Intercept"", ""xage"", ""child"", ""physlm"", ""lnum"", ""lfam"", ""num"", ""fchild"", ""disea"", ""black"", ""xghindx"", ""coins"", ""fmde"", ""plan_11"", ""mdeoff"", ""ghindx"", ""site_3"", ""site_5"", ""logc"", ""mhi"", ""hlthf"", ""year_3"", ""plan_5"", ""site_4"", ""lpi"", ""pioff"", ""plan_18"", ""plan_16"", ""plan_15"", ""plan_19"", ""hlthg"", ""female"", ""site_2"", ""year_5"", ""year_2"", ""plan_6"", ""plan_14"", ""hlthp"", ""plan_9"", ""plan_10"", ""plan_8"", ""year_4"", ""plan_2"", ""plan_3"", ""linc"", ""income"", ""plan_13"", ""plan_4"", ""educdec"", ""time"", ""tookphys""]","[[5, 11, 3, 47, 21, 29], []]","[6, 0]",1293.4349210262299,0.8448202709171851,0.15517972908281494,-1.948281506040044,0.0,0.0,-0.1424647315153321,0.0,0.3376309086453279,0.0,0.0,0.0,0.0,0.0,0.14391372315953274,0.0,0.0,0.0,0.0,0.0,0.0,0.0,0.0,0.0,-0.2615604237318539,0.0,0.0,0.0,0.0,0.0,0.0,0.0,0.08285317225170227,0.0,0.0,0.0,0.0,0.0,0.0,0.0,0.0,0.0,0.0,0.0,0.0,0.0,0.0,0.0,0.0,0.0,0.23129809289431666,0.0,0.0,0.0,0.0,0.0,0.0,0.0,0.9154441293483269,0.0,0.0,0.0,0.0,0.0,0.0,0.0,0.0,0.0,0.0,0.0,0.0,0.0,0.0,0.0,0.0,0.0,0.0,0.0,0.0,0.0,0.0,0.0,0.0,0.0,0.0,0.0,0.0,0.0,0.0,0.0,0.0,0.0,0.0,0.0,0.0,0.0,0.0,0.0,0.0,0.0,0.0,0.0,0.0,0.0,0.0,0.0,0.0,0.0,0.0,0.0,0.0,0.0,0.0,2.3204943101571933,10.180705488618992
435,222551867,True,,50.0,quantile_glm,8347.442151146914,-4035.1877115584794,8252.754951832147,"[0, 5, 16, 26, 13, 12, 10, 9, 17, 3, 28, 18, 11, 23, 1, 14, 42, 22, 38, 47, 49, 4, 52, 48, 21, 45, 15, 43, 27, 19, 32, 24, 46, 53, 39, 2, 6, 54, 41, 35, 51, 20, 37, 7, 36, 8, 33, 29, 30, 50, 34]","[""Intercept"", ""xage"", ""child"", ""xghindx"", ""ghindx"", ""physlm"", ""mhi"", ""num"", ""fchild"", ""black"", ""lnum"", ""lfam"", ""disea"", ""hlthg"", ""coins"", ""mdeoff"", ""plan_16"", ""fmde"", ""plan_11"", ""site_3"", ""site_5"", ""income"", ""year_3"", ""site_4"", ""logc"", ""plan_19"", ""pioff"", ""plan_17"", ""linc"", ""lpi"", ""plan_5"", ""hlthf"", ""site_2"", ""year_4"", ""plan_13"", ""tookphys"", ""female"", ""year_5"", ""plan_15"", ""plan_8"", ""year_2"", ""idp"", ""plan_10"", ""educdec"", ""plan_9"", ""time"", ""plan_6"", ""plan_2"", ""plan_3"", ""site_6"", ""plan_7""]","[[5, 16, 26, 10, 42, 47, 48, 21, 43, 6, 29, 50, 34], [5, 16, 12, 50]]","[13, 4]",1345.1763627529144,0.8208495558020269,0.17915044419797302,-2.3007693148087154,0.0,0.0,0.0,0.0,0.26708414087300364,0.12016466164697537,0.0,0.0,0.0,-0.08752194135876393,0.0,0.0,0.0,0.0,0.0,-0.1516181335253418,0.0,0.0,0.0,0.0,-0.33755137923150663,0.0,0.0,0.0,0.0,-0.09194546714114982,0.0,0.0,0.0744146216379253,0.0,0.0,0.0,0.0,0.11131692143874089,0.0,0.0,0.0,0.0,0.0,0.0,0.0,-0.2071209420917959,0.17469695762052542,0.0,0.0,0.0,0.21766972471552734,-0.08802401985268528,0.0,-0.37317750866394783,0.0,0.0,0.0,0.0,0.5287562255322643,0.0,0.0,0.0,0.0,0.06514910256325944,0.0,0.0,0.0,0.0,0.0,0.0,0.27042828143734143,0.0,0.0,0.0,-0.5990966502731455,0.0,0.0,0.0,0.0,0.0,0.0,0.0,0.0,0.0,0.0,0.0,0.0,0.0,0.0,0.0,0.0,0.0,0.0,0.0,0.0,0.0,0.0,0.0,0.0,0.0,0.0,0.0,0.0,0.0,0.0,0.0,0.0,0.0,0.6477446414575307,0.0,0.0,0.0,0.0,1.4490423012574019,4.2590336901704795
436,1699924481,True,,25.0,kmeans_glm,8257.828836491082,-3914.105223593447,8219.023723005155,"[0, 5, 16, 12, 11, 28, 18, 38, 14, 9, 22, 26, 21, 1, 17, 13, 15, 3, 25, 19, 6, 42, 49, 48, 47, 10, 24, 52, 33, 45, 32, 23, 41, 20, 30, 37, 27, 31, 54, 51, 4, 35, 7, 34, 43, 39, 8, 50, 53, 46, 44]","[""Intercept"", ""xage"", ""child"", ""physlm"", ""disea"", ""lnum"", ""lfam"", ""plan_11"", ""mdeoff"", ""num"", ""fmde"", ""xghindx"", ""logc"", ""coins"", ""fchild"", ""ghindx"", ""pioff"", ""black"", ""hlthp"", ""lpi"", ""female"", ""plan_16"", ""site_5"", ""site_4"", ""site_3"", ""mhi"", ""hlthf"", ""year_3"", ""plan_6"", ""plan_19"", ""plan_5"", ""hlthg"", ""plan_15"", ""idp"", ""plan_3"", ""plan_10"", ""linc"", ""plan_4"", ""year_5"", ""year_2"", ""income"", ""plan_8"", ""educdec"", ""plan_7"", ""plan_17"", ""plan_13"", ""time"", ""site_6"", ""year_4"", ""site_2"", ""plan_18""]","[[5, 16, 12, 11, 28, 18, 38, 22, 1, 3, 25, 6, 42, 49, 48, 47, 52, 20, 30, 37, 31, 54, 35, 7, 34, 43, 50, 53, 46, 44], [5, 16, 12, 11, 38, 14, 25, 49, 7, 50, 53]]","[30, 11]",1437.8847365379333,0.827705140515963,0.1722948594840369,-2.3951290391648365,0.041609590590886605,0.0,-0.06427683384960162,0.0,0.17844987501152026,0.15081060974610372,0.10715933497349933,0.0,0.0,0.0,0.04028510248226742,0.03909146705138481,0.0,0.0,0.0,-0.12426658515037334,0.0,-0.02272583562695175,0.0,0.06117734506472584,0.0,-0.15320575789334848,0.0,0.0,0.08006684560410018,0.0,0.0,-0.02276917805007091,0.0,-1.1382287686294885,-0.13941534096215286,0.0,0.0,0.11609478956726729,0.041024622186720754,0.0,-0.05542868618553523,0.2365132083776137,0.0,0.0,0.0,-0.17723987945019404,0.15083803924934688,0.09435572870940935,0.0,-0.17533779495220647,0.05296721403836332,-0.33755851073668486,-0.17369216521768707,-0.41483704394246895,0.0,-1.0921347100254497,-0.30727364889984116,-1.0190939683535691,0.24210422785209323,0.0,0.0,0.0,0.0,0.12227670640590042,0.0,0.3179725771402109,0.0,0.0,0.0,0.2759008996217793,0.2294783818427383,0.0,-0.18057358461694958,0.0,-0.6072915123194912,0.0,0.0,0.0,0.0,0.0,0.0,0.0,0.0,0.01028775528545696,0.0,0.0,0.0,0.0,0.0,0.0,0.0,0.0,0.0,0.0,0.0,0.0,0.11491451844357461,0.0,0.0,0.0,0.0,0.0,0.0,0.0,0.0,0.0,0.0,-0.24492503585374395,0.4666013192185711,0.0,0.0,0.15128102877507388,0.0,1.8468019387791923,6.339512918603957
437,262683730,True,,25.0,quantile_glm,7560.24777908065,-3600.7902059070857,7505.546293006153,"[0, 5, 16, 12, 1, 38, 26, 14, 22, 13, 17, 21, 28, 18, 11, 3, 9, 47, 41, 15, 10, 42, 52, 19, 49, 48, 6, 25, 45, 32, 23, 24, 53, 33, 51, 40, 43, 54, 2, 30, 50, 31, 34, 36, 35, 8, 39, 29, 4, 44, 7]","[""Intercept"", ""xage"", ""child"", ""physlm"", ""coins"", ""plan_11"", ""xghindx"", ""mdeoff"", ""fmde"", ""ghindx"", ""fchild"", ""logc"", ""lnum"", ""lfam"", ""disea"", ""black"", ""num"", ""site_3"", ""plan_15"", ""pioff"", ""mhi"", ""plan_16"", ""year_3"", ""lpi"", ""site_5"", ""site_4"", ""female"", ""hlthp"", ""plan_19"", ""plan_5"", ""hlthg"", ""hlthf"", ""year_4"", ""plan_6"", ""year_2"", ""plan_14"", ""plan_17"", ""year_5"", ""tookphys"", ""plan_3"", ""site_6"", ""plan_4"", ""plan_7"", ""plan_9"", ""plan_8"", ""time"", ""plan_13"", ""plan_2"", ""income"", ""plan_18"", ""educdec""]","[[5, 16, 38, 22, 21, 11, 47, 41, 15, 42, 52, 48, 6, 23, 24, 53, 43, 54, 30, 50, 34, 29], [5, 16, 12, 1, 38, 3, 47, 50, 7]]","[22, 9]",1269.0796818733215,0.8185854274245826,0.18141457257541743,-3.0536559061566493,0.0,0.0,0.0,0.0,0.2965589760503287,0.2155157634203231,0.0,0.0,0.0,0.0,0.07274611830477408,0.0,0.0,0.0,0.20420847499369613,-0.09000939915136344,0.0,0.0,0.0,0.0,0.2856822868450911,-0.5256777518608632,-0.06334587698993172,0.04300602524765678,0.0,0.0,0.0,0.0,0.08183412510918568,-0.07915763309098849,0.0,0.0,0.0,0.14907586628347447,0.0,0.0,0.0,0.24437075359460145,0.0,0.0,-2.020916952064212,-0.31086392609042,0.195626952566888,0.0,0.0,0.0,0.15251157066217777,-0.22129696195084456,0.0,-0.2885082049779492,0.0,-1.7478813985792134,-1.0778379575698906,-1.02075438392354,0.011775356611352624,-0.3959908139802907,0.0,-0.3996123274912504,0.0,0.1859522763339208,0.0,0.2775987590330814,0.0,0.0,0.0,0.0,0.32508535893855556,0.0,0.0,0.0,-0.4616471398671724,0.0,0.0,0.0,0.0,0.0,0.0,0.0,0.0,0.0,0.0,0.0,0.0,0.0,0.0,0.0,0.0,0.0,0.0,0.0,0.0,0.0,0.11273285843753575,0.0,0.0,0.0,0.0,0.0,0.0,0.0,0.0,0.19042267362050047,0.0,0.0,0.5491853168568697,0.0,0.0,0.0,0.0,1.4809551942352137,4.39714380200011
438,1656757512,True,,50.0,kmeans_glm,8236.721297633936,-3975.1896671878417,8150.128342016128,"[0, 5, 16, 12, 11, 26, 13, 28, 18, 9, 14, 3, 17, 38, 22, 10, 1, 6, 25, 15, 21, 2, 52, 23, 47, 49, 42, 19, 24, 4, 32, 51, 33, 41, 27, 45, 54, 30, 39, 37, 48, 53, 36, 34, 35, 46, 29, 8, 43, 20, 31]","[""Intercept"", ""xage"", ""child"", ""physlm"", ""disea"", ""xghindx"", ""ghindx"", ""lnum"", ""lfam"", ""num"", ""mdeoff"", ""black"", ""fchild"", ""plan_11"", ""fmde"", ""mhi"", ""coins"", ""female"", ""hlthp"", ""pioff"", ""logc"", ""tookphys"", ""year_3"", ""hlthg"", ""site_3"", ""site_5"", ""plan_16"", ""lpi"", ""hlthf"", ""income"", ""plan_5"", ""year_2"", ""plan_6"", ""plan_15"", ""linc"", ""plan_19"", ""year_5"", ""plan_3"", ""plan_13"", ""plan_10"", ""site_4"", ""year_4"", ""plan_9"", ""plan_7"", ""plan_8"", ""site_2"", ""plan_2"", ""time"", ""plan_17"", ""idp"", ""plan_4""]","[[5, 11, 3, 22, 6, 25, 21, 52, 47, 42, 4, 41, 34, 29], [16, 12, 11, 25, 53]]","[14, 5]",1154.8106524944305,0.8251025313884501,0.17489746861154992,-2.313280070876092,0.0,0.0,-0.16830535488011725,0.13200602679920978,0.28184946879966954,0.13391144164625762,0.0,0.0,0.0,0.0,0.08164105172112313,0.0,0.0,0.0,0.0,0.0,0.0,0.0,0.0,0.0,0.0528610405080087,-0.3256733149161455,0.0,0.0,0.08101265304166094,0.0,0.0,0.0,0.06584904221667481,0.0,0.0,0.0,0.0,0.10676406487431943,0.0,0.0,0.0,0.0,0.0,0.0,-0.14802259834266948,-0.17126056914364016,0.0,0.0,0.0,0.0,0.24799297031648532,0.0,0.0,0.0,0.0,-1.7987381900992716,0.0,0.0,0.49560686857444414,0.0,0.0,0.0,0.0,0.0,0.0,0.0,0.0,0.0,0.0,0.17721979514223915,0.3362875223064655,0.0,0.0,0.0,-0.6828398512346253,0.0,0.0,0.0,0.0,0.0,0.0,0.0,0.0,0.10436018808795666,0.0,0.0,0.0,0.0,0.0,0.0,0.0,0.0,0.0,0.0,0.0,0.0,0.0,0.0,0.0,0.0,0.0,0.0,0.0,0.0,0.0,0.0,0.0,0.0,0.0,0.0,0.0,0.17050018877242162,0.0,1.8988050549425812,6.67790993723355
439,1515464125,True,,50.0,kmeans_glm,7851.4524663843895,-3820.9407923885465,7841.630592417538,"[0, 5, 16, 38, 12, 14, 22, 11, 26, 21, 13, 3, 1, 9, 28, 18, 42, 15, 17, 49, 47, 6, 52, 25, 10, 48, 33, 19, 7, 4, 45, 32, 23, 2, 27, 41, 37, 54, 53, 24, 43, 46, 8, 35, 51, 29, 30, 20, 36, 39, 40]","[""Intercept"", ""xage"", ""child"", ""plan_11"", ""physlm"", ""mdeoff"", ""fmde"", ""disea"", ""xghindx"", ""logc"", ""ghindx"", ""black"", ""coins"", ""num"", ""lnum"", ""lfam"", ""plan_16"", ""pioff"", ""fchild"", ""site_5"", ""site_3"", ""female"", ""year_3"", ""hlthp"", ""mhi"", ""site_4"", ""plan_6"", ""lpi"", ""educdec"", ""income"", ""plan_19"", ""plan_5"", ""hlthg"", ""tookphys"", ""linc"", ""plan_15"", ""plan_10"", ""year_5"", ""year_4"", ""hlthf"", ""plan_17"", ""site_2"", ""time"", ""plan_8"", ""year_2"", ""plan_2"", ""plan_3"", ""idp"", ""plan_9"", ""plan_13"", ""plan_14""]","[[5, 38, 12, 22, 11, 21, 13, 3, 1, 42, 47, 6, 52, 25, 48, 7, 2, 43, 29], []]","[19, 0]",1366.5460319519043,0.8396762921678054,0.1603237078321946,-3.0258096447581115,-0.1294331614132939,0.08160965375711261,-0.18453727791396543,0.0,0.35321595627232377,0.13871849832662644,0.14110753619083255,0.0,0.0,0.0,0.04116781543502758,0.06193454941677478,-0.10231908543810495,0.0,0.0,0.0,0.0,0.0,0.0,0.0,-0.03887627887434792,-0.15385307889663957,0.0,0.0,0.013255718714560449,0.0,0.0,0.0,0.11191240258861368,0.0,0.0,0.0,0.0,0.0,0.0,0.0,0.0,0.1419431711161004,0.0,0.0,0.0,-3.3245217792996713,0.12152972627381493,0.0,0.0,0.0,0.10160010531307023,-0.20900057794201443,0.0,0.0,0.0,-1.793422361491051,0.0,0.0,0.9121832009594952,0.0,0.0,0.0,0.0,0.0,0.0,0.0,0.0,0.0,0.0,0.0,0.0,0.0,0.0,0.0,0.0,0.0,0.0,0.0,0.0,0.0,0.0,0.0,0.0,0.0,0.0,0.0,0.0,0.0,0.0,0.0,0.0,0.0,0.0,0.0,0.0,0.0,0.0,0.0,0.0,0.0,0.0,0.0,0.0,0.0,0.0,0.0,0.0,0.0,0.0,0.0,0.0,0.0,0.0,2.291191317105359,9.886708873566366
440,924204976,True,,100.0,quantile_glm,7533.190859018143,-3697.5484610179624,7473.2595771995775,"[0, 5, 16, 28, 18, 12, 9, 26, 17, 3, 13, 11, 22, 1, 10, 38, 14, 4, 42, 21, 49, 52, 15, 46, 24, 23, 48, 7, 19, 47, 45, 54, 25, 51, 33, 32, 27, 50, 41, 40, 6, 34, 35, 53, 30, 8, 37, 2, 39, 31, 29]","[""Intercept"", ""xage"", ""child"", ""lnum"", ""lfam"", ""physlm"", ""num"", ""xghindx"", ""fchild"", ""black"", ""ghindx"", ""disea"", ""fmde"", ""coins"", ""mhi"", ""plan_11"", ""mdeoff"", ""income"", ""plan_16"", ""logc"", ""site_5"", ""year_3"", ""pioff"", ""site_2"", ""hlthf"", ""hlthg"", ""site_4"", ""educdec"", ""lpi"", ""site_3"", ""plan_19"", ""year_5"", ""hlthp"", ""year_2"", ""plan_6"", ""plan_5"", ""linc"", ""site_6"", ""plan_15"", ""plan_14"", ""female"", ""plan_7"", ""plan_8"", ""year_4"", ""plan_3"", ""time"", ""plan_10"", ""tookphys"", ""plan_13"", ""plan_4"", ""plan_2""]","[[5, 16, 11, 21, 50], []]","[5, 0]",1426.1975302696228,0.8591012896503325,0.1408987103496676,-1.9469600881480187,0.0,0.0,0.0,0.0,0.15546298959586707,0.0,0.0,0.0,0.0,0.0,0.14225658042049924,0.0,0.0,0.0,0.0,-0.26058201942906206,0.0,0.0,0.0,0.0,-0.20731816071432188,0.0,0.0,0.0,0.0,0.0,0.0,0.0,0.0,0.0,0.0,0.0,0.0,0.0,0.0,0.0,0.0,0.0,0.0,0.0,0.0,0.0,0.0,0.0,0.0,0.0,0.0,0.0,0.0,-0.3400154801829816,0.0,0.0,0.0,0.0,0.7671486054971463,0.0,0.0,0.0,0.0,0.0,0.0,0.0,0.0,0.0,0.0,0.0,0.0,0.0,0.0,0.0,0.0,0.0,0.0,0.0,0.0,0.0,0.0,0.0,0.0,0.0,0.0,0.0,0.0,0.0,0.0,0.0,0.0,0.0,0.0,0.0,0.0,0.0,0.0,0.0,0.0,0.0,0.0,0.0,0.0,0.0,0.0,0.0,0.0,0.0,0.0,0.0,0.0,0.0,0.0,2.4029847900786208,11.056127399611373
441,1662143276,True,,50.0,kmeans_glm,7375.800824887093,-3561.547723187306,7305.474975089801,"[0, 5, 11, 16, 28, 18, 26, 12, 9, 24, 13, 3, 17, 38, 22, 14, 21, 10, 1, 47, 49, 6, 52, 15, 48, 42, 25, 51, 37, 19, 34, 32, 45, 54, 23, 36, 30, 46, 4, 50, 35, 41, 20, 53, 44, 39, 43, 29, 31, 2, 33]","[""Intercept"", ""xage"", ""disea"", ""child"", ""lnum"", ""lfam"", ""xghindx"", ""physlm"", ""num"", ""hlthf"", ""ghindx"", ""black"", ""fchild"", ""plan_11"", ""fmde"", ""mdeoff"", ""logc"", ""mhi"", ""coins"", ""site_3"", ""site_5"", ""female"", ""year_3"", ""pioff"", ""site_4"", ""plan_16"", ""hlthp"", ""year_2"", ""plan_10"", ""lpi"", ""plan_7"", ""plan_5"", ""plan_19"", ""year_5"", ""hlthg"", ""plan_9"", ""plan_3"", ""site_2"", ""income"", ""site_6"", ""plan_8"", ""plan_15"", ""idp"", ""year_4"", ""plan_18"", ""plan_13"", ""plan_17"", ""plan_2"", ""plan_4"", ""tookphys"", ""plan_6""]","[[5, 11, 16, 24, 3, 21, 10, 1, 47, 48, 25, 34, 50, 35, 43, 29], [11]]","[16, 1]",916.3989272117615,0.8500912124807087,0.1499087875192913,-2.179365223747201,-0.23219333814584087,0.0,-0.11148793227903481,0.0,0.21718680504039775,0.0,0.0,0.0,0.0,-0.05662490422100986,0.1021734927445546,0.0,0.0,0.0,0.0,-0.19763572157376638,0.0,0.0,0.0,0.0,-0.25499726303349296,0.0,0.0,0.10337754233323414,0.07935189761911501,0.0,0.0,0.0,0.13022589693540926,0.0,0.0,0.0,0.0,0.10623499322195416,0.08106164786388777,0.0,0.0,0.0,0.0,0.0,0.0,0.0,0.10362828063512766,0.0,0.0,0.0,0.20966084220644068,-0.144040304186825,0.0,-0.23455022012583912,0.0,0.0,0.0,0.0,0.6075130684299378,0.0,0.0,0.0,0.0,0.0,0.0,0.0,0.0,0.0,0.0,0.41597139697211166,0.0,0.0,0.0,0.0,0.0,0.0,0.0,0.0,0.0,0.0,0.0,0.0,0.0,0.0,0.0,0.0,0.0,0.0,0.0,0.0,0.0,0.0,0.0,0.0,0.0,0.0,0.0,0.0,0.0,0.0,0.0,0.0,0.0,0.0,0.0,0.0,0.0,0.0,0.0,0.0,0.0,0.0,0.0,2.217451090814366,9.18389209999588
442,442703033,True,,50.0,kmeans_glm,8224.925167395002,-3970.801697841791,8150.037142786655,"[0, 5, 16, 12, 11, 3, 28, 18, 9, 1, 26, 17, 38, 13, 14, 22, 21, 49, 42, 4, 27, 6, 10, 43, 46, 48, 47, 24, 23, 15, 52, 41, 34, 32, 19, 33, 53, 54, 31, 25, 45, 40, 30, 7, 20, 44, 8, 50, 29, 35, 51]","[""Intercept"", ""xage"", ""child"", ""physlm"", ""disea"", ""black"", ""lnum"", ""lfam"", ""num"", ""coins"", ""xghindx"", ""fchild"", ""plan_11"", ""ghindx"", ""mdeoff"", ""fmde"", ""logc"", ""site_5"", ""plan_16"", ""income"", ""linc"", ""female"", ""mhi"", ""plan_17"", ""site_2"", ""site_4"", ""site_3"", ""hlthf"", ""hlthg"", ""pioff"", ""year_3"", ""plan_15"", ""plan_7"", ""plan_5"", ""lpi"", ""plan_6"", ""year_4"", ""year_5"", ""plan_4"", ""hlthp"", ""plan_19"", ""plan_14"", ""plan_3"", ""educdec"", ""idp"", ""plan_18"", ""time"", ""site_6"", ""plan_2"", ""plan_8"", ""year_2""]","[[5, 16, 11, 3, 1, 13, 22, 42, 27, 6, 10, 43, 48, 47, 41, 34, 7, 50, 29], [12]]","[19, 1]",944.9396860599518,0.8300024030128557,0.16999759698714426,-2.0555539933550713,-0.09419764796770463,0.0,-0.11567272169248302,0.0,0.19115479471356683,0.16883807279238014,0.10009946888375404,0.0,0.0,-0.03986029084482348,0.054202368832969326,0.0,-0.12275886937918494,0.0,0.0,-0.09602524033836796,0.0,0.0,0.0,0.0,0.0,-0.20537061546641022,0.0,0.0,0.0,0.0,0.09432297544876903,0.0,0.09299732316955395,0.0,0.0,0.0,0.0,0.1393410378175619,0.0,0.0,0.0,0.0,0.0,0.0,-0.10823175879011208,-0.18692892749381823,0.08480879582932054,0.0,0.0,0.0,0.15623802466684625,-0.1945697074215993,0.0,-0.26617449378638913,0.0,0.0,0.0,0.0,0.8176367518226397,0.0,0.0,0.0,0.0,0.0,0.0,0.0,0.0,0.0,0.0,0.0,0.3638109719669582,0.0,0.0,0.0,0.0,0.0,0.0,0.0,0.0,0.0,0.0,0.0,0.0,0.0,0.0,0.0,0.0,0.0,0.0,0.0,0.0,0.0,0.0,0.0,0.0,0.0,0.0,0.0,0.0,0.0,0.0,0.0,0.0,0.0,0.0,0.0,0.0,0.0,0.0,0.0,0.0,0.0,0.0,2.215514830818937,9.166126901692012
443,2112367441,True,,50.0,kmeans_glm,8078.9089337313635,-3912.689143574583,8025.1272947896105,"[0, 5, 16, 12, 26, 13, 38, 28, 18, 3, 11, 17, 9, 14, 22, 1, 21, 10, 42, 46, 48, 49, 15, 32, 41, 52, 47, 34, 6, 7, 2, 4, 19, 23, 51, 36, 54, 50, 27, 33, 30, 37, 20, 45, 24, 25, 43, 8, 31, 39, 53]","[""Intercept"", ""xage"", ""child"", ""physlm"", ""xghindx"", ""ghindx"", ""plan_11"", ""lnum"", ""lfam"", ""black"", ""disea"", ""fchild"", ""num"", ""mdeoff"", ""fmde"", ""coins"", ""logc"", ""mhi"", ""plan_16"", ""site_2"", ""site_4"", ""site_5"", ""pioff"", ""plan_5"", ""plan_15"", ""year_3"", ""site_3"", ""plan_7"", ""female"", ""educdec"", ""tookphys"", ""income"", ""lpi"", ""hlthg"", ""year_2"", ""plan_9"", ""year_5"", ""site_6"", ""linc"", ""plan_6"", ""plan_3"", ""plan_10"", ""idp"", ""plan_19"", ""hlthf"", ""hlthp"", ""plan_17"", ""time"", ""plan_4"", ""plan_13"", ""year_4""]","[[5, 16, 12, 13, 38, 3, 11, 22, 1, 21, 42, 48, 49, 47, 34, 6, 7, 50, 43], []]","[19, 0]",1320.6015796661377,0.8366103117659693,0.16338968823403074,-2.084301104254455,-0.07261078613619597,0.0,-0.027269288402215732,0.0,0.21645336556464223,0.14013865667817116,0.08772658687515168,0.0,0.0,0.0,0.01458040014098641,0.046494444950431854,-0.11535162182122222,0.0,0.0,-0.20145483094014122,0.0,0.0,0.0,0.0,0.13350573255309808,-0.3186620571750946,0.0,0.0,0.0,0.0,0.0,0.0,0.0,0.0,0.0,0.0,0.0,0.20631071901262343,0.0,0.0,0.0,0.16785508483659498,0.0,0.0,0.0,-0.10681373108754089,0.1417500835589371,0.0,0.0,0.0,0.09989471743721409,-0.22459097963491545,-0.13224993936181442,-0.4503223605722874,0.0,0.0,0.0,0.0,0.9134949394195674,0.0,0.0,0.0,0.0,0.0,0.0,0.0,0.0,0.0,0.0,0.0,0.0,0.0,0.0,0.0,0.0,0.0,0.0,0.0,0.0,0.0,0.0,0.0,0.0,0.0,0.0,0.0,0.0,0.0,0.0,0.0,0.0,0.0,0.0,0.0,0.0,0.0,0.0,0.0,0.0,0.0,0.0,0.0,0.0,0.0,0.0,0.0,0.0,0.0,0.0,0.0,0.0,0.0,0.0,2.3054369831899426,10.028559607033687
444,1717738741,True,,50.0,kmeans_glm,8029.959121853103,-3841.739371106783,7935.336186629779,"[0, 5, 16, 12, 26, 11, 13, 28, 18, 9, 3, 17, 38, 1, 24, 10, 22, 14, 21, 25, 49, 48, 6, 47, 52, 46, 15, 4, 41, 42, 40, 32, 30, 19, 33, 34, 54, 23, 45, 51, 27, 7, 37, 43, 2, 44, 29, 8, 31, 53, 36]","[""Intercept"", ""xage"", ""child"", ""physlm"", ""xghindx"", ""disea"", ""ghindx"", ""lnum"", ""lfam"", ""num"", ""black"", ""fchild"", ""plan_11"", ""coins"", ""hlthf"", ""mhi"", ""fmde"", ""mdeoff"", ""logc"", ""hlthp"", ""site_5"", ""site_4"", ""female"", ""site_3"", ""year_3"", ""site_2"", ""pioff"", ""income"", ""plan_15"", ""plan_16"", ""plan_14"", ""plan_5"", ""plan_3"", ""lpi"", ""plan_6"", ""plan_7"", ""year_5"", ""hlthg"", ""plan_19"", ""year_2"", ""linc"", ""educdec"", ""plan_10"", ""plan_17"", ""tookphys"", ""plan_18"", ""plan_2"", ""time"", ""plan_4"", ""year_4"", ""plan_9""]","[[5, 16, 11, 28, 18, 3, 38, 1, 10, 22, 21, 25, 6, 47, 52, 42, 30, 34, 43, 29, 36], [5, 16, 12, 11]]","[21, 4]",1854.7711610794067,0.8294717051234328,0.17052829487656715,-2.7104659444397803,-0.07786388719969488,0.0,-0.19640562528050992,0.0,0.2764731757397606,0.15720553451754551,0.0,0.0,0.0,-0.06087176905648269,0.03997138701610493,0.0,0.0,0.0,0.0,-0.07828214328549093,0.0,-0.02713969486767866,0.0,0.0,0.10426814516996785,-0.32304028189142614,0.0,0.0,0.08202383511174877,0.0,0.0,-0.027143277231517462,0.12491559039726303,-2.3514419681266663,0.0,0.0,0.0,0.2065319453410424,0.0,0.14393389667092035,0.0,0.15948664366658402,0.0,0.0,0.0,-0.15166752735187472,0.1665947214647849,0.0,0.0,0.0,0.22220157856602654,0.0,0.0,0.0,0.0,-1.903928232865444,0.0,0.0,0.46880523659778883,0.0,0.0,0.0,0.0,0.11401956392750003,0.0,0.0,0.0,0.0,0.0,0.24771114075044684,0.30883465993377246,0.0,0.0,0.0,-0.5417562076927773,0.0,0.0,0.0,0.0,0.0,0.0,0.0,0.0,0.0,0.0,0.0,0.0,0.0,0.0,0.0,0.0,0.0,0.0,0.0,0.0,0.0,0.0,0.0,0.0,0.0,0.0,0.0,0.0,0.0,0.0,0.0,0.0,0.0,0.0,0.0,0.0,0.0,0.0,1.8096533139305857,6.108329392396634
445,1451875617,True,,50.0,quantile_glm,8107.196111659071,-3886.3218794088248,7998.4469848459785,"[0, 5, 16, 11, 28, 18, 12, 9, 17, 26, 13, 3, 1, 47, 38, 14, 49, 42, 10, 22, 52, 6, 48, 23, 21, 45, 30, 51, 24, 33, 25, 41, 39, 54, 31, 43, 7, 15, 32, 50, 2, 8, 53, 46, 44, 35, 19, 34, 37, 40, 29]","[""Intercept"", ""xage"", ""child"", ""disea"", ""lnum"", ""lfam"", ""physlm"", ""num"", ""fchild"", ""xghindx"", ""ghindx"", ""black"", ""coins"", ""site_3"", ""plan_11"", ""mdeoff"", ""site_5"", ""plan_16"", ""mhi"", ""fmde"", ""year_3"", ""female"", ""site_4"", ""hlthg"", ""logc"", ""plan_19"", ""plan_3"", ""year_2"", ""hlthf"", ""plan_6"", ""hlthp"", ""plan_15"", ""plan_13"", ""year_5"", ""plan_4"", ""plan_17"", ""educdec"", ""pioff"", ""plan_5"", ""site_6"", ""tookphys"", ""time"", ""year_4"", ""site_2"", ""plan_18"", ""plan_8"", ""lpi"", ""plan_7"", ""plan_10"", ""plan_14"", ""plan_2""]","[[5, 16, 11, 28, 18, 3, 1, 47, 38, 42, 52, 6, 48, 21, 43, 7, 50, 34], [16, 11, 50, 40]]","[18, 4]",1210.9499773979187,0.8143030888231266,0.18569691117687337,-2.4666822131546247,-0.05562623280991158,0.0,-0.0658242118735805,0.0,0.18380055679096538,0.14018689993981803,0.10326016345454839,0.0,0.0,0.0,0.14881697763076626,0.0,0.0,0.0,0.0,-0.15472229396183587,0.0,-0.02929745362556475,0.0,0.0,0.016331510531335757,0.0,0.0,0.0,0.0,0.0,0.0,-0.02929198750515329,0.0,0.0,0.0,0.0,0.0,0.10650063148129078,0.0,0.0,0.0,0.3214511229478476,0.0,0.0,0.0,-0.4174867096544475,0.11375455533025915,0.0,0.0,0.0,0.19827681667675398,-0.18473451635772878,0.0,-0.3043311413012828,0.0,-1.9152809478030006,0.0,0.0,0.3203176166748722,0.0,0.0,0.0,0.0,0.0,0.0,0.0,0.0,0.0,0.0,0.27772221798479857,0.0,0.0,0.0,0.0,-0.841062579781901,0.0,0.0,0.0,0.0,0.0,0.0,0.0,0.0,0.0,0.0,0.0,0.0,0.0,0.0,0.0,0.0,0.0,0.0,0.0,0.0,0.0,0.0,0.0,0.2283794919253581,0.0,0.0,0.0,0.0,0.0,0.0,0.0,0.0,0.0,0.4620077073656215,0.0,0.0,0.0,0.0,1.7334375084353655,5.6600770683314385
446,1022473162,True,,50.0,kmeans_glm,7818.301601240645,-3754.4576843539658,7708.664376348376,"[0, 5, 16, 11, 22, 26, 9, 12, 38, 28, 18, 13, 14, 21, 17, 3, 10, 1, 49, 42, 2, 15, 52, 33, 51, 48, 50, 19, 47, 23, 45, 32, 44, 54, 41, 24, 53, 6, 30, 7, 25, 4, 27, 29, 8, 37, 40, 46, 36, 34, 20]","[""Intercept"", ""xage"", ""child"", ""disea"", ""fmde"", ""xghindx"", ""num"", ""physlm"", ""plan_11"", ""lnum"", ""lfam"", ""ghindx"", ""mdeoff"", ""logc"", ""fchild"", ""black"", ""mhi"", ""coins"", ""site_5"", ""plan_16"", ""tookphys"", ""pioff"", ""year_3"", ""plan_6"", ""year_2"", ""site_4"", ""site_6"", ""lpi"", ""site_3"", ""hlthg"", ""plan_19"", ""plan_5"", ""plan_18"", ""year_5"", ""plan_15"", ""hlthf"", ""year_4"", ""female"", ""plan_3"", ""educdec"", ""hlthp"", ""income"", ""linc"", ""plan_2"", ""time"", ""plan_10"", ""plan_14"", ""site_2"", ""plan_9"", ""plan_7"", ""idp""]","[[5, 16, 11, 22, 21, 3, 10, 1, 42, 48, 50, 47, 29, 34], [16, 11, 12, 38, 50]]","[14, 5]",1005.7914395332336,0.863802132795537,0.136197867204463,-2.2082271075813025,-0.13573882927953015,0.0,-0.0980250142847801,0.0,0.2753867243464104,0.0,0.0,0.0,0.0,-0.07236073235509417,0.12986428367944017,0.0,0.0,0.0,0.0,-0.12666235805792592,0.0,0.0,0.0,0.0,-0.019672865739810072,-0.2086664649063106,0.0,0.0,0.0,0.0,0.0,0.0,0.1151552272519297,0.0,0.0,0.0,0.0,0.14397542636189137,0.0,0.0,0.0,0.0,0.0,0.0,0.0,-0.10651650219252154,0.0,0.0,0.0,0.0,0.14498764740188932,-0.145530507875029,0.0,-0.2455545537644254,0.0,0.0,0.0,0.0,0.6258422046740572,0.0,0.0,0.0,0.0,0.0,0.0,0.0,0.0,0.0,0.0,0.12922837311477278,0.16285219410165575,0.0,0.0,0.0,-0.6893550619916066,0.0,0.0,0.0,0.0,0.0,0.0,0.0,0.0,0.0,0.0,0.0,0.0,0.0,0.0,0.0,0.0,0.0,0.0,0.0,0.0,0.0,0.2846939371048087,0.0,0.0,0.0,0.0,0.0,0.0,0.0,0.0,0.0,0.0,0.0,0.5405556439163115,0.0,0.0,0.0,0.0,1.6280681753766841,5.094024445244774
447,2081849422,True,,50.0,quantile_glm,7742.123094083059,-3750.8277973935924,7666.665644577118,"[0, 5, 12, 16, 11, 28, 18, 9, 26, 3, 13, 1, 38, 10, 22, 14, 17, 21, 6, 49, 24, 42, 48, 52, 32, 15, 41, 19, 51, 45, 47, 27, 46, 4, 2, 34, 23, 54, 40, 43, 30, 53, 25, 36, 39, 8, 7, 31, 44, 29, 50]","[""Intercept"", ""xage"", ""physlm"", ""child"", ""disea"", ""lnum"", ""lfam"", ""num"", ""xghindx"", ""black"", ""ghindx"", ""coins"", ""plan_11"", ""mhi"", ""fmde"", ""mdeoff"", ""fchild"", ""logc"", ""female"", ""site_5"", ""hlthf"", ""plan_16"", ""site_4"", ""year_3"", ""plan_5"", ""pioff"", ""plan_15"", ""lpi"", ""year_2"", ""plan_19"", ""site_3"", ""linc"", ""site_2"", ""income"", ""tookphys"", ""plan_7"", ""hlthg"", ""year_5"", ""plan_14"", ""plan_17"", ""plan_3"", ""year_4"", ""hlthp"", ""plan_9"", ""plan_13"", ""time"", ""educdec"", ""plan_4"", ""plan_18"", ""plan_2"", ""site_6""]","[[5, 16, 11, 3, 1, 22, 21, 6, 49, 48, 47, 34, 50], [12, 50]]","[13, 2]",1324.5402450561523,0.8372254044115333,0.16277459558846674,-2.1355256369552733,-0.1651486495728449,0.0,-0.0494684177013802,0.0,0.158448246861395,0.17441473409801905,0.0,0.0,0.0,0.0,0.05245047749200364,0.0,0.0,0.0,0.0,-0.2798773527957837,0.0,0.0,0.0,0.0,0.016132085604352444,-0.30711903605549,0.0,0.0,0.0,0.0,0.0,0.0,0.0,0.0,0.0,0.0,0.0,0.14862967985665143,0.0,0.0,0.0,0.0,0.0,0.0,0.0,0.0,0.0,0.0,0.0,0.0,0.10214675422462022,-0.2667562449671722,-0.12924339184223962,-0.41255114687229416,0.0,0.0,0.0,0.0,0.5464151208751569,0.0,0.0,0.0,0.0,0.0,0.0,0.0,0.0,0.0,0.0,0.0,0.43455068830034344,0.0,0.0,0.0,0.0,0.0,0.0,0.0,0.0,0.0,0.0,0.0,0.0,0.0,0.0,0.0,0.0,0.0,0.0,0.0,0.0,0.0,0.0,0.0,0.0,0.0,0.0,0.0,0.0,0.0,0.0,0.0,0.0,0.0,0.0,0.0,0.0,0.0,0.4503581366729162,0.0,0.0,0.0,0.0,2.0932851675273962,8.111519140397206
448,603140574,True,,50.0,quantile_glm,8031.018074291854,-3843.7988383387597,7904.71616324322,"[0, 5, 16, 11, 38, 12, 22, 28, 18, 14, 9, 21, 26, 1, 13, 3, 17, 10, 24, 6, 25, 15, 48, 46, 49, 47, 52, 42, 19, 41, 45, 33, 4, 51, 32, 43, 27, 53, 40, 54, 30, 44, 37, 7, 35, 36, 20, 50, 8, 29, 31]","[""Intercept"", ""xage"", ""child"", ""disea"", ""plan_11"", ""physlm"", ""fmde"", ""lnum"", ""lfam"", ""mdeoff"", ""num"", ""logc"", ""xghindx"", ""coins"", ""ghindx"", ""black"", ""fchild"", ""mhi"", ""hlthf"", ""female"", ""hlthp"", ""pioff"", ""site_4"", ""site_2"", ""site_5"", ""site_3"", ""year_3"", ""plan_16"", ""lpi"", ""plan_15"", ""plan_19"", ""plan_6"", ""income"", ""year_2"", ""plan_5"", ""plan_17"", ""linc"", ""year_4"", ""plan_14"", ""year_5"", ""plan_3"", ""plan_18"", ""plan_10"", ""educdec"", ""plan_8"", ""plan_9"", ""idp"", ""site_6"", ""time"", ""plan_2"", ""plan_4""]","[[5, 16, 11, 12, 22, 28, 18, 14, 10, 24, 6, 25, 48, 47, 4, 43, 20, 50, 29], [16, 50]]","[19, 2]",1157.5895397663116,0.8423100670539511,0.15768993294604897,-2.113604730228292,0.0,0.0,0.0,0.14413294432786797,0.12472195907559402,0.1385799393849995,0.0,0.0,0.0,-0.057268239855799895,0.010749153290606354,0.10628099596535888,0.0,-0.1314898682066413,0.0,-0.20007814223214285,0.0,-0.035102892313052345,0.0,-0.172552138742357,0.0,-0.27632920918519915,0.0,0.0857613623199926,0.0666840595945333,0.0,0.0,-0.03510035949835198,0.10491741551918436,0.0,0.0,0.0,0.0,0.0,0.0,0.0,0.0,0.0,0.0,0.0,0.0,0.0,0.16586913043342555,0.0,0.0,0.0,0.09589648593403521,-0.1323024289215197,0.0,-0.4162062142057897,0.0,0.0,0.0,0.0,0.4316009365105526,0.0,0.0,0.0,0.0,0.0,0.0,0.0,0.0,0.0,0.0,0.0,0.0,0.0,0.0,0.0,-0.8926753715834382,0.0,0.0,0.0,0.0,0.0,0.0,0.0,0.0,0.0,0.0,0.0,0.0,0.0,0.0,0.0,0.0,0.0,0.0,0.0,0.0,0.0,0.0,0.0,0.0,0.0,0.0,0.0,0.0,0.0,0.0,0.0,0.0,0.0,0.6908062867927889,0.0,0.0,0.0,0.0,1.8366633818202123,6.2755641277911005
449,578619403,True,,50.0,quantile_glm,7934.198464982735,-3803.134495511084,7823.3874775878685,"[0, 5, 16, 26, 13, 12, 28, 18, 9, 3, 11, 10, 14, 38, 22, 1, 6, 17, 21, 49, 24, 48, 41, 52, 46, 47, 15, 31, 33, 2, 7, 42, 51, 23, 32, 45, 54, 27, 25, 29, 36, 35, 30, 4, 39, 19, 50, 8, 37, 44, 20]","[""Intercept"", ""xage"", ""child"", ""xghindx"", ""ghindx"", ""physlm"", ""lnum"", ""lfam"", ""num"", ""black"", ""disea"", ""mhi"", ""mdeoff"", ""plan_11"", ""fmde"", ""coins"", ""female"", ""fchild"", ""logc"", ""site_5"", ""hlthf"", ""site_4"", ""plan_15"", ""year_3"", ""site_2"", ""site_3"", ""pioff"", ""plan_4"", ""plan_6"", ""tookphys"", ""educdec"", ""plan_16"", ""year_2"", ""hlthg"", ""plan_5"", ""plan_19"", ""year_5"", ""linc"", ""hlthp"", ""plan_2"", ""plan_9"", ""plan_8"", ""plan_3"", ""income"", ""plan_13"", ""lpi"", ""site_6"", ""time"", ""plan_10"", ""plan_18"", ""idp""]","[[5, 16, 26, 13, 11, 10, 1, 6, 21, 48, 41, 47, 31, 29, 50], [5, 16, 26, 28, 18, 50]]","[15, 6]",1389.9946670532227,0.8299803315258855,0.17001966847411448,-2.113944748377141,-0.07840411806742816,0.0,0.0,0.0,0.2477285110705463,0.1509480877375859,0.0,0.0,0.0,-0.06781417476646479,0.04966025922423298,0.0,-0.15711464725832439,0.0,0.0,-0.10053466914601826,0.0,0.0,0.0,0.0,-0.2809497153193059,0.0,0.0,0.0,0.0,0.11077045674398181,0.0,0.0,0.0999797572415388,0.0,-0.1586514846449934,0.0,0.0,0.0,0.0,0.0,0.0,0.0,0.0,0.0,-0.13944700841915328,0.0,0.0,0.0,0.0,0.0,0.18107426089078224,-0.1724681613115812,0.0,-0.3127975324434091,0.0,0.0,0.0,0.0,0.3620266600989235,0.0,0.0,0.0,0.0,-0.03790691119863758,0.0,0.0,0.0,0.0,0.0,0.0,0.0,0.0,0.0,0.0,-0.607183132689612,0.0,-0.20447635190695623,0.0,0.0,0.0,0.0,0.0,0.0,0.0,-0.27619566714570426,0.0,-0.20447647585112416,0.0,0.0,0.0,0.0,0.0,0.0,0.0,0.0,0.0,0.0,0.0,0.0,0.0,0.0,0.0,0.0,0.0,0.0,0.0,0.0,0.0,0.5103978955776708,0.0,0.0,0.0,0.0,1.967209800832677,7.150696759453346
450,2087734527,True,,25.0,quantile_glm,8276.947922273117,-3928.5804748500595,8213.23526766787,"[0, 5, 16, 12, 11, 28, 18, 9, 3, 1, 38, 26, 17, 13, 14, 22, 49, 21, 6, 10, 24, 47, 42, 41, 25, 33, 23, 15, 52, 51, 45, 34, 32, 48, 4, 31, 19, 54, 27, 53, 40, 2, 30, 46, 39, 43, 8, 44, 50, 36, 37]","[""Intercept"", ""xage"", ""child"", ""physlm"", ""disea"", ""lnum"", ""lfam"", ""num"", ""black"", ""coins"", ""plan_11"", ""xghindx"", ""fchild"", ""ghindx"", ""mdeoff"", ""fmde"", ""site_5"", ""logc"", ""female"", ""mhi"", ""hlthf"", ""site_3"", ""plan_16"", ""plan_15"", ""hlthp"", ""plan_6"", ""hlthg"", ""pioff"", ""year_3"", ""year_2"", ""plan_19"", ""plan_7"", ""plan_5"", ""site_4"", ""income"", ""plan_4"", ""lpi"", ""year_5"", ""linc"", ""year_4"", ""plan_14"", ""tookphys"", ""plan_3"", ""site_2"", ""plan_13"", ""plan_17"", ""time"", ""plan_18"", ""site_6"", ""plan_9"", ""plan_10""]","[[5, 11, 28, 18, 3, 1, 38, 13, 22, 49, 21, 6, 10, 47, 25, 34, 48, 4, 31, 19, 54, 27, 46, 43, 50], [5, 16, 12, 11, 28, 18, 3, 1, 38, 49, 40, 50]]","[25, 12]",1505.945914030075,0.8136130662389175,0.18638693376108253,-2.2191034004667953,-0.04091844359075539,0.0,-0.05485762235644878,0.15412955885665497,0.33643284059159906,0.24540180977466214,0.0,0.0,0.0,-0.04521956008104022,0.011271340775729251,0.0,-0.11343495189590021,0.0,0.0,0.0,0.0,-0.025267722600266933,0.1338666522043785,0.0,0.09425040389974702,-0.25137691181796007,0.0,0.0,0.07999491121770293,0.0,-0.09574805616040494,-0.0252656221771797,0.0,0.0,-0.07345772518668546,0.0,0.0,0.17259965287419635,0.0,0.0,0.0,0.2499816763789664,0.0,0.0,0.0,0.0,0.15786267035401186,0.0,0.0,-0.20644338076987,0.07450949870942129,-0.2177221287777717,-0.26373225591733906,-0.3988653099441505,0.0,0.0,0.0,-1.086611349188578,0.14691618182069693,-0.6096611107231015,0.0,-0.5216167353484328,0.0,0.2513528593546848,0.0,0.0,0.0,0.0,0.0,0.17219867991969895,0.18819869513936058,0.0,0.0,0.0,-0.3574922747083765,0.0,-0.08449363469682569,0.0,0.0,0.0,0.0,0.0,0.0,0.0,0.0,0.0,-0.0845055286701579,0.0,0.0,0.0,0.0,0.0,0.0,0.0,0.0,0.0,0.043256849104333965,0.0,0.359659041731283,0.0,0.0,0.0,0.0,0.0,0.0,0.0,0.0,-0.08759690521818422,0.5162424173299472,0.0,0.0,0.0,0.0,1.6169375297937576,5.0376390496183685
451,178247559,True,,50.0,kmeans_glm,7930.907038425926,-3840.8923618857043,7872.848991949226,"[0, 5, 16, 38, 22, 14, 12, 21, 11, 3, 26, 28, 18, 9, 1, 13, 15, 17, 19, 6, 49, 10, 42, 46, 41, 52, 48, 32, 24, 7, 25, 33, 45, 51, 47, 4, 30, 23, 54, 37, 50, 20, 2, 36, 27, 8, 43, 39, 34, 35, 53]","[""Intercept"", ""xage"", ""child"", ""plan_11"", ""fmde"", ""mdeoff"", ""physlm"", ""logc"", ""disea"", ""black"", ""xghindx"", ""lnum"", ""lfam"", ""num"", ""coins"", ""ghindx"", ""pioff"", ""fchild"", ""lpi"", ""female"", ""site_5"", ""mhi"", ""plan_16"", ""site_2"", ""plan_15"", ""year_3"", ""site_4"", ""plan_5"", ""hlthf"", ""educdec"", ""hlthp"", ""plan_6"", ""plan_19"", ""year_2"", ""site_3"", ""income"", ""plan_3"", ""hlthg"", ""year_5"", ""plan_10"", ""site_6"", ""idp"", ""tookphys"", ""plan_9"", ""linc"", ""time"", ""plan_17"", ""plan_13"", ""plan_7"", ""plan_8"", ""year_4""]","[[5, 16, 38, 22, 21, 11, 1, 6, 49, 48, 24, 7, 25, 47, 30, 50, 34, 35], []]","[18, 0]",1554.0010170936584,0.8319904084388339,0.16800959156116607,-2.2567669608142613,-0.11625242848758088,0.0,0.0,0.0,0.15155274358903004,0.12287358532668603,0.14782332737652126,0.0,0.0,0.0,0.03231192736984654,0.0,0.0,0.0,0.0,-0.23037805367478037,0.0,0.0,0.0,0.0,-0.1269057031187021,-0.18117099255803903,0.0,0.09357794956351494,0.11731270283997305,0.0,0.0,0.0,0.0,-0.09792579501350786,0.0,0.0,0.0,0.1325605524719639,0.0640273630168597,0.0,0.0,0.0450524179002644,0.0,0.0,0.0,0.0,0.0,0.0,0.0,0.0,0.11950809059505407,-0.3182454619083203,-0.1335848048361021,-0.40809840143017634,0.0,0.0,0.0,0.0,0.9549616245395032,0.0,0.0,0.0,0.0,0.0,0.0,0.0,0.0,0.0,0.0,0.0,0.0,0.0,0.0,0.0,0.0,0.0,0.0,0.0,0.0,0.0,0.0,0.0,0.0,0.0,0.0,0.0,0.0,0.0,0.0,0.0,0.0,0.0,0.0,0.0,0.0,0.0,0.0,0.0,0.0,0.0,0.0,0.0,0.0,0.0,0.0,0.0,0.0,0.0,0.0,0.0,0.0,0.0,0.0,2.122959322167139,8.355828523878364
452,771438968,True,,50.0,quantile_glm,7966.3535011289005,-3857.6398407813595,7888.974470815279,"[0, 5, 16, 12, 11, 26, 13, 38, 22, 3, 14, 21, 28, 18, 9, 17, 1, 10, 6, 46, 47, 19, 15, 49, 2, 24, 4, 52, 41, 48, 23, 51, 27, 50, 45, 42, 54, 37, 32, 30, 33, 20, 31, 44, 53, 25, 40, 8, 34, 43, 7]","[""Intercept"", ""xage"", ""child"", ""physlm"", ""disea"", ""xghindx"", ""ghindx"", ""plan_11"", ""fmde"", ""black"", ""mdeoff"", ""logc"", ""lnum"", ""lfam"", ""num"", ""fchild"", ""coins"", ""mhi"", ""female"", ""site_2"", ""site_3"", ""lpi"", ""pioff"", ""site_5"", ""tookphys"", ""hlthf"", ""income"", ""year_3"", ""plan_15"", ""site_4"", ""hlthg"", ""year_2"", ""linc"", ""site_6"", ""plan_19"", ""plan_16"", ""year_5"", ""plan_10"", ""plan_5"", ""plan_3"", ""plan_6"", ""idp"", ""plan_4"", ""plan_18"", ""year_4"", ""hlthp"", ""plan_14"", ""time"", ""plan_7"", ""plan_17"", ""educdec""]","[[5, 12, 11, 38, 22, 3, 10, 6, 47, 2, 24, 48, 50, 31, 34], [16]]","[15, 1]",1202.6748178005219,0.8703432563516932,0.12965674364830682,-2.049385960678919,0.0,0.10070675143080862,-0.16118855693655898,0.0,0.3389145063187926,0.14507121160280298,0.0,0.0,0.0,-0.05472301262893957,0.011212659838113495,0.06393045266650256,0.0,0.0,0.0,0.0,0.0,0.0,0.0,0.0,0.0,-0.2209565777638382,0.0,0.09027579886112545,0.0,0.0,0.0,0.0,0.0,0.0,-0.1395151321730534,0.0,0.0,0.1173834785920165,0.0,0.0,0.0,0.08875091275390395,0.0,0.0,0.0,0.0,0.0,0.0,0.0,0.0,0.08879877875902409,-0.22604503762382722,0.0,-0.2782691954787733,0.0,0.0,0.0,0.0,0.7910147507994828,0.0,0.0,0.0,0.0,0.0,0.0,0.0,0.0,0.0,0.0,0.0,0.0,0.0,0.0,0.0,-0.7142294810108786,0.0,0.0,0.0,0.0,0.0,0.0,0.0,0.0,0.0,0.0,0.0,0.0,0.0,0.0,0.0,0.0,0.0,0.0,0.0,0.0,0.0,0.0,0.0,0.0,0.0,0.0,0.0,0.0,0.0,0.0,0.0,0.0,0.0,0.0,0.0,0.0,0.0,0.0,1.837775887418728,6.282549612992334
453,488591997,True,,50.0,quantile_glm,7810.272349653465,-3743.5375456116376,7695.508838326348,"[0, 5, 16, 11, 26, 12, 13, 17, 28, 18, 9, 10, 38, 3, 22, 21, 14, 24, 48, 1, 47, 19, 49, 52, 15, 41, 51, 6, 42, 25, 32, 45, 54, 44, 50, 20, 23, 33, 2, 29, 31, 46, 35, 4, 34, 39, 27, 8, 36, 30, 43]","[""Intercept"", ""xage"", ""child"", ""disea"", ""xghindx"", ""physlm"", ""ghindx"", ""fchild"", ""lnum"", ""lfam"", ""num"", ""mhi"", ""plan_11"", ""black"", ""fmde"", ""logc"", ""mdeoff"", ""hlthf"", ""site_4"", ""coins"", ""site_3"", ""lpi"", ""site_5"", ""year_3"", ""pioff"", ""plan_15"", ""year_2"", ""female"", ""plan_16"", ""hlthp"", ""plan_5"", ""plan_19"", ""year_5"", ""plan_18"", ""site_6"", ""idp"", ""hlthg"", ""plan_6"", ""tookphys"", ""plan_2"", ""plan_4"", ""site_2"", ""plan_8"", ""income"", ""plan_7"", ""plan_13"", ""linc"", ""time"", ""plan_9"", ""plan_3"", ""plan_17""]","[[5, 16, 11, 12, 13, 10, 38, 3, 21, 48, 47, 41, 6, 42, 50, 29, 34, 43], [16, 50]]","[18, 2]",1310.5106117725372,0.836435302594172,0.1635646974058279,-2.1864439568950798,0.0,0.0,-0.12620939992650823,0.0,0.2733745194777601,0.14293121601505,0.0,0.0,0.0,-0.07105649330731426,0.0639654967010953,0.0326416658501794,-0.09206136203765022,0.0,0.0,-0.12245820143660478,0.0,0.0,0.0,0.0,-0.00968613095380441,0.0,0.0,0.0,0.0,0.0,0.0,0.0,0.13171882219747894,0.0,0.0,0.0,0.0,0.10583092742890611,0.0,0.0,0.0,0.24465295941709303,0.0,0.0,-0.1494381655590372,-0.15875066714507685,0.1041862394788979,0.0,0.0,0.0,0.09935262770171499,-0.32210678852273816,0.0,-0.29484213138070975,0.0,0.0,0.0,0.0,0.4894702261626861,0.0,0.0,0.0,0.0,0.0,0.0,0.0,0.0,0.0,0.0,0.0,0.0,0.0,0.0,0.0,-0.7406539733079165,0.0,0.0,0.0,0.0,0.0,0.0,0.0,0.0,0.0,0.0,0.0,0.0,0.0,0.0,0.0,0.0,0.0,0.0,0.0,0.0,0.0,0.0,0.0,0.0,0.0,0.0,0.0,0.0,0.0,0.0,0.0,0.0,0.0,0.6477074007748111,0.0,0.0,0.0,0.0,1.9369456178748734,6.937528713000517
454,947605457,True,,50.0,quantile_glm,7687.317565815465,-3666.557902379605,7558.919030787539,"[0, 5, 16, 12, 38, 14, 1, 22, 3, 17, 26, 11, 13, 21, 28, 18, 10, 9, 15, 49, 42, 4, 6, 23, 52, 27, 32, 41, 33, 48, 47, 19, 45, 30, 46, 51, 54, 25, 24, 53, 39, 35, 2, 50, 40, 36, 8, 7, 37, 34, 44]","[""Intercept"", ""xage"", ""child"", ""physlm"", ""plan_11"", ""mdeoff"", ""coins"", ""fmde"", ""black"", ""fchild"", ""xghindx"", ""disea"", ""ghindx"", ""logc"", ""lnum"", ""lfam"", ""mhi"", ""num"", ""pioff"", ""site_5"", ""plan_16"", ""income"", ""female"", ""hlthg"", ""year_3"", ""linc"", ""plan_5"", ""plan_15"", ""plan_6"", ""site_4"", ""site_3"", ""lpi"", ""plan_19"", ""plan_3"", ""site_2"", ""year_2"", ""year_5"", ""hlthp"", ""hlthf"", ""year_4"", ""plan_13"", ""plan_8"", ""tookphys"", ""site_6"", ""plan_14"", ""plan_9"", ""time"", ""educdec"", ""plan_10"", ""plan_7"", ""plan_18""]","[[5, 16, 38, 1, 22, 3, 11, 21, 10, 49, 4, 6, 33, 48, 47, 30, 25, 50, 34], [16, 12, 50]]","[19, 3]",1621.6396906375885,0.8721282704258139,0.12787172957418613,-2.1486103299464103,-0.13837469994238985,0.0,-0.08413928704109964,0.11603406941169389,0.18457285491599473,0.1581466424651903,0.0,0.0,0.0,-0.058327981572565586,0.10221186024783548,0.0,0.0,0.0,0.0,-0.21269104614062706,0.0,0.0,0.0,0.0,0.0048174956226506,-0.20960308907061767,0.0,0.0,0.06449313700168112,0.0,0.0,0.0,0.0,-0.11698636488064708,0.0,0.0,-0.17327041370337437,0.09662781534796447,0.0,0.0,0.0,0.09665426296777148,0.0,0.0,0.0,0.0,0.0,0.0,0.0,0.0,0.069727148721022,-0.1775630654066195,-0.12980224608176977,-0.31736692449324033,0.0,0.0,0.0,0.0,0.53727419950416,0.0,0.0,0.0,0.0,0.0,0.0,0.0,0.0,0.0,0.0,0.0,0.28487472918257645,0.0,0.0,0.0,-0.7752546283445882,0.0,0.0,0.0,0.0,0.0,0.0,0.0,0.0,0.0,0.0,0.0,0.0,0.0,0.0,0.0,0.0,0.0,0.0,0.0,0.0,0.0,0.0,0.0,0.0,0.0,0.0,0.0,0.0,0.0,0.0,0.0,0.0,0.0,0.6128836912877316,0.0,0.0,0.0,0.0,1.7512924267314076,5.762044886552821
455,43512433,True,,50.0,quantile_glm,7839.860609812544,-3816.3389260420417,7780.31842294876,"[0, 5, 16, 38, 14, 22, 9, 12, 28, 18, 1, 17, 11, 3, 21, 19, 49, 48, 13, 26, 47, 15, 10, 42, 24, 32, 52, 45, 51, 50, 4, 6, 54, 41, 33, 25, 30, 36, 27, 37, 40, 23, 39, 31, 43, 46, 8, 2, 53, 44, 34]","[""Intercept"", ""xage"", ""child"", ""plan_11"", ""mdeoff"", ""fmde"", ""num"", ""physlm"", ""lnum"", ""lfam"", ""coins"", ""fchild"", ""disea"", ""black"", ""logc"", ""lpi"", ""site_5"", ""site_4"", ""ghindx"", ""xghindx"", ""site_3"", ""pioff"", ""mhi"", ""plan_16"", ""hlthf"", ""plan_5"", ""year_3"", ""plan_19"", ""year_2"", ""site_6"", ""income"", ""female"", ""year_5"", ""plan_15"", ""plan_6"", ""hlthp"", ""plan_3"", ""plan_9"", ""linc"", ""plan_10"", ""plan_14"", ""hlthg"", ""plan_13"", ""plan_4"", ""plan_17"", ""site_2"", ""time"", ""tookphys"", ""year_4"", ""plan_18"", ""plan_7""]","[[5, 16, 38, 22, 49, 48, 47, 10, 50, 6, 25, 34], [50]]","[12, 1]",968.4116027355194,0.8414466893288871,0.15855331067111292,-2.170294716171394,0.0,0.0,0.0,0.0,0.22105130444732934,0.10704266778017663,0.0,0.0,0.0,-0.05165304675585165,0.0,0.0,0.0,0.0,0.0,-0.21847975724016228,0.0,0.0,0.0,0.0,0.0,-0.20176860058665247,0.0,0.0,0.05846910164070931,0.0,0.0,0.0,0.0,0.0,0.0,0.0,0.0,0.1454452304741252,0.0,0.0,0.0,0.21556507168816544,0.0,0.0,0.0,0.0,0.0,0.0,0.0,0.0,0.16485484699057212,-0.30770039211565586,-0.1580556247837085,-0.4156335221544012,0.0,0.0,0.0,0.0,0.6530909889811382,0.0,0.0,0.0,0.0,0.0,0.0,0.0,0.0,0.0,0.0,0.0,0.0,0.0,0.0,0.0,0.0,0.0,0.0,0.0,0.0,0.0,0.0,0.0,0.0,0.0,0.0,0.0,0.0,0.0,0.0,0.0,0.0,0.0,0.0,0.0,0.0,0.0,0.0,0.0,0.0,0.0,0.0,0.0,0.0,0.0,0.0,0.0,0.0,0.0,0.6265256609513126,0.0,0.0,0.0,0.0,1.910190529777056,6.754375585616246
456,1847127874,True,,50.0,quantile_glm,8209.144556045048,-3967.1470217801025,8116.673572275394,"[0, 5, 16, 11, 12, 38, 14, 22, 21, 17, 28, 18, 9, 3, 1, 25, 47, 26, 42, 48, 52, 13, 10, 49, 15, 6, 19, 4, 41, 7, 24, 45, 36, 54, 37, 32, 30, 43, 51, 53, 27, 23, 29, 2, 20, 46, 39, 8, 33, 40, 34]","[""Intercept"", ""xage"", ""child"", ""disea"", ""physlm"", ""plan_11"", ""mdeoff"", ""fmde"", ""logc"", ""fchild"", ""lnum"", ""lfam"", ""num"", ""black"", ""coins"", ""hlthp"", ""site_3"", ""xghindx"", ""plan_16"", ""site_4"", ""year_3"", ""ghindx"", ""mhi"", ""site_5"", ""pioff"", ""female"", ""lpi"", ""income"", ""plan_15"", ""educdec"", ""hlthf"", ""plan_19"", ""plan_9"", ""year_5"", ""plan_10"", ""plan_5"", ""plan_3"", ""plan_17"", ""year_2"", ""year_4"", ""linc"", ""hlthg"", ""plan_2"", ""tookphys"", ""idp"", ""site_2"", ""plan_13"", ""time"", ""plan_6"", ""plan_14"", ""plan_7""]","[[5, 16, 11, 22, 21, 1, 25, 47, 48, 52, 6, 7, 24, 43, 29], [16, 11]]","[15, 2]",1721.2225897312164,0.8303350610703424,0.16966493892965762,-2.2674199534780235,-0.23761862050289423,0.0,0.0,0.0,0.22797219699048513,0.08779538707094517,0.186616132021708,0.0,0.0,0.0,0.07847956112726498,0.0,0.0,0.0,0.0,-0.11616772527642863,0.0,0.0,0.0,0.0,-0.21338147672336888,-0.1078161747543628,0.0,0.10587332123668822,0.11882643876120709,0.0,0.0,0.0,0.15874648459486038,0.0,0.0,0.0,0.0,0.0,0.0,0.0,0.0,0.0,0.0,0.0,0.0,0.0,0.13306762591603236,0.0,0.0,0.0,0.22308294688288727,-0.18553946143108324,0.0,0.0,0.0,-1.7734378738557561,0.0,0.0,0.6614765468353853,0.0,0.0,0.0,0.0,0.0,0.0,0.0,0.0,0.0,0.0,0.35131325015782333,0.0,0.0,0.0,0.0,-0.5279101515045738,0.0,0.0,0.0,0.0,0.0,0.0,0.0,0.0,0.0,0.0,0.0,0.0,0.0,0.0,0.0,0.0,0.0,0.0,0.0,0.0,0.0,0.0,0.0,0.0,0.0,0.0,0.0,0.0,0.0,0.0,0.0,0.0,0.0,0.0,0.0,0.0,0.0,0.0,2.1276165945588943,8.39483465395506
457,484725587,True,,100.0,kmeans_glm,7634.308448750583,-3744.5532883941714,7567.269231951996,"[0, 5, 16, 12, 28, 18, 3, 38, 22, 9, 26, 21, 11, 14, 17, 13, 1, 49, 47, 15, 52, 23, 41, 19, 42, 10, 51, 6, 50, 32, 46, 33, 27, 4, 2, 24, 54, 45, 25, 48, 35, 29, 44, 7, 31, 34, 40, 30, 37, 8, 43]","[""Intercept"", ""xage"", ""child"", ""physlm"", ""lnum"", ""lfam"", ""black"", ""plan_11"", ""fmde"", ""num"", ""xghindx"", ""logc"", ""disea"", ""mdeoff"", ""fchild"", ""ghindx"", ""coins"", ""site_5"", ""site_3"", ""pioff"", ""year_3"", ""hlthg"", ""plan_15"", ""lpi"", ""plan_16"", ""mhi"", ""year_2"", ""female"", ""site_6"", ""plan_5"", ""site_2"", ""plan_6"", ""linc"", ""income"", ""tookphys"", ""hlthf"", ""year_5"", ""plan_19"", ""hlthp"", ""site_4"", ""plan_8"", ""plan_2"", ""plan_18"", ""educdec"", ""plan_4"", ""plan_7"", ""plan_14"", ""plan_3"", ""plan_10"", ""time"", ""plan_17""]","[[5, 21, 11, 47, 50], []]","[5, 0]",999.0634062290192,0.8478678815155334,0.1521321184844666,-1.9813793913684292,0.0,0.0,0.0,0.0,0.375413092619818,0.0,0.0,0.0,0.0,0.0,0.12083996000753967,0.0,0.0,0.0,0.0,0.0,0.0,0.0,0.0,0.0,-0.3329041992397996,0.0,0.0,0.0,0.0,0.0,0.0,0.0,0.0,0.0,0.0,0.0,0.0,0.0,0.0,0.0,0.0,0.0,0.0,0.0,0.0,0.0,0.0,0.0,0.0,0.0,0.18517886166065695,0.0,0.0,-0.3288218674549226,0.0,0.0,0.0,0.0,0.9169474922757778,0.0,0.0,0.0,0.0,0.0,0.0,0.0,0.0,0.0,0.0,0.0,0.0,0.0,0.0,0.0,0.0,0.0,0.0,0.0,0.0,0.0,0.0,0.0,0.0,0.0,0.0,0.0,0.0,0.0,0.0,0.0,0.0,0.0,0.0,0.0,0.0,0.0,0.0,0.0,0.0,0.0,0.0,0.0,0.0,0.0,0.0,0.0,0.0,0.0,0.0,0.0,0.0,0.0,0.0,2.574469891477502,13.12435798007554
458,342559326,True,,50.0,kmeans_glm,8319.262778363473,-4044.597311959136,8262.889413170833,"[0, 5, 16, 14, 28, 18, 9, 1, 38, 12, 3, 11, 26, 17, 22, 15, 13, 19, 21, 42, 47, 49, 52, 23, 6, 32, 41, 45, 48, 10, 30, 31, 33, 39, 50, 54, 2, 46, 24, 34, 44, 40, 8, 27, 37, 51, 25, 7, 53, 4, 36]","[""Intercept"", ""xage"", ""child"", ""mdeoff"", ""lnum"", ""lfam"", ""num"", ""coins"", ""plan_11"", ""physlm"", ""black"", ""disea"", ""xghindx"", ""fchild"", ""fmde"", ""pioff"", ""ghindx"", ""lpi"", ""logc"", ""plan_16"", ""site_3"", ""site_5"", ""year_3"", ""hlthg"", ""female"", ""plan_5"", ""plan_15"", ""plan_19"", ""site_4"", ""mhi"", ""plan_3"", ""plan_4"", ""plan_6"", ""plan_13"", ""site_6"", ""year_5"", ""tookphys"", ""site_2"", ""hlthf"", ""plan_7"", ""plan_18"", ""plan_14"", ""time"", ""linc"", ""plan_10"", ""year_2"", ""hlthp"", ""educdec"", ""year_4"", ""income"", ""plan_9""]","[[5, 16, 1, 38, 3, 11, 22, 21, 47, 52, 6, 48, 50, 34, 25], [50]]","[15, 1]",1035.1886389255524,0.8305954628443177,0.1694045371556823,-2.4289063119722956,-0.17181813058397838,0.0,-0.18447028059370452,0.0,0.2560345729680078,0.16863687864889887,0.0,0.0,0.0,0.0,0.050555650808655345,0.0,0.0,0.0,0.0,-0.15930612303452865,0.0,0.0,0.0,0.0,0.05087189284976609,-0.17499815532695634,0.0,0.0,0.04918147476703975,0.0,0.0,0.0,0.0,0.0,0.0,0.0,0.0,0.09806397704508169,0.0,0.0,0.0,0.13968350916901565,0.0,0.0,0.0,0.0,0.0,0.0,0.0,0.0,0.15503675841125023,-0.19586204288450723,0.0,-0.3690145578906126,0.0,-1.854396539707888,0.0,0.0,0.9055960067797009,0.0,0.0,0.0,0.0,0.0,0.0,0.0,0.0,0.0,0.0,0.0,0.0,0.0,0.0,0.0,0.0,0.0,0.0,0.0,0.0,0.0,0.0,0.0,0.0,0.0,0.0,0.0,0.0,0.0,0.0,0.0,0.0,0.0,0.0,0.0,0.0,0.0,0.0,0.0,0.0,0.0,0.0,0.0,0.0,0.0,0.0,0.0,0.0,0.0,0.5087099135698899,0.0,0.0,0.0,0.0,1.9090474835611082,6.746659432961695
459,2117050505,True,,25.0,quantile_glm,7869.735982389795,-3736.751070633547,7838.261198697472,"[0, 5, 16, 12, 11, 17, 26, 14, 13, 38, 3, 10, 9, 22, 28, 18, 21, 1, 48, 24, 42, 49, 46, 52, 6, 4, 25, 47, 33, 45, 15, 19, 27, 30, 53, 54, 41, 51, 36, 31, 7, 20, 23, 32, 43, 29, 8, 39, 50, 2, 35]","[""Intercept"", ""xage"", ""child"", ""physlm"", ""disea"", ""fchild"", ""xghindx"", ""mdeoff"", ""ghindx"", ""plan_11"", ""black"", ""mhi"", ""num"", ""fmde"", ""lnum"", ""lfam"", ""logc"", ""coins"", ""site_4"", ""hlthf"", ""plan_16"", ""site_5"", ""site_2"", ""year_3"", ""female"", ""income"", ""hlthp"", ""site_3"", ""plan_6"", ""plan_19"", ""pioff"", ""lpi"", ""linc"", ""plan_3"", ""year_4"", ""year_5"", ""plan_15"", ""year_2"", ""plan_9"", ""plan_4"", ""educdec"", ""idp"", ""hlthg"", ""plan_5"", ""plan_17"", ""plan_2"", ""time"", ""plan_13"", ""site_6"", ""tookphys"", ""plan_8""]","[[5, 16, 11, 26, 3, 10, 22, 21, 1, 48, 24, 42, 49, 46, 52, 6, 25, 47, 33, 45, 30, 53, 54, 41, 31, 7, 20, 43, 29, 8, 50, 35], [16, 12, 11, 3, 49, 50]]","[32, 6]",1347.2586607933044,0.8206139216570262,0.17938607834297382,-2.9487421458030707,-0.16539316344279958,0.0,-0.20338704458159998,0.0,0.14817305842644377,0.1895631419096475,0.09922327891987448,0.6416102428402058,0.0,-0.016300283848541354,-0.014311864690406946,0.0,0.0,0.0,0.0,-0.19356784898973928,0.0,0.0,0.0,-0.26734716936283875,0.24772285053663504,-0.37395697237047537,0.0,0.10765131284717108,0.09130461556651318,-0.10680435634364255,0.0,0.0,0.11230430500550108,-1.104817619681444,-0.04022248445027844,0.0,-0.13795381029278755,0.0,-0.011752576594081689,0.0,0.0,0.0,0.0,0.0,-0.16328782847265494,-0.14138964957729808,0.14968240314943249,0.0,-1.0328003747412695,-0.1614276919174135,-0.03577509650201418,-0.48819059966296036,-0.18111502470843432,-0.4608646607675462,0.0,-1.8126429255458931,-1.0939460833617072,-1.0428386540096728,0.26845710947110213,0.0,0.0,-0.3352062938529964,0.0,0.0,0.0,0.0,0.0,0.0,0.0,0.11074180736984911,0.30673151062843096,0.0,0.0,0.0,-0.6254823279378464,0.0,0.0,0.0,0.0,0.0,0.0,0.0,0.0,0.0,0.0,0.0,0.0,0.0,0.0,0.0,0.0,0.0,0.0,0.0,0.0,0.0,0.0,0.0,0.0,0.0,0.0,0.0,0.0,0.0,0.0,0.0,0.0,-0.036777009207668784,0.6728711603607015,0.0,0.0,0.0,0.0,1.6269626338831604,5.088395901719017
460,1184033811,True,,50.0,quantile_glm,7866.164857128493,-3809.3371355225736,7801.053799760336,"[0, 5, 16, 26, 11, 28, 18, 13, 24, 9, 17, 12, 3, 14, 1, 22, 38, 21, 10, 42, 49, 48, 15, 25, 52, 46, 41, 6, 19, 33, 7, 45, 4, 47, 54, 27, 29, 51, 32, 53, 36, 43, 30, 31, 40, 8, 39, 20, 23, 50, 34]","[""Intercept"", ""xage"", ""child"", ""xghindx"", ""disea"", ""lnum"", ""lfam"", ""ghindx"", ""hlthf"", ""num"", ""fchild"", ""physlm"", ""black"", ""mdeoff"", ""coins"", ""fmde"", ""plan_11"", ""logc"", ""mhi"", ""plan_16"", ""site_5"", ""site_4"", ""pioff"", ""hlthp"", ""year_3"", ""site_2"", ""plan_15"", ""female"", ""lpi"", ""plan_6"", ""educdec"", ""plan_19"", ""income"", ""site_3"", ""year_5"", ""linc"", ""plan_2"", ""year_2"", ""plan_5"", ""year_4"", ""plan_9"", ""plan_17"", ""plan_3"", ""plan_4"", ""plan_14"", ""time"", ""plan_13"", ""idp"", ""hlthg"", ""site_6"", ""plan_7""]","[[5, 16, 11, 24, 12, 3, 1, 21, 48, 25, 52, 6, 33, 47, 29, 50], [5]]","[16, 1]",1397.6311078071594,0.8300553926967638,0.16994460730323618,-2.2976623840381096,-0.18978980777630033,0.0,-0.15597033011497674,0.0,0.11482175740350097,0.10416632909596327,0.0,0.0,0.0,0.0,0.023079693431024638,0.05814652811146117,0.0,0.0,0.0,-0.2594829978399812,0.0,0.0,0.0,0.0,-0.2539765051706105,0.0,0.0,0.12196753098032509,0.09253334045235055,0.0,0.0,0.0,0.11241556062432236,0.0,0.0,0.0,-0.13111342897279551,0.0,0.0,0.0,0.0,0.0,0.0,0.0,0.0,0.0,0.0,0.0,0.0,0.0,0.0684628679514951,-0.20774288707520455,0.0,-0.2858172867187284,0.0,-1.6722621431792717,0.0,0.0,0.6279130348198066,0.0,0.0,0.0,0.0,0.5082361970287465,0.0,0.0,0.0,0.0,0.0,0.0,0.0,0.0,0.0,0.0,0.0,0.0,0.0,0.0,0.0,0.0,0.0,0.0,0.0,0.0,0.0,0.0,0.0,0.0,0.0,0.0,0.0,0.0,0.0,0.0,0.0,0.0,0.0,0.0,0.0,0.0,0.0,0.0,0.0,0.0,0.0,0.0,0.0,0.0,0.0,0.0,0.0,0.0,0.0,2.1676030289662145,8.737315827728475
461,1743694126,True,,50.0,quantile_glm,7948.799992085824,-3879.195738537788,7906.032047940253,"[0, 5, 16, 12, 11, 26, 13, 3, 28, 18, 9, 17, 1, 14, 10, 22, 38, 49, 42, 6, 47, 48, 21, 52, 24, 46, 15, 33, 34, 2, 19, 45, 32, 23, 39, 54, 27, 41, 25, 7, 51, 4, 36, 37, 30, 20, 29, 40, 8, 53, 43]","[""Intercept"", ""xage"", ""child"", ""physlm"", ""disea"", ""xghindx"", ""ghindx"", ""black"", ""lnum"", ""lfam"", ""num"", ""fchild"", ""coins"", ""mdeoff"", ""mhi"", ""fmde"", ""plan_11"", ""site_5"", ""plan_16"", ""female"", ""site_3"", ""site_4"", ""logc"", ""year_3"", ""hlthf"", ""site_2"", ""pioff"", ""plan_6"", ""plan_7"", ""tookphys"", ""lpi"", ""plan_19"", ""plan_5"", ""hlthg"", ""plan_13"", ""year_5"", ""linc"", ""plan_15"", ""hlthp"", ""educdec"", ""year_2"", ""income"", ""plan_9"", ""plan_10"", ""plan_3"", ""idp"", ""plan_2"", ""plan_14"", ""time"", ""year_4"", ""plan_17""]","[[5, 16, 11, 22, 42, 6, 47, 48, 21, 52, 34, 25, 29], []]","[13, 0]",1346.8966357707977,0.8459130214496813,0.15408697855031883,-2.174179637668915,0.0,0.0,0.0,0.0,0.1689242077246124,0.10947170361296024,0.0,0.0,0.0,0.0,0.08517644829310139,0.0,0.0,0.0,0.0,-0.14566874356442122,0.0,0.0,0.0,0.0,0.0018730813774818628,-0.31604691981359095,0.0,0.0,0.03374541798838293,0.0,0.0,0.0,0.06589213168599203,0.0,0.0,0.0,0.0,0.18069325327346356,0.0,0.0,0.0,0.0,0.0,0.0,0.0,-0.3255989175238836,0.0,0.0,0.0,0.0,0.20553040917149523,-0.10614677991249168,0.0,0.0,0.0,-1.4629235155057314,0.0,0.0,0.9367054921510297,0.0,0.0,0.0,0.0,0.0,0.0,0.0,0.0,0.0,0.0,0.0,0.0,0.0,0.0,0.0,0.0,0.0,0.0,0.0,0.0,0.0,0.0,0.0,0.0,0.0,0.0,0.0,0.0,0.0,0.0,0.0,0.0,0.0,0.0,0.0,0.0,0.0,0.0,0.0,0.0,0.0,0.0,0.0,0.0,0.0,0.0,0.0,0.0,0.0,0.0,0.0,0.0,0.0,0.0,2.316831805603785,10.143486806809902
462,1718604211,True,,50.0,quantile_glm,7875.445792084561,-3813.460853612439,7809.301235940067,"[0, 5, 16, 12, 11, 3, 38, 26, 10, 22, 13, 9, 28, 18, 14, 21, 1, 17, 42, 6, 48, 24, 49, 47, 41, 52, 51, 32, 33, 46, 45, 53, 27, 15, 29, 4, 19, 23, 54, 31, 2, 36, 43, 8, 30, 40, 50, 44, 25, 37, 35]","[""Intercept"", ""xage"", ""child"", ""physlm"", ""disea"", ""black"", ""plan_11"", ""xghindx"", ""mhi"", ""fmde"", ""ghindx"", ""num"", ""lnum"", ""lfam"", ""mdeoff"", ""logc"", ""coins"", ""fchild"", ""plan_16"", ""female"", ""site_4"", ""hlthf"", ""site_5"", ""site_3"", ""plan_15"", ""year_3"", ""year_2"", ""plan_5"", ""plan_6"", ""site_2"", ""plan_19"", ""year_4"", ""linc"", ""pioff"", ""plan_2"", ""income"", ""lpi"", ""hlthg"", ""year_5"", ""plan_4"", ""tookphys"", ""plan_9"", ""plan_17"", ""time"", ""plan_3"", ""plan_14"", ""site_6"", ""plan_18"", ""hlthp"", ""plan_10"", ""plan_8""]","[[5, 11, 3, 26, 10, 22, 21, 1, 42, 6, 48, 47, 41, 29, 43, 50], [50]]","[16, 1]",1266.333088874817,0.8404963851282884,0.15950361487171152,-2.068745157606936,-0.13952596378028037,0.0,-0.14131749683808686,0.0,0.36114047625814893,0.11781678934966731,0.0,0.0,0.0,-0.09837474876036677,0.05736231498142548,0.0,0.0,0.0,0.0,0.0,0.0,0.0,0.0,0.0,-0.04872934791952566,-0.15557313741976111,0.0,0.0,0.0,-0.07898601335126203,0.0,0.0,0.1253534760850179,0.0,0.0,0.0,0.0,0.0,0.0,0.0,0.0,0.0,0.0,0.0,-0.14109138983090386,-0.2000152449304776,0.10202190667810106,0.0,0.0,0.0,0.09618314396140452,-0.21084805051139022,0.0,-0.21568979384449788,0.0,0.0,0.0,0.0,0.7063055450586236,0.0,0.0,0.0,0.0,0.0,0.0,0.0,0.0,0.0,0.0,0.0,0.0,0.0,0.0,0.0,0.0,0.0,0.0,0.0,0.0,0.0,0.0,0.0,0.0,0.0,0.0,0.0,0.0,0.0,0.0,0.0,0.0,0.0,0.0,0.0,0.0,0.0,0.0,0.0,0.0,0.0,0.0,0.0,0.0,0.0,0.0,0.0,0.0,0.0,0.5005476525052117,0.0,0.0,0.0,0.0,2.1954002716249623,8.983596215906632
463,1684414014,True,,50.0,quantile_glm,8075.5376141545885,-3874.9117976844245,7958.257342471922,"[0, 5, 16, 11, 12, 28, 18, 9, 17, 26, 13, 3, 14, 1, 22, 38, 10, 21, 49, 42, 24, 23, 15, 2, 52, 48, 6, 46, 27, 19, 36, 4, 33, 45, 53, 32, 54, 47, 39, 41, 37, 34, 25, 20, 30, 51, 7, 40, 8, 50, 31]","[""Intercept"", ""xage"", ""child"", ""disea"", ""physlm"", ""lnum"", ""lfam"", ""num"", ""fchild"", ""xghindx"", ""ghindx"", ""black"", ""mdeoff"", ""coins"", ""fmde"", ""plan_11"", ""mhi"", ""logc"", ""site_5"", ""plan_16"", ""hlthf"", ""hlthg"", ""pioff"", ""tookphys"", ""year_3"", ""site_4"", ""female"", ""site_2"", ""linc"", ""lpi"", ""plan_9"", ""income"", ""plan_6"", ""plan_19"", ""year_4"", ""plan_5"", ""year_5"", ""site_3"", ""plan_13"", ""plan_15"", ""plan_10"", ""plan_7"", ""hlthp"", ""idp"", ""plan_3"", ""year_2"", ""educdec"", ""plan_14"", ""time"", ""site_6"", ""plan_4""]","[[5, 11, 26, 3, 1, 21, 42, 48, 6, 36, 47, 34, 25, 50], [16, 11, 28, 18, 14, 50]]","[14, 6]",1743.3793468475342,0.8209230863164777,0.17907691368352227,-2.425616345927182,-0.10808286713455556,0.0,-0.13011925685869097,0.0,0.3412872737199451,0.17486980424803375,0.0,0.0,0.0,0.0,0.015241256002017037,0.0,0.0,0.0,0.0,0.0,0.0,0.0,0.0,0.0,-0.2521656442216964,0.0,0.0,0.0,0.0500733416110893,-0.08156944519326348,0.0,0.0,0.0,0.0,0.0,0.0,0.0,0.13641939148386947,0.0,-1.6131961029516997,0.0,0.0,0.0,0.0,0.0,-0.2252871804249187,0.0,0.0,0.0,0.0,0.15695201520921231,-0.3016958156260735,0.0,-0.3051237783126351,0.0,0.0,0.0,0.0,0.4231434173870168,0.0,0.0,0.0,0.0,0.0,0.0,0.0,0.0,0.0,0.0,0.24082222063990508,0.0,0.0,-0.3452391982905538,0.0,-0.6539558928190545,0.0,-0.09106981897937977,0.0,0.0,0.0,0.0,0.0,0.0,0.0,0.0,0.0,-0.09106717970761177,0.0,0.0,0.0,0.0,0.0,0.0,0.0,0.0,0.0,0.0,0.0,0.0,0.0,0.0,0.0,0.0,0.0,0.0,0.0,0.0,0.0,0.512432821248054,0.0,0.0,0.0,0.0,1.6077783007622195,4.991708823610191
464,2038796052,True,,50.0,kmeans_glm,7882.448863391146,-3807.5336728802595,7832.1858323262195,"[0, 5, 16, 26, 11, 28, 18, 13, 38, 9, 14, 22, 3, 12, 1, 21, 17, 48, 42, 47, 10, 15, 49, 41, 24, 52, 6, 33, 19, 25, 4, 54, 46, 32, 27, 53, 37, 23, 45, 2, 7, 36, 30, 44, 43, 20, 31, 8, 34, 35, 29]","[""Intercept"", ""xage"", ""child"", ""xghindx"", ""disea"", ""lnum"", ""lfam"", ""ghindx"", ""plan_11"", ""num"", ""mdeoff"", ""fmde"", ""black"", ""physlm"", ""coins"", ""logc"", ""fchild"", ""site_4"", ""plan_16"", ""site_3"", ""mhi"", ""pioff"", ""site_5"", ""plan_15"", ""hlthf"", ""year_3"", ""female"", ""plan_6"", ""lpi"", ""hlthp"", ""income"", ""year_5"", ""site_2"", ""plan_5"", ""linc"", ""year_4"", ""plan_10"", ""hlthg"", ""plan_19"", ""tookphys"", ""educdec"", ""plan_9"", ""plan_3"", ""plan_18"", ""plan_17"", ""idp"", ""plan_4"", ""time"", ""plan_7"", ""plan_8"", ""plan_2""]","[[5, 16, 11, 28, 18, 13, 38, 22, 3, 21, 48, 42, 47, 10, 24, 6, 33, 25, 43, 34, 29], []]","[21, 0]",1124.4270265102386,0.8433672575530241,0.15663274244697598,-2.1583505870924533,0.0,0.0,-0.23601088791381125,0.0,0.12469693885453859,0.14872157049030135,0.0,0.0,0.0,-0.02470542372222515,0.04731075690660817,0.0,-0.024132479599567127,0.0,0.0,-0.2700312299550088,0.0,-0.02809310295382778,0.0,0.0,0.09784682064015052,-0.16631567328877425,0.0,0.06485367658206634,0.062531702283618,0.0,0.0,-0.028099621422689618,0.11714581957219278,0.0,0.0,0.0,-0.10703901969747256,0.17208193597162458,0.0,0.0,0.0,0.33265185854835133,0.0,0.0,0.0,-0.14974750212821836,0.17252449119225458,0.0,0.0,0.0,0.1608056700986554,-0.242027005019302,0.0,0.0,0.0,0.0,0.0,0.0,0.8968834436261195,0.0,0.0,0.0,0.0,0.0,0.0,0.0,0.0,0.0,0.0,0.0,0.0,0.0,0.0,0.0,0.0,0.0,0.0,0.0,0.0,0.0,0.0,0.0,0.0,0.0,0.0,0.0,0.0,0.0,0.0,0.0,0.0,0.0,0.0,0.0,0.0,0.0,0.0,0.0,0.0,0.0,0.0,0.0,0.0,0.0,0.0,0.0,0.0,0.0,0.0,0.0,0.0,0.0,0.0,2.172816775577933,8.782988939074018
465,572319216,True,,50.0,quantile_glm,8207.933531580338,-3947.206888452999,8111.532263471699,"[0, 5, 11, 16, 12, 26, 13, 38, 22, 14, 21, 9, 3, 28, 18, 17, 10, 1, 25, 24, 15, 6, 47, 49, 42, 52, 2, 48, 37, 23, 32, 41, 19, 46, 4, 45, 30, 33, 54, 53, 44, 20, 36, 29, 51, 43, 35, 40, 7, 31, 50]","[""Intercept"", ""xage"", ""disea"", ""child"", ""physlm"", ""xghindx"", ""ghindx"", ""plan_11"", ""fmde"", ""mdeoff"", ""logc"", ""num"", ""black"", ""lnum"", ""lfam"", ""fchild"", ""mhi"", ""coins"", ""hlthp"", ""hlthf"", ""pioff"", ""female"", ""site_3"", ""site_5"", ""plan_16"", ""year_3"", ""tookphys"", ""site_4"", ""plan_10"", ""hlthg"", ""plan_5"", ""plan_15"", ""lpi"", ""site_2"", ""income"", ""plan_19"", ""plan_3"", ""plan_6"", ""year_5"", ""year_4"", ""plan_18"", ""idp"", ""plan_9"", ""plan_2"", ""year_2"", ""plan_17"", ""plan_8"", ""plan_14"", ""educdec"", ""plan_4"", ""site_6""]","[[5, 11, 16, 12, 26, 21, 3, 10, 1, 25, 6, 47, 48, 41, 29, 43, 35, 50], [5, 11, 38]]","[18, 3]",1416.9064106941223,0.8138078455433421,0.18619215445665796,-2.123941888820443,-0.187321739314334,0.0,-0.13600413097640718,0.0,0.2023613411367979,0.2094066680562455,0.0,0.0,0.0,-0.06694713003728253,0.11339806434431292,0.020757021357109277,0.0,0.0,0.0,-0.12960513139929475,0.0,0.0,0.0,0.0,-0.21778977711281258,0.0,0.0,0.0,0.09833878233575241,-0.10951099588898211,0.0,0.0,0.14303086250130445,0.0,0.0,0.0,0.0,0.0,0.08283381070592323,0.0,0.0,0.0,0.0,0.0,-0.11032962527214449,0.0,0.09236010456925639,0.0,0.0,0.0,0.2069012130196347,-0.1499589005956981,0.0,-0.2616237447998568,0.0,0.0,0.0,0.0,0.45040886827611015,0.0,0.0,0.0,0.0,0.47548734624768635,0.0,0.0,0.0,0.0,0.0,0.299669416413471,0.0,0.0,0.0,0.0,0.0,0.0,0.0,0.0,0.0,0.0,0.0,0.0,0.0,0.0,0.0,0.0,0.0,0.0,0.0,0.0,0.0,0.0,0.0,0.0,0.0,0.0,0.49873977673900344,0.0,0.0,0.0,0.0,0.0,0.0,0.0,0.0,0.0,0.0,0.0,0.0,0.0,0.0,0.0,0.0,1.931482948302854,6.89973460833147
466,1304483841,True,,25.0,kmeans_glm,7957.4308560791815,-3760.845894152564,7886.450845735506,"[0, 5, 16, 12, 11, 38, 1, 22, 26, 21, 14, 28, 18, 13, 9, 3, 49, 17, 19, 15, 10, 50, 42, 52, 41, 6, 48, 45, 25, 40, 30, 33, 53, 54, 24, 47, 32, 37, 23, 7, 4, 20, 31, 29, 2, 34, 8, 46, 51, 36, 27]","[""Intercept"", ""xage"", ""child"", ""physlm"", ""disea"", ""plan_11"", ""coins"", ""fmde"", ""xghindx"", ""logc"", ""mdeoff"", ""lnum"", ""lfam"", ""ghindx"", ""num"", ""black"", ""site_5"", ""fchild"", ""lpi"", ""pioff"", ""mhi"", ""site_6"", ""plan_16"", ""year_3"", ""plan_15"", ""female"", ""site_4"", ""plan_19"", ""hlthp"", ""plan_14"", ""plan_3"", ""plan_6"", ""year_4"", ""year_5"", ""hlthf"", ""site_3"", ""plan_5"", ""plan_10"", ""hlthg"", ""educdec"", ""income"", ""idp"", ""plan_4"", ""plan_2"", ""tookphys"", ""plan_7"", ""time"", ""site_2"", ""year_2"", ""plan_9"", ""linc""]","[[5, 11, 38, 1, 26, 21, 13, 49, 10, 50, 52, 6, 48, 25, 30, 53, 54, 24, 47, 7, 4, 20, 29, 34, 46, 36, 27], [5, 16, 12, 11, 38, 1, 9, 3, 49, 19, 50]]","[27, 11]",1953.1998615264893,0.8238767522948256,0.17612324770517443,-2.499628048824119,-0.2851632696316021,0.0,0.0,-0.12520770597128394,0.2844346825224553,0.1083598061714167,0.16228659877848609,0.0,0.0,-0.052052799670691666,0.034117410931964506,0.0,-0.234357075509078,0.0,0.0,0.0,0.0,0.0,0.0,-0.13218766466738524,-0.09783842205249439,0.0,0.0,0.055640012654568444,0.07576381642975666,0.14735419320499835,-0.024398669386561968,0.0,0.17265174496848895,-0.04177758368891579,0.0,0.0,0.0,0.08148852825268574,0.0,0.035569276207613174,0.0,0.13155079153904348,0.0,0.0,0.0,0.0,0.0,0.0,0.0,-0.18700350679262612,-0.024403914466953436,-0.46630123450869143,-0.26535975905786907,-0.416018591135924,0.0,-1.257253958602821,-1.0868070035056374,-1.0443459854921289,-0.01798339287774568,-0.1781681919731153,0.0,-0.7411654205884295,0.0,0.25804065322281333,0.0,0.0,0.0,-0.38455897133494815,0.0,0.22656332059556045,0.24018456535484436,0.0,0.0,0.0,-0.25355792084325707,0.0,0.0,-0.0683898640790816,0.0,0.0,0.0,0.0,0.0,0.0,0.0,0.0,0.0,0.0,0.0,0.0,0.0,0.0,0.0,0.0,0.0,0.0,0.18535987103214233,0.0,0.0,0.0,0.0,0.0,0.0,0.0,0.0,0.0,0.0,-0.3237927052915348,0.7326383407431389,0.0,0.0,0.0,0.0,1.4789560963369215,4.38836226157109
467,846446083,True,,50.0,kmeans_glm,7873.805800579145,-3783.2104981986463,7800.90896188825,"[0, 5, 16, 12, 38, 3, 26, 11, 22, 21, 13, 28, 18, 9, 14, 1, 17, 10, 49, 48, 42, 23, 47, 6, 19, 15, 46, 4, 41, 25, 52, 45, 32, 54, 27, 51, 20, 40, 34, 33, 39, 35, 7, 24, 8, 36, 30, 50, 37, 53, 29]","[""Intercept"", ""xage"", ""child"", ""physlm"", ""plan_11"", ""black"", ""xghindx"", ""disea"", ""fmde"", ""logc"", ""ghindx"", ""lnum"", ""lfam"", ""num"", ""mdeoff"", ""coins"", ""fchild"", ""mhi"", ""site_5"", ""site_4"", ""plan_16"", ""hlthg"", ""site_3"", ""female"", ""lpi"", ""pioff"", ""site_2"", ""income"", ""plan_15"", ""hlthp"", ""year_3"", ""plan_19"", ""plan_5"", ""year_5"", ""linc"", ""year_2"", ""idp"", ""plan_14"", ""plan_7"", ""plan_6"", ""plan_13"", ""plan_8"", ""educdec"", ""hlthf"", ""time"", ""plan_9"", ""plan_3"", ""site_6"", ""plan_10"", ""year_4"", ""plan_2""]","[[5, 16, 12, 38, 3, 11, 22, 21, 13, 28, 18, 10, 49, 48, 42, 47, 6, 4, 25, 34, 35, 50], [50]]","[22, 1]",1025.0222141742706,0.8448441310536399,0.1551558689463602,-2.0915880441783186,0.0,0.0,-0.0510805292920847,0.10438041091133989,0.1619524910714399,0.1522488120389395,0.0,0.0,0.0,-0.06820706373921058,0.04064005007796993,0.05745331557476554,-0.0980983408498048,0.0,0.0,-0.13089221007553808,0.0,-0.03209483640392579,0.0,0.0,-0.020911209972921167,-0.16690598762808367,0.0,0.0,0.0795196071494403,0.0,0.0,-0.032095970834183786,0.0,0.0,0.0,0.0,0.0,0.1261075057316683,0.06033640676847434,0.0,0.0,0.1660194263238619,0.0,0.0,0.0,-0.18947140021727815,0.0,0.0,0.0,0.0,0.1450597105143828,-0.23391893663703708,-0.171486927826539,-0.3523993245855019,0.0,0.0,0.0,0.0,0.6986645637719002,0.0,0.0,0.0,0.0,0.0,0.0,0.0,0.0,0.0,0.0,0.0,0.0,0.0,0.0,0.0,0.0,0.0,0.0,0.0,0.0,0.0,0.0,0.0,0.0,0.0,0.0,0.0,0.0,0.0,0.0,0.0,0.0,0.0,0.0,0.0,0.0,0.0,0.0,0.0,0.0,0.0,0.0,0.0,0.0,0.0,0.0,0.0,0.0,0.0,0.48077726287203915,0.0,0.0,0.0,0.0,2.2270751061421077,9.272704699748669
468,18338019,True,,25.0,kmeans_glm,8013.335767217018,-3823.6005174309385,7977.221134441742,"[0, 5, 16, 11, 22, 38, 14, 9, 12, 28, 18, 21, 1, 26, 13, 17, 3, 19, 15, 25, 49, 47, 48, 24, 10, 42, 6, 52, 40, 4, 41, 2, 33, 46, 45, 54, 32, 30, 29, 51, 7, 36, 53, 31, 8, 44, 27, 43, 34, 37, 35]","[""Intercept"", ""xage"", ""child"", ""disea"", ""fmde"", ""plan_11"", ""mdeoff"", ""num"", ""physlm"", ""lnum"", ""lfam"", ""logc"", ""coins"", ""xghindx"", ""ghindx"", ""fchild"", ""black"", ""lpi"", ""pioff"", ""hlthp"", ""site_5"", ""site_3"", ""site_4"", ""hlthf"", ""mhi"", ""plan_16"", ""female"", ""year_3"", ""plan_14"", ""income"", ""plan_15"", ""tookphys"", ""plan_6"", ""site_2"", ""plan_19"", ""year_5"", ""plan_5"", ""plan_3"", ""plan_2"", ""year_2"", ""educdec"", ""plan_9"", ""year_4"", ""plan_4"", ""time"", ""plan_18"", ""linc"", ""plan_17"", ""plan_7"", ""plan_10"", ""plan_8""]","[[5, 16, 11, 22, 21, 1, 3, 15, 25, 47, 48, 24, 10, 42, 6, 46, 54, 30, 29, 7, 53, 8, 43, 34], [5, 16, 11, 38, 9, 1, 26, 19, 49, 48]]","[24, 10]",1582.3608791828156,0.8302597594759882,0.1697402405240118,-2.349135439080608,-0.15163800499955044,0.0,-0.16382783245050334,0.0,0.30069094557643256,0.12589137463548636,0.13048780080988734,0.7745256949836481,0.0,-0.07038872930837976,0.06962727493678911,0.0,0.0,0.0,0.17377712177422902,-0.011150357630914457,0.0,0.0,0.0,0.0,0.08173153643952463,-0.4616405537279358,0.0,0.14417407682227218,0.11852410292410681,0.0,0.0,0.0,0.13929516082797985,-1.0470954247623534,0.0,0.0,0.0,0.15874024421401547,0.0,0.0,0.0,0.0,0.0,0.0,0.0,-0.14825118193248848,0.14647291725972425,0.0,0.0,0.059270574524409765,0.24997861542911062,-0.1707615715907503,0.0,0.0,0.0,0.0,-0.35648855306224103,-1.0241964798808119,0.1963965203386425,-0.33147634421584,0.0,0.0,0.0,0.14106658337728886,0.0,0.0,0.0,-0.3679029245315193,0.0,0.10443661702104727,0.0,0.0,0.0,0.0,-0.40344778299934664,0.0,0.0,-0.10543690825208649,0.0,0.0,0.0,0.0,0.0,0.0,-0.16506381670334283,0.0,0.0,0.0,0.0,0.0,0.0,0.0,0.0,0.0,0.0,0.0,0.37467694329532397,0.0,0.0,0.0,0.0,0.0,0.0,0.0,0.0,0.0,-0.31191053659139584,-0.5060126350906196,0.0,0.0,0.0,0.0,0.0,1.571015731438102,4.811532937831574
469,1601623197,True,,25.0,kmeans_glm,7952.802393672283,-3753.077610831582,7862.229539630914,"[0, 16, 5, 28, 18, 12, 9, 14, 3, 38, 22, 1, 17, 21, 15, 10, 19, 11, 49, 25, 42, 46, 26, 6, 41, 13, 48, 23, 52, 32, 53, 34, 30, 45, 33, 47, 54, 4, 2, 27, 7, 31, 43, 51, 8, 37, 29, 20, 36, 40, 50]","[""Intercept"", ""child"", ""xage"", ""lnum"", ""lfam"", ""physlm"", ""num"", ""mdeoff"", ""black"", ""plan_11"", ""fmde"", ""coins"", ""fchild"", ""logc"", ""pioff"", ""mhi"", ""lpi"", ""disea"", ""site_5"", ""hlthp"", ""plan_16"", ""site_2"", ""xghindx"", ""female"", ""plan_15"", ""ghindx"", ""site_4"", ""hlthg"", ""year_3"", ""plan_5"", ""year_4"", ""plan_7"", ""plan_3"", ""plan_19"", ""plan_6"", ""site_3"", ""year_5"", ""income"", ""tookphys"", ""linc"", ""educdec"", ""plan_4"", ""plan_17"", ""year_2"", ""time"", ""plan_10"", ""plan_2"", ""idp"", ""plan_9"", ""plan_14"", ""site_6""]","[[16, 5, 3, 38, 22, 1, 21, 10, 49, 25, 42, 6, 41, 48, 32, 53, 34, 30, 47, 54, 2, 7, 29, 20, 50], [16, 12, 9, 14, 3, 38, 11, 49, 6, 7, 40, 50]]","[25, 12]",1561.4952421188354,0.8232542627171988,0.17674573728280124,-2.3433824084457946,-0.24090680397512695,-0.04289231852118628,-0.12502936932476816,0.0,0.25182909850248064,0.11247907319425117,-0.06522928323629867,0.0,0.0,-0.06368348023813732,0.0,0.0,0.0,0.0,0.0,-0.1120095272940325,0.0,0.0,0.0,-0.3561921200560682,0.26602463735994697,-0.37987768614574985,0.0,0.0,0.08904175525867505,0.0,0.0,0.0,0.22080901948952214,0.010337365509039746,0.0,-0.09337503452148388,0.0,0.09597944324959003,0.0,0.0,0.0,-0.05348247561721584,0.0,0.0,-0.23626174952821113,-0.13677041060015063,0.0,0.0,0.0,0.0,0.04171245812400167,-0.2763813763562533,-0.09789189353785638,-0.36860528544259874,0.0,0.0,-1.0510926838597,-1.0483553580190403,0.004476538944156439,0.0,0.0,-0.6320208444201545,0.0,0.0,0.053443778429302834,0.3808862270796816,0.0,-0.3012232080397117,0.0,0.1655828546563335,0.2672299831067552,0.0,-0.265597373748812,0.0,-0.7232328068040055,0.0,0.0,0.0,0.0,0.0,0.0,0.0,0.0,0.0,0.0,0.0,0.0,0.0,0.0,0.0,0.0,0.0,0.0,0.0,0.0,0.0,0.07825518937404717,0.0,0.2638202436110663,0.0,0.0,0.0,0.0,0.0,0.0,0.0,0.0,-0.39532402514740833,0.7421337315904271,0.0,0.0,0.0,0.0,1.6139609744739285,5.022666532622964
470,267422288,True,,50.0,quantile_glm,8113.262532603878,-3930.8283366790797,8026.666723148092,"[0, 5, 16, 38, 26, 13, 12, 22, 14, 11, 9, 28, 18, 3, 21, 17, 1, 24, 49, 47, 10, 15, 33, 48, 52, 42, 6, 51, 23, 41, 45, 2, 19, 32, 27, 46, 54, 40, 53, 37, 30, 25, 29, 7, 8, 43, 31, 36, 44, 4, 20]","[""Intercept"", ""xage"", ""child"", ""plan_11"", ""xghindx"", ""ghindx"", ""physlm"", ""fmde"", ""mdeoff"", ""disea"", ""num"", ""lnum"", ""lfam"", ""black"", ""logc"", ""fchild"", ""coins"", ""hlthf"", ""site_5"", ""site_3"", ""mhi"", ""pioff"", ""plan_6"", ""site_4"", ""year_3"", ""plan_16"", ""female"", ""year_2"", ""hlthg"", ""plan_15"", ""plan_19"", ""tookphys"", ""lpi"", ""plan_5"", ""linc"", ""site_2"", ""year_5"", ""plan_14"", ""year_4"", ""plan_10"", ""plan_3"", ""hlthp"", ""plan_2"", ""educdec"", ""time"", ""plan_17"", ""plan_4"", ""plan_9"", ""plan_18"", ""income"", ""idp""]","[[5, 16, 22, 11, 3, 21, 1, 47, 48, 42, 6, 29, 43], [16, 38]]","[13, 2]",1102.8623802661896,0.8281001611702371,0.1718998388297629,-2.094802279884203,-0.15470420984972724,0.0,-0.212372347722645,0.0,0.2584704645802543,0.10730785277468867,0.0,0.0,0.0,0.0,0.08270450912549157,0.0,0.0,0.0,0.0,-0.1572853052481283,0.0,0.0,0.0,0.0,-0.11860246996798703,-0.2235727188657875,0.0,0.0,0.0,0.0,0.0,0.0,0.11375642384825133,0.0,0.0,0.0,0.0,0.0,0.0,0.0,0.0,0.0,0.0,0.0,0.0,-0.14213230326926846,0.11751841247556966,0.0,0.0,0.0,0.2346772583325194,-0.13588002187638135,0.0,0.0,0.0,0.0,0.0,0.0,0.6186740626267587,0.0,0.0,0.0,0.0,0.0,0.0,0.0,0.0,0.0,0.0,0.0,0.0,0.0,0.0,0.0,-0.7054912865884972,0.0,0.0,0.0,0.0,0.0,0.0,0.0,0.0,0.0,0.0,0.0,0.0,0.0,0.0,0.0,0.0,0.0,0.0,0.0,0.0,0.0,0.4054800888864506,0.0,0.0,0.0,0.0,0.0,0.0,0.0,0.0,0.0,0.0,0.0,0.0,0.0,0.0,0.0,0.0,2.11565046380486,8.294979595672636
471,503154929,True,,50.0,quantile_glm,8047.715241313309,-3876.557699012116,7961.549145127305,"[0, 5, 16, 12, 11, 28, 18, 9, 26, 13, 17, 10, 3, 14, 24, 22, 1, 6, 38, 49, 52, 32, 21, 51, 48, 15, 45, 23, 42, 43, 54, 47, 27, 46, 53, 37, 41, 25, 44, 33, 34, 4, 2, 36, 39, 19, 30, 8, 20, 31, 29]","[""Intercept"", ""xage"", ""child"", ""physlm"", ""disea"", ""lnum"", ""lfam"", ""num"", ""xghindx"", ""ghindx"", ""fchild"", ""mhi"", ""black"", ""mdeoff"", ""hlthf"", ""fmde"", ""coins"", ""female"", ""plan_11"", ""site_5"", ""year_3"", ""plan_5"", ""logc"", ""year_2"", ""site_4"", ""pioff"", ""plan_19"", ""hlthg"", ""plan_16"", ""plan_17"", ""year_5"", ""site_3"", ""linc"", ""site_2"", ""year_4"", ""plan_10"", ""plan_15"", ""hlthp"", ""plan_18"", ""plan_6"", ""plan_7"", ""income"", ""tookphys"", ""plan_9"", ""plan_13"", ""lpi"", ""plan_3"", ""time"", ""idp"", ""plan_4"", ""plan_2""]","[[5, 16, 12, 11, 3, 22, 6, 21, 48, 42, 43, 47, 27, 25, 34, 29], [5, 16, 12, 11]]","[16, 4]",1119.2326714992523,0.8667885268647503,0.13321147313524975,-2.064222249071381,0.0,0.0,-0.11710652039848615,0.0,0.22815769391631796,0.13895614252514035,0.0,0.0,0.0,0.0,0.009706392589519315,0.08948638119011676,0.0,0.0,0.0,-0.14169914725219007,0.0,0.0,0.0,0.0,0.053077744277623046,-0.34428513259907256,0.0,0.0,0.031119206765282244,0.0,0.10902464880431789,0.0,0.050356694846780285,0.0,0.0,0.0,0.0,0.16113273683359922,0.0,0.0,0.0,0.0,0.0,0.0,0.0,-0.10903292090231388,0.17998227766985628,0.0,0.0,0.0,0.14245652588191327,-0.16522060601868105,0.0,0.0,0.0,0.0,0.0,0.0,0.6955977486972571,0.0,0.0,0.0,0.0,0.031780797081920456,0.0,0.0,0.0,0.0,0.0,0.1981653266492394,0.26034978909311457,0.0,0.0,0.0,-0.6755415924377682,0.0,0.0,0.0,0.0,0.0,0.0,0.0,0.0,0.0,0.0,0.0,0.0,0.0,0.0,0.0,0.0,0.0,0.0,0.0,0.0,0.0,0.0,0.0,0.0,0.0,0.0,0.0,0.0,0.0,0.0,0.0,0.0,0.0,0.0,0.0,0.0,0.0,0.0,1.7198269000282642,5.583561866218192
472,117046258,True,,100.0,quantile_glm,8080.948987012041,-3965.9339858629,8010.030626889453,"[0, 5, 16, 11, 12, 28, 18, 14, 9, 38, 1, 22, 26, 21, 3, 13, 10, 24, 17, 6, 49, 15, 42, 19, 45, 48, 52, 41, 32, 40, 33, 31, 47, 51, 46, 54, 27, 23, 36, 7, 25, 50, 29, 37, 39, 34, 43, 2, 8, 30, 35]","[""Intercept"", ""xage"", ""child"", ""disea"", ""physlm"", ""lnum"", ""lfam"", ""mdeoff"", ""num"", ""plan_11"", ""coins"", ""fmde"", ""xghindx"", ""logc"", ""black"", ""ghindx"", ""mhi"", ""hlthf"", ""fchild"", ""female"", ""site_5"", ""pioff"", ""plan_16"", ""lpi"", ""plan_19"", ""site_4"", ""year_3"", ""plan_15"", ""plan_5"", ""plan_14"", ""plan_6"", ""plan_4"", ""site_3"", ""year_2"", ""site_2"", ""year_5"", ""linc"", ""hlthg"", ""plan_9"", ""educdec"", ""hlthp"", ""site_6"", ""plan_2"", ""plan_10"", ""plan_13"", ""plan_7"", ""plan_17"", ""tookphys"", ""time"", ""plan_3"", ""plan_8""]","[[5, 11, 21, 47, 50], []]","[5, 0]",1544.538451910019,0.8319344224403864,0.16806557755961357,-2.0464649655602147,0.0,0.0,0.0,0.0,0.370607936657138,0.0,0.0,0.0,0.0,0.0,0.1631443396496617,0.0,0.0,0.0,0.0,0.0,0.0,0.0,0.0,0.0,-0.3903345217081181,0.0,0.0,0.0,0.0,0.0,0.0,0.0,0.0,0.0,0.0,0.0,0.0,0.0,0.0,0.0,0.0,0.0,0.0,0.0,0.0,0.0,0.0,0.0,0.0,0.0,0.20760273131641827,0.0,0.0,-0.2059775446037328,0.0,0.0,0.0,0.0,0.9960107278641087,0.0,0.0,0.0,0.0,0.0,0.0,0.0,0.0,0.0,0.0,0.0,0.0,0.0,0.0,0.0,0.0,0.0,0.0,0.0,0.0,0.0,0.0,0.0,0.0,0.0,0.0,0.0,0.0,0.0,0.0,0.0,0.0,0.0,0.0,0.0,0.0,0.0,0.0,0.0,0.0,0.0,0.0,0.0,0.0,0.0,0.0,0.0,0.0,0.0,0.0,0.0,0.0,0.0,0.0,2.231914075076467,9.31768376811781
473,148409054,True,,50.0,quantile_glm,7894.283599313929,-3825.867174607188,7842.798617392194,"[0, 5, 16, 11, 12, 38, 28, 18, 22, 26, 21, 25, 14, 9, 1, 10, 3, 13, 6, 17, 47, 15, 49, 42, 19, 48, 52, 32, 23, 51, 41, 29, 40, 24, 30, 4, 54, 33, 45, 2, 37, 50, 20, 7, 34, 36, 53, 8, 44, 27, 39]","[""Intercept"", ""xage"", ""child"", ""disea"", ""physlm"", ""plan_11"", ""lnum"", ""lfam"", ""fmde"", ""xghindx"", ""logc"", ""hlthp"", ""mdeoff"", ""num"", ""coins"", ""mhi"", ""black"", ""ghindx"", ""female"", ""fchild"", ""site_3"", ""pioff"", ""site_5"", ""plan_16"", ""lpi"", ""site_4"", ""year_3"", ""plan_5"", ""hlthg"", ""year_2"", ""plan_15"", ""plan_2"", ""plan_14"", ""hlthf"", ""plan_3"", ""income"", ""year_5"", ""plan_6"", ""plan_19"", ""tookphys"", ""plan_10"", ""site_6"", ""idp"", ""educdec"", ""plan_7"", ""plan_9"", ""year_4"", ""time"", ""plan_18"", ""linc"", ""plan_13""]","[[5, 16, 11, 38, 22, 26, 21, 25, 1, 6, 47, 48, 29, 50, 34], [11, 12, 25]]","[15, 3]",3393.7899844646454,0.8109747231491957,0.18902527685080428,-2.070824480412657,-0.15493272299463554,0.0,0.0,0.0,0.2540741573317138,0.22596535297135395,0.0,0.0,0.0,0.0,0.03903937252695412,0.0,0.0,0.0,0.0,-0.1416404562720797,0.0,0.0,0.0,0.0,0.02343137322493147,-0.12323718011123706,0.0,0.0,0.08378351584333724,-0.06915503937203347,0.0,0.0,0.1945922311173764,0.0,0.0,0.0,0.0,0.13075961687343096,0.0,0.0,0.0,0.17887545004555397,0.0,0.0,0.0,0.0,0.0,0.0,0.0,0.0,0.15304745577774692,-0.22854243295930052,0.0,-0.289270792510078,0.0,0.0,0.0,0.0,0.5061260796412589,0.0,0.0,0.0,0.0,0.0,0.0,0.0,0.0,0.0,0.0,0.24145777298101612,0.22801965311814662,0.0,0.0,0.0,0.0,0.0,0.0,0.0,0.0,0.0,0.0,0.0,0.0,0.21044106330318288,0.0,0.0,0.0,0.0,0.0,0.0,0.0,0.0,0.0,0.0,0.0,0.0,0.0,0.0,0.0,0.0,0.0,0.0,0.0,0.0,0.0,0.0,0.0,0.0,0.0,0.0,0.0,0.0,0.0,2.1931604639055045,8.963497205116134
474,1352396050,True,,100.0,kmeans_glm,7342.371083476093,-3607.6955326111415,7293.553720385936,"[0, 5, 16, 11, 12, 28, 18, 9, 26, 38, 22, 3, 21, 13, 17, 14, 10, 1, 49, 42, 52, 19, 15, 24, 47, 23, 32, 48, 6, 43, 45, 46, 41, 53, 4, 27, 54, 33, 2, 29, 36, 40, 8, 34, 25, 20, 39, 7, 31, 51, 35]","[""Intercept"", ""xage"", ""child"", ""disea"", ""physlm"", ""lnum"", ""lfam"", ""num"", ""xghindx"", ""plan_11"", ""fmde"", ""black"", ""logc"", ""ghindx"", ""fchild"", ""mdeoff"", ""mhi"", ""coins"", ""site_5"", ""plan_16"", ""year_3"", ""lpi"", ""pioff"", ""hlthf"", ""site_3"", ""hlthg"", ""plan_5"", ""site_4"", ""female"", ""plan_17"", ""plan_19"", ""site_2"", ""plan_15"", ""year_4"", ""income"", ""linc"", ""year_5"", ""plan_6"", ""tookphys"", ""plan_2"", ""plan_9"", ""plan_14"", ""time"", ""plan_7"", ""hlthp"", ""idp"", ""plan_13"", ""educdec"", ""plan_4"", ""year_2"", ""plan_8""]","[[5, 11, 22, 21, 47], []]","[5, 0]",1176.8050088882446,0.835539326442882,0.16446067355711802,-2.0791815181169118,0.0,0.0,0.0,0.0,0.35761116032274687,0.0,0.0,0.0,0.0,0.0,0.1699287288501198,0.0,0.0,0.0,0.0,0.0,0.0,0.0,0.0,0.0,-0.22823191738036977,-0.10526972601256318,0.0,0.0,0.0,0.0,0.0,0.0,0.0,0.0,0.0,0.0,0.0,0.0,0.0,0.0,0.0,0.0,0.0,0.0,0.0,0.0,0.0,0.0,0.0,0.0,0.2348130263957547,0.0,0.0,0.0,0.0,0.0,0.0,0.0,0.49938991937055105,0.0,0.0,0.0,0.0,0.0,0.0,0.0,0.0,0.0,0.0,0.0,0.0,0.0,0.0,0.0,0.0,0.0,0.0,0.0,0.0,0.0,0.0,0.0,0.0,0.0,0.0,0.0,0.0,0.0,0.0,0.0,0.0,0.0,0.0,0.0,0.0,0.0,0.0,0.0,0.0,0.0,0.0,0.0,0.0,0.0,0.0,0.0,0.0,0.0,0.0,0.0,0.0,0.0,0.0,2.0908348628093574,8.09166777765321
475,2136974131,True,,100.0,kmeans_glm,7933.307468072458,-3887.336690903274,7870.205515895456,"[0, 5, 16, 12, 11, 28, 18, 9, 26, 1, 13, 3, 14, 38, 22, 21, 42, 10, 15, 49, 17, 48, 24, 19, 52, 23, 46, 27, 41, 6, 47, 45, 40, 25, 53, 32, 33, 54, 4, 7, 51, 31, 39, 2, 36, 43, 34, 30, 8, 20, 29]","[""Intercept"", ""xage"", ""child"", ""physlm"", ""disea"", ""lnum"", ""lfam"", ""num"", ""xghindx"", ""coins"", ""ghindx"", ""black"", ""mdeoff"", ""plan_11"", ""fmde"", ""logc"", ""plan_16"", ""mhi"", ""pioff"", ""site_5"", ""fchild"", ""site_4"", ""hlthf"", ""lpi"", ""year_3"", ""hlthg"", ""site_2"", ""linc"", ""plan_15"", ""female"", ""site_3"", ""plan_19"", ""plan_14"", ""hlthp"", ""year_4"", ""plan_5"", ""plan_6"", ""year_5"", ""income"", ""educdec"", ""year_2"", ""plan_4"", ""plan_13"", ""tookphys"", ""plan_9"", ""plan_17"", ""plan_7"", ""plan_3"", ""time"", ""idp"", ""plan_2""]","[[5, 11, 3, 22, 21, 6, 47], []]","[7, 0]",1189.715543270111,0.8486263681780667,0.15137363182193328,-1.9196907073573042,0.0,0.0,-0.16832258300363345,0.0,0.3555055246832102,0.14189046013918216,0.0,0.0,0.0,0.0,0.07338186030867946,0.0,0.0,0.0,0.0,0.0,0.0,0.0,0.0,0.0,-0.20731863036595102,-0.07581912387084874,0.0,0.0,0.0,0.0,0.0,0.0,0.0,0.0,0.0,0.0,0.0,0.0,0.0,0.0,0.0,0.0,0.0,0.0,0.0,0.0,0.0,0.0,0.0,0.0,0.19220854335560345,0.0,0.0,0.0,0.0,0.0,0.0,0.0,0.8788415484031223,0.0,0.0,0.0,0.0,0.0,0.0,0.0,0.0,0.0,0.0,0.0,0.0,0.0,0.0,0.0,0.0,0.0,0.0,0.0,0.0,0.0,0.0,0.0,0.0,0.0,0.0,0.0,0.0,0.0,0.0,0.0,0.0,0.0,0.0,0.0,0.0,0.0,0.0,0.0,0.0,0.0,0.0,0.0,0.0,0.0,0.0,0.0,0.0,0.0,0.0,0.0,0.0,0.0,0.0,2.3533579051641937,10.520838454841789
476,1616122139,True,,50.0,kmeans_glm,7941.214457091129,-3852.66373890642,7887.707006528029,"[0, 5, 16, 12, 28, 18, 9, 3, 11, 17, 26, 13, 38, 1, 14, 22, 49, 10, 21, 47, 52, 42, 25, 41, 6, 23, 45, 32, 33, 15, 2, 24, 43, 36, 48, 51, 30, 54, 35, 19, 7, 34, 8, 4, 46, 40, 37, 50, 27, 20, 31]","[""Intercept"", ""xage"", ""child"", ""physlm"", ""lnum"", ""lfam"", ""num"", ""black"", ""disea"", ""fchild"", ""xghindx"", ""ghindx"", ""plan_11"", ""coins"", ""mdeoff"", ""fmde"", ""site_5"", ""mhi"", ""logc"", ""site_3"", ""year_3"", ""plan_16"", ""hlthp"", ""plan_15"", ""female"", ""hlthg"", ""plan_19"", ""plan_5"", ""plan_6"", ""pioff"", ""tookphys"", ""hlthf"", ""plan_17"", ""plan_9"", ""site_4"", ""year_2"", ""plan_3"", ""year_5"", ""plan_8"", ""lpi"", ""educdec"", ""plan_7"", ""time"", ""income"", ""site_2"", ""plan_14"", ""plan_10"", ""site_6"", ""linc"", ""idp"", ""plan_4""]","[[5, 16, 28, 18, 3, 11, 1, 22, 21, 47, 25, 6, 43, 48, 34, 50], [12]]","[16, 1]",1125.1796653270721,0.8389679632011829,0.16103203679881706,-2.0565188532173893,-0.0920935077763727,0.0,-0.14583536426553553,0.0,0.2384356700782885,0.12632888249195415,0.0,0.0,0.0,0.0,0.055646121469430765,0.0,0.0,0.0,0.0,-0.1622754878756784,0.0,-0.043094329729938936,0.0,0.0,-0.06708140962780666,-0.19244352902181502,0.0,0.0,0.08337913036350948,0.0,0.0,-0.0430734654979899,0.0,0.0,0.0,0.0,0.0,0.11988846387190778,0.0,0.0,0.0,0.0,0.0,0.0,0.0,0.0,0.12814021227721786,0.0,0.0,0.0,0.13772159392869893,-0.13056319314132775,0.0,-0.24038040396760707,0.0,0.0,0.0,0.0,0.6980382605301503,0.0,0.0,0.0,0.0,0.0,0.0,0.0,0.0,0.0,0.0,0.0,0.39068045767417714,0.0,0.0,0.0,0.0,0.0,0.0,0.0,0.0,0.0,0.0,0.0,0.0,0.0,0.0,0.0,0.0,0.0,0.0,0.0,0.0,0.0,0.0,0.0,0.0,0.0,0.0,0.0,0.0,0.0,0.0,0.0,0.0,0.0,0.0,0.0,0.0,0.0,0.0,0.0,0.0,0.0,0.0,2.152602344128318,8.607228247420034
477,548827755,True,,50.0,quantile_glm,7694.675347584147,-3711.7163636560053,7605.8122560271995,"[0, 5, 16, 11, 12, 28, 18, 17, 9, 3, 26, 10, 6, 13, 49, 14, 22, 24, 1, 38, 48, 21, 47, 52, 51, 25, 2, 4, 27, 41, 42, 23, 45, 15, 33, 54, 32, 19, 40, 44, 8, 36, 34, 31, 46, 50, 39, 7, 30, 29, 35]","[""Intercept"", ""xage"", ""child"", ""disea"", ""physlm"", ""lnum"", ""lfam"", ""fchild"", ""num"", ""black"", ""xghindx"", ""mhi"", ""female"", ""ghindx"", ""site_5"", ""mdeoff"", ""fmde"", ""hlthf"", ""coins"", ""plan_11"", ""site_4"", ""logc"", ""site_3"", ""year_3"", ""year_2"", ""hlthp"", ""tookphys"", ""income"", ""linc"", ""plan_15"", ""plan_16"", ""hlthg"", ""plan_19"", ""pioff"", ""plan_6"", ""year_5"", ""plan_5"", ""lpi"", ""plan_14"", ""plan_18"", ""time"", ""plan_9"", ""plan_7"", ""plan_4"", ""site_2"", ""site_6"", ""plan_13"", ""educdec"", ""plan_3"", ""plan_2"", ""plan_8""]","[[5, 16, 11, 3, 6, 48, 21, 47, 25, 2, 42, 34, 50, 35], [5, 11, 50]]","[14, 3]",2060.1634242534637,0.8273543036008056,0.17264569639919436,-2.174934100974776,0.0,0.09066313782109661,-0.1100314802769086,0.0,0.1924151627349855,0.12988521720060253,0.0,0.0,0.0,0.0,0.0662877011274862,0.0,0.0,0.0,0.0,-0.21198686389669408,0.0,0.0,0.0,0.0,-0.3232248552291855,0.0,0.0,0.0,0.05883728396600746,0.0,0.0,0.0,0.0,0.0,0.0,0.0,0.0,0.10183594879494115,0.06624900652293743,0.0,0.0,0.0,0.0,0.0,0.0,-0.11823112941814312,0.0,0.0,0.0,0.0,0.15924942008202983,-0.18948504257902601,0.0,-0.27818423166416406,0.0,0.0,0.0,0.0,0.37846117122228484,0.0,0.0,0.0,0.0,0.6512281422435722,0.0,0.0,0.0,0.0,0.0,0.23815281418166076,0.0,0.0,0.0,0.0,0.0,0.0,0.0,0.0,0.0,0.0,0.0,0.0,0.0,0.0,0.0,0.0,0.0,0.0,0.0,0.0,0.0,0.0,0.0,0.0,0.0,0.0,0.0,0.0,0.0,0.0,0.0,0.0,0.0,0.0,0.0,0.0,0.0,0.0,0.38368658016771034,0.0,0.0,0.0,0.0,1.9069909926075126,6.732799245430694
478,1037865468,True,,50.0,quantile_glm,7949.056900578844,-3866.8176647768596,7881.275900418395,"[0, 5, 16, 11, 28, 18, 9, 12, 3, 17, 26, 14, 13, 1, 10, 38, 49, 22, 6, 21, 46, 51, 45, 15, 48, 24, 41, 52, 2, 42, 54, 33, 37, 23, 40, 34, 53, 43, 47, 19, 31, 32, 30, 4, 8, 29, 44, 27, 36, 25, 39]","[""Intercept"", ""xage"", ""child"", ""disea"", ""lnum"", ""lfam"", ""num"", ""physlm"", ""black"", ""fchild"", ""xghindx"", ""mdeoff"", ""ghindx"", ""coins"", ""mhi"", ""plan_11"", ""site_5"", ""fmde"", ""female"", ""logc"", ""site_2"", ""year_2"", ""plan_19"", ""pioff"", ""site_4"", ""hlthf"", ""plan_15"", ""year_3"", ""tookphys"", ""plan_16"", ""year_5"", ""plan_6"", ""plan_10"", ""hlthg"", ""plan_14"", ""plan_7"", ""year_4"", ""plan_17"", ""site_3"", ""lpi"", ""plan_4"", ""plan_5"", ""plan_3"", ""income"", ""time"", ""plan_2"", ""plan_18"", ""linc"", ""plan_9"", ""hlthp"", ""plan_13""]","[[5, 16, 3, 1, 6, 21, 48, 34, 47, 29], [5, 16, 11]]","[10, 3]",1189.4196202754974,0.8622550161288962,0.13774498387110376,-2.1703468642025934,-0.20117734105649565,0.0,-0.23728857109380652,0.0,0.30513568254556583,0.153287137634299,0.0,0.0,0.0,0.0,0.0,0.0,0.0,0.0,0.0,-0.1459422324165524,0.0,0.0,0.0,0.0,-0.2746138514331669,0.0,0.0,0.0,0.0,0.0,0.0,0.0,0.1267722148064501,0.0,0.0,0.0,0.0,0.1288462022620922,0.0,0.0,0.0,0.0,0.0,0.0,0.0,0.0,0.0,0.0,0.0,0.0,0.14212329640811333,-0.16770158355851125,0.0,0.0,0.0,0.0,0.0,0.0,0.6478291759169976,0.0,0.0,0.0,0.0,0.11485465056849181,0.0,0.0,0.0,0.0,0.0,0.17970453475580714,0.0,0.0,0.0,0.0,-0.5849093061144268,0.0,0.0,0.0,0.0,0.0,0.0,0.0,0.0,0.0,0.0,0.0,0.0,0.0,0.0,0.0,0.0,0.0,0.0,0.0,0.0,0.0,0.0,0.0,0.0,0.0,0.0,0.0,0.0,0.0,0.0,0.0,0.0,0.0,0.0,0.0,0.0,0.0,0.0,1.5721822068246432,4.817148747290072
479,503807245,True,,50.0,kmeans_glm,7573.243348802022,-3661.6777406819197,7514.4197495416565,"[0, 16, 5, 28, 18, 12, 3, 38, 22, 9, 14, 19, 21, 26, 11, 13, 1, 15, 17, 10, 47, 49, 6, 32, 42, 41, 45, 2, 33, 52, 7, 25, 23, 50, 48, 54, 36, 34, 24, 31, 37, 46, 51, 20, 35, 8, 4, 40, 30, 44, 39]","[""Intercept"", ""child"", ""xage"", ""lnum"", ""lfam"", ""physlm"", ""black"", ""plan_11"", ""fmde"", ""num"", ""mdeoff"", ""lpi"", ""logc"", ""xghindx"", ""disea"", ""ghindx"", ""coins"", ""pioff"", ""fchild"", ""mhi"", ""site_3"", ""site_5"", ""female"", ""plan_5"", ""plan_16"", ""plan_15"", ""plan_19"", ""tookphys"", ""plan_6"", ""year_3"", ""educdec"", ""hlthp"", ""hlthg"", ""site_6"", ""site_4"", ""year_5"", ""plan_9"", ""plan_7"", ""hlthf"", ""plan_4"", ""plan_10"", ""site_2"", ""year_2"", ""idp"", ""plan_8"", ""time"", ""income"", ""plan_14"", ""plan_3"", ""plan_18"", ""plan_13""]","[[16, 5, 12, 3, 22, 21, 11, 13, 1, 47, 49, 6, 50, 48, 34, 35], [12, 25]]","[16, 2]",1017.5414524078369,0.837437579496766,0.162562420503234,-2.2646144051681216,-0.1704807949598742,0.0,-0.0892739406865781,0.0,0.19396130651143997,0.21460970784709574,0.0,0.0,0.0,0.0,0.015602067695352644,0.02549959974473011,-0.0837981601602166,0.0,0.0,-0.2614568438883636,0.0,0.0,0.0,0.0,-0.11656032972015787,-0.21094266589899116,0.0,0.0,0.0,0.0,0.0,0.0,0.0,0.0,0.0,0.0,0.0,0.1702877151548017,0.07848639332223542,0.0,0.0,0.0,0.0,0.0,0.0,0.0,0.0,0.0,0.0,0.0,0.1572406668002387,-0.27541014703848293,-0.14611876504290952,-0.46453990363399467,0.0,0.0,0.0,0.0,0.7190695334587087,0.0,0.0,0.0,0.0,0.0,0.0,0.0,0.0,0.0,0.0,0.0,0.3313437585508023,0.0,0.0,0.0,0.0,0.0,0.0,0.0,0.0,0.0,0.0,0.0,0.0,0.1469854656009103,0.0,0.0,0.0,0.0,0.0,0.0,0.0,0.0,0.0,0.0,0.0,0.0,0.0,0.0,0.0,0.0,0.0,0.0,0.0,0.0,0.0,0.0,0.0,0.0,0.0,0.0,0.0,0.0,0.0,2.1708637865773004,8.76585259727359
480,1225184443,True,,50.0,kmeans_glm,7718.444283438443,-3741.434121145431,7656.563031543423,"[0, 5, 16, 11, 28, 18, 9, 12, 17, 26, 3, 13, 10, 49, 1, 24, 42, 14, 38, 6, 52, 48, 22, 47, 51, 15, 41, 25, 21, 19, 46, 7, 23, 54, 45, 30, 53, 36, 4, 33, 43, 40, 31, 8, 39, 27, 29, 50, 32, 35, 34]","[""Intercept"", ""xage"", ""child"", ""disea"", ""lnum"", ""lfam"", ""num"", ""physlm"", ""fchild"", ""xghindx"", ""black"", ""ghindx"", ""mhi"", ""site_5"", ""coins"", ""hlthf"", ""plan_16"", ""mdeoff"", ""plan_11"", ""female"", ""year_3"", ""site_4"", ""fmde"", ""site_3"", ""year_2"", ""pioff"", ""plan_15"", ""hlthp"", ""logc"", ""lpi"", ""site_2"", ""educdec"", ""hlthg"", ""year_5"", ""plan_19"", ""plan_3"", ""year_4"", ""plan_9"", ""income"", ""plan_6"", ""plan_17"", ""plan_14"", ""plan_4"", ""time"", ""plan_13"", ""linc"", ""plan_2"", ""site_6"", ""plan_5"", ""plan_8"", ""plan_7""]","[[5, 16, 11, 3, 10, 1, 24, 6, 48, 47, 21, 43, 29, 50], [11, 12]]","[14, 2]",1104.4813439846039,0.8369243313049949,0.16307566869500514,-2.0269222651643672,-0.11836692686555438,0.0,-0.0908288089798006,0.0,0.24777987419892464,0.16445645994679867,0.0,0.0,0.0,-0.04218323015586353,0.06624161504838734,0.0,0.0,0.0,0.0,-0.1873583363691855,0.0,0.0,0.0,0.0,-0.1257236151396001,0.0,0.0,0.059608237182766415,0.0,0.0,0.0,0.0,0.09279566079613458,0.0,0.0,0.0,0.0,0.0,0.0,0.0,0.0,0.0,0.0,0.0,0.0,0.0,0.1418931282789911,0.0,0.0,0.0,0.038522925355039,-0.22954538140625852,0.0,-0.3209112638232375,0.0,0.0,0.0,0.0,0.761601722064906,0.0,0.0,0.0,0.0,0.0,0.0,0.0,0.0,0.0,0.0,0.27393817064218834,0.2734086819841812,0.0,0.0,0.0,0.0,0.0,0.0,0.0,0.0,0.0,0.0,0.0,0.0,0.0,0.0,0.0,0.0,0.0,0.0,0.0,0.0,0.0,0.0,0.0,0.0,0.0,0.0,0.0,0.0,0.0,0.0,0.0,0.0,0.0,0.0,0.0,0.0,0.0,0.0,0.0,0.0,0.0,0.0,2.443629938174107,11.514762849882366
481,2129048027,True,,50.0,quantile_glm,8055.739472181714,-3866.1608816231055,7949.440249811912,"[0, 5, 16, 11, 12, 28, 18, 9, 22, 38, 26, 21, 14, 13, 17, 3, 24, 48, 10, 49, 1, 6, 15, 25, 19, 32, 42, 52, 46, 47, 51, 33, 45, 50, 54, 40, 23, 39, 20, 41, 8, 29, 37, 4, 30, 36, 7, 44, 53, 2, 31]","[""Intercept"", ""xage"", ""child"", ""disea"", ""physlm"", ""lnum"", ""lfam"", ""num"", ""fmde"", ""plan_11"", ""xghindx"", ""logc"", ""mdeoff"", ""ghindx"", ""fchild"", ""black"", ""hlthf"", ""site_4"", ""mhi"", ""site_5"", ""coins"", ""female"", ""pioff"", ""hlthp"", ""lpi"", ""plan_5"", ""plan_16"", ""year_3"", ""site_2"", ""site_3"", ""year_2"", ""plan_6"", ""plan_19"", ""site_6"", ""year_5"", ""plan_14"", ""hlthg"", ""plan_13"", ""idp"", ""plan_15"", ""time"", ""plan_2"", ""plan_10"", ""income"", ""plan_3"", ""plan_9"", ""educdec"", ""plan_18"", ""year_4"", ""tookphys"", ""plan_4""]","[[5, 16, 11, 12, 28, 18, 22, 21, 48, 49, 6, 25, 42, 47, 50], [5, 11, 12, 28, 18, 50]]","[15, 6]",1801.027791261673,0.8262183279741528,0.1737816720258471,-2.1513449299068577,0.0,0.0,0.0,0.0,0.1755626208398075,0.13776957032916448,0.0,0.0,0.0,0.0,0.07126064544824164,0.06912251969387095,0.0,0.0,0.0,-0.1673891503151138,0.0,-0.027827239972120665,0.0,0.0,-0.04292826846398394,-0.2972851544375387,0.0,0.0,0.06544660452304009,0.0,0.0,-0.027840499103261845,0.0,0.0,0.0,0.0,0.0,0.0,0.0,0.0,0.0,0.0,0.0,0.0,0.0,-0.13906370673796528,0.0,0.0,0.0,0.0,0.12604693981380005,-0.3534753772314838,-0.1414738170697125,-0.3005235997251376,0.0,0.0,0.0,0.0,0.374175767639736,0.0,0.0,0.0,0.0,0.3950221824971815,0.0,0.0,0.0,0.0,0.0,0.19054499425438837,0.2114700477364702,0.0,0.0,0.0,0.0,0.0,-0.16475093252574033,0.0,0.0,0.0,0.0,0.0,0.0,0.0,0.0,0.0,-0.1647521797854661,0.0,0.0,0.0,0.0,0.0,0.0,0.0,0.0,0.0,0.0,0.0,0.0,0.0,0.0,0.0,0.0,0.0,0.0,0.0,0.0,0.0,0.721568472915224,0.0,0.0,0.0,0.0,1.8107571651639636,6.115075802161644
482,759632033,True,,50.0,quantile_glm,7921.960482301763,-3830.796095745995,7870.025938595063,"[0, 5, 16, 11, 12, 28, 18, 9, 26, 10, 38, 13, 3, 22, 17, 14, 21, 6, 1, 47, 23, 49, 42, 24, 52, 33, 15, 19, 48, 32, 41, 2, 51, 45, 46, 54, 30, 34, 7, 29, 25, 50, 43, 4, 35, 36, 8, 27, 40, 53, 20]","[""Intercept"", ""xage"", ""child"", ""disea"", ""physlm"", ""lnum"", ""lfam"", ""num"", ""xghindx"", ""mhi"", ""plan_11"", ""ghindx"", ""black"", ""fmde"", ""fchild"", ""mdeoff"", ""logc"", ""female"", ""coins"", ""site_3"", ""hlthg"", ""site_5"", ""plan_16"", ""hlthf"", ""year_3"", ""plan_6"", ""pioff"", ""lpi"", ""site_4"", ""plan_5"", ""plan_15"", ""tookphys"", ""year_2"", ""plan_19"", ""site_2"", ""year_5"", ""plan_3"", ""plan_7"", ""educdec"", ""plan_2"", ""hlthp"", ""site_6"", ""plan_17"", ""income"", ""plan_8"", ""plan_9"", ""time"", ""linc"", ""plan_14"", ""year_4"", ""idp""]","[[5, 16, 11, 9, 10, 38, 3, 22, 21, 6, 47, 42, 24, 33, 48, 34, 29, 50, 43, 35], []]","[20, 0]",1179.2262618541718,0.8347104692266666,0.16528953077333336,-2.1229032084781365,0.0,0.0,-0.081739317289669,0.0,0.219123470553911,0.17637993005350866,0.0,0.0,-0.06983959466683254,-0.08901274295322441,0.10192775375623919,0.0,0.0,0.0,0.0,-0.2158691842180223,0.0,0.0,0.0,0.0,0.13799840330732643,-0.173343429971168,0.0,0.051920583372082746,0.0,0.0,0.0,0.0,0.1268054440657735,0.0,0.0,0.0,-0.09788244005721997,0.12616931922400165,0.0731454363622346,0.0,0.0,0.2669190823939031,0.0,0.0,0.0,-0.2671934111166345,0.1405188525977566,0.0,0.0,0.0,0.15886085503994107,-0.18502682484178382,0.0,-0.20823427840120037,0.0,0.0,0.0,0.0,0.7844861845956651,0.0,0.0,0.0,0.0,0.0,0.0,0.0,0.0,0.0,0.0,0.0,0.0,0.0,0.0,0.0,0.0,0.0,0.0,0.0,0.0,0.0,0.0,0.0,0.0,0.0,0.0,0.0,0.0,0.0,0.0,0.0,0.0,0.0,0.0,0.0,0.0,0.0,0.0,0.0,0.0,0.0,0.0,0.0,0.0,0.0,0.0,0.0,0.0,0.0,0.0,0.0,0.0,0.0,0.0,2.1906268017531905,8.940815477546177
483,1284072676,True,,100.0,kmeans_glm,8073.64799347646,-3965.367408025237,8017.582210676755,"[0, 5, 16, 11, 12, 28, 18, 9, 17, 3, 26, 22, 10, 38, 21, 13, 1, 14, 42, 24, 52, 25, 49, 6, 47, 41, 45, 48, 33, 2, 15, 32, 54, 23, 51, 4, 27, 34, 29, 7, 30, 19, 8, 40, 43, 53, 31, 36, 46, 39, 37]","[""Intercept"", ""xage"", ""child"", ""disea"", ""physlm"", ""lnum"", ""lfam"", ""num"", ""fchild"", ""black"", ""xghindx"", ""fmde"", ""mhi"", ""plan_11"", ""logc"", ""ghindx"", ""coins"", ""mdeoff"", ""plan_16"", ""hlthf"", ""year_3"", ""hlthp"", ""site_5"", ""female"", ""site_3"", ""plan_15"", ""plan_19"", ""site_4"", ""plan_6"", ""tookphys"", ""pioff"", ""plan_5"", ""year_5"", ""hlthg"", ""year_2"", ""income"", ""linc"", ""plan_7"", ""plan_2"", ""educdec"", ""plan_3"", ""lpi"", ""time"", ""plan_14"", ""plan_17"", ""year_4"", ""plan_4"", ""plan_9"", ""site_2"", ""plan_13"", ""plan_10""]","[[5, 16, 11, 21, 25, 47], []]","[6, 0]",1591.892903804779,0.867250491412541,0.13274950858745904,-2.050243808138826,0.0,0.0,0.0,0.0,0.2564033346869692,0.0,0.0,0.0,0.0,0.0,0.15264502485720738,0.0,0.0,0.0,0.0,-0.1672956349071343,0.0,0.0,0.0,0.0,-0.3474812496759282,0.0,0.0,0.0,0.09356906260152839,0.0,0.0,0.0,0.0,0.0,0.0,0.0,0.0,0.0,0.0,0.0,0.0,0.0,0.0,0.0,0.0,0.0,0.0,0.0,0.0,0.0,0.22971675684281778,0.0,0.0,0.0,0.0,0.0,0.0,0.0,1.1678108838517787,0.0,0.0,0.0,0.0,0.0,0.0,0.0,0.0,0.0,0.0,0.0,0.0,0.0,0.0,0.0,0.0,0.0,0.0,0.0,0.0,0.0,0.0,0.0,0.0,0.0,0.0,0.0,0.0,0.0,0.0,0.0,0.0,0.0,0.0,0.0,0.0,0.0,0.0,0.0,0.0,0.0,0.0,0.0,0.0,0.0,0.0,0.0,0.0,0.0,0.0,0.0,0.0,0.0,0.0,1.9974211981154713,7.370025735452779
484,215116775,True,,50.0,kmeans_glm,8153.530118597229,-3958.525494754167,8090.745778760895,"[0, 5, 16, 28, 18, 9, 11, 3, 12, 17, 26, 38, 13, 14, 1, 10, 22, 47, 48, 4, 21, 42, 49, 52, 23, 2, 32, 45, 46, 15, 34, 6, 27, 51, 54, 25, 24, 50, 31, 30, 53, 7, 41, 37, 8, 36, 19, 43, 20, 33, 40]","[""Intercept"", ""xage"", ""child"", ""lnum"", ""lfam"", ""num"", ""disea"", ""black"", ""physlm"", ""fchild"", ""xghindx"", ""plan_11"", ""ghindx"", ""mdeoff"", ""coins"", ""mhi"", ""fmde"", ""site_3"", ""site_4"", ""income"", ""logc"", ""plan_16"", ""site_5"", ""year_3"", ""hlthg"", ""tookphys"", ""plan_5"", ""plan_19"", ""site_2"", ""pioff"", ""plan_7"", ""female"", ""linc"", ""year_2"", ""year_5"", ""hlthp"", ""hlthf"", ""site_6"", ""plan_4"", ""plan_3"", ""year_4"", ""educdec"", ""plan_15"", ""plan_10"", ""time"", ""plan_9"", ""lpi"", ""plan_17"", ""idp"", ""plan_6"", ""plan_14""]","[[5, 16, 11, 3, 26, 13, 1, 22, 47, 48, 21, 34, 6, 50, 31], [5]]","[15, 1]",1044.3124611377716,0.8330204505922566,0.16697954940774332,-2.115594850001171,-0.07585167969706877,0.0,-0.12113927361865015,0.0,0.2880649181695522,0.1307480637140057,0.0,0.0,0.0,0.0,0.01353732961828185,0.0,-0.11614038114402751,0.0,0.0,-0.12607102832715408,0.0,0.0,0.0,0.0,-0.027058219769179884,-0.22241621849342172,0.0,0.0,0.0,-0.004984163977518934,0.0,0.0,0.0,0.0,-0.10520738944257853,0.0,0.0,0.13951926086282598,0.0,0.0,0.0,0.0,0.0,0.0,0.0,0.0,0.0,0.0,0.0,0.0,0.11067231647067106,-0.24862163647812788,0.0,-0.30413126006813407,0.0,0.0,0.0,0.0,0.7161776969904843,0.0,0.0,0.0,0.0,0.5318412129986948,0.0,0.0,0.0,0.0,0.0,0.0,0.0,0.0,0.0,0.0,0.0,0.0,0.0,0.0,0.0,0.0,0.0,0.0,0.0,0.0,0.0,0.0,0.0,0.0,0.0,0.0,0.0,0.0,0.0,0.0,0.0,0.0,0.0,0.0,0.0,0.0,0.0,0.0,0.0,0.0,0.0,0.0,0.0,0.0,0.0,0.0,0.0,0.0,0.0,1.9226103337819378,6.838786706309784
485,666377366,True,,50.0,quantile_glm,7550.510417968204,-3656.1273509999446,7494.634230715078,"[0, 5, 16, 12, 11, 28, 18, 26, 9, 14, 22, 38, 3, 13, 10, 21, 17, 1, 25, 15, 6, 49, 23, 4, 52, 19, 42, 48, 46, 27, 33, 45, 24, 51, 41, 53, 30, 29, 54, 44, 2, 37, 47, 43, 40, 31, 8, 36, 32, 35, 34]","[""Intercept"", ""xage"", ""child"", ""physlm"", ""disea"", ""lnum"", ""lfam"", ""xghindx"", ""num"", ""mdeoff"", ""fmde"", ""plan_11"", ""black"", ""ghindx"", ""mhi"", ""logc"", ""fchild"", ""coins"", ""hlthp"", ""pioff"", ""female"", ""site_5"", ""hlthg"", ""income"", ""year_3"", ""lpi"", ""plan_16"", ""site_4"", ""site_2"", ""linc"", ""plan_6"", ""plan_19"", ""hlthf"", ""year_2"", ""plan_15"", ""year_4"", ""plan_3"", ""plan_2"", ""year_5"", ""plan_18"", ""tookphys"", ""plan_10"", ""site_3"", ""plan_17"", ""plan_14"", ""plan_4"", ""time"", ""plan_9"", ""plan_5"", ""plan_8"", ""plan_7""]","[[5, 16, 11, 26, 22, 3, 21, 1, 25, 6, 52, 42, 48, 29, 47, 43, 34], []]","[17, 0]",975.3501927852631,0.8411682102887607,0.15883178971123932,-2.464608199292623,-0.19896863980799026,0.0,-0.295863709962101,0.0,0.226018278632047,0.1453225529604911,0.0,0.0,0.0,0.0,0.08123812648843887,0.0,0.0,0.0,0.0,-0.1636231182009415,0.0,0.0,0.0,0.0,-0.07843700647502919,-0.24986351659561856,0.0,0.0,0.11807078731919589,-0.06063923572628339,0.0,0.0,0.1417785855662283,0.0,0.0,0.0,0.0,0.15709033901805144,0.0,0.0,0.0,0.0,0.0,0.0,0.0,-0.1366514044644534,0.17474506645350532,0.0,0.0,0.0,0.11141508871324839,-0.13595411108730987,0.0,0.0,0.0,-2.2118650944791463,0.0,0.0,0.8880168252615508,0.0,0.0,0.0,0.0,0.0,0.0,0.0,0.0,0.0,0.0,0.0,0.0,0.0,0.0,0.0,0.0,0.0,0.0,0.0,0.0,0.0,0.0,0.0,0.0,0.0,0.0,0.0,0.0,0.0,0.0,0.0,0.0,0.0,0.0,0.0,0.0,0.0,0.0,0.0,0.0,0.0,0.0,0.0,0.0,0.0,0.0,0.0,0.0,0.0,0.0,0.0,0.0,0.0,0.0,2.334457321545153,10.323855874753043
486,1297508870,True,,100.0,kmeans_glm,7944.006433768562,-3898.222061955694,7883.291518537668,"[0, 5, 16, 12, 11, 38, 28, 18, 17, 22, 3, 14, 13, 26, 21, 9, 1, 15, 10, 49, 47, 19, 24, 2, 32, 52, 43, 4, 48, 42, 40, 6, 41, 51, 45, 54, 25, 30, 33, 46, 20, 31, 7, 44, 8, 36, 29, 27, 23, 35, 39]","[""Intercept"", ""xage"", ""child"", ""physlm"", ""disea"", ""plan_11"", ""lnum"", ""lfam"", ""fchild"", ""fmde"", ""black"", ""mdeoff"", ""ghindx"", ""xghindx"", ""logc"", ""num"", ""coins"", ""pioff"", ""mhi"", ""site_5"", ""site_3"", ""lpi"", ""hlthf"", ""tookphys"", ""plan_5"", ""year_3"", ""plan_17"", ""income"", ""site_4"", ""plan_16"", ""plan_14"", ""female"", ""plan_15"", ""year_2"", ""plan_19"", ""year_5"", ""hlthp"", ""plan_3"", ""plan_6"", ""site_2"", ""idp"", ""plan_4"", ""educdec"", ""plan_18"", ""time"", ""plan_9"", ""plan_2"", ""linc"", ""hlthg"", ""plan_8"", ""plan_13""]","[[5, 16, 11, 3, 21, 47], []]","[6, 0]",1227.5979030132294,0.8498621709935759,0.15013782900642417,-1.9240518383471326,0.0,0.0,-0.18121266407416042,0.0,0.20355408016852794,0.0,0.0,0.0,0.0,0.0,0.132937202758003,0.0,0.0,0.0,0.0,-0.1714972572686317,0.0,0.0,0.0,0.0,-0.35516749097947103,0.0,0.0,0.0,0.0,0.0,0.0,0.0,0.0,0.0,0.0,0.0,0.0,0.0,0.0,0.0,0.0,0.0,0.0,0.0,0.0,0.0,0.0,0.0,0.0,0.0,0.2167182785849888,0.0,0.0,0.0,0.0,0.0,0.0,0.0,0.7945105365275514,0.0,0.0,0.0,0.0,0.0,0.0,0.0,0.0,0.0,0.0,0.0,0.0,0.0,0.0,0.0,0.0,0.0,0.0,0.0,0.0,0.0,0.0,0.0,0.0,0.0,0.0,0.0,0.0,0.0,0.0,0.0,0.0,0.0,0.0,0.0,0.0,0.0,0.0,0.0,0.0,0.0,0.0,0.0,0.0,0.0,0.0,0.0,0.0,0.0,0.0,0.0,0.0,0.0,0.0,2.2906962548651437,9.881815548673197
487,2116019720,True,,100.0,kmeans_glm,7827.746198713265,-3836.7911866507084,7760.429767927697,"[0, 5, 16, 12, 28, 18, 9, 11, 26, 13, 14, 38, 3, 1, 22, 21, 17, 15, 19, 46, 10, 49, 52, 42, 48, 24, 47, 41, 6, 32, 37, 45, 23, 30, 54, 7, 20, 31, 34, 50, 25, 33, 40, 36, 43, 4, 39, 8, 2, 35, 44]","[""Intercept"", ""xage"", ""child"", ""physlm"", ""lnum"", ""lfam"", ""num"", ""disea"", ""xghindx"", ""ghindx"", ""mdeoff"", ""plan_11"", ""black"", ""coins"", ""fmde"", ""logc"", ""fchild"", ""pioff"", ""lpi"", ""site_2"", ""mhi"", ""site_5"", ""year_3"", ""plan_16"", ""site_4"", ""hlthf"", ""site_3"", ""plan_15"", ""female"", ""plan_5"", ""plan_10"", ""plan_19"", ""hlthg"", ""plan_3"", ""year_5"", ""educdec"", ""idp"", ""plan_4"", ""plan_7"", ""site_6"", ""hlthp"", ""plan_6"", ""plan_14"", ""plan_9"", ""plan_17"", ""income"", ""plan_13"", ""time"", ""tookphys"", ""plan_8"", ""plan_18""]","[[5, 11, 3, 1, 21, 50], []]","[6, 0]",899.8108201026917,0.8423952517292493,0.1576047482707507,-1.9919178222478937,-0.16209069760384848,0.0,-0.12081559337277047,0.0,0.31463347881686193,0.0,0.0,0.0,0.0,0.0,0.12735303439386414,0.0,0.0,0.0,0.0,0.0,0.0,0.0,0.0,0.0,-0.2068691543241517,0.0,0.0,0.0,0.0,0.0,0.0,0.0,0.0,0.0,0.0,0.0,0.0,0.0,0.0,0.0,0.0,0.0,0.0,0.0,0.0,0.0,0.0,0.0,0.0,0.0,0.0,0.0,0.0,-0.3332597565508177,0.0,0.0,0.0,0.0,0.8265023896041207,0.0,0.0,0.0,0.0,0.0,0.0,0.0,0.0,0.0,0.0,0.0,0.0,0.0,0.0,0.0,0.0,0.0,0.0,0.0,0.0,0.0,0.0,0.0,0.0,0.0,0.0,0.0,0.0,0.0,0.0,0.0,0.0,0.0,0.0,0.0,0.0,0.0,0.0,0.0,0.0,0.0,0.0,0.0,0.0,0.0,0.0,0.0,0.0,0.0,0.0,0.0,0.0,0.0,0.0,2.306839493442977,10.042634632582365
488,1291172879,True,,50.0,quantile_glm,7895.852960730327,-3777.6042463317003,7798.381197616985,"[0, 5, 16, 12, 11, 28, 18, 9, 26, 24, 17, 38, 13, 22, 1, 21, 25, 3, 14, 10, 6, 47, 42, 49, 41, 52, 51, 45, 40, 15, 54, 33, 48, 23, 32, 19, 29, 2, 36, 50, 43, 37, 39, 30, 8, 20, 35, 7, 44, 46, 31]","[""Intercept"", ""xage"", ""child"", ""physlm"", ""disea"", ""lnum"", ""lfam"", ""num"", ""xghindx"", ""hlthf"", ""fchild"", ""plan_11"", ""ghindx"", ""fmde"", ""coins"", ""logc"", ""hlthp"", ""black"", ""mdeoff"", ""mhi"", ""female"", ""site_3"", ""plan_16"", ""site_5"", ""plan_15"", ""year_3"", ""year_2"", ""plan_19"", ""plan_14"", ""pioff"", ""year_5"", ""plan_6"", ""site_4"", ""hlthg"", ""plan_5"", ""lpi"", ""plan_2"", ""tookphys"", ""plan_9"", ""site_6"", ""plan_17"", ""plan_10"", ""plan_13"", ""plan_3"", ""time"", ""idp"", ""plan_8"", ""educdec"", ""plan_18"", ""site_2"", ""plan_4""]","[[5, 16, 12, 24, 22, 1, 21, 25, 6, 47, 42, 41, 40, 48, 29, 50, 43, 35], [5, 16, 12, 11, 28, 18]]","[18, 6]",1467.2301325798035,0.8156384192190654,0.18436158078093454,-2.19221991062434,-0.006984874262977445,0.0,0.0,0.0,0.12251509927743054,0.17332681981120301,0.0,0.0,0.0,0.0,0.0,0.035317858287316636,0.0,0.0,0.0,-0.24636366747927363,0.0,0.0,0.0,0.0,0.037519792687113515,-0.22989314746546444,0.0,0.09549003509264986,0.10385676431315424,0.0,0.0,0.0,0.06857102780418625,0.0,0.0,0.0,0.0,0.0,0.0761231037526916,0.0,0.0,0.0,0.0,-0.30598156340394794,-0.20137044403431126,-0.1731971278215398,0.09277852440337364,0.0,0.0,0.0,0.20465369006266582,-0.14758103921586455,0.0,-0.3263692165013336,0.0,0.0,0.0,0.0,0.30549702682817514,0.0,0.0,0.0,0.0,-0.031237622871122753,0.0,0.0,0.0,0.0,0.0,0.23375836985726434,0.26330528951603693,0.0,0.0,0.0,-0.7300207491205946,0.0,-0.1086076328907569,0.0,0.0,0.0,0.0,0.0,0.0,0.0,0.0,0.0,-0.10861016603109415,0.0,0.0,0.0,0.0,0.0,0.0,0.0,0.0,0.0,0.0,0.0,0.0,0.0,0.0,0.0,0.0,0.0,0.0,0.0,0.0,0.0,0.0,0.0,0.0,0.0,0.0,1.8508336876237248,6.36512383619002
489,1940608201,True,,50.0,quantile_glm,7987.294429820157,-3857.6413825512013,7897.6622938175915,"[0, 5, 16, 3, 11, 9, 38, 22, 28, 18, 14, 21, 12, 49, 1, 48, 17, 42, 24, 6, 26, 52, 47, 45, 13, 4, 10, 27, 33, 15, 46, 54, 53, 23, 51, 2, 32, 19, 41, 30, 25, 36, 35, 8, 29, 40, 31, 50, 7, 37, 20]","[""Intercept"", ""xage"", ""child"", ""black"", ""disea"", ""num"", ""plan_11"", ""fmde"", ""lnum"", ""lfam"", ""mdeoff"", ""logc"", ""physlm"", ""site_5"", ""coins"", ""site_4"", ""fchild"", ""plan_16"", ""hlthf"", ""female"", ""xghindx"", ""year_3"", ""site_3"", ""plan_19"", ""ghindx"", ""income"", ""mhi"", ""linc"", ""plan_6"", ""pioff"", ""site_2"", ""year_5"", ""year_4"", ""hlthg"", ""year_2"", ""tookphys"", ""plan_5"", ""lpi"", ""plan_15"", ""plan_3"", ""hlthp"", ""plan_9"", ""plan_8"", ""time"", ""plan_2"", ""plan_14"", ""plan_4"", ""site_6"", ""educdec"", ""plan_10"", ""idp""]","[[5, 16, 3, 11, 22, 14, 21, 48, 24, 6, 52, 47, 45, 29, 50], [5, 50]]","[15, 2]",822.6084496974945,0.8296510669890885,0.17034893301091147,-2.699032744771364,0.0,0.0,-0.20926961451908274,0.0,0.13503110579620786,0.154140893912844,0.0,0.0,0.0,0.0,0.07345666445892932,0.0,0.0,-0.230914818328843,0.0,-0.2118062488534539,0.0,0.0,0.0,0.0,-0.2728631590224847,0.12285058987613663,0.0,0.07623682913052966,0.0,0.0,0.0,0.0,0.09397486593621551,0.0,0.0,0.0,0.0,0.0,0.0,0.0,0.0,0.0,0.0,0.0,0.0,0.0,0.0,0.0,-1.7100141026764502,0.0,0.14104002067601323,-0.2614874779539015,0.0,-0.4061781492195572,0.0,-1.9728684635084046,0.0,0.0,0.5821328839342544,0.0,0.0,0.0,0.0,0.5549058816831554,0.0,0.0,0.0,0.0,0.0,0.0,0.0,0.0,0.0,0.0,0.0,0.0,0.0,0.0,0.0,0.0,0.0,0.0,0.0,0.0,0.0,0.0,0.0,0.0,0.0,0.0,0.0,0.0,0.0,0.0,0.0,0.0,0.0,0.0,0.0,0.0,0.0,0.0,0.0,0.0,0.0,0.0,0.0,0.0,0.6125185156547832,0.0,0.0,0.0,0.0,1.8636470278261628,6.4472070906215535
490,2013055894,True,,50.0,kmeans_glm,7738.690503521097,-3774.786823438347,7705.898957203998,"[0, 5, 16, 11, 12, 38, 22, 26, 28, 18, 3, 21, 9, 13, 14, 17, 1, 24, 42, 49, 10, 52, 15, 27, 45, 47, 4, 6, 19, 2, 48, 7, 51, 32, 53, 41, 54, 29, 25, 39, 46, 37, 20, 23, 8, 40, 30, 31, 33, 35, 44]","[""Intercept"", ""xage"", ""child"", ""disea"", ""physlm"", ""plan_11"", ""fmde"", ""xghindx"", ""lnum"", ""lfam"", ""black"", ""logc"", ""num"", ""ghindx"", ""mdeoff"", ""fchild"", ""coins"", ""hlthf"", ""plan_16"", ""site_5"", ""mhi"", ""year_3"", ""pioff"", ""linc"", ""plan_19"", ""site_3"", ""income"", ""female"", ""lpi"", ""tookphys"", ""site_4"", ""educdec"", ""year_2"", ""plan_5"", ""year_4"", ""plan_15"", ""year_5"", ""plan_2"", ""hlthp"", ""plan_13"", ""site_2"", ""plan_10"", ""idp"", ""hlthg"", ""time"", ""plan_14"", ""plan_3"", ""plan_4"", ""plan_6"", ""plan_8"", ""plan_18""]","[[5, 16, 11, 12, 3, 21, 24, 42, 10, 45, 47, 6, 29, 25], []]","[14, 0]",1110.5066962242126,0.8491810867681258,0.1508189132318743,-2.034385628941578,0.0,0.0,-0.17699047192371373,0.0,0.28407397447708094,0.07769431767344,0.0,0.0,0.0,-0.04017529957700293,0.06015628976321021,0.017356863472961826,0.0,0.0,0.0,-0.18824678577062934,0.0,0.0,0.0,0.0,-0.32674811400724457,0.0,0.0,0.06049307200957657,0.0585908957051207,0.0,0.0,0.0,0.06919383711336678,0.0,0.0,0.0,0.0,0.0,0.0,0.0,0.0,0.0,0.0,0.0,0.0,-0.25438794021260147,0.0,0.0,-0.09588042542126474,0.0,0.20312721712996604,0.0,0.0,0.0,0.0,0.0,0.0,0.0,0.8476378852397561,0.0,0.0,0.0,0.0,0.0,0.0,0.0,0.0,0.0,0.0,0.0,0.0,0.0,0.0,0.0,0.0,0.0,0.0,0.0,0.0,0.0,0.0,0.0,0.0,0.0,0.0,0.0,0.0,0.0,0.0,0.0,0.0,0.0,0.0,0.0,0.0,0.0,0.0,0.0,0.0,0.0,0.0,0.0,0.0,0.0,0.0,0.0,0.0,0.0,0.0,0.0,0.0,0.0,0.0,2.35872725421858,10.577480438058284
491,1938204845,True,,50.0,quantile_glm,8357.275009267023,-4036.9536828144646,8273.656373269374,"[0, 5, 11, 16, 12, 26, 13, 3, 28, 18, 9, 17, 10, 22, 38, 14, 21, 49, 1, 6, 25, 24, 48, 23, 46, 15, 32, 45, 42, 52, 43, 19, 2, 27, 4, 53, 47, 33, 51, 54, 7, 44, 41, 35, 31, 37, 30, 29, 34, 8, 36]","[""Intercept"", ""xage"", ""disea"", ""child"", ""physlm"", ""xghindx"", ""ghindx"", ""black"", ""lnum"", ""lfam"", ""num"", ""fchild"", ""mhi"", ""fmde"", ""plan_11"", ""mdeoff"", ""logc"", ""site_5"", ""coins"", ""female"", ""hlthp"", ""hlthf"", ""site_4"", ""hlthg"", ""site_2"", ""pioff"", ""plan_5"", ""plan_19"", ""plan_16"", ""year_3"", ""plan_17"", ""lpi"", ""tookphys"", ""linc"", ""income"", ""year_4"", ""site_3"", ""plan_6"", ""year_2"", ""year_5"", ""educdec"", ""plan_18"", ""plan_15"", ""plan_8"", ""plan_4"", ""plan_10"", ""plan_3"", ""plan_2"", ""plan_7"", ""time"", ""plan_9""]","[[5, 11, 16, 3, 22, 21, 6, 48, 43, 4, 47, 31, 29, 34], [5, 11, 16, 12, 25]]","[14, 5]",1789.943354845047,0.814066983779979,0.18593301622002087,-2.1239670563991755,0.0,0.0,-0.22954966684707293,0.12060637250879354,0.20696008749450356,0.13417039111073797,0.0,0.0,0.0,0.0,0.13124430686508154,0.0,0.0,0.0,0.0,-0.16913052237468992,0.0,0.0,0.0,0.0,-0.07724487733869424,-0.3179942621199939,0.0,0.0,0.0,0.0,0.0,0.0,0.05936969702296701,0.0,-0.1251771236070986,0.0,0.0,0.12179886285336029,0.0,0.0,0.0,0.0,0.0,0.0,0.0,0.0,0.16552391680848078,0.0,0.0,0.0,0.18155702978341356,-0.2377524520524003,0.0,0.0,0.0,0.0,0.0,0.0,0.579982169711388,0.0,0.0,0.0,0.0,-0.06911381995397385,0.0,0.0,0.0,0.0,0.0,0.2613812946022339,0.1932670753791836,0.0,0.0,0.0,-0.5868540912012241,0.0,0.0,0.0,0.0,0.0,0.0,0.0,0.0,0.13175704003356978,0.0,0.0,0.0,0.0,0.0,0.0,0.0,0.0,0.0,0.0,0.0,0.0,0.0,0.0,0.0,0.0,0.0,0.0,0.0,0.0,0.0,0.0,0.0,0.0,0.0,0.0,0.0,0.0,0.0,1.9878045718441664,7.299490650706156
492,2117138738,True,,50.0,quantile_glm,8121.562381531181,-3884.5680038003184,8012.3087125542215,"[0, 5, 16, 12, 28, 18, 9, 11, 3, 14, 26, 1, 17, 38, 49, 13, 22, 10, 21, 34, 25, 15, 42, 48, 47, 6, 52, 40, 27, 32, 41, 23, 50, 33, 51, 54, 45, 4, 19, 24, 2, 31, 46, 30, 8, 7, 29, 37, 44, 39, 43]","[""Intercept"", ""xage"", ""child"", ""physlm"", ""lnum"", ""lfam"", ""num"", ""disea"", ""black"", ""mdeoff"", ""xghindx"", ""coins"", ""fchild"", ""plan_11"", ""site_5"", ""ghindx"", ""fmde"", ""mhi"", ""logc"", ""plan_7"", ""hlthp"", ""pioff"", ""plan_16"", ""site_4"", ""site_3"", ""female"", ""year_3"", ""plan_14"", ""linc"", ""plan_5"", ""plan_15"", ""hlthg"", ""site_6"", ""plan_6"", ""year_2"", ""year_5"", ""plan_19"", ""income"", ""lpi"", ""hlthf"", ""tookphys"", ""plan_4"", ""site_2"", ""plan_3"", ""time"", ""educdec"", ""plan_2"", ""plan_10"", ""plan_18"", ""plan_13"", ""plan_17""]","[[5, 16, 12, 11, 1, 49, 13, 22, 10, 21, 34, 42, 48, 47, 6, 50, 24, 29], [5, 12, 28, 18, 25, 50]]","[18, 6]",1298.382095336914,0.8197767475845862,0.18022325241541381,-2.230088076050934,-0.18509097033708133,0.0,0.0,0.0,0.21309734667771701,0.16736044308428022,0.0,0.0,0.0,-0.024542668932460286,0.039225531533703374,0.050284526174663335,-0.10502403079613061,0.0,0.0,-0.18267873398462944,0.0,0.0,0.0,0.0,-0.15159698199401928,-0.149276767862733,0.0,0.028283033902390068,0.0,0.0,0.0,0.0,0.09742453781671331,0.0,0.0,0.0,0.0,0.1861096457749651,0.0,0.0,0.0,0.0,0.0,0.0,0.0,-0.18654174183634395,0.0,0.0,0.0,0.0,0.176025666556777,-0.188709867867846,-0.18101559352262742,-0.286356605004336,0.0,0.0,0.0,0.0,0.4279335916589412,0.0,0.0,0.0,0.0,0.3038654891526305,0.0,0.0,0.0,0.0,0.0,0.0,0.24012559144822349,0.0,0.0,0.0,0.0,0.0,-0.18758744264229602,0.0,0.0,0.0,0.0,0.0,0.0,0.10334045297242712,0.0,0.0,-0.18757853145508088,0.0,0.0,0.0,0.0,0.0,0.0,0.0,0.0,0.0,0.0,0.0,0.0,0.0,0.0,0.0,0.0,0.0,0.0,0.0,0.0,0.0,0.6273070960809386,0.0,0.0,0.0,0.0,1.7222058466256775,5.596860674026146
493,950758381,True,,50.0,kmeans_glm,8246.566085021632,-3981.0887055967705,8161.926418833986,"[0, 5, 16, 11, 28, 18, 9, 12, 26, 3, 13, 17, 10, 14, 22, 38, 24, 1, 49, 21, 42, 52, 6, 23, 32, 45, 51, 2, 33, 48, 7, 29, 15, 41, 47, 46, 4, 30, 54, 34, 19, 39, 27, 36, 50, 20, 25, 8, 35, 31, 40]","[""Intercept"", ""xage"", ""child"", ""disea"", ""lnum"", ""lfam"", ""num"", ""physlm"", ""xghindx"", ""black"", ""ghindx"", ""fchild"", ""mhi"", ""mdeoff"", ""fmde"", ""plan_11"", ""hlthf"", ""coins"", ""site_5"", ""logc"", ""plan_16"", ""year_3"", ""female"", ""hlthg"", ""plan_5"", ""plan_19"", ""year_2"", ""tookphys"", ""plan_6"", ""site_4"", ""educdec"", ""plan_2"", ""pioff"", ""plan_15"", ""site_3"", ""site_2"", ""income"", ""plan_3"", ""year_5"", ""plan_7"", ""lpi"", ""plan_13"", ""linc"", ""plan_9"", ""site_6"", ""idp"", ""hlthp"", ""time"", ""plan_8"", ""plan_4"", ""plan_14""]","[[5, 16, 11, 3, 14, 22, 38, 1, 21, 42, 2, 48, 29, 47, 34, 50], [16, 11, 50]]","[16, 3]",1205.370017528534,0.825198328195533,0.174801671804467,-2.1202454846651375,-0.13682411886195195,0.10073861131458395,-0.16163426516540957,0.0,0.24003208077444957,0.0,0.0,0.0,0.0,0.0,0.14851076205705732,0.0,0.0,0.017631831900884833,0.0,-0.1619329457464874,0.0,0.0,0.0,0.0,-0.0156861873044881,-0.18129871333163658,0.0,0.0,0.0,0.0,0.0,0.0,0.1548249662312138,0.0,0.0,0.0,0.0,0.1553934715923017,0.0,0.0,0.0,0.09235201280956563,0.0,0.0,0.0,-0.19645911777875147,0.0,0.0,0.0,0.0,0.10043122267503087,-0.16653716330617188,0.0,-0.2510746359710612,0.0,0.0,0.0,0.0,0.4991992511928666,0.0,0.0,0.0,0.0,0.0,0.0,0.0,0.0,0.0,0.0,0.10793651437182405,0.0,0.0,0.0,0.0,-0.7662996671226042,0.0,0.0,0.0,0.0,0.0,0.0,0.0,0.0,0.0,0.0,0.0,0.0,0.0,0.0,0.0,0.0,0.0,0.0,0.0,0.0,0.0,0.0,0.0,0.0,0.0,0.0,0.0,0.0,0.0,0.0,0.0,0.0,0.0,0.5445997939564045,0.0,0.0,0.0,0.0,1.756456346945112,5.791876584577829
494,805437733,True,,100.0,kmeans_glm,7907.498932560428,-3861.1845196761174,7826.585912903771,"[0, 5, 16, 11, 12, 28, 18, 9, 17, 1, 14, 26, 3, 38, 22, 24, 21, 13, 42, 47, 10, 15, 52, 23, 49, 19, 48, 27, 4, 40, 41, 2, 32, 54, 51, 33, 45, 31, 6, 25, 50, 29, 46, 30, 37, 36, 53, 35, 7, 8, 44]","[""Intercept"", ""xage"", ""child"", ""disea"", ""physlm"", ""lnum"", ""lfam"", ""num"", ""fchild"", ""coins"", ""mdeoff"", ""xghindx"", ""black"", ""plan_11"", ""fmde"", ""hlthf"", ""logc"", ""ghindx"", ""plan_16"", ""site_3"", ""mhi"", ""pioff"", ""year_3"", ""hlthg"", ""site_5"", ""lpi"", ""site_4"", ""linc"", ""income"", ""plan_14"", ""plan_15"", ""tookphys"", ""plan_5"", ""year_5"", ""year_2"", ""plan_6"", ""plan_19"", ""plan_4"", ""female"", ""hlthp"", ""site_6"", ""plan_2"", ""site_2"", ""plan_3"", ""plan_10"", ""plan_9"", ""year_4"", ""plan_8"", ""educdec"", ""time"", ""plan_18""]","[[5, 16, 11, 22, 21, 47, 48, 50], []]","[8, 0]",1222.8646454811096,0.843974075278594,0.156025924721406,-2.0334055197013314,0.0,0.0,0.0,0.0,0.2481128736351822,0.0,0.0,0.0,0.0,0.0,0.12572701168453554,0.0,0.0,0.0,0.0,-0.189072370168863,0.0,0.0,0.0,0.0,-0.19223928130355633,-0.10645821994144002,0.0,0.0,0.0,0.0,0.0,0.0,0.0,0.0,0.0,0.0,0.0,0.0,0.0,0.0,0.0,0.0,0.0,0.0,0.0,0.0,0.0,0.0,0.0,0.0,0.18557330657831628,-0.23196665571852726,0.0,-0.3194740793645672,0.0,0.0,0.0,0.0,0.8461331431213043,0.0,0.0,0.0,0.0,0.0,0.0,0.0,0.0,0.0,0.0,0.0,0.0,0.0,0.0,0.0,0.0,0.0,0.0,0.0,0.0,0.0,0.0,0.0,0.0,0.0,0.0,0.0,0.0,0.0,0.0,0.0,0.0,0.0,0.0,0.0,0.0,0.0,0.0,0.0,0.0,0.0,0.0,0.0,0.0,0.0,0.0,0.0,0.0,0.0,0.0,0.0,0.0,0.0,0.0,2.253136486933301,9.517540712704568
495,993467548,True,,50.0,kmeans_glm,8029.636665982265,-3975.871084971067,8151.4911775825785,"[0, 5, 16, 11, 38, 22, 14, 12, 10, 21, 3, 28, 18, 9, 26, 1, 17, 13, 25, 15, 19, 49, 6, 42, 33, 47, 23, 32, 45, 41, 24, 52, 48, 20, 43, 4, 51, 54, 53, 46, 7, 39, 30, 2, 31, 27, 8, 34, 50, 36, 29]","[""Intercept"", ""xage"", ""child"", ""disea"", ""plan_11"", ""fmde"", ""mdeoff"", ""physlm"", ""mhi"", ""logc"", ""black"", ""lnum"", ""lfam"", ""num"", ""xghindx"", ""coins"", ""fchild"", ""ghindx"", ""hlthp"", ""pioff"", ""lpi"", ""site_5"", ""female"", ""plan_16"", ""plan_6"", ""site_3"", ""hlthg"", ""plan_5"", ""plan_19"", ""plan_15"", ""hlthf"", ""year_3"", ""site_4"", ""idp"", ""plan_17"", ""income"", ""year_2"", ""year_5"", ""year_4"", ""site_2"", ""educdec"", ""plan_13"", ""plan_3"", ""tookphys"", ""plan_4"", ""linc"", ""time"", ""plan_7"", ""site_6"", ""plan_9"", ""plan_2""]","[[5, 11, 22, 14, 10, 21, 3, 1, 25, 49, 6, 47, 24, 48, 34, 50], [11, 12, 25]]","[16, 3]",2032.8761315345764,0.7841596616521707,0.21584033834782934,-3.161721160692361,-0.1280771539818801,0.0,-0.16739909898693095,0.0,0.41496737610682544,0.22227403410857915,0.0,0.0,0.0,-0.06786556995169955,0.037278601091386004,0.0,0.0,-0.19197277029416604,0.0,0.0,0.0,0.0,0.0,0.0,-0.0179510075052669,-0.17337325749163968,0.0,0.05815477957965471,0.043683859876313166,0.0,0.0,0.0,0.0,0.0,0.0,0.0,0.0,0.14441028271808262,0.0,0.0,0.0,0.0,0.0,0.0,0.0,0.0,0.0,0.0,0.0,0.0,0.12340374945012712,-0.22071559457805268,-2.4181491310489314,-0.3252786369008807,0.0,0.0,0.0,0.0,0.522347088957487,0.0,0.0,0.0,0.0,0.0,0.0,0.0,0.0,0.0,0.0,0.24402714894500288,0.279364619335399,0.0,0.0,0.0,0.0,0.0,0.0,0.0,0.0,0.0,0.0,0.0,0.0,0.10584522634579,0.0,0.0,0.0,0.0,0.0,0.0,0.0,0.0,0.0,0.0,0.0,0.0,0.0,0.0,0.0,0.0,0.0,0.0,0.0,0.0,0.0,0.0,0.0,0.0,0.0,0.0,0.0,0.0,0.0,1.7898656580710677,5.988647885831193
496,860379292,True,,50.0,kmeans_glm,7698.3229510146175,-3714.214736664211,7610.809002043611,"[0, 5, 16, 12, 28, 18, 11, 3, 9, 26, 17, 13, 38, 14, 22, 1, 21, 49, 25, 10, 42, 47, 6, 24, 15, 32, 50, 46, 19, 52, 33, 41, 54, 23, 48, 45, 31, 7, 51, 4, 29, 27, 40, 34, 30, 37, 8, 53, 43, 36, 20]","[""Intercept"", ""xage"", ""child"", ""physlm"", ""lnum"", ""lfam"", ""disea"", ""black"", ""num"", ""xghindx"", ""fchild"", ""ghindx"", ""plan_11"", ""mdeoff"", ""fmde"", ""coins"", ""logc"", ""site_5"", ""hlthp"", ""mhi"", ""plan_16"", ""site_3"", ""female"", ""hlthf"", ""pioff"", ""plan_5"", ""site_6"", ""site_2"", ""lpi"", ""year_3"", ""plan_6"", ""plan_15"", ""year_5"", ""hlthg"", ""site_4"", ""plan_19"", ""plan_4"", ""educdec"", ""year_2"", ""income"", ""plan_2"", ""linc"", ""plan_14"", ""plan_7"", ""plan_3"", ""plan_10"", ""time"", ""year_4"", ""plan_17"", ""plan_9"", ""idp""]","[[5, 16, 11, 3, 1, 21, 49, 42, 47, 6, 50, 48, 29, 34], [16, 12, 25]]","[14, 3]",1705.0347673892975,0.8431683297186454,0.15683167028135458,-2.087789094360713,-0.14622235004267092,0.0,-0.15372864971621303,0.0,0.2767936368229605,0.16407165353407147,0.0,0.0,0.0,0.0,0.10413839835206658,0.0,0.0,0.0,0.0,-0.09879998888956755,0.0,0.0,0.0,0.0,-0.198840009288303,0.0,0.0,0.0,0.0,0.0,0.0,0.0,0.09732211397657829,0.0,0.0,0.0,0.0,0.07827045693246025,0.0,0.0,0.0,0.0,0.0,0.0,0.0,-0.16015852967298339,0.0,0.0,0.0,0.0,0.1468587564760094,-0.2638609474422792,-0.14038307426739016,-0.2668113236194329,0.0,0.0,0.0,0.0,0.3270272096324487,0.0,0.0,0.0,0.0,0.0,0.0,0.0,0.0,0.0,0.0,0.0,0.41539933043765653,0.0,0.0,0.0,-0.6559260037554531,0.0,0.0,0.0,0.0,0.0,0.0,0.0,0.0,0.15592392785298453,0.0,0.0,0.0,0.0,0.0,0.0,0.0,0.0,0.0,0.0,0.0,0.0,0.0,0.0,0.0,0.0,0.0,0.0,0.0,0.0,0.0,0.0,0.0,0.0,0.0,0.0,0.0,0.0,0.0,1.9945532976371523,7.348919514857216
497,1687499401,True,,100.0,kmeans_glm,7626.935402048159,-3726.146894929341,7556.5106634102185,"[0, 5, 16, 12, 11, 26, 22, 38, 28, 18, 13, 14, 17, 9, 3, 10, 21, 47, 1, 19, 15, 49, 24, 48, 25, 32, 52, 42, 6, 23, 41, 33, 45, 51, 54, 27, 36, 50, 37, 4, 7, 8, 40, 30, 2, 29, 44, 53, 43, 31, 20]","[""Intercept"", ""xage"", ""child"", ""physlm"", ""disea"", ""xghindx"", ""fmde"", ""plan_11"", ""lnum"", ""lfam"", ""ghindx"", ""mdeoff"", ""fchild"", ""num"", ""black"", ""mhi"", ""logc"", ""site_3"", ""coins"", ""lpi"", ""pioff"", ""site_5"", ""hlthf"", ""site_4"", ""hlthp"", ""plan_5"", ""year_3"", ""plan_16"", ""female"", ""hlthg"", ""plan_15"", ""plan_6"", ""plan_19"", ""year_2"", ""year_5"", ""linc"", ""plan_9"", ""site_6"", ""plan_10"", ""income"", ""educdec"", ""time"", ""plan_14"", ""plan_3"", ""tookphys"", ""plan_2"", ""plan_18"", ""year_4"", ""plan_17"", ""plan_4"", ""idp""]","[[5, 16, 11, 22, 3, 21, 47, 50], []]","[8, 0]",1613.562480688095,0.8425181723068084,0.1574818276931916,-2.0439701348830694,0.0,0.0,-0.15248857653005204,0.0,0.2554022728790155,0.0,0.0,0.0,0.0,0.0,0.13514401083079755,0.0,0.0,0.0,0.0,-0.16674352071918702,0.0,0.0,0.0,0.0,-0.09566162863302037,-0.27500847301197406,0.0,0.0,0.0,0.0,0.0,0.0,0.0,0.0,0.0,0.0,0.0,0.0,0.0,0.0,0.0,0.0,0.0,0.0,0.0,0.0,0.0,0.0,0.0,0.0,0.19443359673287972,0.0,0.0,-0.20560781875007367,0.0,0.0,0.0,0.0,0.9206640013820779,0.0,0.0,0.0,0.0,0.0,0.0,0.0,0.0,0.0,0.0,0.0,0.0,0.0,0.0,0.0,0.0,0.0,0.0,0.0,0.0,0.0,0.0,0.0,0.0,0.0,0.0,0.0,0.0,0.0,0.0,0.0,0.0,0.0,0.0,0.0,0.0,0.0,0.0,0.0,0.0,0.0,0.0,0.0,0.0,0.0,0.0,0.0,0.0,0.0,0.0,0.0,0.0,0.0,0.0,2.5310036448634006,12.56611172332798
498,1101985856,True,,50.0,quantile_glm,8020.363504687398,-3844.2537897598013,7905.626066085303,"[0, 5, 16, 12, 11, 26, 38, 13, 14, 22, 28, 18, 21, 9, 3, 10, 1, 24, 17, 47, 49, 42, 15, 23, 52, 19, 2, 33, 6, 25, 32, 30, 51, 45, 53, 54, 36, 48, 20, 7, 41, 40, 27, 8, 31, 44, 50, 4, 35, 39, 34]","[""Intercept"", ""xage"", ""child"", ""physlm"", ""disea"", ""xghindx"", ""plan_11"", ""ghindx"", ""mdeoff"", ""fmde"", ""lnum"", ""lfam"", ""logc"", ""num"", ""black"", ""mhi"", ""coins"", ""hlthf"", ""fchild"", ""site_3"", ""site_5"", ""plan_16"", ""pioff"", ""hlthg"", ""year_3"", ""lpi"", ""tookphys"", ""plan_6"", ""female"", ""hlthp"", ""plan_5"", ""plan_3"", ""year_2"", ""plan_19"", ""year_4"", ""year_5"", ""plan_9"", ""site_4"", ""idp"", ""educdec"", ""plan_15"", ""plan_14"", ""linc"", ""time"", ""plan_4"", ""plan_18"", ""site_6"", ""income"", ""plan_8"", ""plan_13"", ""plan_7""]","[[5, 16, 12, 11, 13, 22, 21, 3, 10, 1, 24, 47, 6, 25, 48, 50, 34], [16, 12, 11, 50]]","[17, 4]",1414.825642824173,0.8287888413420114,0.17121115865798858,-2.158570214604737,-0.15639594025177814,0.0,-0.14398566261630777,0.0,0.16273897543163557,0.15016925008732274,0.0,0.0,0.0,-0.015399641742813313,0.05475481219687251,0.08684216807308431,-0.04761029810887918,0.0,0.0,-0.18257442317006062,0.0,0.0,0.0,0.0,-0.165220808137218,-0.15076426824520095,0.0,0.0688919093780689,0.047723840602172996,0.0,0.0,0.0,0.0,0.0,0.0,0.0,0.0,0.10405020100562846,0.0,0.0,0.0,0.0,0.0,0.0,0.0,0.0,0.0,0.0,0.0,0.0,0.1426842323938301,-0.11438446702779885,0.0,-0.3451225763878302,0.0,0.0,0.0,0.0,0.43984497839396636,0.0,0.0,0.0,0.0,0.0,0.0,0.0,0.0,0.0,0.0,0.2076815146594171,0.2906381057396087,0.0,0.0,0.0,-0.747031062450689,0.0,0.0,0.0,0.0,0.0,0.0,0.0,0.0,0.0,0.0,0.0,0.0,0.0,0.0,0.0,0.0,0.0,0.0,0.0,0.0,0.0,0.0,0.0,0.0,0.0,0.0,0.0,0.0,0.0,0.0,0.0,0.0,0.0,0.6078545402841006,0.0,0.0,0.0,0.0,1.8845695546047885,6.583519986157272
499,1528898475,True,,25.0,quantile_glm,7950.338975743618,-3723.1325728628367,7889.186858319703,"[0, 12, 5, 16, 11, 3, 28, 18, 9, 38, 10, 22, 21, 17, 26, 1, 14, 49, 13, 48, 41, 24, 42, 6, 19, 52, 51, 2, 47, 32, 45, 46, 15, 27, 43, 25, 40, 29, 37, 54, 4, 34, 35, 31, 36, 44, 30, 20, 8, 33, 50]","[""Intercept"", ""physlm"", ""xage"", ""child"", ""disea"", ""black"", ""lnum"", ""lfam"", ""num"", ""plan_11"", ""mhi"", ""fmde"", ""logc"", ""fchild"", ""xghindx"", ""coins"", ""mdeoff"", ""site_5"", ""ghindx"", ""site_4"", ""plan_15"", ""hlthf"", ""plan_16"", ""female"", ""lpi"", ""year_3"", ""year_2"", ""tookphys"", ""site_3"", ""plan_5"", ""plan_19"", ""site_2"", ""pioff"", ""linc"", ""plan_17"", ""hlthp"", ""plan_14"", ""plan_2"", ""plan_10"", ""year_5"", ""income"", ""plan_7"", ""plan_8"", ""plan_4"", ""plan_9"", ""plan_18"", ""plan_3"", ""idp"", ""time"", ""plan_6"", ""site_6""]","[[12, 5, 16, 11, 3, 38, 10, 22, 21, 1, 49, 48, 41, 24, 42, 6, 51, 2, 47, 45, 46, 15, 43, 25, 29, 54, 4, 34, 35, 31, 50], [12, 5, 16, 11, 3, 9, 38, 10, 17, 26, 1, 49, 46, 25, 35, 50]]","[31, 16]",1034.2545058727264,0.8156748426131258,0.18432515738687413,-2.9463239819153895,-0.0958605609712462,0.07438179216215225,-0.16147110510771015,-0.104697994164238,0.10252091698037495,0.1545219702217251,0.0,0.0,0.0,-0.051190246231708515,-0.020712670775557808,0.12663111623369402,0.0,0.0,0.2729916068424627,-0.14265092755410538,0.0,0.0,0.0,0.0,0.3017045040888052,-0.35217705811392397,0.0,0.03891619212246383,0.021320887942449837,0.0,0.0,0.0,0.11757835272497398,0.0,-0.11247017776337763,0.0,0.0,0.15396409233156977,0.043607314433583684,0.0,0.0,0.3660878810862194,0.0,0.0,-1.3023873624365414,-0.16162119983841725,0.22150765589931887,0.0,-1.2385679325273218,-0.2664495521796516,-0.032528408576554126,-0.483322166871825,-0.2846028326714435,-0.623802177239685,-0.8600037428113193,0.0,0.0,-1.0014724793185565,-0.02101637109503097,-0.35844913082084756,0.0,-0.5641331387557325,0.0,0.25230737250392504,0.0,0.0,0.0,-0.3265732267519475,-0.15892738464578218,0.03229105780131493,0.19374243943627975,0.0,0.0,0.0,-0.1742015390186411,-0.22894181964214916,0.0,0.0,0.0,0.0,0.0,0.0,0.0,0.06865582498783196,-0.07970596391621029,0.0,0.0,0.0,0.0,0.0,0.0,0.0,0.0,0.1723631080124632,0.0,0.0,0.12270590925781387,0.0,0.0,0.0,0.0,0.0,0.0,0.0,0.24262701865510525,0.0,0.0,-0.08431718070485827,0.701991983700035,0.0,0.0,0.0,0.0,1.3788196697085127,3.970212698484983
