scenario,example_id,seed,penalty,lambda,l1_ratio,bic,test_ll,time,tpr,fpr,fdr,fnr,mse,selected_size,active_size,tp,fp,fn,tn
B,1,1,none,0.0,,4032.7219265410836,-1.9035631904490242,0.7938599586486816,1.0,1.0,0.75,0.0,0.004975632924201299,40,10,10,30,0,0
B,1,1,lasso,1.0,,4026.1268694792975,-1.9009205648761571,0.8096773624420166,1.0,0.9666666666666667,0.7435897435897436,0.0,0.004472217079155039,39,10,10,29,0,1
B,1,1,lasso,2.0,,4019.8881914605045,-1.8986474717849275,0.817793607711792,1.0,0.9333333333333333,0.7368421052631579,0.0,0.00401882085080177,38,10,10,28,0,2
B,1,1,lasso,5.0,,3996.2556186096026,-1.8932366446240192,0.8354558944702148,1.0,0.8,0.7058823529411765,0.0,0.0029723100018315724,34,10,10,24,0,6
B,1,1,lasso,10.0,,3960.1009616753345,-1.8884233056777888,0.8470203876495361,1.0,0.5666666666666667,0.6296296296296297,0.0,0.0023933062921672552,27,10,10,17,0,13
B,1,1,lasso,20.0,,3897.692513814622,-1.8921691782096581,0.9300854206085205,1.0,0.13333333333333333,0.2857142857142857,0.0,0.005010544736272731,14,10,10,4,0,26
B,1,1,lasso,50.0,,4169.152018991353,-2.061793566582667,0.7721400260925293,0.6,0.0,0.0,0.4,0.115397040979043,6,10,6,0,4,30
B,1,1,lasso,100.0,,4311.876276401898,-2.1432377717894595,0.5853049755096436,0.30000000000000004,0.0,0.0,0.7,0.1527478883365742,3,10,3,0,7,30
B,1,1,lasso,200.0,,4341.542319561465,-2.158059704409523,0.42347288131713867,0.2,0.0,0.0,0.8,0.1624476392479003,2,10,2,0,8,30
B,1,1,enet,1.0,0.5,4032.9079671479435,-1.901936277516339,0.7925455570220947,1.0,1.0,0.75,0.0,0.004663973120631642,40,10,10,30,0,0
B,1,1,enet,2.0,0.5,4026.3407504938964,-1.9004256977678418,0.8241643905639648,1.0,0.9666666666666667,0.7435897435897436,0.0,0.004376901579665372,39,10,10,29,0,1
B,1,1,enet,5.0,0.5,4021.355848249215,-1.8967039783727222,0.8525295257568359,1.0,0.9333333333333333,0.7368421052631579,0.0,0.003665947663099158,38,10,10,28,0,2
B,1,1,enet,10.0,0.5,3999.828223723866,-1.8926321098743883,0.8707907199859619,1.0,0.8,0.7058823529411765,0.0,0.003015030685656556,34,10,10,24,0,6
B,1,1,enet,20.0,0.5,3966.175850060893,-1.8918279014650738,0.8906803131103516,1.0,0.5333333333333333,0.6153846153846154,0.0,0.003966993723116349,26,10,10,16,0,14
B,1,1,enet,50.0,0.5,4033.494314732148,-1.9625403359432612,0.7425503730773926,1.0,0.1,0.23076923076923078,0.0,0.04335544273968342,13,10,10,3,0,27
B,1,1,enet,100.0,0.5,4219.0749229989315,-2.097455980177664,0.597665548324585,0.4,0.0,0.0,0.6,0.13146710403607448,4,10,4,0,6,30
B,1,1,enet,200.0,0.5,4336.934485398189,-2.153475102295918,0.5019454956054688,0.30000000000000004,0.0,0.0,0.7,0.15915756640697248,3,10,3,0,7,30
B,2,2,none,0.0,,2530.4622460715614,-1.2099562425176706,1.2309863567352295,1.0,1.0,0.75,0.0,0.0018977885839991694,40,10,10,30,0,0
B,2,2,lasso,1.0,,2523.6106790208455,-1.209047916125523,1.2266566753387451,1.0,0.9666666666666667,0.7435897435897436,0.0,0.0017756880235891223,39,10,10,29,0,1
B,2,2,lasso,2.0,,2523.790959572014,-1.2082481333327788,1.2164642810821533,1.0,0.9666666666666667,0.7435897435897436,0.0,0.001671466227161246,39,10,10,29,0,1
B,2,2,lasso,5.0,,2504.274647861949,-1.206187260913337,1.2274010181427002,1.0,0.8666666666666667,0.7222222222222222,0.0,0.0014224242984273118,36,10,10,26,0,4
B,2,2,lasso,10.0,,2494.4099560723566,-1.204361027183669,1.484337329864502,1.0,0.8,0.7058823529411765,0.0,0.0012153071666190973,34,10,10,24,0,6
B,2,2,lasso,20.0,,2457.109712559498,-1.2057548283880186,1.5116245746612549,1.0,0.5666666666666667,0.6296296296296297,0.0,0.0015432718687251074,27,10,10,17,0,13
B,2,2,lasso,50.0,,2447.3669924734186,-1.231195755032146,1.4941010475158691,0.9,0.3333333333333333,0.5263157894736842,0.1,0.006335920116469518,19,10,9,10,1,20
B,2,2,lasso,100.0,,2428.4835293000892,-1.238532363861491,1.9260714054107666,0.6,0.23333333333333334,0.5384615384615384,0.4,0.007915940919151182,13,10,6,7,4,23
B,2,2,lasso,200.0,,2412.754381335959,-1.2430239490281296,1.7542166709899902,0.6,0.06666666666666667,0.25,0.4,0.007958199907659344,8,10,6,2,4,28
B,2,2,enet,1.0,0.5,2530.4764282919286,-1.209496606729473,1.2010269165039062,1.0,1.0,0.75,0.0,0.0018282863373698657,40,10,10,30,0,0
B,2,2,enet,2.0,0.5,2523.6256841986697,-1.2090103524325442,1.228663682937622,1.0,0.9666666666666667,0.7435897435897436,0.0,0.0017645383046622945,39,10,10,29,0,1
B,2,2,enet,5.0,0.5,2517.1099052989252,-1.2078415020144762,1.2416980266571045,1.0,0.9333333333333333,0.7368421052631579,0.0,0.001603275479132149,38,10,10,28,0,2
B,2,2,enet,10.0,0.5,2504.6070806177217,-1.2062221001246147,1.232952356338501,1.0,0.8666666666666667,0.7222222222222222,0.0,0.0014039223502185353,36,10,10,26,0,4
B,2,2,enet,20.0,0.5,2495.4847920791967,-1.204911680431574,1.4806110858917236,1.0,0.8,0.7058823529411765,0.0,0.001257056194422217,34,10,10,24,0,6
B,2,2,enet,50.0,0.5,2445.8633096095778,-1.2099672572566251,1.4869270324707031,1.0,0.4666666666666667,0.5833333333333334,0.0,0.002327121886896863,24,10,10,14,0,16
B,2,2,enet,100.0,0.5,2443.637062918993,-1.2330908039790995,1.5167820453643799,0.8,0.3333333333333333,0.5555555555555556,0.2,0.0066549733272019485,18,10,8,10,2,20
B,2,2,enet,200.0,0.5,2429.590236093136,-1.238957947410579,1.9560649394989014,0.6,0.23333333333333334,0.5384615384615384,0.4,0.007923593216922755,13,10,6,7,4,23
B,4,4,none,0.0,,5081.7304299680945,-2.4507804618642983,5.242843151092529,1.0,1.0,0.75,0.0,0.003971591827798199,40,10,10,30,0,0
B,4,4,lasso,1.0,,5081.241110128256,-2.448505983626404,5.183078765869141,1.0,1.0,0.75,0.0,0.0033334518061704033,40,10,10,30,0,0
B,4,4,lasso,2.0,,5060.283062329352,-2.446514164322607,5.08438515663147,1.0,0.9,0.7297297297297297,0.0,0.002837147269891615,37,10,10,27,0,3
B,4,4,lasso,5.0,,5026.6833840780755,-2.4436581489816644,4.761003494262695,1.0,0.7333333333333334,0.6875,0.0,0.002364786801995568,32,10,10,22,0,8
B,4,4,lasso,10.0,,5016.564563584761,-2.4418767987217405,5.06809139251709,1.0,0.6666666666666667,0.6666666666666666,0.0,0.0023759468466704728,30,10,10,20,0,10
B,4,4,lasso,20.0,,5001.098533659383,-2.4409951780945756,4.491895914077759,1.0,0.5,0.6,0.0,0.003212485498300112,25,10,10,15,0,15
B,4,4,lasso,50.0,,4991.655539322821,-2.4607390870432484,3.6862242221832275,1.0,0.23333333333333334,0.4117647058823529,0.0,0.009309402151612156,17,10,10,7,0,23
B,4,4,lasso,100.0,,5078.554703831489,-2.5588619339146956,3.4595019817352295,0.6,0.1,0.3333333333333333,0.4,0.02396852541217615,9,10,6,3,4,27
B,4,4,lasso,200.0,,5106.096210105866,-2.589656090686697,2.6768319606781006,0.6,0.0,0.0,0.4,0.025586478834395653,6,10,6,0,4,30
B,4,4,enet,1.0,0.5,5081.279074929551,-2.4490624847575067,5.228898525238037,1.0,1.0,0.75,0.0,0.003489809709842233,40,10,10,30,0,0
B,4,4,enet,2.0,0.5,5074.254868424138,-2.448164904352153,5.192160129547119,1.0,0.9666666666666667,0.7435897435897436,0.0,0.0032403055104619494,39,10,10,29,0,1
B,4,4,enet,5.0,0.5,5060.488883284712,-2.4458580700123855,4.983017206192017,1.0,0.9,0.7297297297297297,0.0,0.0027181366278859146,37,10,10,27,0,3
B,4,4,enet,10.0,0.5,5027.28002203316,-2.443950590232181,4.790806770324707,1.0,0.7333333333333334,0.6875,0.0,0.0024579728751766942,32,10,10,22,0,8
B,4,4,enet,20.0,0.5,5025.523750661479,-2.4430020945512805,4.916148900985718,1.0,0.7,0.6774193548387096,0.0,0.0027674295568475183,31,10,10,21,0,9
B,4,4,enet,50.0,0.5,4987.946729106283,-2.4468252925929646,4.416346311569214,1.0,0.4,0.5454545454545454,0.0,0.005270706144606929,22,10,10,12,0,18
B,4,4,enet,100.0,0.5,5018.448438898448,-2.4776667990326975,3.338754415512085,1.0,0.23333333333333334,0.4117647058823529,0.0,0.012353586969280217,17,10,10,7,0,23
B,4,4,enet,200.0,0.5,5085.94180899473,-2.567367204539666,2.9730780124664307,0.6,0.06666666666666667,0.25,0.4,0.024719384110004974,8,10,6,2,4,28
B,1,101,none,0.0,,4115.6692156566705,-1.8994863309068342,0.7578811645507812,1.0,1.0,0.75,0.0,0.004619460996151883,40,10,10,30,0,0
B,1,101,lasso,1.0,,4115.843198926366,-1.8980627655037918,0.7738378047943115,1.0,1.0,0.75,0.0,0.004254782976119281,40,10,10,30,0,0
B,1,101,lasso,2.0,,4102.473232130566,-1.8967128500887402,0.791741132736206,1.0,0.9333333333333333,0.7368421052631579,0.0,0.003914167068908805,38,10,10,28,0,2
B,1,101,lasso,5.0,,4077.6875646995463,-1.8931422257310337,0.7999110221862793,1.0,0.8,0.7058823529411765,0.0,0.003020972035898061,34,10,10,24,0,6
B,1,101,lasso,10.0,,4059.3425151308256,-1.8896201235078425,0.8606071472167969,1.0,0.6666666666666667,0.6666666666666666,0.0,0.002064819017104395,30,10,10,20,0,10
B,1,101,lasso,20.0,,4024.7068660538052,-1.8920974424659858,1.139012098312378,1.0,0.33333333333333337,0.5,0.0,0.002556097368407758,20,10,10,10,0,20
B,1,101,lasso,50.0,,4398.125446433057,-2.1061117173909505,0.28714752197265625,0.5,0.0,0.0,0.5,0.139434541320268,5,10,5,0,5,30
B,1,101,lasso,100.0,,4456.7888219529295,-2.1562518481895503,0.23372173309326172,0.2,0.0,0.0,0.8,0.1663554656217776,2,10,2,0,8,30
B,1,101,lasso,200.0,,4456.791755476258,-2.1562659966319635,0.23148465156555176,0.2,0.0,0.0,0.8,0.1663879760544129,2,10,2,0,8,30
B,1,101,enet,1.0,0.5,4115.774415317471,-1.8985730900626807,0.7721424102783203,1.0,1.0,0.75,0.0,0.004387075634390007,40,10,10,30,0,0
B,1,101,enet,2.0,0.5,4116.012403296502,-1.897720507413185,0.7841587066650391,1.0,1.0,0.75,0.0,0.004171208595829912,40,10,10,30,0,0
B,1,101,enet,5.0,0.5,4096.721060833072,-1.895394175358116,0.8368368148803711,1.0,0.8666666666666667,0.7222222222222222,0.0,0.0035853503209544025,36,10,10,26,0,4
B,1,101,enet,10.0,0.5,4080.816024649495,-1.8923959191041122,0.8138659000396729,1.0,0.8,0.7058823529411765,0.0,0.0028764164951201013,34,10,10,24,0,6
B,1,101,enet,20.0,0.5,4066.5468452767836,-1.8911406215178446,0.8204495906829834,1.0,0.6333333333333333,0.6551724137931034,0.0,0.0027449809766144657,29,10,10,19,0,11
B,1,101,enet,50.0,0.5,4104.34236097834,-1.939143951120488,1.1127707958221436,1.0,0.1,0.23076923076923078,0.0,0.025695885096119444,13,10,10,3,0,27
B,1,101,enet,100.0,0.5,4423.889730418171,-2.1264147574556658,0.24021124839782715,0.4,0.0,0.0,0.6,0.15041843423956397,4,10,4,0,6,30
B,1,101,enet,200.0,0.5,4456.788497377049,-2.156252600097638,0.23456096649169922,0.2,0.0,0.0,0.8,0.16635676766301333,2,10,2,0,8,30
B,2,102,none,0.0,,2627.5420816488763,-1.1664533165776385,0.981621503829956,1.0,1.0,0.75,0.0,0.007985217826936935,40,10,10,30,0,0
B,2,102,lasso,1.0,,2613.772730784598,-1.1650910441407754,1.032494306564331,1.0,0.9333333333333333,0.7368421052631579,0.0,0.007905447145545617,38,10,10,28,0,2
B,2,102,lasso,2.0,,2613.8892561479624,-1.163680349979721,1.0606892108917236,1.0,0.9333333333333333,0.7368421052631579,0.0,0.007844676226898752,38,10,10,28,0,2
B,2,102,lasso,5.0,,2614.669438946412,-1.1595902670028355,1.1016018390655518,1.0,0.9333333333333333,0.7368421052631579,0.0,0.007692516550798512,38,10,10,28,0,2
B,2,102,lasso,10.0,,2610.467062124606,-1.153356199517065,1.1143629550933838,1.0,0.9,0.7297297297297297,0.0,0.007562163417780659,37,10,10,27,0,3
B,2,102,lasso,20.0,,2599.219079906337,-1.1432238594992978,1.151491641998291,1.0,0.8,0.7058823529411765,0.0,0.007487640025755231,34,10,10,24,0,6
B,2,102,lasso,50.0,,2595.6960389822257,-1.1362801994204064,1.442983865737915,1.0,0.5333333333333333,0.6153846153846154,0.0,0.009894673910961431,26,10,10,16,0,14
B,2,102,lasso,100.0,,2590.747513195022,-1.156421823534941,1.3811941146850586,0.7,0.13333333333333333,0.36363636363636365,0.3,0.01870427996157351,11,10,7,4,3,26
B,2,102,lasso,200.0,,2571.4333578806863,-1.1580036884038736,1.4572970867156982,0.6,0.0,0.0,0.4,0.01887624714342086,6,10,6,0,4,30
B,2,102,enet,1.0,0.5,2620.651467411264,-1.1657518580508017,1.0324556827545166,1.0,0.9666666666666667,0.7435897435897436,0.0,0.00793549835683493,39,10,10,29,0,1
B,2,102,enet,2.0,0.5,2613.7835244843964,-1.1649898913391916,1.023491621017456,1.0,0.9333333333333333,0.7368421052631579,0.0,0.00790301399770523,38,10,10,28,0,2
B,2,102,enet,5.0,0.5,2614.0329824153773,-1.16270302792687,1.048865556716919,1.0,0.9333333333333333,0.7368421052631579,0.0,0.007828623165653123,38,10,10,28,0,2
B,2,102,enet,10.0,0.5,2614.8843684788476,-1.1591961008534468,1.1232974529266357,1.0,0.9333333333333333,0.7368421052631579,0.0,0.007695304668848691,38,10,10,28,0,2
B,2,102,enet,20.0,0.5,2611.235114540401,-1.152788928278561,1.1300828456878662,1.0,0.9,0.7297297297297297,0.0,0.007600520955203688,37,10,10,27,0,3
B,2,102,enet,50.0,0.5,2602.2159630679525,-1.1400993844463232,1.2802860736846924,1.0,0.7333333333333334,0.6875,0.0,0.007864876224654288,32,10,10,22,0,8
B,2,102,enet,100.0,0.5,2605.60847796677,-1.1390606954187292,1.379697322845459,1.0,0.5333333333333333,0.6153846153846154,0.0,0.010860370065916745,26,10,10,16,0,14
B,2,102,enet,200.0,0.5,2592.184102882907,-1.156279905241778,1.5643815994262695,0.7,0.13333333333333333,0.36363636363636365,0.3,0.018737420763247734,11,10,7,4,3,26
B,4,104,none,0.0,,5179.2504156329305,-2.443667402762323,5.918715953826904,1.0,1.0,0.75,0.0,0.00763754881814992,40,10,10,30,0,0
B,4,104,lasso,1.0,,5179.354697737829,-2.4411023031330044,5.705382585525513,1.0,1.0,0.75,0.0,0.0070816352712252196,40,10,10,30,0,0
B,4,104,lasso,2.0,,5172.663861370463,-2.441703241241428,5.705021381378174,1.0,0.9666666666666667,0.7435897435897436,0.0,0.006753940847644862,39,10,10,29,0,1
B,4,104,lasso,5.0,,5181.562750183072,-2.4331002252639955,5.329697608947754,1.0,1.0,0.75,0.0,0.005163792029729428,40,10,10,30,0,0
B,4,104,lasso,10.0,,5160.622507947655,-2.421643990398101,5.212961912155151,1.0,0.8666666666666667,0.7222222222222222,0.0,0.0033122345209068106,36,10,10,26,0,4
B,4,104,lasso,20.0,,5130.674304840353,-2.4060831107831357,4.8653929233551025,1.0,0.6333333333333333,0.6551724137931034,0.0,0.0009902240741710537,29,10,10,19,0,11
B,4,104,lasso,50.0,,5098.188050057529,-2.410099900553295,4.326942682266235,1.0,0.3,0.47368421052631576,0.0,0.0033672160162974193,19,10,10,9,0,21
B,4,104,lasso,100.0,,5144.583667877036,-2.4455706311636285,4.617923974990845,1.0,0.03333333333333333,0.09090909090909091,0.0,0.013322217768905074,11,10,10,1,0,29
B,4,104,lasso,200.0,,5347.461419496649,-2.5402271145069286,4.286960124969482,0.8,0.0,0.0,0.2,0.031122225253489774,8,10,8,0,2,30
B,4,104,enet,1.0,0.5,5179.298462262045,-2.4421154422195257,5.862203359603882,1.0,1.0,0.75,0.0,0.007278469956262968,40,10,10,30,0,0
B,4,104,enet,2.0,0.5,5179.403183378506,-2.440713689104633,5.6700239181518555,1.0,1.0,0.75,0.0,0.0069534089449538455,40,10,10,30,0,0
B,4,104,enet,5.0,0.5,5173.358995094153,-2.4393753019512765,5.500320672988892,1.0,0.9666666666666667,0.7435897435897436,0.0,0.00615277932748978,39,10,10,29,0,1
B,4,104,enet,10.0,0.5,5182.480998926647,-2.4316214594974666,5.356084585189819,1.0,1.0,0.75,0.0,0.0047972666011091925,40,10,10,30,0,0
B,4,104,enet,20.0,0.5,5178.528647194113,-2.4183773646015343,5.106634616851807,1.0,0.9333333333333333,0.7368421052631579,0.0,0.002712562840931561,38,10,10,28,0,2
B,4,104,enet,50.0,0.5,5138.634685469121,-2.4080143122613524,4.775076627731323,1.0,0.6,0.6428571428571429,0.0,0.0017559928649251947,28,10,10,18,0,12
B,4,104,enet,100.0,0.5,5116.954310121927,-2.4202860850082932,4.731857776641846,1.0,0.3,0.47368421052631576,0.0,0.005683604740379286,19,10,10,9,0,21
B,4,104,enet,200.0,0.5,5185.66962754784,-2.465956422989119,4.552120923995972,1.0,0.06666666666666667,0.16666666666666666,0.0,0.01700239321157162,12,10,10,2,0,28
B,1,201,none,0.0,,4057.572437609947,-1.912380070132435,0.933802604675293,1.0,1.0,0.75,0.0,0.004243282457801885,40,10,10,30,0,0
B,1,201,lasso,1.0,,4050.9111792786616,-1.9112283494352469,0.8868434429168701,1.0,0.9666666666666667,0.7435897435897436,0.0,0.0039757144667130085,39,10,10,29,0,1
B,1,201,lasso,2.0,,4051.4672029524663,-1.91020684574979,0.875964879989624,1.0,0.9666666666666667,0.7435897435897436,0.0,0.003743770824067967,39,10,10,29,0,1
B,1,201,lasso,5.0,,4033.979479378135,-1.9078961555724478,0.840463399887085,1.0,0.8666666666666667,0.7222222222222222,0.0,0.003298340036135528,36,10,10,26,0,4
B,1,201,lasso,10.0,,4003.205890077159,-1.9069130883133778,0.8127388954162598,1.0,0.6666666666666666,0.6666666666666666,0.0,0.0033717207376906502,30,10,10,20,0,10
B,1,201,lasso,20.0,,3962.159092746011,-1.9127361011063775,0.825498104095459,1.0,0.3333333333333333,0.5,0.0,0.006072814348078947,20,10,10,10,0,20
B,1,201,lasso,50.0,,4229.3862229351025,-2.0957832310927613,0.5933375358581543,0.5,0.0,0.0,0.5,0.12473009810186397,5,10,5,0,5,30
B,1,201,lasso,100.0,,4365.960083491239,-2.161113026345654,0.5334115028381348,0.30000000000000004,0.0,0.0,0.7,0.1628233481680525,3,10,3,0,7,30
B,1,201,lasso,200.0,,4374.2666691454315,-2.1674319422838733,0.2651500701904297,0.2,0.0,0.0,0.8,0.16638243316213677,2,10,2,0,8,30
B,1,201,enet,1.0,0.5,4050.799092013981,-1.9117983209380458,0.894730806350708,1.0,0.9666666666666667,0.7435897435897436,0.0,0.004118607621097743,39,10,10,29,0,1
B,1,201,enet,2.0,0.5,4051.0613646922975,-1.9112559372955038,0.8764133453369141,1.0,0.9666666666666667,0.7435897435897436,0.0,0.004009251820867394,39,10,10,29,0,1
B,1,201,enet,5.0,0.5,4045.715194484735,-1.9100304487629822,0.842644453048706,1.0,0.9333333333333333,0.7368421052631579,0.0,0.003786466053422914,38,10,10,28,0,2
B,1,201,enet,10.0,0.5,4037.6397279485627,-1.909283813315139,0.7846693992614746,1.0,0.8666666666666667,0.7222222222222222,0.0,0.0038398508122946514,36,10,10,26,0,4
B,1,201,enet,20.0,0.5,4009.0030490853283,-1.9137691871221945,0.7880868911743164,1.0,0.6333333333333333,0.6551724137931034,0.0,0.005643963776490436,29,10,10,19,0,11
B,1,201,enet,50.0,0.5,4057.025301163103,-1.9814370774182322,0.8356294631958008,1.0,0.16666666666666666,0.3333333333333333,0.0,0.038060515702598774,15,10,10,5,0,25
B,1,201,enet,100.0,0.5,4273.853416896543,-2.118882225914052,0.8138120174407959,0.4,0.0,0.0,0.6,0.14250555375244478,4,10,4,0,6,30
B,1,201,enet,200.0,0.5,4375.802970962289,-2.165279570976539,0.33207225799560547,0.30000000000000004,0.0,0.0,0.7,0.16527119017172076,3,10,3,0,7,30
B,2,202,none,0.0,,2410.1958163050126,-1.1271553696640046,1.1878714561462402,1.0,1.0,0.75,0.0,0.0007695284139210591,40,10,10,30,0,0
B,2,202,lasso,1.0,,2403.348663005314,-1.1267203546818887,1.317772388458252,1.0,0.9333333333333333,0.7368421052631579,0.0,0.000721328086772166,38,10,10,28,0,2
B,2,202,lasso,2.0,,2396.615747671055,-1.126344095521396,1.3054218292236328,1.0,0.8666666666666667,0.7222222222222222,0.0,0.0006869439883657722,36,10,10,26,0,4
B,2,202,lasso,5.0,,2370.029909299686,-1.1255955792144818,1.3585054874420166,1.0,0.8,0.7058823529411765,0.0,0.0006540973055088021,34,10,10,24,0,6
B,2,202,lasso,10.0,,2352.731040527339,-1.1256208038716184,1.3632347583770752,1.0,0.7,0.6774193548387096,0.0,0.0007627410567235337,31,10,10,21,0,9
B,2,202,lasso,20.0,,2299.462717753791,-1.1281849204312404,1.3222062587738037,1.0,0.39999999999999997,0.5454545454545454,0.0,0.0015276875799681612,22,10,10,12,0,18
B,2,202,lasso,50.0,,2301.1458021128506,-1.143810744048891,1.4034843444824219,0.7,0.3333333333333333,0.5882352941176471,0.3,0.005773930607971349,17,10,7,10,3,20
B,2,202,lasso,100.0,,2314.407417542148,-1.152206730375936,1.7049503326416016,0.6,0.26666666666666666,0.5714285714285714,0.4,0.007967740545542609,14,10,6,8,4,22
B,2,202,lasso,200.0,,2306.5751521552274,-1.1600348154115632,1.951935052871704,0.6,0.1,0.3333333333333333,0.4,0.008041237281093813,9,10,6,3,4,27
B,2,202,enet,1.0,0.5,2410.2132302701093,-1.1269398094880807,1.198709487915039,1.0,1.0,0.75,0.0,0.0007465665514216251,40,10,10,30,0,0
B,2,202,enet,2.0,0.5,2403.359880164577,-1.126738795041858,1.3101704120635986,1.0,0.9333333333333333,0.7368421052631579,0.0,0.0007267226577478823,38,10,10,28,0,2
B,2,202,enet,5.0,0.5,2382.9838940949317,-1.1262530023895667,1.3379597663879395,1.0,0.8333333333333334,0.7142857142857143,0.0,0.0006920459797190708,35,10,10,25,0,5
B,2,202,enet,10.0,0.5,2370.262440446914,-1.1257597889395075,1.3455772399902344,1.0,0.8,0.7058823529411765,0.0,0.0006964901179608967,34,10,10,24,0,6
B,2,202,enet,20.0,0.5,2353.5355893470737,-1.1261121831044394,1.411618947982788,1.0,0.7,0.6774193548387096,0.0,0.0008796452446879166,31,10,10,21,0,9
B,2,202,enet,50.0,0.5,2307.7736133217177,-1.1320970430073944,1.3290274143218994,1.0,0.39999999999999997,0.5454545454545454,0.0,0.002517136201054642,22,10,10,12,0,18
B,2,202,enet,100.0,0.5,2304.1008947059636,-1.1449598177758504,1.4952788352966309,0.7,0.3333333333333333,0.5882352941176471,0.3,0.006005003585553524,17,10,7,10,3,20
B,2,202,enet,200.0,0.5,2315.910562881248,-1.1529170238476663,1.7401812076568604,0.6,0.26666666666666666,0.5714285714285714,0.4,0.007974650780298955,14,10,6,8,4,22
B,4,204,none,0.0,,5091.845178664566,-2.476867873411555,10.87748122215271,1.0,1.0,0.75,0.0,0.0019878341384501324,40,10,10,30,0,0
B,4,204,lasso,1.0,,5092.014695286606,-2.475407786514896,10.780521154403687,1.0,1.0,0.75,0.0,0.001664315769991477,40,10,10,30,0,0
B,4,204,lasso,2.0,,5092.280530927192,-2.474238123247741,9.933454751968384,1.0,1.0,0.75,0.0,0.0014234784418644942,40,10,10,30,0,0
B,4,204,lasso,5.0,,5065.98479119677,-2.4718392536271296,8.922987222671509,1.0,0.8666666666666667,0.7222222222222222,0.0,0.0009908308162474878,36,10,10,26,0,4
B,4,204,lasso,10.0,,5035.755494929704,-2.469713937997984,6.139063119888306,1.0,0.7,0.6774193548387096,0.0,0.0006253199476217193,31,10,10,21,0,9
B,4,204,lasso,20.0,,5004.489854109297,-2.4701147145000064,4.7618982791900635,1.0,0.5,0.6,0.0,0.0007950460165672327,25,10,10,15,0,15
B,4,204,lasso,50.0,,4991.560471828485,-2.480155030936675,6.03342342376709,1.0,0.26666666666666666,0.4444444444444444,0.0,0.0027210938220600346,18,10,10,8,0,22
B,4,204,lasso,100.0,,5045.722848739314,-2.520909345321668,5.773286581039429,1.0,0.03333333333333333,0.09090909090909091,0.0,0.010443841592350572,11,10,10,1,0,29
B,4,204,lasso,200.0,,5276.691763028851,-2.616324063901907,4.1431050300598145,0.6,0.0,0.0,0.4,0.026381990738367507,6,10,6,0,4,30
B,4,204,enet,1.0,0.5,5091.91019194103,-2.4760676163995416,10.745752573013306,1.0,1.0,0.75,0.0,0.0017862890154612422,40,10,10,30,0,0
B,4,204,enet,2.0,0.5,5092.0325730687055,-2.475287229579737,10.737468957901001,1.0,1.0,0.75,0.0,0.0016199844315685453,40,10,10,30,0,0
B,4,204,enet,5.0,0.5,5079.022073200721,-2.4733415274402835,10.151695728302002,1.0,0.9333333333333333,0.7368421052631579,0.0,0.0012193434954808787,38,10,10,28,0,2
B,4,204,enet,10.0,0.5,5066.370923103954,-2.472062663062719,9.179935216903687,1.0,0.8666666666666667,0.7222222222222222,0.0,0.001037424917118725,36,10,10,26,0,4
B,4,204,enet,20.0,0.5,5037.521973055498,-2.469949907069999,6.228027582168579,1.0,0.7,0.6774193548387096,0.0,0.0006482346330552835,31,10,10,21,0,9
B,4,204,enet,50.0,0.5,5015.853991631045,-2.4732206801451775,7.163400650024414,1.0,0.5,0.6,0.0,0.0014287874706115965,25,10,10,15,0,15
B,4,204,enet,100.0,0.5,5012.8155964645675,-2.4857539074325095,5.236721754074097,1.0,0.26666666666666666,0.4444444444444444,0.0,0.004376854897233064,18,10,10,8,0,22
B,4,204,enet,200.0,0.5,5092.0694201860715,-2.5387973810748,5.905468225479126,0.9,0.03333333333333333,0.1,0.1,0.013749148637454772,10,10,9,1,1,29
B,1,301,none,0.0,,4039.8766123972623,-1.885109938947688,0.7549922466278076,1.0,1.0,0.75,0.0,0.003674007833306011,40,10,10,30,0,0
B,1,301,lasso,1.0,,4040.022084347479,-1.8836666101406954,0.7231452465057373,1.0,1.0,0.75,0.0,0.003342378260183379,40,10,10,30,0,0
B,1,301,lasso,2.0,,4026.652982911897,-1.8823487474060534,0.702033281326294,1.0,0.9333333333333333,0.7368421052631579,0.0,0.0030490003023581455,38,10,10,28,0,2
B,1,301,lasso,5.0,,4008.588264942225,-1.8793196934405978,0.6158361434936523,1.0,0.8333333333333334,0.7142857142857143,0.0,0.0024131019636778233,35,10,10,25,0,5
B,1,301,lasso,10.0,,3981.929544443822,-1.8762128648929093,0.6606354713439941,1.0,0.6666666666666667,0.6666666666666666,0.0,0.001870845076992826,30,10,10,20,0,10
B,1,301,lasso,20.0,,3936.8384330666204,-1.8748196502022665,0.8438606262207031,1.0,0.33333333333333337,0.5,0.0,0.0022718150910383834,20,10,10,10,0,20
B,1,301,lasso,50.0,,4164.79542274103,-2.0007835237567027,0.7636592388153076,0.7,0.0,0.0,0.3,0.09364645051612508,7,10,7,0,3,30
B,1,301,lasso,100.0,,4450.703094679707,-2.1541924563952763,0.4006924629211426,0.2,0.0,0.0,0.8,0.16109814849418683,2,10,2,0,8,30
B,1,301,lasso,200.0,,4450.618219513979,-2.1541877256598316,0.3392932415008545,0.2,0.0,0.0,0.8,0.16109325054738338,2,10,2,0,8,30
B,1,301,enet,1.0,0.5,4039.949965013804,-1.8841677649395279,0.7229423522949219,1.0,1.0,0.75,0.0,0.0034686635979079383,40,10,10,30,0,0
B,1,301,enet,2.0,0.5,4040.1573323373177,-1.883289206771119,0.7107799053192139,1.0,1.0,0.75,0.0,0.003283551886182354,40,10,10,30,0,0
B,1,301,enet,5.0,0.5,4013.8881409407113,-1.8810118558720168,0.6811439990997314,1.0,0.8666666666666667,0.7222222222222222,0.0,0.0028429547862949484,36,10,10,26,0,4
B,1,301,enet,10.0,0.5,4004.5388561127106,-1.8784283911946285,0.6561112403869629,1.0,0.8,0.7058823529411765,0.0,0.002437632208868234,34,10,10,24,0,6
B,1,301,enet,20.0,0.5,3958.043810556017,-1.8765940870636695,0.6950352191925049,1.0,0.5,0.6,0.0,0.002689883143820569,25,10,10,15,0,15
B,1,301,enet,50.0,0.5,4024.1504058484807,-1.9202875980474492,0.7501742839813232,1.0,0.1,0.23076923076923078,0.0,0.02620771490715429,13,10,10,3,0,27
B,1,301,enet,100.0,0.5,4359.147880880658,-2.0936755540389504,0.42624974250793457,0.5,0.0,0.0,0.5,0.1317704091603801,5,10,5,0,5,30
B,1,301,enet,200.0,0.5,4450.6700446585555,-2.154191356300975,0.35872888565063477,0.2,0.0,0.0,0.8,0.16109640000275832,2,10,2,0,8,30
B,2,302,none,0.0,,2373.4819769503774,-1.1233224372501545,1.41526460647583,1.0,0.9666666666666667,0.7435897435897436,0.0,0.0016761360072904603,39,10,10,29,0,1
B,2,302,lasso,1.0,,2359.7309473321648,-1.12230467184657,1.2759344577789307,1.0,0.9333333333333333,0.7368421052631579,0.0,0.0015376929697870742,38,10,10,28,0,2
B,2,302,lasso,2.0,,2359.9238931128466,-1.1214053489945277,1.3142423629760742,1.0,0.9333333333333333,0.7368421052631579,0.0,0.0014142445869347714,38,10,10,28,0,2
B,2,302,lasso,5.0,,2347.4223342997107,-1.1191872574508404,1.3251893520355225,1.0,0.8333333333333333,0.7142857142857143,0.0,0.0011128489308459301,35,10,10,25,0,5
B,2,302,lasso,10.0,,2316.334624529788,-1.1170663894820396,1.3712589740753174,1.0,0.7,0.6774193548387096,0.0,0.0008051231936581625,31,10,10,21,0,9
B,2,302,lasso,20.0,,2300.8606348342896,-1.1154982208558917,1.302037000656128,1.0,0.5666666666666667,0.6296296296296297,0.0,0.0008217972848484949,27,10,10,17,0,13
B,2,302,lasso,50.0,,2288.262108084375,-1.1356608449302437,1.344419240951538,0.9,0.3,0.5,0.1,0.005111120441148112,18,10,9,9,1,21
B,2,302,lasso,100.0,,2263.626086757051,-1.1486227818102452,1.7162368297576904,0.6,0.13333333333333333,0.4,0.4,0.007958520576952895,10,10,6,4,4,26
B,2,302,lasso,200.0,,2267.352546588131,-1.1511079245562141,1.7200889587402344,0.6,0.06666666666666667,0.25,0.4,0.00798052710458035,8,10,6,2,4,28
B,2,302,enet,1.0,0.5,2359.687449933881,-1.122811610754641,1.3489329814910889,1.0,0.9,0.7297297297297297,0.0,0.0015985235097107603,37,10,10,27,0,3
B,2,302,enet,2.0,0.5,2359.746285507608,-1.1222387265906233,1.2886769771575928,1.0,0.9333333333333333,0.7368421052631579,0.0,0.0015270178519031028,38,10,10,28,0,2
B,2,302,enet,5.0,0.5,2360.1597376876534,-1.120859701675429,1.3456923961639404,1.0,0.9333333333333333,0.7368421052631579,0.0,0.0013374837653237805,38,10,10,28,0,2
B,2,302,enet,10.0,0.5,2347.7417632468973,-1.119077332619568,1.3165206909179688,1.0,0.8333333333333333,0.7142857142857143,0.0,0.0010942058011701328,35,10,10,25,0,5
B,2,302,enet,20.0,0.5,2317.4186694387063,-1.1172206507699638,1.3281080722808838,1.0,0.7,0.6774193548387096,0.0,0.000830094759353871,31,10,10,21,0,9
B,2,302,enet,50.0,0.5,2306.1167731096252,-1.1190097603938522,1.567455768585205,1.0,0.5333333333333333,0.6153846153846154,0.0,0.00153201604213341,26,10,10,16,0,14
B,2,302,enet,100.0,0.5,2293.724631475983,-1.138580896352097,1.4312801361083984,0.9,0.3,0.5,0.1,0.005660601710496451,18,10,9,9,1,21
B,2,302,enet,200.0,0.5,2264.8766988768184,-1.1487559907585867,1.8480618000030518,0.6,0.13333333333333333,0.4,0.4,0.007959001551679506,10,10,6,4,4,26
B,4,304,none,0.0,,5156.312437264035,-2.504261129206325,5.154365301132202,1.0,1.0,0.75,0.0,0.002007015784698735,40,10,10,30,0,0
B,4,304,lasso,1.0,,5149.356431939468,-2.5023170451370933,4.925430059432983,1.0,0.9666666666666667,0.7435897435897436,0.0,0.001802271346010131,39,10,10,29,0,1
B,4,304,lasso,2.0,,5149.5483189133465,-2.5009734153540513,4.758283615112305,1.0,0.9666666666666667,0.7435897435897436,0.0,0.001672844638525836,39,10,10,29,0,1
B,4,304,lasso,5.0,,5122.802270157862,-2.4944373586575646,4.926612615585327,1.0,0.8333333333333333,0.7142857142857143,0.0,0.0013251615041549487,35,10,10,25,0,5
B,4,304,lasso,10.0,,5098.993108182056,-2.4899160953893222,4.551516771316528,1.0,0.7,0.6774193548387096,0.0,0.001431081595069317,31,10,10,21,0,9
B,4,304,lasso,20.0,,5074.272546914486,-2.4899581909484723,3.7832233905792236,1.0,0.5333333333333333,0.6153846153846154,0.0,0.002405841353987011,26,10,10,16,0,14
B,4,304,lasso,50.0,,5069.339821184363,-2.521574939543688,3.820481061935425,1.0,0.3,0.47368421052631576,0.0,0.008304603839453611,19,10,10,9,0,21
B,4,304,lasso,100.0,,5114.489792807643,-2.6158699915395696,3.3785271644592285,0.7,0.06666666666666667,0.2222222222222222,0.3,0.019451089587210747,9,10,7,2,3,28
B,4,304,lasso,200.0,,5266.659184162848,-2.7107288655294335,3.605766773223877,0.6,0.03333333333333333,0.14285714285714285,0.4,0.028068466545732872,7,10,6,1,4,29
B,4,304,enet,1.0,0.5,5149.452944420111,-2.5037751515809776,4.935146331787109,1.0,0.9666666666666667,0.7435897435897436,0.0,0.0019394193204637469,39,10,10,29,0,1
B,4,304,enet,2.0,0.5,5149.352464073099,-2.502120441793644,4.868671417236328,1.0,0.9666666666666667,0.7435897435897436,0.0,0.0017859351137218254,39,10,10,29,0,1
B,4,304,enet,5.0,0.5,5122.042934395194,-2.4946021755212198,5.593146324157715,1.0,0.8333333333333333,0.7142857142857143,0.0,0.0012541184466106775,35,10,10,25,0,5
B,4,304,enet,10.0,0.5,5130.326109077573,-2.496019601219812,4.7951202392578125,1.0,0.8666666666666667,0.7222222222222222,0.0,0.0015017235198735938,36,10,10,26,0,4
B,4,304,enet,20.0,0.5,5114.392125205369,-2.492507569777487,4.185950040817261,1.0,0.7666666666666666,0.696969696969697,0.0,0.0018506527966888604,33,10,10,23,0,7
B,4,304,enet,50.0,0.5,5065.896036598367,-2.500926072277919,3.6411874294281006,1.0,0.43333333333333335,0.5652173913043478,0.0,0.0044873695087968195,23,10,10,13,0,17
B,4,304,enet,100.0,0.5,5097.015845480564,-2.5398282074968703,4.086266994476318,1.0,0.3333333333333333,0.5,0.0,0.010916118380684497,20,10,10,10,0,20
B,4,304,enet,200.0,0.5,5140.671465547045,-2.641310806309199,3.3567276000976562,0.7,0.03333333333333333,0.125,0.3,0.02095365168673434,8,10,7,1,3,29
B,1,401,none,0.0,,4042.337703855269,-1.9372854652009337,0.6570706367492676,1.0,1.0,0.75,0.0,0.004043479258499816,40,10,10,30,0,0
B,1,401,lasso,1.0,,4035.69622100671,-1.935292884896211,0.6730692386627197,1.0,0.9666666666666667,0.7435897435897436,0.0,0.003627763937645385,39,10,10,29,0,1
B,1,401,lasso,2.0,,4015.416103272787,-1.9334770426150736,0.7279982566833496,1.0,0.8666666666666667,0.7222222222222222,0.0,0.0033140358786415292,36,10,10,26,0,4
B,1,401,lasso,5.0,,4005.5433413725013,-1.9285702075615836,0.6665284633636475,1.0,0.8,0.7058823529411765,0.0,0.002516275925973675,34,10,10,24,0,6
B,1,401,lasso,10.0,,3954.8799331896075,-1.924417285011525,0.6278769969940186,1.0,0.5,0.6,0.0,0.0022967368014777836,25,10,10,15,0,15
B,1,401,lasso,20.0,,3905.4164664400187,-1.9274786718852568,0.6267974376678467,1.0,0.13333333333333333,0.2857142857142857,0.0,0.004828097935560641,14,10,10,4,0,26
B,1,401,lasso,50.0,,4259.07495927981,-2.125516748642721,0.5517916679382324,0.4,0.0,0.0,0.6,0.13565688381163638,4,10,4,0,6,30
B,1,401,lasso,100.0,,4329.263462520347,-2.1670141605522004,0.5738492012023926,0.2,0.0,0.0,0.8,0.16364133217368165,2,10,2,0,8,30
B,1,401,lasso,200.0,,4328.797392295503,-2.1665750997641124,1.0234036445617676,0.2,0.0,0.0,0.8,0.16328259009246582,2,10,2,0,8,30
B,1,401,enet,1.0,0.5,4042.4963002293107,-1.9361830885670548,0.7120115756988525,1.0,1.0,0.75,0.0,0.0038153073543151805,40,10,10,30,0,0
B,1,401,enet,2.0,0.5,4028.8328999145506,-1.9352854619606388,0.7635018825531006,1.0,0.9333333333333333,0.7368421052631579,0.0,0.0036642366782995706,38,10,10,28,0,2
B,1,401,enet,5.0,0.5,4016.6387241318707,-1.9326160579545082,0.7409591674804688,1.0,0.8666666666666667,0.7222222222222222,0.0,0.0032166640244226073,36,10,10,26,0,4
B,1,401,enet,10.0,0.5,4008.9337017258867,-1.929254621685208,0.6524760723114014,1.0,0.8,0.7058823529411765,0.0,0.0029495077261039657,34,10,10,24,0,6
B,1,401,enet,20.0,0.5,3952.477742258054,-1.929330839612936,0.6643509864807129,1.0,0.43333333333333335,0.5652173913043478,0.0,0.004336537319624937,23,10,10,13,0,17
B,1,401,enet,50.0,0.5,3989.0401927811727,-1.9760909327429663,0.9512782096862793,1.0,0.0,0.0,0.0,0.029830124127304,10,10,10,0,0,30
B,1,401,enet,100.0,0.5,4282.769552429947,-2.137996116871443,0.5296480655670166,0.4,0.0,0.0,0.6,0.1440287124750183,4,10,4,0,6,30
B,1,401,enet,200.0,0.5,4329.079045912592,-2.1668665172627777,0.49526071548461914,0.2,0.0,0.0,0.8,0.16347860211765233,2,10,2,0,8,30
B,2,402,none,0.0,,2438.4884297335766,-1.1156251846667262,1.8423521518707275,1.0,1.0,0.75,0.0,0.0011379432640606663,40,10,10,30,0,0
B,2,402,lasso,1.0,,2438.555699939304,-1.1150926693859964,1.7826321125030518,1.0,1.0,0.75,0.0,0.0010231327012605628,40,10,10,30,0,0
B,2,402,lasso,2.0,,2438.763990111766,-1.1146298338604184,1.9699780941009521,1.0,1.0,0.75,0.0,0.0009203988141313908,40,10,10,30,0,0
B,2,402,lasso,5.0,,2398.556482272908,-1.1138094115105264,2.0105819702148438,1.0,0.8,0.7058823529411765,0.0,0.0006835700451106194,34,10,10,24,0,6
B,2,402,lasso,10.0,,2381.591129017277,-1.1135979446524642,1.7320444583892822,1.0,0.7,0.6774193548387096,0.0,0.00046121641234679925,31,10,10,21,0,9
B,2,402,lasso,20.0,,2350.0867450706005,-1.1157444593302432,1.765265941619873,1.0,0.5,0.6,0.0,0.0005522000838032601,25,10,10,15,0,15
B,2,402,lasso,50.0,,2353.75723075162,-1.1389423865008925,1.9751460552215576,0.9,0.3333333333333333,0.5263157894736842,0.1,0.00413732639559475,19,10,9,10,1,20
B,2,402,lasso,100.0,,2353.923705230616,-1.1607168981980067,2.1639583110809326,0.6,0.2,0.5,0.4,0.007913942689240205,12,10,6,6,4,24
B,2,402,lasso,200.0,,2342.727207497356,-1.1687931222392252,2.4065563678741455,0.6,0.06666666666666667,0.25,0.4,0.007936402052016617,8,10,6,2,4,28
B,2,402,enet,1.0,0.5,2438.507672333112,-1.1153378651466122,1.7971105575561523,1.0,1.0,0.75,0.0,0.0010736960529894601,40,10,10,30,0,0
B,2,402,enet,2.0,0.5,2438.569058061229,-1.1150707976948129,2.210968255996704,1.0,1.0,0.75,0.0,0.0010133097396305638,40,10,10,30,0,0
B,2,402,enet,5.0,0.5,2439.001949749996,-1.1144056291437714,1.9394443035125732,1.0,1.0,0.75,0.0,0.0008548886813647291,40,10,10,30,0,0
B,2,402,enet,10.0,0.5,2398.8517549536973,-1.1138527629203032,1.9509758949279785,1.0,0.8,0.7058823529411765,0.0,0.000662999419564683,34,10,10,24,0,6
B,2,402,enet,20.0,0.5,2382.6562631242896,-1.1140671641198887,1.7893218994140625,1.0,0.7,0.6774193548387096,0.0,0.00047676410468602256,31,10,10,21,0,9
B,2,402,enet,50.0,0.5,2346.280726528599,-1.1205074266159083,1.7510240077972412,1.0,0.43333333333333335,0.5652173913043478,0.0,0.0011195856737100545,23,10,10,13,0,17
B,2,402,enet,100.0,0.5,2360.3970472238107,-1.142321832638249,3.9956917762756348,0.9,0.3333333333333333,0.5263157894736842,0.1,0.004673870276166193,19,10,9,10,1,20
B,2,402,enet,200.0,0.5,2354.9577409637677,-1.1613999478731325,2.183901786804199,0.6,0.2,0.5,0.4,0.007916073624119679,12,10,6,6,4,24
B,4,404,none,0.0,,5027.297208067485,-2.5264362298939202,7.378062725067139,1.0,1.0,0.75,0.0,0.004458950165332297,40,10,10,30,0,0
B,4,404,lasso,1.0,,5027.392358149646,-2.521569772145397,7.1686413288116455,1.0,1.0,0.75,0.0,0.004022177216310968,40,10,10,30,0,0
B,4,404,lasso,2.0,,5028.043738989345,-2.5163350062045677,6.669485092163086,1.0,1.0,0.75,0.0,0.003712601162146917,40,10,10,30,0,0
B,4,404,lasso,5.0,,5016.88713630778,-2.50756534996834,6.098406791687012,1.0,0.9333333333333333,0.7368421052631579,0.0,0.003290040593843134,38,10,10,28,0,2
B,4,404,lasso,10.0,,4986.831636122174,-2.502278576595686,7.8542561531066895,1.0,0.7666666666666666,0.696969696969697,0.0,0.0033506500944377776,33,10,10,23,0,7
B,4,404,lasso,20.0,,4950.549131424904,-2.4963598988529,6.833872556686401,1.0,0.5333333333333333,0.6153846153846154,0.0,0.0037245432584210093,26,10,10,16,0,14
B,4,404,lasso,50.0,,4955.006320660439,-2.508330173914261,4.8939409255981445,1.0,0.3,0.47368421052631576,0.0,0.009051344084770424,19,10,10,9,0,21
B,4,404,lasso,100.0,,5020.875176347901,-2.555635823858326,4.038163423538208,0.9,0.13333333333333333,0.3076923076923077,0.1,0.021031355756158346,13,10,9,4,1,26
B,4,404,lasso,200.0,,5148.159222990569,-2.639558020995846,3.1829497814178467,0.6,0.03333333333333333,0.14285714285714285,0.4,0.02832946885668269,7,10,6,1,4,29
B,4,404,enet,1.0,0.5,5027.460198239163,-2.52310072459899,7.3013916015625,1.0,1.0,0.75,0.0,0.004207732980438878,40,10,10,30,0,0
B,4,404,enet,2.0,0.5,5020.807594209017,-2.5198502441557644,6.934248208999634,1.0,0.9666666666666667,0.7435897435897436,0.0,0.003998212656458036,39,10,10,29,0,1
B,4,404,enet,5.0,0.5,5021.926944662451,-2.5135810626346835,6.4555089473724365,1.0,0.9666666666666667,0.7435897435897436,0.0,0.0036371404695724353,39,10,10,29,0,1
B,4,404,enet,10.0,0.5,5011.067310139217,-2.5067620622382893,6.067417860031128,1.0,0.8666666666666667,0.7222222222222222,0.0,0.0034810606584508488,36,10,10,26,0,4
B,4,404,enet,20.0,0.5,4989.435111452213,-2.5011140740059328,7.999863624572754,1.0,0.7666666666666666,0.696969696969697,0.0,0.0037087547931158415,33,10,10,23,0,7
B,4,404,enet,50.0,0.5,4952.3143300487245,-2.502105504379642,5.957677364349365,1.0,0.4666666666666667,0.5833333333333334,0.0,0.0066410892456486275,24,10,10,14,0,16
B,4,404,enet,100.0,0.5,4984.944940609846,-2.5235902555112197,4.632650852203369,1.0,0.33333333333333337,0.5,0.0,0.013329273526227162,20,10,10,10,0,20
B,4,404,enet,200.0,0.5,5049.92397523586,-2.5738836610942446,3.4968385696411133,0.9,0.1,0.25,0.1,0.023310580131285296,12,10,9,3,1,27
B,1,501,none,0.0,,4007.176696798894,-1.9032347457804262,0.7879927158355713,1.0,1.0,0.75,0.0,0.004430333446806151,40,10,10,30,0,0
B,1,501,lasso,1.0,,4007.4884405322637,-1.9009562706834005,0.7744967937469482,1.0,1.0,0.75,0.0,0.0038725050993107554,40,10,10,30,0,0
B,1,501,lasso,2.0,,4001.2789602481826,-1.8988686838923818,0.7812132835388184,1.0,0.9666666666666667,0.7435897435897436,0.0,0.003382396891924732,39,10,10,29,0,1
B,1,501,lasso,5.0,,3963.927707390249,-1.8938847605736209,0.7648379802703857,1.0,0.7666666666666666,0.696969696969697,0.0,0.0022987503945329783,33,10,10,23,0,7
B,1,501,lasso,10.0,,3933.61454606417,-1.888833986919641,0.7283854484558105,1.0,0.5666666666666667,0.6296296296296297,0.0,0.0016539175859085452,27,10,10,17,0,13
B,1,501,lasso,20.0,,3889.702453923147,-1.8881354478351173,0.7314772605895996,1.0,0.23333333333333334,0.4117647058823529,0.0,0.0027264645381574965,17,10,10,7,0,23
B,1,501,lasso,50.0,,4166.057296143242,-2.017959194265036,1.2051610946655273,0.7,0.0,0.0,0.3,0.103557618985155,7,10,7,0,3,30
B,1,501,lasso,100.0,,4391.902366675926,-2.13890004838065,0.5002851486206055,0.30000000000000004,0.0,0.0,0.7,0.15874681501541266,3,10,3,0,7,30
B,1,501,lasso,200.0,,4394.966410503889,-2.144419143773588,0.5584313869476318,0.2,0.0,0.0,0.8,0.16132406082272105,2,10,2,0,8,30
B,1,501,enet,1.0,0.5,4007.349483055548,-1.9018715054880984,0.7893228530883789,1.0,1.0,0.75,0.0,0.0040921381497397175,40,10,10,30,0,0
B,1,501,enet,2.0,0.5,4007.692844405091,-1.9005794388783934,0.76645827293396,1.0,1.0,0.75,0.0,0.0037807470300883013,40,10,10,30,0,0
B,1,501,enet,5.0,0.5,4002.726029746751,-1.8972396631814474,0.8167343139648438,1.0,0.9666666666666667,0.7435897435897436,0.0,0.003027043862817122,39,10,10,29,0,1
B,1,501,enet,10.0,0.5,3960.4688775833833,-1.893436157714778,0.7778983116149902,1.0,0.7333333333333334,0.6875,0.0,0.0023052097462193974,32,10,10,22,0,8
B,1,501,enet,20.0,0.5,3924.692071804948,-1.890863380766029,0.7790544033050537,1.0,0.4666666666666667,0.5833333333333334,0.0,0.0027405233029102276,24,10,10,14,0,16
B,1,501,enet,50.0,0.5,3972.216014650317,-1.9236108209020226,0.8055124282836914,1.0,0.1,0.23076923076923078,0.0,0.02182634740842923,13,10,10,3,0,27
B,1,501,enet,100.0,0.5,4285.049846506693,-2.0739585645808374,0.5464427471160889,0.5,0.0,0.0,0.5,0.13172248889634328,5,10,5,0,5,30
B,1,501,enet,200.0,0.5,4395.247935211392,-2.144447085580975,0.6101973056793213,0.2,0.0,0.0,0.8,0.16151476198305995,2,10,2,0,8,30
B,2,502,none,0.0,,2570.2451929988565,-1.0836916109004955,2.5695531368255615,1.0,1.0,0.75,0.0,0.0014140714204198936,40,10,10,30,0,0
B,2,502,lasso,1.0,,2563.3762110300495,-1.0825334323908633,1.5506761074066162,1.0,0.9666666666666667,0.7435897435897436,0.0,0.0012800510863779089,39,10,10,29,0,1
B,2,502,lasso,2.0,,2563.6125791015493,-1.0812673997460693,1.720799207687378,1.0,0.9666666666666667,0.7435897435897436,0.0,0.0011575657347821732,39,10,10,29,0,1
B,2,502,lasso,5.0,,2550.8546519816027,-1.0783863081391565,1.4682679176330566,1.0,0.9,0.7297297297297297,0.0,0.0008347454271033479,37,10,10,27,0,3
B,2,502,lasso,10.0,,2519.6778391454695,-1.0749777013919701,1.5103731155395508,1.0,0.7,0.6774193548387096,0.0,0.00044524913055613236,31,10,10,21,0,9
B,2,502,lasso,20.0,,2494.09949485289,-1.0724324896001494,1.74955415725708,1.0,0.5666666666666667,0.6296296296296297,0.0,0.0001082615396010131,27,10,10,17,0,13
B,2,502,lasso,50.0,,2490.4182244276067,-1.0812746036095187,1.7608840465545654,1.0,0.3333333333333333,0.5,0.0,0.0018891103302344243,20,10,10,10,0,20
B,2,502,lasso,100.0,,2506.5595392566006,-1.1121563353988044,1.5565245151519775,0.6,0.16666666666666666,0.45454545454545453,0.4,0.007932112773891255,11,10,6,5,4,25
B,2,502,lasso,200.0,,2503.227645445867,-1.1197133201841005,1.8999929428100586,0.6,0.03333333333333333,0.14285714285714285,0.4,0.008019424596697019,7,10,6,1,4,29
B,2,502,enet,1.0,0.5,2563.3443577630483,-1.0830263377729437,1.8489487171173096,1.0,0.9666666666666667,0.7435897435897436,0.0,0.001337128087050265,39,10,10,29,0,1
B,2,502,enet,2.0,0.5,2563.388340428632,-1.0823861549089862,1.6872971057891846,1.0,0.9666666666666667,0.7435897435897436,0.0,0.0012631081435026303,39,10,10,29,0,1
B,2,502,enet,5.0,0.5,2563.8095531671397,-1.0804146004028399,1.8072593212127686,1.0,0.9666666666666667,0.7435897435897436,0.0,0.0010610925775063958,39,10,10,29,0,1
B,2,502,enet,10.0,0.5,2551.1540489657045,-1.0778439856442068,1.50370454788208,1.0,0.9,0.7297297297297297,0.0,0.0007764500799106486,37,10,10,27,0,3
B,2,502,enet,20.0,0.5,2513.7590433569057,-1.074316026418624,1.5219104290008545,1.0,0.7,0.6774193548387096,0.0,0.00038235714830375263,31,10,10,21,0,9
B,2,502,enet,50.0,0.5,2498.202282266569,-1.0725759307719218,1.5590465068817139,1.0,0.5333333333333333,0.6153846153846154,0.0,0.0002551955201912455,26,10,10,16,0,14
B,2,502,enet,100.0,0.5,2503.8431252036967,-1.0865291419894367,1.7466835975646973,1.0,0.3333333333333333,0.5,0.0,0.0028314291115785046,20,10,10,10,0,20
B,2,502,enet,200.0,0.5,2508.2170880147305,-1.112717621021246,1.5591442584991455,0.6,0.16666666666666666,0.45454545454545453,0.4,0.007939783340834426,11,10,6,5,4,25
B,4,504,none,0.0,,5152.902128471734,-2.4968723480638437,6.671913146972656,1.0,1.0,0.75,0.0,0.001901738229802825,40,10,10,30,0,0
B,4,504,lasso,1.0,,5153.1616799475805,-2.49418793361039,6.825059652328491,1.0,1.0,0.75,0.0,0.0017645980480082014,40,10,10,30,0,0
B,4,504,lasso,2.0,,5146.873981858138,-2.491830050403457,5.951812744140625,1.0,0.9666666666666667,0.7435897435897436,0.0,0.00170083426608619,39,10,10,29,0,1
B,4,504,lasso,5.0,,5135.152655513156,-2.488264520573761,5.780134677886963,1.0,0.9,0.7297297297297297,0.0,0.0018147798630599482,37,10,10,27,0,3
B,4,504,lasso,10.0,,5118.118309653147,-2.4860012669420377,4.853576898574829,1.0,0.8,0.7058823529411765,0.0,0.0022861152001044647,34,10,10,24,0,6
B,4,504,lasso,20.0,,5080.812636449001,-2.4875169805813138,4.253581285476685,1.0,0.5666666666666667,0.6296296296296297,0.0,0.003744150558030546,27,10,10,17,0,13
B,4,504,lasso,50.0,,5084.661507691017,-2.5223838458598284,4.2376389503479,1.0,0.3333333333333333,0.5,0.0,0.012242082186622191,20,10,10,10,0,20
B,4,504,lasso,100.0,,5173.330460629354,-2.6222238422889643,3.0115585327148438,0.7,0.13333333333333333,0.36363636363636365,0.3,0.027075396774324436,11,10,7,4,3,26
B,4,504,lasso,200.0,,5231.191714246463,-2.670429523191725,3.074688673019409,0.6,0.06666666666666667,0.25,0.4,0.026620209201129102,8,10,6,2,4,28
B,4,504,enet,1.0,0.5,5152.9747617122775,-2.4953296139109344,6.4530816078186035,1.0,1.0,0.75,0.0,0.001819035320482359,40,10,10,30,0,0
B,4,504,enet,2.0,0.5,5146.409293439166,-2.4935975245489397,6.540814399719238,1.0,0.9666666666666667,0.7435897435897436,0.0,0.0017462357485506772,39,10,10,29,0,1
B,4,504,enet,5.0,0.5,5147.779675601994,-2.490275989347122,5.968007802963257,1.0,0.9666666666666667,0.7435897435897436,0.0,0.0018004398802670036,39,10,10,29,0,1
B,4,504,enet,10.0,0.5,5135.930448185524,-2.4886381264819493,5.638995170593262,1.0,0.9,0.7297297297297297,0.0,0.0021240259526627394,37,10,10,27,0,3
B,4,504,enet,20.0,0.5,5120.093319461944,-2.487677246231414,4.735877752304077,1.0,0.8,0.7058823529411765,0.0,0.002923338287229869,34,10,10,24,0,6
B,4,504,enet,50.0,0.5,5075.323166882131,-2.4986922620959002,4.1210103034973145,1.0,0.4666666666666667,0.5833333333333334,0.0,0.0065813970272854145,24,10,10,14,0,16
B,4,504,enet,100.0,0.5,5101.636038235285,-2.5362534778205217,4.122507095336914,1.0,0.3333333333333333,0.5,0.0,0.014675963413472617,20,10,10,10,0,20
B,4,504,enet,200.0,0.5,5184.416328229035,-2.6480601846352485,3.066965341567993,0.6,0.1,0.3333333333333333,0.4,0.02602682925619714,9,10,6,3,4,27
B,1,601,none,0.0,,4085.4290367832436,-1.9115769425242197,0.6027030944824219,1.0,0.9666666666666667,0.7435897435897436,0.0,0.006074865510928902,39,10,10,29,0,1
B,1,601,lasso,1.0,,4078.765051144297,-1.9092438090696597,0.6093475818634033,1.0,0.9666666666666667,0.7435897435897436,0.0,0.0054754739488644425,39,10,10,29,0,1
B,1,601,lasso,2.0,,4079.417542100423,-1.9071842031721886,0.6241776943206787,1.0,0.9666666666666667,0.7435897435897436,0.0,0.0049432016666725535,39,10,10,29,0,1
B,1,601,lasso,5.0,,4048.5906144506266,-1.903053894208349,0.6352441310882568,1.0,0.8,0.7058823529411765,0.0,0.0037540144476637255,34,10,10,24,0,6
B,1,601,lasso,10.0,,4011.0494927111604,-1.9005583335806608,0.6847035884857178,1.0,0.5666666666666667,0.6296296296296297,0.0,0.0032758498285932734,27,10,10,17,0,13
B,1,601,lasso,20.0,,3972.118383175019,-1.9066096424614432,0.6618213653564453,1.0,0.23333333333333334,0.4117647058823529,0.0,0.005645839448831628,17,10,10,7,0,23
B,1,601,lasso,50.0,,4224.839447780055,-2.060280391505307,0.5490117073059082,0.7,0.0,0.0,0.3,0.10775684715140282,7,10,7,0,3,30
B,1,601,lasso,100.0,,4402.432255188321,-2.163317272183342,0.5458760261535645,0.2,0.0,0.0,0.8,0.1629142789536307,2,10,2,0,8,30
B,1,601,lasso,200.0,,4402.398960574593,-2.1633232633292683,0.4886660575866699,0.2,0.0,0.0,0.8,0.1629772400891062,2,10,2,0,8,30
B,1,601,enet,1.0,0.5,4078.668397285076,-1.9102180125335404,0.6074385643005371,1.0,0.9666666666666667,0.7435897435897436,0.0,0.005736127719995342,39,10,10,29,0,1
B,1,601,enet,2.0,0.5,4078.985613590733,-1.9089804336410068,0.601365327835083,1.0,0.9666666666666667,0.7435897435897436,0.0,0.005429383894933644,39,10,10,29,0,1
B,1,601,enet,5.0,0.5,4073.666421984606,-1.9059761146687881,0.6474118232727051,1.0,0.9333333333333333,0.7368421052631579,0.0,0.004644390513759479,38,10,10,28,0,2
B,1,601,enet,10.0,0.5,4045.1766997321524,-1.9035577829880088,0.6687254905700684,1.0,0.7666666666666666,0.696969696969697,0.0,0.004069442050753182,33,10,10,23,0,7
B,1,601,enet,20.0,0.5,4016.215166258915,-1.9057298803083857,0.7143254280090332,1.0,0.5333333333333333,0.6153846153846154,0.0,0.005249122614267536,26,10,10,16,0,14
B,1,601,enet,50.0,0.5,4060.081595134693,-1.9610760914027128,0.6096785068511963,1.0,0.13333333333333333,0.2857142857142857,0.0,0.03162337301525537,14,10,10,4,0,26
B,1,601,enet,100.0,0.5,4336.6335784491475,-2.1117309073101906,0.3595917224884033,0.6,0.0,0.0,0.4,0.13592127313458247,6,10,6,0,4,30
B,1,601,enet,200.0,0.5,4402.810308679927,-2.163292158149466,0.4602694511413574,0.2,0.0,0.0,0.8,0.16322860739829426,2,10,2,0,8,30
B,2,602,none,0.0,,2534.674915154584,-1.2420492440573847,1.2374308109283447,1.0,1.0,0.75,0.0,0.007131422952891724,40,10,10,30,0,0
B,2,602,lasso,1.0,,2534.730748828425,-1.2406737880294645,1.2039427757263184,1.0,1.0,0.75,0.0,0.007043226613555335,40,10,10,30,0,0
B,2,602,lasso,2.0,,2527.989689193194,-1.2393438566924624,1.2445824146270752,1.0,0.9666666666666667,0.7435897435897436,0.0,0.006967567977885508,39,10,10,29,0,1
B,2,602,lasso,5.0,,2529.169356929268,-1.2357083550334655,1.2403411865234375,1.0,0.9666666666666667,0.7435897435897436,0.0,0.0067979260747642704,39,10,10,29,0,1
B,2,602,lasso,10.0,,2519.3623638779363,-1.2313596909971984,1.3162059783935547,1.0,0.8666666666666667,0.7222222222222222,0.0,0.006775485794353759,36,10,10,26,0,4
B,2,602,lasso,20.0,,2474.7156272615293,-1.2308054422142196,1.282832384109497,1.0,0.6333333333333333,0.6551724137931034,0.0,0.0074301511156493645,29,10,10,19,0,11
B,2,602,lasso,50.0,,2448.1744544549615,-1.2452855388240165,1.3653860092163086,0.9,0.36666666666666664,0.55,0.1,0.010769992593889477,20,10,9,11,1,19
B,2,602,lasso,100.0,,2439.7597238520602,-1.2679268844508425,1.2601449489593506,0.6,0.16666666666666666,0.45454545454545453,0.4,0.016260487407670846,11,10,6,5,4,25
B,2,602,lasso,200.0,,2431.979580965283,-1.27541335007632,1.3575646877288818,0.6,0.03333333333333333,0.14285714285714285,0.4,0.016375433489255013,7,10,6,1,4,29
B,2,602,enet,1.0,0.5,2534.692123341496,-1.2413409545605891,1.194486379623413,1.0,1.0,0.75,0.0,0.007085314705416815,40,10,10,30,0,0
B,2,602,enet,2.0,0.5,2534.742476000567,-1.240651013778761,1.2091517448425293,1.0,1.0,0.75,0.0,0.007042522439182632,40,10,10,30,0,0
B,2,602,enet,5.0,0.5,2528.181469195928,-1.2386839259828895,1.2955846786499023,1.0,0.9666666666666667,0.7435897435897436,0.0,0.006935867672252117,39,10,10,29,0,1
B,2,602,enet,10.0,0.5,2529.416813459149,-1.2358138309105862,1.2411279678344727,1.0,0.9666666666666667,0.7435897435897436,0.0,0.006811750122054869,39,10,10,29,0,1
B,2,602,enet,20.0,0.5,2527.0555095248346,-1.2318934704214222,1.2896814346313477,1.0,0.9,0.7297297297297297,0.0,0.006867512563145761,37,10,10,27,0,3
B,2,602,enet,50.0,0.5,2475.8282752010455,-1.2348777457538593,1.6149554252624512,1.0,0.6,0.6428571428571429,0.0,0.008279913751712692,28,10,10,18,0,12
B,2,602,enet,100.0,0.5,2453.3721597950653,-1.2476250171422576,1.364992380142212,0.9,0.36666666666666664,0.55,0.1,0.011327249497688107,20,10,9,11,1,19
B,2,602,enet,200.0,0.5,2434.336940169699,-1.268645794729574,1.2540416717529297,0.6,0.13333333333333333,0.4,0.4,0.016272791516404445,10,10,6,4,4,26
B,4,604,none,0.0,,5095.424517964787,-2.4743627429791863,6.012178897857666,1.0,1.0,0.75,0.0,0.002171537067675164,40,10,10,30,0,0
B,4,604,lasso,1.0,,5095.621515982964,-2.473820178486427,5.867786407470703,1.0,0.9666666666666667,0.7435897435897436,0.0,0.0019303880265383914,39,10,10,29,0,1
B,4,604,lasso,2.0,,5089.0408908428635,-2.473365944073697,5.76642918586731,1.0,0.9666666666666667,0.7435897435897436,0.0,0.0017234715949516173,39,10,10,29,0,1
B,4,604,lasso,5.0,,5062.878751865023,-2.4725496958489974,5.593649864196777,1.0,0.8333333333333333,0.7142857142857143,0.0,0.001326840812027066,35,10,10,25,0,5
B,4,604,lasso,10.0,,5046.115674247089,-2.4719874324859457,5.401745557785034,1.0,0.7333333333333334,0.6875,0.0,0.0010938518004780119,32,10,10,22,0,8
B,4,604,lasso,20.0,,5020.9902995941875,-2.473942073412633,4.951239824295044,1.0,0.5666666666666667,0.6296296296296297,0.0,0.0013194017252389568,27,10,10,17,0,13
B,4,604,lasso,50.0,,5010.594580795469,-2.489105507194101,3.7600784301757812,1.0,0.3333333333333333,0.5,0.0,0.004295445583519838,20,10,10,10,0,20
B,4,604,lasso,100.0,,5056.087300214104,-2.5354176825618713,3.7928757667541504,0.9,0.13333333333333333,0.3076923076923077,0.1,0.013023574029491449,13,10,9,4,1,26
B,4,604,lasso,200.0,,5232.403409134008,-2.6210194390533985,4.449748992919922,0.8,0.0,0.0,0.2,0.02498412701956437,8,10,8,0,2,30
B,4,604,enet,1.0,0.5,5095.504748405399,-2.474777145475242,5.982854604721069,1.0,1.0,0.75,0.0,0.002303601809781653,40,10,10,30,0,0
B,4,604,enet,2.0,0.5,5095.668980055554,-2.473919707845167,5.871065855026245,1.0,0.9666666666666667,0.7435897435897436,0.0,0.0019174086996554837,39,10,10,29,0,1
B,4,604,enet,5.0,0.5,5089.433581617703,-2.4734878660565243,5.77409029006958,1.0,0.9666666666666667,0.7435897435897436,0.0,0.0016226416353288533,39,10,10,29,0,1
B,4,604,enet,10.0,0.5,5063.387231737646,-2.4732444346769156,5.56900691986084,1.0,0.8333333333333333,0.7142857142857143,0.0,0.00135271328462415,35,10,10,25,0,5
B,4,604,enet,20.0,0.5,5047.716284390248,-2.474542605672794,5.218437910079956,1.0,0.7333333333333334,0.6875,0.0,0.001293815275642458,32,10,10,22,0,8
B,4,604,enet,50.0,0.5,5011.866930604556,-2.4810675425793365,4.23936128616333,1.0,0.4666666666666667,0.5833333333333334,0.0,0.0024910479639444353,24,10,10,14,0,16
B,4,604,enet,100.0,0.5,5041.642166523128,-2.4992996158808083,3.6285400390625,1.0,0.4,0.5454545454545454,0.0,0.006207878168869851,22,10,10,12,0,18
B,4,604,enet,200.0,0.5,5094.912488439441,-2.55313519821308,3.6455912590026855,0.9,0.13333333333333333,0.3076923076923077,0.1,0.015444283401376149,13,10,9,4,1,26
B,1,701,none,0.0,,4124.595129580996,-1.9295561162808728,0.6595735549926758,1.0,1.0,0.75,0.0,0.00861780775295978,40,10,10,30,0,0
B,1,701,lasso,1.0,,4110.923965212907,-1.9261878278175322,1.0337443351745605,1.0,0.9333333333333333,0.7368421052631579,0.0,0.007898666973488407,38,10,10,28,0,2
B,1,701,lasso,2.0,,4104.528711342878,-1.9229991765342482,0.8857979774475098,1.0,0.9,0.7297297297297297,0.0,0.0072414269085161725,37,10,10,27,0,3
B,1,701,lasso,5.0,,4101.346475369627,-1.914552871376265,0.7857584953308105,1.0,0.8666666666666667,0.7222222222222222,0.0,0.005589618695831794,36,10,10,26,0,4
B,1,701,lasso,10.0,,4048.42805893711,-1.904020457046034,0.7518432140350342,1.0,0.5666666666666667,0.6296296296296297,0.0,0.003842427049278718,27,10,10,17,0,13
B,1,701,lasso,20.0,,4040.0133990349404,-1.8935809084981057,0.8166835308074951,1.0,0.3666666666666667,0.5238095238095238,0.0,0.0027837511582233902,21,10,10,11,0,19
B,1,701,lasso,50.0,,4434.934414185383,-2.1294870427559434,0.28264760971069336,0.30000000000000004,0.0,0.0,0.7,0.1465946185900434,3,10,3,0,7,30
B,1,701,lasso,100.0,,4475.151246962773,-2.167091260734007,0.9032094478607178,0.2,0.0,0.0,0.8,0.1625225915561227,2,10,2,0,8,30
B,1,701,lasso,200.0,,4475.199364479694,-2.1670803196644055,0.8760013580322266,0.2,0.0,0.0,0.8,0.1625586712510429,2,10,2,0,8,30
B,1,701,enet,1.0,0.5,4110.847847896951,-1.9275061829688862,1.0821518898010254,1.0,0.9333333333333333,0.7368421052631579,0.0,0.008177445106379723,38,10,10,28,0,2
B,1,701,enet,2.0,0.5,4111.06929098103,-1.9255765946967267,1.0055344104766846,1.0,0.9333333333333333,0.7368421052631579,0.0,0.007768561593679406,38,10,10,28,0,2
B,1,701,enet,5.0,0.5,4105.684758524547,-1.9201888828847258,0.8818774223327637,1.0,0.9,0.7297297297297297,0.0,0.006676059477350315,37,10,10,27,0,3
B,1,701,enet,10.0,0.5,4104.259490169439,-1.9126513777153213,0.750694751739502,1.0,0.8666666666666667,0.7222222222222222,0.0,0.0052664738672537365,36,10,10,26,0,4
B,1,701,enet,20.0,0.5,4073.89446006108,-1.902922904298759,0.8131074905395508,1.0,0.6,0.6428571428571429,0.0,0.00389070610651175,28,10,10,18,0,12
B,1,701,enet,50.0,0.5,4134.160225736107,-1.9303665560848804,1.2347266674041748,1.0,0.23333333333333334,0.4117647058823529,0.0,0.017884148101251454,17,10,10,7,0,23
B,1,701,enet,100.0,0.5,4451.595811515877,-2.139564809978307,0.2669212818145752,0.30000000000000004,0.0,0.0,0.7,0.15313756770568382,3,10,3,0,7,30
B,1,701,enet,200.0,0.5,4475.154992784765,-2.167102189253271,0.8886539936065674,0.2,0.0,0.0,0.8,0.16253473790125456,2,10,2,0,8,30
B,2,702,none,0.0,,2689.968976575139,-1.2379127647607904,1.0259153842926025,1.0,1.0,0.75,0.0,0.007515364083591569,40,10,10,30,0,0
B,2,702,lasso,1.0,,2683.1177306028194,-1.2368145029343363,1.0373411178588867,1.0,0.9666666666666667,0.7435897435897436,0.0,0.007450872795360976,39,10,10,29,0,1
B,2,702,lasso,2.0,,2676.3446654996806,-1.2357599611048067,1.0189785957336426,1.0,0.9333333333333333,0.7368421052631579,0.0,0.007403444265295288,38,10,10,28,0,2
B,2,702,lasso,5.0,,2670.294895431387,-1.2328788597449474,1.0594525337219238,1.0,0.9,0.7297297297297297,0.0,0.007307282724224122,37,10,10,27,0,3
B,2,702,lasso,10.0,,2652.3798248940557,-1.2298004541480978,1.0666053295135498,1.0,0.8,0.7058823529411765,0.0,0.00726643962964291,34,10,10,24,0,6
B,2,702,lasso,20.0,,2592.284241328208,-1.2275442446939746,1.0920300483703613,1.0,0.4666666666666667,0.5833333333333334,0.0,0.007637652025030763,24,10,10,14,0,16
B,2,702,lasso,50.0,,2594.2547245635674,-1.2358762646861172,1.171598196029663,1.0,0.3,0.47368421052631576,0.0,0.011129521622856506,19,10,10,9,0,21
B,2,702,lasso,100.0,,2609.9110949517235,-1.2589334942924837,1.502852201461792,0.7,0.16666666666666666,0.4166666666666667,0.3,0.017655907627994377,12,10,7,5,3,25
B,2,702,lasso,200.0,,2613.9104007206192,-1.2682342655019,1.8253512382507324,0.6,0.03333333333333333,0.14285714285714285,0.4,0.019285843063069557,7,10,6,1,4,29
B,2,702,enet,1.0,0.5,2689.989349246413,-1.2373143101512534,1.0485608577728271,1.0,0.9666666666666667,0.7435897435897436,0.0,0.007480540037958014,39,10,10,29,0,1
B,2,702,enet,2.0,0.5,2683.131308169924,-1.236739441416113,1.0431628227233887,1.0,0.9666666666666667,0.7435897435897436,0.0,0.007449376593717526,39,10,10,29,0,1
B,2,702,enet,5.0,0.5,2676.5093490075383,-1.2350957828090876,1.0140888690948486,1.0,0.9333333333333333,0.7368421052631579,0.0,0.007384730979060862,38,10,10,28,0,2
B,2,702,enet,10.0,0.5,2670.5437826420257,-1.2326803078496378,1.082653284072876,1.0,0.9,0.7297297297297297,0.0,0.007323693008163773,37,10,10,27,0,3
B,2,702,enet,20.0,0.5,2660.1603079218125,-1.2296876597272877,1.091609001159668,1.0,0.8,0.7058823529411765,0.0,0.007345020093084706,34,10,10,24,0,6
B,2,702,enet,50.0,0.5,2600.1874716158804,-1.228933142722714,1.1104631423950195,1.0,0.43333333333333335,0.5652173913043478,0.0,0.008380091806126812,23,10,10,13,0,17
B,2,702,enet,100.0,0.5,2602.897343806868,-1.2392895804427584,1.1793291568756104,1.0,0.3,0.47368421052631576,0.0,0.012052884076925736,19,10,10,9,0,21
B,2,702,enet,200.0,0.5,2614.594128651784,-1.2602418196347764,2.4170045852661133,0.7,0.16666666666666666,0.4166666666666667,0.3,0.017970545877609774,12,10,7,5,3,25
B,4,704,none,0.0,,5064.041421639748,-2.4798543834602604,5.771494388580322,1.0,1.0,0.75,0.0,0.002755969272894626,40,10,10,30,0,0
B,4,704,lasso,1.0,,5057.293148420975,-2.4788233871888194,6.423279285430908,1.0,0.9666666666666667,0.7435897435897436,0.0,0.0024456850292811356,39,10,10,29,0,1
B,4,704,lasso,2.0,,5051.056616536394,-2.478166405549782,6.045189142227173,1.0,0.9333333333333333,0.7368421052631579,0.0,0.0021484607097524895,38,10,10,28,0,2
B,4,704,lasso,5.0,,5019.213274310644,-2.47681401604473,5.200359582901001,1.0,0.7666666666666666,0.696969696969697,0.0,0.0017192273837148388,33,10,10,23,0,7
B,4,704,lasso,10.0,,5003.280762095262,-2.4738951208205475,4.504911422729492,1.0,0.6666666666666667,0.6666666666666666,0.0,0.0016161905694928027,30,10,10,20,0,10
B,4,704,lasso,20.0,,4966.368979554023,-2.473333154471247,4.152774333953857,1.0,0.43333333333333335,0.5652173913043478,0.0,0.0019829663037867888,23,10,10,13,0,17
B,4,704,lasso,50.0,,4966.672928466214,-2.502973866085362,3.900038719177246,1.0,0.23333333333333334,0.4117647058823529,0.0,0.008793338944123895,17,10,10,7,0,23
B,4,704,lasso,100.0,,5059.068287119716,-2.5780139445608796,3.3215153217315674,0.8,0.1,0.2727272727272727,0.2,0.021869086457785437,11,10,8,3,2,27
B,4,704,lasso,200.0,,5168.104017678807,-2.664631052711808,3.493472099304199,0.6,0.0,0.0,0.4,0.02584305518950371,6,10,6,0,4,30
B,4,704,enet,1.0,0.5,5064.089938341619,-2.4792054853669008,6.4220898151397705,1.0,1.0,0.75,0.0,0.0025570402224759105,40,10,10,30,0,0
B,4,704,enet,2.0,0.5,5057.391812823982,-2.478794953071506,6.387451410293579,1.0,0.9666666666666667,0.7435897435897436,0.0,0.0023831709336992637,39,10,10,29,0,1
B,4,704,enet,5.0,0.5,5037.980554673777,-2.477973458187275,5.747390508651733,1.0,0.8666666666666667,0.7222222222222222,0.0,0.001971272134046102,36,10,10,26,0,4
B,4,704,enet,10.0,0.5,5026.853314295145,-2.476840140741597,5.33310866355896,1.0,0.7666666666666666,0.696969696969697,0.0,0.0017293816055526327,33,10,10,23,0,7
B,4,704,enet,20.0,0.5,5005.599453628073,-2.47523696307593,4.573817729949951,1.0,0.6666666666666667,0.6666666666666666,0.0,0.0018530984864274665,30,10,10,20,0,10
B,4,704,enet,50.0,0.5,4952.62489910324,-2.4861900351250186,4.172913312911987,1.0,0.3,0.47368421052631576,0.0,0.00511607937828173,19,10,10,9,0,21
B,4,704,enet,100.0,0.5,4989.901054008611,-2.5206989221665337,3.828920602798462,1.0,0.23333333333333334,0.4117647058823529,0.0,0.011630600362145598,17,10,10,7,0,23
B,4,704,enet,200.0,0.5,5093.813421092081,-2.5999897126795988,3.1617941856384277,0.8,0.06666666666666667,0.2,0.2,0.022940805688987636,10,10,8,2,2,28
B,1,801,none,0.0,,4096.393125610002,-1.9527453474536407,0.6285793781280518,1.0,1.0,0.75,0.0,0.007664699914106579,40,10,10,30,0,0
B,1,801,lasso,1.0,,4082.8329418556646,-1.9508429792824795,0.6336121559143066,1.0,0.9333333333333333,0.7368421052631579,0.0,0.00694059329583949,38,10,10,28,0,2
B,1,801,lasso,2.0,,4076.5478497303566,-1.9492876080969237,0.6374621391296387,1.0,0.9,0.7297297297297297,0.0,0.0062920454840894886,37,10,10,27,0,3
B,1,801,lasso,5.0,,4066.437262110149,-1.9457857148270497,0.6312191486358643,1.0,0.8333333333333334,0.7142857142857143,0.0,0.004708959066847032,35,10,10,25,0,5
B,1,801,lasso,10.0,,4023.1744940968583,-1.9432533417138276,0.6567082405090332,1.0,0.5666666666666667,0.6296296296296297,0.0,0.0030296171165944755,27,10,10,17,0,13
B,1,801,lasso,20.0,,3976.692767258203,-2.10140941288342,0.7942168712615967,1.0,0.23333333333333334,0.4117647058823529,0.0,0.003610764451945043,17,10,10,7,0,23
B,1,801,lasso,50.0,,4370.609728524362,-2.2034290989993077,0.663689136505127,0.4,0.0,0.0,0.6,0.13614072402216099,4,10,4,0,6,30
B,1,801,lasso,100.0,,4434.477982357001,-2.245008826041592,1.0802724361419678,0.2,0.0,0.0,0.8,0.16199547185141377,2,10,2,0,8,30
B,1,801,lasso,200.0,,4434.599282760709,-2.2453029944525804,0.9876365661621094,0.2,0.0,0.0,0.8,0.1621010898300001,2,10,2,0,8,30
B,1,801,enet,1.0,0.5,4089.60799400448,-1.9516268848969964,0.6446337699890137,1.0,0.9666666666666667,0.7435897435897436,0.0,0.007211047442162287,39,10,10,29,0,1
B,1,801,enet,2.0,0.5,4083.0048510467323,-1.9504922820142134,0.646061897277832,1.0,0.9333333333333333,0.7368421052631579,0.0,0.006806784139577277,38,10,10,28,0,2
B,1,801,enet,5.0,0.5,4077.9743787624593,-1.9478393142124824,0.6542682647705078,1.0,0.9,0.7297297297297297,0.0,0.005746888482466609,37,10,10,27,0,3
B,1,801,enet,10.0,0.5,4070.0643821791236,-1.9454222233311567,0.6953673362731934,1.0,0.8333333333333334,0.7142857142857143,0.0,0.0045189797791407435,35,10,10,25,0,5
B,1,801,enet,20.0,0.5,4018.3600516097235,-2.1083596891578837,1.1004283428192139,1.0,0.5,0.6,0.0,0.0037958561897536817,25,10,10,15,0,15
B,1,801,enet,50.0,0.5,4066.0278252965627,-2.0948296538215394,1.1565256118774414,1.0,0.13333333333333333,0.2857142857142857,0.0,0.02304350752887359,14,10,10,4,0,26
B,1,801,enet,100.0,0.5,4402.425219636149,-2.2275720049584247,0.5739092826843262,0.4,0.0,0.0,0.6,0.1479918031966873,4,10,4,0,6,30
B,1,801,enet,200.0,0.5,4434.525843620534,-2.2450642892947044,1.1167068481445312,0.2,0.0,0.0,0.8,0.1620234421543827,2,10,2,0,8,30
B,2,802,none,0.0,,2466.3114053397094,-1.210091908578526,1.3993265628814697,1.0,1.0,0.75,0.0,0.0015778774489495192,40,10,10,30,0,0
B,2,802,lasso,1.0,,2466.371391574854,-1.209196802757323,1.3800244331359863,1.0,1.0,0.75,0.0,0.0014513352631917486,40,10,10,30,0,0
B,2,802,lasso,2.0,,2466.5659151757573,-1.2083843549339182,1.3842973709106445,1.0,1.0,0.75,0.0,0.0013356371139964936,40,10,10,30,0,0
B,2,802,lasso,5.0,,2447.070860879613,-1.2062462126767968,1.472271203994751,1.0,0.9,0.7297297297297297,0.0,0.0010847048294921407,37,10,10,27,0,3
B,2,802,lasso,10.0,,2444.441499502204,-1.203809379072764,1.6590523719787598,1.0,0.8666666666666667,0.7222222222222222,0.0,0.0008867064192103395,36,10,10,26,0,4
B,2,802,lasso,20.0,,2402.0057810193775,-1.2043739089748438,1.6187915802001953,1.0,0.6,0.6428571428571429,0.0,0.0013007369420997552,28,10,10,18,0,12
B,2,802,lasso,50.0,,2405.1194818411973,-1.224351188159161,1.5322496891021729,0.9,0.43333333333333335,0.5909090909090909,0.1,0.006144068565399416,22,10,9,13,1,17
B,2,802,lasso,100.0,,2388.483329431152,-1.2288392403607036,1.8248820304870605,0.6,0.3333333333333333,0.625,0.4,0.007910813104712403,16,10,6,10,4,20
B,2,802,lasso,200.0,,2383.0644230774187,-1.230778303663563,1.6307010650634766,0.6,0.16666666666666666,0.45454545454545453,0.4,0.007937012713118991,11,10,6,5,4,25
B,2,802,enet,1.0,0.5,2466.3287573632447,-1.2096072219476777,1.3860433101654053,1.0,1.0,0.75,0.0,0.0015112389079328032,40,10,10,30,0,0
B,2,802,enet,2.0,0.5,2466.3853531497934,-1.2091481047999726,1.3756792545318604,1.0,1.0,0.75,0.0,0.0014474320523005576,40,10,10,30,0,0
B,2,802,enet,5.0,0.5,2459.8805384357966,-1.207923777160153,1.3936831951141357,1.0,0.9666666666666667,0.7435897435897436,0.0,0.0012805418587444634,39,10,10,29,0,1
B,2,802,enet,10.0,0.5,2447.370271724474,-1.2062320921286818,1.522765874862671,1.0,0.9,0.7297297297297297,0.0,0.0010974151089831817,37,10,10,27,0,3
B,2,802,enet,20.0,0.5,2438.5580774470877,-1.2042095679474552,1.6938471794128418,1.0,0.8333333333333333,0.7142857142857143,0.0,0.0009742369312546381,35,10,10,25,0,5
B,2,802,enet,50.0,0.5,2391.844644068147,-1.208933644245561,1.4530308246612549,1.0,0.5,0.6,0.0,0.0022983759883234527,25,10,10,15,0,15
B,2,802,enet,100.0,0.5,2400.9213144836513,-1.2259590814986483,1.6736581325531006,0.8,0.43333333333333335,0.6190476190476191,0.2,0.006458571140572179,21,10,8,13,2,17
B,2,802,enet,200.0,0.5,2389.7533558619643,-1.2295391487538538,1.7987444400787354,0.6,0.3333333333333333,0.625,0.4,0.007914452810906556,16,10,6,10,4,20
B,4,804,none,0.0,,5119.052661744639,-2.4767663077986635,9.202455043792725,1.0,1.0,0.75,0.0,0.003741380026342367,40,10,10,30,0,0
B,4,804,lasso,1.0,,5119.14795163579,-2.475624533610162,9.814351320266724,1.0,1.0,0.75,0.0,0.0036592951353347303,40,10,10,30,0,0
B,4,804,lasso,2.0,,5112.769056664271,-2.475068159812035,9.368751049041748,1.0,0.9666666666666667,0.7435897435897436,0.0,0.00388907124590553,39,10,10,29,0,1
B,4,804,lasso,5.0,,5087.180231836409,-2.4739601244908465,7.069629192352295,1.0,0.8333333333333333,0.7142857142857143,0.0,0.004007409323893152,35,10,10,25,0,5
B,4,804,lasso,10.0,,5065.584391983873,-2.479470357990284,6.515661239624023,1.0,0.6333333333333333,0.6551724137931034,0.0,0.004898360492623368,29,10,10,19,0,11
B,4,804,lasso,20.0,,5012.710897049384,-2.5000995786344014,5.571377515792847,0.9,0.39999999999999997,0.5714285714285714,0.1,0.008600751513403317,21,10,9,12,1,18
B,4,804,lasso,50.0,,5005.878792501524,-2.524940653800286,4.087376117706299,0.8,0.2,0.42857142857142855,0.2,0.015105657752619317,14,10,8,6,2,24
B,4,804,lasso,100.0,,5085.2147194318595,-2.5757434245065687,4.005251407623291,0.6,0.16666666666666666,0.45454545454545453,0.4,0.024675409807764545,11,10,6,5,4,25
B,4,804,lasso,200.0,,5110.799151943434,-2.596090777821487,3.5765974521636963,0.6,0.0,0.0,0.4,0.02544790991688129,6,10,6,0,4,30
B,4,804,enet,1.0,0.5,5119.080847268124,-2.4760871356569267,9.050413608551025,1.0,1.0,0.75,0.0,0.003634872817879834,40,10,10,30,0,0
B,4,804,enet,2.0,0.5,5112.324164465201,-2.475688961490236,9.232587099075317,1.0,0.9666666666666667,0.7435897435897436,0.0,0.0037590098712423892,39,10,10,29,0,1
B,4,804,enet,5.0,0.5,5106.493222542811,-2.474789504888336,8.540648460388184,1.0,0.9333333333333333,0.7368421052631579,0.0,0.004092782111211186,38,10,10,28,0,2
B,4,804,enet,10.0,0.5,5088.023115796883,-2.4755378774947947,7.14992094039917,1.0,0.8333333333333333,0.7142857142857143,0.0,0.004486816277338488,35,10,10,25,0,5
B,4,804,enet,20.0,0.5,5053.9628736373115,-2.4834926698749222,6.338069915771484,1.0,0.6333333333333333,0.6551724137931034,0.0,0.005799812694038054,29,10,10,19,0,11
B,4,804,enet,50.0,0.5,5019.769251774014,-2.513243630534976,5.5259857177734375,0.9,0.36666666666666664,0.55,0.1,0.011140561769789167,20,10,9,11,1,19
B,4,804,enet,100.0,0.5,5019.209094082025,-2.5326869003463064,4.083374738693237,0.8,0.2,0.42857142857142855,0.2,0.016646940667389358,14,10,8,6,2,24
B,4,804,enet,200.0,0.5,5096.942541457159,-2.582659717463038,3.77883243560791,0.6,0.16666666666666666,0.45454545454545453,0.4,0.024818102382275147,11,10,6,5,4,25
B,1,901,none,0.0,,3934.905813194049,-1.906621538310764,0.7612926959991455,1.0,1.0,0.75,0.0,0.004834336890576999,40,10,10,30,0,0
B,1,901,lasso,1.0,,3935.059847224232,-1.9051720827248764,0.7986485958099365,1.0,1.0,0.75,0.0,0.00442270945325858,40,10,10,30,0,0
B,1,901,lasso,2.0,,3928.6501685222784,-1.903939450352196,0.7854454517364502,1.0,0.9666666666666667,0.7435897435897436,0.0,0.004084233967074704,39,10,10,29,0,1
B,1,901,lasso,5.0,,3896.845144987165,-1.9012046800565463,0.8408994674682617,1.0,0.8,0.7058823529411765,0.0,0.0034406968956313157,34,10,10,24,0,6
B,1,901,lasso,10.0,,3856.635166173205,-1.9000695435853503,0.781620979309082,1.0,0.5666666666666667,0.6296296296296297,0.0,0.0030166112916133548,27,10,10,17,0,13
B,1,901,lasso,20.0,,3823.5259062860578,-1.905807464532456,0.7809724807739258,1.0,0.26666666666666666,0.4444444444444444,0.0,0.004349246964074384,18,10,10,8,0,22
B,1,901,lasso,50.0,,4056.98255573825,-2.0402270930626747,1.6291944980621338,0.8,0.0,0.0,0.2,0.09439440798773284,8,10,8,0,2,30
B,1,901,lasso,100.0,,4272.4924206641535,-2.152569210691263,0.7432432174682617,0.30000000000000004,0.0,0.0,0.7,0.15828112229036492,3,10,3,0,7,30
B,1,901,lasso,200.0,,4295.5287826661215,-2.163855776752165,0.3594498634338379,0.2,0.0,0.0,0.8,0.1664433214748088,2,10,2,0,8,30
B,1,901,enet,1.0,0.5,3934.9835259924753,-1.905989749764558,0.79044508934021,1.0,1.0,0.75,0.0,0.00461446224425607,40,10,10,30,0,0
B,1,901,enet,2.0,0.5,3935.207032572374,-1.9054307643358441,0.7831852436065674,1.0,1.0,0.75,0.0,0.00442063288416307,40,10,10,30,0,0
B,1,901,enet,5.0,0.5,3922.8097834868695,-1.9042549628600198,0.8180668354034424,1.0,0.9333333333333333,0.7368421052631579,0.0,0.004003023482720479,38,10,10,28,0,2
B,1,901,enet,10.0,0.5,3899.537557875456,-1.9033666401779568,0.8789327144622803,1.0,0.8,0.7058823529411765,0.0,0.0037351560843113195,34,10,10,24,0,6
B,1,901,enet,20.0,0.5,3874.100055116659,-1.9068966394221294,0.7835884094238281,1.0,0.6,0.6428571428571429,0.0,0.004432150042676641,28,10,10,18,0,12
B,1,901,enet,50.0,0.5,3916.0626150814273,-1.95356782202551,0.7244517803192139,1.0,0.23333333333333334,0.4117647058823529,0.0,0.021995179682116554,17,10,10,7,0,23
B,1,901,enet,100.0,0.5,4210.7019827677195,-2.1187890276593184,0.7382822036743164,0.6,0.0,0.0,0.4,0.1356417119175746,6,10,6,0,4,30
B,1,901,enet,200.0,0.5,4290.664731902308,-2.159325417154101,0.44534873962402344,0.30000000000000004,0.0,0.0,0.7,0.16308597505119687,3,10,3,0,7,30
B,2,902,none,0.0,,2307.8939965376658,-1.1456700797291914,1.3949995040893555,1.0,1.0,0.75,0.0,0.001224314615226317,40,10,10,30,0,0
B,2,902,lasso,1.0,,2307.9651289472217,-1.1448572298500976,1.6089766025543213,1.0,0.9666666666666667,0.7435897435897436,0.0,0.0011308726302122658,39,10,10,29,0,1
B,2,902,lasso,2.0,,2294.3517281190975,-1.1441308738394258,1.9212253093719482,1.0,0.9333333333333333,0.7368421052631579,0.0,0.0010520910520034784,38,10,10,28,0,2
B,2,902,lasso,5.0,,2267.956284744118,-1.142333343632238,1.682443618774414,1.0,0.7666666666666666,0.696969696969697,0.0,0.0008912466136133225,33,10,10,23,0,7
B,2,902,lasso,10.0,,2244.053383668627,-1.1410198836309926,1.614820957183838,1.0,0.6666666666666667,0.6666666666666666,0.0,0.0008531920390451198,30,10,10,20,0,10
B,2,902,lasso,20.0,,2214.9237908358346,-1.1428325717478893,1.498520851135254,1.0,0.4666666666666667,0.5833333333333334,0.0,0.0015232843449260343,24,10,10,14,0,16
B,2,902,lasso,50.0,,2187.6442648779807,-1.158836341148166,1.8139674663543701,0.7,0.26666666666666666,0.5333333333333333,0.3,0.0056613465179146515,15,10,7,8,3,22
B,2,902,lasso,100.0,,2196.390905244725,-1.1678380354355797,1.561540126800537,0.6,0.16666666666666666,0.45454545454545453,0.4,0.008156458139305104,11,10,6,5,4,25
B,2,902,lasso,200.0,,2180.243488336245,-1.1717614003317602,2.7300686836242676,0.6,0.0,0.0,0.4,0.00818082771360212,6,10,6,0,4,30
B,2,902,enet,1.0,0.5,2307.9147004113647,-1.145229559604802,1.6494605541229248,1.0,1.0,0.75,0.0,0.0011753076651804157,40,10,10,30,0,0
B,2,902,enet,2.0,0.5,2307.9778415659666,-1.1448127146175995,2.5627734661102295,1.0,0.9666666666666667,0.7435897435897436,0.0,0.0011301898139476885,39,10,10,29,0,1
B,2,902,enet,5.0,0.5,2287.6628569851737,-1.1437138486761222,1.7834978103637695,1.0,0.9,0.7297297297297297,0.0,0.001021721003643799,37,10,10,27,0,3
B,2,902,enet,10.0,0.5,2261.335789412999,-1.1422853707012515,1.749873161315918,1.0,0.7666666666666666,0.696969696969697,0.0,0.0009137884514252949,33,10,10,23,0,7
B,2,902,enet,20.0,0.5,2245.0137987934886,-1.1412291252370481,1.6109318733215332,1.0,0.6666666666666667,0.6666666666666666,0.0,0.0009488713060943722,30,10,10,20,0,10
B,2,902,enet,50.0,0.5,2202.6919197244583,-1.1467612428361695,1.5546772480010986,1.0,0.36666666666666664,0.5238095238095238,0.0,0.00252471509998154,21,10,10,11,0,19
B,2,902,enet,100.0,0.5,2191.1678805400775,-1.1597668153882668,1.8517663478851318,0.7,0.26666666666666666,0.5333333333333333,0.3,0.0059230491729850565,15,10,7,8,3,22
B,2,902,enet,200.0,0.5,2197.6931137037113,-1.168292048041269,1.5370433330535889,0.6,0.16666666666666666,0.45454545454545453,0.4,0.008163058689335496,11,10,6,5,4,25
B,4,904,none,0.0,,5073.0500649422665,-2.4189899986096455,4.852847099304199,1.0,1.0,0.75,0.0,0.0016412973500805749,40,10,10,30,0,0
B,4,904,lasso,1.0,,5066.188924475293,-2.4184348503144575,4.858452558517456,1.0,0.9666666666666667,0.7435897435897436,0.0,0.0015785421943432937,39,10,10,29,0,1
B,4,904,lasso,2.0,,5052.553059826843,-2.4180494252839635,4.746188640594482,1.0,0.9,0.7297297297297297,0.0,0.0015249861413709415,37,10,10,27,0,3
B,4,904,lasso,5.0,,5039.955664185065,-2.4171322467332157,4.591863393783569,1.0,0.8333333333333334,0.7142857142857143,0.0,0.0014302535730734479,35,10,10,25,0,5
B,4,904,lasso,10.0,,5022.972534720525,-2.416874604862496,4.504841327667236,1.0,0.7333333333333333,0.6875,0.0,0.001610685675301191,32,10,10,22,0,8
B,4,904,lasso,20.0,,5019.811327908627,-2.4184822822772456,4.305657625198364,1.0,0.6666666666666666,0.6666666666666666,0.0,0.0024212582026637095,30,10,10,20,0,10
B,4,904,lasso,50.0,,4970.572437375475,-2.4327042648576658,4.130603790283203,1.0,0.23333333333333334,0.4117647058823529,0.0,0.006614082972777999,17,10,10,7,0,23
B,4,904,lasso,100.0,,5066.658315802822,-2.4928357985734744,3.9107108116149902,1.0,0.1,0.23076923076923078,0.0,0.01848044626750967,13,10,10,3,0,27
B,4,904,lasso,200.0,,5267.434589110974,-2.670786324867228,3.038384437561035,0.6,0.03333333333333333,0.14285714285714285,0.4,0.02719343364604112,7,10,6,1,4,29
B,4,904,enet,1.0,0.5,5073.075040950222,-2.418681015790019,4.8434858322143555,1.0,1.0,0.75,0.0,0.0016101255009404953,40,10,10,30,0,0
B,4,904,enet,2.0,0.5,5073.1407585382985,-2.418383289612255,4.831929922103882,1.0,1.0,0.75,0.0,0.001586632630038041,40,10,10,30,0,0
B,4,904,enet,5.0,0.5,5045.962194692384,-2.417858248423236,4.613366603851318,1.0,0.8666666666666667,0.7222222222222222,0.0,0.0015486904639994727,36,10,10,26,0,4
B,4,904,enet,10.0,0.5,5047.469590056027,-2.417327248737756,4.532456159591675,1.0,0.8666666666666667,0.7222222222222222,0.0,0.0015607147996945978,36,10,10,26,0,4
B,4,904,enet,20.0,0.5,5025.1375455188745,-2.418134278782963,4.463535785675049,1.0,0.7333333333333333,0.6875,0.0,0.0020023819699076973,32,10,10,22,0,8
B,4,904,enet,50.0,0.5,5013.471608686278,-2.4258173238320606,4.236507415771484,1.0,0.5666666666666667,0.6296296296296297,0.0,0.004418472737440143,27,10,10,17,0,13
B,4,904,enet,100.0,0.5,4991.071380480006,-2.445517076821596,4.134401082992554,1.0,0.23333333333333334,0.4117647058823529,0.0,0.00903081091026875,17,10,10,7,0,23
B,4,904,enet,200.0,0.5,5244.516478268603,-2.6292635669785795,3.167461395263672,0.6,0.16666666666666666,0.45454545454545453,0.4,0.026027683435925507,11,10,6,5,4,25
B,1,1001,none,0.0,,4006.22673971553,-1.9390656529662746,0.8039548397064209,1.0,1.0,0.75,0.0,0.006192904301836372,40,10,10,30,0,0
B,1,1001,lasso,1.0,,3999.6513464084196,-1.9371554752413698,0.7562720775604248,1.0,0.9666666666666667,0.7435897435897436,0.0,0.005791518788441018,39,10,10,29,0,1
B,1,1001,lasso,2.0,,3993.43604695488,-1.9354023103295968,0.769345760345459,1.0,0.9333333333333333,0.7368421052631579,0.0,0.005477953773141133,38,10,10,28,0,2
B,1,1001,lasso,5.0,,3962.6255687203757,-1.9308083464976677,0.6617717742919922,1.0,0.7666666666666666,0.696969696969697,0.0,0.0049998574675859594,33,10,10,23,0,7
B,1,1001,lasso,10.0,,3923.789303135128,-1.9274792784745145,0.6237351894378662,1.0,0.5333333333333333,0.6153846153846154,0.0,0.0052576153106116885,26,10,10,16,0,14
B,1,1001,lasso,20.0,,3891.718998225254,-1.9336536703842193,0.708094596862793,1.0,0.23333333333333334,0.4117647058823529,0.0,0.008668542619382108,17,10,10,7,0,23
B,1,1001,lasso,50.0,,4089.7488127540864,-2.0375403530260243,1.4992632865905762,0.7,0.0,0.0,0.3,0.090661544436989,7,10,7,0,3,30
B,1,1001,lasso,100.0,,4360.671733630169,-2.175637112228218,1.2848262786865234,0.2,0.0,0.0,0.8,0.1611898705322264,2,10,2,0,8,30
B,1,1001,lasso,200.0,,4361.020675550782,-2.1757328521587977,1.0067338943481445,0.2,0.0,0.0,0.8,0.16140555919118815,2,10,2,0,8,30
B,1,1001,enet,1.0,0.5,4006.418749362343,-1.9380338347264743,0.7463665008544922,1.0,1.0,0.75,0.0,0.0059761922091117765,40,10,10,30,0,0
B,1,1001,enet,2.0,0.5,3999.8493380833615,-1.9371154603026428,0.7280642986297607,1.0,0.9666666666666667,0.7435897435897436,0.0,0.005807711953578543,39,10,10,29,0,1
B,1,1001,enet,5.0,0.5,3987.9502974990382,-1.9344104511330098,0.7360897064208984,1.0,0.9,0.7297297297297297,0.0,0.005460119984153661,37,10,10,27,0,3
B,1,1001,enet,10.0,0.5,3965.8415137760067,-1.9315660222090116,0.673609733581543,1.0,0.7333333333333334,0.6875,0.0,0.005523030691676545,32,10,10,22,0,8
B,1,1001,enet,20.0,0.5,3936.156225819559,-1.9320747467845067,0.6770381927490234,1.0,0.5333333333333333,0.6153846153846154,0.0,0.007470086518351896,26,10,10,16,0,14
B,1,1001,enet,50.0,0.5,3976.458298173947,-1.9844831619469507,1.068382978439331,1.0,0.19999999999999998,0.375,0.0,0.03293706108449936,16,10,10,6,0,24
B,1,1001,enet,100.0,0.5,4232.785933506638,-2.105810236417017,0.6995000839233398,0.6000000000000001,0.0,0.0,0.4,0.12701163921641234,6,10,6,0,4,30
B,1,1001,enet,200.0,0.5,4360.852773919042,-2.17560170493586,1.2102890014648438,0.2,0.0,0.0,0.8,0.16131211448983784,2,10,2,0,8,30
B,2,1002,none,0.0,,2322.6758003882333,-1.2349329388087122,1.1913869380950928,1.0,1.0,0.75,0.0,0.006231345901871762,40,10,10,30,0,0
B,2,1002,lasso,1.0,,2315.824554422083,-1.2338481599456466,1.1943800449371338,1.0,0.9333333333333333,0.7368421052631579,0.0,0.006145444694830785,38,10,10,28,0,2
B,2,1002,lasso,2.0,,2309.0654822785978,-1.2327523817217123,1.3930163383483887,1.0,0.9333333333333333,0.7368421052631579,0.0,0.006063902409615227,38,10,10,28,0,2
B,2,1002,lasso,5.0,,2303.1918974183573,-1.2297984756444242,1.4578793048858643,1.0,0.9,0.7297297297297297,0.0,0.005866834383480493,37,10,10,27,0,3
B,2,1002,lasso,10.0,,2285.8953500292396,-1.2260644897387674,1.3429007530212402,1.0,0.8,0.7058823529411765,0.0,0.005707219617141771,34,10,10,24,0,6
B,2,1002,lasso,20.0,,2269.5315482028695,-1.2216571344863738,1.3459949493408203,1.0,0.6666666666666667,0.6666666666666666,0.0,0.0060035577788336274,30,10,10,20,0,10
B,2,1002,lasso,50.0,,2260.8167187925696,-1.2259007301883096,1.3299810886383057,1.0,0.39999999999999997,0.5454545454545454,0.0,0.010034623050837601,22,10,10,12,0,18
B,2,1002,lasso,100.0,,2300.6439407019616,-1.2427689345526507,1.2135720252990723,0.7,0.3333333333333333,0.5882352941176471,0.3,0.0173568237871861,17,10,7,10,3,20
B,2,1002,lasso,200.0,,2286.3140725021053,-1.2533334796001094,1.5938034057617188,0.6,0.13333333333333333,0.4,0.4,0.0176460736585323,10,10,6,4,4,26
B,2,1002,enet,1.0,0.5,2322.6956973278943,-1.2343083820741694,1.2048819065093994,1.0,1.0,0.75,0.0,0.006184448095003833,40,10,10,30,0,0
B,2,1002,enet,2.0,0.5,2315.837944192577,-1.233691668903923,1.218590259552002,1.0,0.9333333333333333,0.7368421052631579,0.0,0.006139303752323423,38,10,10,28,0,2
B,2,1002,enet,5.0,0.5,2309.253606700557,-1.2318699814605043,1.4119977951049805,1.0,0.9333333333333333,0.7368421052631579,0.0,0.006016634669448186,38,10,10,28,0,2
B,2,1002,enet,10.0,0.5,2303.479614589575,-1.2292796985838772,1.4042918682098389,1.0,0.9,0.7297297297297297,0.0,0.005859295776358332,37,10,10,27,0,3
B,2,1002,enet,20.0,0.5,2286.895846705084,-1.2252260452159933,1.3333344459533691,1.0,0.8,0.7058823529411765,0.0,0.005759535839486328,34,10,10,24,0,6
B,2,1002,enet,50.0,0.5,2253.8078895776184,-1.2208333726115679,1.3438069820404053,1.0,0.5333333333333333,0.6153846153846154,0.0,0.0068033655433874605,26,10,10,16,0,14
B,2,1002,enet,100.0,0.5,2270.5244176327246,-1.2281723842715697,1.3380844593048096,1.0,0.39999999999999997,0.5454545454545454,0.0,0.011116135177361444,22,10,10,12,0,18
B,2,1002,enet,200.0,0.5,2303.3094404098183,-1.2439328516779455,1.2224047183990479,0.7,0.3333333333333333,0.5882352941176471,0.3,0.017331667259234195,17,10,7,10,3,20
B,4,1004,none,0.0,,5063.4970750411385,-2.4850795571013258,5.203187942504883,1.0,1.0,0.75,0.0,0.007843089205346302,40,10,10,30,0,0
B,4,1004,lasso,1.0,,5063.428171655145,-2.4810036924593852,5.661725282669067,1.0,1.0,0.75,0.0,0.007302824037045373,40,10,10,30,0,0
B,4,1004,lasso,2.0,,5063.936068526644,-2.479363024205363,5.458483695983887,1.0,1.0,0.75,0.0,0.007187744251686807,40,10,10,30,0,0
B,4,1004,lasso,5.0,,5065.789896835351,-2.471086906446977,5.094897985458374,1.0,1.0,0.75,0.0,0.006193710127549808,40,10,10,30,0,0
B,4,1004,lasso,10.0,,5044.9621090875125,-2.4618876912640433,8.513884544372559,1.0,0.8666666666666667,0.7222222222222222,0.0,0.004937147554960956,36,10,10,26,0,4
B,4,1004,lasso,20.0,,4991.469820795342,-2.4642859887981587,4.399217844009399,1.0,0.5,0.6,0.0,0.0062418357844149066,25,10,10,15,0,15
B,4,1004,lasso,50.0,,4972.350484604657,-2.4806323112580984,4.348865509033203,0.9,0.26666666666666666,0.47058823529411764,0.1,0.011465754663745328,17,10,9,8,1,22
B,4,1004,lasso,100.0,,5007.547165962197,-2.5190067162191205,3.9295530319213867,0.8,0.06666666666666667,0.2,0.2,0.021098029319032104,10,10,8,2,2,28
B,4,1004,lasso,200.0,,5117.3775291290995,-2.5808347305711385,3.044428586959839,0.7,0.0,0.0,0.3,0.02846556701310553,7,10,7,0,3,30
B,4,1004,enet,1.0,0.5,5063.446837631717,-2.482913524181227,5.853248119354248,1.0,1.0,0.75,0.0,0.00756399808524777,40,10,10,30,0,0
B,4,1004,enet,2.0,0.5,5063.4624791874085,-2.4806815810775045,5.701730728149414,1.0,1.0,0.75,0.0,0.00727610010170105,40,10,10,30,0,0
B,4,1004,enet,5.0,0.5,5064.270012585324,-2.4767849861870097,5.530569314956665,1.0,1.0,0.75,0.0,0.006887292197059509,40,10,10,30,0,0
B,4,1004,enet,10.0,0.5,5066.445961376759,-2.4626201332352355,9.972599506378174,1.0,1.0,0.75,0.0,0.004512226618560368,40,10,10,30,0,0
B,4,1004,enet,20.0,0.5,5047.747384035638,-2.464018872007766,8.83124327659607,1.0,0.8666666666666667,0.7222222222222222,0.0,0.005635477586100075,36,10,10,26,0,4
B,4,1004,enet,50.0,0.5,4988.534074303076,-2.4738180193311647,5.3888020515441895,1.0,0.4,0.5454545454545454,0.0,0.008431727570144319,22,10,10,12,0,18
B,4,1004,enet,100.0,0.5,4987.677363482435,-2.4884222694554357,4.41359806060791,0.9,0.26666666666666666,0.47058823529411764,0.1,0.013433987047972915,17,10,9,8,1,22
B,4,1004,enet,200.0,0.5,5033.354567111436,-2.532947126117381,4.134824275970459,0.8,0.06666666666666667,0.2,0.2,0.022327051946720557,10,10,8,2,2,28
B,1,1101,none,0.0,,4130.361678298595,-1.9171370247234136,0.8237121105194092,1.0,1.0,0.75,0.0,0.007207102473490186,40,10,10,30,0,0
B,1,1101,lasso,1.0,,4123.814925247841,-1.914233942626005,0.7798881530761719,1.0,0.9666666666666667,0.7435897435897436,0.0,0.006493435133047371,39,10,10,29,0,1
B,1,1101,lasso,2.0,,4110.783570972207,-1.9116406057282178,0.7655317783355713,1.0,0.9,0.7297297297297297,0.0,0.005944210010082079,37,10,10,27,0,3
B,1,1101,lasso,5.0,,4101.971933429905,-1.9058878920129243,0.730949878692627,1.0,0.8333333333333334,0.7142857142857143,0.0,0.004960356285013722,35,10,10,25,0,5
B,1,1101,lasso,10.0,,4060.920398630694,-1.902676275493331,0.6870145797729492,1.0,0.5666666666666667,0.6296296296296297,0.0,0.005373380634063292,27,10,10,17,0,13
B,1,1101,lasso,20.0,,4030.4295549442113,-1.921479497041681,0.7209115028381348,1.0,0.2,0.375,0.0,0.014165431207544,16,10,10,6,0,24
B,1,1101,lasso,50.0,,4197.696054822203,-2.065988742854982,0.8655996322631836,0.6,0.0,0.0,0.4,0.1078273804928232,6,10,6,0,4,30
B,1,1101,lasso,100.0,,4374.420809553823,-2.145270501257174,0.3293037414550781,0.30000000000000004,0.0,0.0,0.7,0.15492949596446368,3,10,3,0,7,30
B,1,1101,lasso,200.0,,4420.205782874442,-2.1684313790970897,0.2353982925415039,0.2,0.0,0.0,0.8,0.16943196543021938,2,10,2,0,8,30
B,1,1101,enet,1.0,0.5,4130.563590802268,-1.9156161340417288,0.7977123260498047,1.0,1.0,0.75,0.0,0.006858925100625843,40,10,10,30,0,0
B,1,1101,enet,2.0,0.5,4117.154584630435,-1.914257784214,0.771486759185791,1.0,0.9333333333333333,0.7368421052631579,0.0,0.006572425246469667,38,10,10,28,0,2
B,1,1101,enet,5.0,0.5,4112.548918757828,-1.9110863416729897,0.7487878799438477,1.0,0.9,0.7297297297297297,0.0,0.006099863273332741,37,10,10,27,0,3
B,1,1101,enet,10.0,0.5,4099.3408901959565,-1.908887981136108,0.7239739894866943,1.0,0.8,0.7058823529411765,0.0,0.00633559471190764,34,10,10,24,0,6
B,1,1101,enet,20.0,0.5,4062.281160591004,-1.9146299982971096,0.7040729522705078,1.0,0.5,0.6,0.0,0.010413472839083796,25,10,10,15,0,15
B,1,1101,enet,50.0,0.5,4122.406099127682,-2.011899574050689,1.5175256729125977,1.0,0.1,0.23076923076923078,0.0,0.07399996859692388,13,10,10,3,0,27
B,1,1101,enet,100.0,0.5,4299.988468095317,-2.1086565269356137,1.0149922370910645,0.6,0.0,0.0,0.4,0.13347406237367876,6,10,6,0,4,30
B,1,1101,enet,200.0,0.5,4408.000966628382,-2.159900551603001,0.24352216720581055,0.30000000000000004,0.0,0.0,0.7,0.1636810036599492,3,10,3,0,7,30
B,2,1102,none,0.0,,2410.8993117209016,-1.1451955352037708,1.464005708694458,1.0,1.0,0.75,0.0,0.001443411581367428,40,10,10,30,0,0
B,2,1102,lasso,1.0,,2404.0309946955203,-1.1441157233750887,1.523270606994629,1.0,0.9666666666666667,0.7435897435897436,0.0,0.0013194832353924514,39,10,10,29,0,1
B,2,1102,lasso,2.0,,2404.175791200337,-1.1430710520501357,1.751378059387207,1.0,0.9666666666666667,0.7435897435897436,0.0,0.0012033657068101812,39,10,10,29,0,1
B,2,1102,lasso,5.0,,2405.2573287680907,-1.140334941561562,1.6823992729187012,1.0,0.9666666666666667,0.7435897435897436,0.0,0.0009117719600863443,39,10,10,29,0,1
B,2,1102,lasso,10.0,,2387.9888445225024,-1.1370348875492395,1.7264094352722168,1.0,0.8666666666666667,0.7222222222222222,0.0,0.0006019282236242565,36,10,10,26,0,4
B,2,1102,lasso,20.0,,2363.4079003726984,-1.134710641540792,1.74471116065979,1.0,0.7,0.6774193548387096,0.0,0.00044611770802274286,31,10,10,21,0,9
B,2,1102,lasso,50.0,,2324.7439728431523,-1.1475642351457631,1.7327220439910889,1.0,0.26666666666666666,0.4444444444444444,0.0,0.003352145716987302,18,10,10,8,0,22
B,2,1102,lasso,100.0,,2332.536905463211,-1.1657013596195707,2.2431583404541016,0.6,0.2,0.5,0.4,0.007932519425653359,12,10,6,6,4,24
B,2,1102,lasso,200.0,,2307.736960826555,-1.1644700166842632,2.2776124477386475,0.6,0.0,0.0,0.4,0.007911690627722314,6,10,6,0,4,30
B,2,1102,enet,1.0,0.5,2403.9996055588,-1.144589514928513,1.524038314819336,1.0,0.9666666666666667,0.7435897435897436,0.0,0.0013718726326204446,39,10,10,29,0,1
B,2,1102,enet,2.0,0.5,2404.0422161043007,-1.1440090218834298,1.527282476425171,1.0,0.9666666666666667,0.7435897435897436,0.0,0.0013054651448339949,39,10,10,29,0,1
B,2,1102,enet,5.0,0.5,2404.368383109906,-1.1423528171394268,1.6553425788879395,1.0,0.9666666666666667,0.7435897435897436,0.0,0.0011209266341918505,39,10,10,29,0,1
B,2,1102,enet,10.0,0.5,2405.5670585875487,-1.1399902603186016,1.7030117511749268,1.0,0.9666666666666667,0.7435897435897436,0.0,0.0008738219582440372,39,10,10,29,0,1
B,2,1102,enet,20.0,0.5,2389.0859971721625,-1.1367993272733175,1.7052838802337646,1.0,0.8666666666666667,0.7222222222222222,0.0,0.0005925615203316551,36,10,10,26,0,4
B,2,1102,enet,50.0,0.5,2361.309015134322,-1.136107553324707,1.8542513847351074,1.0,0.6,0.6428571428571429,0.0,0.0008310363254992326,28,10,10,18,0,12
B,2,1102,enet,100.0,0.5,2342.4738437923775,-1.1524850975762675,1.9087293148040771,1.0,0.26666666666666666,0.4444444444444444,0.0,0.004418700549723242,18,10,10,8,0,22
B,2,1102,enet,200.0,0.5,2333.9807418612386,-1.1653434386952497,2.1530919075012207,0.6,0.2,0.5,0.4,0.007919556471155977,12,10,6,6,4,24
B,4,1104,none,0.0,,5160.82718448856,-2.4606808674407255,3.781287431716919,1.0,1.0,0.75,0.0,0.002258231172620595,40,10,10,30,0,0
B,4,1104,lasso,1.0,,5133.356083493283,-2.4599595909045266,3.8159027099609375,1.0,0.8666666666666667,0.7222222222222222,0.0,0.001974733159436879,36,10,10,26,0,4
B,4,1104,lasso,2.0,,5119.848238218622,-2.4594036925007106,3.855027675628662,1.0,0.8,0.7058823529411765,0.0,0.0017826880516091988,34,10,10,24,0,6
B,4,1104,lasso,5.0,,5107.183730790218,-2.458230244701964,4.747864007949829,1.0,0.7333333333333334,0.6875,0.0,0.0013783218616734122,32,10,10,22,0,8
B,4,1104,lasso,10.0,,5090.238416626727,-2.4577316745839233,3.9206340312957764,1.0,0.6333333333333333,0.6551724137931034,0.0,0.0014490808147374888,29,10,10,19,0,11
B,4,1104,lasso,20.0,,5058.491042114063,-2.4597031508743337,3.45190691947937,1.0,0.4333333333333333,0.5652173913043478,0.0,0.0024505658830938997,23,10,10,13,0,17
B,4,1104,lasso,50.0,,5063.390166848465,-2.482635376671153,3.0580732822418213,1.0,0.23333333333333334,0.4117647058823529,0.0,0.009374141295431989,17,10,10,7,0,23
B,4,1104,lasso,100.0,,5103.140464124378,-2.5392510546164817,2.7821648120880127,0.7,0.06666666666666667,0.2222222222222222,0.3,0.02076834119823567,9,10,7,2,3,28
B,4,1104,lasso,200.0,,5284.229582788003,-2.6279373058601965,2.492859363555908,0.6,0.0,0.0,0.4,0.026545579670235783,6,10,6,0,4,30
B,4,1104,enet,1.0,0.5,5153.989280204636,-2.4603545612571542,3.7576403617858887,1.0,0.9333333333333333,0.7368421052631579,0.0,0.0021020630915843897,38,10,10,28,0,2
B,4,1104,enet,2.0,0.5,5133.212604492061,-2.459674750357052,3.84759259223938,1.0,0.8666666666666667,0.7222222222222222,0.0,0.0019217738639833188,36,10,10,26,0,4
B,4,1104,enet,5.0,0.5,5127.12352620214,-2.4626147956694995,4.9383087158203125,1.0,0.8333333333333334,0.7142857142857143,0.0,0.00239450250272039,35,10,10,25,0,5
B,4,1104,enet,10.0,0.5,5121.730221212379,-2.4588993206892544,4.565243244171143,1.0,0.8,0.7058823529411765,0.0,0.0015477207780226047,34,10,10,24,0,6
B,4,1104,enet,20.0,0.5,5098.979889505649,-2.4591881099817128,3.8215653896331787,1.0,0.6666666666666667,0.6666666666666666,0.0,0.0019376816170186806,30,10,10,20,0,10
B,4,1104,enet,50.0,0.5,5071.840521888707,-2.4673242445243444,3.204414129257202,1.0,0.4333333333333333,0.5652173913043478,0.0,0.004772123877349135,23,10,10,13,0,17
B,4,1104,enet,100.0,0.5,5089.107597371173,-2.495247106349978,2.915396213531494,1.0,0.26666666666666666,0.4444444444444444,0.0,0.012066721824543786,18,10,10,8,0,22
B,4,1104,enet,200.0,0.5,5135.200465274558,-2.5513053742059144,2.7096285820007324,0.7,0.06666666666666667,0.2222222222222222,0.3,0.02219044364305251,9,10,7,2,3,28
B,1,1201,none,0.0,,3908.4622360549547,-1.9024841959045706,0.7777936458587646,1.0,1.0,0.75,0.0,0.0033814161568462703,40,10,10,30,0,0
B,1,1201,lasso,1.0,,3901.6684189338284,-1.900875084312386,0.783543586730957,1.0,0.9666666666666667,0.7435897435897436,0.0,0.003091149240395042,39,10,10,29,0,1
B,1,1201,lasso,2.0,,3902.026025272803,-1.8993427300338204,0.8452541828155518,1.0,0.9666666666666667,0.7435897435897436,0.0,0.00282567006251645,39,10,10,29,0,1
B,1,1201,lasso,5.0,,3869.7871945170514,-1.895302747937401,0.7580804824829102,1.0,0.8,0.7058823529411765,0.0,0.0021702496361916622,34,10,10,24,0,6
B,1,1201,lasso,10.0,,3814.926358377143,-1.8905528170466699,0.8459146022796631,1.0,0.5,0.6,0.0,0.001480458601791805,25,10,10,15,0,15
B,1,1201,lasso,20.0,,3799.551009511462,-1.8853861563290797,1.3604252338409424,1.0,0.30000000000000004,0.47368421052631576,0.0,0.0015003059692168458,19,10,10,9,0,21
B,1,1201,lasso,50.0,,4041.7762996071287,-2.0186248033579957,0.9724805355072021,0.6,0.0,0.0,0.4,0.09861223078093417,6,10,6,0,4,30
B,1,1201,lasso,100.0,,4309.489925554022,-2.1230318204544085,0.5966618061065674,0.4,0.0,0.0,0.6,0.14975688938447757,4,10,4,0,6,30
B,1,1201,lasso,200.0,,4360.003830318262,-2.150799067088032,0.4813363552093506,0.2,0.0,0.0,0.8,0.16403303129164964,2,10,2,0,8,30
B,1,1201,enet,1.0,0.5,3908.5325923779587,-1.9015141857766276,0.7770481109619141,1.0,1.0,0.75,0.0,0.003194419159179824,40,10,10,30,0,0
B,1,1201,enet,2.0,0.5,3901.8017681008673,-1.900586385850705,0.885941743850708,1.0,0.9666666666666667,0.7435897435897436,0.0,0.0030216903626234235,39,10,10,29,0,1
B,1,1201,enet,5.0,0.5,3902.9905944812435,-1.8979861609090227,0.8010261058807373,1.0,0.9666666666666667,0.7435897435897436,0.0,0.00257488350292662,39,10,10,29,0,1
B,1,1201,enet,10.0,0.5,3872.3817930406553,-1.8945023031610047,0.7815761566162109,1.0,0.8,0.7058823529411765,0.0,0.0020684336600792557,34,10,10,24,0,6
B,1,1201,enet,20.0,0.5,3838.8251495971153,-1.890435472605198,0.8571369647979736,1.0,0.5666666666666667,0.6296296296296297,0.0,0.0018722469967203525,27,10,10,17,0,13
B,1,1201,enet,50.0,0.5,3860.108324420709,-1.9131994932004615,0.9766378402709961,1.0,0.1,0.23076923076923078,0.0,0.015444988794480174,13,10,10,3,0,27
B,1,1201,enet,100.0,0.5,4188.39503251503,-2.068008328511031,0.7788369655609131,0.6,0.0,0.0,0.4,0.1228856561568255,6,10,6,0,4,30
B,1,1201,enet,200.0,0.5,4341.687420866896,-2.139502557395215,0.45020246505737305,0.30000000000000004,0.0,0.0,0.7,0.15838063732819388,3,10,3,0,7,30
B,2,1202,none,0.0,,2641.3032264244493,-1.1156057325267492,1.4643816947937012,1.0,1.0,0.75,0.0,0.0016811907921271195,40,10,10,30,0,0
B,2,1202,lasso,1.0,,2641.4734848298904,-1.1150507511987628,1.3999903202056885,1.0,1.0,0.75,0.0,0.0015971963319700955,40,10,10,30,0,0
B,2,1202,lasso,2.0,,2641.652713489535,-1.1145089169539368,1.4201090335845947,1.0,1.0,0.75,0.0,0.0015186613327951273,40,10,10,30,0,0
B,2,1202,lasso,5.0,,2608.143978551768,-1.1130252019844904,1.5104119777679443,1.0,0.8333333333333333,0.7142857142857143,0.0,0.0013450514390436121,35,10,10,25,0,5
B,2,1202,lasso,10.0,,2575.965314574928,-1.1112184073706475,1.5555431842803955,1.0,0.6333333333333333,0.6551724137931034,0.0,0.0011846534312073757,29,10,10,19,0,11
B,2,1202,lasso,20.0,,2563.3043419861156,-1.109923573045429,1.716679573059082,1.0,0.5666666666666667,0.6296296296296297,0.0,0.0011015388405499558,27,10,10,17,0,13
B,2,1202,lasso,50.0,,2520.369526327406,-1.1215570504787473,1.6718175411224365,0.9,0.16666666666666666,0.35714285714285715,0.1,0.0029104801849619676,14,10,9,5,1,25
B,2,1202,lasso,100.0,,2530.6074685840504,-1.137183254010481,1.7079448699951172,0.7,0.03333333333333333,0.125,0.3,0.006047594498784531,8,10,7,1,3,29
B,2,1202,lasso,200.0,,2568.7281172691164,-1.1598253859317742,2.162351369857788,0.6,0.0,0.0,0.4,0.007989271654946242,6,10,6,0,4,30
B,2,1202,enet,1.0,0.5,2641.321768615484,-1.1152684778880113,1.428853988647461,1.0,1.0,0.75,0.0,0.0016318823283692349,40,10,10,30,0,0
B,2,1202,enet,2.0,0.5,2641.4842867793486,-1.11497881973847,1.4138689041137695,1.0,1.0,0.75,0.0,0.0015871953596188143,40,10,10,30,0,0
B,2,1202,enet,5.0,0.5,2641.852998852278,-1.1141052467396126,1.4284312725067139,1.0,1.0,0.75,0.0,0.0014613522816316934,40,10,10,30,0,0
B,2,1202,enet,10.0,0.5,2608.3763123436224,-1.112806193107916,1.6347863674163818,1.0,0.8333333333333333,0.7142857142857143,0.0,0.0013149287465163834,35,10,10,25,0,5
B,2,1202,enet,20.0,0.5,2576.8077586458553,-1.110995813950366,1.578139066696167,1.0,0.6333333333333333,0.6551724137931034,0.0,0.0011563784962982037,29,10,10,19,0,11
B,2,1202,enet,50.0,0.5,2552.975111580449,-1.1112032736794808,1.666365385055542,1.0,0.4666666666666667,0.5833333333333334,0.0,0.001318196979011261,24,10,10,14,0,16
B,2,1202,enet,100.0,0.5,2528.6851391256714,-1.1240936824390086,2.420322895050049,0.9,0.16666666666666666,0.35714285714285715,0.1,0.003396883468361529,14,10,9,5,1,25
B,2,1202,enet,200.0,0.5,2539.267612338484,-1.1405653297372513,1.8778042793273926,0.7,0.03333333333333333,0.125,0.3,0.006462974583120307,8,10,7,1,3,29
B,4,1204,none,0.0,,5119.576592988749,-2.4417365234622004,5.259208917617798,1.0,1.0,0.75,0.0,0.004741109908924695,40,10,10,30,0,0
B,4,1204,lasso,1.0,,5112.807712762507,-2.439662009407533,5.203528881072998,1.0,0.9666666666666667,0.7435897435897436,0.0,0.004522946723492187,39,10,10,29,0,1
B,4,1204,lasso,2.0,,5113.107019755664,-2.43692755679853,5.198515176773071,1.0,0.9666666666666667,0.7435897435897436,0.0,0.00419908909387139,39,10,10,29,0,1
B,4,1204,lasso,5.0,,5122.077648812138,-2.429774497725088,5.1854894161224365,1.0,1.0,0.75,0.0,0.0033709749265216898,40,10,10,30,0,0
B,4,1204,lasso,10.0,,5085.544555688241,-2.423389043716954,4.776723146438599,1.0,0.8,0.7058823529411765,0.0,0.0028188466363342746,34,10,10,24,0,6
B,4,1204,lasso,20.0,,5071.702410276983,-2.418581574004018,4.402597665786743,1.0,0.6666666666666667,0.6666666666666666,0.0,0.002886382813448537,30,10,10,20,0,10
B,4,1204,lasso,50.0,,5027.327886235267,-2.4246605482060595,3.9697792530059814,1.0,0.23333333333333334,0.4117647058823529,0.0,0.005614177775217554,17,10,10,7,0,23
B,4,1204,lasso,100.0,,5092.5868856371135,-2.461547799681157,3.1555335521698,1.0,0.06666666666666667,0.16666666666666666,0.0,0.0134980892510951,12,10,10,2,0,28
B,4,1204,lasso,200.0,,5273.454182375546,-2.5570015431951574,3.220729351043701,0.7,0.0,0.0,0.3,0.02434273132331424,7,10,7,0,3,30
B,4,1204,enet,1.0,0.5,5119.648584009524,-2.4409426747872134,5.206160545349121,1.0,1.0,0.75,0.0,0.004683280770593146,40,10,10,30,0,0
B,4,1204,enet,2.0,0.5,5112.866295119964,-2.4392584065616,5.199221611022949,1.0,0.9666666666666667,0.7435897435897436,0.0,0.004494649193275509,39,10,10,29,0,1
B,4,1204,enet,5.0,0.5,5120.484965472341,-2.434803167003358,5.16403603553772,1.0,1.0,0.75,0.0,0.0040057067002237925,40,10,10,30,0,0
B,4,1204,enet,10.0,0.5,5122.868169768164,-2.4285720884698394,4.911311388015747,1.0,1.0,0.75,0.0,0.0033625847863967685,40,10,10,30,0,0
B,4,1204,enet,20.0,0.5,5087.467886633932,-2.422927245104942,4.662305593490601,1.0,0.8,0.7058823529411765,0.0,0.002968030205253266,34,10,10,24,0,6
B,4,1204,enet,50.0,0.5,5063.884411119613,-2.4204171332856994,4.326030254364014,1.0,0.5666666666666667,0.6296296296296297,0.0,0.003962288402146108,27,10,10,17,0,13
B,4,1204,enet,100.0,0.5,5057.697091478344,-2.4316843834402433,3.9298882484436035,1.0,0.26666666666666666,0.4444444444444444,0.0,0.007291177369576931,18,10,10,8,0,22
B,4,1204,enet,200.0,0.5,5128.026389584022,-2.4786521629338543,3.236574649810791,0.9,0.06666666666666667,0.18181818181818182,0.1,0.015784683013595258,11,10,9,2,1,28
B,1,1301,none,0.0,,4003.401156313495,-1.9678214138369272,0.7318704128265381,1.0,1.0,0.75,0.0,0.004728719944792387,40,10,10,30,0,0
B,1,1301,lasso,1.0,,3990.018176058089,-1.9658145013310357,0.6999773979187012,1.0,0.9333333333333333,0.7368421052631579,0.0,0.004189416032733805,38,10,10,28,0,2
B,1,1301,lasso,2.0,,3976.794657030534,-1.9640151776006922,0.6831293106079102,1.0,0.8666666666666667,0.7222222222222222,0.0,0.0037657914506043903,36,10,10,26,0,4
B,1,1301,lasso,5.0,,3952.590644955841,-1.9595506110998613,0.723059892654419,1.0,0.7333333333333334,0.6875,0.0,0.002748189858610627,32,10,10,22,0,8
B,1,1301,lasso,10.0,,3927.278508684026,-1.954261918568137,0.7400271892547607,1.0,0.5666666666666667,0.6296296296296297,0.0,0.0018592457229255413,27,10,10,17,0,13
B,1,1301,lasso,20.0,,3865.158675004746,-1.9533575127749632,0.8248167037963867,1.0,0.13333333333333333,0.2857142857142857,0.0,0.002478177289136721,14,10,10,4,0,26
B,1,1301,lasso,50.0,,4157.0333222059935,-2.078287099561023,0.6869697570800781,0.7,0.0,0.0,0.3,0.0941037886076566,7,10,7,0,3,30
B,1,1301,lasso,100.0,,4378.8189424747625,-2.2021217670505004,0.5561251640319824,0.2,0.0,0.0,0.8,0.16155601461423647,2,10,2,0,8,30
B,1,1301,lasso,200.0,,4378.980534542016,-2.202168539037462,0.49588799476623535,0.2,0.0,0.0,0.8,0.16165301848799457,2,10,2,0,8,30
B,1,1301,enet,1.0,0.5,4003.5240552725154,-1.9667009109830065,0.7262303829193115,1.0,1.0,0.75,0.0,0.004432417255644304,40,10,10,30,0,0
B,1,1301,enet,2.0,0.5,3990.204095203726,-1.9655832092910286,0.6872701644897461,1.0,0.9333333333333333,0.7368421052631579,0.0,0.004089147636574289,38,10,10,28,0,2
B,1,1301,enet,5.0,0.5,3978.104123105416,-1.9627924087786308,0.8485791683197021,1.0,0.8666666666666667,0.7222222222222222,0.0,0.0033804144732788883,36,10,10,26,0,4
B,1,1301,enet,10.0,0.5,3955.7890568674316,-1.9594950655066254,0.7032074928283691,1.0,0.7333333333333334,0.6875,0.0,0.0026077764655082257,32,10,10,22,0,8
B,1,1301,enet,20.0,0.5,3939.4284935101005,-1.9565418560798016,0.7708389759063721,1.0,0.5666666666666667,0.6296296296296297,0.0,0.0024860980031442314,27,10,10,17,0,13
B,1,1301,enet,50.0,0.5,3960.1199364804197,-1.9935703457377094,0.7674875259399414,1.0,0.03333333333333333,0.09090909090909091,0.0,0.022244557985186722,11,10,10,1,0,29
B,1,1301,enet,100.0,0.5,4325.3892631306035,-2.157761499123666,0.3506457805633545,0.5,0.0,0.0,0.5,0.1391560694336158,5,10,5,0,5,30
B,1,1301,enet,200.0,0.5,4378.849895963042,-2.2021325092901654,0.7436764240264893,0.2,0.0,0.0,0.8,0.16159325032243751,2,10,2,0,8,30
B,2,1302,none,0.0,,2436.480320946709,-1.1634800238561527,1.83658766746521,1.0,1.0,0.75,0.0,0.0016655544890896246,40,10,10,30,0,0
B,2,1302,lasso,1.0,,2429.6236140129204,-1.1630862934839248,1.6454498767852783,1.0,0.9666666666666667,0.7435897435897436,0.0,0.0016123765410251659,39,10,10,29,0,1
B,2,1302,lasso,2.0,,2422.855211901473,-1.1626954147007622,1.6937875747680664,1.0,0.9333333333333333,0.7368421052631579,0.0,0.0015654856779261665,38,10,10,28,0,2
B,2,1302,lasso,5.0,,2423.7219436201385,-1.1612691824790213,1.733186960220337,1.0,0.9333333333333333,0.7368421052631579,0.0,0.0014512111536535064,38,10,10,28,0,2
B,2,1302,lasso,10.0,,2419.9197305615144,-1.1593754931076943,1.9329206943511963,1.0,0.9,0.7297297297297297,0.0,0.00135405592806018,37,10,10,27,0,3
B,2,1302,lasso,20.0,,2373.216970503776,-1.1565303035321326,2.0630321502685547,1.0,0.6333333333333333,0.6551724137931034,0.0,0.0014789166031180154,29,10,10,19,0,11
B,2,1302,lasso,50.0,,2372.3823560768947,-1.1618578986196824,1.981323480606079,1.0,0.43333333333333335,0.5652173913043478,0.0,0.003780977389009122,23,10,10,13,0,17
B,2,1302,lasso,100.0,,2357.4622092304267,-1.1782404458455271,1.9392058849334717,0.6,0.2,0.5,0.4,0.007915840185504347,12,10,6,6,4,24
B,2,1302,lasso,200.0,,2348.871137588314,-1.1863143530322022,1.9123833179473877,0.6,0.06666666666666667,0.25,0.4,0.00798317712188064,8,10,6,2,4,28
B,2,1302,enet,1.0,0.5,2436.497600094098,-1.1632767953780303,1.8145744800567627,1.0,1.0,0.75,0.0,0.0016373632620406908,40,10,10,30,0,0
B,2,1302,enet,2.0,0.5,2429.6351375369654,-1.1630935948556103,1.6292481422424316,1.0,0.9666666666666667,0.7435897435897436,0.0,0.0016114592033022782,39,10,10,29,0,1
B,2,1302,enet,5.0,0.5,2423.0081235510625,-1.1624287656898336,1.6924006938934326,1.0,0.9333333333333333,0.7368421052631579,0.0,0.0015410463958191575,38,10,10,28,0,2
B,2,1302,enet,10.0,0.5,2423.9290515796274,-1.1613181466910578,1.8379833698272705,1.0,0.9333333333333333,0.7368421052631579,0.0,0.0014567614169577177,38,10,10,28,0,2
B,2,1302,enet,20.0,0.5,2420.6232343110287,-1.1596669080803634,1.8807792663574219,1.0,0.9,0.7297297297297297,0.0,0.001397212187850603,37,10,10,27,0,3
B,2,1302,enet,50.0,0.5,2366.8913513455,-1.1572917296939431,2.09659743309021,1.0,0.5666666666666667,0.6296296296296297,0.0,0.0018550427468545338,27,10,10,17,0,13
B,2,1302,enet,100.0,0.5,2378.866786091652,-1.1648995763957417,1.9957671165466309,1.0,0.43333333333333335,0.5652173913043478,0.0,0.004341378203143522,23,10,10,13,0,17
B,2,1302,enet,200.0,0.5,2359.0037663610487,-1.1792802766113337,1.8135592937469482,0.6,0.2,0.5,0.4,0.007923051696795018,12,10,6,6,4,24
B,4,1304,none,0.0,,5050.113119627504,-2.461186131835161,7.444235801696777,1.0,1.0,0.75,0.0,0.0026337820254080224,40,10,10,30,0,0
B,4,1304,lasso,1.0,,5043.208161919368,-2.4587502598813784,7.225552558898926,1.0,0.9666666666666667,0.7435897435897436,0.0,0.002257380069290808,39,10,10,29,0,1
B,4,1304,lasso,2.0,,5043.5778519716405,-2.4578369601004053,6.991029500961304,1.0,0.9666666666666667,0.7435897435897436,0.0,0.0022909190799938438,39,10,10,29,0,1
B,4,1304,lasso,5.0,,5037.849043291075,-2.4530788434550823,6.758381128311157,1.0,0.9333333333333333,0.7368421052631579,0.0,0.00156217968834579,38,10,10,28,0,2
B,4,1304,lasso,10.0,,5000.237035284691,-2.447364455673881,6.337604999542236,1.0,0.7333333333333334,0.6875,0.0,0.0009946714773222595,32,10,10,22,0,8
B,4,1304,lasso,20.0,,4976.463515666564,-2.440706604727183,5.7490715980529785,1.0,0.5666666666666667,0.6296296296296297,0.0,0.0009211790682418125,27,10,10,17,0,13
B,4,1304,lasso,50.0,,4959.115709733316,-2.441412352582539,4.5791778564453125,1.0,0.3,0.47368421052631576,0.0,0.0036254943994215054,19,10,10,9,0,21
B,4,1304,lasso,100.0,,5039.7951095440585,-2.474420985693347,3.4915409088134766,1.0,0.13333333333333333,0.2857142857142857,0.0,0.013466208739782633,14,10,10,4,0,26
B,4,1304,lasso,200.0,,5271.943970652746,-2.5740636324555157,4.706700801849365,0.6,0.03333333333333333,0.14285714285714285,0.4,0.027403178360274217,7,10,6,1,4,29
B,4,1304,enet,1.0,0.5,5050.059712392,-2.459750250274814,7.505757570266724,1.0,1.0,0.75,0.0,0.002422861193274907,40,10,10,30,0,0
B,4,1304,enet,2.0,0.5,5043.234892741848,-2.45855517909609,7.2394514083862305,1.0,0.9666666666666667,0.7435897435897436,0.0,0.002213216996853681,39,10,10,29,0,1
B,4,1304,enet,5.0,0.5,5037.042526920771,-2.456634293281796,6.981246471405029,1.0,0.9333333333333333,0.7368421052631579,0.0,0.0017845799304209715,38,10,10,28,0,2
B,4,1304,enet,10.0,0.5,5024.814394404748,-2.45312045511598,6.616906642913818,1.0,0.8666666666666667,0.7222222222222222,0.0,0.0014526447360206519,36,10,10,26,0,4
B,4,1304,enet,20.0,0.5,4995.381377163413,-2.4476172817951265,6.298793315887451,1.0,0.6666666666666667,0.6666666666666666,0.0,0.0010229821499284078,30,10,10,20,0,10
B,4,1304,enet,50.0,0.5,4982.698325229271,-2.441270679008668,5.108764410018921,1.0,0.5333333333333333,0.6153846153846154,0.0,0.0018872623564140823,26,10,10,16,0,14
B,4,1304,enet,100.0,0.5,4981.564620683615,-2.448948855230018,3.895268440246582,1.0,0.3,0.47368421052631576,0.0,0.005747449025553718,19,10,10,9,0,21
B,4,1304,enet,200.0,0.5,5082.567324312761,-2.492501341823063,3.708256483078003,1.0,0.1,0.23076923076923078,0.0,0.016612943530095122,13,10,10,3,0,27
B,1,1401,none,0.0,,4047.4938627269594,-1.9207233469091194,0.6639509201049805,1.0,1.0,0.75,0.0,0.002834525578819477,40,10,10,30,0,0
B,1,1401,lasso,1.0,,4033.906257627131,-1.919777480575023,0.6712524890899658,1.0,0.9333333333333333,0.7368421052631579,0.0,0.00249041032755146,38,10,10,28,0,2
B,1,1401,lasso,2.0,,4034.526964895138,-1.9191133745641205,0.6984589099884033,1.0,0.9333333333333333,0.7368421052631579,0.0,0.0022119844295277152,38,10,10,28,0,2
B,1,1401,lasso,5.0,,4010.980845672297,-1.918714520397528,0.683222770690918,1.0,0.8,0.7058823529411765,0.0,0.0017886242568574992,34,10,10,24,0,6
B,1,1401,lasso,10.0,,3952.0949102331497,-1.9210048118415672,0.6592252254486084,1.0,0.4666666666666667,0.5833333333333334,0.0,0.002309820637337688,24,10,10,14,0,16
B,1,1401,lasso,20.0,,3930.5083817590485,-1.9317595985321914,0.6554868221282959,1.0,0.23333333333333334,0.4117647058823529,0.0,0.006618402893937004,17,10,10,7,0,23
B,1,1401,lasso,50.0,,4191.230818491843,-2.118490433141739,0.8462214469909668,0.6,0.0,0.0,0.4,0.11584535280123698,6,10,6,0,4,30
B,1,1401,lasso,100.0,,4325.5271628854725,-2.187892419902315,1.1401643753051758,0.2,0.0,0.0,0.8,0.16129186197744655,2,10,2,0,8,30
B,1,1401,lasso,200.0,,4325.959439040228,-2.1881043553744677,1.1381118297576904,0.2,0.0,0.0,0.8,0.16138961669491766,2,10,2,0,8,30
B,1,1401,enet,1.0,0.5,4033.808361991807,-1.9202645995999474,0.6746270656585693,1.0,0.9333333333333333,0.7368421052631579,0.0,0.0026660836809254723,38,10,10,28,0,2
B,1,1401,enet,2.0,0.5,4034.0951794150237,-1.9198986963871387,0.6852021217346191,1.0,0.9333333333333333,0.7368421052631579,0.0,0.0025310744764863186,38,10,10,28,0,2
B,1,1401,enet,5.0,0.5,4035.9491946329945,-1.919478920211336,0.6984376907348633,1.0,0.9333333333333333,0.7368421052631579,0.0,0.0023075270058565776,38,10,10,28,0,2
B,1,1401,enet,10.0,0.5,4014.633494684784,-1.921052884212769,0.6614429950714111,1.0,0.8,0.7058823529411765,0.0,0.0025744645607117364,34,10,10,24,0,6
B,1,1401,enet,20.0,0.5,3950.943842307003,-1.9296225189303446,0.6598150730133057,1.0,0.4,0.5454545454545454,0.0,0.005328409983240971,22,10,10,12,0,18
B,1,1401,enet,50.0,0.5,4019.9669311308694,-1.9966287489590564,1.2874765396118164,1.0,0.1,0.23076923076923078,0.0,0.03762375030654144,13,10,10,3,0,27
B,1,1401,enet,100.0,0.5,4259.705604930379,-2.157368991564778,0.6319301128387451,0.4,0.0,0.0,0.6,0.13803040002455016,4,10,4,0,6,30
B,1,1401,enet,200.0,0.5,4325.661551107102,-2.1879388303577856,1.6102795600891113,0.2,0.0,0.0,0.8,0.16134782660133443,2,10,2,0,8,30
B,2,1402,none,0.0,,2325.83204513594,-1.1565673335573086,1.5200700759887695,1.0,1.0,0.75,0.0,0.0017473117908033404,40,10,10,30,0,0
B,2,1402,lasso,1.0,,2325.912626171346,-1.1554468670748472,1.4767355918884277,1.0,1.0,0.75,0.0,0.0016034075344294409,40,10,10,30,0,0
B,2,1402,lasso,2.0,,2319.2078259413984,-1.154489468671602,1.635941982269287,1.0,0.9666666666666667,0.7435897435897436,0.0,0.0014851710338930422,39,10,10,29,0,1
B,2,1402,lasso,5.0,,2306.7814760747333,-1.152164546201779,1.6078882217407227,1.0,0.9,0.7297297297297297,0.0,0.0012028824577076552,37,10,10,27,0,3
B,2,1402,lasso,10.0,,2268.873721440916,-1.1505181723575393,1.5629634857177734,1.0,0.7,0.6774193548387096,0.0,0.000951331819232704,31,10,10,21,0,9
B,2,1402,lasso,20.0,,2243.373519547337,-1.1503180967755904,1.5066721439361572,1.0,0.5333333333333333,0.6153846153846154,0.0,0.0009564876887434975,26,10,10,16,0,14
B,2,1402,lasso,50.0,,2226.2692465869522,-1.1605953229709822,1.502328872680664,0.9,0.26666666666666666,0.47058823529411764,0.1,0.0028899695236708333,17,10,9,8,1,22
B,2,1402,lasso,100.0,,2219.382528338486,-1.1853344235676444,1.5064277648925781,0.6,0.06666666666666667,0.25,0.4,0.007892422724394043,8,10,6,2,4,28
B,2,1402,lasso,200.0,,2222.5652135296737,-1.1896422829823075,1.8383183479309082,0.6,0.0,0.0,0.4,0.007918801865068374,6,10,6,0,4,30
B,2,1402,enet,1.0,0.5,2325.855343042383,-1.1559471051261148,1.493107795715332,1.0,1.0,0.75,0.0,0.0016669762596373317,40,10,10,30,0,0
B,2,1402,enet,2.0,0.5,2325.9258416648445,-1.1553719307191554,1.587853193283081,1.0,1.0,0.75,0.0,0.0015920971742582632,40,10,10,30,0,0
B,2,1402,enet,5.0,0.5,2319.4330855559588,-1.153897864396361,1.659914493560791,1.0,0.9666666666666667,0.7435897435897436,0.0,0.0014095036712990189,39,10,10,29,0,1
B,2,1402,enet,10.0,0.5,2307.056596282242,-1.1519827897369317,1.5714185237884521,1.0,0.9,0.7297297297297297,0.0,0.001175730578417951,37,10,10,27,0,3
B,2,1402,enet,20.0,0.5,2269.713953221726,-1.150244712983874,1.6742589473724365,1.0,0.7,0.6774193548387096,0.0,0.0009329742445652597,31,10,10,21,0,9
B,2,1402,enet,50.0,0.5,2253.3618996862992,-1.152781550438157,1.5331907272338867,1.0,0.5333333333333333,0.6153846153846154,0.0,0.0013791375755908765,26,10,10,16,0,14
B,2,1402,enet,100.0,0.5,2236.234389515328,-1.1644832729889205,1.61561918258667,0.9,0.26666666666666666,0.47058823529411764,0.1,0.0036454047940801355,17,10,9,8,1,22
B,2,1402,enet,200.0,0.5,2220.73600129603,-1.1855661051812088,1.540586233139038,0.6,0.06666666666666667,0.25,0.4,0.007894073297167554,8,10,6,2,4,28
B,4,1404,none,0.0,,4987.412488656566,-2.460696561470036,7.832072973251343,1.0,1.0,0.75,0.0,0.008476861403327563,40,10,10,30,0,0
B,4,1404,lasso,1.0,,4980.400455611875,-2.4626570740716587,8.530819654464722,1.0,0.9666666666666667,0.7435897435897436,0.0,0.008376613456237126,39,10,10,29,0,1
B,4,1404,lasso,2.0,,4981.431442531453,-2.459667081460241,8.145008563995361,1.0,0.9666666666666667,0.7435897435897436,0.0,0.007176214832921768,39,10,10,29,0,1
B,4,1404,lasso,5.0,,4970.978581251344,-2.4511261974709013,6.9488914012908936,1.0,0.9,0.7297297297297297,0.0,0.0043858663023212206,37,10,10,27,0,3
B,4,1404,lasso,10.0,,4943.874938038348,-2.4462691313529357,5.750777959823608,1.0,0.7333333333333334,0.6875,0.0,0.002843309025071185,32,10,10,22,0,8
B,4,1404,lasso,20.0,,4890.241400869503,-2.4555139274711775,5.017528772354126,1.0,0.39999999999999997,0.5454545454545454,0.0,0.0036227263158371817,22,10,10,12,0,18
B,4,1404,lasso,50.0,,4915.162056627534,-2.5234407230854,4.296508073806763,0.8,0.3,0.5294117647058824,0.2,0.012412608593278942,17,10,8,9,2,21
B,4,1404,lasso,100.0,,4968.807982144927,-2.6077075765050886,3.5335800647735596,0.7,0.13333333333333333,0.36363636363636365,0.3,0.022711922863157298,11,10,7,4,3,26
B,4,1404,lasso,200.0,,4985.17068645792,-2.628734996798586,5.551125526428223,0.6,0.0,0.0,0.4,0.024747600211426354,6,10,6,0,4,30
B,4,1404,enet,1.0,0.5,4987.401199872089,-2.4616745985068906,8.793784856796265,1.0,1.0,0.75,0.0,0.008287119736281953,40,10,10,30,0,0
B,4,1404,enet,2.0,0.5,4980.644274383221,-2.462064675912954,8.328527450561523,1.0,0.9666666666666667,0.7435897435897436,0.0,0.00813809351894547,39,10,10,29,0,1
B,4,1404,enet,5.0,0.5,4975.376684715778,-2.4580560716978317,7.401856422424316,1.0,0.9333333333333333,0.7368421052631579,0.0,0.006466578841492626,38,10,10,28,0,2
B,4,1404,enet,10.0,0.5,4965.062965552124,-2.4510195414372755,6.470939636230469,1.0,0.8666666666666667,0.7222222222222222,0.0,0.004152697882846039,36,10,10,26,0,4
B,4,1404,enet,20.0,0.5,4946.198202684676,-2.4501137286927444,5.497116565704346,1.0,0.7333333333333334,0.6875,0.0,0.0031924824569306903,32,10,10,22,0,8
B,4,1404,enet,50.0,0.5,4893.4823689376335,-2.478298437916126,4.660125255584717,1.0,0.3333333333333333,0.5,0.0,0.006140503207522617,20,10,10,10,0,20
B,4,1404,enet,100.0,0.5,4932.674044552861,-2.540514071499639,3.6077816486358643,0.8,0.3,0.5294117647058824,0.2,0.014215683545172246,17,10,8,9,2,21
B,4,1404,enet,200.0,0.5,4979.541377644661,-2.6191925063391506,4.107706308364868,0.6,0.13333333333333333,0.4,0.4,0.024193537301088964,10,10,6,4,4,26
B,1,1501,none,0.0,,4031.47791160813,-1.8848500490318145,0.7731513977050781,1.0,1.0,0.75,0.0,0.0024656587276430386,40,10,10,30,0,0
B,1,1501,lasso,1.0,,4018.0109662100863,-1.8829624763453225,0.7345166206359863,1.0,0.9333333333333333,0.7368421052631579,0.0,0.0021526944941675664,38,10,10,28,0,2
B,1,1501,lasso,2.0,,4011.5867020756596,-1.8817648420682205,0.7636935710906982,1.0,0.9,0.7297297297297297,0.0,0.0019065383782294434,37,10,10,27,0,3
B,1,1501,lasso,5.0,,3966.038009475298,-1.8788818418653441,0.7769944667816162,1.0,0.6666666666666667,0.6666666666666666,0.0,0.0014501101028371176,30,10,10,20,0,10
B,1,1501,lasso,10.0,,3932.4240973113388,-1.8760562740652995,0.775066614151001,1.0,0.4666666666666667,0.5833333333333334,0.0,0.001233951221395612,24,10,10,14,0,16
B,1,1501,lasso,20.0,,3907.0411327912534,-1.881166187672359,0.7177166938781738,1.0,0.16666666666666666,0.3333333333333333,0.0,0.003718203348850491,15,10,10,5,0,25
B,1,1501,lasso,50.0,,4115.745185880697,-2.0018163446612784,0.9911186695098877,0.7,0.0,0.0,0.3,0.09590956192716596,7,10,7,0,3,30
B,1,1501,lasso,100.0,,4422.214369666939,-2.165256518882843,0.3943655490875244,0.30000000000000004,0.0,0.0,0.7,0.1633867191655604,3,10,3,0,7,30
B,1,1501,lasso,200.0,,4420.618643469276,-2.1674625243041907,0.4298570156097412,0.2,0.0,0.0,0.8,0.16457117579611302,2,10,2,0,8,30
B,1,1501,enet,1.0,0.5,4017.7595504875894,-1.8839983366853381,0.7951521873474121,1.0,0.9333333333333333,0.7368421052631579,0.0,0.00228946693038716,38,10,10,28,0,2
B,1,1501,enet,2.0,0.5,4018.215497110112,-1.8829297288235418,0.7538731098175049,1.0,0.9333333333333333,0.7368421052631579,0.0,0.0021370725848680917,38,10,10,28,0,2
B,1,1501,enet,5.0,0.5,4012.872337430684,-1.881377320992515,0.8432366847991943,1.0,0.9,0.7297297297297297,0.0,0.0018300657857996542,37,10,10,27,0,3
B,1,1501,enet,10.0,0.5,3975.7666425272887,-1.8797704296197402,0.8061420917510986,1.0,0.7,0.6774193548387096,0.0,0.0016974723735663244,31,10,10,21,0,9
B,1,1501,enet,20.0,0.5,3954.8640970803035,-1.8813003945173215,0.7768054008483887,1.0,0.5,0.6,0.0,0.0032211369130158247,25,10,10,15,0,15
B,1,1501,enet,50.0,0.5,3984.6115604947154,-1.9294586488800234,0.9558720588684082,1.0,0.06666666666666667,0.16666666666666666,0.0,0.02996163342403315,12,10,10,2,0,28
B,1,1501,enet,100.0,0.5,4314.424259556269,-2.103828376769843,0.5479352474212646,0.6,0.0,0.0,0.4,0.13257602495378001,6,10,6,0,4,30
B,1,1501,enet,200.0,0.5,4427.20846558882,-2.167383267671333,0.7104136943817139,0.30000000000000004,0.0,0.0,0.7,0.16460169575138478,3,10,3,0,7,30
B,2,1502,none,0.0,,2542.644582342399,-1.172450512865251,1.7820844650268555,1.0,1.0,0.75,0.0,0.0009439787008437345,40,10,10,30,0,0
B,2,1502,lasso,1.0,,2535.776119641624,-1.1718786913550823,1.5685622692108154,1.0,0.9666666666666667,0.7435897435897436,0.0,0.0008797460768757221,39,10,10,29,0,1
B,2,1502,lasso,2.0,,2529.0216802423256,-1.171546589648671,1.6360259056091309,1.0,0.9333333333333333,0.7368421052631579,0.0,0.0008298894951586319,38,10,10,28,0,2
B,2,1502,lasso,5.0,,2523.0480283939096,-1.1704837701014137,1.596998929977417,1.0,0.9,0.7297297297297297,0.0,0.0007197481042511759,37,10,10,27,0,3
B,2,1502,lasso,10.0,,2484.2665623656458,-1.1692407309634152,1.5865490436553955,1.0,0.7,0.6774193548387096,0.0,0.0006609035600868674,31,10,10,21,0,9
B,2,1502,lasso,20.0,,2463.894691864859,-1.1688268592743722,1.6941981315612793,1.0,0.5666666666666667,0.6296296296296297,0.0,0.0008326499062360188,27,10,10,17,0,13
B,2,1502,lasso,50.0,,2441.419837595916,-1.1761642405271564,1.7762725353240967,0.9,0.3333333333333333,0.5263157894736842,0.1,0.0029538510398906797,19,10,9,10,1,20
B,2,1502,lasso,100.0,,2487.8681836224446,-1.190626083765926,2.2588818073272705,0.7,0.26666666666666666,0.5333333333333333,0.3,0.007943387914790809,15,10,7,8,3,22
B,2,1502,lasso,200.0,,2472.9759443233806,-1.1971097230278933,2.2989587783813477,0.6,0.1,0.3333333333333333,0.4,0.008013347629354644,9,10,6,3,4,27
B,2,1502,enet,1.0,0.5,2542.645273802132,-1.1720672219816497,1.6084527969360352,1.0,1.0,0.75,0.0,0.00090704915950976,40,10,10,30,0,0
B,2,1502,enet,2.0,0.5,2535.7854149653913,-1.1718406198805082,1.5830659866333008,1.0,0.9666666666666667,0.7435897435897436,0.0,0.0008771503066975199,39,10,10,29,0,1
B,2,1502,enet,5.0,0.5,2529.18458919725,-1.171208459990912,1.5862469673156738,1.0,0.9333333333333333,0.7368421052631579,0.0,0.0007999738582638719,38,10,10,28,0,2
B,2,1502,enet,10.0,0.5,2523.2458311139644,-1.1703645376692111,1.6032342910766602,1.0,0.8666666666666667,0.7222222222222222,0.0,0.0007198853859506976,36,10,10,26,0,4
B,2,1502,enet,20.0,0.5,2484.9479059212485,-1.169137449505997,1.6278178691864014,1.0,0.7,0.6774193548387096,0.0,0.0006855023722951392,31,10,10,21,0,9
B,2,1502,enet,50.0,0.5,2451.2912211493,-1.170020721087433,1.885918378829956,1.0,0.4666666666666667,0.5833333333333334,0.0,0.0012519649282485296,24,10,10,14,0,16
B,2,1502,enet,100.0,0.5,2450.4418946556457,-1.1777800487270997,1.7864046096801758,0.9,0.3333333333333333,0.5263157894736842,0.1,0.0035407154349223545,19,10,9,10,1,20
B,2,1502,enet,200.0,0.5,2482.482768997674,-1.1914206745350555,2.5391111373901367,0.6,0.26666666666666666,0.5714285714285714,0.4,0.007965820103019808,14,10,6,8,4,22
B,4,1504,none,0.0,,5094.985363258902,-2.4696070576138927,5.265031099319458,1.0,1.0,0.75,0.0,0.0031745000662835744,40,10,10,30,0,0
B,4,1504,lasso,1.0,,5096.432131095929,-2.464074893704001,4.948813438415527,1.0,1.0,0.75,0.0,0.0022507559660428188,40,10,10,30,0,0
B,4,1504,lasso,2.0,,5097.363288394443,-2.4599701861588783,4.829922676086426,1.0,1.0,0.75,0.0,0.0017822384446746107,40,10,10,30,0,0
B,4,1504,lasso,5.0,,5064.999697996261,-2.4534799253740256,4.668795585632324,1.0,0.8333333333333333,0.7142857142857143,0.0,0.001292457654376466,35,10,10,25,0,5
B,4,1504,lasso,10.0,,5027.493066469284,-2.449501269216825,4.1658525466918945,1.0,0.6333333333333333,0.6551724137931034,0.0,0.0011699359965455973,29,10,10,19,0,11
B,4,1504,lasso,20.0,,5025.616297224907,-2.4481123554760758,3.5186984539031982,1.0,0.5666666666666667,0.6296296296296297,0.0,0.0017310479482448649,27,10,10,17,0,13
B,4,1504,lasso,50.0,,5003.319039952196,-2.4706086984873745,3.058720350265503,1.0,0.23333333333333334,0.4117647058823529,0.0,0.007514494697905187,17,10,10,7,0,23
B,4,1504,lasso,100.0,,5071.331483816103,-2.5521228588969507,2.720968008041382,0.9,0.03333333333333333,0.1,0.1,0.02067585315237039,10,10,9,1,1,29
B,4,1504,lasso,200.0,,5197.552192237016,-2.6573760734627205,2.8518757820129395,0.6,0.0,0.0,0.4,0.029953007679023494,6,10,6,0,4,30
B,4,1504,enet,1.0,0.5,5095.725436127327,-2.4648982671352786,5.0717692375183105,1.0,1.0,0.75,0.0,0.0025632582474170254,40,10,10,30,0,0
B,4,1504,enet,2.0,0.5,5096.502819597863,-2.463649910331748,4.99959135055542,1.0,1.0,0.75,0.0,0.0022007292978419805,40,10,10,30,0,0
B,4,1504,enet,5.0,0.5,5097.974471726584,-2.4582721098441396,5.017868995666504,1.0,1.0,0.75,0.0,0.001594279190930028,40,10,10,30,0,0
B,4,1504,enet,10.0,0.5,5065.8244831212405,-2.4539926300209554,4.440188884735107,1.0,0.8,0.7058823529411765,0.0,0.0012844376112886567,34,10,10,24,0,6
B,4,1504,enet,20.0,0.5,5029.745958458923,-2.450770129234806,4.230038642883301,1.0,0.6333333333333333,0.6551724137931034,0.0,0.0013412840321711153,29,10,10,19,0,11
B,4,1504,enet,50.0,0.5,5021.972184610482,-2.457655870192941,3.579547882080078,1.0,0.4666666666666667,0.5833333333333334,0.0,0.004340275118372807,24,10,10,14,0,16
B,4,1504,enet,100.0,0.5,5025.202767142106,-2.488281927763099,3.7106642723083496,1.0,0.23333333333333334,0.4117647058823529,0.0,0.010532660718141233,17,10,10,7,0,23
B,4,1504,enet,200.0,0.5,5115.028966643088,-2.5743501388453063,2.741223096847534,0.9,0.1,0.25,0.1,0.022616774838692327,12,10,9,3,1,27
B,1,1601,none,0.0,,4068.741304720207,-1.9310863531458682,0.7747716903686523,1.0,1.0,0.75,0.0,0.004964571707225401,40,10,10,30,0,0
B,1,1601,lasso,1.0,,4068.764723322728,-1.929260049075171,0.7698626518249512,1.0,1.0,0.75,0.0,0.004527231530841354,40,10,10,30,0,0
B,1,1601,lasso,2.0,,4062.1610566633435,-1.9274971004566868,0.7713730335235596,1.0,0.9333333333333333,0.7368421052631579,0.0,0.004116245335420367,38,10,10,28,0,2
B,1,1601,lasso,5.0,,4043.765674077158,-1.9230002029162547,0.881197452545166,1.0,0.8666666666666667,0.7222222222222222,0.0,0.003005326270068372,36,10,10,26,0,4
B,1,1601,lasso,10.0,,4011.301902643955,-1.9181319672672197,0.9769070148468018,1.0,0.6666666666666666,0.6666666666666666,0.0,0.0019046193644376601,30,10,10,20,0,10
B,1,1601,lasso,20.0,,3947.4567175279226,-1.9156039532408526,0.9387240409851074,1.0,0.23333333333333334,0.4117647058823529,0.0,0.0016076289642920059,17,10,10,7,0,23
B,1,1601,lasso,50.0,,4397.773426781246,-2.1357436961809926,0.3533487319946289,0.5,0.0,0.0,0.5,0.13837476983792424,5,10,5,0,5,30
B,1,1601,lasso,100.0,,4449.645411464024,-2.174172563838486,0.3891775608062744,0.2,0.0,0.0,0.8,0.16315780259130153,2,10,2,0,8,30
B,1,1601,lasso,200.0,,4449.555780503867,-2.174190853829902,0.34932851791381836,0.2,0.0,0.0,0.8,0.16310402435084265,2,10,2,0,8,30
B,1,1601,enet,1.0,0.5,4068.742368957618,-1.930013797864074,0.7657792568206787,1.0,1.0,0.75,0.0,0.0047106568039027436,40,10,10,30,0,0
B,1,1601,enet,2.0,0.5,4068.8636331418593,-1.928982615170838,0.780285120010376,1.0,1.0,0.75,0.0,0.00446821244806386,40,10,10,30,0,0
B,1,1601,enet,5.0,0.5,4056.126107107153,-1.9261117474621514,0.789924144744873,1.0,0.9333333333333333,0.7368421052631579,0.0,0.003816935081325735,38,10,10,28,0,2
B,1,1601,enet,10.0,0.5,4046.1707562887004,-1.9224729480634575,0.9824752807617188,1.0,0.8666666666666667,0.7222222222222222,0.0,0.0029200653978599545,36,10,10,26,0,4
B,1,1601,enet,20.0,0.5,4021.1274705947317,-1.918603082768476,1.0013656616210938,1.0,0.6666666666666666,0.6666666666666666,0.0,0.0022431431178344245,30,10,10,20,0,10
B,1,1601,enet,50.0,0.5,4050.1210436027086,-1.9504498903327208,1.3052947521209717,1.0,0.13333333333333333,0.2857142857142857,0.0,0.01623941385177653,14,10,10,4,0,26
B,1,1601,enet,100.0,0.5,4423.321737505732,-2.152646709875655,0.3384976387023926,0.4,0.0,0.0,0.6,0.1494672994655784,4,10,4,0,6,30
B,1,1601,enet,200.0,0.5,4449.574317007125,-2.174167553470964,0.3923628330230713,0.2,0.0,0.0,0.8,0.16307852365520548,2,10,2,0,8,30
B,2,1602,none,0.0,,2494.415775560119,-1.1454721971528663,1.2170791625976562,1.0,0.9666666666666667,0.7435897435897436,0.0,0.001395307080897273,39,10,10,29,0,1
B,2,1602,lasso,1.0,,2487.5664094786803,-1.1449030962872293,1.2458913326263428,1.0,0.9,0.7297297297297297,0.0,0.0013199644932489402,37,10,10,27,0,3
B,2,1602,lasso,2.0,,2473.8993404576822,-1.1443848973760427,1.2711336612701416,1.0,0.8666666666666667,0.7222222222222222,0.0,0.0012564881221462428,36,10,10,26,0,4
B,2,1602,lasso,5.0,,2454.1305257310064,-1.142851008698495,1.3497850894927979,1.0,0.7666666666666666,0.696969696969697,0.0,0.0010946102676222817,33,10,10,23,0,7
B,2,1602,lasso,10.0,,2450.5473761534004,-1.140810734434783,1.3915290832519531,1.0,0.7333333333333334,0.6875,0.0,0.0009362337571071323,32,10,10,22,0,8
B,2,1602,lasso,20.0,,2413.088347660856,-1.138733827911631,1.5183284282684326,1.0,0.5333333333333333,0.6153846153846154,0.0,0.0010678919994290784,26,10,10,16,0,14
B,2,1602,lasso,50.0,,2384.7408364516405,-1.1510959888801802,1.5664854049682617,0.9,0.23333333333333334,0.4375,0.1,0.004103472634016635,16,10,9,7,1,23
B,2,1602,lasso,100.0,,2394.526125787293,-1.166231776501128,1.498288869857788,0.7,0.13333333333333333,0.36363636363636365,0.3,0.007617462448264588,11,10,7,4,3,26
B,2,1602,lasso,200.0,,2380.1679069854363,-1.1716352621881565,1.6846344470977783,0.6,0.0,0.0,0.4,0.007941141302044165,6,10,6,0,4,30
B,2,1602,enet,1.0,0.5,2494.43597012456,-1.1451632472069375,1.2611284255981445,1.0,0.9666666666666667,0.7435897435897436,0.0,0.0013552150085847402,39,10,10,29,0,1
B,2,1602,enet,2.0,0.5,2487.576563938662,-1.1449013608682554,1.2711381912231445,1.0,0.9,0.7297297297297297,0.0,0.0013203040207951278,37,10,10,27,0,3
B,2,1602,enet,5.0,0.5,2474.0646318582294,-1.1441368028283474,1.322556495666504,1.0,0.8,0.7058823529411765,0.0,0.0012303574916822878,34,10,10,24,0,6
B,2,1602,enet,10.0,0.5,2454.3414845252796,-1.1429124604062586,1.465630054473877,1.0,0.7666666666666666,0.696969696969697,0.0,0.0011104039044470195,33,10,10,23,0,7
B,2,1602,enet,20.0,0.5,2444.398421917607,-1.1411020425148168,1.3792877197265625,1.0,0.7,0.6774193548387096,0.0,0.0009960690205389334,31,10,10,21,0,9
B,2,1602,enet,50.0,0.5,2409.0431430076496,-1.1405400302720767,1.3901433944702148,1.0,0.4666666666666667,0.5833333333333334,0.0,0.0016129799869754212,24,10,10,14,0,16
B,2,1602,enet,100.0,0.5,2390.1596521894166,-1.1532078448216407,1.562999963760376,0.9,0.23333333333333334,0.4375,0.1,0.004581941676503287,16,10,9,7,1,23
B,2,1602,enet,200.0,0.5,2396.34296459441,-1.16651643770117,1.4957003593444824,0.7,0.13333333333333333,0.36363636363636365,0.3,0.007664472158359566,11,10,7,4,3,26
B,4,1604,none,0.0,,5075.030435124213,-2.4384179335587133,6.55672550201416,1.0,1.0,0.75,0.0,0.0015725024864280028,40,10,10,30,0,0
B,4,1604,lasso,1.0,,5075.011728723677,-2.4367121123157625,6.106442451477051,1.0,1.0,0.75,0.0,0.001399560539593512,40,10,10,30,0,0
B,4,1604,lasso,2.0,,5068.159645867796,-2.435158963174068,5.729775905609131,1.0,0.9666666666666667,0.7435897435897436,0.0,0.0012612690419484148,39,10,10,29,0,1
B,4,1604,lasso,5.0,,5034.8583738051275,-2.4330288344018554,5.768004894256592,1.0,0.8,0.7058823529411765,0.0,0.0011686735153121812,34,10,10,24,0,6
B,4,1604,lasso,10.0,,5017.8721403067675,-2.4307767598649326,5.284081697463989,1.0,0.7,0.6774193548387096,0.0,0.001280339877144854,31,10,10,21,0,9
B,4,1604,lasso,20.0,,5003.581190185046,-2.4310946338809543,5.986201286315918,1.0,0.5333333333333333,0.6153846153846154,0.0,0.0026795704851482792,26,10,10,16,0,14
B,4,1604,lasso,50.0,,4983.661801928367,-2.4638353040292196,5.285131931304932,1.0,0.2,0.375,0.0,0.009893995184228127,16,10,10,6,0,24
B,4,1604,lasso,100.0,,5081.571573676305,-2.5720482550595603,3.6981263160705566,0.7,0.1,0.3,0.3,0.024794551420061987,10,10,7,3,3,27
B,4,1604,lasso,200.0,,5144.170120106949,-2.63128452793605,4.100527286529541,0.6,0.06666666666666667,0.25,0.4,0.025504148083547642,8,10,6,2,4,28
B,4,1604,enet,1.0,0.5,5074.858817411497,-2.437131572755521,6.409743547439575,1.0,1.0,0.75,0.0,0.001441547905117665,40,10,10,30,0,0
B,4,1604,enet,2.0,0.5,5075.0305293954125,-2.436506794149016,6.150027513504028,1.0,1.0,0.75,0.0,0.0014055845246149698,40,10,10,30,0,0
B,4,1604,enet,5.0,0.5,5054.715959822502,-2.435006994947219,6.030447959899902,1.0,0.9,0.7297297297297297,0.0,0.0012938130131340455,37,10,10,27,0,3
B,4,1604,enet,10.0,0.5,5035.4353894727565,-2.433915663453815,5.639946222305298,1.0,0.8,0.7058823529411765,0.0,0.0013193188277133361,34,10,10,24,0,6
B,4,1604,enet,20.0,0.5,5020.046572190586,-2.4326846715920456,6.035983562469482,1.0,0.7,0.6774193548387096,0.0,0.0017188503403867143,31,10,10,21,0,9
B,4,1604,enet,50.0,0.5,5000.103870335322,-2.440816668230201,5.287657737731934,1.0,0.4666666666666667,0.5833333333333334,0.0,0.005151562510368482,24,10,10,14,0,16
B,4,1604,enet,100.0,0.5,5017.7820585687,-2.4869562997453296,4.60093355178833,1.0,0.23333333333333334,0.4117647058823529,0.0,0.013092121995951419,17,10,10,7,0,23
B,4,1604,enet,200.0,0.5,5105.185503354348,-2.593442374716301,3.681536912918091,0.7,0.1,0.3,0.3,0.02574876655994343,10,10,7,3,3,27
B,1,1701,none,0.0,,4064.0062920337054,-1.9029265977631598,0.6936233043670654,1.0,1.0,0.75,0.0,0.004485622578712051,40,10,10,30,0,0
B,1,1701,lasso,1.0,,4057.316412479956,-1.900853436549044,0.7296915054321289,1.0,0.9333333333333333,0.7368421052631579,0.0,0.0039250486201022556,38,10,10,28,0,2
B,1,1701,lasso,2.0,,4051.115119036185,-1.8990831929954024,0.7504885196685791,1.0,0.9333333333333333,0.7368421052631579,0.0,0.003444120462688623,38,10,10,28,0,2
B,1,1701,lasso,5.0,,4006.871709360321,-1.8952778810757382,0.7804694175720215,1.0,0.7,0.6774193548387096,0.0,0.0026615560237202157,31,10,10,21,0,9
B,1,1701,lasso,10.0,,3947.843060065978,-1.8931969190559956,0.7006685733795166,1.0,0.3666666666666667,0.5238095238095238,0.0,0.00289107547271859,21,10,10,11,0,19
B,1,1701,lasso,20.0,,3915.623259187639,-1.8973797693401597,0.7885520458221436,1.0,0.1,0.23076923076923078,0.0,0.0060943197204873225,13,10,10,3,0,27
B,1,1701,lasso,50.0,,4199.670318062362,-2.050494551614469,1.0532848834991455,0.7,0.0,0.0,0.3,0.11298973758184487,7,10,7,0,3,30
B,1,1701,lasso,100.0,,4379.133215887423,-2.1453362739942783,0.31947994232177734,0.30000000000000004,0.0,0.0,0.7,0.15792214351192596,3,10,3,0,7,30
B,1,1701,lasso,200.0,,4399.8049695166865,-2.1596120573379385,0.26081132888793945,0.2,0.0,0.0,0.8,0.16450296953754368,2,10,2,0,8,30
B,1,1701,enet,1.0,0.5,4064.1588940818856,-1.9015668138258202,0.7081618309020996,1.0,1.0,0.75,0.0,0.004125429072693376,40,10,10,30,0,0
B,1,1701,enet,2.0,0.5,4064.3959446555655,-1.9004950632526734,0.7834668159484863,1.0,0.9666666666666667,0.7435897435897436,0.0,0.0038794000942159123,39,10,10,29,0,1
B,1,1701,enet,5.0,0.5,4052.5405710407995,-1.8977300522944711,0.8013460636138916,1.0,0.9333333333333333,0.7368421052631579,0.0,0.0032520293615386562,38,10,10,28,0,2
B,1,1701,enet,10.0,0.5,4003.471057777519,-1.8952240522970576,0.7590346336364746,1.0,0.6666666666666666,0.6666666666666666,0.0,0.00312180575397505,30,10,10,20,0,10
B,1,1701,enet,20.0,0.5,3954.012724886522,-1.8970428436670146,0.6781656742095947,1.0,0.33333333333333337,0.5,0.0,0.0053631054265208845,20,10,10,10,0,20
B,1,1701,enet,50.0,0.5,4029.1734648713186,-1.9516604153285289,1.0631604194641113,1.0,0.03333333333333333,0.09090909090909091,0.0,0.03836876043009742,11,10,10,1,0,29
B,1,1701,enet,100.0,0.5,4274.063697792609,-2.095309495410998,0.6665322780609131,0.5,0.0,0.0,0.5,0.1344708098302533,5,10,5,0,5,30
B,1,1701,enet,200.0,0.5,4399.763714149321,-2.1560548784319904,0.36135435104370117,0.30000000000000004,0.0,0.0,0.7,0.16270415235584654,3,10,3,0,7,30
B,2,1702,none,0.0,,2299.259589175981,-1.1089245181882779,1.5163776874542236,1.0,1.0,0.75,0.0,0.0031386251224348534,40,10,10,30,0,0
B,2,1702,lasso,1.0,,2299.322075141018,-1.107983262347917,1.4574658870697021,1.0,1.0,0.75,0.0,0.0029911794748291127,40,10,10,30,0,0
B,2,1702,lasso,2.0,,2292.618935766057,-1.106980931629514,1.6133191585540771,1.0,0.9666666666666667,0.7435897435897436,0.0,0.0028487213051588494,39,10,10,29,0,1
B,2,1702,lasso,5.0,,2280.0145481039426,-1.104317385976011,1.615882396697998,1.0,0.9,0.7297297297297297,0.0,0.0025221185230501694,37,10,10,27,0,3
B,2,1702,lasso,10.0,,2256.29971456794,-1.1009332103478868,1.9435112476348877,1.0,0.7666666666666666,0.696969696969697,0.0,0.0021468071952371174,33,10,10,23,0,7
B,2,1702,lasso,20.0,,2235.988178033134,-1.0999946476402789,2.1642448902130127,1.0,0.6000000000000001,0.6428571428571429,0.0,0.0020851000791377687,28,10,10,18,0,12
B,2,1702,lasso,50.0,,2212.712397665345,-1.1251189274265034,1.9394817352294922,0.8,0.3,0.5294117647058824,0.2,0.00666764376371871,17,10,8,9,2,21
B,2,1702,lasso,100.0,,2196.310985567648,-1.1322639694408876,1.8652589321136475,0.6,0.2,0.5,0.4,0.007998737453572345,12,10,6,6,4,24
B,2,1702,lasso,200.0,,2200.3409904703904,-1.139806279602338,3.1104185581207275,0.6,0.1,0.3333333333333333,0.4,0.008019387501507451,9,10,6,3,4,27
B,2,1702,enet,1.0,0.5,2299.2769187467734,-1.1084185694149806,1.452042818069458,1.0,1.0,0.75,0.0,0.003055775688822003,40,10,10,30,0,0
B,2,1702,enet,2.0,0.5,2299.3367687775344,-1.1078860581756367,1.492149829864502,1.0,1.0,0.75,0.0,0.0029746705195968673,40,10,10,30,0,0
B,2,1702,enet,5.0,0.5,2285.94688475116,-1.1063726521215713,1.6262226104736328,1.0,0.9333333333333333,0.7368421052631579,0.0,0.002753119558880226,38,10,10,28,0,2
B,2,1702,enet,10.0,0.5,2280.3395042641787,-1.1040795686909874,1.8060581684112549,1.0,0.9,0.7297297297297297,0.0,0.00247970737545557,37,10,10,27,0,3
B,2,1702,enet,20.0,0.5,2264.43666022224,-1.1009526886249086,1.7892098426818848,1.0,0.8,0.7058823529411765,0.0,0.0021357884192086765,34,10,10,24,0,6
B,2,1702,enet,50.0,0.5,2229.1471468512937,-1.1046715237845337,2.690026044845581,1.0,0.5,0.6,0.0,0.002855989656423451,25,10,10,15,0,15
B,2,1702,enet,100.0,0.5,2215.7954180704137,-1.1274362601017016,2.110564947128296,0.8,0.3,0.5294117647058824,0.2,0.007031591383911793,17,10,8,9,2,21
B,2,1702,enet,200.0,0.5,2197.726017414005,-1.1332812583849896,1.9072654247283936,0.6,0.2,0.5,0.4,0.008002210136933946,12,10,6,6,4,24
B,4,1704,none,0.0,,5084.383608553912,-2.4400568508249085,6.28737998008728,1.0,1.0,0.75,0.0,0.0027062102796087503,40,10,10,30,0,0
B,4,1704,lasso,1.0,,5084.688649813719,-2.437964957801509,6.172159910202026,1.0,1.0,0.75,0.0,0.0023932568987311514,40,10,10,30,0,0
B,4,1704,lasso,2.0,,5084.902397941454,-2.436287481425004,6.156956672668457,1.0,1.0,0.75,0.0,0.0021290168479423622,40,10,10,30,0,0
B,4,1704,lasso,5.0,,5072.697715036262,-2.4324357576699303,5.819694995880127,1.0,0.9333333333333333,0.7368421052631579,0.0,0.001534375585963052,38,10,10,28,0,2
B,4,1704,lasso,10.0,,5056.434852259089,-2.427828114342146,5.922289609909058,1.0,0.8333333333333333,0.7142857142857143,0.0,0.0009906874920582566,35,10,10,25,0,5
B,4,1704,lasso,20.0,,5017.834418945556,-2.4245644682210403,6.0640764236450195,1.0,0.6,0.6428571428571429,0.0,0.0010340853840066215,28,10,10,18,0,12
B,4,1704,lasso,50.0,,5001.878989162156,-2.433750310740287,5.346450567245483,1.0,0.3333333333333333,0.5,0.0,0.004109213343031083,20,10,10,10,0,20
B,4,1704,lasso,100.0,,5070.778932960448,-2.4820841152509083,4.7964441776275635,1.0,0.1,0.23076923076923078,0.0,0.014640545333675422,13,10,10,3,0,27
B,4,1704,lasso,200.0,,5271.441097360263,-2.58282997447838,4.615411758422852,0.6,0.03333333333333333,0.14285714285714285,0.4,0.029609231309539297,7,10,6,1,4,29
B,4,1704,enet,1.0,0.5,5084.440593605857,-2.4388994845945136,6.309509992599487,1.0,1.0,0.75,0.0,0.0025108650994984,40,10,10,30,0,0
B,4,1704,enet,2.0,0.5,5084.73361052951,-2.43788017611398,6.216050386428833,1.0,1.0,0.75,0.0,0.002343013812939025,40,10,10,30,0,0
B,4,1704,enet,5.0,0.5,5078.358414847378,-2.4353922365954803,6.008335590362549,1.0,0.9666666666666667,0.7435897435897436,0.0,0.0019100540783664245,39,10,10,29,0,1
B,4,1704,enet,10.0,0.5,5073.409940540201,-2.432625236441566,5.750671863555908,1.0,0.9333333333333333,0.7368421052631579,0.0,0.0014594626723067592,38,10,10,28,0,2
B,4,1704,enet,20.0,0.5,5051.390549307208,-2.4290119763264,5.918606281280518,1.0,0.8,0.7058823529411765,0.0,0.0011258633104904879,34,10,10,24,0,6
B,4,1704,enet,50.0,0.5,5017.9737823950445,-2.428761675858281,5.691162109375,1.0,0.5333333333333333,0.6153846153846154,0.0,0.002293509225176819,26,10,10,16,0,14
B,4,1704,enet,100.0,0.5,5016.881945171605,-2.4463207972107512,5.352046728134155,1.0,0.3,0.47368421052631576,0.0,0.006549728444830916,19,10,10,9,0,21
B,4,1704,enet,200.0,0.5,5127.523764258858,-2.5050452450189833,5.8017425537109375,1.0,0.13333333333333333,0.2857142857142857,0.0,0.017910642979156125,14,10,10,4,0,26
B,1,1801,none,0.0,,3991.224423817389,-1.9114448462497102,0.8099889755249023,1.0,1.0,0.75,0.0,0.004443285263111837,40,10,10,30,0,0
B,1,1801,lasso,1.0,,3984.5711593847263,-1.9100271143983454,0.7848501205444336,1.0,0.9333333333333333,0.7368421052631579,0.0,0.0039734233380391785,38,10,10,28,0,2
B,1,1801,lasso,2.0,,3964.401443685867,-1.9088386493222054,0.7643611431121826,1.0,0.8666666666666667,0.7222222222222222,0.0,0.0035763146164930334,36,10,10,26,0,4
B,1,1801,lasso,5.0,,3919.137462457521,-1.906487644281965,0.7886948585510254,1.0,0.6333333333333333,0.6551724137931034,0.0,0.00265049839515191,29,10,10,19,0,11
B,1,1801,lasso,10.0,,3885.0414467756004,-1.9042107329224827,0.7852163314819336,1.0,0.43333333333333335,0.5652173913043478,0.0,0.0017942264471721553,23,10,10,13,0,17
B,1,1801,lasso,20.0,,3846.2680007922477,-1.9038557020567328,0.8950612545013428,1.0,0.13333333333333333,0.2857142857142857,0.0,0.0016020926428983412,14,10,10,4,0,26
B,1,1801,lasso,50.0,,4195.2734576485645,-2.0697752265797473,1.3588306903839111,0.6,0.0,0.0,0.4,0.10740879207091608,6,10,6,0,4,30
B,1,1801,lasso,100.0,,4385.647286035435,-2.173435737092788,0.9877622127532959,0.2,0.0,0.0,0.8,0.16244234760008397,2,10,2,0,8,30
B,1,1801,lasso,200.0,,4385.442616858867,-2.17340946453625,1.2435579299926758,0.2,0.0,0.0,0.8,0.1625055365740793,2,10,2,0,8,30
B,1,1801,enet,1.0,0.5,3991.3805296467544,-1.910482093152568,0.8147640228271484,1.0,1.0,0.75,0.0,0.004117128666997042,40,10,10,30,0,0
B,1,1801,enet,2.0,0.5,3977.858079856256,-1.9096405081365182,0.7650096416473389,1.0,0.9333333333333333,0.7368421052631579,0.0,0.0038246178086531685,38,10,10,28,0,2
B,1,1801,enet,5.0,0.5,3958.7934715556316,-1.9075460399397726,0.7774486541748047,1.0,0.8333333333333334,0.7142857142857143,0.0,0.003087588914245707,35,10,10,25,0,5
B,1,1801,enet,10.0,0.5,3922.243791484454,-1.905578936666766,0.798468828201294,1.0,0.6333333333333333,0.6551724137931034,0.0,0.0022372488508634932,29,10,10,19,0,11
B,1,1801,enet,20.0,0.5,3896.583408661393,-1.905204531269117,0.8928177356719971,1.0,0.43333333333333335,0.5652173913043478,0.0,0.0017498101755710107,23,10,10,13,0,17
B,1,1801,enet,50.0,0.5,3948.4402219982153,-1.9431423559697372,0.7973148822784424,1.0,0.1,0.23076923076923078,0.0,0.01574890625999211,13,10,10,3,0,27
B,1,1801,enet,100.0,0.5,4314.047361734741,-2.1274229727028904,1.4664528369903564,0.6,0.0,0.0,0.4,0.13532631277339358,6,10,6,0,4,30
B,1,1801,enet,200.0,0.5,4385.229141907294,-2.1733421058973583,0.9662032127380371,0.2,0.0,0.0,0.8,0.16256041923565165,2,10,2,0,8,30
B,2,1802,none,0.0,,2413.752275239376,-1.117178281848161,1.5578210353851318,1.0,0.9666666666666667,0.7435897435897436,0.0,0.0017483669540389254,39,10,10,29,0,1
B,2,1802,lasso,1.0,,2406.902205819076,-1.1159770467303962,1.5262954235076904,1.0,0.9666666666666667,0.7435897435897436,0.0,0.0016119473690512098,39,10,10,29,0,1
B,2,1802,lasso,2.0,,2407.0932480291303,-1.1148397448190768,1.5573532581329346,1.0,0.9666666666666667,0.7435897435897436,0.0,0.0014867507511724934,39,10,10,29,0,1
B,2,1802,lasso,5.0,,2387.5952074422953,-1.1119017053203752,2.0621039867401123,1.0,0.8666666666666667,0.7222222222222222,0.0,0.0011836435804075025,36,10,10,26,0,4
B,2,1802,lasso,10.0,,2370.5034572816608,-1.109259974789079,1.8201472759246826,1.0,0.7666666666666666,0.696969696969697,0.0,0.0009069113759724995,33,10,10,23,0,7
B,2,1802,lasso,20.0,,2354.0305505178003,-1.1074581701585493,1.7243068218231201,1.0,0.6333333333333333,0.6551724137931034,0.0,0.000914577976435928,29,10,10,19,0,11
B,2,1802,lasso,50.0,,2326.980292758428,-1.1230851150936614,1.7127244472503662,0.9,0.3333333333333333,0.5263157894736842,0.1,0.003994485883054594,19,10,9,10,1,20
B,2,1802,lasso,100.0,,2321.569101977561,-1.1396549315583229,1.7296335697174072,0.6,0.2,0.5,0.4,0.007911243777280164,12,10,6,6,4,24
B,2,1802,lasso,200.0,,2333.0900077835554,-1.1405001908657206,2.6689677238464355,0.6,0.13333333333333333,0.4,0.4,0.00794753621897038,10,10,6,4,4,26
B,2,1802,enet,1.0,0.5,2406.8598095412144,-1.1165520409868428,1.489259958267212,1.0,0.9666666666666667,0.7435897435897436,0.0,0.0016747785172387508,39,10,10,29,0,1
B,2,1802,enet,2.0,0.5,2406.9145738955503,-1.1159436161341494,1.5616111755371094,1.0,0.9666666666666667,0.7435897435897436,0.0,0.0016047810276008556,39,10,10,29,0,1
B,2,1802,enet,5.0,0.5,2400.411062562469,-1.1142844857548098,1.6244230270385742,1.0,0.9333333333333333,0.7368421052631579,0.0,0.0014127581353336341,38,10,10,28,0,2
B,2,1802,enet,10.0,0.5,2387.8676049595992,-1.1119165877732657,1.945683240890503,1.0,0.8666666666666667,0.7222222222222222,0.0,0.001180836596622688,36,10,10,26,0,4
B,2,1802,enet,20.0,0.5,2371.4155120786522,-1.1096341318737515,1.8314430713653564,1.0,0.7666666666666666,0.696969696969697,0.0,0.0009496556477402976,33,10,10,23,0,7
B,2,1802,enet,50.0,0.5,2344.1670054325805,-1.1104551312035138,1.7172343730926514,1.0,0.5333333333333333,0.6153846153846154,0.0,0.0014777196954821852,26,10,10,16,0,14
B,2,1802,enet,100.0,0.5,2334.126423931612,-1.1267346463706915,1.7005198001861572,0.9,0.3333333333333333,0.5263157894736842,0.1,0.004692710363952723,19,10,9,10,1,20
B,2,1802,enet,200.0,0.5,2323.00361105692,-1.1403426550482905,1.7946760654449463,0.6,0.2,0.5,0.4,0.007925821072301867,12,10,6,6,4,24
B,4,1804,none,0.0,,5090.397740966904,-2.481811835770285,7.281230688095093,1.0,1.0,0.75,0.0,0.002595112992168503,40,10,10,30,0,0
B,4,1804,lasso,1.0,,5090.522003867925,-2.479974125103614,6.7106242179870605,1.0,1.0,0.75,0.0,0.002246569089771218,40,10,10,30,0,0
B,4,1804,lasso,2.0,,5063.3239317351745,-2.478096970056717,6.293353319168091,1.0,0.8666666666666667,0.7222222222222222,0.0,0.001967364264379558,36,10,10,26,0,4
B,4,1804,lasso,5.0,,5037.986597158768,-2.4746874020839087,5.927351713180542,1.0,0.7333333333333334,0.6875,0.0,0.001490003240542165,32,10,10,22,0,8
B,4,1804,lasso,10.0,,5022.788613735165,-2.473135038097269,5.979683876037598,1.0,0.6333333333333333,0.6551724137931034,0.0,0.0014037478334037773,29,10,10,19,0,11
B,4,1804,lasso,20.0,,5014.18519245114,-2.4759667765562865,5.20925498008728,1.0,0.5333333333333333,0.6153846153846154,0.0,0.0020080695708946075,26,10,10,16,0,14
B,4,1804,lasso,50.0,,4994.011498687653,-2.512265316112289,4.394317150115967,1.0,0.16666666666666666,0.3333333333333333,0.0,0.009026747585235471,15,10,10,5,0,25
B,4,1804,lasso,100.0,,5050.3039745044525,-2.573328888219601,3.6340854167938232,0.7,0.1,0.3,0.3,0.02050157858442756,10,10,7,3,3,27
B,4,1804,lasso,200.0,,5174.751535224138,-2.645546352053541,3.6676175594329834,0.6,0.0,0.0,0.4,0.02769103781227196,6,10,6,0,4,30
B,4,1804,enet,1.0,0.5,5076.743090158,-2.4804394757215533,6.536473751068115,1.0,0.9333333333333333,0.7368421052631579,0.0,0.0023925401987725556,38,10,10,28,0,2
B,4,1804,enet,2.0,0.5,5090.580438709039,-2.4797508118132217,6.526976585388184,1.0,1.0,0.75,0.0,0.0022014027859966903,40,10,10,30,0,0
B,4,1804,enet,5.0,0.5,5063.819135595992,-2.4771745029380035,6.3171796798706055,1.0,0.8333333333333333,0.7142857142857143,0.0,0.0017750900493954907,35,10,10,25,0,5
B,4,1804,enet,10.0,0.5,5038.777930326848,-2.474893094532468,6.024436950683594,1.0,0.7333333333333334,0.6875,0.0,0.0014924751909367315,32,10,10,22,0,8
B,4,1804,enet,20.0,0.5,5017.749055701969,-2.4743231886437353,5.599095582962036,1.0,0.6000000000000001,0.6428571428571429,0.0,0.0016332180549471277,28,10,10,18,0,12
B,4,1804,enet,50.0,0.5,5018.258550304487,-2.4870702966455154,4.81870436668396,1.0,0.4666666666666667,0.5833333333333334,0.0,0.003986519379087886,24,10,10,14,0,16
B,4,1804,enet,100.0,0.5,5015.448630017093,-2.5277007945995034,4.191023588180542,1.0,0.16666666666666666,0.3333333333333333,0.0,0.011899048712317884,15,10,10,5,0,25
B,4,1804,enet,200.0,0.5,5077.747724749668,-2.587869606836602,3.3533124923706055,0.7,0.1,0.3,0.3,0.022004380830250577,10,10,7,3,3,27
B,1,1901,none,0.0,,3977.8069562863866,-1.9319587538340552,0.792626142501831,1.0,1.0,0.75,0.0,0.0049702688825173464,40,10,10,30,0,0
B,1,1901,lasso,1.0,,3977.876498238103,-1.9307572377679636,0.8387565612792969,1.0,1.0,0.75,0.0,0.0046477646781064854,40,10,10,30,0,0
B,1,1901,lasso,2.0,,3971.4702109807704,-1.929412899765161,0.907461404800415,1.0,0.9666666666666667,0.7435897435897436,0.0,0.004400432317396573,39,10,10,29,0,1
B,1,1901,lasso,5.0,,3934.7615272270846,-1.9408382435078728,0.7088851928710938,1.0,0.7333333333333334,0.6875,0.0,0.004858903220754836,32,10,10,22,0,8
B,1,1901,lasso,10.0,,3917.3140023350957,-1.9379868177542556,0.7199268341064453,1.0,0.6,0.6428571428571429,0.0,0.00579962466045783,28,10,10,18,0,12
B,1,1901,lasso,20.0,,3873.179880473133,-1.94710975485571,0.9023177623748779,1.0,0.19999999999999998,0.375,0.0,0.013181946936322827,16,10,10,6,0,24
B,1,1901,lasso,50.0,,4039.2274695745673,-2.072373323432931,0.7086129188537598,0.6,0.03333333333333333,0.14285714285714285,0.4,0.10232666864408191,7,10,6,1,4,29
B,1,1901,lasso,100.0,,4251.347653320586,-2.167400112956414,0.35443687438964844,0.30000000000000004,0.0,0.0,0.7,0.15067602696491755,3,10,3,0,7,30
B,1,1901,lasso,200.0,,4313.798343773272,-2.191938877567028,0.33093953132629395,0.2,0.0,0.0,0.8,0.1656856086937935,2,10,2,0,8,30
B,1,1901,enet,1.0,0.5,3977.7416671287556,-1.9316341807794275,0.8480086326599121,1.0,1.0,0.75,0.0,0.004827233401839767,40,10,10,30,0,0
B,1,1901,enet,2.0,0.5,3971.1315633225204,-1.9308854242360662,0.8504078388214111,1.0,0.9666666666666667,0.7435897435897436,0.0,0.0047277367607914,39,10,10,29,0,1
B,1,1901,enet,5.0,0.5,3960.2248748232605,-1.9445099298951845,0.8769090175628662,1.0,0.8666666666666667,0.7222222222222222,0.0,0.005239105301174723,36,10,10,26,0,4
B,1,1901,enet,10.0,0.5,3931.1910178893836,-1.9430589156348947,0.732046365737915,1.0,0.7,0.6774193548387096,0.0,0.00625180809879797,31,10,10,21,0,9
B,1,1901,enet,20.0,0.5,3937.9053513404897,-1.9466661507168026,0.7420558929443359,1.0,0.6333333333333333,0.6551724137931034,0.0,0.01041565289401733,29,10,10,19,0,11
B,1,1901,enet,50.0,0.5,3983.1535530474684,-2.0158186546533985,1.1750288009643555,1.0,0.16666666666666666,0.3333333333333333,0.0,0.05731479373763392,15,10,10,5,0,25
B,1,1901,enet,100.0,0.5,4155.635095647366,-2.1211827730134223,0.7576766014099121,0.6,0.03333333333333333,0.14285714285714285,0.4,0.12512440787485213,7,10,6,1,4,29
B,1,1901,enet,200.0,0.5,4285.810986068214,-2.1793466626991607,0.37650108337402344,0.30000000000000004,0.0,0.0,0.7,0.15806223249674195,3,10,3,0,7,30
B,2,1902,none,0.0,,2583.658677202885,-1.1880749539633866,1.2793235778808594,1.0,1.0,0.75,0.0,0.0014802528726877559,40,10,10,30,0,0
B,2,1902,lasso,1.0,,2576.8091426915007,-1.1873442677949173,1.373793125152588,1.0,0.9666666666666667,0.7435897435897436,0.0,0.0014268400139471665,39,10,10,29,0,1
B,2,1902,lasso,2.0,,2570.0878301624225,-1.1865699746394613,1.3573048114776611,1.0,0.9333333333333333,0.7368421052631579,0.0,0.0013730345933733006,38,10,10,28,0,2
B,2,1902,lasso,5.0,,2564.1812137907564,-1.1850929294112784,1.430067539215088,1.0,0.9,0.7297297297297297,0.0,0.0013066408428750132,37,10,10,27,0,3
B,2,1902,lasso,10.0,,2560.717956077978,-1.183512916458629,1.506995677947998,1.0,0.8333333333333334,0.7142857142857143,0.0,0.0013363785954338826,35,10,10,25,0,5
B,2,1902,lasso,20.0,,2515.6105123837206,-1.184446684994844,1.4556045532226562,1.0,0.6000000000000001,0.6428571428571429,0.0,0.0018137580052032995,28,10,10,18,0,12
B,2,1902,lasso,50.0,,2471.583873659839,-1.1940143730999557,1.5803275108337402,0.8,0.26666666666666666,0.5,0.2,0.00423923591407391,16,10,8,8,2,22
B,2,1902,lasso,100.0,,2476.739145678032,-1.2110758578170795,2.6192498207092285,0.6,0.16666666666666666,0.45454545454545453,0.4,0.007941142646228022,11,10,6,5,4,25
B,2,1902,lasso,200.0,,2473.313853813248,-1.2131237062208258,2.001704216003418,0.6,0.06666666666666667,0.25,0.4,0.007958321503405037,8,10,6,2,4,28
B,2,1902,enet,1.0,0.5,2583.678247927355,-1.187711851943583,1.2981855869293213,1.0,0.9666666666666667,0.7435897435897436,0.0,0.001453804701018516,39,10,10,29,0,1
B,2,1902,enet,2.0,0.5,2576.820173470195,-1.1873581543826035,1.3325002193450928,1.0,0.9666666666666667,0.7435897435897436,0.0,0.0014289705227918104,39,10,10,29,0,1
B,2,1902,enet,5.0,0.5,2570.241678200192,-1.1863976813070622,1.4025237560272217,1.0,0.9,0.7297297297297297,0.0,0.0013711053077947067,37,10,10,27,0,3
B,2,1902,enet,10.0,0.5,2564.3921059691193,-1.1852526900354732,1.4310522079467773,1.0,0.9,0.7297297297297297,0.0,0.0013326875215884542,37,10,10,27,0,3
B,2,1902,enet,20.0,0.5,2561.430325933102,-1.1839847288183387,1.5323457717895508,1.0,0.8333333333333334,0.7142857142857143,0.0,0.0014146981914276398,35,10,10,25,0,5
B,2,1902,enet,50.0,0.5,2510.617406910354,-1.1876440647390674,1.5851185321807861,1.0,0.5333333333333333,0.6153846153846154,0.0,0.0025304913264365884,26,10,10,16,0,14
B,2,1902,enet,100.0,0.5,2477.3559396517508,-1.1967727649910378,1.5171990394592285,0.8,0.3,0.5294117647058824,0.2,0.004738395683491779,17,10,8,9,2,21
B,2,1902,enet,200.0,0.5,2477.944227981596,-1.2116841879273856,2.2159335613250732,0.6,0.13333333333333333,0.4,0.4,0.007945567343945166,10,10,6,4,4,26
B,4,1904,none,0.0,,5082.0827072905395,-2.4494874304949534,5.683581113815308,1.0,1.0,0.75,0.0,0.006710361991634065,40,10,10,30,0,0
B,4,1904,lasso,1.0,,5082.335765788844,-2.446677813370046,5.42294979095459,1.0,1.0,0.75,0.0,0.00588629107135322,40,10,10,30,0,0
B,4,1904,lasso,2.0,,5082.664819568141,-2.444200033010314,5.340713262557983,1.0,1.0,0.75,0.0,0.005110849470138662,40,10,10,30,0,0
B,4,1904,lasso,5.0,,5049.91599879299,-2.4383714185165637,5.168482303619385,1.0,0.8333333333333333,0.7142857142857143,0.0,0.003489550336078484,35,10,10,25,0,5
B,4,1904,lasso,10.0,,5048.140961698873,-2.4302683231232725,4.797296524047852,1.0,0.8,0.7058823529411765,0.0,0.0020030358971137984,34,10,10,24,0,6
B,4,1904,lasso,20.0,,5025.782122009031,-2.424634078495783,4.386800289154053,1.0,0.6333333333333333,0.6551724137931034,0.0,0.0011631346477105552,29,10,10,19,0,11
B,4,1904,lasso,50.0,,4998.810785966925,-2.4358869003557024,4.085880756378174,1.0,0.23333333333333334,0.4117647058823529,0.0,0.004077551792266245,17,10,10,7,0,23
B,4,1904,lasso,100.0,,5059.184142309251,-2.490749107059932,2.8440539836883545,0.8,0.06666666666666667,0.2,0.2,0.014686711294878694,10,10,8,2,2,28
B,4,1904,lasso,200.0,,5268.620243592387,-2.6036240343514456,3.074587821960449,0.6,0.03333333333333333,0.14285714285714285,0.4,0.026857900671443714,7,10,6,1,4,29
B,4,1904,enet,1.0,0.5,5082.309535181314,-2.4478083818868246,5.484126806259155,1.0,1.0,0.75,0.0,0.006206910324265589,40,10,10,30,0,0
B,4,1904,enet,2.0,0.5,5082.412253691852,-2.446358370574354,5.4931933879852295,1.0,1.0,0.75,0.0,0.005739264041165493,40,10,10,30,0,0
B,4,1904,enet,5.0,0.5,5076.276269268739,-2.4424397227837416,5.21507716178894,1.0,0.9333333333333333,0.7368421052631579,0.0,0.004503752785975205,38,10,10,28,0,2
B,4,1904,enet,10.0,0.5,5050.791436358698,-2.4375048753006667,4.917173147201538,1.0,0.8333333333333333,0.7142857142857143,0.0,0.003138492759516048,35,10,10,25,0,5
B,4,1904,enet,20.0,0.5,5043.813325814574,-2.430333659913808,4.695723056793213,1.0,0.7666666666666666,0.696969696969697,0.0,0.0018239601322317459,33,10,10,23,0,7
B,4,1904,enet,50.0,0.5,5029.2630311510775,-2.4266579714648495,4.008169412612915,1.0,0.5666666666666667,0.6296296296296297,0.0,0.0017736746675815884,27,10,10,17,0,13
B,4,1904,enet,100.0,0.5,5045.420288381808,-2.4500573444562805,3.202371120452881,1.0,0.3333333333333333,0.5,0.0,0.00674558043560911,20,10,10,10,0,20
B,4,1904,enet,200.0,0.5,5091.959909497696,-2.5089982323390783,2.394941806793213,0.8,0.06666666666666667,0.2,0.2,0.0168871273993364,10,10,8,2,2,28
B,1,2001,none,0.0,,4073.028938800839,-1.9249992380190457,0.6755168437957764,1.0,1.0,0.75,0.0,0.007410147151244086,40,10,10,30,0,0
B,1,2001,lasso,1.0,,4066.3529958950185,-1.9223729599795503,0.6680829524993896,1.0,0.9666666666666667,0.7435897435897436,0.0,0.006826027660703684,39,10,10,29,0,1
B,1,2001,lasso,2.0,,4046.1832524695437,-1.9199852786211535,0.7142565250396729,1.0,0.8666666666666667,0.7222222222222222,0.0,0.0062960463910273845,36,10,10,26,0,4
B,1,2001,lasso,5.0,,4021.6330037281455,-1.914514962564947,0.680091381072998,1.0,0.7333333333333334,0.6875,0.0,0.00505952570368164,32,10,10,22,0,8
B,1,2001,lasso,10.0,,4011.1676834058767,-1.9085112303691196,0.7066538333892822,1.0,0.6333333333333333,0.6551724137931034,0.0,0.003950345979095471,29,10,10,19,0,11
B,1,2001,lasso,20.0,,3964.2993066556814,-1.904934553192859,0.8152370452880859,1.0,0.26666666666666666,0.4444444444444444,0.0,0.004595538588780436,18,10,10,8,0,22
B,1,2001,lasso,50.0,,4245.2478488056595,-2.0798038632910503,0.819159746170044,0.6,0.0,0.0,0.4,0.11636652836246539,6,10,6,0,4,30
B,1,2001,lasso,100.0,,4417.240857866663,-2.160176817826026,0.5561692714691162,0.2,0.0,0.0,0.8,0.1639947925251372,2,10,2,0,8,30
B,1,2001,lasso,200.0,,4417.187128655901,-2.1601349433836075,0.3221132755279541,0.2,0.0,0.0,0.8,0.1639723321067741,2,10,2,0,8,30
B,1,2001,enet,1.0,0.5,4073.1491990852574,-1.9234496691562477,0.6784939765930176,1.0,1.0,0.75,0.0,0.007089899848567156,40,10,10,30,0,0
B,1,2001,enet,2.0,0.5,4066.5035295387997,-1.9219753698236846,0.6934244632720947,1.0,0.9666666666666667,0.7435897435897436,0.0,0.0067925616702989924,39,10,10,29,0,1
B,1,2001,enet,5.0,0.5,4040.3886866994235,-1.9181911508984864,0.68597412109375,1.0,0.8333333333333333,0.7142857142857143,0.0,0.00605578889711518,35,10,10,25,0,5
B,1,2001,enet,10.0,0.5,4031.4464225419315,-1.9137205789123746,0.704937219619751,1.0,0.7666666666666666,0.696969696969697,0.0,0.005236569272844085,33,10,10,23,0,7
B,1,2001,enet,20.0,0.5,4022.1591235928845,-1.9099582220141165,0.7883868217468262,1.0,0.6333333333333333,0.6551724137931034,0.0,0.005201046787006784,29,10,10,19,0,11
B,1,2001,enet,50.0,0.5,4114.558775546626,-1.9824048844049127,0.889148473739624,1.0,0.13333333333333333,0.2857142857142857,0.0,0.04436410290825062,14,10,10,4,0,26
B,1,2001,enet,100.0,0.5,4316.6983495272425,-2.1138315130432987,0.44559764862060547,0.4,0.0,0.0,0.6,0.13660554266592645,4,10,4,0,6,30
B,1,2001,enet,200.0,0.5,4417.475746507581,-2.1602287361101817,0.4588203430175781,0.2,0.0,0.0,0.8,0.1644335745433645,2,10,2,0,8,30
B,2,2002,none,0.0,,2539.8088308918814,-1.1198246326820813,1.3393347263336182,1.0,1.0,0.75,0.0,0.001276484828684202,40,10,10,30,0,0
B,2,2002,lasso,1.0,,2532.953488054538,-1.1190879595018144,1.3198516368865967,1.0,0.9666666666666667,0.7435897435897436,0.0,0.0011915827894636863,39,10,10,29,0,1
B,2,2002,lasso,2.0,,2533.10969595463,-1.1184089574578797,1.3148667812347412,1.0,0.9666666666666667,0.7435897435897436,0.0,0.0011143940360867145,39,10,10,29,0,1
B,2,2002,lasso,5.0,,2513.35907130147,-1.1166926085614428,1.373060941696167,1.0,0.8666666666666667,0.7222222222222222,0.0,0.0009375815642803419,36,10,10,26,0,4
B,2,2002,lasso,10.0,,2495.6098257596227,-1.1144396590889991,1.3473312854766846,1.0,0.7666666666666666,0.696969696969697,0.0,0.0007590109607215695,33,10,10,23,0,7
B,2,2002,lasso,20.0,,2485.793183659629,-1.113011902969908,1.4318490028381348,1.0,0.6333333333333333,0.6551724137931034,0.0,0.0008231993688077952,29,10,10,19,0,11
B,2,2002,lasso,50.0,,2469.3560501244533,-1.120794445615933,1.6917002201080322,1.0,0.4,0.5454545454545454,0.0,0.0037159035647705923,22,10,10,12,0,18
B,2,2002,lasso,100.0,,2482.5679961216765,-1.1316762389724153,1.993575096130371,0.6,0.3333333333333333,0.625,0.4,0.007923026873399595,16,10,6,10,4,20
B,2,2002,lasso,200.0,,2462.3686213814835,-1.131910615002003,1.9375925064086914,0.6,0.1,0.3333333333333333,0.4,0.007988222884987803,9,10,6,3,4,27
B,2,2002,enet,1.0,0.5,2532.9166587247205,-1.1194284826752623,1.3126323223114014,1.0,0.9666666666666667,0.7435897435897436,0.0,0.0012300671738440761,39,10,10,29,0,1
B,2,2002,enet,2.0,0.5,2532.963735109608,-1.1190437409694431,1.3152902126312256,1.0,0.9666666666666667,0.7435897435897436,0.0,0.0011858310365285422,39,10,10,29,0,1
B,2,2002,enet,5.0,0.5,2533.2874476263564,-1.1179952292066004,1.3358008861541748,1.0,0.9666666666666667,0.7435897435897436,0.0,0.0010680820406005053,39,10,10,29,0,1
B,2,2002,enet,10.0,0.5,2513.610054284924,-1.1164669870731978,1.392970085144043,1.0,0.8666666666666667,0.7222222222222222,0.0,0.0009218105189170229,36,10,10,26,0,4
B,2,2002,enet,20.0,0.5,2496.4918487154214,-1.1144081468017368,1.331977367401123,1.0,0.7666666666666666,0.696969696969697,0.0,0.0007786265475179822,33,10,10,23,0,7
B,2,2002,enet,50.0,0.5,2466.2728499446525,-1.1142790736389134,1.5941298007965088,1.0,0.5333333333333333,0.6153846153846154,0.0,0.001305531843728825,26,10,10,16,0,14
B,2,2002,enet,100.0,0.5,2469.8106031328152,-1.1238758148730925,1.8927149772644043,0.9,0.4,0.5714285714285714,0.1,0.004329923572767222,21,10,9,12,1,18
B,2,2002,enet,200.0,0.5,2484.253218630287,-1.1321008016419924,2.1807029247283936,0.6,0.3333333333333333,0.625,0.4,0.007936393044349397,16,10,6,10,4,20
B,4,2004,none,0.0,,5179.967196102776,-2.4784334598572366,7.087614059448242,1.0,0.9666666666666667,0.7435897435897436,0.0,0.0046949374689110755,39,10,10,29,0,1
B,4,2004,lasso,1.0,,5173.1477084903945,-2.4769431846820726,7.040500164031982,1.0,0.9666666666666667,0.7435897435897436,0.0,0.004296709719532758,39,10,10,29,0,1
B,4,2004,lasso,2.0,,5173.514084715487,-2.475568800435581,6.826701402664185,1.0,0.9666666666666667,0.7435897435897436,0.0,0.003953178520019447,39,10,10,29,0,1
B,4,2004,lasso,5.0,,5155.146268568924,-2.4713018297267673,6.208385467529297,1.0,0.8666666666666667,0.7222222222222222,0.0,0.0033273638017093598,36,10,10,26,0,4
B,4,2004,lasso,10.0,,5139.112896474562,-2.468758959762634,6.01720404624939,1.0,0.7666666666666666,0.696969696969697,0.0,0.0027591261482478014,33,10,10,23,0,7
B,4,2004,lasso,20.0,,5138.239026691638,-2.463994241645164,5.7676262855529785,1.0,0.7,0.6774193548387096,0.0,0.002603272078276848,31,10,10,21,0,9
B,4,2004,lasso,50.0,,5107.038507126622,-2.469537765708787,5.010717153549194,1.0,0.30000000000000004,0.47368421052631576,0.0,0.005901568761409565,19,10,10,9,0,21
B,4,2004,lasso,100.0,,5198.19456651167,-2.5128831003671412,3.974621057510376,1.0,0.06666666666666667,0.16666666666666666,0.0,0.01789796524485251,12,10,10,2,0,28
B,4,2004,lasso,200.0,,5351.63641968972,-2.6106918663731378,3.671645164489746,0.6,0.0,0.0,0.4,0.025102321045939804,6,10,6,0,4,30
B,4,2004,enet,1.0,0.5,5180.006708219218,-2.4776094197736764,7.2373573780059814,1.0,1.0,0.75,0.0,0.004471096679448198,40,10,10,30,0,0
B,4,2004,enet,2.0,0.5,5173.207581712657,-2.4767821881905414,6.925720691680908,1.0,0.9666666666666667,0.7435897435897436,0.0,0.004268818841921108,39,10,10,29,0,1
B,4,2004,enet,5.0,0.5,5167.022016426397,-2.474570707843847,6.541243076324463,1.0,0.9333333333333333,0.7368421052631579,0.0,0.003789946040842631,38,10,10,28,0,2
B,4,2004,enet,10.0,0.5,5162.815436736928,-2.4725580314926003,6.176215887069702,1.0,0.9,0.7297297297297297,0.0,0.003363466873653799,37,10,10,27,0,3
B,4,2004,enet,20.0,0.5,5140.956798285584,-2.4697776538156413,5.523465633392334,1.0,0.7666666666666666,0.696969696969697,0.0,0.003047159949326181,33,10,10,23,0,7
B,4,2004,enet,50.0,0.5,5146.90078112469,-2.46920622943572,5.429754257202148,1.0,0.6666666666666667,0.6666666666666666,0.0,0.004352163482094238,30,10,10,20,0,10
B,4,2004,enet,100.0,0.5,5141.906330170962,-2.4837385366640876,4.429655313491821,1.0,0.33333333333333337,0.5,0.0,0.01051545861751986,20,10,10,10,0,20
B,4,2004,enet,200.0,0.5,5233.5347973114285,-2.5328035098271138,3.5200445652008057,0.9,0.06666666666666667,0.18181818181818182,0.1,0.020020822343682437,11,10,9,2,1,28
B,1,2101,none,0.0,,4085.000453804275,-1.898739742867288,0.6752498149871826,1.0,1.0,0.75,0.0,0.005684823277309694,40,10,10,30,0,0
B,1,2101,lasso,1.0,,4085.0836136094695,-1.8963001309023593,0.7457964420318604,1.0,1.0,0.75,0.0,0.005019752452015849,40,10,10,30,0,0
B,1,2101,lasso,2.0,,4078.913745975555,-1.8936595208605604,0.7518086433410645,1.0,0.9666666666666667,0.7435897435897436,0.0,0.004370965507999068,39,10,10,29,0,1
B,1,2101,lasso,5.0,,4035.391533239374,-1.8870970123853759,0.7282810211181641,1.0,0.7333333333333334,0.6875,0.0,0.002884821059011916,32,10,10,22,0,8
B,1,2101,lasso,10.0,,3991.8401650065343,-1.8821388685854776,0.8441493511199951,1.0,0.4666666666666667,0.5833333333333334,0.0,0.0020401607943914563,24,10,10,14,0,16
B,1,2101,lasso,20.0,,3940.0377970902455,-1.883189453436049,0.9600448608398438,1.0,0.1,0.23076923076923078,0.0,0.004197832496938932,13,10,10,3,0,27
B,1,2101,lasso,50.0,,4194.935474868572,-2.022776831833339,1.017946720123291,0.6,0.0,0.0,0.4,0.10311086230711328,6,10,6,0,4,30
B,1,2101,lasso,100.0,,4418.770045438671,-2.145834844628268,0.4322092533111572,0.30000000000000004,0.0,0.0,0.7,0.1617453604038056,3,10,3,0,7,30
B,1,2101,lasso,200.0,,4418.510941130657,-2.14930125781571,0.4269685745239258,0.2,0.0,0.0,0.8,0.16419895124207584,2,10,2,0,8,30
B,1,2101,enet,1.0,0.5,4085.177429611803,-1.8968543276650438,0.693232536315918,1.0,1.0,0.75,0.0,0.005230280968105539,40,10,10,30,0,0
B,1,2101,enet,2.0,0.5,4085.2878535330756,-1.8954572110763344,0.7582297325134277,1.0,1.0,0.75,0.0,0.004856771950810776,40,10,10,30,0,0
B,1,2101,enet,5.0,0.5,4080.5473211474027,-1.8906796271510136,0.7719049453735352,1.0,0.9666666666666667,0.7435897435897436,0.0,0.003775515708621072,39,10,10,29,0,1
B,1,2101,enet,10.0,0.5,4032.364458481237,-1.8852964296777208,0.7494292259216309,1.0,0.7,0.6774193548387096,0.0,0.0027518927240964886,31,10,10,21,0,9
B,1,2101,enet,20.0,0.5,3999.5797116323406,-1.883538839238378,0.7816438674926758,1.0,0.4,0.5454545454545454,0.0,0.0035834771813473146,22,10,10,12,0,18
B,1,2101,enet,50.0,0.5,4081.440115043167,-1.94717702252431,0.7266819477081299,1.0,0.06666666666666667,0.16666666666666666,0.0,0.04218211567617128,12,10,10,2,0,28
B,1,2101,enet,100.0,0.5,4338.4380403339555,-2.0943362981745612,0.5351958274841309,0.5,0.0,0.0,0.5,0.13660612440309527,5,10,5,0,5,30
B,1,2101,enet,200.0,0.5,4424.282318931512,-2.148644426765794,0.3386828899383545,0.30000000000000004,0.0,0.0,0.7,0.1634710874078872,3,10,3,0,7,30
B,2,2102,none,0.0,,2661.309135064407,-1.1799842811935868,1.63553786277771,1.0,1.0,0.75,0.0,0.0012282665285094378,40,10,10,30,0,0
B,2,2102,lasso,1.0,,2647.524238038439,-1.179499002346701,1.469383955001831,1.0,0.9333333333333333,0.7368421052631579,0.0,0.0011529957943404142,38,10,10,28,0,2
B,2,2102,lasso,2.0,,2640.746992457862,-1.1789936056222765,1.483722448348999,1.0,0.9,0.7297297297297297,0.0,0.0010834815593010793,37,10,10,27,0,3
B,2,2102,lasso,5.0,,2627.8407236647317,-1.1778391157066066,1.5468494892120361,1.0,0.8,0.7058823529411765,0.0,0.000903110034017036,34,10,10,24,0,6
B,2,2102,lasso,10.0,,2610.1047135559006,-1.1759678964212972,1.5572724342346191,1.0,0.7333333333333334,0.6875,0.0,0.000697314588074588,32,10,10,22,0,8
B,2,2102,lasso,20.0,,2579.233869230377,-1.1754495110392686,1.5993788242340088,1.0,0.5333333333333333,0.6153846153846154,0.0,0.0007167474719014897,26,10,10,16,0,14
B,2,2102,lasso,50.0,,2554.443813396654,-1.1847993509792492,2.2702252864837646,1.0,0.23333333333333334,0.4117647058823529,0.0,0.0031176174137805862,17,10,10,7,0,23
B,2,2102,lasso,100.0,,2564.059991514804,-1.2058309769081457,1.9052314758300781,0.6,0.1,0.3333333333333333,0.4,0.008039686152572757,9,10,6,3,4,27
B,2,2102,lasso,200.0,,2573.5669405242566,-1.2135147643854831,3.0507800579071045,0.6,0.03333333333333333,0.14285714285714285,0.4,0.008102940116691909,7,10,6,1,4,29
B,2,2102,enet,1.0,0.5,2654.400522931244,-1.1798498552554997,1.5402061939239502,1.0,0.9333333333333333,0.7368421052631579,0.0,0.0012008796201627137,38,10,10,28,0,2
B,2,2102,enet,2.0,0.5,2647.535264156685,-1.179454549248714,1.487605333328247,1.0,0.9333333333333333,0.7368421052631579,0.0,0.0011483864721105281,38,10,10,28,0,2
B,2,2102,enet,5.0,0.5,2640.900347806076,-1.1788588441667989,1.540156602859497,1.0,0.9,0.7297297297297297,0.0,0.0010553637001586799,37,10,10,27,0,3
B,2,2102,enet,10.0,0.5,2628.1744542215997,-1.1775235395285277,1.5490076541900635,1.0,0.8,0.7058823529411765,0.0,0.0008785029545210727,34,10,10,24,0,6
B,2,2102,enet,20.0,0.5,2610.8985453990276,-1.1759460271446214,1.6161093711853027,1.0,0.7333333333333334,0.6875,0.0,0.0007261505708398375,32,10,10,22,0,8
B,2,2102,enet,50.0,0.5,2573.786890191485,-1.1770557413189973,1.6762895584106445,1.0,0.4666666666666667,0.5833333333333334,0.0,0.0011355467256426034,24,10,10,14,0,16
B,2,2102,enet,100.0,0.5,2563.070200234236,-1.187685335180942,2.075777292251587,1.0,0.23333333333333334,0.4117647058823529,0.0,0.0038011633792457812,17,10,10,7,0,23
B,2,2102,enet,200.0,0.5,2565.550505468342,-1.2066428417606125,1.9653568267822266,0.6,0.1,0.3333333333333333,0.4,0.008047569072669602,9,10,6,3,4,27
B,4,2104,none,0.0,,5051.185359599149,-2.4750882455366354,5.646234750747681,1.0,1.0,0.75,0.0,0.006070760070432758,40,10,10,30,0,0
B,4,2104,lasso,1.0,,5044.314984954444,-2.47250426569288,5.56308913230896,1.0,0.9666666666666667,0.7435897435897436,0.0,0.005571958179733883,39,10,10,29,0,1
B,4,2104,lasso,2.0,,5030.712219414809,-2.4704339404720908,5.43024206161499,1.0,0.9,0.7297297297297297,0.0,0.005206657030486246,37,10,10,27,0,3
B,4,2104,lasso,5.0,,5011.840461954615,-2.4663687951451756,4.874805927276611,1.0,0.8,0.7058823529411765,0.0,0.00458617013205761,34,10,10,24,0,6
B,4,2104,lasso,10.0,,5009.42270835623,-2.461367535503513,4.573594093322754,1.0,0.7666666666666666,0.696969696969697,0.0,0.003993065142368749,33,10,10,23,0,7
B,4,2104,lasso,20.0,,5010.130367457828,-2.4580488464755446,3.8897573947906494,1.0,0.7,0.6774193548387096,0.0,0.0041730796976862305,31,10,10,21,0,9
B,4,2104,lasso,50.0,,4971.043460272694,-2.4740484330676398,3.0505168437957764,0.9,0.3333333333333333,0.5263157894736842,0.1,0.008520840257426663,19,10,9,10,1,20
B,4,2104,lasso,100.0,,5007.402775915333,-2.5139563270565244,2.9456701278686523,0.7,0.13333333333333333,0.36363636363636365,0.3,0.017564636421582045,11,10,7,4,3,26
B,4,2104,lasso,200.0,,5113.826912917743,-2.5658382921550964,2.230189800262451,0.7,0.0,0.0,0.3,0.023855326927612195,7,10,7,0,3,30
B,4,2104,enet,1.0,0.5,5051.188706015319,-2.4736827130779595,5.700979948043823,1.0,1.0,0.75,0.0,0.005786960689219802,40,10,10,30,0,0
B,4,2104,enet,2.0,0.5,5044.361707372984,-2.472385279166071,5.55155348777771,1.0,0.9666666666666667,0.7435897435897436,0.0,0.005524591309794239,39,10,10,29,0,1
B,4,2104,enet,5.0,0.5,5024.215966049854,-2.4694396118743986,5.234733819961548,1.0,0.8666666666666667,0.7222222222222222,0.0,0.0049949907859617,36,10,10,26,0,4
B,4,2104,enet,10.0,0.5,5019.452112742975,-2.466395637404462,4.7586350440979,1.0,0.8,0.7058823529411765,0.0,0.004549397734125016,34,10,10,24,0,6
B,4,2104,enet,20.0,0.5,5011.708574460344,-2.4622909637401746,4.315827369689941,1.0,0.7666666666666666,0.696969696969697,0.0,0.004165903227692844,33,10,10,23,0,7
B,4,2104,enet,50.0,0.5,5004.122566395316,-2.4642642352499413,3.469611167907715,1.0,0.6,0.6428571428571429,0.0,0.005737886855593349,28,10,10,18,0,12
B,4,2104,enet,100.0,0.5,4985.650582429757,-2.483827239399149,2.874056816101074,0.9,0.3333333333333333,0.5263157894736842,0.1,0.01062977805604171,19,10,9,10,1,20
B,4,2104,enet,200.0,0.5,5044.803901980392,-2.5283257327209494,2.880580425262451,0.7,0.16666666666666666,0.4166666666666667,0.3,0.019533605674405312,12,10,7,5,3,25
B,1,2201,none,0.0,,4044.9388874528972,-1.918499023476444,0.6766095161437988,1.0,1.0,0.75,0.0,0.002861981668076499,40,10,10,30,0,0
B,1,2201,lasso,1.0,,4038.1542861755443,-1.917746977869766,0.6696419715881348,1.0,0.9333333333333333,0.7368421052631579,0.0,0.002611284833689061,38,10,10,28,0,2
B,1,2201,lasso,2.0,,4017.823340684021,-1.9172852211258253,0.7255537509918213,1.0,0.8666666666666667,0.7222222222222222,0.0,0.0023951134178895788,36,10,10,26,0,4
B,1,2201,lasso,5.0,,4006.521014852085,-1.9164131940031657,0.7106633186340332,1.0,0.8,0.7058823529411765,0.0,0.0019414664067869127,34,10,10,24,0,6
B,1,2201,lasso,10.0,,3966.45263548815,-1.9171117639029631,0.7569270133972168,1.0,0.5666666666666667,0.6296296296296297,0.0,0.0017263197724425555,27,10,10,17,0,13
B,1,2201,lasso,20.0,,3896.918106241623,-1.9207529521735192,0.7689948081970215,1.0,0.13333333333333333,0.2857142857142857,0.0,0.0028311004101465266,14,10,10,4,0,26
B,1,2201,lasso,50.0,,4300.313442496312,-2.1453486357261244,0.5078780651092529,0.4,0.0,0.0,0.6,0.13882636395459802,4,10,4,0,6,30
B,1,2201,lasso,100.0,,4362.919329165854,-2.1940069733133285,0.3871738910675049,0.2,0.0,0.0,0.8,0.16670225158018337,2,10,2,0,8,30
B,1,2201,lasso,200.0,,4362.79811760548,-2.1939078031251573,0.3278467655181885,0.2,0.0,0.0,0.8,0.16640616075768225,2,10,2,0,8,30
B,1,2201,enet,1.0,0.5,4044.9995565095987,-1.9181397147637977,0.6666185855865479,1.0,1.0,0.75,0.0,0.002721022882326142,40,10,10,30,0,0
B,1,2201,enet,2.0,0.5,4038.2689646052504,-1.9178821335091687,0.7104477882385254,1.0,0.9666666666666667,0.7435897435897436,0.0,0.0025968967268119128,39,10,10,29,0,1
B,1,2201,enet,5.0,0.5,4018.735518974713,-1.917418045385405,0.7162041664123535,1.0,0.8666666666666667,0.7222222222222222,0.0,0.002316884906536961,36,10,10,26,0,4
B,1,2201,enet,10.0,0.5,4009.0028906423468,-1.9177146726608,0.7148661613464355,1.0,0.8,0.7058823529411765,0.0,0.00211156923648426,34,10,10,24,0,6
B,1,2201,enet,20.0,0.5,3968.973161377482,-1.9215508372768846,0.868105411529541,1.0,0.5333333333333333,0.6153846153846154,0.0,0.0026676163406579995,26,10,10,16,0,14
B,1,2201,enet,50.0,0.5,3969.1811934570023,-1.9586890721218038,1.0919089317321777,1.0,0.06666666666666667,0.16666666666666666,0.0,0.015477329431072828,12,10,10,2,0,28
B,1,2201,enet,100.0,0.5,4323.205841091422,-2.161192986245881,0.3340470790863037,0.4,0.0,0.0,0.6,0.1476451970702066,4,10,4,0,6,30
B,1,2201,enet,200.0,0.5,4362.8810280611,-2.193985591189211,0.35880374908447266,0.2,0.0,0.0,0.8,0.16665344243718888,2,10,2,0,8,30
B,2,2202,none,0.0,,2699.795699861872,-1.1488591133788204,1.3722422122955322,1.0,1.0,0.75,0.0,0.011929566636718332,40,10,10,30,0,0
B,2,2202,lasso,1.0,,2699.866956961121,-1.14808700099895,1.3209335803985596,1.0,0.9666666666666667,0.7435897435897436,0.0,0.011843559817209985,39,10,10,29,0,1
B,2,2202,lasso,2.0,,2686.2425420608442,-1.1473996850599424,1.3043036460876465,1.0,0.9333333333333333,0.7368421052631579,0.0,0.01177316762746748,38,10,10,28,0,2
B,2,2202,lasso,5.0,,2673.71699511204,-1.145674870943544,1.2788665294647217,1.0,0.8666666666666667,0.7222222222222222,0.0,0.011652505153740318,36,10,10,26,0,4
B,2,2202,lasso,10.0,,2650.1482565254278,-1.1437855258460081,1.3177869319915771,1.0,0.7333333333333334,0.6875,0.0,0.011778811325186576,32,10,10,22,0,8
B,2,2202,lasso,20.0,,2619.364437998095,-1.1446858347286393,1.3025720119476318,1.0,0.5333333333333333,0.6153846153846154,0.0,0.012702223999724137,26,10,10,16,0,14
B,2,2202,lasso,50.0,,2626.7387091476376,-1.164376788584626,1.3055849075317383,1.0,0.3,0.47368421052631576,0.0,0.01986941674490435,19,10,10,9,0,21
B,2,2202,lasso,100.0,,2602.7129870945923,-1.1706439881785042,1.443234920501709,0.6,0.23333333333333334,0.5384615384615384,0.4,0.02222044674542386,13,10,6,7,4,23
B,2,2202,lasso,200.0,,2593.295909780924,-1.1783332313401003,2.3090529441833496,0.6,0.06666666666666667,0.25,0.4,0.022291649942950062,8,10,6,2,4,28
B,2,2202,enet,1.0,0.5,2699.8204469348884,-1.148416576921646,1.368579626083374,1.0,1.0,0.75,0.0,0.01188505488655794,40,10,10,30,0,0
B,2,2202,enet,2.0,0.5,2699.8835814885515,-1.1479959413491008,1.3213109970092773,1.0,1.0,0.75,0.0,0.011844255424114622,40,10,10,30,0,0
B,2,2202,enet,5.0,0.5,2686.471186356886,-1.1468827186398394,1.3113975524902344,1.0,0.9,0.7297297297297297,0.0,0.01175360194795219,37,10,10,27,0,3
B,2,2202,enet,10.0,0.5,2680.948526794321,-1.1454379290610008,1.2878847122192383,1.0,0.8,0.7058823529411765,0.0,0.011697590568682092,34,10,10,24,0,6
B,2,2202,enet,20.0,0.5,2651.135070278915,-1.143718051620653,1.3647081851959229,1.0,0.7,0.6774193548387096,0.0,0.011932694030744664,31,10,10,21,0,9
B,2,2202,enet,50.0,0.5,2621.0736295352294,-1.1475601682790133,1.3382906913757324,1.0,0.5,0.6,0.0,0.013938516223951234,25,10,10,15,0,15
B,2,2202,enet,100.0,0.5,2622.959014327379,-1.165574156360741,1.322652816772461,0.9,0.3,0.5,0.1,0.020276763058264233,18,10,9,9,1,21
B,2,2202,enet,200.0,0.5,2604.1571066687666,-1.1714330116275542,1.360548973083496,0.6,0.23333333333333334,0.5384615384615384,0.4,0.022238773163137063,13,10,6,7,4,23
B,4,2204,none,0.0,,5106.4843063667395,-2.509930673250821,11.688867807388306,1.0,1.0,0.75,0.0,0.006664344399812893,40,10,10,30,0,0
B,4,2204,lasso,1.0,,5099.874214230975,-2.5055728591177786,11.715824365615845,1.0,0.9666666666666667,0.7435897435897436,0.0,0.005896082362958747,39,10,10,29,0,1
B,4,2204,lasso,2.0,,5100.104696707486,-2.5035515319461803,10.914323568344116,1.0,0.9666666666666667,0.7435897435897436,0.0,0.005875241384271064,39,10,10,29,0,1
B,4,2204,lasso,5.0,,5081.420801188674,-2.4906978281901866,8.979677438735962,1.0,0.8666666666666667,0.7222222222222222,0.0,0.0041365899196393816,36,10,10,26,0,4
B,4,2204,lasso,10.0,,5080.6840817047405,-2.481136620373041,7.715192079544067,1.0,0.8333333333333333,0.7142857142857143,0.0,0.003117642785818336,35,10,10,25,0,5
B,4,2204,lasso,20.0,,5075.144639516812,-2.479003315468037,6.6153624057769775,1.0,0.7,0.6774193548387096,0.0,0.0024688741835959603,31,10,10,21,0,9
B,4,2204,lasso,50.0,,5060.380260222642,-2.510940720755998,5.425877571105957,1.0,0.3333333333333333,0.5,0.0,0.00786911624388906,20,10,10,10,0,20
B,4,2204,lasso,100.0,,5114.11022652751,-2.610848347963485,4.690795660018921,0.7,0.16666666666666666,0.4166666666666667,0.3,0.018693530635288,12,10,7,5,3,25
B,4,2204,lasso,200.0,,5209.726060685392,-2.7137649266176385,4.886955976486206,0.6,0.0,0.0,0.4,0.027028572426428525,6,10,6,0,4,30
B,4,2204,enet,1.0,0.5,5106.584907405562,-2.5064786827154895,11.978106260299683,1.0,1.0,0.75,0.0,0.006159624119021414,40,10,10,30,0,0
B,4,2204,enet,2.0,0.5,5106.835915301021,-2.502935956891964,12.60884976387024,1.0,1.0,0.75,0.0,0.005651754258201638,40,10,10,30,0,0
B,4,2204,enet,5.0,0.5,5094.060981797936,-2.4956423623229784,10.019706726074219,1.0,0.9333333333333333,0.7368421052631579,0.0,0.004706424627114707,38,10,10,28,0,2
B,4,2204,enet,10.0,0.5,5082.454897021996,-2.4892360247055283,8.576643228530884,1.0,0.8666666666666667,0.7222222222222222,0.0,0.003987116320130768,36,10,10,26,0,4
B,4,2204,enet,20.0,0.5,5083.459928864792,-2.4802566454456123,7.202124834060669,1.0,0.8333333333333333,0.7142857142857143,0.0,0.003105329234612078,35,10,10,25,0,5
B,4,2204,enet,50.0,0.5,5078.020286374545,-2.4849656114919942,5.82817530632019,1.0,0.6,0.6428571428571429,0.0,0.003892399968385695,28,10,10,18,0,12
B,4,2204,enet,100.0,0.5,5081.01759747443,-2.5329674018560278,4.893242597579956,1.0,0.3333333333333333,0.5,0.0,0.010413648881980833,20,10,10,10,0,20
B,4,2204,enet,200.0,0.5,5142.438671955718,-2.6376026652861784,4.7087695598602295,0.7,0.13333333333333333,0.36363636363636365,0.3,0.020456840795676785,11,10,7,4,3,26
B,1,2301,none,0.0,,4097.466518792172,-1.9151211655491092,0.7590687274932861,1.0,1.0,0.75,0.0,0.008391627637172903,40,10,10,30,0,0
B,1,2301,lasso,1.0,,4090.8443616819513,-1.9127425790160255,0.6991786956787109,1.0,0.9666666666666667,0.7435897435897436,0.0,0.0075985787269256064,39,10,10,29,0,1
B,1,2301,lasso,2.0,,4084.573246532236,-1.9108268787325318,0.7510590553283691,1.0,0.9333333333333333,0.7368421052631579,0.0,0.006949871210359672,38,10,10,28,0,2
B,1,2301,lasso,5.0,,4060.792329357699,-1.9059614962706124,0.6859583854675293,1.0,0.8,0.7058823529411765,0.0,0.005469068236735914,34,10,10,24,0,6
B,1,2301,lasso,10.0,,4037.6743144320963,-1.9004718419511164,0.8021917343139648,1.0,0.6333333333333333,0.6551724137931034,0.0,0.00405912322018024,29,10,10,19,0,11
B,1,2301,lasso,20.0,,3984.0580875488467,-1.907625936253994,0.8418159484863281,1.0,0.16666666666666666,0.3333333333333333,0.0,0.006746272302958352,15,10,10,5,0,25
B,1,2301,lasso,50.0,,4311.144066724147,-2.1311892477878938,0.5475096702575684,0.4,0.0,0.0,0.6,0.1325375034503091,4,10,4,0,6,30
B,1,2301,lasso,100.0,,4415.053597424637,-2.1824492255643806,0.4637277126312256,0.30000000000000004,0.0,0.0,0.7,0.16112503429519442,3,10,3,0,7,30
B,1,2301,lasso,200.0,,4420.640381382793,-2.1875767137197717,0.6821136474609375,0.2,0.0,0.0,0.8,0.16359019524301693,2,10,2,0,8,30
B,1,2301,enet,1.0,0.5,4097.64183915856,-1.913710733017248,0.6882164478302002,1.0,1.0,0.75,0.0,0.007946830450937508,40,10,10,30,0,0
B,1,2301,enet,2.0,0.5,4091.0762109243287,-1.9125137347401988,0.7371406555175781,1.0,0.9666666666666667,0.7435897435897436,0.0,0.007544026846030289,39,10,10,29,0,1
B,1,2301,enet,5.0,0.5,4072.2784935601285,-1.909836105478747,0.7234025001525879,1.0,0.8666666666666667,0.7222222222222222,0.0,0.006670659443970906,36,10,10,26,0,4
B,1,2301,enet,10.0,0.5,4064.593436975259,-1.9068769034128428,0.727531909942627,1.0,0.8,0.7058823529411765,0.0,0.005870569865234657,34,10,10,24,0,6
B,1,2301,enet,20.0,0.5,4044.9440880367483,-1.90708415895624,0.7946286201477051,1.0,0.6,0.6428571428571429,0.0,0.0063833582656515776,28,10,10,18,0,12
B,1,2301,enet,50.0,0.5,4108.4764127180715,-1.9898289410538246,1.155144453048706,1.0,0.06666666666666667,0.16666666666666666,0.0,0.04963175392152285,12,10,10,2,0,28
B,1,2301,enet,100.0,0.5,4338.098321505993,-2.1455731143508774,0.5199344158172607,0.4,0.0,0.0,0.6,0.14071858321780945,4,10,4,0,6,30
B,1,2301,enet,200.0,0.5,4424.99015441577,-2.186740749651611,0.6502587795257568,0.30000000000000004,0.0,0.0,0.7,0.1636864361908129,3,10,3,0,7,30
B,2,2302,none,0.0,,2446.7431573284634,-1.1454494464892715,1.3029627799987793,1.0,1.0,0.75,0.0,0.0012833254056893487,40,10,10,30,0,0
B,2,2302,lasso,1.0,,2446.7662117762416,-1.1448485686011058,1.2803854942321777,1.0,1.0,0.75,0.0,0.001212991108230891,40,10,10,30,0,0
B,2,2302,lasso,2.0,,2439.9945139857864,-1.1442908692627485,1.346278429031372,1.0,0.9666666666666667,0.7435897435897436,0.0,0.0011513000779946783,39,10,10,29,0,1
B,2,2302,lasso,5.0,,2427.2055088327297,-1.1427439752276756,1.4844181537628174,1.0,0.9,0.7297297297297297,0.0,0.0010112165072250815,37,10,10,27,0,3
B,2,2302,lasso,10.0,,2381.1079145221283,-1.141057093582775,1.5450842380523682,1.0,0.6666666666666666,0.6666666666666666,0.0,0.000898008591536912,30,10,10,20,0,10
B,2,2302,lasso,20.0,,2352.5253374566314,-1.1390930563262425,1.6416447162628174,1.0,0.5,0.6,0.0,0.0009220235181293153,25,10,10,15,0,15
B,2,2302,lasso,50.0,,2370.1949140883617,-1.1433856889764502,1.6180274486541748,1.0,0.4,0.5454545454545454,0.0,0.0027186391628408364,22,10,10,12,0,18
B,2,2302,lasso,100.0,,2397.478968871455,-1.1680752304883435,1.6785459518432617,0.7,0.23333333333333334,0.5,0.3,0.008378996575682904,14,10,7,7,3,23
B,2,2302,lasso,200.0,,2377.520734801776,-1.1797159420727013,1.8767197132110596,0.6,0.03333333333333333,0.14285714285714285,0.4,0.008501639409791201,7,10,6,1,4,29
B,2,2302,enet,1.0,0.5,2446.7408260015627,-1.145120918345475,1.3147077560424805,1.0,1.0,0.75,0.0,0.0012443523408441147,40,10,10,30,0,0
B,2,2302,enet,2.0,0.5,2446.7727610030834,-1.1448076456014267,1.3303539752960205,1.0,1.0,0.75,0.0,0.0012079863676468714,40,10,10,30,0,0
B,2,2302,enet,5.0,0.5,2440.1520472125594,-1.1439395911717212,1.455352544784546,1.0,0.9666666666666667,0.7435897435897436,0.0,0.0011140963647262396,39,10,10,29,0,1
B,2,2302,enet,10.0,0.5,2427.410672259465,-1.1426639112054964,1.5110690593719482,1.0,0.9,0.7297297297297297,0.0,0.0010038188399177212,37,10,10,27,0,3
B,2,2302,enet,20.0,0.5,2381.8611620144384,-1.141067142454066,1.4886369705200195,1.0,0.6666666666666666,0.6666666666666666,0.0,0.000908936601231187,30,10,10,20,0,10
B,2,2302,enet,50.0,0.5,2360.0792012968454,-1.1396727799955835,1.785444736480713,1.0,0.5,0.6,0.0,0.0012249469952480701,25,10,10,15,0,15
B,2,2302,enet,100.0,0.5,2388.4111773695404,-1.1481862105686433,1.6817960739135742,1.0,0.43333333333333335,0.5652173913043478,0.0,0.0035459986265114203,23,10,10,13,0,17
B,2,2302,enet,200.0,0.5,2399.5921057693763,-1.1694167909800064,1.7947134971618652,0.7,0.23333333333333334,0.5,0.3,0.008378198346207736,14,10,7,7,3,23
B,4,2304,none,0.0,,5063.027938307849,-2.513998292930691,4.923673868179321,1.0,1.0,0.75,0.0,0.008879272983534851,40,10,10,30,0,0
B,4,2304,lasso,1.0,,5063.263540999016,-2.5161052334039837,4.961606025695801,1.0,1.0,0.75,0.0,0.009366805893236253,40,10,10,30,0,0
B,4,2304,lasso,2.0,,5063.835484082059,-2.5089082684833186,4.970098257064819,1.0,1.0,0.75,0.0,0.007921493060210156,40,10,10,30,0,0
B,4,2304,lasso,5.0,,5052.197173158028,-2.506666028481212,4.884735822677612,1.0,0.9333333333333333,0.7368421052631579,0.0,0.007830986373644246,38,10,10,28,0,2
B,4,2304,lasso,10.0,,5052.1008707976325,-2.498034610332707,4.164801836013794,1.0,0.9,0.7297297297297297,0.0,0.006775787423892746,37,10,10,27,0,3
B,4,2304,lasso,20.0,,5005.557317035179,-2.502593856488982,3.8060243129730225,1.0,0.6,0.6428571428571429,0.0,0.007713529203171112,28,10,10,18,0,12
B,4,2304,lasso,50.0,,4984.443463071735,-2.518121899083727,3.3688457012176514,0.9,0.26666666666666666,0.47058823529411764,0.1,0.013030346765096316,17,10,9,8,1,22
B,4,2304,lasso,100.0,,5036.064508963035,-2.552005162680182,2.865147590637207,0.9,0.06666666666666667,0.18181818181818182,0.1,0.020002282216829547,11,10,9,2,1,28
B,4,2304,lasso,200.0,,5204.860294914403,-2.6784297989807877,2.893608331680298,0.6,0.0,0.0,0.4,0.026117380324504676,6,10,6,0,4,30
B,4,2304,enet,1.0,0.5,5063.202846840981,-2.517493903022107,4.60058069229126,1.0,1.0,0.75,0.0,0.009604844069043671,40,10,10,30,0,0
B,4,2304,enet,2.0,0.5,5063.548602615711,-2.5116569407015863,4.861406326293945,1.0,1.0,0.75,0.0,0.008298064803646503,40,10,10,30,0,0
B,4,2304,enet,5.0,0.5,5057.528327560496,-2.513092872264098,4.989961862564087,1.0,0.9666666666666667,0.7435897435897436,0.0,0.00875898288357523,39,10,10,29,0,1
B,4,2304,enet,10.0,0.5,5053.046893641083,-2.5067218926369006,4.506360054016113,1.0,0.9333333333333333,0.7368421052631579,0.0,0.00785867327299854,38,10,10,28,0,2
B,4,2304,enet,20.0,0.5,5054.353619077888,-2.50005469824251,4.046168565750122,1.0,0.9,0.7297297297297297,0.0,0.007173896168897091,37,10,10,27,0,3
B,4,2304,enet,50.0,0.5,5013.339937588455,-2.5091383889117242,3.7257094383239746,1.0,0.5666666666666667,0.6296296296296297,0.0,0.009542804518799814,27,10,10,17,0,13
B,4,2304,enet,100.0,0.5,5005.249381298235,-2.5263326576547023,3.234373092651367,0.9,0.3,0.5,0.1,0.014461459360432307,18,10,9,9,1,21
B,4,2304,enet,200.0,0.5,5089.81445979172,-2.5796866375075376,2.7434494495391846,0.9,0.1,0.25,0.1,0.022065991619104608,12,10,9,3,1,27
B,1,2401,none,0.0,,4130.795959996699,-1.9146072080421586,0.5741043090820312,1.0,1.0,0.75,0.0,0.004343121353595361,40,10,10,30,0,0
B,1,2401,lasso,1.0,,4117.25485428059,-1.9127896901785444,0.5842454433441162,1.0,0.9333333333333333,0.7368421052631579,0.0,0.003736081070561575,38,10,10,28,0,2
B,1,2401,lasso,2.0,,4117.949540832391,-1.9113528175926626,0.5873317718505859,1.0,0.9333333333333333,0.7368421052631579,0.0,0.0032238271439623068,38,10,10,28,0,2
B,1,2401,lasso,5.0,,4087.9048886452415,-1.9087317109804007,0.6234016418457031,1.0,0.7666666666666666,0.696969696969697,0.0,0.0022148085276755152,33,10,10,23,0,7
B,1,2401,lasso,10.0,,4029.883387789728,-1.9093582788956522,0.6543352603912354,1.0,0.43333333333333335,0.5652173913043478,0.0,0.002085370349286261,23,10,10,13,0,17
B,1,2401,lasso,20.0,,3979.9184618284066,-1.9232343929113507,1.2083163261413574,1.0,0.03333333333333333,0.09090909090909091,0.0,0.006497572516825897,11,10,10,1,0,29
B,1,2401,lasso,50.0,,4317.757377391786,-2.1224078813278986,0.6615314483642578,0.5,0.0,0.0,0.5,0.12805462959701303,5,10,5,0,5,30
B,1,2401,lasso,100.0,,4418.272531135392,-2.186102735992344,0.32242870330810547,0.2,0.0,0.0,0.8,0.16435747012842677,2,10,2,0,8,30
B,1,2401,lasso,200.0,,4418.130293178122,-2.1860789976745436,0.27318668365478516,0.2,0.0,0.0,0.8,0.16416738599869674,2,10,2,0,8,30
B,1,2401,enet,1.0,0.5,4124.040700727129,-1.91349733988293,0.5594956874847412,1.0,0.9666666666666667,0.7435897435897436,0.0,0.003956888505682637,39,10,10,29,0,1
B,1,2401,enet,2.0,0.5,4124.390842213202,-1.912390784120702,0.612755537033081,1.0,0.9666666666666667,0.7435897435897436,0.0,0.003627496529191974,39,10,10,29,0,1
B,1,2401,enet,5.0,0.5,4119.668601760986,-1.9101298930522759,0.6240301132202148,1.0,0.9333333333333333,0.7368421052631579,0.0,0.0028904115613071785,38,10,10,28,0,2
B,1,2401,enet,10.0,0.5,4092.18079487249,-1.9090187335910185,0.6804294586181641,1.0,0.7666666666666666,0.696969696969697,0.0,0.0025191065083461158,33,10,10,23,0,7
B,1,2401,enet,20.0,0.5,4031.355488963393,-1.9164344589467461,1.1214449405670166,1.0,0.36666666666666664,0.5238095238095238,0.0,0.004577970688254192,21,10,10,11,0,19
B,1,2401,enet,50.0,0.5,4123.607678506768,-1.9971108987594104,0.9170775413513184,1.0,0.03333333333333333,0.09090909090909091,0.0,0.05151887577599537,11,10,10,1,0,29
B,1,2401,enet,100.0,0.5,4364.717984920186,-2.1512198851943403,0.28186798095703125,0.4,0.0,0.0,0.6,0.14495522541434322,4,10,4,0,6,30
B,1,2401,enet,200.0,0.5,4418.231850587835,-2.1861126245441516,0.2966432571411133,0.2,0.0,0.0,0.8,0.16430644925469826,2,10,2,0,8,30
B,2,2402,none,0.0,,2611.6622064875805,-1.1551027257016175,1.344674825668335,1.0,0.9666666666666667,0.7435897435897436,0.0,0.0010810920252731528,39,10,10,29,0,1
B,2,2402,lasso,1.0,,2604.815804985098,-1.1547266597068369,1.299159288406372,1.0,0.9666666666666667,0.7435897435897436,0.0,0.0010115441568368292,39,10,10,29,0,1
B,2,2402,lasso,2.0,,2598.0876936000827,-1.1544031716657988,1.2845053672790527,1.0,0.9,0.7297297297297297,0.0,0.0009536767446768624,37,10,10,27,0,3
B,2,2402,lasso,5.0,,2585.5092622149,-1.1533953701766948,1.8634586334228516,1.0,0.8666666666666667,0.7222222222222222,0.0,0.0008351023254591438,36,10,10,26,0,4
B,2,2402,lasso,10.0,,2560.9456464521086,-1.1532222316610024,1.5947184562683105,1.0,0.7333333333333334,0.6875,0.0,0.0008133541691105452,32,10,10,22,0,8
B,2,2402,lasso,20.0,,2526.7926630462266,-1.1548052967937215,1.6012535095214844,1.0,0.5333333333333333,0.6153846153846154,0.0,0.0011046397671264378,26,10,10,16,0,14
B,2,2402,lasso,50.0,,2545.2459890759196,-1.173812915060882,1.7814016342163086,0.9,0.43333333333333335,0.5909090909090909,0.1,0.005100704156979505,22,10,9,13,1,17
B,2,2402,lasso,100.0,,2534.827496783683,-1.184845447071539,2.0806477069854736,0.6,0.26666666666666666,0.5714285714285714,0.4,0.00797784237262538,14,10,6,8,4,22
B,2,2402,lasso,200.0,,2501.194803309535,-1.1916604325675897,2.6192147731781006,0.6,0.03333333333333333,0.14285714285714285,0.4,0.007988877539158081,7,10,6,1,4,29
B,2,2402,enet,1.0,0.5,2604.7708153014964,-1.1549119328924158,1.3082304000854492,1.0,0.9666666666666667,0.7435897435897436,0.0,0.001043297148929981,39,10,10,29,0,1
B,2,2402,enet,2.0,0.5,2604.8266181082818,-1.154732562303534,1.3034148216247559,1.0,0.9666666666666667,0.7435897435897436,0.0,0.001008995434495854,39,10,10,29,0,1
B,2,2402,enet,5.0,0.5,2591.3812443171983,-1.1542732795765327,1.341170310974121,1.0,0.9,0.7297297297297297,0.0,0.0009265163070841997,37,10,10,27,0,3
B,2,2402,enet,10.0,0.5,2585.755072561406,-1.153526439524553,1.7187681198120117,1.0,0.8666666666666667,0.7222222222222222,0.0,0.0008419990949049758,36,10,10,26,0,4
B,2,2402,enet,20.0,0.5,2561.786184888853,-1.153778470193799,1.6137731075286865,1.0,0.7333333333333334,0.6875,0.0,0.0008678433199674309,32,10,10,22,0,8
B,2,2402,enet,50.0,0.5,2536.306910433999,-1.1589132138268483,1.606666088104248,1.0,0.5333333333333333,0.6153846153846154,0.0,0.0017836669432826301,26,10,10,16,0,14
B,2,2402,enet,100.0,0.5,2550.6673936598204,-1.1763709379794287,1.7505970001220703,0.9,0.43333333333333335,0.5909090909090909,0.1,0.005661142732685748,22,10,9,13,1,17
B,2,2402,enet,200.0,0.5,2529.373397310706,-1.1854958549472663,2.161628246307373,0.6,0.26666666666666666,0.5714285714285714,0.4,0.007991436369000883,14,10,6,8,4,22
B,4,2404,none,0.0,,5135.612884809306,-2.4941025601680487,6.527860879898071,1.0,1.0,0.75,0.0,0.0038637477905110306,40,10,10,30,0,0
B,4,2404,lasso,1.0,,5135.845359664513,-2.49085715812706,6.4400084018707275,1.0,1.0,0.75,0.0,0.003263513611605024,40,10,10,30,0,0
B,4,2404,lasso,2.0,,5129.257714023531,-2.487254600613416,6.135096311569214,1.0,0.9666666666666667,0.7435897435897436,0.0,0.0028869794003132587,39,10,10,29,0,1
B,4,2404,lasso,5.0,,5124.579561275501,-2.4784625627372927,5.959903717041016,1.0,0.9333333333333333,0.7368421052631579,0.0,0.0018790574220817454,38,10,10,28,0,2
B,4,2404,lasso,10.0,,5096.327962777107,-2.4693656806825395,5.481471300125122,1.0,0.7666666666666666,0.696969696969697,0.0,0.0010510892078159772,33,10,10,23,0,7
B,4,2404,lasso,20.0,,5060.495040980804,-2.4657994825188934,5.03927206993103,1.0,0.5333333333333333,0.6153846153846154,0.0,0.0010882123612585364,26,10,10,16,0,14
B,4,2404,lasso,50.0,,5059.013254490672,-2.471597906766824,4.224079132080078,1.0,0.3333333333333333,0.5,0.0,0.0038169585113902475,20,10,10,10,0,20
B,4,2404,lasso,100.0,,5122.06603221449,-2.5242078899731384,4.008203983306885,1.0,0.06666666666666667,0.16666666666666666,0.0,0.015793110813129493,12,10,10,2,0,28
B,4,2404,lasso,200.0,,5337.883824075727,-2.6467638451348856,2.7582859992980957,0.6,0.0,0.0,0.4,0.03103532363926867,6,10,6,0,4,30
B,4,2404,enet,1.0,0.5,5135.618746451348,-2.4923206034265313,6.401803255081177,1.0,1.0,0.75,0.0,0.0035926621151278915,40,10,10,30,0,0
B,4,2404,enet,2.0,0.5,5135.910723175317,-2.4905416632861863,6.290712356567383,1.0,1.0,0.75,0.0,0.0032039937104279834,40,10,10,30,0,0
B,4,2404,enet,5.0,0.5,5130.083706977011,-2.4852242319814644,6.015514373779297,1.0,0.9666666666666667,0.7435897435897436,0.0,0.0024132135997085944,39,10,10,29,0,1
B,4,2404,enet,10.0,0.5,5125.964623566018,-2.476845269829131,6.081950664520264,1.0,0.9333333333333333,0.7368421052631579,0.0,0.0015546474014411205,38,10,10,28,0,2
B,4,2404,enet,20.0,0.5,5098.903397071369,-2.4686472156656762,5.327272176742554,1.0,0.7666666666666666,0.696969696969697,0.0,0.0009993877995237714,33,10,10,23,0,7
B,4,2404,enet,50.0,0.5,5074.256216346627,-2.468828187273465,4.888329982757568,1.0,0.5333333333333333,0.6153846153846154,0.0,0.00210334289513443,26,10,10,16,0,14
B,4,2404,enet,100.0,0.5,5084.601383668951,-2.482953507303121,4.114729642868042,1.0,0.3333333333333333,0.5,0.0,0.006675349945288158,20,10,10,10,0,20
B,4,2404,enet,200.0,0.5,5172.271431915989,-2.5465209339076282,3.5613632202148438,1.0,0.06666666666666667,0.16666666666666666,0.0,0.01977035456934049,12,10,10,2,0,28
B,1,2501,none,0.0,,4086.739077256155,-1.9231016347752654,0.5364487171173096,1.0,1.0,0.75,0.0,0.005364114175224421,40,10,10,30,0,0
B,1,2501,lasso,1.0,,4073.0682515752496,-1.92195698530144,0.5529851913452148,1.0,0.9333333333333333,0.7368421052631579,0.0,0.005051282994615753,38,10,10,28,0,2
B,1,2501,lasso,2.0,,4059.6900394662125,-1.9208710573260914,0.5654575824737549,1.0,0.8666666666666667,0.7222222222222222,0.0,0.004778938710801107,36,10,10,26,0,4
B,1,2501,lasso,5.0,,4041.941062209737,-1.9182415482563793,0.5631365776062012,1.0,0.7666666666666666,0.696969696969697,0.0,0.004209613389695021,33,10,10,23,0,7
B,1,2501,lasso,10.0,,4008.806275350859,-1.915172869810698,0.7091667652130127,1.0,0.5666666666666667,0.6296296296296297,0.0,0.0038895061876958294,27,10,10,17,0,13
B,1,2501,lasso,20.0,,3956.53715583549,-1.9168493124818078,0.6654891967773438,1.0,0.2,0.375,0.0,0.005506299475737471,16,10,10,6,0,24
B,1,2501,lasso,50.0,,4342.896034426749,-2.10167760497605,0.4380946159362793,0.7,0.0,0.0,0.3,0.12696827760048618,7,10,7,0,3,30
B,1,2501,lasso,100.0,,4438.159730170075,-2.163655032071998,0.6830823421478271,0.2,0.0,0.0,0.8,0.16155034101722823,2,10,2,0,8,30
B,1,2501,lasso,200.0,,4438.429157954154,-2.1637037005313657,0.43039774894714355,0.2,0.0,0.0,0.8,0.16179238185108324,2,10,2,0,8,30
B,1,2501,enet,1.0,0.5,4086.813104555292,-1.9226208899107862,0.5517654418945312,1.0,1.0,0.75,0.0,0.005242379026156397,40,10,10,30,0,0
B,1,2501,enet,2.0,0.5,4073.195728698162,-1.922164693580212,0.5540370941162109,1.0,0.9333333333333333,0.7368421052631579,0.0,0.005139768223131318,38,10,10,28,0,2
B,1,2501,enet,5.0,0.5,4060.68052643183,-1.9210005839514235,0.5972127914428711,1.0,0.8666666666666667,0.7222222222222222,0.0,0.004931211149044929,36,10,10,26,0,4
B,1,2501,enet,10.0,0.5,4037.5062873341844,-1.9198779446351253,0.6285254955291748,1.0,0.7333333333333334,0.6875,0.0,0.0049001119911749255,32,10,10,22,0,8
B,1,2501,enet,20.0,0.5,4017.769017260426,-1.9197749928014793,0.7281160354614258,1.0,0.5333333333333333,0.6153846153846154,0.0,0.0058416861036831615,26,10,10,16,0,14
B,1,2501,enet,50.0,0.5,4034.908826470036,-1.9469105570824314,0.8449857234954834,1.0,0.13333333333333333,0.2857142857142857,0.0,0.02014726530129551,14,10,10,4,0,26
B,1,2501,enet,100.0,0.5,4373.330794703011,-2.127417607306775,0.31909799575805664,0.4,0.0,0.0,0.6,0.14204955972231292,4,10,4,0,6,30
B,1,2501,enet,200.0,0.5,4438.386805669027,-2.16369790723061,0.5285506248474121,0.2,0.0,0.0,0.8,0.1617354785134761,2,10,2,0,8,30
B,2,2502,none,0.0,,2310.7592380381093,-1.118047540620184,1.096839189529419,1.0,1.0,0.75,0.0,0.001549879658890448,40,10,10,30,0,0
B,2,2502,lasso,1.0,,2310.8161915455776,-1.117601787926315,1.134972333908081,1.0,1.0,0.75,0.0,0.0015177673622196136,40,10,10,30,0,0
B,2,2502,lasso,2.0,,2310.9814262506325,-1.1172124339477352,1.168715476989746,1.0,1.0,0.75,0.0,0.0014945553865316685,40,10,10,30,0,0
B,2,2502,lasso,5.0,,2277.4379425169514,-1.1162602049891461,1.4244165420532227,1.0,0.8333333333333333,0.7142857142857143,0.0,0.001471563004773927,35,10,10,25,0,5
B,2,2502,lasso,10.0,,2266.697024760551,-1.1154980874329692,1.3893258571624756,1.0,0.7666666666666666,0.696969696969697,0.0,0.0015929553134059174,33,10,10,23,0,7
B,2,2502,lasso,20.0,,2234.887279733228,-1.1163380169902242,1.4440686702728271,1.0,0.5666666666666667,0.6296296296296297,0.0,0.0022757557974330623,27,10,10,17,0,13
B,2,2502,lasso,50.0,,2214.5943036785106,-1.131150589071921,1.3421859741210938,0.7,0.3333333333333333,0.5882352941176471,0.3,0.007101651358588567,17,10,7,10,3,20
B,2,2502,lasso,100.0,,2173.9531994972626,-1.1340125511549568,1.208956003189087,0.6,0.13333333333333333,0.4,0.4,0.00790935130681028,10,10,6,4,4,26
B,2,2502,lasso,200.0,,2163.7611316372368,-1.1424460454965426,1.5039005279541016,0.6,0.0,0.0,0.4,0.007957204207888514,6,10,6,0,4,30
B,2,2502,enet,1.0,0.5,2310.7768386569546,-1.1178138835435274,1.1021652221679688,1.0,1.0,0.75,0.0,0.0015351863137449712,40,10,10,30,0,0
B,2,2502,enet,2.0,0.5,2310.827227647997,-1.1175922720838374,1.1489574909210205,1.0,1.0,0.75,0.0,0.0015230529013670207,40,10,10,30,0,0
B,2,2502,enet,5.0,0.5,2297.3453359833265,-1.117016253161893,1.2488374710083008,1.0,0.9333333333333333,0.7368421052631579,0.0,0.0015014681202346063,38,10,10,28,0,2
B,2,2502,enet,10.0,0.5,2277.6565423532966,-1.1163191112576758,1.4113366603851318,1.0,0.8333333333333333,0.7142857142857143,0.0,0.001513834076351999,35,10,10,25,0,5
B,2,2502,enet,20.0,0.5,2267.435308426976,-1.1158083161043062,2.0279548168182373,1.0,0.7666666666666666,0.696969696969697,0.0,0.0017066164923547566,33,10,10,23,0,7
B,2,2502,enet,50.0,0.5,2237.0486661316854,-1.1185210480594612,1.3704733848571777,1.0,0.5333333333333333,0.6153846153846154,0.0,0.0031973524457488112,26,10,10,16,0,14
B,2,2502,enet,100.0,0.5,2215.749531735646,-1.1317795391335095,1.2858779430389404,0.7,0.3333333333333333,0.5882352941176471,0.3,0.007197551899276577,17,10,7,10,3,20
B,2,2502,enet,200.0,0.5,2175.1897347934982,-1.13504422195203,1.2143726348876953,0.6,0.13333333333333333,0.4,0.4,0.00791431144749128,10,10,6,4,4,26
B,4,2504,none,0.0,,5169.214056179282,-2.429819434683156,9.505282402038574,1.0,1.0,0.75,0.0,0.0030727781297284606,40,10,10,30,0,0
B,4,2504,lasso,1.0,,5162.203871971261,-2.4276511992495267,10.02648639678955,1.0,0.9666666666666667,0.7435897435897436,0.0,0.0026205325585657046,39,10,10,29,0,1
B,4,2504,lasso,2.0,,5162.71107139633,-2.4262133419220833,9.722162008285522,1.0,0.9333333333333333,0.7368421052631579,0.0,0.0023047239342667675,38,10,10,28,0,2
B,4,2504,lasso,5.0,,5137.03276826613,-2.422785591384654,9.687634944915771,1.0,0.8333333333333334,0.7142857142857143,0.0,0.0017891029324539948,35,10,10,25,0,5
B,4,2504,lasso,10.0,,5107.367575482229,-2.419625845045564,7.375632047653198,1.0,0.6666666666666667,0.6666666666666666,0.0,0.0012129027110170923,30,10,10,20,0,10
B,4,2504,lasso,20.0,,5098.177969255581,-2.417974443677148,6.332858562469482,1.0,0.5666666666666667,0.6296296296296297,0.0,0.0012353178336728316,27,10,10,17,0,13
B,4,2504,lasso,50.0,,5049.48535507827,-2.4245458198878005,4.477844476699829,1.0,0.13333333333333333,0.2857142857142857,0.0,0.004089829705893855,14,10,10,4,0,26
B,4,2504,lasso,100.0,,5154.89513192245,-2.4731340632308085,4.217936992645264,0.8,0.0,0.0,0.2,0.01603098089173233,8,10,8,0,2,30
B,4,2504,lasso,200.0,,5380.984194028241,-2.5908093603309927,4.732578277587891,0.6,0.0,0.0,0.4,0.026524796478570513,6,10,6,0,4,30
B,4,2504,enet,1.0,0.5,5169.092335860808,-2.428459396335614,10.056756019592285,1.0,1.0,0.75,0.0,0.002797965857651155,40,10,10,30,0,0
B,4,2504,enet,2.0,0.5,5162.323360018582,-2.4276453202058375,9.800540447235107,1.0,0.9666666666666667,0.7435897435897436,0.0,0.002583165636308555,39,10,10,29,0,1
B,4,2504,enet,5.0,0.5,5163.101600306049,-2.4250613203582665,9.511508464813232,1.0,0.9333333333333333,0.7368421052631579,0.0,0.0020676857663734067,38,10,10,28,0,2
B,4,2504,enet,10.0,0.5,5144.5884684046,-2.4225990382449565,8.851197481155396,1.0,0.8666666666666667,0.7222222222222222,0.0,0.0016872656173307868,36,10,10,26,0,4
B,4,2504,enet,20.0,0.5,5102.371048650609,-2.4199405587948957,6.837041616439819,1.0,0.6333333333333333,0.6551724137931034,0.0,0.0013828702144798196,29,10,10,19,0,11
B,4,2504,enet,50.0,0.5,5084.90761300494,-2.4205842869163154,5.232461214065552,1.0,0.4,0.5454545454545454,0.0,0.0022725391396061167,22,10,10,12,0,18
B,4,2504,enet,100.0,0.5,5079.599848324353,-2.432928920304549,4.544408321380615,1.0,0.16666666666666666,0.3333333333333333,0.0,0.006144843875235791,15,10,10,5,0,25
B,4,2504,enet,200.0,0.5,5193.073453853977,-2.4911337978391948,4.448436260223389,0.8,0.0,0.0,0.2,0.01782164160540471,8,10,8,0,2,30
B,1,2601,none,0.0,,4036.823746228912,-1.8992096414014354,0.6756629943847656,1.0,1.0,0.75,0.0,0.004946121786995902,40,10,10,30,0,0
B,1,2601,lasso,1.0,,4016.185236111859,-1.8981730889524588,0.6651418209075928,1.0,0.9,0.7297297297297297,0.0,0.0046308251109648466,37,10,10,27,0,3
B,1,2601,lasso,2.0,,4016.6034451513187,-1.8970616570391745,0.6843252182006836,1.0,0.9,0.7297297297297297,0.0,0.0043610129520671205,37,10,10,27,0,3
B,1,2601,lasso,5.0,,4005.7089939764255,-1.8947179973206192,0.7012369632720947,1.0,0.8,0.7058823529411765,0.0,0.0037945574679991065,34,10,10,24,0,6
B,1,2601,lasso,10.0,,3974.135023596062,-1.8940521685008567,0.7370107173919678,1.0,0.6000000000000001,0.6428571428571429,0.0,0.003499743234781241,28,10,10,18,0,12
B,1,2601,lasso,20.0,,3933.1871371738252,-1.9010650251028858,0.722653865814209,1.0,0.3,0.47368421052631576,0.0,0.005231513007266864,19,10,10,9,0,21
B,1,2601,lasso,50.0,,4282.077094239099,-2.1080762443617815,0.5782055854797363,0.6000000000000001,0.0,0.0,0.4,0.12691927747043155,6,10,6,0,4,30
B,1,2601,lasso,100.0,,4368.232145044024,-2.1621484104378412,0.5438313484191895,0.2,0.0,0.0,0.8,0.16336019650483952,2,10,2,0,8,30
B,1,2601,lasso,200.0,,4368.689298348739,-2.1624241906389505,0.5091521739959717,0.2,0.0,0.0,0.8,0.16387777251214003,2,10,2,0,8,30
B,1,2601,enet,1.0,0.5,4029.947787781014,-1.8988705130883818,0.6848485469818115,1.0,0.9666666666666667,0.7435897435897436,0.0,0.004803317436034274,39,10,10,29,0,1
B,1,2601,enet,2.0,0.5,4016.3153179691926,-1.8984916654409463,0.687537431716919,1.0,0.9,0.7297297297297297,0.0,0.004677655483048293,37,10,10,27,0,3
B,1,2601,enet,5.0,0.5,4010.70450943172,-1.8975820490945243,0.6859622001647949,1.0,0.8666666666666667,0.7222222222222222,0.0,0.0044316241174516355,36,10,10,26,0,4
B,1,2601,enet,10.0,0.5,4001.403576891588,-1.8970755909898014,0.675715446472168,1.0,0.8,0.7058823529411765,0.0,0.004313330705864419,34,10,10,24,0,6
B,1,2601,enet,20.0,0.5,3983.8085430870533,-1.9010248740523545,0.7412071228027344,1.0,0.6333333333333333,0.6551724137931034,0.0,0.005190605451456994,29,10,10,19,0,11
B,1,2601,enet,50.0,0.5,4003.9628088754494,-1.9521600946804907,1.0567114353179932,1.0,0.1,0.23076923076923078,0.0,0.028706787994016433,13,10,10,3,0,27
B,1,2601,enet,100.0,0.5,4314.938980175766,-2.127069805480257,0.3963463306427002,0.5,0.0,0.0,0.5,0.1417120082897767,5,10,5,0,5,30
B,1,2601,enet,200.0,0.5,4368.244623602471,-2.1622374754001807,0.6192998886108398,0.2,0.0,0.0,0.8,0.1632460272889702,2,10,2,0,8,30
B,2,2602,none,0.0,,2559.40837630393,-1.098579803386517,1.4336574077606201,1.0,1.0,0.75,0.0,0.0011319819257741759,40,10,10,30,0,0
B,2,2602,lasso,1.0,,2545.74614568278,-1.098101850889642,1.3777966499328613,1.0,0.9333333333333333,0.7368421052631579,0.0,0.0010725268997307292,38,10,10,28,0,2
B,2,2602,lasso,2.0,,2545.905771091965,-1.097650039297057,1.452695608139038,1.0,0.9333333333333333,0.7368421052631579,0.0,0.0010240407991485923,38,10,10,28,0,2
B,2,2602,lasso,5.0,,2512.2741790857713,-1.0969460576720405,1.781182050704956,1.0,0.7666666666666666,0.696969696969697,0.0,0.000906715954204082,33,10,10,23,0,7
B,2,2602,lasso,10.0,,2486.9831136509583,-1.0959683018541027,1.7341351509094238,1.0,0.6333333333333333,0.6551724137931034,0.0,0.0007947832404507838,29,10,10,19,0,11
B,2,2602,lasso,20.0,,2481.3316761545316,-1.095460546356554,1.676285743713379,1.0,0.5666666666666667,0.6296296296296297,0.0,0.0008444702317781889,27,10,10,17,0,13
B,2,2602,lasso,50.0,,2456.5695780393326,-1.1056476885482254,1.688096046447754,0.9,0.26666666666666666,0.47058823529411764,0.1,0.0030018089688517626,17,10,9,8,1,22
B,2,2602,lasso,100.0,,2463.9505560725265,-1.1273349159219306,2.8670153617858887,0.6,0.1,0.3333333333333333,0.4,0.007910911584621138,9,10,6,3,4,27
B,2,2602,lasso,200.0,,2459.3001864949124,-1.132036532495321,2.4730515480041504,0.6,0.0,0.0,0.4,0.007958495705175006,6,10,6,0,4,30
B,2,2602,enet,1.0,0.5,2552.6093016589994,-1.0982865784769358,1.3824656009674072,1.0,0.9666666666666667,0.7435897435897436,0.0,0.0010970997943637803,39,10,10,29,0,1
B,2,2602,enet,2.0,0.5,2545.7572633292393,-1.0980929080781927,1.3867907524108887,1.0,0.9333333333333333,0.7368421052631579,0.0,0.0010676557226851004,38,10,10,28,0,2
B,2,2602,enet,5.0,0.5,2539.1768871365985,-1.097480315985045,1.5034980773925781,1.0,0.9,0.7297297297297297,0.0,0.0009926616353473174,37,10,10,27,0,3
B,2,2602,enet,10.0,0.5,2512.5074528404807,-1.0969569697503663,1.7593255043029785,1.0,0.7666666666666666,0.696969696969697,0.0,0.0008993848582686578,33,10,10,23,0,7
B,2,2602,enet,20.0,0.5,2487.8251699031534,-1.096186862909835,1.8446447849273682,1.0,0.6333333333333333,0.6551724137931034,0.0,0.0008116306097723038,29,10,10,19,0,11
B,2,2602,enet,50.0,0.5,2484.567218946893,-1.097766926494617,1.6745808124542236,1.0,0.5333333333333333,0.6153846153846154,0.0,0.0012552429471509145,26,10,10,16,0,14
B,2,2602,enet,100.0,0.5,2465.768360707926,-1.1090057167235914,1.6614861488342285,0.9,0.26666666666666666,0.47058823529411764,0.1,0.003682225137203519,17,10,9,8,1,22
B,2,2602,enet,200.0,0.5,2465.3395747717177,-1.1273860105374733,2.90035080909729,0.6,0.1,0.3333333333333333,0.4,0.007912568581929354,9,10,6,3,4,27
B,4,2604,none,0.0,,4972.346182012092,-2.5112261452702933,7.0129265785217285,1.0,1.0,0.75,0.0,0.0042833241687572025,40,10,10,30,0,0
B,4,2604,lasso,1.0,,4958.726928351161,-2.508429138040502,6.941072225570679,1.0,0.9333333333333333,0.7368421052631579,0.0,0.0038392870231083952,38,10,10,28,0,2
B,4,2604,lasso,2.0,,4931.648871677985,-2.5049194925149387,6.836954832077026,1.0,0.8,0.7058823529411765,0.0,0.0033465802509368833,34,10,10,24,0,6
B,4,2604,lasso,5.0,,4926.604490010134,-2.4991733558601315,6.6077187061309814,1.0,0.7666666666666666,0.696969696969697,0.0,0.0027384634838804145,33,10,10,23,0,7
B,4,2604,lasso,10.0,,4925.686612057008,-2.490869768657437,6.308757305145264,1.0,0.7333333333333334,0.6875,0.0,0.0023231739049874842,32,10,10,22,0,8
B,4,2604,lasso,20.0,,4905.879022041013,-2.4857047136498402,6.003392457962036,1.0,0.5666666666666667,0.6296296296296297,0.0,0.0031612666444509846,27,10,10,17,0,13
B,4,2604,lasso,50.0,,4904.56118305175,-2.5049134311444083,4.497875690460205,1.0,0.30000000000000004,0.47368421052631576,0.0,0.010189134237388726,19,10,10,9,0,21
B,4,2604,lasso,100.0,,4975.003360736852,-2.58763211518769,3.975292205810547,0.7,0.1,0.3,0.3,0.02546155609370841,10,10,7,3,3,27
B,4,2604,lasso,200.0,,5052.157419711907,-2.6617085950642294,3.97275972366333,0.6,0.0,0.0,0.4,0.026566715165756313,6,10,6,0,4,30
B,4,2604,enet,1.0,0.5,4972.46036223497,-2.5096660374154207,6.930565595626831,1.0,1.0,0.75,0.0,0.004013445646259815,40,10,10,30,0,0
B,4,2604,enet,2.0,0.5,4972.634328278262,-2.508246442844451,6.881798505783081,1.0,0.9666666666666667,0.7435897435897436,0.0,0.0037894133733853393,39,10,10,29,0,1
B,4,2604,enet,5.0,0.5,4932.32663740875,-2.5033965617418223,6.835171937942505,1.0,0.8,0.7058823529411765,0.0,0.003140601237685513,34,10,10,24,0,6
B,4,2604,enet,10.0,0.5,4928.087779199672,-2.4978134306205892,6.454301834106445,1.0,0.7666666666666666,0.696969696969697,0.0,0.0026552064947737777,33,10,10,23,0,7
B,4,2604,enet,20.0,0.5,4928.037569338144,-2.4921904323347484,6.256407737731934,1.0,0.7333333333333334,0.6875,0.0,0.00274600798435004,32,10,10,22,0,8
B,4,2604,enet,50.0,0.5,4907.957490014906,-2.4942003453986525,4.702843904495239,1.0,0.4666666666666667,0.5833333333333334,0.0,0.005640313157837359,24,10,10,14,0,16
B,4,2604,enet,100.0,0.5,4922.232104488964,-2.5215323849360836,4.45880913734436,1.0,0.30000000000000004,0.47368421052631576,0.0,0.013002509239161936,19,10,10,9,0,21
B,4,2604,enet,200.0,0.5,4996.008855631406,-2.6043631866086505,3.850250244140625,0.7,0.1,0.3,0.3,0.026162440998921836,10,10,7,3,3,27
B,1,2701,none,0.0,,4031.9236868863363,-1.8857492985462592,0.6268649101257324,1.0,0.9666666666666667,0.7435897435897436,0.0,0.0035136528573870623,39,10,10,29,0,1
B,1,2701,lasso,1.0,,4018.4154718583745,-1.8846238857824547,0.5951783657073975,1.0,0.9333333333333333,0.7368421052631579,0.0,0.0031393429014737427,38,10,10,28,0,2
B,1,2701,lasso,2.0,,4005.599542586295,-1.8839962728738082,0.5494420528411865,1.0,0.8666666666666667,0.7222222222222222,0.0,0.0028804036576081963,36,10,10,26,0,4
B,1,2701,lasso,5.0,,3975.1467075371734,-1.8828964293808308,0.5130674839019775,1.0,0.7,0.6774193548387096,0.0,0.0026300101933712586,31,10,10,21,0,9
B,1,2701,lasso,10.0,,3923.727383378213,-1.8850142309253934,0.5464761257171631,1.0,0.36666666666666664,0.5238095238095238,0.0,0.0035754389122377352,21,10,10,11,0,19
B,1,2701,lasso,20.0,,3895.5561615750275,-1.8986124584264492,0.5996098518371582,1.0,0.13333333333333333,0.2857142857142857,0.0,0.009572501499433207,14,10,10,4,0,26
B,1,2701,lasso,50.0,,4099.237226761285,-2.0322437801829647,0.7188816070556641,0.7,0.0,0.0,0.3,0.09948141033260031,7,10,7,0,3,30
B,1,2701,lasso,100.0,,4361.321581802197,-2.1600813406022463,0.680436372756958,0.2,0.0,0.0,0.8,0.16175103655920678,2,10,2,0,8,30
B,1,2701,lasso,200.0,,4361.23362185347,-2.1600453886008015,0.48215484619140625,0.2,0.0,0.0,0.8,0.16162970237938407,2,10,2,0,8,30
B,1,2701,enet,1.0,0.5,4018.2777079224,-1.8851904414959808,0.5943038463592529,1.0,0.9333333333333333,0.7368421052631579,0.0,0.003316286893359461,38,10,10,28,0,2
B,1,2701,enet,2.0,0.5,4018.6435010010587,-1.8847706049274433,0.6007251739501953,1.0,0.9333333333333333,0.7368421052631579,0.0,0.0031682191204501107,38,10,10,28,0,2
B,1,2701,enet,5.0,0.5,3993.5454439290147,-1.884548305914677,0.5443630218505859,1.0,0.8,0.7058823529411765,0.0,0.0030655677109164906,34,10,10,24,0,6
B,1,2701,enet,10.0,0.5,3972.4161977212593,-1.8858893935368306,0.5344505310058594,1.0,0.6666666666666667,0.6666666666666666,0.0,0.003709596665073162,30,10,10,20,0,10
B,1,2701,enet,20.0,0.5,3938.188669094162,-1.8954380504352173,0.5346050262451172,1.0,0.39999999999999997,0.5454545454545454,0.0,0.007658803273084756,22,10,10,12,0,18
B,1,2701,enet,50.0,0.5,3990.593923104497,-1.9593754098526228,0.7332305908203125,1.0,0.1,0.23076923076923078,0.0,0.04227198984386044,13,10,10,3,0,27
B,1,2701,enet,100.0,0.5,4223.159428171103,-2.09229531673114,0.6337747573852539,0.6,0.0,0.0,0.4,0.12488980508444206,6,10,6,0,4,30
B,1,2701,enet,200.0,0.5,4361.285265769792,-2.1600661378874038,0.5419201850891113,0.2,0.0,0.0,0.8,0.161695642429648,2,10,2,0,8,30
B,2,2702,none,0.0,,2667.53452882123,-1.138421629699331,1.4153728485107422,1.0,1.0,0.75,0.0,0.0014577019210615094,40,10,10,30,0,0
B,2,2702,lasso,1.0,,2660.693364596661,-1.137654195716501,1.4966883659362793,1.0,0.9666666666666667,0.7435897435897436,0.0,0.0013746989615912569,39,10,10,29,0,1
B,2,2702,lasso,2.0,,2653.9716896039668,-1.1369541810433204,1.4811716079711914,1.0,0.9,0.7297297297297297,0.0,0.0013058628307569759,37,10,10,27,0,3
B,2,2702,lasso,5.0,,2641.287013214094,-1.1352860899068724,1.4768331050872803,1.0,0.8666666666666667,0.7222222222222222,0.0,0.0011520975598422697,36,10,10,26,0,4
B,2,2702,lasso,10.0,,2631.0540979375655,-1.133937969954815,1.5314114093780518,1.0,0.8,0.7058823529411765,0.0,0.001058530887278718,34,10,10,24,0,6
B,2,2702,lasso,20.0,,2602.1584448387584,-1.1344720480109105,1.4361181259155273,1.0,0.6,0.6428571428571429,0.0,0.0015216680460170186,28,10,10,18,0,12
B,2,2702,lasso,50.0,,2570.8939281510616,-1.1546929614062764,1.59848952293396,0.8,0.3,0.5294117647058824,0.2,0.006782312264879661,17,10,8,9,2,21
B,2,2702,lasso,100.0,,2560.2257177325264,-1.158689411700674,1.7202892303466797,0.6,0.2,0.5,0.4,0.007986167021916728,12,10,6,6,4,24
B,2,2702,lasso,200.0,,2555.486598600186,-1.1641175078609116,1.8455815315246582,0.6,0.1,0.3333333333333333,0.4,0.008056359759121046,9,10,6,3,4,27
B,2,2702,enet,1.0,0.5,2660.649374539446,-1.138003613366313,1.4326107501983643,1.0,0.9666666666666667,0.7435897435897436,0.0,0.0014138553912316552,39,10,10,29,0,1
B,2,2702,enet,2.0,0.5,2660.7070500193004,-1.137621125800811,1.4634807109832764,1.0,0.9666666666666667,0.7435897435897436,0.0,0.0013730520487607715,39,10,10,29,0,1
B,2,2702,enet,5.0,0.5,2647.262112857149,-1.136585151720984,1.4389386177062988,1.0,0.9,0.7297297297297297,0.0,0.0012747036901829703,37,10,10,27,0,3
B,2,2702,enet,10.0,0.5,2641.5527250189753,-1.135291348317501,1.4377455711364746,1.0,0.8666666666666667,0.7222222222222222,0.0,0.001169485648984094,36,10,10,26,0,4
B,2,2702,enet,20.0,0.5,2631.957988778358,-1.134216907325621,1.519693374633789,1.0,0.8,0.7058823529411765,0.0,0.0011440938608498024,34,10,10,24,0,6
B,2,2702,enet,50.0,0.5,2577.3348894891255,-1.1377474459388441,1.9067392349243164,1.0,0.4333333333333333,0.5652173913043478,0.0,0.0024429735281893726,23,10,10,13,0,17
B,2,2702,enet,100.0,0.5,2572.2226560696045,-1.1552281619351807,1.9357364177703857,0.8,0.3,0.5294117647058824,0.2,0.006909245522518702,17,10,8,9,2,21
B,2,2702,enet,200.0,0.5,2554.6992594885637,-1.1593334606223156,1.7496356964111328,0.6,0.2,0.5,0.4,0.008003700834085681,12,10,6,6,4,24
B,4,2704,none,0.0,,5199.153957587915,-2.452918975268545,14.811368465423584,1.0,0.9666666666666667,0.7435897435897436,0.0,0.0027244473203951345,39,10,10,29,0,1
B,4,2704,lasso,1.0,,5198.570131411754,-2.4700194574973846,6.915027618408203,1.0,1.0,0.75,0.0,0.0051428577019911135,40,10,10,30,0,0
B,4,2704,lasso,2.0,,5197.306833094497,-2.47138001245332,6.073961973190308,1.0,1.0,0.75,0.0,0.004825634234316268,40,10,10,30,0,0
B,4,2704,lasso,5.0,,5171.987364377384,-2.466341852011264,5.450618743896484,1.0,0.8666666666666667,0.7222222222222222,0.0,0.004258572705558984,36,10,10,26,0,4
B,4,2704,lasso,10.0,,5171.909075112339,-2.4565896732162535,5.00566554069519,1.0,0.8333333333333333,0.7142857142857143,0.0,0.0032350552998776723,35,10,10,25,0,5
B,4,2704,lasso,20.0,,5103.8664812214465,-2.4485021780536296,5.6465229988098145,1.0,0.43333333333333335,0.5652173913043478,0.0,0.0022822112653655695,23,10,10,13,0,17
B,4,2704,lasso,50.0,,5104.225947866769,-2.4736814440384087,4.128507137298584,1.0,0.16666666666666666,0.3333333333333333,0.0,0.008500705931938815,15,10,10,5,0,25
B,4,2704,lasso,100.0,,5145.827096093818,-2.5261224870015213,3.9099574089050293,0.8,0.03333333333333333,0.1111111111111111,0.2,0.019565496929566436,9,10,8,1,2,29
B,4,2704,lasso,200.0,,5270.135768820438,-2.579206913826271,3.0452523231506348,0.7,0.0,0.0,0.3,0.025716374136482187,7,10,7,0,3,30
B,4,2704,enet,1.0,0.5,5192.1969136510525,-2.451822233099539,7.331533908843994,1.0,0.9666666666666667,0.7435897435897436,0.0,0.002464521899187183,39,10,10,29,0,1
B,4,2704,enet,2.0,0.5,5196.81653695535,-2.4701731321698497,6.415882587432861,1.0,1.0,0.75,0.0,0.00468201505650369,40,10,10,30,0,0
B,4,2704,enet,5.0,0.5,5198.060380854598,-2.4697082929130576,5.731929779052734,1.0,1.0,0.75,0.0,0.004672221173778808,40,10,10,30,0,0
B,4,2704,enet,10.0,0.5,5173.157040932883,-2.4665553309198813,5.4802422523498535,1.0,0.8666666666666667,0.7222222222222222,0.0,0.004486534192863129,36,10,10,26,0,4
B,4,2704,enet,20.0,0.5,5168.052521967302,-2.451920761851264,5.308619022369385,1.0,0.7666666666666666,0.696969696969697,0.0,0.002621897127649423,33,10,10,23,0,7
B,4,2704,enet,50.0,0.5,5098.100051085157,-2.456461320790173,4.602839469909668,1.0,0.3333333333333333,0.5,0.0,0.004369301616771432,20,10,10,10,0,20
B,4,2704,enet,100.0,0.5,5115.892717512912,-2.4839419961399027,4.1219422817230225,1.0,0.16666666666666666,0.3333333333333333,0.0,0.010862040489145585,15,10,10,5,0,25
B,4,2704,enet,200.0,0.5,5172.841459562396,-2.536086542578445,3.415318012237549,0.8,0.03333333333333333,0.1111111111111111,0.2,0.020365256005250604,9,10,8,1,2,29
B,1,2801,none,0.0,,3924.0091028951024,-1.9194217940969434,0.7518310546875,1.0,1.0,0.75,0.0,0.007039922159018679,40,10,10,30,0,0
B,1,2801,lasso,1.0,,3910.3932271128647,-1.9170642511867833,0.7824156284332275,1.0,0.9333333333333333,0.7368421052631579,0.0,0.006603055974936039,38,10,10,28,0,2
B,1,2801,lasso,2.0,,3897.126408165852,-1.914896687249251,0.7818436622619629,1.0,0.8666666666666667,0.7222222222222222,0.0,0.0062509900266431535,36,10,10,26,0,4
B,1,2801,lasso,5.0,,3872.7409051887553,-1.9093951803172404,0.758652925491333,1.0,0.7333333333333334,0.6875,0.0,0.005732489694391501,32,10,10,22,0,8
B,1,2801,lasso,10.0,,3848.4915383691314,-1.9030950869361443,0.7364485263824463,1.0,0.5666666666666667,0.6296296296296297,0.0,0.005820300954223824,27,10,10,17,0,13
B,1,2801,lasso,20.0,,3815.6957276064886,-1.902248523032731,0.8456919193267822,1.0,0.26666666666666666,0.4444444444444444,0.0,0.00938875652787852,18,10,10,8,0,22
B,1,2801,lasso,50.0,,3980.733875949903,-2.0033308513368855,0.7983121871948242,0.6,0.03333333333333333,0.14285714285714285,0.4,0.10053778267508313,7,10,6,1,4,29
B,1,2801,lasso,100.0,,4234.610555795497,-2.103288283509867,0.6933419704437256,0.4,0.0,0.0,0.6,0.1426048871334335,4,10,4,0,6,30
B,1,2801,lasso,200.0,,4330.910724689025,-2.1473430029552056,0.652642011642456,0.2,0.0,0.0,0.8,0.1620405447789104,2,10,2,0,8,30
B,1,2801,enet,1.0,0.5,3917.204252487303,-1.9180987246021959,0.7731640338897705,1.0,0.9666666666666667,0.7435897435897436,0.0,0.006854580818215055,39,10,10,29,0,1
B,1,2801,enet,2.0,0.5,3910.5456508564116,-1.916855951706804,0.794367790222168,1.0,0.9333333333333333,0.7368421052631579,0.0,0.006699189820664184,38,10,10,28,0,2
B,1,2801,enet,5.0,0.5,3891.363132718497,-1.9136229861582612,0.795724630355835,1.0,0.8333333333333334,0.7142857142857143,0.0,0.006455551937477698,35,10,10,25,0,5
B,1,2801,enet,10.0,0.5,3882.606575175511,-1.9094673924536532,0.746997594833374,1.0,0.7666666666666666,0.696969696969697,0.0,0.006602523325049388,33,10,10,23,0,7
B,1,2801,enet,20.0,0.5,3852.3310352935546,-1.906509221949255,0.8082165718078613,1.0,0.5333333333333333,0.6153846153846154,0.0,0.008585845682168863,26,10,10,16,0,14
B,1,2801,enet,50.0,0.5,3916.7497892393535,-1.9625382271184006,0.9908912181854248,1.0,0.13333333333333333,0.2857142857142857,0.0,0.05303317133768956,14,10,10,4,0,26
B,1,2801,enet,100.0,0.5,4052.8304448566987,-2.0330898515198212,0.8701319694519043,0.6,0.0,0.0,0.4,0.1116530554854829,6,10,6,0,4,30
B,1,2801,enet,200.0,0.5,4304.625597846923,-2.133766553100109,0.4734668731689453,0.30000000000000004,0.0,0.0,0.7,0.15555242155170426,3,10,3,0,7,30
B,2,2802,none,0.0,,2329.784501087144,-1.1057877063636998,1.2355067729949951,1.0,1.0,0.75,0.0,0.0011380224313306167,40,10,10,30,0,0
B,2,2802,lasso,1.0,,2322.9377606754415,-1.1051999682814144,1.2871196269989014,1.0,0.9333333333333333,0.7368421052631579,0.0,0.0010614059913878768,38,10,10,28,0,2
B,2,2802,lasso,2.0,,2309.304012542522,-1.104593309811316,1.2685160636901855,1.0,0.8666666666666667,0.7222222222222222,0.0,0.0009904959500200772,36,10,10,26,0,4
B,2,2802,lasso,5.0,,2296.5637686614004,-1.1033688739856236,1.3915021419525146,1.0,0.8333333333333333,0.7142857142857143,0.0,0.0008606238012975333,35,10,10,25,0,5
B,2,2802,lasso,10.0,,2265.024766564439,-1.101708039547545,1.5008082389831543,1.0,0.6666666666666667,0.6666666666666666,0.0,0.0007969451238237095,30,10,10,20,0,10
B,2,2802,lasso,20.0,,2247.313136955156,-1.1019941271623832,1.624842643737793,1.0,0.5333333333333333,0.6153846153846154,0.0,0.0011738098899034702,26,10,10,16,0,14
B,2,2802,lasso,50.0,,2239.9915093539707,-1.114328143701234,1.6296346187591553,0.9,0.36666666666666664,0.55,0.1,0.0038521690263371927,20,10,9,11,1,19
B,2,2802,lasso,100.0,,2238.838174710002,-1.1353086272551773,2.0348262786865234,0.6,0.2,0.5,0.4,0.007915998623996801,12,10,6,6,4,24
B,2,2802,lasso,200.0,,2239.949696210884,-1.144460139431758,1.780062198638916,0.6,0.06666666666666667,0.25,0.4,0.007995926985712993,8,10,6,2,4,28
B,2,2802,enet,1.0,0.5,2329.8035465215953,-1.1054838502521334,1.2685112953186035,1.0,1.0,0.75,0.0,0.0010955185705197555,40,10,10,30,0,0
B,2,2802,enet,2.0,0.5,2322.952065088163,-1.1051841107292397,1.2801496982574463,1.0,0.9333333333333333,0.7368421052631579,0.0,0.0010560134146193766,38,10,10,28,0,2
B,2,2802,enet,5.0,0.5,2309.5055160444645,-1.104345326940279,1.3303427696228027,1.0,0.8666666666666667,0.7222222222222222,0.0,0.000953162465222801,36,10,10,26,0,4
B,2,2802,enet,10.0,0.5,2296.845633997107,-1.1033957445064027,1.425342321395874,1.0,0.8333333333333333,0.7142857142857143,0.0,0.0008580612907275411,35,10,10,25,0,5
B,2,2802,enet,20.0,0.5,2265.960864840039,-1.1021024466088885,1.458491325378418,1.0,0.6666666666666667,0.6666666666666666,0.0,0.0008456177845704608,30,10,10,20,0,10
B,2,2802,enet,50.0,0.5,2243.354454874412,-1.105638134726789,1.6489646434783936,1.0,0.4666666666666667,0.5833333333333334,0.0,0.001908291905990047,24,10,10,14,0,16
B,2,2802,enet,100.0,0.5,2246.3480962981357,-1.1172274091280383,1.6671183109283447,0.9,0.36666666666666664,0.55,0.1,0.004333292943788176,20,10,9,11,1,19
B,2,2802,enet,200.0,0.5,2240.4736739730283,-1.135983211411604,2.126251459121704,0.6,0.2,0.5,0.4,0.007919349942834455,12,10,6,6,4,24
B,4,2804,none,0.0,,5129.329406904901,-2.4612446852432486,4.944373846054077,1.0,1.0,0.75,0.0,0.0019005040925947384,40,10,10,30,0,0
B,4,2804,lasso,1.0,,5129.6888272062315,-2.4600642821044696,4.7921483516693115,1.0,1.0,0.75,0.0,0.0017182560062953855,40,10,10,30,0,0
B,4,2804,lasso,2.0,,5122.987714670611,-2.4593687766488217,4.930152893066406,1.0,0.9666666666666667,0.7435897435897436,0.0,0.001585526042987163,39,10,10,29,0,1
B,4,2804,lasso,5.0,,5117.533048402815,-2.4573329308944896,4.773198843002319,1.0,0.9333333333333333,0.7368421052631579,0.0,0.0013258929918728,38,10,10,28,0,2
B,4,2804,lasso,10.0,,5073.520584317942,-2.4548990872578673,4.607681751251221,1.0,0.7,0.6774193548387096,0.0,0.0012317359657766193,31,10,10,21,0,9
B,4,2804,lasso,20.0,,5043.068293418168,-2.452608875096097,4.161189556121826,1.0,0.5,0.6,0.0,0.0017736871964632833,25,10,10,15,0,15
B,4,2804,lasso,50.0,,5025.530322092152,-2.4601490825488037,3.4576327800750732,1.0,0.23333333333333334,0.4117647058823529,0.0,0.005518041546969452,17,10,10,7,0,23
B,4,2804,lasso,100.0,,5066.792366497551,-2.492804697976695,3.4490580558776855,0.9,0.03333333333333333,0.1,0.1,0.013403842231392744,10,10,9,1,1,29
B,4,2804,lasso,200.0,,5295.093624265665,-2.5847581754825724,2.76953387260437,0.6,0.0,0.0,0.4,0.02872561965769937,6,10,6,0,4,30
B,4,2804,enet,1.0,0.5,5129.3615088188335,-2.4607998346417967,4.991467237472534,1.0,1.0,0.75,0.0,0.001798353428121137,40,10,10,30,0,0
B,4,2804,enet,2.0,0.5,5129.7685802035485,-2.4599722180654897,4.786612033843994,1.0,1.0,0.75,0.0,0.0016964449790385875,40,10,10,30,0,0
B,4,2804,enet,5.0,0.5,5123.4649845076065,-2.4589130879532726,4.792478799819946,1.0,0.9666666666666667,0.7435897435897436,0.0,0.0015068371290884557,39,10,10,29,0,1
B,4,2804,enet,10.0,0.5,5111.6139450519495,-2.4574820452039727,4.761400461196899,1.0,0.9,0.7297297297297297,0.0,0.0013736427837586162,37,10,10,27,0,3
B,4,2804,enet,20.0,0.5,5075.484079252343,-2.4552990849878205,4.8520166873931885,1.0,0.7,0.6774193548387096,0.0,0.0014861648169745315,31,10,10,21,0,9
B,4,2804,enet,50.0,0.5,5050.0537488189275,-2.455250739829238,3.9235353469848633,1.0,0.4666666666666667,0.5833333333333334,0.0,0.0032613565849952853,24,10,10,14,0,16
B,4,2804,enet,100.0,0.5,5053.371198931991,-2.469020119421054,3.4999382495880127,1.0,0.26666666666666666,0.4444444444444444,0.0,0.007793252887550233,18,10,10,8,0,22
B,4,2804,enet,200.0,0.5,5128.510577889697,-2.5124257075128886,3.2661502361297607,0.9,0.06666666666666667,0.18181818181818182,0.1,0.016681788947468402,11,10,9,2,1,28
B,1,2901,none,0.0,,4121.3949233984695,-1.9085725780382303,0.8582606315612793,1.0,1.0,0.75,0.0,0.005429611361141871,40,10,10,30,0,0
B,1,2901,lasso,1.0,,4114.681188360918,-1.9059579296414122,0.857703685760498,1.0,0.9666666666666667,0.7435897435897436,0.0,0.004766913383873059,39,10,10,29,0,1
B,1,2901,lasso,2.0,,4108.359235562645,-1.9034793716907372,0.8789060115814209,1.0,0.9333333333333333,0.7368421052631579,0.0,0.004166587800766041,38,10,10,28,0,2
B,1,2901,lasso,5.0,,4112.455224641394,-1.8970324813706225,0.9367103576660156,1.0,0.9333333333333333,0.7368421052631579,0.0,0.0026802671648384307,38,10,10,28,0,2
B,1,2901,lasso,10.0,,4050.2877916595344,-1.8889442379327916,0.9461569786071777,1.0,0.5666666666666667,0.6296296296296297,0.0,0.0012798344680897463,27,10,10,17,0,13
B,1,2901,lasso,20.0,,3990.281805811317,-1.8913308891326903,1.1017699241638184,1.0,0.13333333333333333,0.2857142857142857,0.0,0.002711165604566127,14,10,10,4,0,26
B,1,2901,lasso,50.0,,4318.772785931764,-2.078832467212362,0.7347612380981445,0.6,0.0,0.0,0.4,0.12275249164927685,6,10,6,0,4,30
B,1,2901,lasso,100.0,,4438.971171943517,-2.1542573239267946,0.3792724609375,0.2,0.0,0.0,0.8,0.1646460528832581,2,10,2,0,8,30
B,1,2901,lasso,200.0,,4439.164237620361,-2.154292353629776,0.271528959274292,0.2,0.0,0.0,0.8,0.16494595675243018,2,10,2,0,8,30
B,1,2901,enet,1.0,0.5,4114.6145094830945,-1.9069681054601275,0.8592019081115723,1.0,0.9666666666666667,0.7435897435897436,0.0,0.0049911808594113385,39,10,10,29,0,1
B,1,2901,enet,2.0,0.5,4114.919458675275,-1.9054546704544957,0.8804812431335449,1.0,0.9666666666666667,0.7435897435897436,0.0,0.00458502550207384,39,10,10,29,0,1
B,1,2901,enet,5.0,0.5,4109.937469665776,-1.9014500071488638,0.972806453704834,1.0,0.9333333333333333,0.7368421052631579,0.0,0.003556755098788447,38,10,10,28,0,2
B,1,2901,enet,10.0,0.5,4088.985909601279,-1.8963413911270273,0.9669554233551025,1.0,0.8,0.7058823529411765,0.0,0.0023720371305410545,34,10,10,24,0,6
B,1,2901,enet,20.0,0.5,4059.512865675491,-1.8939079454137937,0.9007761478424072,1.0,0.5333333333333333,0.6153846153846154,0.0,0.0025037794239226164,26,10,10,16,0,14
B,1,2901,enet,50.0,0.5,4112.89268789093,-1.9621223064517475,0.8093273639678955,1.0,0.06666666666666667,0.16666666666666666,0.0,0.03400189544380873,12,10,10,2,0,28
B,1,2901,enet,100.0,0.5,4378.614868303828,-2.115484653540034,0.31693077087402344,0.4,0.0,0.0,0.6,0.14250327486382341,4,10,4,0,6,30
B,1,2901,enet,200.0,0.5,4439.294246631467,-2.154284323582629,0.2954294681549072,0.2,0.0,0.0,0.8,0.1651374211714516,2,10,2,0,8,30
B,2,2902,none,0.0,,2612.955158039099,-1.0602232968000003,1.448817253112793,1.0,1.0,0.75,0.0,0.0020298126953831974,40,10,10,30,0,0
B,2,2902,lasso,1.0,,2613.0179310411154,-1.0592112419414426,1.385058879852295,1.0,1.0,0.75,0.0,0.0019204327784872952,40,10,10,30,0,0
B,2,2902,lasso,2.0,,2606.298023541225,-1.0582688811403984,1.3435215950012207,1.0,0.9666666666666667,0.7435897435897436,0.0,0.001825309617168214,39,10,10,29,0,1
B,2,2902,lasso,5.0,,2600.5823179873405,-1.05577165714691,1.510359287261963,1.0,0.9333333333333333,0.7368421052631579,0.0,0.0016144826890574903,38,10,10,28,0,2
B,2,2902,lasso,10.0,,2583.7127935125086,-1.0532053398880534,1.489990472793579,1.0,0.8333333333333333,0.7142857142857143,0.0,0.0014355934275058933,35,10,10,25,0,5
B,2,2902,lasso,20.0,,2567.816791631614,-1.0524846583784244,1.5541644096374512,1.0,0.7,0.6774193548387096,0.0,0.0017025258733633247,31,10,10,21,0,9
B,2,2902,lasso,50.0,,2533.9179036817936,-1.0682588694399833,1.6911373138427734,0.8,0.36666666666666664,0.5789473684210527,0.2,0.005506328932933497,19,10,8,11,2,19
B,2,2902,lasso,100.0,,2531.465244405825,-1.077437490219931,1.8181309700012207,0.6,0.26666666666666666,0.5714285714285714,0.4,0.00790192904638772,14,10,6,8,4,22
B,2,2902,lasso,200.0,,2506.332459469874,-1.081459016479433,2.341529130935669,0.6,0.03333333333333333,0.14285714285714285,0.4,0.007923808720961654,7,10,6,1,4,29
B,2,2902,enet,1.0,0.5,2612.974167508938,-1.0596719872689293,1.3997840881347656,1.0,1.0,0.75,0.0,0.001969902217374985,40,10,10,30,0,0
B,2,2902,enet,2.0,0.5,2613.0308777982877,-1.0591426032304778,1.3991332054138184,1.0,1.0,0.75,0.0,0.0019120928602454285,40,10,10,30,0,0
B,2,2902,enet,5.0,0.5,2606.5060617038453,-1.0576780983023841,1.3451311588287354,1.0,0.9666666666666667,0.7435897435897436,0.0,0.0017706945341099292,39,10,10,29,0,1
B,2,2902,enet,10.0,0.5,2600.8820415443106,-1.0556077646190087,1.5354950428009033,1.0,0.9333333333333333,0.7368421052631579,0.0,0.001604881500434272,38,10,10,28,0,2
B,2,2902,enet,20.0,0.5,2584.7588776286475,-1.0532598902434716,1.4742445945739746,1.0,0.8333333333333333,0.7142857142857143,0.0,0.0014766973582418272,35,10,10,25,0,5
B,2,2902,enet,50.0,0.5,2559.2336134680572,-1.0551460751441881,1.5462267398834229,0.9,0.6333333333333333,0.6785714285714286,0.1,0.0024110355778858635,28,10,9,19,1,11
B,2,2902,enet,100.0,0.5,2537.5544089719133,-1.0702336961629513,1.9330296516418457,0.8,0.36666666666666664,0.5789473684210527,0.2,0.005851214333005799,19,10,8,11,2,19
B,2,2902,enet,200.0,0.5,2532.8003956488083,-1.0778818720358458,1.8633055686950684,0.6,0.26666666666666666,0.5714285714285714,0.4,0.007904058564277488,14,10,6,8,4,22
B,4,2904,none,0.0,,5034.781055142064,-2.4180649712148834,6.79893684387207,1.0,1.0,0.75,0.0,0.0038330786455472326,40,10,10,30,0,0
B,4,2904,lasso,1.0,,5035.208419627655,-2.41731714641149,6.78692626953125,1.0,1.0,0.75,0.0,0.0033319627254553576,40,10,10,30,0,0
B,4,2904,lasso,2.0,,5028.745528568992,-2.4150359425551025,6.79692816734314,1.0,0.9666666666666667,0.7435897435897436,0.0,0.002786792024541302,39,10,10,29,0,1
B,4,2904,lasso,5.0,,5003.868820701206,-2.4087684613996605,7.321639060974121,1.0,0.8333333333333334,0.7142857142857143,0.0,0.0014978782391912677,35,10,10,25,0,5
B,4,2904,lasso,10.0,,4966.947427398922,-2.4043817969703234,6.393386125564575,1.0,0.6333333333333333,0.6551724137931034,0.0,0.0007702614544784167,29,10,10,19,0,11
B,4,2904,lasso,20.0,,4934.852949312204,-2.403283005205201,5.674636363983154,1.0,0.43333333333333335,0.5652173913043478,0.0,0.0009251594064569772,23,10,10,13,0,17
B,4,2904,lasso,50.0,,4910.75246816978,-2.4185322146897126,4.9701313972473145,1.0,0.13333333333333333,0.2857142857142857,0.0,0.004636441316497657,14,10,10,4,0,26
B,4,2904,lasso,100.0,,5001.536370944594,-2.4676531803435333,3.777203321456909,0.9,0.03333333333333333,0.1,0.1,0.01492006663938733,10,10,9,1,1,29
B,4,2904,lasso,200.0,,5182.359363620234,-2.5758391636960645,4.922382116317749,0.6,0.0,0.0,0.4,0.02634535834144492,6,10,6,0,4,30
B,4,2904,enet,1.0,0.5,5035.105339605026,-2.4185417344715425,6.809947729110718,1.0,1.0,0.75,0.0,0.0036289761546223044,40,10,10,30,0,0
B,4,2904,enet,2.0,0.5,5035.27118202598,-2.4172820227624996,6.813987493515015,1.0,1.0,0.75,0.0,0.003303997979869793,40,10,10,30,0,0
B,4,2904,enet,5.0,0.5,5029.289868029088,-2.413981277659001,6.59255838394165,1.0,0.9666666666666667,0.7435897435897436,0.0,0.0025150097431682434,39,10,10,29,0,1
B,4,2904,enet,10.0,0.5,5004.404337251276,-2.4093157051186544,7.251035213470459,1.0,0.8333333333333334,0.7142857142857143,0.0,0.0015564106370425845,35,10,10,25,0,5
B,4,2904,enet,20.0,0.5,4969.037649378367,-2.4057031969617237,6.677203893661499,1.0,0.6333333333333333,0.6551724137931034,0.0,0.0010256544997925545,29,10,10,19,0,11
B,4,2904,enet,50.0,0.5,4940.712931060558,-2.4083783266599603,5.543801784515381,1.0,0.4,0.5454545454545454,0.0,0.002331024862623832,22,10,10,12,0,18
B,4,2904,enet,100.0,0.5,4934.103520517956,-2.427946659994772,4.978639364242554,1.0,0.13333333333333333,0.2857142857142857,0.0,0.006827460315618129,14,10,10,4,0,26
B,4,2904,enet,200.0,0.5,5043.790921724035,-2.4832949965489086,3.587404251098633,0.9,0.03333333333333333,0.1,0.1,0.017496295413157045,10,10,9,1,1,29
B,1,3001,none,0.0,,4108.9169209955435,-1.9195725986623333,0.6711103916168213,1.0,1.0,0.75,0.0,0.005787022809426671,40,10,10,30,0,0
B,1,3001,lasso,1.0,,4102.331102203314,-1.916651993013069,0.68438720703125,1.0,0.9666666666666667,0.7435897435897436,0.0,0.004913084970891877,39,10,10,29,0,1
B,1,3001,lasso,2.0,,4089.4384380049714,-1.9142706061104626,0.7017123699188232,1.0,0.9,0.7297297297297297,0.0,0.004206513536555312,37,10,10,27,0,3
B,1,3001,lasso,5.0,,4060.457059768238,-1.9108686012612353,0.6858310699462891,1.0,0.7333333333333334,0.6875,0.0,0.0031802094110203656,32,10,10,22,0,8
B,1,3001,lasso,10.0,,4018.3704736431782,-1.9135802819628251,1.0012736320495605,1.0,0.4666666666666667,0.5833333333333334,0.0,0.004142698244210687,24,10,10,14,0,16
B,1,3001,lasso,20.0,,4009.1852321783335,-1.9530411137995203,0.9480838775634766,1.0,0.16666666666666666,0.3333333333333333,0.0,0.02065327110065633,15,10,10,5,0,25
B,1,3001,lasso,50.0,,4150.411365596703,-2.0887322978306795,0.636063814163208,0.6,0.0,0.0,0.4,0.10734582589335251,6,10,6,0,4,30
B,1,3001,lasso,100.0,,4373.453921522949,-2.2058180353939743,0.6579344272613525,0.2,0.0,0.0,0.8,0.16129498933737846,2,10,2,0,8,30
B,1,3001,lasso,200.0,,4373.487068929407,-2.205722423047777,0.5029616355895996,0.2,0.0,0.0,0.8,0.16149084964274207,2,10,2,0,8,30
B,1,3001,enet,1.0,0.5,4102.194087750742,-1.9180523733370327,0.6934354305267334,1.0,0.9666666666666667,0.7435897435897436,0.0,0.0053011935505671084,39,10,10,29,0,1
B,1,3001,enet,2.0,0.5,4102.637005997155,-1.9167654181995082,0.6926758289337158,1.0,0.9666666666666667,0.7435897435897436,0.0,0.004893918144699775,39,10,10,29,0,1
B,1,3001,enet,5.0,0.5,4084.704768233956,-1.9143567402614539,0.7287285327911377,1.0,0.8666666666666667,0.7222222222222222,0.0,0.004138570248674833,36,10,10,26,0,4
B,1,3001,enet,10.0,0.5,4059.0465492371145,-1.9155789327732569,0.9315016269683838,1.0,0.7,0.6774193548387096,0.0,0.004478395429598336,31,10,10,21,0,9
B,1,3001,enet,20.0,0.5,4048.412590839536,-1.933970965565253,0.8308734893798828,1.0,0.5,0.6,0.0,0.011356684817794442,25,10,10,15,0,15
B,1,3001,enet,50.0,0.5,4093.308687615337,-2.037857502075327,0.7267880439758301,0.8,0.1,0.2727272727272727,0.2,0.07237514667998823,11,10,8,3,2,27
B,1,3001,enet,100.0,0.5,4254.502410636813,-2.138949483397697,1.379579782485962,0.6,0.03333333333333333,0.14285714285714285,0.4,0.13019591391758148,7,10,6,1,4,29
B,1,3001,enet,200.0,0.5,4373.620906016359,-2.2057753108977827,0.5657570362091064,0.2,0.0,0.0,0.8,0.16144211395389757,2,10,2,0,8,30
B,2,3002,none,0.0,,2473.0964960533292,-1.1290355584508598,1.5436034202575684,1.0,1.0,0.75,0.0,0.0005945683628121554,40,10,10,30,0,0
B,2,3002,lasso,1.0,,2459.3875691442922,-1.1285241637908094,1.868734359741211,1.0,0.9333333333333333,0.7368421052631579,0.0,0.000532890983471983,38,10,10,28,0,2
B,2,3002,lasso,2.0,,2459.5136993077745,-1.1279632389757557,1.6842942237854004,1.0,0.9333333333333333,0.7368421052631579,0.0,0.00046971348111689634,38,10,10,28,0,2
B,2,3002,lasso,5.0,,2439.705220764784,-1.126522517115777,1.5831904411315918,1.0,0.8333333333333333,0.7142857142857143,0.0,0.00031521651624637226,35,10,10,25,0,5
B,2,3002,lasso,10.0,,2421.7871708935922,-1.125191310542909,1.5250823497772217,1.0,0.7333333333333334,0.6875,0.0,0.0001746663278730155,32,10,10,22,0,8
B,2,3002,lasso,20.0,,2388.3466130121637,-1.1253881288715328,1.4875876903533936,1.0,0.5333333333333333,0.6153846153846154,0.0,0.0002505225687160715,26,10,10,16,0,14
B,2,3002,lasso,50.0,,2388.3521704541345,-1.1383809942962249,1.962350606918335,1.0,0.3333333333333333,0.5,0.0,0.0030686170810513484,20,10,10,10,0,20
B,2,3002,lasso,100.0,,2387.7495640715274,-1.1603192020499995,2.0297677516937256,0.6,0.16666666666666666,0.45454545454545453,0.4,0.007904506483687799,11,10,6,5,4,25
B,2,3002,lasso,200.0,,2384.448732411818,-1.1644160045605894,2.0869250297546387,0.6,0.06666666666666667,0.25,0.4,0.007921760198225871,8,10,6,2,4,28
B,2,3002,enet,1.0,0.5,2466.2677963074393,-1.1288138317650074,1.4531311988830566,1.0,0.9666666666666667,0.7435897435897436,0.0,0.0005635894256618095,39,10,10,29,0,1
B,2,3002,enet,2.0,0.5,2459.3988244703237,-1.1284943442393747,1.8241612911224365,1.0,0.9333333333333333,0.7368421052631579,0.0,0.0005257751746293767,38,10,10,28,0,2
B,2,3002,enet,5.0,0.5,2459.6765318778153,-1.1276398167882316,1.6885583400726318,1.0,0.9333333333333333,0.7368421052631579,0.0,0.00042593644747760843,38,10,10,28,0,2
B,2,3002,enet,10.0,0.5,2446.867486589395,-1.1264435235129457,1.5645031929016113,1.0,0.8666666666666667,0.7222222222222222,0.0,0.00029699776245777163,36,10,10,26,0,4
B,2,3002,enet,20.0,0.5,2422.736638147506,-1.1252449583368151,1.5362892150878906,1.0,0.7333333333333334,0.6875,0.0,0.00018353004147515626,32,10,10,22,0,8
B,2,3002,enet,50.0,0.5,2383.2888779073087,-1.127484541763468,1.532238245010376,1.0,0.43333333333333335,0.5652173913043478,0.0,0.0006749849454454342,23,10,10,13,0,17
B,2,3002,enet,100.0,0.5,2398.5487515479726,-1.1425282673220813,1.9715187549591064,1.0,0.3333333333333333,0.5,0.0,0.0038789575070829097,20,10,10,10,0,20
B,2,3002,enet,200.0,0.5,2389.014544394691,-1.160912804990819,2.047154426574707,0.6,0.16666666666666666,0.45454545454545453,0.4,0.007907501940285418,11,10,6,5,4,25
B,4,3004,none,0.0,,5150.507027824361,-2.4334124802620463,4.834914922714233,1.0,1.0,0.75,0.0,0.0020761606536681817,40,10,10,30,0,0
B,4,3004,lasso,1.0,,5150.302988546776,-2.4313659868853326,4.904763698577881,1.0,0.9666666666666667,0.7435897435897436,0.0,0.001729069159136825,39,10,10,29,0,1
B,4,3004,lasso,2.0,,5143.506389255149,-2.4310278367339286,4.702665567398071,1.0,0.9666666666666667,0.7435897435897436,0.0,0.00173263086784984,39,10,10,29,0,1
B,4,3004,lasso,5.0,,5123.582509710748,-2.4306670905158416,4.455335378646851,1.0,0.8666666666666667,0.7222222222222222,0.0,0.0018745369978730698,36,10,10,26,0,4
B,4,3004,lasso,10.0,,5105.76485285533,-2.4307960245300455,4.4761927127838135,1.0,0.7666666666666666,0.696969696969697,0.0,0.002304319911031135,33,10,10,23,0,7
B,4,3004,lasso,20.0,,5080.695149260133,-2.4323615094640925,3.9563636779785156,1.0,0.6000000000000001,0.6428571428571429,0.0,0.003451680685970776,28,10,10,18,0,12
B,4,3004,lasso,50.0,,5060.170094735715,-2.4516658999551226,3.6026487350463867,1.0,0.16666666666666666,0.3333333333333333,0.0,0.009927790087476032,15,10,10,5,0,25
B,4,3004,lasso,100.0,,5078.881007548073,-2.489895495709686,2.9023733139038086,0.7,0.0,0.0,0.3,0.018832959853321028,7,10,7,0,3,30
B,4,3004,lasso,200.0,,5275.105990900162,-2.5804440469316385,2.7245423793792725,0.7,0.0,0.0,0.3,0.027530597580423283,7,10,7,0,3,30
B,4,3004,enet,1.0,0.5,5150.37187577117,-2.4316561363131513,4.957204103469849,1.0,1.0,0.75,0.0,0.0017362898200693538,40,10,10,30,0,0
B,4,3004,enet,2.0,0.5,5143.401801878865,-2.4313758796703246,4.808983564376831,1.0,0.9666666666666667,0.7435897435897436,0.0,0.0017553645638365737,39,10,10,29,0,1
B,4,3004,enet,5.0,0.5,5136.771971957009,-2.431088026165606,4.563306093215942,1.0,0.9333333333333333,0.7368421052631579,0.0,0.0018392180134637179,38,10,10,28,0,2
B,4,3004,enet,10.0,0.5,5124.034077564325,-2.4310926090810834,4.398312568664551,1.0,0.8666666666666667,0.7222222222222222,0.0,0.0020534226877123893,36,10,10,26,0,4
B,4,3004,enet,20.0,0.5,5107.304256548923,-2.4324057015728,4.294369459152222,1.0,0.7666666666666666,0.696969696969697,0.0,0.002705471887080104,33,10,10,23,0,7
B,4,3004,enet,50.0,0.5,5073.624332107815,-2.4377488899348863,3.8099021911621094,1.0,0.5,0.6,0.0,0.005425948984110568,25,10,10,15,0,15
B,4,3004,enet,100.0,0.5,5087.169158846422,-2.4615695955036436,3.6924636363983154,1.0,0.26666666666666666,0.4444444444444444,0.0,0.012304510630291865,18,10,10,8,0,22
B,4,3004,enet,200.0,0.5,5110.4440196946825,-2.5061640935901672,3.235539436340332,0.7,0.0,0.0,0.3,0.02016898812892634,7,10,7,0,3,30
B,1,3101,none,0.0,,4063.9886032355903,-1.9434562805659923,0.793027400970459,1.0,1.0,0.75,0.0,0.005939730729862402,40,10,10,30,0,0
B,1,3101,lasso,1.0,,4057.3527702920005,-1.9423529227617162,0.7739667892456055,1.0,0.9666666666666667,0.7435897435897436,0.0,0.005684363625020499,39,10,10,29,0,1
B,1,3101,lasso,2.0,,4044.1162971310405,-1.9414687272808477,0.786344051361084,1.0,0.9,0.7297297297297297,0.0,0.0054682852006899055,37,10,10,27,0,3
B,1,3101,lasso,5.0,,3991.8340616353653,-1.939718233098832,0.833472490310669,1.0,0.6333333333333333,0.6551724137931034,0.0,0.004991395408423964,29,10,10,19,0,11
B,1,3101,lasso,10.0,,3972.7641902649375,-1.9375884288230893,0.8668289184570312,1.0,0.4666666666666667,0.5833333333333334,0.0,0.004828803295897502,24,10,10,14,0,16
B,1,3101,lasso,20.0,,3941.1068284306184,-1.941112704661712,0.855844259262085,1.0,0.2,0.375,0.0,0.007268696777651995,16,10,10,6,0,24
B,1,3101,lasso,50.0,,4218.403349245509,-2.105662815933805,0.777308464050293,0.6,0.0,0.0,0.4,0.11913973666911176,6,10,6,0,4,30
B,1,3101,lasso,100.0,,4356.063965114296,-2.1950152107311696,0.45385265350341797,0.2,0.0,0.0,0.8,0.1621687296430671,2,10,2,0,8,30
B,1,3101,lasso,200.0,,4355.950043533078,-2.194950489024151,0.39420533180236816,0.2,0.0,0.0,0.8,0.16211379271763288,2,10,2,0,8,30
B,1,3101,enet,1.0,0.5,4064.1817352955186,-1.9429315788286863,0.7841854095458984,1.0,1.0,0.75,0.0,0.005802161561054679,40,10,10,30,0,0
B,1,3101,enet,2.0,0.5,4057.61545991143,-1.942482802453564,0.7880525588989258,1.0,0.9666666666666667,0.7435897435897436,0.0,0.005685087302469119,39,10,10,29,0,1
B,1,3101,enet,5.0,0.5,4031.8163696853567,-1.9417772583965212,0.8101062774658203,1.0,0.8333333333333333,0.7142857142857143,0.0,0.005466867777949989,35,10,10,25,0,5
B,1,3101,enet,10.0,0.5,3995.584259147862,-1.9412863979398363,0.8658466339111328,1.0,0.6333333333333333,0.6551724137931034,0.0,0.005449972731174958,29,10,10,19,0,11
B,1,3101,enet,20.0,0.5,3981.0098165075474,-1.9443651502169517,0.8513643741607666,1.0,0.4666666666666667,0.5833333333333334,0.0,0.007272026318093899,24,10,10,14,0,16
B,1,3101,enet,50.0,0.5,4082.704632344354,-2.0145911608603684,0.568920373916626,1.0,0.13333333333333333,0.2857142857142857,0.0,0.04926166860122449,14,10,10,4,0,26
B,1,3101,enet,100.0,0.5,4287.929841628836,-2.142710830586894,0.6850042343139648,0.6,0.0,0.0,0.4,0.13675032790450148,6,10,6,0,4,30
B,1,3101,enet,200.0,0.5,4356.02034871866,-2.194984831959735,0.4245913028717041,0.2,0.0,0.0,0.8,0.16214886735214548,2,10,2,0,8,30
B,2,3102,none,0.0,,2559.4369777384536,-1.1819081153835906,1.8905203342437744,1.0,1.0,0.75,0.0,0.0012257700228863542,40,10,10,30,0,0
B,2,3102,lasso,1.0,,2559.509992711392,-1.1809349980681176,1.7879869937896729,1.0,1.0,0.75,0.0,0.0011140758051953745,40,10,10,30,0,0
B,2,3102,lasso,2.0,,2559.6661655621942,-1.1798487764768366,1.8317995071411133,1.0,1.0,0.75,0.0,0.0010147674461231206,40,10,10,30,0,0
B,2,3102,lasso,5.0,,2554.0506312677817,-1.177032797543278,1.553243637084961,1.0,0.9666666666666667,0.7435897435897436,0.0,0.0007413117577932293,39,10,10,29,0,1
B,2,3102,lasso,10.0,,2544.202778114979,-1.1743666649186384,1.4576835632324219,1.0,0.9,0.7297297297297297,0.0,0.00048748574971773214,37,10,10,27,0,3
B,2,3102,lasso,20.0,,2486.449443821439,-1.173315960067933,1.5337653160095215,1.0,0.5666666666666667,0.6296296296296297,0.0,0.0005121796790272397,27,10,10,17,0,13
B,2,3102,lasso,50.0,,2502.677312325082,-1.1963570961811552,1.5208265781402588,1.0,0.4,0.5454545454545454,0.0,0.004439014313191549,22,10,10,12,0,18
B,2,3102,lasso,100.0,,2472.5535890369824,-1.2193194803333167,1.788020372390747,0.6,0.16666666666666666,0.45454545454545453,0.4,0.008158592895660309,11,10,6,5,4,25
B,2,3102,lasso,200.0,,2468.075075793004,-1.2323201439265288,2.03981876373291,0.6,0.03333333333333333,0.14285714285714285,0.4,0.008218865711502701,7,10,6,1,4,29
B,2,3102,enet,1.0,0.5,2559.455654619922,-1.1813281566043181,1.835623025894165,1.0,1.0,0.75,0.0,0.001163856695115916,40,10,10,30,0,0
B,2,3102,enet,2.0,0.5,2559.5233341157755,-1.1808693017405196,1.7997469902038574,1.0,1.0,0.75,0.0,0.0011046526475758094,40,10,10,30,0,0
B,2,3102,enet,5.0,0.5,2559.9876268147973,-1.1791163907528026,1.750556468963623,1.0,1.0,0.75,0.0,0.0009292007561980946,40,10,10,30,0,0
B,2,3102,enet,10.0,0.5,2554.3468148826105,-1.176921832282177,1.5024666786193848,1.0,0.9666666666666667,0.7435897435897436,0.0,0.0007232929749720132,39,10,10,29,0,1
B,2,3102,enet,20.0,0.5,2545.249554147621,-1.1745468063780804,1.460146427154541,1.0,0.9,0.7297297297297297,0.0,0.000508741475735541,37,10,10,27,0,3
B,2,3102,enet,50.0,0.5,2489.8037003597706,-1.1768889747269495,1.5569255352020264,1.0,0.5333333333333333,0.6153846153846154,0.0,0.0010535766232261641,26,10,10,16,0,14
B,2,3102,enet,100.0,0.5,2510.1725804152425,-1.2007048196974683,1.6953835487365723,1.0,0.4,0.5454545454545454,0.0,0.005162521953874052,22,10,10,12,0,18
B,2,3102,enet,200.0,0.5,2473.76073379929,-1.2205325211953464,1.7978942394256592,0.6,0.16666666666666666,0.45454545454545453,0.4,0.00816255411849698,11,10,6,5,4,25
B,4,3104,none,0.0,,5128.947309022978,-2.464436432714536,6.895625591278076,1.0,1.0,0.75,0.0,0.005785005587754337,40,10,10,30,0,0
B,4,3104,lasso,1.0,,5122.608009907288,-2.460191390364547,6.39385461807251,1.0,0.9666666666666667,0.7435897435897436,0.0,0.004574443949238189,39,10,10,29,0,1
B,4,3104,lasso,2.0,,5122.9522772669825,-2.4586183288024768,6.560729742050171,1.0,0.9666666666666667,0.7435897435897436,0.0,0.004189421667660668,39,10,10,29,0,1
B,4,3104,lasso,5.0,,5098.235938541476,-2.4523123859159512,6.119486093521118,1.0,0.8333333333333334,0.7142857142857143,0.0,0.002452479887305753,35,10,10,25,0,5
B,4,3104,lasso,10.0,,5071.269317383311,-2.4452665407077356,5.399611949920654,1.0,0.6666666666666666,0.6666666666666666,0.0,0.00101103361256443,30,10,10,20,0,10
B,4,3104,lasso,20.0,,5048.295227804268,-2.441970042104216,4.744143962860107,1.0,0.4666666666666667,0.5833333333333334,0.0,0.0007114299543126281,24,10,10,14,0,16
B,4,3104,lasso,50.0,,5014.401591608355,-2.4451466048076838,4.34973931312561,1.0,0.16666666666666666,0.3333333333333333,0.0,0.002965085242794684,15,10,10,5,0,25
B,4,3104,lasso,100.0,,5084.225829317883,-2.4697460135799583,4.178960084915161,1.0,0.06666666666666667,0.16666666666666666,0.0,0.011263256407306967,12,10,10,2,0,28
B,4,3104,lasso,200.0,,5266.040984624667,-2.5313743626445793,3.252439022064209,0.8,0.0,0.0,0.2,0.02948347139893161,8,10,8,0,2,30
B,4,3104,enet,1.0,0.5,5129.170429153838,-2.4622795079576214,6.447439193725586,1.0,1.0,0.75,0.0,0.005139850238377203,40,10,10,30,0,0
B,4,3104,enet,2.0,0.5,5122.719567128199,-2.459695560848018,6.603576183319092,1.0,0.9666666666666667,0.7435897435897436,0.0,0.00440597716410147,39,10,10,29,0,1
B,4,3104,enet,5.0,0.5,5123.890788470016,-2.456903120322064,6.132243633270264,1.0,0.9666666666666667,0.7435897435897436,0.0,0.003322548511911995,39,10,10,29,0,1
B,4,3104,enet,10.0,0.5,5093.0424647206555,-2.450511548787452,6.046186923980713,1.0,0.8,0.7058823529411765,0.0,0.0018518282738292694,34,10,10,24,0,6
B,4,3104,enet,20.0,0.5,5081.605826971153,-2.4444908365436397,5.116659879684448,1.0,0.6666666666666666,0.6666666666666666,0.0,0.0007870255870760417,30,10,10,20,0,10
B,4,3104,enet,50.0,0.5,5033.951720855432,-2.4426919581347155,5.028441905975342,1.0,0.36666666666666664,0.5238095238095238,0.0,0.0014583230822147013,21,10,10,11,0,19
B,4,3104,enet,100.0,0.5,5029.680707079562,-2.4506425006251193,5.418247222900391,1.0,0.13333333333333333,0.2857142857142857,0.0,0.005090291456492769,14,10,10,4,0,26
B,4,3104,enet,200.0,0.5,5136.999588607118,-2.483191151914434,4.089639902114868,1.0,0.06666666666666667,0.16666666666666666,0.0,0.015298835800250949,12,10,10,2,0,28
B,1,3201,none,0.0,,4132.4309909645945,-1.9092100685653228,0.7085230350494385,1.0,1.0,0.75,0.0,0.004686864288543869,40,10,10,30,0,0
B,1,3201,lasso,1.0,,4118.885922537514,-1.9071301606708297,0.6954338550567627,1.0,0.9333333333333333,0.7368421052631579,0.0,0.0041143562632923745,38,10,10,28,0,2
B,1,3201,lasso,2.0,,4105.448383673825,-1.9052670186627298,0.703357458114624,1.0,0.8666666666666667,0.7222222222222222,0.0,0.0037645177352143076,36,10,10,26,0,4
B,1,3201,lasso,5.0,,4087.9956946991456,-1.9011083054068203,0.7551772594451904,1.0,0.7666666666666666,0.696969696969697,0.0,0.002654492054316604,33,10,10,23,0,7
B,1,3201,lasso,10.0,,4064.4001058139465,-1.8976221569622298,0.992455244064331,1.0,0.6,0.6428571428571429,0.0,0.0016260745807416656,28,10,10,18,0,12
B,1,3201,lasso,20.0,,4020.5263407958246,-1.902169567520529,0.9728963375091553,1.0,0.23333333333333334,0.4117647058823529,0.0,0.0029460274777168872,17,10,10,7,0,23
B,1,3201,lasso,50.0,,4366.585663839519,-2.1402781908860025,0.28792238235473633,0.4,0.0,0.0,0.6,0.14754289497808085,4,10,4,0,6,30
B,1,3201,lasso,100.0,,4413.896290175908,-2.174666470860212,0.18327784538269043,0.2,0.0,0.0,0.8,0.16865679978132003,2,10,2,0,8,30
B,1,3201,lasso,200.0,,4413.875928764385,-2.174715338414262,0.1980879306793213,0.2,0.0,0.0,0.8,0.16877171989618422,2,10,2,0,8,30
B,1,3201,enet,1.0,0.5,4125.69123520742,-1.907917981751917,0.6945416927337646,1.0,0.9666666666666667,0.7435897435897436,0.0,0.004283748541751247,39,10,10,29,0,1
B,1,3201,enet,2.0,0.5,4119.133113549673,-1.906754690885083,0.6976900100708008,1.0,0.9333333333333333,0.7368421052631579,0.0,0.003912693882862284,38,10,10,28,0,2
B,1,3201,enet,5.0,0.5,4099.9973783655505,-1.9040257247872572,0.7459406852722168,1.0,0.8333333333333334,0.7142857142857143,0.0,0.0031761896823960427,35,10,10,25,0,5
B,1,3201,enet,10.0,0.5,4092.2196393702957,-1.901261761138309,0.7303500175476074,1.0,0.7666666666666666,0.696969696969697,0.0,0.0022981050069554635,33,10,10,23,0,7
B,1,3201,enet,20.0,0.5,4059.728203026275,-1.9032629659846847,0.818232536315918,1.0,0.5,0.6,0.0,0.0027523321704819737,25,10,10,15,0,15
B,1,3201,enet,50.0,0.5,4157.3896215567975,-1.9820936983180957,1.3977763652801514,1.0,0.13333333333333333,0.2857142857142857,0.0,0.0431539125161362,14,10,10,4,0,26
B,1,3201,enet,100.0,0.5,4382.90525494834,-2.1497527414068425,0.2894730567932129,0.4,0.0,0.0,0.6,0.1533917784056788,4,10,4,0,6,30
B,1,3201,enet,200.0,0.5,4413.87462573446,-2.1747109350992777,0.19928669929504395,0.2,0.0,0.0,0.8,0.16876963528130473,2,10,2,0,8,30
B,2,3202,none,0.0,,2546.636174514616,-1.1735552854029916,1.7241275310516357,1.0,1.0,0.75,0.0,0.0013870441114741693,40,10,10,30,0,0
B,2,3202,lasso,1.0,,2546.6962877433043,-1.1725893745258198,1.601975679397583,1.0,1.0,0.75,0.0,0.001279168664729146,40,10,10,30,0,0
B,2,3202,lasso,2.0,,2546.8772244753427,-1.171646285409906,1.5896220207214355,1.0,1.0,0.75,0.0,0.0011780943201960728,40,10,10,30,0,0
B,2,3202,lasso,5.0,,2520.2860104289243,-1.1691806425928464,1.7073523998260498,1.0,0.8666666666666667,0.7222222222222222,0.0,0.0009376295993107961,36,10,10,26,0,4
B,2,3202,lasso,10.0,,2488.5930499396227,-1.166334769797537,1.684014081954956,1.0,0.7,0.6774193548387096,0.0,0.000672496228154886,31,10,10,21,0,9
B,2,3202,lasso,20.0,,2456.197494174285,-1.1633217189134666,1.6996867656707764,1.0,0.5,0.6,0.0,0.0004823101457736197,25,10,10,15,0,15
B,2,3202,lasso,50.0,,2465.1020342142383,-1.171747352355207,1.6564221382141113,1.0,0.3,0.47368421052631576,0.0,0.002695053099870171,19,10,10,9,0,21
B,2,3202,lasso,100.0,,2483.3549114316543,-1.1952452001274843,2.346024990081787,0.7,0.16666666666666666,0.4166666666666667,0.3,0.007695765278882235,12,10,7,5,3,25
B,2,3202,lasso,200.0,,2490.9242175809904,-1.1995542819898168,2.6553080081939697,0.6,0.13333333333333333,0.4,0.4,0.00792625832578707,10,10,6,4,4,26
B,2,3202,enet,1.0,0.5,2546.65511649147,-1.1730217060111112,1.5779688358306885,1.0,1.0,0.75,0.0,0.001325173587522546,40,10,10,30,0,0
B,2,3202,enet,2.0,0.5,2546.70989837753,-1.1725045317333957,1.6041755676269531,1.0,1.0,0.75,0.0,0.0012661263374448002,40,10,10,30,0,0
B,2,3202,enet,5.0,0.5,2540.1600693077175,-1.1710707636740905,1.640378713607788,1.0,0.9666666666666667,0.7435897435897436,0.0,0.0011090900211543934,39,10,10,29,0,1
B,2,3202,enet,10.0,0.5,2520.560891055579,-1.1689122580047806,1.6289191246032715,1.0,0.8666666666666667,0.7222222222222222,0.0,0.00089762397778227,36,10,10,26,0,4
B,2,3202,enet,20.0,0.5,2489.6349272509397,-1.1660453328067837,1.6919384002685547,1.0,0.7,0.6774193548387096,0.0,0.0006394775014279809,31,10,10,21,0,9
B,2,3202,enet,50.0,0.5,2458.6742195179545,-1.1637215858377967,1.7884883880615234,1.0,0.4333333333333333,0.5652173913043478,0.0,0.0007066920626367617,23,10,10,13,0,17
B,2,3202,enet,100.0,0.5,2477.0001120156435,-1.1763865143290293,1.6697607040405273,1.0,0.3,0.47368421052631576,0.0,0.0035815189192626227,19,10,10,9,0,21
B,2,3202,enet,200.0,0.5,2485.160958569182,-1.1964198306906797,2.9828310012817383,0.7,0.16666666666666666,0.4166666666666667,0.3,0.007762884509654476,12,10,7,5,3,25
B,4,3204,none,0.0,,5035.317546681879,-2.5029675639051656,6.7855141162872314,1.0,1.0,0.75,0.0,0.008503987164534203,40,10,10,30,0,0
B,4,3204,lasso,1.0,,5034.868411039377,-2.499970643238113,7.64336895942688,1.0,1.0,0.75,0.0,0.007337499773547641,40,10,10,30,0,0
B,4,3204,lasso,2.0,,5025.7873610951265,-2.49273158624371,7.415938138961792,1.0,1.0,0.75,0.0,0.0031172514262180957,40,10,10,30,0,0
B,4,3204,lasso,5.0,,4992.722652027876,-2.490582853494103,6.408581495285034,1.0,0.8,0.7058823529411765,0.0,0.0031207229229572426,34,10,10,24,0,6
B,4,3204,lasso,10.0,,4975.823866618762,-2.4897407562247245,5.562107563018799,1.0,0.7333333333333334,0.6875,0.0,0.0037163735666351353,32,10,10,22,0,8
B,4,3204,lasso,20.0,,4962.307563233183,-2.492194116779726,4.59837007522583,1.0,0.6,0.6428571428571429,0.0,0.005700797615819276,28,10,10,18,0,12
B,4,3204,lasso,50.0,,4937.190513709018,-2.5174946689130655,4.583002805709839,0.8,0.23333333333333334,0.4666666666666667,0.2,0.014385474763244347,15,10,8,7,2,23
B,4,3204,lasso,100.0,,4956.969273023273,-2.5365174790813936,3.3660058975219727,0.7,0.03333333333333333,0.125,0.3,0.020490048673352676,8,10,7,1,3,29
B,4,3204,lasso,200.0,,5035.191743901302,-2.5538243592703975,2.9515738487243652,0.6,0.03333333333333333,0.14285714285714285,0.4,0.024852581869791626,7,10,6,1,4,29
B,4,3204,enet,1.0,0.5,5034.978276155225,-2.5010867532086394,7.8042542934417725,1.0,1.0,0.75,0.0,0.007770123333023264,40,10,10,30,0,0
B,4,3204,enet,2.0,0.5,5034.826459600732,-2.4996330422654602,7.413940906524658,1.0,1.0,0.75,0.0,0.00720542273858599,40,10,10,30,0,0
B,4,3204,enet,5.0,0.5,5005.457235554477,-2.4912155790419046,7.089481830596924,1.0,0.9,0.7297297297297297,0.0,0.0030469093764574364,37,10,10,27,0,3
B,4,3204,enet,10.0,0.5,4986.4954182650235,-2.490362754476113,6.45402193069458,1.0,0.8,0.7058823529411765,0.0,0.003357301147735889,34,10,10,24,0,6
B,4,3204,enet,20.0,0.5,4977.9775166117,-2.491163004771663,5.407654047012329,1.0,0.7333333333333334,0.6875,0.0,0.004488446125461562,32,10,10,22,0,8
B,4,3204,enet,50.0,0.5,4964.8612822802725,-2.5001909633924697,4.676887035369873,1.0,0.5333333333333333,0.6153846153846154,0.0,0.009009809895790009,26,10,10,16,0,14
B,4,3204,enet,100.0,0.5,4951.1555669775435,-2.520003734535181,4.30092453956604,0.8,0.26666666666666666,0.5,0.2,0.015753867886816212,16,10,8,8,2,22
B,4,3204,enet,200.0,0.5,4999.595167579778,-2.5429487505680934,3.238724946975708,0.7,0.06666666666666667,0.2222222222222222,0.3,0.02243744783653791,9,10,7,2,3,28
B,1,3301,none,0.0,,3958.138700733344,-1.9470510743009013,0.7150280475616455,1.0,0.9333333333333333,0.7368421052631579,0.0,0.005159196487243372,38,10,10,28,0,2
B,1,3301,lasso,1.0,,3944.4455640969236,-1.9455553219317854,0.7202062606811523,1.0,0.9,0.7297297297297297,0.0,0.004744399286976737,37,10,10,27,0,3
B,1,3301,lasso,2.0,,3931.057239712346,-1.9441791446338548,0.7284812927246094,1.0,0.8666666666666667,0.7222222222222222,0.0,0.004382809415309148,36,10,10,26,0,4
B,1,3301,lasso,5.0,,3906.1476495183374,-1.9408852492251385,0.7064089775085449,1.0,0.7333333333333334,0.6875,0.0,0.0035209210273983863,32,10,10,22,0,8
B,1,3301,lasso,10.0,,3872.9129492766647,-1.9380557251731028,0.7016096115112305,1.0,0.5333333333333333,0.6153846153846154,0.0,0.0027807419034771835,26,10,10,16,0,14
B,1,3301,lasso,20.0,,3847.9615930727496,-1.9382319514658302,0.8011751174926758,1.0,0.3,0.47368421052631576,0.0,0.0032933808763348634,19,10,10,9,0,21
B,1,3301,lasso,50.0,,4079.5690003951263,-2.072583419848834,1.0022034645080566,0.7,0.03333333333333333,0.125,0.3,0.09207741774029607,8,10,7,1,3,29
B,1,3301,lasso,100.0,,4358.479525184893,-2.2006249642779294,0.8785278797149658,0.2,0.0,0.0,0.8,0.16252230807608958,2,10,2,0,8,30
B,1,3301,lasso,200.0,,4358.497836254056,-2.2002311702804205,0.8318462371826172,0.2,0.0,0.0,0.8,0.16257129016391536,2,10,2,0,8,30
B,1,3301,enet,1.0,0.5,3944.390286276146,-1.9463127988146112,0.7161691188812256,1.0,0.9333333333333333,0.7368421052631579,0.0,0.0049382853220683665,38,10,10,28,0,2
B,1,3301,enet,2.0,0.5,3937.6824228861033,-1.9456198811675012,0.7199101448059082,1.0,0.9,0.7297297297297297,0.0,0.004742354963699401,37,10,10,27,0,3
B,1,3301,enet,5.0,0.5,3925.1672784298494,-1.9439297227789958,0.7141501903533936,1.0,0.8333333333333333,0.7142857142857143,0.0,0.004266369943036593,35,10,10,25,0,5
B,1,3301,enet,10.0,0.5,3908.8093736847827,-1.942006223460697,0.6933753490447998,1.0,0.7333333333333334,0.6875,0.0,0.0037632638567969734,32,10,10,22,0,8
B,1,3301,enet,20.0,0.5,3896.768598886549,-1.941916344998575,0.7610683441162109,1.0,0.6000000000000001,0.6428571428571429,0.0,0.003927628643688642,28,10,10,18,0,12
B,1,3301,enet,50.0,0.5,3961.655069227968,-1.9865611817694215,0.8613226413726807,1.0,0.23333333333333334,0.4117647058823529,0.0,0.02577238280630069,17,10,10,7,0,23
B,1,3301,enet,100.0,0.5,4254.900973299505,-2.1492009296438312,0.9905490875244141,0.5,0.0,0.0,0.5,0.13315782774892107,5,10,5,0,5,30
B,1,3301,enet,200.0,0.5,4358.986247876969,-2.200913048411303,0.7328202724456787,0.2,0.0,0.0,0.8,0.16318567722696725,2,10,2,0,8,30
B,2,3302,none,0.0,,2173.762759621008,-1.1761167318867287,1.4158504009246826,1.0,1.0,0.75,0.0,0.0040193416789619804,40,10,10,30,0,0
B,2,3302,lasso,1.0,,2173.8096321995154,-1.1747203387609446,2.147275924682617,1.0,1.0,0.75,0.0,0.003958544627925024,40,10,10,30,0,0
B,2,3302,lasso,2.0,,2173.9419709277327,-1.173363452650904,1.3673508167266846,1.0,1.0,0.75,0.0,0.003904048149972588,40,10,10,30,0,0
B,2,3302,lasso,5.0,,2167.9393775297544,-1.1695043997191856,1.383073329925537,1.0,0.9666666666666667,0.7435897435897436,0.0,0.0037784912546236934,39,10,10,29,0,1
B,2,3302,lasso,10.0,,2157.2381259768817,-1.1636138243253227,1.4398267269134521,1.0,0.9,0.7297297297297297,0.0,0.003690458497533895,37,10,10,27,0,3
B,2,3302,lasso,20.0,,2148.7248797773905,-1.1556443726016514,1.4803364276885986,1.0,0.8,0.7058823529411765,0.0,0.003983364999026773,34,10,10,24,0,6
B,2,3302,lasso,50.0,,2110.60305248532,-1.1620010637974867,1.7214665412902832,1.0,0.39999999999999997,0.5454545454545454,0.0,0.007667624648518871,22,10,10,12,0,18
B,2,3302,lasso,100.0,,2083.583388383193,-1.168298373465645,1.3797037601470947,0.7,0.16666666666666666,0.4166666666666667,0.3,0.011240808618104411,12,10,7,5,3,25
B,2,3302,lasso,200.0,,2087.054820470764,-1.1739386763032849,1.4195833206176758,0.6,0.03333333333333333,0.14285714285714285,0.4,0.013560536109021724,7,10,6,1,4,29
B,2,3302,enet,1.0,0.5,2173.7787000851617,-1.1753588481984467,1.4056460857391357,1.0,1.0,0.75,0.0,0.003986967273024833,40,10,10,30,0,0
B,2,3302,enet,2.0,0.5,2173.8207564357144,-1.1746145771678038,1.3645844459533691,1.0,1.0,0.75,0.0,0.003956644199774916,40,10,10,30,0,0
B,2,3302,enet,5.0,0.5,2174.1029864065686,-1.1724633582898536,1.3681972026824951,1.0,1.0,0.75,0.0,0.003878035316098164,40,10,10,30,0,0
B,2,3302,enet,10.0,0.5,2168.165906560304,-1.169104959710454,1.3943204879760742,1.0,0.9666666666666667,0.7435897435897436,0.0,0.0037869160809457557,39,10,10,29,0,1
B,2,3302,enet,20.0,0.5,2158.0158230998927,-1.1631437860702059,1.466848611831665,1.0,0.9,0.7297297297297297,0.0,0.0037455009039682645,37,10,10,27,0,3
B,2,3302,enet,50.0,0.5,2138.7104659206816,-1.1542203065030052,1.5532996654510498,1.0,0.7,0.6774193548387096,0.0,0.0046723340163407085,31,10,10,21,0,9
B,2,3302,enet,100.0,0.5,2108.3782343570174,-1.163122039435805,1.6544475555419922,0.9,0.39999999999999997,0.5714285714285714,0.1,0.008140589588487521,21,10,9,12,1,18
B,2,3302,enet,200.0,0.5,2088.3949049701323,-1.1695429675105977,1.3754780292510986,0.7,0.16666666666666666,0.4166666666666667,0.3,0.011639970349603736,12,10,7,5,3,25
B,4,3304,none,0.0,,5262.28848359816,-2.587103315330458,7.005541086196899,1.0,1.0,0.75,0.0,0.03578433659940552,40,10,10,30,0,0
B,4,3304,lasso,1.0,,5242.138751163853,-2.5854320816178316,6.550788879394531,0.9,0.9333333333333333,0.7567567567567568,0.1,0.03375720620529697,37,10,9,28,1,2
B,4,3304,lasso,2.0,,5242.568320693004,-2.5846985573891326,6.1412880420684814,0.9,0.9333333333333333,0.7567567567567568,0.1,0.03283278635417493,37,10,9,28,1,2
B,4,3304,lasso,5.0,,5247.549782214409,-2.579470651442997,5.197005987167358,0.9,0.9333333333333333,0.7567567567567568,0.1,0.029573394504548694,37,10,9,28,1,2
B,4,3304,lasso,10.0,,5224.844161827771,-2.5861479864206456,5.931122303009033,0.9,0.8,0.7272727272727273,0.1,0.02961711396802069,33,10,9,24,1,6
B,4,3304,lasso,20.0,,5096.25206158687,-2.457041105825753,4.97240424156189,1.0,0.6,0.6428571428571429,0.0,0.004421835718865148,28,10,10,18,0,12
B,4,3304,lasso,50.0,,5048.707614310834,-2.4859631184557722,3.771698236465454,1.0,0.1,0.23076923076923078,0.0,0.012419736210600808,13,10,10,3,0,27
B,4,3304,lasso,100.0,,5095.120499412128,-2.5197456455157687,3.235132932662964,0.8,0.03333333333333333,0.1111111111111111,0.2,0.018510400543963346,9,10,8,1,2,29
B,4,3304,lasso,200.0,,5226.016204020568,-2.5940309109322546,3.8372433185577393,0.6,0.03333333333333333,0.14285714285714285,0.4,0.0255663605441903,7,10,6,1,4,29
B,4,3304,enet,1.0,0.5,5255.46918876832,-2.58633129351757,6.624559640884399,0.9,1.0,0.7692307692307693,0.1,0.034635182645145424,39,10,9,30,1,0
B,4,3304,enet,2.0,0.5,5249.055304413014,-2.585313435089439,6.444830656051636,0.9,0.9666666666666667,0.7631578947368421,0.1,0.03358865567219554,38,10,9,29,1,1
B,4,3304,enet,5.0,0.5,5250.363284189118,-2.5832333574472446,5.554147958755493,0.9,0.9666666666666667,0.7631578947368421,0.1,0.03176363352360035,38,10,9,29,1,1
B,4,3304,enet,10.0,0.5,5251.9794003473935,-2.5924664517039364,7.063336372375488,0.9,0.9666666666666667,0.7631578947368421,0.1,0.03235505617365577,38,10,9,29,1,1
B,4,3304,enet,20.0,0.5,5228.235838203676,-2.586287721170169,6.264310359954834,0.9,0.7666666666666666,0.71875,0.1,0.028873176913459274,32,10,9,23,1,7
B,4,3304,enet,50.0,0.5,5085.379101573546,-2.4648107471822076,4.532464265823364,1.0,0.4666666666666667,0.5833333333333334,0.0,0.006770355547689183,24,10,10,14,0,16
B,4,3304,enet,100.0,0.5,5063.045438825869,-2.49396762409471,3.552037239074707,0.9,0.13333333333333333,0.3076923076923077,0.1,0.014003125809887686,13,10,9,4,1,26
B,4,3304,enet,200.0,0.5,5128.858300163632,-2.540652775982955,3.1865758895874023,0.8,0.03333333333333333,0.1111111111111111,0.2,0.020835402137712702,9,10,8,1,2,29
B,1,3401,none,0.0,,4069.4303206524414,-1.8818994086254743,0.9927370548248291,1.0,1.0,0.75,0.0,0.004911717901239961,40,10,10,30,0,0
B,1,3401,lasso,1.0,,4063.0441162945876,-1.8799655726118996,0.8591225147247314,1.0,0.9666666666666667,0.7435897435897436,0.0,0.0044422071434240245,39,10,10,29,0,1
B,1,3401,lasso,2.0,,4056.773675743369,-1.8783112889754066,0.8291609287261963,1.0,0.9,0.7297297297297297,0.0,0.004083281369981282,37,10,10,27,0,3
B,1,3401,lasso,5.0,,4039.5162283312743,-1.874605656845738,0.8461179733276367,1.0,0.8333333333333334,0.7142857142857143,0.0,0.003328742999903304,35,10,10,25,0,5
B,1,3401,lasso,10.0,,4009.9534678302125,-1.8729459569276732,0.8222036361694336,1.0,0.6333333333333333,0.6551724137931034,0.0,0.0031685254302977013,29,10,10,19,0,11
B,1,3401,lasso,20.0,,3952.3479245876556,-1.8873225087116878,0.8158376216888428,1.0,0.16666666666666666,0.3333333333333333,0.0,0.00798247063418305,15,10,10,5,0,25
B,1,3401,lasso,50.0,,4243.667077277832,-2.107265150097183,0.3164541721343994,0.5,0.0,0.0,0.5,0.13684401074657593,5,10,5,0,5,30
B,1,3401,lasso,100.0,,4315.110119068356,-2.1577612330347966,0.9456651210784912,0.2,0.0,0.0,0.8,0.16551251630413288,2,10,2,0,8,30
B,1,3401,lasso,200.0,,4315.0808260160675,-2.1576958949383345,0.40645766258239746,0.2,0.0,0.0,0.8,0.1653630782472118,2,10,2,0,8,30
B,1,3401,enet,1.0,0.5,4062.938708877558,-1.8808967793502307,0.8783314228057861,1.0,0.9666666666666667,0.7435897435897436,0.0,0.004629927903003243,39,10,10,29,0,1
B,1,3401,enet,2.0,0.5,4063.2775642796933,-1.8801049529627143,0.8521866798400879,1.0,0.9666666666666667,0.7435897435897436,0.0,0.004447344324352248,39,10,10,29,0,1
B,1,3401,enet,5.0,0.5,4057.9735644568586,-1.8782809346533187,0.8672745227813721,1.0,0.9,0.7297297297297297,0.0,0.004051046481184413,37,10,10,27,0,3
B,1,3401,enet,10.0,0.5,4036.6933004383473,-1.8772959935950775,0.9136753082275391,1.0,0.8,0.7058823529411765,0.0,0.003915522806597431,34,10,10,24,0,6
B,1,3401,enet,20.0,0.5,4013.033342820984,-1.8844518016392289,0.8213036060333252,1.0,0.5666666666666667,0.6296296296296297,0.0,0.006406309765723614,27,10,10,17,0,13
B,1,3401,enet,50.0,0.5,4095.605638057578,-1.989534906803704,0.771540641784668,1.0,0.1,0.23076923076923078,0.0,0.05668224977804375,13,10,10,3,0,27
B,1,3401,enet,100.0,0.5,4262.821689756695,-2.1216381224681418,0.2323765754699707,0.4,0.0,0.0,0.6,0.1451930548906715,4,10,4,0,6,30
B,1,3401,enet,200.0,0.5,4315.082654073883,-2.1576792250630548,0.4882514476776123,0.2,0.0,0.0,0.8,0.1654026758397784,2,10,2,0,8,30
B,2,3402,none,0.0,,2391.477835426854,-1.1744846697209164,1.2382609844207764,1.0,1.0,0.75,0.0,0.0008493130868503127,40,10,10,30,0,0
B,2,3402,lasso,1.0,,2384.656146599417,-1.173705108856546,1.257392406463623,1.0,0.9666666666666667,0.7435897435897436,0.0,0.0007620893581848433,39,10,10,29,0,1
B,2,3402,lasso,2.0,,2377.93709683584,-1.172966344464844,1.2869932651519775,1.0,0.9333333333333333,0.7368421052631579,0.0,0.0006857623143285774,38,10,10,28,0,2
B,2,3402,lasso,5.0,,2365.3673305118646,-1.1712143607675916,1.3899588584899902,1.0,0.8333333333333333,0.7142857142857143,0.0,0.0005229082265578478,35,10,10,25,0,5
B,2,3402,lasso,10.0,,2348.5139033904497,-1.1695739024735172,1.2916853427886963,1.0,0.7666666666666666,0.696969696969697,0.0,0.0004450174996767743,33,10,10,23,0,7
B,2,3402,lasso,20.0,,2294.2052081791535,-1.1711151317075255,1.3123669624328613,1.0,0.43333333333333335,0.5652173913043478,0.0,0.0008221178137953397,23,10,10,13,0,17
B,2,3402,lasso,50.0,,2296.111252555575,-1.192280859897839,1.2935216426849365,1.0,0.26666666666666666,0.4444444444444444,0.0,0.004939044092086223,18,10,10,8,0,22
B,2,3402,lasso,100.0,,2274.028081467252,-1.2076163872792387,1.2110655307769775,0.6,0.13333333333333333,0.4,0.4,0.008129092933711163,10,10,6,4,4,26
B,2,3402,lasso,200.0,,2270.5631132844483,-1.212702885720338,1.5286478996276855,0.6,0.03333333333333333,0.14285714285714285,0.4,0.008152069571200326,7,10,6,1,4,29
B,2,3402,enet,1.0,0.5,2384.6028554680174,-1.1741109463477264,1.246518850326538,1.0,0.9666666666666667,0.7435897435897436,0.0,0.0008037216762952503,39,10,10,29,0,1
B,2,3402,enet,2.0,0.5,2384.671531482305,-1.173674810735575,1.2400672435760498,1.0,0.9666666666666667,0.7435897435897436,0.0,0.0007592756805924239,39,10,10,29,0,1
B,2,3402,enet,5.0,0.5,2378.1677068618137,-1.172612761613697,1.2936582565307617,1.0,0.9333333333333333,0.7368421052631579,0.0,0.0006504442275541711,38,10,10,28,0,2
B,2,3402,enet,10.0,0.5,2365.647232884234,-1.1712438593155967,1.330631971359253,1.0,0.8333333333333333,0.7142857142857143,0.0,0.0005360715960330743,35,10,10,25,0,5
B,2,3402,enet,20.0,0.5,2356.3175339605104,-1.1699535266993912,1.263404130935669,1.0,0.7666666666666666,0.696969696969697,0.0,0.0005202773568049271,33,10,10,23,0,7
B,2,3402,enet,50.0,0.5,2281.076564640195,-1.1747813210120874,1.2679331302642822,1.0,0.3333333333333333,0.5,0.0,0.0015185679207728232,20,10,10,10,0,20
B,2,3402,enet,100.0,0.5,2302.1328864564794,-1.1953576639414891,1.3082787990570068,1.0,0.26666666666666666,0.4444444444444444,0.0,0.005579241000806445,18,10,10,8,0,22
B,2,3402,enet,200.0,0.5,2275.4023905502777,-1.2077510034074292,1.2408363819122314,0.6,0.13333333333333333,0.4,0.4,0.00813666330412453,10,10,6,4,4,26
B,4,3404,none,0.0,,5085.034949468662,-2.4506526391411385,5.567278861999512,1.0,1.0,0.75,0.0,0.004572264588351915,40,10,10,30,0,0
B,4,3404,lasso,1.0,,5085.314372288887,-2.449129088124128,5.393691539764404,1.0,1.0,0.75,0.0,0.004221164706895653,40,10,10,30,0,0
B,4,3404,lasso,2.0,,5085.7793166325755,-2.4477219888081443,5.277436017990112,1.0,1.0,0.75,0.0,0.003918726202346787,40,10,10,30,0,0
B,4,3404,lasso,5.0,,5081.325963529881,-2.44478123321363,5.1334826946258545,1.0,0.9666666666666667,0.7435897435897436,0.0,0.0032905780126408256,39,10,10,29,0,1
B,4,3404,lasso,10.0,,5067.206653366151,-2.443232242513983,5.177250146865845,1.0,0.8666666666666667,0.7222222222222222,0.0,0.003063171801230817,36,10,10,26,0,4
B,4,3404,lasso,20.0,,5026.841631754341,-2.448169124616641,4.601898908615112,1.0,0.6,0.6428571428571429,0.0,0.0039016009565840323,28,10,10,18,0,12
B,4,3404,lasso,50.0,,5007.5327894664115,-2.475926544811635,4.187747001647949,0.9,0.3333333333333333,0.5263157894736842,0.1,0.008946717274822451,19,10,9,10,1,20
B,4,3404,lasso,100.0,,5124.149724483701,-2.6125214122854756,3.4551689624786377,0.8,0.1,0.2727272727272727,0.2,0.020585913566842466,11,10,8,3,2,27
B,4,3404,lasso,200.0,,5200.477464420722,-2.7005802399479832,4.149110555648804,0.6,0.0,0.0,0.4,0.025597957638142946,6,10,6,0,4,30
B,4,3404,enet,1.0,0.5,5085.170783220825,-2.449839856648815,5.474266052246094,1.0,1.0,0.75,0.0,0.004378574175469261,40,10,10,30,0,0
B,4,3404,enet,2.0,0.5,5085.383880052221,-2.4490494558662514,5.355283260345459,1.0,1.0,0.75,0.0,0.004189606054399964,40,10,10,30,0,0
B,4,3404,enet,5.0,0.5,5086.388343358789,-2.4470593611876703,5.286284446716309,1.0,1.0,0.75,0.0,0.003736961814680768,40,10,10,30,0,0
B,4,3404,enet,10.0,0.5,5082.436779541007,-2.445538655878603,5.004502773284912,1.0,0.9666666666666667,0.7435897435897436,0.0,0.0033152129993543186,39,10,10,29,0,1
B,4,3404,enet,20.0,0.5,5075.996749567697,-2.445696167423358,5.316176414489746,1.0,0.9,0.7297297297297297,0.0,0.003283325495430672,37,10,10,27,0,3
B,4,3404,enet,50.0,0.5,5026.680724311607,-2.4584027194341798,4.330597162246704,1.0,0.5333333333333333,0.6153846153846154,0.0,0.005604549180476003,26,10,10,16,0,14
B,4,3404,enet,100.0,0.5,5026.958794326922,-2.4920437168024514,3.9248411655426025,0.9,0.3333333333333333,0.5263157894736842,0.1,0.010946610931047525,19,10,9,10,1,20
B,4,3404,enet,200.0,0.5,5152.828440542533,-2.6432767196255056,3.5106985569000244,0.7,0.1,0.3,0.3,0.022742260659846452,10,10,7,3,3,27
B,1,3501,none,0.0,,3990.090486897038,-1.9634735846040556,0.5841906070709229,1.0,1.0,0.75,0.0,0.002594611991255404,40,10,10,30,0,0
B,1,3501,lasso,1.0,,3969.5475266054764,-1.9618103250617163,0.6013298034667969,1.0,0.9,0.7297297297297297,0.0,0.0023344435678173668,37,10,10,27,0,3
B,1,3501,lasso,2.0,,3949.278962421835,-1.9604140805733727,0.6031031608581543,1.0,0.8,0.7058823529411765,0.0,0.002140705479418301,34,10,10,24,0,6
B,1,3501,lasso,5.0,,3945.1790970267234,-1.9571695397188165,0.6177754402160645,1.0,0.7666666666666666,0.696969696969697,0.0,0.0017726188274244476,33,10,10,23,0,7
B,1,3501,lasso,10.0,,3898.43589175151,-1.954436877564627,0.6202640533447266,1.0,0.5,0.6,0.0,0.0018080351984830446,25,10,10,15,0,15
B,1,3501,lasso,20.0,,3846.755198972362,-1.95784707466413,0.7178423404693604,1.0,0.13333333333333333,0.2857142857142857,0.0,0.0040614638495618405,14,10,10,4,0,26
B,1,3501,lasso,50.0,,4081.2649808968063,-2.081053153155107,1.823845624923706,0.7,0.0,0.0,0.3,0.09491976862360908,7,10,7,0,3,30
B,1,3501,lasso,100.0,,4313.818842498672,-2.1941735122410364,0.3557147979736328,0.30000000000000004,0.0,0.0,0.7,0.15845178428284729,3,10,3,0,7,30
B,1,3501,lasso,200.0,,4326.243065569579,-2.1986927772988354,0.3547658920288086,0.2,0.0,0.0,0.8,0.16326492321351838,2,10,2,0,8,30
B,1,3501,enet,1.0,0.5,3983.2961139099893,-1.9625671220794412,0.5918965339660645,1.0,0.9666666666666667,0.7435897435897436,0.0,0.002462293839043778,39,10,10,29,0,1
B,1,3501,enet,2.0,0.5,3976.637394752269,-1.9617109899974774,0.5996115207672119,1.0,0.9,0.7297297297297297,0.0,0.002354612148915846,37,10,10,27,0,3
B,1,3501,enet,5.0,0.5,3957.358364787124,-1.9597787081358755,0.6053760051727295,1.0,0.8333333333333334,0.7142857142857143,0.0,0.002178746059523329,35,10,10,25,0,5
B,1,3501,enet,10.0,0.5,3955.043831364865,-1.9578647309038033,0.6224250793457031,1.0,0.8,0.7058823529411765,0.0,0.0022460490059399217,34,10,10,24,0,6
B,1,3501,enet,20.0,0.5,3923.560373684133,-1.9585720774496007,0.6359717845916748,1.0,0.5666666666666667,0.6296296296296297,0.0,0.0037610802251843833,27,10,10,17,0,13
B,1,3501,enet,50.0,0.5,3944.9644537082354,-2.002438316201866,1.008962631225586,1.0,0.06666666666666667,0.16666666666666666,0.0,0.02933210050791106,12,10,10,2,0,28
B,1,3501,enet,100.0,0.5,4241.129754471049,-2.1634961342191708,0.6731417179107666,0.5,0.0,0.0,0.5,0.13748744641517724,5,10,5,0,5,30
B,1,3501,enet,200.0,0.5,4326.664806140762,-2.1973660566167355,0.337756872177124,0.30000000000000004,0.0,0.0,0.7,0.16187807823071076,3,10,3,0,7,30
B,2,3502,none,0.0,,2343.5452331947913,-1.2191442806761252,1.294858694076538,1.0,0.9333333333333333,0.7368421052631579,0.0,0.00707015354822819,38,10,10,28,0,2
B,2,3502,lasso,1.0,,2329.7998485073413,-1.2177291308096188,1.3857645988464355,1.0,0.9333333333333333,0.7368421052631579,0.0,0.00699020818129565,38,10,10,28,0,2
B,2,3502,lasso,2.0,,2316.1625129405766,-1.2163486725473913,1.3036894798278809,1.0,0.8666666666666667,0.7222222222222222,0.0,0.0069221087556784015,36,10,10,26,0,4
B,2,3502,lasso,5.0,,2296.549895245485,-1.212771813823707,1.3709752559661865,1.0,0.7666666666666666,0.696969696969697,0.0,0.0067893047543436825,33,10,10,23,0,7
B,2,3502,lasso,10.0,,2293.372851023692,-1.2083320690565047,1.3609471321105957,1.0,0.7333333333333333,0.6875,0.0,0.006774278250971693,32,10,10,22,0,8
B,2,3502,lasso,20.0,,2276.4405555489247,-1.2044708641410575,1.450197696685791,1.0,0.5666666666666667,0.6296296296296297,0.0,0.007140715047326198,27,10,10,17,0,13
B,2,3502,lasso,50.0,,2236.0531894400924,-1.2139780597480068,1.4870944023132324,0.9,0.2,0.4,0.1,0.011407946191841002,15,10,9,6,1,24
B,2,3502,lasso,100.0,,2221.3809430862116,-1.2223220933796444,1.3734855651855469,0.6,0.1,0.3333333333333333,0.4,0.014074515711914207,9,10,6,3,4,27
B,2,3502,lasso,200.0,,2218.1036446633434,-1.222391009154615,1.6207938194274902,0.6,0.0,0.0,0.4,0.014239789981342985,6,10,6,0,4,30
B,2,3502,enet,1.0,0.5,2343.5687718434906,-1.2183814392827403,1.2956316471099854,1.0,0.9333333333333333,0.7368421052631579,0.0,0.0070265021518875915,38,10,10,28,0,2
B,2,3502,enet,2.0,0.5,2329.8126346721124,-1.2176369186821954,1.385732650756836,1.0,0.9333333333333333,0.7368421052631579,0.0,0.006986942116140494,38,10,10,28,0,2
B,2,3502,enet,5.0,0.5,2316.3576483676056,-1.2155129756930825,1.3068552017211914,1.0,0.8333333333333334,0.7142857142857143,0.0,0.006889834611642621,35,10,10,25,0,5
B,2,3502,enet,10.0,0.5,2296.803898130484,-1.2125064695991201,1.4059698581695557,1.0,0.7666666666666666,0.696969696969697,0.0,0.006797953475643743,33,10,10,23,0,7
B,2,3502,enet,20.0,0.5,2294.172986859585,-1.208184727370356,1.3179776668548584,1.0,0.7333333333333333,0.6875,0.0,0.0068295075047670965,32,10,10,22,0,8
B,2,3502,enet,50.0,0.5,2272.390281135556,-1.204988242347188,1.5086650848388672,1.0,0.5333333333333333,0.6153846153846154,0.0,0.007875900059745628,26,10,10,16,0,14
B,2,3502,enet,100.0,0.5,2245.6414950276267,-1.2150136158642695,1.5509154796600342,0.9,0.23333333333333334,0.4375,0.1,0.011728878236735867,16,10,9,7,1,23
B,2,3502,enet,200.0,0.5,2222.8467751783905,-1.222007828896351,1.3549559116363525,0.6,0.1,0.3333333333333333,0.4,0.014094970741127148,9,10,6,3,4,27
B,4,3504,none,0.0,,5120.1940773209,-2.4793918441531217,4.4652793407440186,1.0,1.0,0.75,0.0,0.0010773380779333158,40,10,10,30,0,0
B,4,3504,lasso,1.0,,5120.261011830054,-2.4778958268288487,4.447294473648071,1.0,1.0,0.75,0.0,0.0009454979930548623,40,10,10,30,0,0
B,4,3504,lasso,2.0,,5113.381806683919,-2.4773141478367946,4.49774169921875,1.0,0.9666666666666667,0.7435897435897436,0.0,0.0008947332243846467,39,10,10,29,0,1
B,4,3504,lasso,5.0,,5093.773765095273,-2.473305525467,4.358858108520508,1.0,0.8666666666666667,0.7222222222222222,0.0,0.0006492966469318177,36,10,10,26,0,4
B,4,3504,lasso,10.0,,5054.89049618212,-2.470435962806643,4.166465520858765,1.0,0.6666666666666667,0.6666666666666666,0.0,0.0006433988083215645,30,10,10,20,0,10
B,4,3504,lasso,20.0,,5026.120864799618,-2.468889843414515,3.336085796356201,1.0,0.5,0.6,0.0,0.0010306337660523903,25,10,10,15,0,15
B,4,3504,lasso,50.0,,5017.610709108916,-2.4716566587894966,3.045614242553711,1.0,0.3333333333333333,0.5,0.0,0.0031806726777112194,20,10,10,10,0,20
B,4,3504,lasso,100.0,,5041.125994098294,-2.492420298105386,2.805232048034668,1.0,0.06666666666666667,0.16666666666666666,0.0,0.009393603376917109,12,10,10,2,0,28
B,4,3504,lasso,200.0,,5267.998188555016,-2.5842551259289928,3.1554296016693115,1.0,0.0,0.0,0.0,0.028985316400765394,10,10,10,0,0,30
B,4,3504,enet,1.0,0.5,5120.226706278458,-2.478628325533359,4.489927291870117,1.0,1.0,0.75,0.0,0.0010122999246343085,40,10,10,30,0,0
B,4,3504,enet,2.0,0.5,5120.29200118952,-2.4778608287218913,4.434921741485596,1.0,1.0,0.75,0.0,0.0009511908952171114,40,10,10,30,0,0
B,4,3504,enet,5.0,0.5,5113.631154742414,-2.4765459006536394,4.459313154220581,1.0,0.9666666666666667,0.7435897435897436,0.0,0.0008594324142532565,39,10,10,29,0,1
B,4,3504,enet,10.0,0.5,5094.198311277489,-2.4735518174118956,4.328180313110352,1.0,0.8666666666666667,0.7222222222222222,0.0,0.0007368154246828174,36,10,10,26,0,4
B,4,3504,enet,20.0,0.5,5055.983802296344,-2.4716586581523647,3.6116464138031006,1.0,0.6666666666666667,0.6666666666666666,0.0,0.0009690177696161197,30,10,10,20,0,10
B,4,3504,enet,50.0,0.5,5027.643276663074,-2.4716067989730486,3.368274211883545,1.0,0.4666666666666667,0.5833333333333334,0.0,0.002117770293848331,24,10,10,14,0,16
B,4,3504,enet,100.0,0.5,5034.334690500865,-2.4794025795831676,3.051510810852051,1.0,0.3333333333333333,0.5,0.0,0.005176325947044813,20,10,10,10,0,20
B,4,3504,enet,200.0,0.5,5088.656033239019,-2.511921978760997,2.5512020587921143,1.0,0.1,0.23076923076923078,0.0,0.013307691779847886,13,10,10,3,0,27
B,1,3601,none,0.0,,4059.5595440072157,-1.9397877221850601,0.7031965255737305,1.0,1.0,0.75,0.0,0.005562100542625246,40,10,10,30,0,0
B,1,3601,lasso,1.0,,4052.9276928894724,-1.9375506919450192,0.691777229309082,1.0,0.9666666666666667,0.7435897435897436,0.0,0.0049102504772901845,39,10,10,29,0,1
B,1,3601,lasso,2.0,,4046.7183606583358,-1.9355264190687835,0.6952605247497559,1.0,0.9333333333333333,0.7368421052631579,0.0,0.004354499639654825,38,10,10,28,0,2
B,1,3601,lasso,5.0,,4023.2245470047674,-1.9313383992423336,0.6736047267913818,1.0,0.8,0.7058823529411765,0.0,0.0032714405969658986,34,10,10,24,0,6
B,1,3601,lasso,10.0,,4013.7180730348578,-1.928288936797068,0.6770789623260498,1.0,0.7,0.6774193548387096,0.0,0.002844912653517222,31,10,10,21,0,9
B,1,3601,lasso,20.0,,3955.064133848908,-1.9353342771627136,0.6898033618927002,1.0,0.23333333333333334,0.4117647058823529,0.0,0.007017246978359002,17,10,10,7,0,23
B,1,3601,lasso,50.0,,4181.858910009804,-2.077490291911458,0.8221578598022461,0.7,0.03333333333333333,0.125,0.3,0.10540364422590812,8,10,7,1,3,29
B,1,3601,lasso,100.0,,4385.6952591671115,-2.1960587907314126,0.394115686416626,0.2,0.0,0.0,0.8,0.1637386705547508,2,10,2,0,8,30
B,1,3601,lasso,200.0,,4385.818831542933,-2.1960792540957583,0.31204724311828613,0.2,0.0,0.0,0.8,0.16398538736312368,2,10,2,0,8,30
B,1,3601,enet,1.0,0.5,4059.749162010933,-1.9386215975270398,0.6839241981506348,1.0,1.0,0.75,0.0,0.005191339785143053,40,10,10,30,0,0
B,1,3601,enet,2.0,0.5,4053.2174457766096,-1.9373757133569907,0.6878249645233154,1.0,0.9666666666666667,0.7435897435897436,0.0,0.004848272675294786,39,10,10,29,0,1
B,1,3601,enet,5.0,0.5,4041.5888160502136,-1.9347530090981189,0.6876847743988037,1.0,0.9,0.7297297297297297,0.0,0.0041425662453041055,37,10,10,27,0,3
B,1,3601,enet,10.0,0.5,4020.4832033547887,-1.9327706609612674,0.6938879489898682,1.0,0.7666666666666666,0.696969696969697,0.0,0.003844233258590979,33,10,10,23,0,7
B,1,3601,enet,20.0,0.5,4015.3681489363075,-1.93599377126765,0.6690366268157959,1.0,0.6333333333333333,0.6551724137931034,0.0,0.0060620435910134505,29,10,10,19,0,11
B,1,3601,enet,50.0,0.5,4057.210791905446,-1.9973880227182295,1.0155861377716064,1.0,0.13333333333333333,0.2857142857142857,0.0,0.04232540448469789,14,10,10,4,0,26
B,1,3601,enet,100.0,0.5,4287.223140197047,-2.1345983400188646,0.802884578704834,0.6,0.0,0.0,0.4,0.13497191295912864,6,10,6,0,4,30
B,1,3601,enet,200.0,0.5,4385.730924240116,-2.196080792060801,0.291553258895874,0.2,0.0,0.0,0.8,0.16381281104515705,2,10,2,0,8,30
B,2,3602,none,0.0,,2612.9636597812555,-1.1715266786763414,1.0061538219451904,1.0,1.0,0.75,0.0,0.001633812691116819,40,10,10,30,0,0
B,2,3602,lasso,1.0,,2599.1929158734183,-1.170674164006151,1.0089001655578613,1.0,0.9,0.7297297297297297,0.0,0.001529855276830843,37,10,10,27,0,3
B,2,3602,lasso,2.0,,2585.524745994743,-1.169686187851554,1.0352797508239746,1.0,0.8666666666666667,0.7222222222222222,0.0,0.0014321821145113546,36,10,10,26,0,4
B,2,3602,lasso,5.0,,2572.5897906960618,-1.167226186505572,1.0892977714538574,1.0,0.8,0.7058823529411765,0.0,0.0011845897180829794,34,10,10,24,0,6
B,2,3602,lasso,10.0,,2554.6524605441887,-1.1638431568100074,1.1487174034118652,1.0,0.6666666666666667,0.6666666666666666,0.0,0.0008877716778681034,30,10,10,20,0,10
B,2,3602,lasso,20.0,,2529.5570303845384,-1.1589832983309487,1.2225689888000488,1.0,0.5333333333333333,0.6153846153846154,0.0,0.0006087375952751369,26,10,10,16,0,14
B,2,3602,lasso,50.0,,2523.654389854215,-1.1614254147493395,1.4979188442230225,1.0,0.26666666666666666,0.4444444444444444,0.0,0.0026578820372047274,18,10,10,8,0,22
B,2,3602,lasso,100.0,,2548.3125671904395,-1.1805314522955486,1.6116001605987549,0.7,0.13333333333333333,0.36363636363636365,0.3,0.007779943117383384,11,10,7,4,3,26
B,2,3602,lasso,200.0,,2535.980800532288,-1.1844448933322729,1.9672749042510986,0.6,0.0,0.0,0.4,0.007947203762425395,6,10,6,0,4,30
B,2,3602,enet,1.0,0.5,2606.0690524346155,-1.17100045010839,1.025341510772705,1.0,0.9666666666666667,0.7435897435897436,0.0,0.0015748072397282593,39,10,10,29,0,1
B,2,3602,enet,2.0,0.5,2599.2058079297876,-1.1705674674804587,1.0311503410339355,1.0,0.9,0.7297297297297297,0.0,0.0015177852372799544,37,10,10,27,0,3
B,2,3602,enet,5.0,0.5,2585.6860655156065,-1.1690233069443121,1.0740313529968262,1.0,0.8666666666666667,0.7222222222222222,0.0,0.0013671172424458635,36,10,10,26,0,4
B,2,3602,enet,10.0,0.5,2572.8658357867557,-1.1668362879850294,1.1033849716186523,1.0,0.8,0.7058823529411765,0.0,0.0011490101215536998,34,10,10,24,0,6
B,2,3602,enet,20.0,0.5,2548.7986962719847,-1.1633470235841852,1.1502711772918701,1.0,0.6666666666666667,0.6666666666666666,0.0,0.0008583723051346362,30,10,10,20,0,10
B,2,3602,enet,50.0,0.5,2527.386798615464,-1.1581358593003184,1.5481557846069336,1.0,0.4666666666666667,0.5833333333333334,0.0,0.0008426368923063953,24,10,10,14,0,16
B,2,3602,enet,100.0,0.5,2535.0692762955114,-1.164676772458362,1.5007176399230957,1.0,0.26666666666666666,0.4444444444444444,0.0,0.0034772638553819397,18,10,10,8,0,22
B,2,3602,enet,200.0,0.5,2549.986989020566,-1.1808302006425706,2.038883686065674,0.7,0.13333333333333333,0.36363636363636365,0.3,0.0078033064261504494,11,10,7,4,3,26
B,4,3604,none,0.0,,5210.12132573849,-2.501139729198586,7.351305961608887,1.0,1.0,0.75,0.0,0.004032695638123498,40,10,10,30,0,0
B,4,3604,lasso,1.0,,5210.182219208135,-2.5006414201886717,7.17982029914856,1.0,0.9666666666666667,0.7435897435897436,0.0,0.0038641158041893857,39,10,10,29,0,1
B,4,3604,lasso,2.0,,5196.659680679259,-2.4986461646806863,7.129515171051025,1.0,0.9,0.7297297297297297,0.0,0.0035175871008830953,37,10,10,27,0,3
B,4,3604,lasso,5.0,,5164.227064276144,-2.4906399350374895,6.676701068878174,1.0,0.7666666666666666,0.696969696969697,0.0,0.0024843449220310243,33,10,10,23,0,7
B,4,3604,lasso,10.0,,5148.15749332622,-2.4830980674189913,6.123681306838989,1.0,0.6666666666666667,0.6666666666666666,0.0,0.0016893351753599494,30,10,10,20,0,10
B,4,3604,lasso,20.0,,5106.550716161014,-2.481778484009196,5.7137439250946045,1.0,0.43333333333333335,0.5652173913043478,0.0,0.0017502939748457664,23,10,10,13,0,17
B,4,3604,lasso,50.0,,5131.691516263388,-2.4874490500642636,3.886451005935669,1.0,0.39999999999999997,0.5454545454545454,0.0,0.003571196418691375,22,10,10,12,0,18
B,4,3604,lasso,100.0,,5164.178231707251,-2.521114103585862,3.4875900745391846,0.9,0.13333333333333333,0.3076923076923077,0.1,0.009629387916817882,13,10,9,4,1,26
B,4,3604,lasso,200.0,,5337.833767495275,-2.594178216773762,2.415440797805786,0.7,0.0,0.0,0.3,0.022153982621390487,7,10,7,0,3,30
B,4,3604,enet,1.0,0.5,5210.1356112664325,-2.501606975832595,7.248982667922974,1.0,0.9666666666666667,0.7435897435897436,0.0,0.0040295905302655645,39,10,10,29,0,1
B,4,3604,enet,2.0,0.5,5210.20357395234,-2.5005009049890985,7.196730852127075,1.0,0.9666666666666667,0.7435897435897436,0.0,0.003806168057182555,39,10,10,29,0,1
B,4,3604,enet,5.0,0.5,5190.34874746167,-2.4967033427236616,6.913188219070435,1.0,0.8666666666666667,0.7222222222222222,0.0,0.0031851368784544276,36,10,10,26,0,4
B,4,3604,enet,10.0,0.5,5164.750299419636,-2.490176719200804,6.523525953292847,1.0,0.7666666666666666,0.696969696969697,0.0,0.0023699101330001975,33,10,10,23,0,7
B,4,3604,enet,20.0,0.5,5149.361487692471,-2.483651293026331,6.390827417373657,1.0,0.6666666666666667,0.6666666666666666,0.0,0.0017342651894628894,30,10,10,20,0,10
B,4,3604,enet,50.0,0.5,5116.367010242774,-2.4836228250414556,4.668299436569214,1.0,0.43333333333333335,0.5652173913043478,0.0,0.002316445391238647,23,10,10,13,0,17
B,4,3604,enet,100.0,0.5,5143.722635682283,-2.4948954943838433,4.858033657073975,1.0,0.36666666666666664,0.5238095238095238,0.0,0.005245551746640249,21,10,10,11,0,19
B,4,3604,enet,200.0,0.5,5217.706783580026,-2.5382514775020075,3.0754306316375732,0.9,0.16666666666666666,0.35714285714285715,0.1,0.012775607699885604,14,10,9,5,1,25
B,1,3701,none,0.0,,3951.8476368236725,-1.9534479144537682,0.7508220672607422,1.0,1.0,0.75,0.0,0.0064097848807149055,40,10,10,30,0,0
B,1,3701,lasso,1.0,,3938.531661545005,-1.951315425067006,0.6690449714660645,1.0,0.9333333333333333,0.7368421052631579,0.0,0.005969154654175367,38,10,10,28,0,2
B,1,3701,lasso,2.0,,3939.175656452663,-1.9496151673162394,0.6804461479187012,1.0,0.9333333333333333,0.7368421052631579,0.0,0.005621220228506491,38,10,10,28,0,2
B,1,3701,lasso,5.0,,3908.0712367750725,-1.945273929197626,0.6640064716339111,1.0,0.7666666666666666,0.696969696969697,0.0,0.004928024348165125,33,10,10,23,0,7
B,1,3701,lasso,10.0,,3884.3524360986576,-1.9405279641859263,0.6641380786895752,1.0,0.6,0.6428571428571429,0.0,0.004797382239839342,28,10,10,18,0,12
B,1,3701,lasso,20.0,,3854.150296162182,-1.945484201780079,0.7465519905090332,1.0,0.26666666666666666,0.4444444444444444,0.0,0.009539950403465149,18,10,10,8,0,22
B,1,3701,lasso,50.0,,4011.8841822575982,-2.0622145067495232,0.9259843826293945,0.7,0.0,0.0,0.3,0.0963494043382934,7,10,7,0,3,30
B,1,3701,lasso,100.0,,4321.598527436946,-2.1728503992568644,0.5917928218841553,0.4,0.0,0.0,0.6,0.1522740245666312,4,10,4,0,6,30
B,1,3701,lasso,200.0,,4355.249315969503,-2.189480716031134,0.5326621532440186,0.2,0.0,0.0,0.8,0.16313049232800259,2,10,2,0,8,30
B,1,3701,enet,1.0,0.5,3945.3045579532873,-1.9523428506205716,0.6887307167053223,1.0,0.9666666666666667,0.7435897435897436,0.0,0.006182985546923412,39,10,10,29,0,1
B,1,3701,enet,2.0,0.5,3938.7402543001026,-1.9515052185317012,0.6844274997711182,1.0,0.9333333333333333,0.7368421052631579,0.0,0.005992837141812312,38,10,10,28,0,2
B,1,3701,enet,5.0,0.5,3933.6570725875167,-1.9495841036367783,0.7005176544189453,1.0,0.9,0.7297297297297297,0.0,0.005640923419517104,37,10,10,27,0,3
B,1,3701,enet,10.0,0.5,3897.9181020037754,-1.9471607990839124,0.6807026863098145,1.0,0.7,0.6774193548387096,0.0,0.005550172084581643,31,10,10,21,0,9
B,1,3701,enet,20.0,0.5,3890.289855403053,-1.9477220930547496,0.9519202709197998,1.0,0.5666666666666667,0.6296296296296297,0.0,0.007473246758576713,27,10,10,17,0,13
B,1,3701,enet,50.0,0.5,3933.326674695628,-2.0005762237329563,0.9374117851257324,1.0,0.16666666666666666,0.3333333333333333,0.0,0.04030081261430627,15,10,10,5,0,25
B,1,3701,enet,100.0,0.5,4125.850964525265,-2.116073585827048,1.202233076095581,0.6,0.0,0.0,0.4,0.12777393516350594,6,10,6,0,4,30
B,1,3701,enet,200.0,0.5,4343.414175545174,-2.1827078720556248,0.3911623954772949,0.30000000000000004,0.0,0.0,0.7,0.15889011633624517,3,10,3,0,7,30
B,2,3702,none,0.0,,2511.8347502015877,-1.2224788269896545,1.7383031845092773,1.0,0.9666666666666667,0.7435897435897436,0.0,0.000970533129889906,39,10,10,29,0,1
B,2,3702,lasso,1.0,,2498.09347097621,-1.2220238288121121,1.6780271530151367,1.0,0.9333333333333333,0.7368421052631579,0.0,0.0008880589558900588,38,10,10,28,0,2
B,2,3702,lasso,2.0,,2491.3712434094396,-1.2216561150387628,1.7274158000946045,1.0,0.8666666666666667,0.7222222222222222,0.0,0.0008188331308167278,36,10,10,26,0,4
B,2,3702,lasso,5.0,,2478.7635032335825,-1.2210167145789756,1.8739547729492188,1.0,0.8333333333333333,0.7142857142857143,0.0,0.0006691887301124526,35,10,10,25,0,5
B,2,3702,lasso,10.0,,2475.6730458475627,-1.2204139135730572,1.8957197666168213,1.0,0.8,0.7058823529411765,0.0,0.0005915738648420358,34,10,10,24,0,6
B,2,3702,lasso,20.0,,2423.278232068325,-1.2246116343956532,1.7015633583068848,1.0,0.5,0.6,0.0,0.0010846715046011794,25,10,10,15,0,15
B,2,3702,lasso,50.0,,2421.4350028689705,-1.255889875477285,1.676651954650879,0.8,0.3333333333333333,0.5555555555555556,0.2,0.006055052825725665,18,10,8,10,2,20
B,2,3702,lasso,100.0,,2399.8683212652895,-1.2711112448612216,2.1619791984558105,0.6,0.16666666666666666,0.45454545454545453,0.4,0.008015213655114425,11,10,6,5,4,25
B,2,3702,lasso,200.0,,2403.71809697548,-1.2879001981204252,2.4995100498199463,0.6,0.03333333333333333,0.14285714285714285,0.4,0.008158492891926028,7,10,6,1,4,29
B,2,3702,enet,1.0,0.5,2504.950223131975,-1.2222448666769632,1.6313071250915527,1.0,0.9666666666666667,0.7435897435897436,0.0,0.000927524922529946,39,10,10,29,0,1
B,2,3702,enet,2.0,0.5,2498.1049734164803,-1.2220530920766997,1.6847493648529053,1.0,0.9333333333333333,0.7368421052631579,0.0,0.000888342929256839,38,10,10,28,0,2
B,2,3702,enet,5.0,0.5,2484.668008584932,-1.2215687777670619,1.8086678981781006,1.0,0.8333333333333333,0.7142857142857143,0.0,0.000793353882556315,35,10,10,25,0,5
B,2,3702,enet,10.0,0.5,2478.915663369536,-1.2210304711731055,2.06414794921875,1.0,0.8333333333333333,0.7142857142857143,0.0,0.0006907157858277714,35,10,10,25,0,5
B,2,3702,enet,20.0,0.5,2476.5590863654893,-1.2212514085398611,1.8506944179534912,1.0,0.8,0.7058823529411765,0.0,0.0006833017852314761,34,10,10,24,0,6
B,2,3702,enet,50.0,0.5,2418.7183353467613,-1.2310405355297362,1.6767592430114746,1.0,0.43333333333333335,0.5652173913043478,0.0,0.0019708811413288716,23,10,10,13,0,17
B,2,3702,enet,100.0,0.5,2424.5755391884986,-1.2584101989111578,1.986255168914795,0.8,0.3333333333333333,0.5555555555555556,0.2,0.00635378614454633,18,10,8,10,2,20
B,2,3702,enet,200.0,0.5,2401.4813540583446,-1.2726583312252995,2.334606647491455,0.6,0.13333333333333333,0.4,0.4,0.008027779765126137,10,10,6,4,4,26
B,4,3704,none,0.0,,5135.115860084297,-2.4840480415523287,8.147619724273682,1.0,1.0,0.75,0.0,0.0024129011433210224,40,10,10,30,0,0
B,4,3704,lasso,1.0,,5135.054214953397,-2.483448853946292,7.704132795333862,1.0,0.9666666666666667,0.7435897435897436,0.0,0.0022348705341157593,39,10,10,29,0,1
B,4,3704,lasso,2.0,,5128.4014486047645,-2.4821185348315598,8.051604509353638,1.0,0.9666666666666667,0.7435897435897436,0.0,0.002352895325478552,39,10,10,29,0,1
B,4,3704,lasso,5.0,,5109.604432644102,-2.483591398000695,7.194342851638794,1.0,0.8666666666666667,0.7222222222222222,0.0,0.0018324432292986207,36,10,10,26,0,4
B,4,3704,lasso,10.0,,5073.151642660855,-2.4853677736703212,7.322795391082764,1.0,0.6666666666666667,0.6666666666666666,0.0,0.002184220981242179,30,10,10,20,0,10
B,4,3704,lasso,20.0,,5061.498459938916,-2.4991839369740165,6.284290552139282,1.0,0.5333333333333333,0.6153846153846154,0.0,0.00366981723912401,26,10,10,16,0,14
B,4,3704,lasso,50.0,,5055.14095631682,-2.603773991697573,4.95165228843689,0.8,0.23333333333333334,0.4666666666666667,0.2,0.01812419489490142,15,10,8,7,2,23
B,4,3704,lasso,100.0,,5055.137111985231,-2.6681218193436362,5.43484354019165,0.6,0.03333333333333333,0.14285714285714285,0.4,0.026949139850432582,7,10,6,1,4,29
B,4,3704,lasso,200.0,,5089.881344306649,-2.680150347361253,3.450678586959839,0.6,0.0,0.0,0.4,0.02654278236820499,6,10,6,0,4,30
B,4,3704,enet,1.0,0.5,5134.977026439656,-2.4838660534979864,7.9738852977752686,1.0,1.0,0.75,0.0,0.002325587922832975,40,10,10,30,0,0
B,4,3704,enet,2.0,0.5,5135.034713731777,-2.4836359896216003,7.614789247512817,1.0,0.9666666666666667,0.7435897435897436,0.0,0.002235415465938572,39,10,10,29,0,1
B,4,3704,enet,5.0,0.5,5121.841600993916,-2.4830822305400804,7.586659908294678,1.0,0.9333333333333333,0.7368421052631579,0.0,0.002259792758001695,38,10,10,28,0,2
B,4,3704,enet,10.0,0.5,5096.728907036045,-2.484857040295421,6.973939418792725,1.0,0.8,0.7058823529411765,0.0,0.002179646163968377,34,10,10,24,0,6
B,4,3704,enet,20.0,0.5,5075.44654201932,-2.4895879849335234,6.684334993362427,1.0,0.6666666666666667,0.6666666666666666,0.0,0.0027291350193939315,30,10,10,20,0,10
B,4,3704,enet,50.0,0.5,5077.928337491782,-2.5341764977747223,5.553755283355713,1.0,0.5,0.6,0.0,0.008559588210071354,25,10,10,15,0,15
B,4,3704,enet,100.0,0.5,5067.051372493366,-2.6166984104202307,5.069185972213745,0.8,0.23333333333333334,0.4666666666666667,0.2,0.01906518750679567,15,10,8,7,2,23
B,4,3704,enet,200.0,0.5,5072.043178506282,-2.6695008762606003,4.203031539916992,0.6,0.06666666666666667,0.25,0.4,0.02653008750417603,8,10,6,2,4,28
B,1,3801,none,0.0,,3967.0024738970833,-1.9066627578228652,0.5918915271759033,1.0,1.0,0.75,0.0,0.0022807598701915155,40,10,10,30,0,0
B,1,3801,lasso,1.0,,3960.2783841676764,-1.9052450191053245,0.5908966064453125,1.0,0.9666666666666667,0.7435897435897436,0.0,0.0020600179143787094,39,10,10,29,0,1
B,1,3801,lasso,2.0,,3939.9971420140755,-1.9038956853440354,0.5950789451599121,1.0,0.8666666666666667,0.7222222222222222,0.0,0.0018674240764756755,36,10,10,26,0,4
B,1,3801,lasso,5.0,,3914.8994431773012,-1.9002357048682716,0.6224029064178467,1.0,0.7333333333333334,0.6875,0.0,0.0014886232894233877,32,10,10,22,0,8
B,1,3801,lasso,10.0,,3880.8626769820985,-1.896675387785885,0.5813999176025391,1.0,0.5333333333333333,0.6153846153846154,0.0,0.0014156109275919428,26,10,10,16,0,14
B,1,3801,lasso,20.0,,3826.679777107356,-1.8956902863515959,0.7404882907867432,1.0,0.16666666666666669,0.3333333333333333,0.0,0.0028362457280474178,15,10,10,5,0,25
B,1,3801,lasso,50.0,,4184.434056142723,-2.0636768409423003,0.631704568862915,0.8,0.0,0.0,0.2,0.11480563968131917,8,10,8,0,2,30
B,1,3801,lasso,100.0,,4326.611593120568,-2.1586029181469866,0.46062183380126953,0.30000000000000004,0.0,0.0,0.7,0.16271135512215126,3,10,3,0,7,30
B,1,3801,lasso,200.0,,4320.900081632706,-2.1591744423079398,0.37395811080932617,0.2,0.0,0.0,0.8,0.1633053183259407,2,10,2,0,8,30
B,1,3801,enet,1.0,0.5,3960.1891592713455,-1.9058249828682743,0.5880725383758545,1.0,0.9666666666666667,0.7435897435897436,0.0,0.0021748256699541633,39,10,10,29,0,1
B,1,3801,enet,2.0,0.5,3960.3936376864713,-1.9050214415734656,0.5985658168792725,1.0,0.9666666666666667,0.7435897435897436,0.0,0.0020817745197214913,39,10,10,29,0,1
B,1,3801,enet,5.0,0.5,3940.9106902155254,-1.90279997400552,0.5960395336151123,1.0,0.8666666666666667,0.7222222222222222,0.0,0.0018786303262433067,36,10,10,26,0,4
B,1,3801,enet,10.0,0.5,3917.276017721911,-1.8999352940130998,0.6219580173492432,1.0,0.7333333333333334,0.6875,0.0,0.001815795265983515,32,10,10,22,0,8
B,1,3801,enet,20.0,0.5,3890.7773773743647,-1.8981312268151447,0.6716623306274414,1.0,0.5333333333333333,0.6153846153846154,0.0,0.002765744232766792,26,10,10,16,0,14
B,1,3801,enet,50.0,0.5,3911.3708750886585,-1.927742810761298,0.7490172386169434,1.0,0.13333333333333333,0.2857142857142857,0.0,0.018620521234769136,14,10,10,4,0,26
B,1,3801,enet,100.0,0.5,4247.672197038537,-2.1035239684031075,0.5212454795837402,0.5,0.0,0.0,0.5,0.13597550865028601,5,10,5,0,5,30
B,1,3801,enet,200.0,0.5,4320.745381512313,-2.1591660973432667,0.3687622547149658,0.2,0.0,0.0,0.8,0.1630540079935644,2,10,2,0,8,30
B,2,3802,none,0.0,,2920.9836682537416,-1.1082249337623575,1.6021769046783447,1.0,1.0,0.75,0.0,0.0010030962628977437,40,10,10,30,0,0
B,2,3802,lasso,1.0,,2921.0336166053175,-1.1076448296267791,1.6434237957000732,1.0,1.0,0.75,0.0,0.0009182387611071895,40,10,10,30,0,0
B,2,3802,lasso,2.0,,2914.2997582118014,-1.1067008993463738,1.6727421283721924,1.0,0.9666666666666667,0.7435897435897436,0.0,0.0008360741310539149,39,10,10,29,0,1
B,2,3802,lasso,5.0,,2894.498823098217,-1.103768632654221,1.84096360206604,1.0,0.8666666666666667,0.7222222222222222,0.0,0.0006432198337563928,36,10,10,26,0,4
B,2,3802,lasso,10.0,,2876.5633888099364,-1.1001562086962025,1.7438945770263672,1.0,0.7333333333333334,0.6875,0.0,0.000413121442145024,32,10,10,22,0,8
B,2,3802,lasso,20.0,,2836.4872594204844,-1.0960788589315285,1.7635130882263184,1.0,0.5333333333333333,0.6153846153846154,0.0,0.0002775162921945596,26,10,10,16,0,14
B,2,3802,lasso,50.0,,2848.9071203391018,-1.0977257985196855,2.4512152671813965,1.0,0.36666666666666664,0.5238095238095238,0.0,0.0019128312899601618,21,10,10,11,0,19
B,2,3802,lasso,100.0,,2867.105784501055,-1.1142818880484187,1.9521353244781494,0.7,0.2,0.46153846153846156,0.3,0.0070269202177422425,13,10,7,6,3,24
B,2,3802,lasso,200.0,,2862.000994571883,-1.1225965327171643,2.0536246299743652,0.6,0.0,0.0,0.4,0.008043263808756175,6,10,6,0,4,30
B,2,3802,enet,1.0,0.5,2920.986376154573,-1.1081104395517392,1.640744924545288,1.0,1.0,0.75,0.0,0.0009542361486649645,40,10,10,30,0,0
B,2,3802,enet,2.0,0.5,2921.0433122835593,-1.1075865096772362,1.6290175914764404,1.0,1.0,0.75,0.0,0.0009059806501353507,40,10,10,30,0,0
B,2,3802,enet,5.0,0.5,2907.5532173629417,-1.1061800243320312,1.6690492630004883,1.0,0.9333333333333333,0.7368421052631579,0.0,0.0007846247163306111,38,10,10,28,0,2
B,2,3802,enet,10.0,0.5,2894.7578258648705,-1.1033989072182608,1.838618516921997,1.0,0.8666666666666667,0.7222222222222222,0.0,0.0006042106982640631,36,10,10,26,0,4
B,2,3802,enet,20.0,0.5,2877.4435170799575,-1.0997354461459887,1.7372612953186035,1.0,0.7666666666666666,0.696969696969697,0.0,0.0003786755627051821,33,10,10,23,0,7
B,2,3802,enet,50.0,0.5,2831.3827885756477,-1.0953720673315208,1.9261727333068848,1.0,0.4666666666666667,0.5833333333333334,0.0,0.0004650059134168014,24,10,10,14,0,16
B,2,3802,enet,100.0,0.5,2860.5459563559675,-1.100826356677513,2.6591732501983643,1.0,0.4,0.5454545454545454,0.0,0.0026277607252811427,22,10,10,12,0,18
B,2,3802,enet,200.0,0.5,2878.7881854684447,-1.115368613885972,2.0880167484283447,0.7,0.23333333333333334,0.5,0.3,0.007259063385416455,14,10,7,7,3,23
B,4,3804,none,0.0,,5071.409242729537,-2.4462368225307713,7.445655584335327,1.0,1.0,0.75,0.0,0.010098296481746965,40,10,10,30,0,0
B,4,3804,lasso,1.0,,5051.016810443719,-2.4492658352736316,7.253229379653931,1.0,0.9,0.7297297297297297,0.0,0.010570031714681148,37,10,10,27,0,3
B,4,3804,lasso,2.0,,5072.085148437673,-2.4393876499156466,7.017572641372681,1.0,1.0,0.75,0.0,0.007396810822924673,40,10,10,30,0,0
B,4,3804,lasso,5.0,,5047.178752787663,-2.440275368233176,6.712133169174194,1.0,0.8666666666666667,0.7222222222222222,0.0,0.0062685322584094885,36,10,10,26,0,4
B,4,3804,lasso,10.0,,5019.781057422417,-2.4349823224007534,6.233134508132935,1.0,0.6666666666666667,0.6666666666666666,0.0,0.003395810173397611,30,10,10,20,0,10
B,4,3804,lasso,20.0,,5002.130424222929,-2.4275223145595723,5.139651298522949,1.0,0.5333333333333333,0.6153846153846154,0.0,0.001469876741869201,26,10,10,16,0,14
B,4,3804,lasso,50.0,,5003.174229596372,-2.4596759331797586,4.143310070037842,1.0,0.23333333333333334,0.4117647058823529,0.0,0.007944513861431633,17,10,10,7,0,23
B,4,3804,lasso,100.0,,5081.4523001671905,-2.548242704723134,3.8291995525360107,0.9,0.1,0.25,0.1,0.0203504474589173,12,10,9,3,1,27
B,4,3804,lasso,200.0,,5169.8002893781995,-2.6008029666682106,3.3535561561584473,0.6,0.03333333333333333,0.14285714285714285,0.4,0.028380867630070493,7,10,6,1,4,29
B,4,3804,enet,1.0,0.5,5071.683091092749,-2.4437555194482856,7.343313217163086,1.0,1.0,0.75,0.0,0.008911325539851377,40,10,10,30,0,0
B,4,3804,enet,2.0,0.5,5071.7838901278665,-2.441965291615792,7.218502998352051,1.0,1.0,0.75,0.0,0.008227674860701879,40,10,10,30,0,0
B,4,3804,enet,5.0,0.5,5058.963021706638,-2.4440391221843947,7.091540813446045,1.0,0.9333333333333333,0.7368421052631579,0.0,0.00795868789026211,38,10,10,28,0,2
B,4,3804,enet,10.0,0.5,5048.687982359277,-2.4393719089878876,6.461875915527344,1.0,0.8666666666666667,0.7222222222222222,0.0,0.005323413518453602,36,10,10,26,0,4
B,4,3804,enet,20.0,0.5,5023.773215160753,-2.43089841927845,5.81237006187439,1.0,0.7,0.6774193548387096,0.0,0.002352560253372556,31,10,10,21,0,9
B,4,3804,enet,50.0,0.5,5016.218083536089,-2.4461969798009715,4.8175013065338135,1.0,0.5,0.6,0.0,0.003628915123238013,25,10,10,15,0,15
B,4,3804,enet,100.0,0.5,5026.445502913564,-2.4769464172020608,4.054269552230835,1.0,0.23333333333333334,0.4117647058823529,0.0,0.011154159816208698,17,10,10,7,0,23
B,4,3804,enet,200.0,0.5,5110.894479522918,-2.5605926629001696,3.052337646484375,0.9,0.1,0.25,0.1,0.022909577231876883,12,10,9,3,1,27
B,1,3901,none,0.0,,3994.1455088055845,-1.925840625803934,0.5332844257354736,1.0,1.0,0.75,0.0,0.00517181515608931,40,10,10,30,0,0
B,1,3901,lasso,1.0,,3994.2480969458566,-1.9245022855493483,0.5732591152191162,1.0,1.0,0.75,0.0,0.004794404975777988,40,10,10,30,0,0
B,1,3901,lasso,2.0,,3994.75799393956,-1.9230766300522726,0.5812897682189941,1.0,1.0,0.75,0.0,0.004460789917242776,40,10,10,30,0,0
B,1,3901,lasso,5.0,,3977.33635708594,-1.9196382538508399,0.5907526016235352,1.0,0.9,0.7297297297297297,0.0,0.0037284081229389575,37,10,10,27,0,3
B,1,3901,lasso,10.0,,3939.294260762002,-1.9154617876909665,0.6382882595062256,1.0,0.6666666666666667,0.6666666666666666,0.0,0.0032868928754002033,30,10,10,20,0,10
B,1,3901,lasso,20.0,,3905.595613199317,-1.915694969266575,0.6835241317749023,1.0,0.36666666666666664,0.5238095238095238,0.0,0.0051034118086329605,21,10,10,11,0,19
B,1,3901,lasso,50.0,,4218.401128746754,-2.1231902370876186,0.35880279541015625,0.4,0.0,0.0,0.6,0.1308509650940595,4,10,4,0,6,30
B,1,3901,lasso,100.0,,4321.35215577172,-2.184096929400265,0.37244224548339844,0.2,0.0,0.0,0.8,0.16397491694848765,2,10,2,0,8,30
B,1,3901,lasso,200.0,,4321.285187330531,-2.1840515219615138,0.2639954090118408,0.2,0.0,0.0,0.8,0.16381504387715345,2,10,2,0,8,30
B,1,3901,enet,1.0,0.5,3994.157753041856,-1.9251880125236642,0.58038330078125,1.0,1.0,0.75,0.0,0.004971052586839509,40,10,10,30,0,0
B,1,3901,enet,2.0,0.5,3994.396283212356,-1.924377227995276,0.5825846195220947,1.0,1.0,0.75,0.0,0.004790893102189669,40,10,10,30,0,0
B,1,3901,enet,5.0,0.5,3989.0140986090346,-1.9223366778572122,0.6060822010040283,1.0,0.9666666666666667,0.7435897435897436,0.0,0.004373674845484362,39,10,10,29,0,1
B,1,3901,enet,10.0,0.5,3973.457265576566,-1.9201037405604655,0.6221344470977783,1.0,0.8666666666666667,0.7222222222222222,0.0,0.004086154083008985,36,10,10,26,0,4
B,1,3901,enet,20.0,0.5,3944.4930679479653,-1.919280987487044,0.6628758907318115,1.0,0.6333333333333333,0.6551724137931034,0.0,0.005036687265362886,29,10,10,19,0,11
B,1,3901,enet,50.0,0.5,3975.7445254767063,-1.9577460907618365,1.0003116130828857,1.0,0.19999999999999998,0.375,0.0,0.024908311040443786,16,10,10,6,0,24
B,1,3901,enet,100.0,0.5,4251.194543503216,-2.14066978361765,0.4398000240325928,0.4,0.0,0.0,0.6,0.1404363615786381,4,10,4,0,6,30
B,1,3901,enet,200.0,0.5,4321.415931946815,-2.1841983237107296,0.27352023124694824,0.2,0.0,0.0,0.8,0.16408441277990066,2,10,2,0,8,30
B,2,3902,none,0.0,,2405.8480173893677,-1.0499227123798256,1.218956708908081,1.0,1.0,0.75,0.0,0.0010744893987053227,40,10,10,30,0,0
B,2,3902,lasso,1.0,,2399.0132541882635,-1.0494830176133323,1.2597410678863525,1.0,0.9666666666666667,0.7435897435897436,0.0,0.0009910357402421021,39,10,10,29,0,1
B,2,3902,lasso,2.0,,2399.1959435177937,-1.0490885907000949,1.3224902153015137,1.0,0.9666666666666667,0.7435897435897436,0.0,0.00092129882027875,39,10,10,29,0,1
B,2,3902,lasso,5.0,,2386.532607177777,-1.0482948859768317,1.45074462890625,1.0,0.9,0.7297297297297297,0.0,0.000771212565549929,37,10,10,27,0,3
B,2,3902,lasso,10.0,,2369.455075334798,-1.048332849769873,1.415092945098877,1.0,0.8,0.7058823529411765,0.0,0.0007027864304614544,34,10,10,24,0,6
B,2,3902,lasso,20.0,,2330.125502553664,-1.0514522840421,1.4804432392120361,1.0,0.5666666666666667,0.6296296296296297,0.0,0.0010171551378453045,27,10,10,17,0,13
B,2,3902,lasso,50.0,,2329.786350374712,-1.071547075010567,1.6344108581542969,0.9,0.4,0.5714285714285714,0.1,0.004475063120318519,21,10,9,12,1,18
B,2,3902,lasso,100.0,,2329.7286639006347,-1.0874841984387973,1.5562548637390137,0.6,0.26666666666666666,0.5714285714285714,0.4,0.008305330731642949,14,10,6,8,4,22
B,2,3902,lasso,200.0,,2312.2962377362023,-1.0941074009350291,1.9179134368896484,0.6,0.06666666666666667,0.25,0.4,0.00839212570705586,8,10,6,2,4,28
B,2,3902,enet,1.0,0.5,2405.8707993946873,-1.0497052085029719,1.2420344352722168,1.0,1.0,0.75,0.0,0.0010282453081198707,40,10,10,30,0,0
B,2,3902,enet,2.0,0.5,2399.0229190036157,-1.0494986013073084,1.2573597431182861,1.0,0.9666666666666667,0.7435897435897436,0.0,0.0009879853749755344,39,10,10,29,0,1
B,2,3902,enet,5.0,0.5,2392.482020720917,-1.0489868381433087,1.4716401100158691,1.0,0.9333333333333333,0.7368421052631579,0.0,0.0008868563058638798,38,10,10,28,0,2
B,2,3902,enet,10.0,0.5,2386.789209599314,-1.0484921727461929,1.4401299953460693,1.0,0.9,0.7297297297297297,0.0,0.00077679676422945,37,10,10,27,0,3
B,2,3902,enet,20.0,0.5,2370.285098644132,-1.0493293928340073,1.5035901069641113,1.0,0.8,0.7058823529411765,0.0,0.00078658655519687,34,10,10,24,0,6
B,2,3902,enet,50.0,0.5,2331.265791799133,-1.0556557529781083,1.4555625915527344,1.0,0.5333333333333333,0.6153846153846154,0.0,0.001628398380143115,26,10,10,16,0,14
B,2,3902,enet,100.0,0.5,2336.8832827517044,-1.0750802150240317,1.5442085266113281,0.9,0.4,0.5714285714285714,0.1,0.005164113220724603,21,10,9,12,1,18
B,2,3902,enet,200.0,0.5,2330.7729385322214,-1.0884458971893893,2.165074586868286,0.6,0.26666666666666666,0.5714285714285714,0.4,0.00840358249619905,14,10,6,8,4,22
B,4,3904,none,0.0,,5560.888714511536,-2.7480982055885153,7.98845362663269,1.0,1.0,0.75,0.0,0.09784787528818256,40,10,10,30,0,0
B,4,3904,lasso,1.0,,5540.317880184747,-2.7436657358016783,7.482428550720215,0.9,0.9333333333333333,0.7567567567567568,0.1,0.09323330208465064,37,10,9,28,1,2
B,4,3904,lasso,2.0,,5533.987962967642,-2.7417208667162654,7.185621976852417,0.9,0.9,0.75,0.1,0.08896912016007479,36,10,9,27,1,3
B,4,3904,lasso,5.0,,5540.668269326319,-2.7326933878318913,7.282154321670532,0.9,0.9,0.75,0.1,0.08232789924642495,36,10,9,27,1,3
B,4,3904,lasso,10.0,,5532.123419885782,-2.7285787947151716,7.58612585067749,0.9,0.8666666666666667,0.7428571428571429,0.1,0.07669151189739097,35,10,9,26,1,4
B,4,3904,lasso,20.0,,5515.54611016314,-2.73239838175007,6.690025329589844,0.8,0.7333333333333334,0.7333333333333333,0.2,0.06575740188143346,30,10,8,22,2,8
B,4,3904,lasso,50.0,,5574.9849866902705,-2.705317844979355,5.368081092834473,0.8,0.3666666666666667,0.5789473684210527,0.2,0.07147596841718412,19,10,8,11,2,19
B,4,3904,lasso,100.0,,5180.788782989135,-2.5426074148712754,4.564965486526489,0.9,0.06666666666666667,0.18181818181818182,0.1,0.014721492282029668,11,10,9,2,1,28
B,4,3904,lasso,200.0,,5396.514802072173,-2.626649294275281,4.635163068771362,0.7,0.0,0.0,0.3,0.02767109195110253,7,10,7,0,3,30
B,4,3904,enet,1.0,0.5,5554.0970766646915,-2.744719172897055,7.671300172805786,0.9,1.0,0.7692307692307693,0.1,0.09444051790464045,39,10,9,30,1,0
B,4,3904,enet,2.0,0.5,5561.461630689341,-2.743506066868341,7.293076038360596,1.0,0.9666666666666667,0.7435897435897436,0.0,0.0911216617383711,39,10,10,29,0,1
B,4,3904,enet,5.0,0.5,5545.086505412932,-2.732644452763196,7.584508895874023,1.0,0.9333333333333333,0.7368421052631579,0.0,0.08714317410962802,38,10,10,28,0,2
B,4,3904,enet,10.0,0.5,5542.210953215768,-2.7318699057315854,6.847651481628418,0.9,0.9333333333333333,0.7567567567567568,0.1,0.078872000018743,37,10,9,28,1,2
B,4,3904,enet,20.0,0.5,5538.782283676125,-2.7319793252772073,6.425221920013428,0.8,0.9,0.7714285714285715,0.2,0.0698483725871668,35,10,8,27,2,3
B,4,3904,enet,50.0,0.5,5159.000649748673,-2.4910860429428494,6.619058847427368,1.0,0.5333333333333333,0.6153846153846154,0.0,0.004212775731351439,26,10,10,16,0,14
B,4,3904,enet,100.0,0.5,5181.728337292638,-2.512008589077415,6.353380441665649,1.0,0.36666666666666664,0.5238095238095238,0.0,0.008550156605095869,21,10,10,11,0,19
B,4,3904,enet,200.0,0.5,5223.400046947073,-2.5601962933602382,4.729811668395996,0.9,0.06666666666666667,0.18181818181818182,0.1,0.017680048580679383,11,10,9,2,1,28
B,1,4001,none,0.0,,4101.5132656064825,-1.93245021913831,0.6620895862579346,1.0,1.0,0.75,0.0,0.006825039155904205,40,10,10,30,0,0
B,1,4001,lasso,1.0,,4094.831388692857,-1.9307147384258128,0.665372371673584,1.0,0.9666666666666667,0.7435897435897436,0.0,0.006375636758243639,39,10,10,29,0,1
B,1,4001,lasso,2.0,,4088.4619134753907,-1.9291505211835387,0.6678617000579834,1.0,0.9333333333333333,0.7368421052631579,0.0,0.005965699320845735,38,10,10,28,0,2
B,1,4001,lasso,5.0,,4078.1662774236975,-1.9257893027002746,0.7041499614715576,1.0,0.8666666666666667,0.7222222222222222,0.0,0.005102572025665096,36,10,10,26,0,4
B,1,4001,lasso,10.0,,4040.1659924044498,-1.9241732832533593,0.713458776473999,1.0,0.6333333333333333,0.6551724137931034,0.0,0.00484995530696716,29,10,10,19,0,11
B,1,4001,lasso,20.0,,4028.1736401127305,-1.932426209380478,0.7813801765441895,1.0,0.4,0.5454545454545454,0.0,0.00762308372398898,22,10,10,12,0,18
B,1,4001,lasso,50.0,,4220.688314961793,-2.0922949824482737,0.8408358097076416,0.6,0.0,0.0,0.4,0.11237948845934626,6,10,6,0,4,30
B,1,4001,lasso,100.0,,4404.34496151148,-2.1906905135605643,0.3986821174621582,0.2,0.0,0.0,0.8,0.16368531051965643,2,10,2,0,8,30
B,1,4001,lasso,200.0,,4404.301585682865,-2.1906026514753405,0.33153223991394043,0.2,0.0,0.0,0.8,0.16373758417043038,2,10,2,0,8,30
B,1,4001,enet,1.0,0.5,4094.7323280014125,-1.9316604947947753,0.6782007217407227,1.0,0.9666666666666667,0.7435897435897436,0.0,0.006613293534705451,39,10,10,29,0,1
B,1,4001,enet,2.0,0.5,4095.0125446400784,-1.9309457655268356,0.6605930328369141,1.0,0.9666666666666667,0.7435897435897436,0.0,0.006431907052400222,39,10,10,29,0,1
B,1,4001,enet,5.0,0.5,4089.7481864358206,-1.9292673639109152,0.6871638298034668,1.0,0.9333333333333333,0.7368421052631579,0.0,0.006020022668537581,38,10,10,28,0,2
B,1,4001,enet,10.0,0.5,4081.4815255266785,-1.928215428952974,0.7175219058990479,1.0,0.8666666666666667,0.7222222222222222,0.0,0.00586950235053464,36,10,10,26,0,4
B,1,4001,enet,20.0,0.5,4066.8201234244575,-1.9325157024053725,0.7686073780059814,1.0,0.7,0.6774193548387096,0.0,0.007684642566599582,31,10,10,21,0,9
B,1,4001,enet,50.0,0.5,4111.8590172238955,-2.008036335753898,0.722203254699707,1.0,0.13333333333333333,0.2857142857142857,0.0,0.045974994525069826,14,10,10,4,0,26
B,1,4001,enet,100.0,0.5,4311.289536699954,-2.135078607437141,0.9179298877716064,0.6,0.0,0.0,0.4,0.1375638079463655,6,10,6,0,4,30
B,1,4001,enet,200.0,0.5,4404.403024581165,-2.1906414873032842,0.42081618309020996,0.2,0.0,0.0,0.8,0.1639024093480259,2,10,2,0,8,30
B,2,4002,none,0.0,,2401.0194517080454,-1.0901734078900271,1.2613561153411865,1.0,1.0,0.75,0.0,0.0015172735709650968,40,10,10,30,0,0
B,2,4002,lasso,1.0,,2401.083184493303,-1.0890294113388086,1.1723227500915527,1.0,1.0,0.75,0.0,0.0013959079894543527,40,10,10,30,0,0
B,2,4002,lasso,2.0,,2394.3586300416746,-1.0880934937680973,1.2164936065673828,1.0,0.9666666666666667,0.7435897435897436,0.0,0.0012853478913737947,39,10,10,29,0,1
B,2,4002,lasso,5.0,,2374.7549409257185,-1.0850355542533476,1.1956777572631836,1.0,0.8666666666666667,0.7222222222222222,0.0,0.0009800310834986296,36,10,10,26,0,4
B,2,4002,lasso,10.0,,2364.1985978382518,-1.08114521978255,1.1902101039886475,1.0,0.8,0.7058823529411765,0.0,0.0006299744749248182,34,10,10,24,0,6
B,2,4002,lasso,20.0,,2354.2204125016337,-1.076999185888543,1.1586487293243408,1.0,0.7,0.6774193548387096,0.0,0.0003613137698606523,31,10,10,21,0,9
B,2,4002,lasso,50.0,,2304.8822540352985,-1.082933046989179,1.2782959938049316,1.0,0.26666666666666666,0.4444444444444444,0.0,0.0020428990293093223,18,10,10,8,0,22
B,2,4002,lasso,100.0,,2317.1078030802273,-1.1101210104491201,1.6693267822265625,0.6,0.1,0.3333333333333333,0.4,0.007915487670186036,9,10,6,3,4,27
B,2,4002,lasso,200.0,,2312.6976467971176,-1.1162405742562684,1.500840663909912,0.6,0.0,0.0,0.4,0.00795250043880254,6,10,6,0,4,30
B,2,4002,enet,1.0,0.5,2401.039935917319,-1.089562590174529,1.1702032089233398,1.0,1.0,0.75,0.0,0.0014502160501722711,40,10,10,30,0,0
B,2,4002,enet,2.0,0.5,2401.095233881973,-1.0889430926468804,1.171276330947876,1.0,1.0,0.75,0.0,0.00138560419665868,40,10,10,30,0,0
B,2,4002,enet,5.0,0.5,2394.5568645287153,-1.0873401059346097,1.2146925926208496,1.0,0.9666666666666667,0.7435897435897436,0.0,0.0012080146172978984,39,10,10,29,0,1
B,2,4002,enet,10.0,0.5,2375.009329127362,-1.0847564319477982,1.2031288146972656,1.0,0.8666666666666667,0.7222222222222222,0.0,0.0009508616918635391,36,10,10,26,0,4
B,2,4002,enet,20.0,0.5,2365.0876505443734,-1.0807828434665618,1.2212092876434326,1.0,0.8,0.7058823529411765,0.0,0.0006094740278066333,34,10,10,24,0,6
B,2,4002,enet,50.0,0.5,2316.3301169001015,-1.077110883746371,1.2485599517822266,1.0,0.4666666666666667,0.5833333333333334,0.0,0.0005610568244613699,24,10,10,14,0,16
B,2,4002,enet,100.0,0.5,2316.6940885378417,-1.087338134870939,1.4632818698883057,1.0,0.26666666666666666,0.4444444444444444,0.0,0.0028979569916778368,18,10,10,8,0,22
B,2,4002,enet,200.0,0.5,2318.5346770199194,-1.1107435303101756,1.6771597862243652,0.6,0.1,0.3333333333333333,0.4,0.007917360806575265,9,10,6,3,4,27
B,4,4004,none,0.0,,5128.920146195989,-2.452487133503824,5.937929153442383,1.0,1.0,0.75,0.0,0.005800219778219485,40,10,10,30,0,0
B,4,4004,lasso,1.0,,5129.197939741625,-2.450202172107436,5.934546947479248,1.0,1.0,0.75,0.0,0.005470319495447349,40,10,10,30,0,0
B,4,4004,lasso,2.0,,5129.512089471692,-2.4466164241959247,6.022408962249756,1.0,1.0,0.75,0.0,0.004957462886957719,40,10,10,30,0,0
B,4,4004,lasso,5.0,,5125.011259022357,-2.4386940442951297,5.6384031772613525,1.0,0.9666666666666667,0.7435897435897436,0.0,0.003943368682967281,39,10,10,29,0,1
B,4,4004,lasso,10.0,,5103.178210849549,-2.4287264433331113,5.934176445007324,1.0,0.8333333333333333,0.7142857142857143,0.0,0.002768825906767766,35,10,10,25,0,5
B,4,4004,lasso,20.0,,5066.787324824955,-2.4255273950554272,5.121535539627075,1.0,0.6,0.6428571428571429,0.0,0.002974531622734,28,10,10,18,0,12
B,4,4004,lasso,50.0,,5020.275220920175,-2.441749250872651,4.460210800170898,1.0,0.16666666666666666,0.3333333333333333,0.0,0.008058036146180008,15,10,10,5,0,25
B,4,4004,lasso,100.0,,5113.940485730343,-2.4984717582497944,4.246500253677368,0.9,0.1,0.25,0.1,0.020234630671465685,12,10,9,3,1,27
B,4,4004,lasso,200.0,,5238.902464131248,-2.5681728774620267,3.6512246131896973,0.6,0.0,0.0,0.4,0.029974111987713218,6,10,6,0,4,30
B,4,4004,enet,1.0,0.5,5129.142405666275,-2.4507472946555864,5.813030958175659,1.0,1.0,0.75,0.0,0.005609589461057003,40,10,10,30,0,0
B,4,4004,enet,2.0,0.5,5129.259623825823,-2.4490549568073994,5.996382474899292,1.0,1.0,0.75,0.0,0.00534604329286009,40,10,10,30,0,0
B,4,4004,enet,5.0,0.5,5130.327366133884,-2.4441748863744555,5.743305921554565,1.0,1.0,0.75,0.0,0.004701905888221887,40,10,10,30,0,0
B,4,4004,enet,10.0,0.5,5125.952078862085,-2.4372013016030323,5.640404939651489,1.0,0.9666666666666667,0.7435897435897436,0.0,0.0038168180318128627,39,10,10,29,0,1
B,4,4004,enet,20.0,0.5,5112.460422591828,-2.428866884790621,5.73123574256897,1.0,0.8666666666666667,0.7222222222222222,0.0,0.0030083513056561543,36,10,10,26,0,4
B,4,4004,enet,50.0,0.5,5074.697993679384,-2.431651514265828,4.7404093742370605,1.0,0.5666666666666667,0.6296296296296297,0.0,0.004973545791800285,27,10,10,17,0,13
B,4,4004,enet,100.0,0.5,5039.688961267329,-2.4520772345955395,4.24909520149231,1.0,0.16666666666666666,0.3333333333333333,0.0,0.010486263542825999,15,10,10,5,0,25
B,4,4004,enet,200.0,0.5,5145.831430947706,-2.512506768667794,4.186025142669678,0.9,0.1,0.25,0.1,0.0220217565208732,12,10,9,3,1,27
B,1,4101,none,0.0,,4094.9993916036456,-1.9165264513548896,0.6894044876098633,1.0,1.0,0.75,0.0,0.005057306965701376,40,10,10,30,0,0
B,1,4101,lasso,1.0,,4095.248961331495,-1.9142052218694448,0.6573657989501953,1.0,1.0,0.75,0.0,0.004470749492762481,40,10,10,30,0,0
B,1,4101,lasso,2.0,,4082.11929268258,-1.9122600749129608,0.6592433452606201,1.0,0.9333333333333333,0.7368421052631579,0.0,0.003984397626559765,38,10,10,28,0,2
B,1,4101,lasso,5.0,,4051.5110543270644,-1.9082095643160326,0.6616947650909424,1.0,0.7333333333333334,0.6875,0.0,0.0030307282113697124,32,10,10,22,0,8
B,1,4101,lasso,10.0,,4007.081780453607,-1.905174923705048,0.6951663494110107,1.0,0.5,0.6,0.0,0.0028007826562190274,25,10,10,15,0,15
B,1,4101,lasso,20.0,,3970.6235538951305,-1.9110910486208685,0.7877388000488281,1.0,0.16666666666666666,0.3333333333333333,0.0,0.006585309018778831,15,10,10,5,0,25
B,1,4101,lasso,50.0,,4250.227846616867,-2.093760007167889,0.7999739646911621,0.6,0.0,0.0,0.4,0.11329619414753356,6,10,6,0,4,30
B,1,4101,lasso,100.0,,4405.396097977907,-2.191616971189873,0.8853602409362793,0.2,0.0,0.0,0.8,0.1625128076228859,2,10,2,0,8,30
B,1,4101,lasso,200.0,,4405.500966173102,-2.191605952221117,0.885507345199585,0.2,0.0,0.0,0.8,0.1626112901459288,2,10,2,0,8,30
B,1,4101,enet,1.0,0.5,4095.1293673807913,-1.9153171955706743,0.6732220649719238,1.0,1.0,0.75,0.0,0.0047431721756667706,40,10,10,30,0,0
B,1,4101,enet,2.0,0.5,4095.4493857034754,-1.914231831793089,0.6753017902374268,1.0,1.0,0.75,0.0,0.004466019746299504,40,10,10,30,0,0
B,1,4101,enet,5.0,0.5,4069.7534528905344,-1.9118477368861864,0.6713094711303711,1.0,0.8666666666666667,0.7222222222222222,0.0,0.003879993443437855,36,10,10,26,0,4
B,1,4101,enet,10.0,0.5,4048.2246149839652,-1.9100455482538914,0.6788983345031738,1.0,0.7333333333333334,0.6875,0.0,0.003546863964206297,32,10,10,22,0,8
B,1,4101,enet,20.0,0.5,4021.341266786327,-1.9128748803418993,0.7477202415466309,1.0,0.5,0.6,0.0,0.005382824867144169,25,10,10,15,0,15
B,1,4101,enet,50.0,0.5,4076.5263920080865,-1.981530766965218,0.8740239143371582,1.0,0.06666666666666667,0.16666666666666666,0.0,0.041561094516606265,12,10,10,2,0,28
B,1,4101,enet,100.0,0.5,4348.811315301328,-2.149651739292818,0.5363588333129883,0.5,0.0,0.0,0.5,0.14002779567492196,5,10,5,0,5,30
B,1,4101,enet,200.0,0.5,4405.703221981613,-2.191664351988632,0.7942595481872559,0.2,0.0,0.0,0.8,0.16274015552766674,2,10,2,0,8,30
B,2,4102,none,0.0,,2433.1196017295006,-1.080737848418372,1.4629192352294922,1.0,0.9666666666666667,0.7435897435897436,0.0,0.0020315617657164276,39,10,10,29,0,1
B,2,4102,lasso,1.0,,2426.2826885029185,-1.0801723474224638,1.623558521270752,1.0,0.9666666666666667,0.7435897435897436,0.0,0.001927361920801484,39,10,10,29,0,1
B,2,4102,lasso,2.0,,2419.5631547474527,-1.0797577813954335,1.6115188598632812,1.0,0.9333333333333333,0.7368421052631579,0.0,0.001837082977934605,38,10,10,28,0,2
B,2,4102,lasso,5.0,,2406.9096669438177,-1.0786707676974763,1.6754519939422607,1.0,0.8666666666666667,0.7222222222222222,0.0,0.001610171324619744,36,10,10,26,0,4
B,2,4102,lasso,10.0,,2404.110759693517,-1.0776951048824892,1.5195350646972656,1.0,0.8333333333333333,0.7142857142857143,0.0,0.0013882556149476411,35,10,10,25,0,5
B,2,4102,lasso,20.0,,2370.2754664070617,-1.08007700905771,1.5333733558654785,1.0,0.6,0.6428571428571429,0.0,0.0017702334021259655,28,10,10,18,0,12
B,2,4102,lasso,50.0,,2341.151297530997,-1.101096885708998,1.5974063873291016,0.8,0.26666666666666666,0.5,0.2,0.006569027699847689,16,10,8,8,2,22
B,2,4102,lasso,100.0,,2316.887923479303,-1.1071565917855941,1.6637451648712158,0.6,0.16666666666666666,0.45454545454545453,0.4,0.00790711622737793,11,10,6,5,4,25
B,2,4102,lasso,200.0,,2300.898953621408,-1.112862822173829,1.873091697692871,0.6,0.0,0.0,0.4,0.007944684982922676,6,10,6,0,4,30
B,2,4102,enet,1.0,0.5,2433.1432239470755,-1.080408453276969,1.488614559173584,1.0,0.9666666666666667,0.7435897435897436,0.0,0.001974330573879328,39,10,10,29,0,1
B,2,4102,enet,2.0,0.5,2426.2961892914946,-1.0802220267860294,1.5832507610321045,1.0,0.9666666666666667,0.7435897435897436,0.0,0.001925407088311092,39,10,10,29,0,1
B,2,4102,enet,5.0,0.5,2419.773564455486,-1.079614258729085,1.60329270362854,1.0,0.9333333333333333,0.7368421052631579,0.0,0.0017914828718251193,38,10,10,28,0,2
B,2,4102,enet,10.0,0.5,2407.2114285783805,-1.0787909313506499,1.6743972301483154,1.0,0.8666666666666667,0.7222222222222222,0.0,0.0016167766342605379,36,10,10,26,0,4
B,2,4102,enet,20.0,0.5,2405.1479557208118,-1.0782881805375173,1.502744436264038,1.0,0.8333333333333333,0.7142857142857143,0.0,0.001462589747979469,35,10,10,25,0,5
B,2,4102,enet,50.0,0.5,2367.0607662248462,-1.0850835090956052,1.6261656284332275,1.0,0.5333333333333333,0.6153846153846154,0.0,0.0027323096992643153,26,10,10,16,0,14
B,2,4102,enet,100.0,0.5,2335.9420269302154,-1.102183684531515,1.7101624011993408,0.7,0.3,0.5625,0.3,0.006755197853778038,16,10,7,9,3,21
B,2,4102,enet,200.0,0.5,2318.005629927947,-1.107773369800248,1.6388587951660156,0.6,0.16666666666666666,0.45454545454545453,0.4,0.007911885851100729,11,10,6,5,4,25
B,4,4104,none,0.0,,5136.087624253556,-2.5599374639707975,7.161781549453735,1.0,1.0,0.75,0.0,0.012041784979118687,40,10,10,30,0,0
B,4,4104,lasso,1.0,,5129.646335284839,-2.557948323040757,6.953417778015137,1.0,0.9666666666666667,0.7435897435897436,0.0,0.011097715512839158,39,10,10,29,0,1
B,4,4104,lasso,2.0,,5130.498135354843,-2.5569166787510387,6.955239295959473,1.0,0.9666666666666667,0.7435897435897436,0.0,0.01029288839696873,39,10,10,29,0,1
B,4,4104,lasso,5.0,,5093.086588888718,-2.5568186819914316,6.577620506286621,1.0,0.7666666666666666,0.696969696969697,0.0,0.008611323031974986,33,10,10,23,0,7
B,4,4104,lasso,10.0,,5078.999522013522,-2.5609170266369636,6.5068278312683105,1.0,0.6666666666666667,0.6666666666666666,0.0,0.007497137851843397,30,10,10,20,0,10
B,4,4104,lasso,20.0,,5059.608068982435,-2.5965817368829764,5.614222049713135,1.0,0.4666666666666667,0.5833333333333334,0.0,0.00938187422623677,24,10,10,14,0,16
B,4,4104,lasso,50.0,,5007.423077773315,-2.647860215299459,4.3109190464019775,0.7,0.1,0.3,0.3,0.015518368162708822,10,10,7,3,3,27
B,4,4104,lasso,100.0,,5036.337629662512,-2.678836602739145,3.5482852458953857,0.7,0.0,0.0,0.3,0.01899417457944139,7,10,7,0,3,30
B,4,4104,lasso,200.0,,5139.462282959135,-2.744096063850561,4.176569700241089,0.6,0.0,0.0,0.4,0.02611691274901099,6,10,6,0,4,30
B,4,4104,enet,1.0,0.5,5136.435979760941,-2.5572407186515065,7.0555408000946045,1.0,1.0,0.75,0.0,0.011347739337239284,40,10,10,30,0,0
B,4,4104,enet,2.0,0.5,5129.740471780222,-2.558181741227196,6.92226505279541,1.0,0.9666666666666667,0.7435897435897436,0.0,0.010969356730898881,39,10,10,29,0,1
B,4,4104,enet,5.0,0.5,5117.7670914482605,-2.5557647086137076,6.695388317108154,1.0,0.9,0.7297297297297297,0.0,0.009554412377282651,37,10,10,27,0,3
B,4,4104,enet,10.0,0.5,5094.055535134773,-2.5600116240064965,6.47381854057312,1.0,0.7666666666666666,0.696969696969697,0.0,0.008498180678068573,33,10,10,23,0,7
B,4,4104,enet,20.0,0.5,5081.944025805653,-2.571702489164185,6.159666538238525,1.0,0.6666666666666667,0.6666666666666666,0.0,0.008106441905562915,30,10,10,20,0,10
B,4,4104,enet,50.0,0.5,5053.048656534331,-2.6290772055341836,4.974220037460327,0.9,0.3666666666666667,0.55,0.1,0.012784643780986538,20,10,9,11,1,19
B,4,4104,enet,100.0,0.5,5026.081831822084,-2.6550897054825455,4.1515421867370605,0.8,0.1,0.2727272727272727,0.2,0.016307134045685363,11,10,8,3,2,27
B,4,4104,enet,200.0,0.5,5067.940051264693,-2.7008418171997746,3.832292318344116,0.7,0.0,0.0,0.3,0.020988292325617833,7,10,7,0,3,30
B,1,4201,none,0.0,,4041.0167832697834,-1.9003820512526055,0.6574397087097168,1.0,1.0,0.75,0.0,0.004421526362540018,40,10,10,30,0,0
B,1,4201,lasso,1.0,,4041.376023108415,-1.897902208038846,0.654435396194458,1.0,1.0,0.75,0.0,0.0036875693312967465,40,10,10,30,0,0
B,1,4201,lasso,2.0,,4028.1267273091285,-1.895517482703386,0.7226612567901611,1.0,0.9333333333333333,0.7368421052631579,0.0,0.003081627153350988,38,10,10,28,0,2
B,1,4201,lasso,5.0,,3994.426127920515,-1.889598419427665,1.1110835075378418,1.0,0.7666666666666666,0.696969696969697,0.0,0.0020151587482358712,33,10,10,23,0,7
B,1,4201,lasso,10.0,,3959.5013840056586,-1.8900614669813958,0.979424238204956,1.0,0.5333333333333333,0.6153846153846154,0.0,0.001909881695312312,26,10,10,16,0,14
B,1,4201,lasso,20.0,,3913.65548983316,-1.910857651960055,0.7304997444152832,1.0,0.13333333333333333,0.2857142857142857,0.0,0.007216564307934418,14,10,10,4,0,26
B,1,4201,lasso,50.0,,4161.902618118378,-2.09259602033421,0.6868991851806641,0.6,0.0,0.0,0.4,0.11422634774075885,6,10,6,0,4,30
B,1,4201,lasso,100.0,,4322.9381993378,-2.1769099082045367,0.2087080478668213,0.2,0.0,0.0,0.8,0.16493667142553436,2,10,2,0,8,30
B,1,4201,lasso,200.0,,4322.944814809881,-2.176892058049486,0.9004898071289062,0.2,0.0,0.0,0.8,0.16507071297773834,2,10,2,0,8,30
B,1,4201,enet,1.0,0.5,4041.2287545165736,-1.8990211902334821,0.6559016704559326,1.0,1.0,0.75,0.0,0.0039711414909948,40,10,10,30,0,0
B,1,4201,enet,2.0,0.5,4041.666862140158,-1.8977726551382808,0.6575171947479248,1.0,1.0,0.75,0.0,0.003571649446041915,40,10,10,30,0,0
B,1,4201,enet,5.0,0.5,4016.096279717817,-1.8948083875280304,0.7100405693054199,1.0,0.8666666666666667,0.7222222222222222,0.0,0.002710427017083416,36,10,10,26,0,4
B,1,4201,enet,10.0,0.5,3991.302831496833,-1.8918838623075167,1.1589882373809814,1.0,0.7333333333333333,0.6875,0.0,0.002341008949396723,32,10,10,22,0,8
B,1,4201,enet,20.0,0.5,3972.207535132266,-1.9036045249448532,0.7626562118530273,1.0,0.5,0.6,0.0,0.005163121811599405,25,10,10,15,0,15
B,1,4201,enet,50.0,0.5,4029.4497295360634,-2.002193912445653,0.817946195602417,0.9,0.06666666666666667,0.18181818181818182,0.1,0.05088985402505876,11,10,9,2,1,28
B,1,4201,enet,100.0,0.5,4246.133973249603,-2.1343109668231137,0.6630170345306396,0.5,0.0,0.0,0.5,0.1382170690398808,5,10,5,0,5,30
B,1,4201,enet,200.0,0.5,4323.018093244352,-2.1770776310355386,0.1953742504119873,0.2,0.0,0.0,0.8,0.16510630405760263,2,10,2,0,8,30
B,2,4202,none,0.0,,2303.1112909187277,-1.2026559682833644,1.2110211849212646,1.0,1.0,0.75,0.0,0.0007770282445199911,40,10,10,30,0,0
B,2,4202,lasso,1.0,,2296.285494021724,-1.2022309339718877,1.2290370464324951,1.0,0.9666666666666667,0.7435897435897436,0.0,0.0006908261363272538,39,10,10,29,0,1
B,2,4202,lasso,2.0,,2296.4963093426372,-1.2018214333983266,1.2402005195617676,1.0,0.9666666666666667,0.7435897435897436,0.0,0.0006174732651643296,39,10,10,29,0,1
B,2,4202,lasso,5.0,,2277.0347521119847,-1.2008945792298156,1.260241985321045,1.0,0.8666666666666667,0.7222222222222222,0.0,0.00046646019559122977,36,10,10,26,0,4
B,2,4202,lasso,10.0,,2224.5056391457474,-1.1995512867531275,1.2914245128631592,1.0,0.6,0.6428571428571429,0.0,0.00039466344585547386,28,10,10,18,0,12
B,2,4202,lasso,20.0,,2197.261499550437,-1.1990371733421548,1.2950141429901123,1.0,0.43333333333333335,0.5652173913043478,0.0,0.0006568227707472096,23,10,10,13,0,17
B,2,4202,lasso,50.0,,2189.0329249126926,-1.2068950602418735,1.4859278202056885,0.9,0.26666666666666666,0.47058823529411764,0.1,0.0032218811722844265,17,10,9,8,1,22
B,2,4202,lasso,100.0,,2208.3919574349597,-1.223142060852801,1.84846830368042,0.6,0.16666666666666666,0.45454545454545453,0.4,0.007912668754937888,11,10,6,5,4,25
B,2,4202,lasso,200.0,,2222.1021416443245,-1.2207687348773135,1.9649131298065186,0.6,0.13333333333333333,0.4,0.4,0.007909536681391535,10,10,6,4,4,26
B,2,4202,enet,1.0,0.5,2296.2313485870986,-1.2024231793861182,1.2196924686431885,1.0,0.9666666666666667,0.7435897435897436,0.0,0.0007301173296204985,39,10,10,29,0,1
B,2,4202,enet,2.0,0.5,2296.2968013430645,-1.2021815039336525,1.2179105281829834,1.0,0.9666666666666667,0.7435897435897436,0.0,0.0006868815569231808,39,10,10,29,0,1
B,2,4202,enet,5.0,0.5,2296.7151354074103,-1.2015481386798268,1.2458877563476562,1.0,0.9666666666666667,0.7435897435897436,0.0,0.0005798378510578333,39,10,10,29,0,1
B,2,4202,enet,10.0,0.5,2277.2558499241577,-1.200773852906188,1.3018879890441895,1.0,0.8666666666666667,0.7222222222222222,0.0,0.00046756061797728545,36,10,10,26,0,4
B,2,4202,enet,20.0,0.5,2232.167913673812,-1.199518362885407,1.2721402645111084,1.0,0.6,0.6428571428571429,0.0,0.000429115810410569,28,10,10,18,0,12
B,2,4202,enet,50.0,0.5,2197.9268791198797,-1.2005895459607123,1.4598066806793213,1.0,0.36666666666666664,0.5238095238095238,0.0,0.0011789885737989259,21,10,10,11,0,19
B,2,4202,enet,100.0,0.5,2210.72651384982,-1.2088881402272789,1.4963035583496094,0.9,0.26666666666666666,0.47058823529411764,0.1,0.003785332825671396,17,10,9,8,1,22
B,2,4202,enet,200.0,0.5,2209.7009171817444,-1.2230762843554457,1.7232577800750732,0.6,0.16666666666666666,0.45454545454545453,0.4,0.007912299118656036,11,10,6,5,4,25
B,4,4204,none,0.0,,5121.08588869088,-2.4680849548238095,7.570170640945435,1.0,1.0,0.75,0.0,0.002802812617404204,40,10,10,30,0,0
B,4,4204,lasso,1.0,,5121.235851490693,-2.466160941555505,9.311668872833252,1.0,0.9666666666666667,0.7435897435897436,0.0,0.00238275977809993,39,10,10,29,0,1
B,4,4204,lasso,2.0,,5114.539339777742,-2.4639713526150353,8.380613088607788,1.0,0.9666666666666667,0.7435897435897436,0.0,0.0019639029337156274,39,10,10,29,0,1
B,4,4204,lasso,5.0,,5095.367313027666,-2.458940049992859,8.101654052734375,1.0,0.8666666666666667,0.7222222222222222,0.0,0.0011719497502243965,36,10,10,26,0,4
B,4,4204,lasso,10.0,,5050.530728982675,-2.453126460771202,4.670663595199585,1.0,0.6333333333333333,0.6551724137931034,0.0,0.00040800813024053425,29,10,10,19,0,11
B,4,4204,lasso,20.0,,5022.93194445354,-2.452046622454517,6.925859451293945,1.0,0.4666666666666667,0.5833333333333334,0.0,0.00030873914453638935,24,10,10,14,0,16
B,4,4204,lasso,50.0,,5026.03586359457,-2.4594264112850497,5.2727580070495605,1.0,0.3,0.47368421052631576,0.0,0.0027587669323901414,19,10,10,9,0,21
B,4,4204,lasso,100.0,,5118.1331365060305,-2.5054819200121696,5.513009071350098,1.0,0.13333333333333333,0.2857142857142857,0.0,0.015243226689617789,14,10,10,4,0,26
B,4,4204,lasso,200.0,,5290.538350168403,-2.6358303521982935,5.51997709274292,0.6,0.0,0.0,0.4,0.02730138156226091,6,10,6,0,4,30
B,4,4204,enet,1.0,0.5,5121.045158005345,-2.4668127568898788,7.41613507270813,1.0,1.0,0.75,0.0,0.002536723698808052,40,10,10,30,0,0
B,4,4204,enet,2.0,0.5,5121.256242042822,-2.4660248295600393,8.543267965316772,1.0,0.9666666666666667,0.7435897435897436,0.0,0.0023439268992856226,39,10,10,29,0,1
B,4,4204,enet,5.0,0.5,5101.253747890522,-2.4633785573696114,8.001513004302979,1.0,0.9,0.7297297297297297,0.0,0.0018406660999804535,37,10,10,27,0,3
B,4,4204,enet,10.0,0.5,5102.838629972973,-2.459069238163672,8.267492055892944,1.0,0.9,0.7297297297297297,0.0,0.0011760377056582202,37,10,10,27,0,3
B,4,4204,enet,20.0,0.5,5072.8962889545155,-2.453710701564859,8.082831621170044,1.0,0.7333333333333334,0.6875,0.0,0.000422266945847974,32,10,10,22,0,8
B,4,4204,enet,50.0,0.5,5036.071178898734,-2.4554913522845663,6.282357454299927,1.0,0.4666666666666667,0.5833333333333334,0.0,0.0010806718173973745,24,10,10,14,0,16
B,4,4204,enet,100.0,0.5,5051.38057056821,-2.470351927466478,5.553274154663086,1.0,0.3,0.47368421052631576,0.0,0.005181642743367772,19,10,10,9,0,21
B,4,4204,enet,200.0,0.5,5165.957780662615,-2.5291977447800784,5.1010682582855225,1.0,0.13333333333333333,0.2857142857142857,0.0,0.01875877356453463,14,10,10,4,0,26
B,1,4301,none,0.0,,4001.2181018595847,-1.9036956077382339,0.6624531745910645,1.0,1.0,0.75,0.0,0.003591238195554403,40,10,10,30,0,0
B,1,4301,lasso,1.0,,3994.5236253610133,-1.9018253717376699,0.6395447254180908,1.0,0.9666666666666667,0.7435897435897436,0.0,0.0032547783362918614,39,10,10,29,0,1
B,1,4301,lasso,2.0,,3981.1371674752236,-1.9002240758359294,0.7314553260803223,1.0,0.9,0.7297297297297297,0.0,0.0029732844889144793,37,10,10,27,0,3
B,1,4301,lasso,5.0,,3956.611013229591,-1.8963587954609904,0.7741572856903076,1.0,0.7666666666666666,0.696969696969697,0.0,0.0023732855714892415,33,10,10,23,0,7
B,1,4301,lasso,10.0,,3916.8892044134,-1.893510412802012,0.7608950138092041,1.0,0.5333333333333333,0.6153846153846154,0.0,0.0021877782192953896,26,10,10,16,0,14
B,1,4301,lasso,20.0,,3897.2474211542158,-1.8951904915104418,0.8139834403991699,1.0,0.3333333333333333,0.5,0.0,0.003491545980513414,20,10,10,10,0,20
B,1,4301,lasso,50.0,,4237.779379861092,-2.099830730613561,0.5937035083770752,0.6,0.0,0.0,0.4,0.12682956379836222,6,10,6,0,4,30
B,1,4301,lasso,100.0,,4358.016958702996,-2.1550535611881285,0.25418829917907715,0.2,0.0,0.0,0.8,0.16700955378520113,2,10,2,0,8,30
B,1,4301,lasso,200.0,,4357.986235600824,-2.1548503006560624,0.4253237247467041,0.2,0.0,0.0,0.8,0.16674838001090353,2,10,2,0,8,30
B,1,4301,enet,1.0,0.5,4001.3450265360025,-1.9026045834194114,0.6989555358886719,1.0,1.0,0.75,0.0,0.0034069044021800103,40,10,10,30,0,0
B,1,4301,enet,2.0,0.5,3994.6199245140656,-1.9016904029979222,0.7087864875793457,1.0,0.9666666666666667,0.7435897435897436,0.0,0.0032489709541037365,39,10,10,29,0,1
B,1,4301,enet,5.0,0.5,3982.262700624552,-1.8992391209513746,0.7710425853729248,1.0,0.9,0.7297297297297297,0.0,0.0028930058687913268,37,10,10,27,0,3
B,1,4301,enet,10.0,0.5,3966.3985723150877,-1.8965212948026167,0.7302839756011963,1.0,0.8,0.7058823529411765,0.0,0.0026889358729712456,34,10,10,24,0,6
B,1,4301,enet,20.0,0.5,3913.5309302984156,-1.8964574502837872,0.7110812664031982,1.0,0.4666666666666667,0.5833333333333334,0.0,0.0036499868388947,24,10,10,14,0,16
B,1,4301,enet,50.0,0.5,3936.0121479175446,-1.9279069141248826,1.0218873023986816,1.0,0.1,0.23076923076923078,0.0,0.017506701338362372,13,10,10,3,0,27
B,1,4301,enet,100.0,0.5,4278.319349876853,-2.1183970811764885,0.4807093143463135,0.5,0.0,0.0,0.5,0.14073440013965322,5,10,5,0,5,30
B,1,4301,enet,200.0,0.5,4357.995040352618,-2.1549557089844247,0.5668063163757324,0.2,0.0,0.0,0.8,0.16688232128366798,2,10,2,0,8,30
B,2,4302,none,0.0,,2394.746892265235,-1.0619362830573236,1.244422197341919,1.0,1.0,0.75,0.0,0.001565750846516741,40,10,10,30,0,0
B,2,4302,lasso,1.0,,2394.8103290199037,-1.061245062880519,1.256084680557251,1.0,1.0,0.75,0.0,0.0014822439176332084,40,10,10,30,0,0
B,2,4302,lasso,2.0,,2388.0822130274255,-1.0606245824204434,1.246645212173462,1.0,0.9666666666666667,0.7435897435897436,0.0,0.0014068787801950393,39,10,10,29,0,1
B,2,4302,lasso,5.0,,2368.413654026242,-1.0590008913912416,1.41599702835083,1.0,0.8666666666666667,0.7222222222222222,0.0,0.001241685270534956,36,10,10,26,0,4
B,2,4302,lasso,10.0,,2343.6563986940787,-1.056901140725527,1.4257619380950928,1.0,0.7333333333333334,0.6875,0.0,0.00113213207711371,32,10,10,22,0,8
B,2,4302,lasso,20.0,,2331.5064708476993,-1.0549559584575585,1.627389669418335,1.0,0.6,0.6428571428571429,0.0,0.0012561409699502596,28,10,10,18,0,12
B,2,4302,lasso,50.0,,2325.577918716479,-1.0689954337290746,1.5648736953735352,0.9,0.36666666666666664,0.55,0.1,0.005507040331577775,20,10,9,11,1,19
B,2,4302,lasso,100.0,,2293.748306083778,-1.078163569544472,2.1005187034606934,0.6,0.16666666666666666,0.45454545454545453,0.4,0.008023098571429126,11,10,6,5,4,25
B,2,4302,lasso,200.0,,2283.8196491956037,-1.0780482954278974,1.7735819816589355,0.6,0.03333333333333333,0.14285714285714285,0.4,0.00804301043994716,7,10,6,1,4,29
B,2,4302,enet,1.0,0.5,2394.7673232997467,-1.061543769087773,1.2246196269989014,1.0,1.0,0.75,0.0,0.0015202743920143286,40,10,10,30,0,0
B,2,4302,enet,2.0,0.5,2394.8235102661642,-1.061181828270584,1.2725608348846436,1.0,1.0,0.75,0.0,0.0014786510485834113,40,10,10,30,0,0
B,2,4302,enet,5.0,0.5,2381.3702161434885,-1.0602011974259076,1.2177379131317139,1.0,0.9333333333333333,0.7368421052631579,0.0,0.0013681932259763192,38,10,10,28,0,2
B,2,4302,enet,10.0,0.5,2368.680377330907,-1.0588089015093418,1.2945785522460938,1.0,0.8666666666666667,0.7222222222222222,0.0,0.0012452668279415559,36,10,10,26,0,4
B,2,4302,enet,20.0,0.5,2344.5595564514188,-1.0568107229740868,1.3632967472076416,1.0,0.7333333333333334,0.6875,0.0,0.0011804050595566333,32,10,10,22,0,8
B,2,4302,enet,50.0,0.5,2328.7859123784647,-1.0562996031945013,1.4300191402435303,1.0,0.5666666666666667,0.6296296296296297,0.0,0.0018557957038349562,27,10,10,17,0,13
B,2,4302,enet,100.0,0.5,2330.0201083225156,-1.070366662763528,1.5009281635284424,0.9,0.36666666666666664,0.55,0.1,0.005923554829649792,20,10,9,11,1,19
B,2,4302,enet,200.0,0.5,2294.8853866660043,-1.0779649645485552,2.0627048015594482,0.6,0.16666666666666666,0.45454545454545453,0.4,0.008025267232208626,11,10,6,5,4,25
B,4,4304,none,0.0,,5170.316913965701,-2.4826430478401753,6.658295154571533,1.0,1.0,0.75,0.0,0.004389064665198243,40,10,10,30,0,0
B,4,4304,lasso,1.0,,5171.13412332985,-2.4762106292387416,6.351022243499756,1.0,1.0,0.75,0.0,0.0032852916699502954,40,10,10,30,0,0
B,4,4304,lasso,2.0,,5172.159494327711,-2.4727741952459814,6.1601481437683105,1.0,1.0,0.75,0.0,0.00244954185323466,40,10,10,30,0,0
B,4,4304,lasso,5.0,,5148.333506124247,-2.4677534831206214,5.602075576782227,1.0,0.8666666666666667,0.7222222222222222,0.0,0.0014854916135830702,36,10,10,26,0,4
B,4,4304,lasso,10.0,,5120.537342778681,-2.4690025927873487,5.101947069168091,1.0,0.7,0.6774193548387096,0.0,0.0012523382457342801,31,10,10,21,0,9
B,4,4304,lasso,20.0,,5081.1487550200045,-2.4729360920533603,4.857179641723633,1.0,0.4666666666666667,0.5833333333333334,0.0,0.002089186398832924,24,10,10,14,0,16
B,4,4304,lasso,50.0,,5065.703342615092,-2.496740450092337,4.149036169052124,0.9,0.23333333333333334,0.4375,0.1,0.006485886851982315,16,10,9,7,1,23
B,4,4304,lasso,100.0,,5127.343351098753,-2.5480844902798663,3.5180461406707764,0.9,0.06666666666666667,0.18181818181818182,0.1,0.015930370943152566,11,10,9,2,1,28
B,4,4304,lasso,200.0,,5296.106162015056,-2.6619969885480033,2.8694634437561035,0.6,0.0,0.0,0.4,0.028085968775907407,6,10,6,0,4,30
B,4,4304,enet,1.0,0.5,5170.713102031307,-2.4786280720123313,6.408212900161743,1.0,1.0,0.75,0.0,0.0035132805039241434,40,10,10,30,0,0
B,4,4304,enet,2.0,0.5,5171.226132307965,-2.475567022800816,6.252077341079712,1.0,1.0,0.75,0.0,0.0031496943963799924,40,10,10,30,0,0
B,4,4304,enet,5.0,0.5,5159.343920487505,-2.4702745611488734,5.854032516479492,1.0,0.9333333333333333,0.7368421052631579,0.0,0.0020951374399607544,38,10,10,28,0,2
B,4,4304,enet,10.0,0.5,5156.146001030085,-2.467568328120835,5.655137538909912,1.0,0.9,0.7297297297297297,0.0,0.001369820951483882,37,10,10,27,0,3
B,4,4304,enet,20.0,0.5,5115.651935931485,-2.4699783955168377,5.136352777481079,1.0,0.6666666666666667,0.6666666666666666,0.0,0.0014202300322065412,30,10,10,20,0,10
B,4,4304,enet,50.0,0.5,5073.8897619743275,-2.481040900447918,4.332128047943115,1.0,0.36666666666666664,0.5238095238095238,0.0,0.0035063271918933524,21,10,10,11,0,19
B,4,4304,enet,100.0,0.5,5087.646300731505,-2.508765540340819,3.6665358543395996,0.9,0.23333333333333334,0.4375,0.1,0.008792053253294643,16,10,9,7,1,23
B,4,4304,enet,200.0,0.5,5175.68812168853,-2.5756470515204906,3.118694305419922,0.9,0.06666666666666667,0.18181818181818182,0.1,0.019182273873832496,11,10,9,2,1,28
B,1,4401,none,0.0,,4004.244578673941,-1.928227072634737,1.329336166381836,1.0,1.0,0.75,0.0,0.006365475051933362,40,10,10,30,0,0
B,1,4401,lasso,1.0,,3983.6924966270494,-1.9267135302205471,1.1782011985778809,1.0,0.8666666666666667,0.7222222222222222,0.0,0.0059806213766943565,36,10,10,26,0,4
B,1,4401,lasso,2.0,,3970.3150727250645,-1.9249067666635733,1.107682466506958,1.0,0.8333333333333334,0.7142857142857143,0.0,0.005609848658105827,35,10,10,25,0,5
B,1,4401,lasso,5.0,,3938.5872028065437,-1.9199058833686233,0.9771039485931396,1.0,0.6666666666666666,0.6666666666666666,0.0,0.004596163151127338,30,10,10,20,0,10
B,1,4401,lasso,10.0,,3934.4060897703944,-1.9144182367715759,1.0269691944122314,1.0,0.6,0.6428571428571429,0.0,0.0034148591634678687,28,10,10,18,0,12
B,1,4401,lasso,20.0,,3887.4865326215545,-1.9125860055187287,1.155160903930664,1.0,0.23333333333333334,0.4117647058823529,0.0,0.0032125139497732142,17,10,10,7,0,23
B,1,4401,lasso,50.0,,4219.342864985443,-2.0932283686143527,0.9414932727813721,0.7,0.0,0.0,0.3,0.11564541497643674,7,10,7,0,3,30
B,1,4401,lasso,100.0,,4365.066661824494,-2.17535046100028,0.3837728500366211,0.30000000000000004,0.0,0.0,0.7,0.16278141516085398,3,10,3,0,7,30
B,1,4401,lasso,200.0,,4362.530618471622,-2.1771627036377628,0.41887521743774414,0.2,0.0,0.0,0.8,0.16402791477796308,2,10,2,0,8,30
B,1,4401,enet,1.0,0.5,3990.5071424689686,-1.9274013461643762,1.199995517730713,1.0,0.9333333333333333,0.7368421052631579,0.0,0.006137015774549259,38,10,10,28,0,2
B,1,4401,enet,2.0,0.5,3983.7981695475523,-1.9264876296311655,1.1380894184112549,1.0,0.9,0.7297297297297297,0.0,0.005916610710475972,37,10,10,27,0,3
B,1,4401,enet,5.0,0.5,3971.273800560695,-1.923504977300092,1.0613412857055664,1.0,0.8333333333333334,0.7142857142857143,0.0,0.005305838576047151,35,10,10,25,0,5
B,1,4401,enet,10.0,0.5,3940.733302067546,-1.9201370940049873,1.0646512508392334,1.0,0.6666666666666666,0.6666666666666666,0.0,0.004563055098428214,30,10,10,20,0,10
B,1,4401,enet,20.0,0.5,3938.584642929224,-1.9159859065029825,1.0958850383758545,1.0,0.5666666666666667,0.6296296296296297,0.0,0.003878331307850813,27,10,10,17,0,13
B,1,4401,enet,50.0,0.5,4017.5747462470918,-1.981163742865344,1.0122699737548828,1.0,0.1,0.23076923076923078,0.0,0.0314203046361967,13,10,10,3,0,27
B,1,4401,enet,100.0,0.5,4269.829990414381,-2.122888745782645,0.7536740303039551,0.5,0.0,0.0,0.5,0.1363578892079533,5,10,5,0,5,30
B,1,4401,enet,200.0,0.5,4362.375091793452,-2.177214018549478,0.36513853073120117,0.2,0.0,0.0,0.8,0.1638774131487966,2,10,2,0,8,30
B,2,4402,none,0.0,,2572.1716133417663,-1.0895427832968985,1.571068525314331,1.0,0.9666666666666667,0.7435897435897436,0.0,0.0016129963347428092,39,10,10,29,0,1
B,2,4402,lasso,1.0,,2558.416120617967,-1.0888731474974502,1.6995773315429688,1.0,0.9333333333333333,0.7368421052631579,0.0,0.0015165247662878873,38,10,10,28,0,2
B,2,4402,lasso,2.0,,2558.591128186467,-1.0882393190066344,1.6372509002685547,1.0,0.9,0.7297297297297297,0.0,0.0014344387984367509,37,10,10,27,0,3
B,2,4402,lasso,5.0,,2532.103249545537,-1.086480054959074,1.674910068511963,1.0,0.8,0.7058823529411765,0.0,0.0012467232170386275,34,10,10,24,0,6
B,2,4402,lasso,10.0,,2522.0828171038434,-1.0843335716793858,2.0087430477142334,1.0,0.7333333333333334,0.6875,0.0,0.001107882070373767,32,10,10,22,0,8
B,2,4402,lasso,20.0,,2498.947011797387,-1.0828305970463905,1.874457597732544,1.0,0.5666666666666667,0.6296296296296297,0.0,0.0014692180981548334,27,10,10,17,0,13
B,2,4402,lasso,50.0,,2484.3954373092974,-1.0965594062781585,1.8179473876953125,0.8,0.3333333333333333,0.5555555555555556,0.2,0.004793108567214064,18,10,8,10,2,20
B,2,4402,lasso,100.0,,2474.5995800212536,-1.108199014433028,1.9523577690124512,0.7,0.16666666666666666,0.4166666666666667,0.3,0.007184227156439094,12,10,7,5,3,25
B,2,4402,lasso,200.0,,2472.124444928956,-1.1208537956943774,2.0316288471221924,0.6,0.03333333333333333,0.14285714285714285,0.4,0.007970780066812372,7,10,6,1,4,29
B,2,4402,enet,1.0,0.5,2565.2847438593267,-1.0891927244960957,1.5949532985687256,1.0,0.9666666666666667,0.7435897435897436,0.0,0.0015599854717293442,39,10,10,29,0,1
B,2,4402,enet,2.0,0.5,2558.428775890114,-1.0888437776515842,1.5508863925933838,1.0,0.9333333333333333,0.7368421052631579,0.0,0.0015139790927712917,38,10,10,28,0,2
B,2,4402,enet,5.0,0.5,2544.9780458773025,-1.0878898138151594,1.582683801651001,1.0,0.8333333333333334,0.7142857142857143,0.0,0.0013969588121173972,35,10,10,25,0,5
B,2,4402,enet,10.0,0.5,2532.372919217854,-1.0864652707001228,1.5447261333465576,1.0,0.8,0.7058823529411765,0.0,0.001258661218763907,34,10,10,24,0,6
B,2,4402,enet,20.0,0.5,2522.9873110143153,-1.0845713418623755,1.7789995670318604,1.0,0.7333333333333334,0.6875,0.0,0.0011779901392315662,32,10,10,22,0,8
B,2,4402,enet,50.0,0.5,2496.8248477882967,-1.0858008165570598,1.6970813274383545,1.0,0.5,0.6,0.0,0.0022848363284470323,25,10,10,15,0,15
B,2,4402,enet,100.0,0.5,2490.075823980723,-1.0989500845272917,1.7536215782165527,0.8,0.3333333333333333,0.5555555555555556,0.2,0.005220583720076222,18,10,8,10,2,20
B,2,4402,enet,200.0,0.5,2478.630672500083,-1.1103531786066632,2.441350221633911,0.7,0.16666666666666666,0.4166666666666667,0.3,0.007373650299015316,12,10,7,5,3,25
B,4,4404,none,0.0,,5183.953895191842,-2.4576941448090213,8.668981313705444,1.0,1.0,0.75,0.0,0.0015192466435865932,40,10,10,30,0,0
B,4,4404,lasso,1.0,,5177.093604109771,-2.4575229564825194,8.27338695526123,1.0,0.9666666666666667,0.7435897435897436,0.0,0.0014888301309684347,39,10,10,29,0,1
B,4,4404,lasso,2.0,,5170.3087032335625,-2.4561014847860525,8.008153438568115,1.0,0.9333333333333333,0.7368421052631579,0.0,0.0013298751397207117,38,10,10,28,0,2
B,4,4404,lasso,5.0,,5157.334734145394,-2.45310434332094,7.72951865196228,1.0,0.8666666666666667,0.7222222222222222,0.0,0.001030623237549233,36,10,10,26,0,4
B,4,4404,lasso,10.0,,5146.480440828254,-2.4496002084440667,7.392670392990112,1.0,0.7666666666666666,0.696969696969697,0.0,0.0006686658608611544,33,10,10,23,0,7
B,4,4404,lasso,20.0,,5113.524899831548,-2.4461799398896398,5.862982511520386,1.0,0.6,0.6428571428571429,0.0,0.0005080540754192119,28,10,10,18,0,12
B,4,4404,lasso,50.0,,5093.6243184209825,-2.4482090616156666,4.7275168895721436,1.0,0.3333333333333333,0.5,0.0,0.0021845627181179893,20,10,10,10,0,20
B,4,4404,lasso,100.0,,5126.8641274867305,-2.4779730365826835,3.9913461208343506,1.0,0.03333333333333333,0.09090909090909091,0.0,0.008919926715907968,11,10,10,1,0,29
B,4,4404,lasso,200.0,,5476.003206826986,-2.663716320481836,6.498530387878418,0.6,0.0,0.0,0.4,0.02750520547296409,6,10,6,0,4,30
B,4,4404,enet,1.0,0.5,5183.983524817895,-2.457079409186321,8.477890491485596,1.0,1.0,0.75,0.0,0.0014314351777763986,40,10,10,30,0,0
B,4,4404,enet,2.0,0.5,5184.070663300523,-2.4564672593700485,8.289255142211914,1.0,0.9666666666666667,0.7435897435897436,0.0,0.0013404976777957164,39,10,10,29,0,1
B,4,4404,enet,5.0,0.5,5163.645430146691,-2.455541942139474,7.658562660217285,1.0,0.9,0.7297297297297297,0.0,0.0012436746269990802,37,10,10,27,0,3
B,4,4404,enet,10.0,0.5,5157.72115960021,-2.4527965455334395,8.110635995864868,1.0,0.8666666666666667,0.7222222222222222,0.0,0.0009321904181877526,36,10,10,26,0,4
B,4,4404,enet,20.0,0.5,5133.82719852446,-2.4498881633722114,7.375007152557373,1.0,0.7333333333333334,0.6875,0.0,0.0006664616808826956,32,10,10,22,0,8
B,4,4404,enet,50.0,0.5,5111.806995684908,-2.4476511416800966,4.995835542678833,1.0,0.5333333333333333,0.6153846153846154,0.0,0.0012093659762989698,26,10,10,16,0,14
B,4,4404,enet,100.0,0.5,5115.593546942597,-2.455466142871722,4.193096399307251,1.0,0.3333333333333333,0.5,0.0,0.003963245043074154,20,10,10,10,0,20
B,4,4404,enet,200.0,0.5,5183.103266297665,-2.499585412304582,5.38895583152771,1.0,0.03333333333333333,0.09090909090909091,0.0,0.011999915340943943,11,10,10,1,0,29
B,1,4501,none,0.0,,4038.781225059046,-1.906370817344051,0.5589897632598877,1.0,1.0,0.75,0.0,0.005151305348419602,40,10,10,30,0,0
B,1,4501,lasso,1.0,,4011.3664403561324,-1.9049427310172762,0.5530819892883301,1.0,0.8666666666666667,0.7222222222222222,0.0,0.004905319627698086,36,10,10,26,0,4
B,1,4501,lasso,2.0,,3998.079960677777,-1.9037845429571665,0.5403556823730469,1.0,0.8,0.7058823529411765,0.0,0.00471652586427939,34,10,10,24,0,6
B,1,4501,lasso,5.0,,3980.412074006897,-1.9014561853786198,0.5570864677429199,1.0,0.7,0.6774193548387096,0.0,0.004430439260616722,31,10,10,21,0,9
B,1,4501,lasso,10.0,,3954.2096284627164,-1.9001848892601965,0.6108989715576172,1.0,0.5333333333333333,0.6153846153846154,0.0,0.004563441440621753,26,10,10,16,0,14
B,1,4501,lasso,20.0,,3946.1875126344958,-1.9074159078506077,0.7655150890350342,1.0,0.3333333333333333,0.5,0.0,0.008134236782140342,20,10,10,10,0,20
B,1,4501,lasso,50.0,,4229.255472040508,-2.0981860405151966,0.4571256637573242,0.6,0.0,0.0,0.4,0.13173421272636268,6,10,6,0,4,30
B,1,4501,lasso,100.0,,4310.763853355319,-2.1567628505788345,0.2711350917816162,0.2,0.0,0.0,0.8,0.16349254061879023,2,10,2,0,8,30
B,1,4501,lasso,200.0,,4310.674732482583,-2.156589979465716,1.0108492374420166,0.2,0.0,0.0,0.8,0.16332077129910932,2,10,2,0,8,30
B,1,4501,enet,1.0,0.5,4025.1086399460446,-1.9057280389581652,0.5630996227264404,1.0,0.9333333333333333,0.7368421052631579,0.0,0.005063708454825986,38,10,10,28,0,2
B,1,4501,enet,2.0,0.5,4011.56095822491,-1.9051220595727494,0.5434472560882568,1.0,0.8666666666666667,0.7222222222222222,0.0,0.005000611536784898,36,10,10,26,0,4
B,1,4501,enet,5.0,0.5,4006.2934455364843,-1.9039210568928584,0.5380957126617432,1.0,0.8333333333333333,0.7142857142857143,0.0,0.004949078850250477,35,10,10,25,0,5
B,1,4501,enet,10.0,0.5,3983.1624433934926,-1.9031457430000847,0.6098043918609619,1.0,0.7,0.6774193548387096,0.0,0.00517767355971302,31,10,10,21,0,9
B,1,4501,enet,20.0,0.5,3966.6873661463533,-1.9074626056363344,0.6527490615844727,1.0,0.5333333333333333,0.6153846153846154,0.0,0.007521395631028865,26,10,10,16,0,14
B,1,4501,enet,50.0,0.5,4016.1817778262316,-1.9682757543685006,1.2623567581176758,1.0,0.06666666666666667,0.16666666666666666,0.0,0.04062530760511511,12,10,10,2,0,28
B,1,4501,enet,100.0,0.5,4281.511203932021,-2.1266994677087667,0.2766842842102051,0.6,0.0,0.0,0.4,0.14642036977190065,6,10,6,0,4,30
B,1,4501,enet,200.0,0.5,4310.736100474706,-2.156715779655593,1.0681860446929932,0.2,0.0,0.0,0.8,0.16343938423034754,2,10,2,0,8,30
B,2,4502,none,0.0,,2390.716560864433,-1.0530667199496104,1.466153860092163,1.0,1.0,0.75,0.0,0.002204131900753354,40,10,10,30,0,0
B,2,4502,lasso,1.0,,2390.7535157866114,-1.0522156904375952,1.2623755931854248,1.0,1.0,0.75,0.0,0.002114796304402765,40,10,10,30,0,0
B,2,4502,lasso,2.0,,2384.0104256860227,-1.0514475546112745,1.236013412475586,1.0,0.9333333333333333,0.7368421052631579,0.0,0.0020366180178052183,38,10,10,28,0,2
B,2,4502,lasso,5.0,,2371.3501390449483,-1.049670453749463,1.2510380744934082,1.0,0.9,0.7297297297297297,0.0,0.001863312048776064,37,10,10,27,0,3
B,2,4502,lasso,10.0,,2361.1058552589834,-1.048000349303747,1.3004069328308105,1.0,0.8333333333333333,0.7142857142857143,0.0,0.0017746142721681386,35,10,10,25,0,5
B,2,4502,lasso,20.0,,2338.912649943141,-1.0487700363664554,1.4195172786712646,1.0,0.6666666666666667,0.6666666666666666,0.0,0.0021995475444176707,30,10,10,20,0,10
B,2,4502,lasso,50.0,,2299.7180808914586,-1.058676020948071,1.8189091682434082,0.8,0.36666666666666664,0.5789473684210527,0.2,0.00488829910607347,19,10,8,11,2,19
B,2,4502,lasso,100.0,,2298.3648035303986,-1.0681882318994844,1.8281712532043457,0.7,0.2,0.46153846153846156,0.3,0.007506986847437942,13,10,7,6,3,24
B,2,4502,lasso,200.0,,2293.4043831132085,-1.0675839439980854,1.8778440952301025,0.6,0.1,0.3333333333333333,0.4,0.007914775584176543,9,10,6,3,4,27
B,2,4502,enet,1.0,0.5,2390.7210057794373,-1.0526220404566065,1.3821792602539062,1.0,1.0,0.75,0.0,0.0021568866348330392,40,10,10,30,0,0
B,2,4502,enet,2.0,0.5,2390.763179341252,-1.052196611153047,1.260594367980957,1.0,1.0,0.75,0.0,0.002113050698841349,40,10,10,30,0,0
B,2,4502,enet,5.0,0.5,2377.2907517023864,-1.0510855870849678,1.2290759086608887,1.0,0.9333333333333333,0.7368421052631579,0.0,0.002001519288086257,38,10,10,28,0,2
B,2,4502,enet,10.0,0.5,2371.589565526113,-1.049717655684802,1.3654217720031738,1.0,0.9,0.7297297297297297,0.0,0.001876574786314547,37,10,10,27,0,3
B,2,4502,enet,20.0,0.5,2361.8730750851046,-1.0483219675684559,1.331871747970581,1.0,0.8333333333333333,0.7142857142857143,0.0,0.0018399364105706635,35,10,10,25,0,5
B,2,4502,enet,50.0,0.5,2319.3525602285927,-1.0510613310678611,1.4159674644470215,0.9,0.5666666666666667,0.6538461538461539,0.1,0.002767884953390981,26,10,9,17,1,13
B,2,4502,enet,100.0,0.5,2303.561975745539,-1.0599269098717305,1.6590900421142578,0.8,0.36666666666666664,0.5789473684210527,0.2,0.005172424106505178,19,10,8,11,2,19
B,2,4502,enet,200.0,0.5,2300.8470312262884,-1.0686473534250418,1.62827467918396,0.7,0.2,0.46153846153846156,0.3,0.007616121282928568,13,10,7,6,3,24
B,4,4504,none,0.0,,5126.88394736778,-2.4784390377308494,9.063904762268066,1.0,1.0,0.75,0.0,0.004684074478628553,40,10,10,30,0,0
B,4,4504,lasso,1.0,,5127.632283172607,-2.4758217190510776,9.108057260513306,1.0,1.0,0.75,0.0,0.0035677063954017907,40,10,10,30,0,0
B,4,4504,lasso,2.0,,5128.502720637559,-2.4741142016957913,8.271090030670166,1.0,1.0,0.75,0.0,0.002803534129367247,40,10,10,30,0,0
B,4,4504,lasso,5.0,,5083.313977176701,-2.4719212431231408,8.511112213134766,1.0,0.7666666666666666,0.696969696969697,0.0,0.0015783088004765193,33,10,10,23,0,7
B,4,4504,lasso,10.0,,5060.019693114077,-2.4700278229706236,8.890397310256958,1.0,0.6333333333333333,0.6551724137931034,0.0,0.001054770633980288,29,10,10,19,0,11
B,4,4504,lasso,20.0,,5045.98385580349,-2.468470978833351,6.504334449768066,1.0,0.5,0.6,0.0,0.0012401468147479157,25,10,10,15,0,15
B,4,4504,lasso,50.0,,5031.586988416097,-2.4807838936973647,6.756323337554932,1.0,0.16666666666666666,0.3333333333333333,0.0,0.00776842902236874,15,10,10,5,0,25
B,4,4504,lasso,100.0,,5082.745989365397,-2.508450096693768,5.264431953430176,0.9,0.06666666666666667,0.18181818181818182,0.1,0.018621838289837846,11,10,9,2,1,28
B,4,4504,lasso,200.0,,5228.803776207341,-2.5575383204113713,4.044647693634033,0.7,0.0,0.0,0.3,0.03238810454858717,7,10,7,0,3,30
B,4,4504,enet,1.0,0.5,5127.451380992934,-2.476483758273761,9.079767227172852,1.0,1.0,0.75,0.0,0.0038507528795543255,40,10,10,30,0,0
B,4,4504,enet,2.0,0.5,5128.083785304393,-2.475122035367619,8.699410200119019,1.0,1.0,0.75,0.0,0.003214117170184617,40,10,10,30,0,0
B,4,4504,enet,5.0,0.5,5101.6937505635915,-2.474959258440098,9.355627536773682,1.0,0.8666666666666667,0.7222222222222222,0.0,0.0023491958605012454,36,10,10,26,0,4
B,4,4504,enet,10.0,0.5,5083.970682444711,-2.472208047796521,8.539515972137451,1.0,0.7666666666666666,0.696969696969697,0.0,0.0014692611160849723,33,10,10,23,0,7
B,4,4504,enet,20.0,0.5,5066.720153419649,-2.4722541712216,9.916405439376831,1.0,0.6666666666666667,0.6666666666666666,0.0,0.0013494583077275919,30,10,10,20,0,10
B,4,4504,enet,50.0,0.5,5035.314105114077,-2.4717835462484428,8.406274318695068,1.0,0.36666666666666664,0.5238095238095238,0.0,0.0033601723711200703,21,10,10,11,0,19
B,4,4504,enet,100.0,0.5,5046.699352610139,-2.4876292326637692,5.722458124160767,1.0,0.16666666666666666,0.3333333333333333,0.0,0.010856964715483372,15,10,10,5,0,25
B,4,4504,enet,200.0,0.5,5115.511361045657,-2.518362627589833,4.602277755737305,0.9,0.06666666666666667,0.18181818181818182,0.1,0.022275038207421403,11,10,9,2,1,28
B,1,4601,none,0.0,,3942.1561672162115,-1.8891393055325567,0.7060344219207764,1.0,1.0,0.75,0.0,0.0027776450295726183,40,10,10,30,0,0
B,1,4601,lasso,1.0,,3928.5410620279754,-1.8883058783758664,0.6723155975341797,1.0,0.9333333333333333,0.7368421052631579,0.0,0.002497411082223373,38,10,10,28,0,2
B,1,4601,lasso,2.0,,3922.0861524064258,-1.8875290148477748,0.6678988933563232,1.0,0.9,0.7297297297297297,0.0,0.0022458585299484275,37,10,10,27,0,3
B,1,4601,lasso,5.0,,3890.407552097759,-1.8854869903392713,0.6705148220062256,1.0,0.7333333333333334,0.6875,0.0,0.0016390800010935664,32,10,10,22,0,8
B,1,4601,lasso,10.0,,3849.341429984652,-1.8842052959216924,0.7278048992156982,1.0,0.4666666666666667,0.5833333333333334,0.0,0.001172356003748072,24,10,10,14,0,16
B,1,4601,lasso,20.0,,3807.158545673061,-1.8844891140321232,0.9700460433959961,1.0,0.2,0.375,0.0,0.0016443268447082387,16,10,10,6,0,24
B,1,4601,lasso,50.0,,4116.445657781622,-2.0370390773906157,0.7311022281646729,0.6,0.0,0.0,0.4,0.11180078936636896,6,10,6,0,4,30
B,1,4601,lasso,100.0,,4290.859730964289,-2.1393201577693683,0.22014689445495605,0.30000000000000004,0.0,0.0,0.7,0.1590905188707587,3,10,3,0,7,30
B,1,4601,lasso,200.0,,4306.699697159947,-2.150958926261662,0.2762918472290039,0.2,0.0,0.0,0.8,0.16543014836573883,2,10,2,0,8,30
B,1,4601,enet,1.0,0.5,3942.2739064042785,-1.888498699587391,0.694990873336792,1.0,1.0,0.75,0.0,0.0025855129175887124,40,10,10,30,0,0
B,1,4601,enet,2.0,0.5,3928.6939601453614,-1.887907888811101,0.6821520328521729,1.0,0.9333333333333333,0.7368421052631579,0.0,0.002410765485397445,38,10,10,28,0,2
B,1,4601,enet,5.0,0.5,3909.3532473779055,-1.886259951181457,0.6790671348571777,1.0,0.8333333333333333,0.7142857142857143,0.0,0.0019615193940617018,35,10,10,25,0,5
B,1,4601,enet,10.0,0.5,3892.8512374035863,-1.8844702898262313,0.780726432800293,1.0,0.7333333333333334,0.6875,0.0,0.0015032739374395223,32,10,10,22,0,8
B,1,4601,enet,20.0,0.5,3852.7791053923656,-1.884363785774864,0.9571394920349121,1.0,0.4666666666666667,0.5833333333333334,0.0,0.001616192732029341,24,10,10,14,0,16
B,1,4601,enet,50.0,0.5,3975.637898953706,-1.949028889107743,1.0344796180725098,1.0,0.13333333333333333,0.2857142857142857,0.0,0.04495775209387031,14,10,10,4,0,26
B,1,4601,enet,100.0,0.5,4204.717923915673,-2.084434308215961,0.828444242477417,0.6,0.0,0.0,0.4,0.1378088054938302,6,10,6,0,4,30
B,1,4601,enet,200.0,0.5,4303.735056700286,-2.145997819948062,0.3818807601928711,0.30000000000000004,0.0,0.0,0.7,0.1628673774492848,3,10,3,0,7,30
B,2,4602,none,0.0,,2656.2011357845236,-1.19028566165649,1.1631131172180176,1.0,1.0,0.75,0.0,0.011403728352949543,40,10,10,30,0,0
B,2,4602,lasso,1.0,,2642.4613950946946,-1.189711689548992,1.2041442394256592,1.0,0.9333333333333333,0.7368421052631579,0.0,0.01132183759060437,38,10,10,28,0,2
B,2,4602,lasso,2.0,,2635.722993381003,-1.1892007305437764,1.190648078918457,1.0,0.9,0.7297297297297297,0.0,0.01125167580202435,37,10,10,27,0,3
B,2,4602,lasso,5.0,,2622.9240658740596,-1.1879455159454373,1.2292416095733643,1.0,0.8333333333333333,0.7142857142857143,0.0,0.011105837290588113,35,10,10,25,0,5
B,2,4602,lasso,10.0,,2611.9325641870873,-1.1871083174058803,1.2435064315795898,1.0,0.7666666666666666,0.696969696969697,0.0,0.011080587711393388,33,10,10,23,0,7
B,2,4602,lasso,20.0,,2600.4116652180537,-1.1885095655293254,1.24483323097229,1.0,0.6666666666666667,0.6666666666666666,0.0,0.011582809267618968,30,10,10,20,0,10
B,2,4602,lasso,50.0,,2582.587560781702,-1.208078953478279,1.3968408107757568,1.0,0.26666666666666666,0.4444444444444444,0.0,0.016804840136872144,18,10,10,8,0,22
B,2,4602,lasso,100.0,,2553.709176118693,-1.2255150284838596,1.7913875579833984,0.6,0.1,0.3333333333333333,0.4,0.02194010887975383,9,10,6,3,4,27
B,2,4602,lasso,200.0,,2552.1856374862555,-1.2353626346758344,3.010638952255249,0.6,0.0,0.0,0.4,0.022095623829012402,6,10,6,0,4,30
B,2,4602,enet,1.0,0.5,2649.315238274468,-1.1899899783855028,1.2423226833343506,1.0,0.9666666666666667,0.7435897435897436,0.0,0.01136023641349406,39,10,10,29,0,1
B,2,4602,enet,2.0,0.5,2642.474206850149,-1.189706605138446,1.2071731090545654,1.0,0.9333333333333333,0.7368421052631579,0.0,0.011323826751880654,38,10,10,28,0,2
B,2,4602,enet,5.0,0.5,2635.912344755986,-1.1889806866678856,1.2126867771148682,1.0,0.9,0.7297297297297297,0.0,0.011230270745869811,37,10,10,27,0,3
B,2,4602,enet,10.0,0.5,2623.1512114440443,-1.1880468231975168,1.2394530773162842,1.0,0.8333333333333333,0.7142857142857143,0.0,0.011138237743325825,35,10,10,25,0,5
B,2,4602,enet,20.0,0.5,2612.707795225862,-1.1875696540605631,1.2437314987182617,1.0,0.7666666666666666,0.696969696969697,0.0,0.011188195204393838,33,10,10,23,0,7
B,2,4602,enet,50.0,0.5,2603.1381180235708,-1.1917861592827195,1.2738404273986816,1.0,0.6333333333333333,0.6551724137931034,0.0,0.012446488139635378,29,10,10,19,0,11
B,2,4602,enet,100.0,0.5,2580.6407907485454,-1.2105087857466141,1.3835225105285645,1.0,0.3,0.47368421052631576,0.0,0.017430133456462882,19,10,10,9,0,21
B,2,4602,enet,200.0,0.5,2555.300572652496,-1.2266257355613113,2.026261806488037,0.6,0.1,0.3333333333333333,0.4,0.02197334267189147,9,10,6,3,4,27
B,4,4604,none,0.0,,5179.494010348503,-2.4780662131016475,6.058918476104736,1.0,1.0,0.75,0.0,0.003917580739335343,40,10,10,30,0,0
B,4,4604,lasso,1.0,,5179.829364259393,-2.4756137440232577,6.0094006061553955,1.0,0.9666666666666667,0.7435897435897436,0.0,0.003445008350240252,39,10,10,29,0,1
B,4,4604,lasso,2.0,,5173.0768750356665,-2.4772794217639076,5.918192148208618,1.0,0.9666666666666667,0.7435897435897436,0.0,0.0033826826951023083,39,10,10,29,0,1
B,4,4604,lasso,5.0,,5167.5630404390695,-2.4698205403317126,5.702841520309448,1.0,0.9333333333333333,0.7368421052631579,0.0,0.0022185749922766394,38,10,10,28,0,2
B,4,4604,lasso,10.0,,5138.145465884235,-2.4644791669157,5.539508581161499,1.0,0.7666666666666666,0.696969696969697,0.0,0.0017041363959575812,33,10,10,23,0,7
B,4,4604,lasso,20.0,,5108.644503107361,-2.460552643223777,5.317255258560181,1.0,0.5666666666666667,0.6296296296296297,0.0,0.0018282644030234473,27,10,10,17,0,13
B,4,4604,lasso,50.0,,5112.239232801794,-2.467923632894971,5.403844118118286,1.0,0.39999999999999997,0.5454545454545454,0.0,0.005239395489733317,22,10,10,12,0,18
B,4,4604,lasso,100.0,,5129.976209811246,-2.4966109139975887,3.6854164600372314,1.0,0.03333333333333333,0.09090909090909091,0.0,0.014125477965887945,11,10,10,1,0,29
B,4,4604,lasso,200.0,,5307.318345312003,-2.546437533715577,3.8388917446136475,0.8,0.0,0.0,0.2,0.028286510836095822,8,10,8,0,2,30
B,4,4604,enet,1.0,0.5,5179.799246686034,-2.476591859908427,6.001751899719238,1.0,1.0,0.75,0.0,0.0036486818095612353,40,10,10,30,0,0
B,4,4604,enet,2.0,0.5,5179.887558504083,-2.4754140963833797,5.943584203720093,1.0,1.0,0.75,0.0,0.003405518771214642,40,10,10,30,0,0
B,4,4604,enet,5.0,0.5,5159.357875890768,-2.4743751443715265,5.8711254596710205,1.0,0.9,0.7297297297297297,0.0,0.0029141841420351282,37,10,10,27,0,3
B,4,4604,enet,10.0,0.5,5168.329321452948,-2.4703396456627877,5.521888732910156,1.0,0.9333333333333333,0.7368421052631579,0.0,0.002367766401072326,38,10,10,28,0,2
B,4,4604,enet,20.0,0.5,5147.230739419204,-2.464444565011946,5.5961220264434814,1.0,0.8,0.7058823529411765,0.0,0.0019575415117548925,34,10,10,24,0,6
B,4,4604,enet,50.0,0.5,5119.884745270369,-2.463900200971215,5.073637247085571,1.0,0.5666666666666667,0.6296296296296297,0.0,0.003494100952654546,27,10,10,17,0,13
B,4,4604,enet,100.0,0.5,5137.05910522642,-2.473650143043319,6.700727224349976,1.0,0.43333333333333335,0.5652173913043478,0.0,0.00756779157830652,23,10,10,13,0,17
B,4,4604,enet,200.0,0.5,5174.0840726274,-2.5082256965898457,4.190664529800415,1.0,0.03333333333333333,0.09090909090909091,0.0,0.01774054148424011,11,10,10,1,0,29
B,1,4701,none,0.0,,3989.815200156373,-1.9274346965972675,0.7591590881347656,1.0,1.0,0.75,0.0,0.007694389817799225,40,10,10,30,0,0
B,1,4701,lasso,1.0,,3990.071590632967,-1.9264625865739304,0.7650198936462402,1.0,1.0,0.75,0.0,0.00737891799810357,40,10,10,30,0,0
B,1,4701,lasso,2.0,,3949.157634092205,-1.9257415847506103,0.7757856845855713,1.0,0.8,0.7058823529411765,0.0,0.007121869080928076,34,10,10,24,0,6
B,1,4701,lasso,5.0,,3938.4469607000287,-1.92416974145312,0.772026538848877,1.0,0.7333333333333334,0.6875,0.0,0.00658528448257565,32,10,10,22,0,8
B,1,4701,lasso,10.0,,3907.403899611376,-1.9236837187674924,0.7972497940063477,1.0,0.5333333333333333,0.6153846153846154,0.0,0.006643634738256111,26,10,10,16,0,14
B,1,4701,lasso,20.0,,3878.4906888703017,-1.932588680375624,0.8047566413879395,1.0,0.23333333333333334,0.4117647058823529,0.0,0.011384394105497865,17,10,10,7,0,23
B,1,4701,lasso,50.0,,4145.7040784434885,-2.1027596913029902,0.47855424880981445,0.5,0.0,0.0,0.5,0.12219029327010851,5,10,5,0,5,30
B,1,4701,lasso,100.0,,4262.95218991147,-2.159158178649297,0.40908145904541016,0.30000000000000004,0.0,0.0,0.7,0.15019967716592736,3,10,3,0,7,30
B,1,4701,lasso,200.0,,4313.056749760346,-2.184522807798426,0.4047870635986328,0.2,0.0,0.0,0.8,0.16280461365264953,2,10,2,0,8,30
B,1,4701,enet,1.0,0.5,3989.965616729709,-1.92703199096475,0.7847895622253418,1.0,1.0,0.75,0.0,0.007560340817061889,40,10,10,30,0,0
B,1,4701,enet,2.0,0.5,3990.262460185571,-1.9266714806467746,0.7598810195922852,1.0,1.0,0.75,0.0,0.00744833100921757,40,10,10,30,0,0
B,1,4701,enet,5.0,0.5,3950.42326309783,-1.9261777136386546,0.7568330764770508,1.0,0.8,0.7058823529411765,0.0,0.007291115075804041,34,10,10,24,0,6
B,1,4701,enet,10.0,0.5,3941.8246700892237,-1.9263670796987722,0.8089070320129395,1.0,0.7333333333333334,0.6875,0.0,0.007430859659390529,32,10,10,22,0,8
B,1,4701,enet,20.0,0.5,3927.152036517411,-1.9307072920339439,0.847480297088623,1.0,0.5666666666666667,0.6296296296296297,0.0,0.009816931175791853,27,10,10,17,0,13
B,1,4701,enet,50.0,0.5,3977.487383029091,-1.9843502619882396,0.9811136722564697,1.0,0.16666666666666666,0.3333333333333333,0.0,0.042086266492129515,15,10,10,5,0,25
B,1,4701,enet,100.0,0.5,4173.122241917313,-2.1158990867727536,0.8480319976806641,0.4,0.0,0.0,0.6,0.13228415914887967,4,10,4,0,6,30
B,1,4701,enet,200.0,0.5,4294.96800605195,-2.173520593030311,0.3289494514465332,0.30000000000000004,0.0,0.0,0.7,0.1573406891360394,3,10,3,0,7,30
B,2,4702,none,0.0,,2410.266934173809,-1.120128128833318,1.5544097423553467,1.0,1.0,0.75,0.0,0.001763554138510565,40,10,10,30,0,0
B,2,4702,lasso,1.0,,2410.3247984419168,-1.1191023617923124,1.50327730178833,1.0,1.0,0.75,0.0,0.0016118716763704737,40,10,10,30,0,0
B,2,4702,lasso,2.0,,2410.5182596955337,-1.1181171799662541,1.5051634311676025,1.0,1.0,0.75,0.0,0.001471264752600616,40,10,10,30,0,0
B,2,4702,lasso,5.0,,2404.948360320645,-1.1156557999032193,1.537581205368042,1.0,0.9333333333333333,0.7368421052631579,0.0,0.0011137571598782182,38,10,10,28,0,2
B,2,4702,lasso,10.0,,2381.7893722541075,-1.1129954380086524,1.4742999076843262,1.0,0.8,0.7058823529411765,0.0,0.0007321722958909882,34,10,10,24,0,6
B,2,4702,lasso,20.0,,2346.868066103304,-1.112838668293497,1.5827593803405762,1.0,0.6,0.6428571428571429,0.0,0.0007413028784746002,28,10,10,18,0,12
B,2,4702,lasso,50.0,,2343.3589720025275,-1.128289531544114,1.6029026508331299,1.0,0.36666666666666664,0.5238095238095238,0.0,0.004479643506833329,21,10,10,11,0,19
B,2,4702,lasso,100.0,,2300.9884088479503,-1.1426164713567837,1.7817049026489258,0.6,0.1,0.3333333333333333,0.4,0.0080476160615405,9,10,6,3,4,27
B,2,4702,lasso,200.0,,2295.9850489321298,-1.1444075694445586,2.1476383209228516,0.6,0.0,0.0,0.4,0.00802815979493421,6,10,6,0,4,30
B,2,4702,enet,1.0,0.5,2410.2811896931626,-1.11958950958493,1.5586590766906738,1.0,1.0,0.75,0.0,0.0016811833672235167,40,10,10,30,0,0
B,2,4702,enet,2.0,0.5,2410.33656282679,-1.1190372340869972,1.4995136260986328,1.0,1.0,0.75,0.0,0.0016026356062118052,40,10,10,30,0,0
B,2,4702,enet,5.0,0.5,2410.7453741270883,-1.117526622102609,1.5268568992614746,1.0,1.0,0.75,0.0,0.0013880167785833661,40,10,10,30,0,0
B,2,4702,enet,10.0,0.5,2405.2417015862757,-1.115528806643472,1.5239591598510742,1.0,0.9333333333333333,0.7368421052631579,0.0,0.0010973775826409308,38,10,10,28,0,2
B,2,4702,enet,20.0,0.5,2375.867447080728,-1.1131098896378198,1.5456304550170898,1.0,0.7666666666666666,0.696969696969697,0.0,0.000760920786346957,33,10,10,23,0,7
B,2,4702,enet,50.0,0.5,2343.6429381492812,-1.11576790261939,1.5621435642242432,1.0,0.5333333333333333,0.6153846153846154,0.0,0.0013751749797175415,26,10,10,16,0,14
B,2,4702,enet,100.0,0.5,2342.9906336524814,-1.130915222697366,1.6838035583496094,0.9,0.36666666666666664,0.55,0.1,0.0051016245934934045,20,10,9,11,1,19
B,2,4702,enet,200.0,0.5,2302.3699102380087,-1.142456442558443,1.9690790176391602,0.6,0.1,0.3333333333333333,0.4,0.008040794024121863,9,10,6,3,4,27
B,4,4704,none,0.0,,5192.689329115311,-2.4479797173511915,9.588748693466187,1.0,1.0,0.75,0.0,0.0036650214698703584,40,10,10,30,0,0
B,4,4704,lasso,1.0,,5192.728957124606,-2.446790049331983,9.299269676208496,1.0,1.0,0.75,0.0,0.003348198971500161,40,10,10,30,0,0
B,4,4704,lasso,2.0,,5179.193560818894,-2.4434875126799707,8.996189594268799,1.0,0.9333333333333333,0.7368421052631579,0.0,0.002585066771857479,38,10,10,28,0,2
B,4,4704,lasso,5.0,,5139.433893263175,-2.438050661928901,8.426236391067505,1.0,0.7333333333333334,0.6875,0.0,0.0012463271183743465,32,10,10,22,0,8
B,4,4704,lasso,10.0,,5129.934547209636,-2.437279003880161,8.071184396743774,1.0,0.6666666666666667,0.6666666666666666,0.0,0.0007454312490790687,30,10,10,20,0,10
B,4,4704,lasso,20.0,,5090.822732432436,-2.438920498925072,7.007387638092041,1.0,0.4333333333333333,0.5652173913043478,0.0,0.0007526089105333706,23,10,10,13,0,17
B,4,4704,lasso,50.0,,5075.724326794589,-2.4612960503944996,6.150861501693726,1.0,0.2,0.375,0.0,0.003792442383436818,16,10,10,6,0,24
B,4,4704,lasso,100.0,,5139.244974544889,-2.54620739563413,4.395370721817017,1.0,0.0,0.0,0.0,0.016669660697684673,10,10,10,0,0,30
B,4,4704,lasso,200.0,,5379.7720516080835,-2.6698186190469104,6.868515968322754,0.6,0.0,0.0,0.4,0.028875527705966197,6,10,6,0,4,30
B,4,4704,enet,1.0,0.5,5192.777811407779,-2.4461600465569964,9.329993963241577,1.0,0.9666666666666667,0.7435897435897436,0.0,0.0032127647541816493,39,10,10,29,0,1
B,4,4704,enet,2.0,0.5,5192.790281121719,-2.4458971445800333,9.234835863113403,1.0,1.0,0.75,0.0,0.003138429052514546,40,10,10,30,0,0
B,4,4704,enet,5.0,0.5,5165.949024467009,-2.441453559656631,8.800530195236206,1.0,0.8666666666666667,0.7222222222222222,0.0,0.0019336368857864393,36,10,10,26,0,4
B,4,4704,enet,10.0,0.5,5154.106233216008,-2.438165529453809,8.355639219284058,1.0,0.8,0.7058823529411765,0.0,0.0012253309143995539,34,10,10,24,0,6
B,4,4704,enet,20.0,0.5,5131.760488012665,-2.439111904050486,7.146445274353027,1.0,0.6333333333333333,0.6551724137931034,0.0,0.0009293961409322154,29,10,10,19,0,11
B,4,4704,enet,50.0,0.5,5103.951651907531,-2.4493294739257307,6.689511060714722,1.0,0.43333333333333335,0.5652173913043478,0.0,0.0021399234835240625,23,10,10,13,0,17
B,4,4704,enet,100.0,0.5,5105.052756090097,-2.4803690422110702,5.417727708816528,1.0,0.23333333333333334,0.4117647058823529,0.0,0.006669129364254418,17,10,10,7,0,23
B,4,4704,enet,200.0,0.5,5176.22383074046,-2.568910507548868,4.829795837402344,1.0,0.0,0.0,0.0,0.018900680587936917,10,10,10,0,0,30
B,1,4801,none,0.0,,3967.8267742557628,-1.9421521587094548,0.9365510940551758,1.0,1.0,0.75,0.0,0.008050641083992695,40,10,10,30,0,0
B,1,4801,lasso,1.0,,3961.222985803823,-1.9382715403020865,0.807509183883667,1.0,0.9333333333333333,0.7368421052631579,0.0,0.0073031037351582485,38,10,10,28,0,2
B,1,4801,lasso,2.0,,3954.8029081876603,-1.9352246905539736,0.7659878730773926,1.0,0.9333333333333333,0.7368421052631579,0.0,0.0066855815353003435,38,10,10,28,0,2
B,1,4801,lasso,5.0,,3930.549671788281,-1.9271042892817354,0.7450335025787354,1.0,0.8,0.7058823529411765,0.0,0.005121513117589453,34,10,10,24,0,6
B,1,4801,lasso,10.0,,3898.80065859356,-1.9176252499183433,0.7377331256866455,1.0,0.6,0.6428571428571429,0.0,0.0034866798637638446,28,10,10,18,0,12
B,1,4801,lasso,20.0,,3888.9208411099053,-1.916906236059426,0.8305954933166504,1.0,0.30000000000000004,0.47368421052631576,0.0,0.003447061505834702,19,10,10,9,0,21
B,1,4801,lasso,50.0,,4080.215576500673,-2.041510517311413,1.002833366394043,0.6,0.03333333333333333,0.14285714285714285,0.4,0.09915852549613295,7,10,6,1,4,29
B,1,4801,lasso,100.0,,4371.939958578545,-2.1661568074320847,0.8460509777069092,0.2,0.0,0.0,0.8,0.16131327618397195,2,10,2,0,8,30
B,1,4801,lasso,200.0,,4371.73168192588,-2.166294392863907,0.8396303653717041,0.2,0.0,0.0,0.8,0.16137061359386795,2,10,2,0,8,30
B,1,4801,enet,1.0,0.5,3968.0656069567603,-1.939641044608274,0.8176898956298828,1.0,1.0,0.75,0.0,0.00760300504857729,40,10,10,30,0,0
B,1,4801,enet,2.0,0.5,3954.473134275614,-1.9378424328053157,0.7884442806243896,1.0,0.9333333333333333,0.7368421052631579,0.0,0.007220022779630024,38,10,10,28,0,2
B,1,4801,enet,5.0,0.5,3949.111358283598,-1.9328349211200149,0.7583391666412354,1.0,0.9,0.7297297297297297,0.0,0.0062513227933442776,37,10,10,27,0,3
B,1,4801,enet,10.0,0.5,3933.5848645277406,-1.9260668081320418,0.7337045669555664,1.0,0.8,0.7058823529411765,0.0,0.0050591728883377434,34,10,10,24,0,6
B,1,4801,enet,20.0,0.5,3916.826165463117,-1.918826999113257,0.826704740524292,1.0,0.6333333333333333,0.6551724137931034,0.0,0.004257229864249138,29,10,10,19,0,11
B,1,4801,enet,50.0,0.5,4010.506585028942,-1.993050632278737,0.8064303398132324,1.0,0.13333333333333333,0.2857142857142857,0.0,0.05086831897641318,14,10,10,4,0,26
B,1,4801,enet,100.0,0.5,4180.06741131871,-2.08236234092178,1.721327543258667,0.6,0.0,0.0,0.4,0.11465115716995966,6,10,6,0,4,30
B,1,4801,enet,200.0,0.5,4372.1409816799915,-2.1661530865036323,0.6512851715087891,0.2,0.0,0.0,0.8,0.16142617609718746,2,10,2,0,8,30
B,2,4802,none,0.0,,2386.5325879875036,-1.1479213399460246,1.0834672451019287,1.0,1.0,0.75,0.0,0.001745324173643738,40,10,10,30,0,0
B,2,4802,lasso,1.0,,2379.665112519784,-1.146703435882865,1.0942754745483398,1.0,0.9666666666666667,0.7435897435897436,0.0,0.0016432652252238917,39,10,10,29,0,1
B,2,4802,lasso,2.0,,2379.805101145285,-1.1456380866072504,1.11016845703125,1.0,0.9666666666666667,0.7435897435897436,0.0,0.0015525987179048572,39,10,10,29,0,1
B,2,4802,lasso,5.0,,2366.9832640181176,-1.1425363684819145,1.2409353256225586,1.0,0.9,0.7297297297297297,0.0,0.0013147426739467888,37,10,10,27,0,3
B,2,4802,lasso,10.0,,2349.439831842369,-1.1384457521881532,1.30952787399292,1.0,0.8,0.7058823529411765,0.0,0.0010449357573289403,34,10,10,24,0,6
B,2,4802,lasso,20.0,,2324.5910762551534,-1.1330920826564297,1.294095754623413,1.0,0.6333333333333333,0.6551724137931034,0.0,0.0009396583424423597,29,10,10,19,0,11
B,2,4802,lasso,50.0,,2316.2423093103407,-1.1398777411919607,1.3044087886810303,1.0,0.36666666666666664,0.5238095238095238,0.0,0.00367981187466444,21,10,10,11,0,19
B,2,4802,lasso,100.0,,2313.717674228782,-1.1559626645566503,1.3827779293060303,0.6,0.23333333333333334,0.5384615384615384,0.4,0.008100789588526745,13,10,6,7,4,23
B,2,4802,lasso,200.0,,2280.051189593689,-1.1593415822646034,1.4322624206542969,0.6,0.0,0.0,0.4,0.008124950433603747,6,10,6,0,4,30
B,2,4802,enet,1.0,0.5,2386.54294972064,-1.1472199356781083,1.0544159412384033,1.0,1.0,0.75,0.0,0.001687851780770998,40,10,10,30,0,0
B,2,4802,enet,2.0,0.5,2379.6790696582166,-1.1466459023166016,1.0892179012298584,1.0,0.9666666666666667,0.7435897435897436,0.0,0.001636435632060953,39,10,10,29,0,1
B,2,4802,enet,5.0,0.5,2379.9861478687926,-1.1448231681490406,1.1751024723052979,1.0,0.9666666666666667,0.7435897435897436,0.0,0.001488634565117075,39,10,10,29,0,1
B,2,4802,enet,10.0,0.5,2367.240244200593,-1.1421310148950492,1.234332799911499,1.0,0.9,0.7297297297297297,0.0,0.0012907723041798752,37,10,10,27,0,3
B,2,4802,enet,20.0,0.5,2350.325125439162,-1.1380099360038969,1.378065586090088,1.0,0.8,0.7058823529411765,0.0,0.001041298887801729,34,10,10,24,0,6
B,2,4802,enet,50.0,0.5,2322.7202378048632,-1.132643724835725,1.3160936832427979,1.0,0.5666666666666667,0.6296296296296297,0.0,0.0013009757188457666,27,10,10,17,0,13
B,2,4802,enet,100.0,0.5,2331.401752984741,-1.1429401679152593,1.29095458984375,1.0,0.36666666666666664,0.5238095238095238,0.0,0.004424081388893583,21,10,10,11,0,19
B,2,4802,enet,200.0,0.5,2307.9583683975166,-1.1560375483924785,1.3936810493469238,0.6,0.2,0.5,0.4,0.008097395091447326,12,10,6,6,4,24
B,4,4804,none,0.0,,5167.885484585984,-2.4835078428316857,5.8301825523376465,1.0,1.0,0.75,0.0,0.00439386806297785,40,10,10,30,0,0
B,4,4804,lasso,1.0,,5168.47148274292,-2.481693642569757,5.657252311706543,1.0,1.0,0.75,0.0,0.004091434497430037,40,10,10,30,0,0
B,4,4804,lasso,2.0,,5168.830459386585,-2.4789171851705736,5.596052169799805,1.0,1.0,0.75,0.0,0.0036305562749529043,40,10,10,30,0,0
B,4,4804,lasso,5.0,,5135.848132542697,-2.474721683229329,5.551909446716309,1.0,0.8333333333333334,0.7142857142857143,0.0,0.003125606046769651,35,10,10,25,0,5
B,4,4804,lasso,10.0,,5125.814831137089,-2.471630447435545,5.420953750610352,1.0,0.7666666666666666,0.696969696969697,0.0,0.0030368828736295653,33,10,10,23,0,7
B,4,4804,lasso,20.0,,5109.7119896158,-2.467166172360175,5.446321964263916,1.0,0.6333333333333333,0.6551724137931034,0.0,0.003045347068610724,29,10,10,19,0,11
B,4,4804,lasso,50.0,,5070.997172426767,-2.4689147890029965,5.183673858642578,1.0,0.26666666666666666,0.4444444444444444,0.0,0.005437203364763872,18,10,10,8,0,22
B,4,4804,lasso,100.0,,5125.736163717062,-2.501390004487673,3.5583527088165283,1.0,0.1,0.23076923076923078,0.0,0.013557500401708023,13,10,10,3,0,27
B,4,4804,lasso,200.0,,5395.501940510426,-2.6238707109789043,3.492469549179077,0.6,0.0,0.0,0.4,0.03181464651682617,6,10,6,0,4,30
B,4,4804,enet,1.0,0.5,5161.11709227555,-2.482547271902111,5.743751049041748,1.0,0.9666666666666667,0.7435897435897436,0.0,0.0042359655475610585,39,10,10,29,0,1
B,4,4804,enet,2.0,0.5,5168.55789189867,-2.4816355336882943,5.680444955825806,1.0,1.0,0.75,0.0,0.0040748431343674485,40,10,10,30,0,0
B,4,4804,enet,5.0,0.5,5169.278663835739,-2.4782313750726996,5.641594648361206,1.0,0.9666666666666667,0.7435897435897436,0.0,0.003548195868730416,39,10,10,29,0,1
B,4,4804,enet,10.0,0.5,5143.3203088364235,-2.4765333969012597,5.8061676025390625,1.0,0.8666666666666667,0.7222222222222222,0.0,0.0034589113783682827,36,10,10,26,0,4
B,4,4804,enet,20.0,0.5,5134.149485517825,-2.4724959800773125,5.384490013122559,1.0,0.8,0.7058823529411765,0.0,0.0032538396614611334,34,10,10,24,0,6
B,4,4804,enet,50.0,0.5,5100.646446910129,-2.4705196975444235,4.865512371063232,1.0,0.5333333333333333,0.6153846153846154,0.0,0.004334671215162075,26,10,10,16,0,14
B,4,4804,enet,100.0,0.5,5096.770225044986,-2.477488356318094,4.618765115737915,1.0,0.3,0.47368421052631576,0.0,0.007462520284928732,19,10,10,9,0,21
B,4,4804,enet,200.0,0.5,5177.583492972016,-2.522383509773721,3.6825997829437256,1.0,0.1,0.23076923076923078,0.0,0.01682438950681418,13,10,10,3,0,27
B,1,4901,none,0.0,,4003.2929285054793,-1.8898227373498364,0.7072265148162842,1.0,1.0,0.75,0.0,0.004409569228967146,40,10,10,30,0,0
B,1,4901,lasso,1.0,,3975.831364094779,-1.8884794978442494,0.8254597187042236,1.0,0.8666666666666667,0.7222222222222222,0.0,0.004220814440909218,36,10,10,26,0,4
B,1,4901,lasso,2.0,,3976.266959200979,-1.8872296762955911,0.7692229747772217,1.0,0.8666666666666667,0.7222222222222222,0.0,0.004070743080724908,36,10,10,26,0,4
B,1,4901,lasso,5.0,,3972.2482162361707,-1.8840887810244684,0.7439279556274414,1.0,0.8333333333333334,0.7142857142857143,0.0,0.0037949514610464406,35,10,10,25,0,5
B,1,4901,lasso,10.0,,3946.592500939748,-1.881424940115954,0.7405719757080078,1.0,0.6666666666666666,0.6666666666666666,0.0,0.003896919888593149,30,10,10,20,0,10
B,1,4901,lasso,20.0,,3895.004789195059,-1.885285824262236,0.7157981395721436,1.0,0.26666666666666666,0.4444444444444444,0.0,0.006721575417471469,18,10,10,8,0,22
B,1,4901,lasso,50.0,,4129.800642580625,-2.011271540345443,0.6309812068939209,0.8,0.0,0.0,0.2,0.0951841213166767,8,10,8,0,2,30
B,1,4901,lasso,100.0,,4370.757647510053,-2.146328060995827,0.35643839836120605,0.2,0.0,0.0,0.8,0.16503004477880356,2,10,2,0,8,30
B,1,4901,lasso,200.0,,4370.304391938257,-2.146033247516934,0.36916208267211914,0.2,0.0,0.0,0.8,0.1643827153734151,2,10,2,0,8,30
B,1,4901,enet,1.0,0.5,3989.587513587542,-1.8891891478973943,0.8603568077087402,1.0,0.9333333333333333,0.7368421052631579,0.0,0.004354404057542397,38,10,10,28,0,2
B,1,4901,enet,2.0,0.5,3976.0050353686565,-1.888643300295652,0.7988264560699463,1.0,0.8666666666666667,0.7222222222222222,0.0,0.004320275438786434,36,10,10,26,0,4
B,1,4901,enet,5.0,0.5,3977.4264263293608,-1.8873139276153859,0.7427840232849121,1.0,0.8666666666666667,0.7222222222222222,0.0,0.0043310785837238994,36,10,10,26,0,4
B,1,4901,enet,10.0,0.5,3975.274089485235,-1.8858694121652495,0.8158788681030273,1.0,0.8333333333333334,0.7142857142857143,0.0,0.004638345073323611,35,10,10,25,0,5
B,1,4901,enet,20.0,0.5,3958.092453135218,-1.887273235719857,0.7403106689453125,1.0,0.6666666666666666,0.6666666666666666,0.0,0.006433733883014196,30,10,10,20,0,10
B,1,4901,enet,50.0,0.5,3959.026381611719,-1.9229206330184248,0.8579044342041016,1.0,0.1,0.23076923076923078,0.0,0.028018764155183486,13,10,10,3,0,27
B,1,4901,enet,100.0,0.5,4245.75792678037,-2.066206488454259,1.0255632400512695,0.8,0.0,0.0,0.2,0.12967040258296747,8,10,8,0,2,30
B,1,4901,enet,200.0,0.5,4370.431695650525,-2.1460921073155927,0.42810726165771484,0.2,0.0,0.0,0.8,0.16457643355823828,2,10,2,0,8,30
B,2,4902,none,0.0,,2517.0837161212676,-1.1722697149538275,1.322674036026001,1.0,1.0,0.75,0.0,0.002148682480882994,40,10,10,30,0,0
B,2,4902,lasso,1.0,,2517.149840140674,-1.1716433826714407,1.4967129230499268,1.0,1.0,0.75,0.0,0.00203685349849468,40,10,10,30,0,0
B,2,4902,lasso,2.0,,2517.354309963761,-1.1710871266522616,1.7189762592315674,1.0,1.0,0.75,0.0,0.0019371871946455715,40,10,10,30,0,0
B,2,4902,lasso,5.0,,2491.0458629109617,-1.169726152598068,1.4747097492218018,1.0,0.8333333333333333,0.7142857142857143,0.0,0.0017066251236190035,35,10,10,25,0,5
B,2,4902,lasso,10.0,,2446.08799467614,-1.1683850164829517,1.451768159866333,1.0,0.6333333333333333,0.6551724137931034,0.0,0.00155173580067949,29,10,10,19,0,11
B,2,4902,lasso,20.0,,2427.4034791076597,-1.1684198068465108,1.4375636577606201,1.0,0.5,0.6,0.0,0.0018049618893993793,25,10,10,15,0,15
B,2,4902,lasso,50.0,,2445.820913504097,-1.1875165181965208,1.6027381420135498,0.8,0.3333333333333333,0.5555555555555556,0.2,0.00657572345437062,18,10,8,10,2,20
B,2,4902,lasso,100.0,,2406.80950271504,-1.1944240120333744,1.6630425453186035,0.6,0.13333333333333333,0.4,0.4,0.007952519747618566,10,10,6,4,4,26
B,2,4902,lasso,200.0,,2397.6935060588003,-1.203138803065519,2.1454391479492188,0.6,0.0,0.0,0.4,0.008003449318712446,6,10,6,0,4,30
B,2,4902,enet,1.0,0.5,2517.103986265499,-1.1719346699073359,1.5211937427520752,1.0,1.0,0.75,0.0,0.00208900417307555,40,10,10,30,0,0
B,2,4902,enet,2.0,0.5,2517.1646957569287,-1.1716150721311938,1.5107572078704834,1.0,1.0,0.75,0.0,0.0020325951057716595,40,10,10,30,0,0
B,2,4902,enet,5.0,0.5,2510.6823677509587,-1.1707906574503708,1.607248067855835,1.0,0.9666666666666667,0.7435897435897436,0.0,0.0018877418761191807,39,10,10,29,0,1
B,2,4902,enet,10.0,0.5,2491.3625228728047,-1.1697265644416954,1.485032320022583,1.0,0.8666666666666667,0.7222222222222222,0.0,0.001714596629281125,36,10,10,26,0,4
B,2,4902,enet,20.0,0.5,2447.0961994799363,-1.168644039648045,1.4393010139465332,1.0,0.6333333333333333,0.6551724137931034,0.0,0.0016203166258614615,29,10,10,19,0,11
B,2,4902,enet,50.0,0.5,2438.480029344399,-1.1709596177932438,1.490684986114502,1.0,0.5,0.6,0.0,0.002546085993581594,25,10,10,15,0,15
B,2,4902,enet,100.0,0.5,2449.0566207265692,-1.188621449746845,1.6350996494293213,0.8,0.3333333333333333,0.5555555555555556,0.2,0.006796701610638554,18,10,8,10,2,20
B,2,4902,enet,200.0,0.5,2408.326771295424,-1.1953318137982738,1.6831154823303223,0.6,0.13333333333333333,0.4,0.4,0.007960168662575836,10,10,6,4,4,26
B,4,4904,none,0.0,,5157.453638297957,-2.4972806415015585,4.97471809387207,1.0,1.0,0.75,0.0,0.011587977841069436,40,10,10,30,0,0
B,4,4904,lasso,1.0,,5151.235689232926,-2.492155320573177,4.624452352523804,1.0,0.9666666666666667,0.7435897435897436,0.0,0.009915402834869016,39,10,10,29,0,1
B,4,4904,lasso,2.0,,5152.4899853556,-2.487495814259555,4.250767707824707,1.0,0.9666666666666667,0.7435897435897436,0.0,0.008447630358762642,39,10,10,29,0,1
B,4,4904,lasso,5.0,,5130.2358251642245,-2.4751002194358516,3.9291365146636963,1.0,0.8333333333333334,0.7142857142857143,0.0,0.005448998379854039,35,10,10,25,0,5
B,4,4904,lasso,10.0,,5123.367703696956,-2.463526308075449,4.093000411987305,1.0,0.7666666666666666,0.696969696969697,0.0,0.0030812559726767306,33,10,10,23,0,7
B,4,4904,lasso,20.0,,5085.470358678686,-2.459865118605527,3.793771505355835,1.0,0.5,0.6,0.0,0.002393154081465939,25,10,10,15,0,15
B,4,4904,lasso,50.0,,5095.396946248115,-2.4807599202422352,3.9503941535949707,1.0,0.36666666666666664,0.5238095238095238,0.0,0.006412513845146286,21,10,10,11,0,19
B,4,4904,lasso,100.0,,5130.620414495356,-2.5272582174277596,2.6681840419769287,0.8,0.13333333333333333,0.3333333333333333,0.2,0.014995145549383871,12,10,8,4,2,26
B,4,4904,lasso,200.0,,5286.971826568774,-2.580321333893802,2.147869110107422,0.7,0.03333333333333333,0.125,0.3,0.023923495897802405,8,10,7,1,3,29
B,4,4904,enet,1.0,0.5,5157.998860844211,-2.4934266012181032,4.791670083999634,1.0,0.9666666666666667,0.7435897435897436,0.0,0.010344925078820122,39,10,10,29,0,1
B,4,4904,enet,2.0,0.5,5151.976493796981,-2.489870496820538,4.590183258056641,1.0,0.9666666666666667,0.7435897435897436,0.0,0.009216126371422974,39,10,10,29,0,1
B,4,4904,enet,5.0,0.5,5154.676353579705,-2.4820958697248425,4.085023403167725,1.0,0.9666666666666667,0.7435897435897436,0.0,0.006977038498432662,39,10,10,29,0,1
B,4,4904,enet,10.0,0.5,5124.320248311639,-2.4741121670776267,3.871206521987915,1.0,0.8,0.7058823529411765,0.0,0.005010693925712274,34,10,10,24,0,6
B,4,4904,enet,20.0,0.5,5119.504578114841,-2.463282028965804,4.078325271606445,1.0,0.7333333333333334,0.6875,0.0,0.002804595285787273,32,10,10,22,0,8
B,4,4904,enet,50.0,0.5,5090.65627180943,-2.4667610424195674,3.7062735557556152,1.0,0.4666666666666667,0.5833333333333334,0.0,0.003657010037195918,24,10,10,14,0,16
B,4,4904,enet,100.0,0.5,5112.727734751714,-2.489736394085035,3.2237112522125244,1.0,0.36666666666666664,0.5238095238095238,0.0,0.008344152683392373,21,10,10,11,0,19
B,4,4904,enet,200.0,0.5,5162.91878311559,-2.5351386632670057,3.0480997562408447,0.8,0.13333333333333333,0.3333333333333333,0.2,0.01641645041384648,12,10,8,4,2,26
B,1,5001,none,0.0,,3973.6044681515496,-1.9507171607536102,0.6640033721923828,1.0,1.0,0.75,0.0,0.0036703283108936633,40,10,10,30,0,0
B,1,5001,lasso,1.0,,3973.7476264934267,-1.9492599352788795,0.8174612522125244,1.0,1.0,0.75,0.0,0.003308943899745252,40,10,10,30,0,0
B,1,5001,lasso,2.0,,3953.469815550173,-1.9479907489318307,0.708472490310669,1.0,0.9,0.7297297297297297,0.0,0.0030472982303239035,37,10,10,27,0,3
B,1,5001,lasso,5.0,,3928.7883559992083,-1.9445244393833427,0.6685950756072998,1.0,0.7666666666666666,0.696969696969697,0.0,0.0024441690110337815,33,10,10,23,0,7
B,1,5001,lasso,10.0,,3860.704447432128,-1.9405796175860255,0.7008707523345947,1.0,0.4,0.5454545454545454,0.0,0.002135262743370527,22,10,10,12,0,18
B,1,5001,lasso,20.0,,3842.585083961686,-1.9408613612516143,0.8074159622192383,1.0,0.19999999999999998,0.375,0.0,0.0035951952155714147,16,10,10,6,0,24
B,1,5001,lasso,50.0,,4082.727772943574,-2.067084457173573,0.8160641193389893,0.6,0.0,0.0,0.4,0.10303266785727844,6,10,6,0,4,30
B,1,5001,lasso,100.0,,4289.316887085103,-2.16365605114678,0.5798208713531494,0.30000000000000004,0.0,0.0,0.7,0.14589757527432712,3,10,3,0,7,30
B,1,5001,lasso,200.0,,4367.514740524834,-2.19652517628372,0.5481438636779785,0.2,0.0,0.0,0.8,0.16108138122430554,2,10,2,0,8,30
B,1,5001,enet,1.0,0.5,3973.6550012737257,-1.9498931427847361,0.7334988117218018,1.0,1.0,0.75,0.0,0.0034628918712079062,40,10,10,30,0,0
B,1,5001,enet,2.0,0.5,3973.9388701659723,-1.9491103592094856,0.7811036109924316,1.0,1.0,0.75,0.0,0.003293360557271593,40,10,10,30,0,0
B,1,5001,enet,5.0,0.5,3947.744811716374,-1.9472989021219407,0.7380244731903076,1.0,0.8666666666666667,0.7222222222222222,0.0,0.0028788276759070097,36,10,10,26,0,4
B,1,5001,enet,10.0,0.5,3931.6540432627758,-1.9446987210284894,0.7308528423309326,1.0,0.7666666666666666,0.696969696969697,0.0,0.002653329927065471,33,10,10,23,0,7
B,1,5001,enet,20.0,0.5,3878.9915364183557,-1.9428575287668237,0.7007942199707031,1.0,0.43333333333333335,0.5652173913043478,0.0,0.00350370188225579,23,10,10,13,0,17
B,1,5001,enet,50.0,0.5,3943.1880192998137,-1.9783398886629349,0.8605878353118896,1.0,0.13333333333333333,0.2857142857142857,0.0,0.02774280708569632,14,10,10,4,0,26
B,1,5001,enet,100.0,0.5,4187.665730699615,-2.1113304268603996,0.9235005378723145,0.6,0.0,0.0,0.4,0.12488912606173738,6,10,6,0,4,30
B,1,5001,enet,200.0,0.5,4336.668685228738,-2.1811763723732587,0.3961057662963867,0.30000000000000004,0.0,0.0,0.7,0.15331440531482643,3,10,3,0,7,30
B,2,5002,none,0.0,,2619.14881911305,-1.1813907408647455,1.3979933261871338,1.0,1.0,0.75,0.0,0.0013708780906989916,40,10,10,30,0,0
B,2,5002,lasso,1.0,,2619.1905777384536,-1.180742010732196,1.732396125793457,1.0,1.0,0.75,0.0,0.0012841645720297256,40,10,10,30,0,0
B,2,5002,lasso,2.0,,2605.5236471988555,-1.1801470657838513,1.4046556949615479,1.0,0.9333333333333333,0.7368421052631579,0.0,0.0012078030150321829,38,10,10,28,0,2
B,2,5002,lasso,5.0,,2599.7203451869727,-1.1787417473146142,1.4313697814941406,1.0,0.9,0.7297297297297297,0.0,0.001032015606515069,37,10,10,27,0,3
B,2,5002,lasso,10.0,,2582.2201510038217,-1.1773600906947086,1.4525434970855713,1.0,0.8,0.7058823529411765,0.0,0.0009058441258353503,34,10,10,24,0,6
B,2,5002,lasso,20.0,,2564.5125006557237,-1.1766778503825768,1.5311408042907715,1.0,0.6666666666666667,0.6666666666666666,0.0,0.0010838954934436174,30,10,10,20,0,10
B,2,5002,lasso,50.0,,2546.4978605201213,-1.1927515210880506,1.5725986957550049,1.0,0.36666666666666664,0.5238095238095238,0.0,0.004712402628419178,21,10,10,11,0,19
B,2,5002,lasso,100.0,,2510.516476670163,-1.2116682396433203,1.7868568897247314,0.6,0.13333333333333333,0.4,0.4,0.008130312026256104,10,10,6,4,4,26
B,2,5002,lasso,200.0,,2511.3191219762157,-1.2235771865800553,1.6173388957977295,0.6,0.03333333333333333,0.14285714285714285,0.4,0.008238398021646654,7,10,6,1,4,29
B,2,5002,enet,1.0,0.5,2619.1625673805233,-1.1810649263260127,1.8285703659057617,1.0,1.0,0.75,0.0,0.0013265169362425432,40,10,10,30,0,0
B,2,5002,enet,2.0,0.5,2619.201721761257,-1.1807187714044216,1.7302913665771484,1.0,1.0,0.75,0.0,0.0012832114728115898,40,10,10,30,0,0
B,2,5002,enet,5.0,0.5,2605.703549331133,-1.1798305016408936,1.3783655166625977,1.0,0.9333333333333333,0.7368421052631579,0.0,0.0011736583283811506,38,10,10,28,0,2
B,2,5002,enet,10.0,0.5,2599.896084235058,-1.1786606952636725,1.4415760040283203,1.0,0.9,0.7297297297297297,0.0,0.0010445734783227742,37,10,10,27,0,3
B,2,5002,enet,20.0,0.5,2582.9633839695343,-1.1775073827424218,1.6500816345214844,1.0,0.8,0.7058823529411765,0.0,0.0009691188344835574,34,10,10,24,0,6
B,2,5002,enet,50.0,0.5,2553.6633225556234,-1.1789664639341062,1.6667227745056152,1.0,0.5666666666666667,0.6296296296296297,0.0,0.0016866863189644505,27,10,10,17,0,13
B,2,5002,enet,100.0,0.5,2559.147101467245,-1.1954661257710026,1.604004144668579,1.0,0.36666666666666664,0.5238095238095238,0.0,0.0053013747100806715,21,10,10,11,0,19
B,2,5002,enet,200.0,0.5,2511.5592973083803,-1.2124397463827163,1.7457237243652344,0.6,0.13333333333333333,0.4,0.4,0.008082602689264735,10,10,6,4,4,26
B,4,5004,none,0.0,,5150.02328455202,-2.4791206138957724,7.037822961807251,1.0,1.0,0.75,0.0,0.004389270523327435,40,10,10,30,0,0
B,4,5004,lasso,1.0,,5150.028839740795,-2.4671732256058716,7.204424858093262,1.0,0.9666666666666667,0.7435897435897436,0.0,0.0038730760022493878,39,10,10,29,0,1
B,4,5004,lasso,2.0,,5136.224371134527,-2.4665775679221413,6.95631742477417,1.0,0.9333333333333333,0.7368421052631579,0.0,0.0035069611412038857,38,10,10,28,0,2
B,4,5004,lasso,5.0,,5137.771435920844,-2.4704049241561727,6.753714561462402,1.0,0.9333333333333333,0.7368421052631579,0.0,0.0033926819625261844,38,10,10,28,0,2
B,4,5004,lasso,10.0,,5129.8431622973385,-2.4640752537743627,6.028392791748047,1.0,0.8666666666666667,0.7222222222222222,0.0,0.0027104621165349786,36,10,10,26,0,4
B,4,5004,lasso,20.0,,5103.354070455288,-2.4571074665880137,5.4633870124816895,1.0,0.6666666666666667,0.6666666666666666,0.0,0.0018727058210976212,30,10,10,20,0,10
B,4,5004,lasso,50.0,,5045.788311662904,-2.4790328590143256,5.0195066928863525,1.0,0.16666666666666666,0.3333333333333333,0.0,0.0068411879313768275,15,10,10,5,0,25
B,4,5004,lasso,100.0,,5191.7240958536095,-2.604874615037129,3.929084062576294,0.6,0.06666666666666667,0.25,0.4,0.025711480039183676,8,10,6,2,4,28
B,4,5004,lasso,200.0,,5230.688610891465,-2.6355039462578334,4.125163793563843,0.6,0.0,0.0,0.4,0.026109545990407344,6,10,6,0,4,30
B,4,5004,enet,1.0,0.5,5143.026650091531,-2.46748421638356,7.059657096862793,1.0,0.9666666666666667,0.7435897435897436,0.0,0.003946691081716468,39,10,10,29,0,1
B,4,5004,enet,2.0,0.5,5143.110964095384,-2.4672119259244045,7.1802215576171875,1.0,0.9666666666666667,0.7435897435897436,0.0,0.003828628269730477,39,10,10,29,0,1
B,4,5004,enet,5.0,0.5,5136.615295355108,-2.465951982842588,6.823564529418945,1.0,0.9333333333333333,0.7368421052631579,0.0,0.0033904799846042025,38,10,10,28,0,2
B,4,5004,enet,10.0,0.5,5131.538503146699,-2.469922632201753,6.596558570861816,1.0,0.9,0.7297297297297297,0.0,0.0034137306703954304,37,10,10,27,0,3
B,4,5004,enet,20.0,0.5,5132.485631712235,-2.4645271686766947,6.114923477172852,1.0,0.8666666666666667,0.7222222222222222,0.0,0.0028728743614243064,36,10,10,26,0,4
B,4,5004,enet,50.0,0.5,5090.37034142772,-2.467556896632008,5.524515151977539,1.0,0.5333333333333333,0.6153846153846154,0.0,0.004063038137776984,26,10,10,16,0,14
B,4,5004,enet,100.0,0.5,5098.957714207652,-2.500310149487994,5.0220184326171875,1.0,0.26666666666666666,0.4444444444444444,0.0,0.010112451709971226,18,10,10,8,0,22
B,4,5004,enet,200.0,0.5,5211.503342713905,-2.6183485496706917,4.169884204864502,0.6,0.1,0.3333333333333333,0.4,0.025075857869530392,9,10,6,3,4,27
B,1,5101,none,0.0,,3973.778082275033,-1.908797756118876,0.758019208908081,1.0,1.0,0.75,0.0,0.007002987306638951,40,10,10,30,0,0
B,1,5101,lasso,1.0,,3967.148685992561,-1.9064118261918481,0.7503299713134766,1.0,0.9666666666666667,0.7435897435897436,0.0,0.006454873202504002,39,10,10,29,0,1
B,1,5101,lasso,2.0,,3961.1442549083595,-1.904408998623597,0.733872652053833,1.0,0.9333333333333333,0.7368421052631579,0.0,0.006037680842835988,38,10,10,28,0,2
B,1,5101,lasso,5.0,,3937.4868804749026,-1.8996734870080645,0.7465429306030273,1.0,0.8,0.7058823529411765,0.0,0.004906797604875308,34,10,10,24,0,6
B,1,5101,lasso,10.0,,3921.595479994131,-1.8957213202524517,0.6910502910614014,1.0,0.6666666666666667,0.6666666666666666,0.0,0.004176669328688056,30,10,10,20,0,10
B,1,5101,lasso,20.0,,3877.4151585171603,-1.901163357277884,0.9452717304229736,1.0,0.26666666666666666,0.4444444444444444,0.0,0.007834122489722744,18,10,10,8,0,22
B,1,5101,lasso,50.0,,4119.437445931985,-2.0580016715418723,0.7161581516265869,0.6,0.0,0.0,0.4,0.11477484711763668,6,10,6,0,4,30
B,1,5101,lasso,100.0,,4256.9424818929465,-2.1425306010995397,0.2967953681945801,0.30000000000000004,0.0,0.0,0.7,0.15682691472645977,3,10,3,0,7,30
B,1,5101,lasso,200.0,,4269.617210450616,-2.1512508560898587,0.32016873359680176,0.2,0.0,0.0,0.8,0.16197348709157555,2,10,2,0,8,30
B,1,5101,enet,1.0,0.5,3973.933158232668,-1.9075246545189857,0.7223873138427734,1.0,1.0,0.75,0.0,0.006730916701817323,40,10,10,30,0,0
B,1,5101,enet,2.0,0.5,3974.2267771403367,-1.9063782413137342,0.7411942481994629,1.0,1.0,0.75,0.0,0.006497633610279765,40,10,10,30,0,0
B,1,5101,enet,5.0,0.5,3962.5201349168983,-1.9036083477188903,0.7493202686309814,1.0,0.9333333333333333,0.7368421052631579,0.0,0.006030629348847473,38,10,10,28,0,2
B,1,5101,enet,10.0,0.5,3940.76549672626,-1.9006039688454175,0.7759099006652832,1.0,0.8,0.7058823529411765,0.0,0.0056377302260795445,34,10,10,24,0,6
B,1,5101,enet,20.0,0.5,3927.143157434908,-1.9005531620071734,0.7471513748168945,1.0,0.6333333333333333,0.6551724137931034,0.0,0.006746121957961294,29,10,10,19,0,11
B,1,5101,enet,50.0,0.5,4005.8870393320767,-1.9691082146999241,0.7542603015899658,1.0,0.16666666666666666,0.3333333333333333,0.0,0.05284228977686219,15,10,10,5,0,25
B,1,5101,enet,100.0,0.5,4202.424783600328,-2.1084703618106166,0.5132503509521484,0.5,0.0,0.0,0.5,0.1383861492334408,5,10,5,0,5,30
B,1,5101,enet,200.0,0.5,4268.889753130804,-2.147984616832342,0.3136789798736572,0.30000000000000004,0.0,0.0,0.7,0.15998962853942572,3,10,3,0,7,30
B,2,5102,none,0.0,,2488.1609160063945,-1.1845955826773211,1.3277528285980225,1.0,1.0,0.75,0.0,0.0014203308234925628,40,10,10,30,0,0
B,2,5102,lasso,1.0,,2481.309513453375,-1.1836557817440057,1.570831060409546,1.0,0.9666666666666667,0.7435897435897436,0.0,0.0013226146640812637,39,10,10,29,0,1
B,2,5102,lasso,2.0,,2481.4828848929565,-1.1828493422923783,1.485480546951294,1.0,0.9333333333333333,0.7368421052631579,0.0,0.0012440897092820204,38,10,10,28,0,2
B,2,5102,lasso,5.0,,2448.095650766348,-1.180899171752306,1.4606077671051025,1.0,0.7666666666666666,0.696969696969697,0.0,0.0010637079943030903,33,10,10,23,0,7
B,2,5102,lasso,10.0,,2423.609064499054,-1.1795013936831569,1.471374750137329,1.0,0.6666666666666666,0.6666666666666666,0.0,0.0009660054132159578,30,10,10,20,0,10
B,2,5102,lasso,20.0,,2398.435955550989,-1.1788166898477697,1.3738038539886475,1.0,0.5,0.6,0.0,0.0011634121511082491,25,10,10,15,0,15
B,2,5102,lasso,50.0,,2395.5020677165185,-1.193953398663033,1.4712426662445068,0.9,0.3,0.5,0.1,0.004809354384966902,18,10,9,9,1,21
B,2,5102,lasso,100.0,,2409.1711905104416,-1.2021966270764166,1.591825008392334,0.7,0.23333333333333334,0.5,0.3,0.007541982788508188,14,10,7,7,3,23
B,2,5102,lasso,200.0,,2377.9678016245416,-1.2103603983043252,1.4091227054595947,0.6,0.0,0.0,0.4,0.007936985823087373,6,10,6,0,4,30
B,2,5102,enet,1.0,0.5,2488.180671043402,-1.1840601126926844,1.358309268951416,1.0,0.9666666666666667,0.7435897435897436,0.0,0.0013648557876476766,39,10,10,29,0,1
B,2,5102,enet,2.0,0.5,2481.321851564877,-1.1836276281813192,1.6531598567962646,1.0,0.9666666666666667,0.7435897435897436,0.0,0.001320215286394992,39,10,10,29,0,1
B,2,5102,enet,5.0,0.5,2481.6928823741164,-1.182446108172214,1.4580130577087402,1.0,0.9,0.7297297297297297,0.0,0.0012070304905137125,37,10,10,27,0,3
B,2,5102,enet,10.0,0.5,2448.298784219123,-1.1811299540052673,1.484861135482788,1.0,0.7666666666666666,0.696969696969697,0.0,0.0010912838039963905,33,10,10,23,0,7
B,2,5102,enet,20.0,0.5,2424.3819302813395,-1.1796944656573147,1.4841668605804443,1.0,0.6666666666666666,0.6666666666666666,0.0,0.0010211172701530818,30,10,10,20,0,10
B,2,5102,enet,50.0,0.5,2400.1186789879744,-1.181038018135931,1.385904312133789,1.0,0.43333333333333335,0.5652173913043478,0.0,0.0017402957364370543,23,10,10,13,0,17
B,2,5102,enet,100.0,0.5,2392.1434587386384,-1.1948745490346375,1.4954895973205566,0.8,0.3,0.5294117647058824,0.2,0.005085883612923822,17,10,8,9,2,21
B,2,5102,enet,200.0,0.5,2411.8126559990533,-1.2031636661314768,1.5950777530670166,0.7,0.23333333333333334,0.5,0.3,0.007626943255579095,14,10,7,7,3,23
B,4,5104,none,0.0,,5192.750998050237,-2.463429585607663,4.635851621627808,1.0,1.0,0.75,0.0,0.001954674103728059,40,10,10,30,0,0
B,4,5104,lasso,1.0,,5185.915019236312,-2.462215776560582,4.601253986358643,1.0,0.9666666666666667,0.7435897435897436,0.0,0.0018345073397827275,39,10,10,29,0,1
B,4,5104,lasso,2.0,,5172.074498346219,-2.4610225419508835,4.474848985671997,1.0,0.9,0.7297297297297297,0.0,0.001647910632434,37,10,10,27,0,3
B,4,5104,lasso,5.0,,5159.1884202853125,-2.4589040898302117,4.7872254848480225,1.0,0.8333333333333333,0.7142857142857143,0.0,0.0014600454597273648,35,10,10,25,0,5
B,4,5104,lasso,10.0,,5141.853973817414,-2.4567749282756948,4.2451982498168945,1.0,0.7333333333333334,0.6875,0.0,0.0014363116459984177,32,10,10,22,0,8
B,4,5104,lasso,20.0,,5091.5618700057,-2.4595876767102465,4.049696683883667,1.0,0.43333333333333335,0.5652173913043478,0.0,0.0025829372462497055,23,10,10,13,0,17
B,4,5104,lasso,50.0,,5087.30851014329,-2.4848142268557147,3.12622332572937,1.0,0.19999999999999998,0.375,0.0,0.0084972874492111,16,10,10,6,0,24
B,4,5104,lasso,100.0,,5148.482808058711,-2.5477478489502854,2.91074275970459,0.9,0.03333333333333333,0.1,0.1,0.019740731742348742,10,10,9,1,1,29
B,4,5104,lasso,200.0,,5271.0851336997375,-2.643091456887851,2.921311140060425,0.6,0.0,0.0,0.4,0.02672543204985713,6,10,6,0,4,30
B,4,5104,enet,1.0,0.5,5185.709609217221,-2.4624882866360984,4.680304527282715,1.0,0.9666666666666667,0.7435897435897436,0.0,0.0018121978169511849,39,10,10,29,0,1
B,4,5104,enet,2.0,0.5,5185.935252295715,-2.4620537216998213,4.603161573410034,1.0,0.9666666666666667,0.7435897435897436,0.0,0.001831366736207179,39,10,10,29,0,1
B,4,5104,enet,5.0,0.5,5172.324603734103,-2.4602725244905286,4.421308279037476,1.0,0.9,0.7297297297297297,0.0,0.0016179908692678625,37,10,10,27,0,3
B,4,5104,enet,10.0,0.5,5159.790726809561,-2.458861794697162,4.622260808944702,1.0,0.8333333333333333,0.7142857142857143,0.0,0.0016062316533463957,35,10,10,25,0,5
B,4,5104,enet,20.0,0.5,5144.2690635369145,-2.4579287290711473,4.0535054206848145,1.0,0.7333333333333334,0.6875,0.0,0.0019128058710231387,32,10,10,22,0,8
B,4,5104,enet,50.0,0.5,5098.615186716636,-2.469130080492312,3.466320037841797,1.0,0.4,0.5454545454545454,0.0,0.004924094433001778,22,10,10,12,0,18
B,4,5104,enet,100.0,0.5,5114.778675494958,-2.5010887921340017,3.616483688354492,1.0,0.23333333333333334,0.4117647058823529,0.0,0.011964773789560708,17,10,10,7,0,23
B,4,5104,enet,200.0,0.5,5190.23059002121,-2.5732604317003926,2.39229679107666,0.9,0.03333333333333333,0.1,0.1,0.02199446900272937,10,10,9,1,1,29
B,1,5201,none,0.0,,4061.453337531171,-1.9156246608214424,0.6287102699279785,1.0,1.0,0.75,0.0,0.003960745116679036,40,10,10,30,0,0
B,1,5201,lasso,1.0,,4054.740901193545,-1.9138942998732513,0.622504711151123,1.0,0.9666666666666667,0.7435897435897436,0.0,0.0034909163837703386,39,10,10,29,0,1
B,1,5201,lasso,2.0,,4055.321510636681,-1.912374748477372,0.6354153156280518,1.0,0.9666666666666667,0.7435897435897436,0.0,0.00308249748098227,39,10,10,29,0,1
B,1,5201,lasso,5.0,,4010.383474027832,-1.9086326517953867,0.6537344455718994,1.0,0.7333333333333333,0.6875,0.0,0.0021867667967480015,32,10,10,22,0,8
B,1,5201,lasso,10.0,,3964.7940303490464,-1.9055662896937213,0.6978251934051514,1.0,0.4666666666666667,0.5833333333333334,0.0,0.0016446264897487816,24,10,10,14,0,16
B,1,5201,lasso,20.0,,3923.083407837568,-1.9085970704148687,0.7889060974121094,1.0,0.13333333333333333,0.2857142857142857,0.0,0.0035122133134582734,14,10,10,4,0,26
B,1,5201,lasso,50.0,,4158.769107206625,-2.0448057131170883,1.0177109241485596,0.7,0.0,0.0,0.3,0.09261446726910792,7,10,7,0,3,30
B,1,5201,lasso,100.0,,4411.166802616939,-2.1718713890720585,0.8986403942108154,0.2,0.0,0.0,0.8,0.16268281235933127,2,10,2,0,8,30
B,1,5201,lasso,200.0,,4411.208340242414,-2.1718823261873275,0.7874674797058105,0.2,0.0,0.0,0.8,0.16262794774812078,2,10,2,0,8,30
B,1,5201,enet,1.0,0.5,4054.64550509263,-1.914603515576101,0.649855375289917,1.0,0.9666666666666667,0.7435897435897436,0.0,0.0036991322673427867,39,10,10,29,0,1
B,1,5201,enet,2.0,0.5,4054.9031520145386,-1.9136802096592034,0.6374249458312988,1.0,0.9666666666666667,0.7435897435897436,0.0,0.0034648517952464357,39,10,10,29,0,1
B,1,5201,enet,5.0,0.5,4042.74763634366,-1.9114324661446824,0.6445567607879639,1.0,0.9,0.7297297297297297,0.0,0.0029192134220083245,37,10,10,27,0,3
B,1,5201,enet,10.0,0.5,4013.471487210087,-1.9089777988097552,0.6755056381225586,1.0,0.7333333333333333,0.6875,0.0,0.0024715851093652565,32,10,10,22,0,8
B,1,5201,enet,20.0,0.5,3969.787191837201,-1.9093860570080683,0.7156805992126465,1.0,0.43333333333333335,0.5652173913043478,0.0,0.0032052224518815168,23,10,10,13,0,17
B,1,5201,enet,50.0,0.5,4013.4661230447477,-1.9696050801972556,0.7583611011505127,1.0,0.03333333333333333,0.09090909090909091,0.0,0.03028539017920048,11,10,10,1,0,29
B,1,5201,enet,100.0,0.5,4325.638017408991,-2.1258641685260926,0.49636363983154297,0.5,0.0,0.0,0.5,0.13839386310951346,5,10,5,0,5,30
B,1,5201,enet,200.0,0.5,4411.182816431017,-2.1718707369409875,0.912621259689331,0.2,0.0,0.0,0.8,0.16266534243400133,2,10,2,0,8,30
B,2,5202,none,0.0,,2492.1313397832937,-1.1350536505712139,1.4431300163269043,1.0,1.0,0.75,0.0,0.0015821525705045712,40,10,10,30,0,0
B,2,5202,lasso,1.0,,2492.1962244890797,-1.1342424011005767,1.5154824256896973,1.0,1.0,0.75,0.0,0.0014735897391119884,40,10,10,30,0,0
B,2,5202,lasso,2.0,,2492.390855257908,-1.1334917410455208,1.5234477519989014,1.0,1.0,0.75,0.0,0.0013754047694403857,40,10,10,30,0,0
B,2,5202,lasso,5.0,,2465.9637855766982,-1.1315724869331911,1.8239336013793945,1.0,0.8333333333333333,0.7142857142857143,0.0,0.0011360998910725539,35,10,10,25,0,5
B,2,5202,lasso,10.0,,2434.754152424657,-1.1292913955911104,1.884408950805664,1.0,0.7,0.6774193548387096,0.0,0.0008966844618693881,31,10,10,21,0,9
B,2,5202,lasso,20.0,,2417.6260355440854,-1.1273911707038264,1.8979825973510742,1.0,0.5666666666666667,0.6296296296296297,0.0,0.0009616762675610967,27,10,10,17,0,13
B,2,5202,lasso,50.0,,2416.503774027649,-1.144467312378078,1.9163026809692383,1.0,0.3333333333333333,0.5,0.0,0.0045547477659466885,20,10,10,10,0,20
B,2,5202,lasso,100.0,,2401.711212873543,-1.1630024285016134,1.7925746440887451,0.6,0.16666666666666666,0.45454545454545453,0.4,0.008369820226831848,11,10,6,5,4,25
B,2,5202,lasso,200.0,,2382.610780836976,-1.1664643413809859,2.2469871044158936,0.6,0.0,0.0,0.4,0.008407877941968215,6,10,6,0,4,30
B,2,5202,enet,1.0,0.5,2492.1505031499337,-1.134616605626733,1.4660701751708984,1.0,1.0,0.75,0.0,0.0015224840106459836,40,10,10,30,0,0
B,2,5202,enet,2.0,0.5,2492.2085706826274,-1.13419826248294,1.540154218673706,1.0,1.0,0.75,0.0,0.001466403118012688,40,10,10,30,0,0
B,2,5202,enet,5.0,0.5,2492.614404011946,-1.1330634982801184,1.5716376304626465,1.0,1.0,0.75,0.0,0.001318093209569589,40,10,10,30,0,0
B,2,5202,enet,10.0,0.5,2466.243891678461,-1.1315195362669046,2.183091878890991,1.0,0.8333333333333333,0.7142857142857143,0.0,0.0011293417201011147,35,10,10,25,0,5
B,2,5202,enet,20.0,0.5,2435.7415527433523,-1.1294616460265352,1.7646384239196777,1.0,0.7,0.6774193548387096,0.0,0.000934759701433771,31,10,10,21,0,9
B,2,5202,enet,50.0,0.5,2406.5098401714527,-1.1302636185747093,1.7178928852081299,1.0,0.4666666666666667,0.5833333333333334,0.0,0.0015623789139043696,24,10,10,14,0,16
B,2,5202,enet,100.0,0.5,2416.797336295202,-1.14779704122032,1.867098093032837,0.9,0.3333333333333333,0.5263157894736842,0.1,0.005232002862559257,19,10,9,10,1,20
B,2,5202,enet,200.0,0.5,2403.0647812229854,-1.1633406059429858,1.8108646869659424,0.6,0.16666666666666666,0.45454545454545453,0.4,0.008372185134238255,11,10,6,5,4,25
B,4,5204,none,0.0,,5092.0726166776385,-2.523435627179784,5.696605682373047,1.0,1.0,0.75,0.0,0.010469012507298196,40,10,10,30,0,0
B,4,5204,lasso,1.0,,5091.953652310143,-2.519169617588202,5.207674980163574,1.0,1.0,0.75,0.0,0.009886487909904564,40,10,10,30,0,0
B,4,5204,lasso,2.0,,5091.943727857051,-2.5121785860896226,5.133533477783203,1.0,1.0,0.75,0.0,0.008951463397415866,40,10,10,30,0,0
B,4,5204,lasso,5.0,,5057.658236157548,-2.4952642966474454,4.639563798904419,1.0,0.8333333333333334,0.7142857142857143,0.0,0.006549122563637228,35,10,10,25,0,5
B,4,5204,lasso,10.0,,5031.397538058244,-2.50729824808561,4.400582551956177,0.9,0.7,0.7,0.1,0.007170866883995368,30,10,9,21,1,9
B,4,5204,lasso,20.0,,4991.420446639913,-2.5371937870675145,3.8037476539611816,0.9,0.39999999999999997,0.5714285714285714,0.1,0.00961267347890973,21,10,9,12,1,18
B,4,5204,lasso,50.0,,4986.727352399299,-2.604091067751995,3.3819363117218018,0.7,0.23333333333333334,0.5,0.3,0.019338460886229925,14,10,7,7,3,23
B,4,5204,lasso,100.0,,4988.19269640454,-2.634811616795639,3.7215452194213867,0.6,0.1,0.3333333333333333,0.4,0.023689965868965275,9,10,6,3,4,27
B,4,5204,lasso,200.0,,5010.859192428088,-2.636388947280124,3.5291249752044678,0.6,0.03333333333333333,0.14285714285714285,0.4,0.02527107607630899,7,10,6,1,4,29
B,4,5204,enet,1.0,0.5,5092.0752823897665,-2.522123971196964,5.265642166137695,1.0,1.0,0.75,0.0,0.010273323023490186,40,10,10,30,0,0
B,4,5204,enet,2.0,0.5,5091.938490593262,-2.5183848994248397,5.0847554206848145,1.0,1.0,0.75,0.0,0.009784693053296859,40,10,10,30,0,0
B,4,5204,enet,5.0,0.5,5069.218238442514,-2.499145787633034,5.351902961730957,1.0,0.9,0.7297297297297297,0.0,0.007279499376717711,37,10,10,27,0,3
B,4,5204,enet,10.0,0.5,5059.152980625037,-2.496535542366754,4.386661052703857,1.0,0.8333333333333334,0.7142857142857143,0.0,0.006532452505944768,35,10,10,25,0,5
B,4,5204,enet,20.0,0.5,5046.778619656592,-2.513177793987019,4.121299982070923,0.9,0.7666666666666666,0.71875,0.1,0.00802796229374265,32,10,9,23,1,7
B,4,5204,enet,50.0,0.5,5000.4712266705665,-2.5657850703322937,3.7012276649475098,0.9,0.39999999999999997,0.5714285714285714,0.1,0.01373637114546466,21,10,9,12,1,18
B,4,5204,enet,100.0,0.5,5001.157468174416,-2.6107175908252485,3.5307774543762207,0.7,0.26666666666666666,0.5333333333333333,0.3,0.020282284751372823,15,10,7,8,3,22
B,4,5204,enet,200.0,0.5,5002.885060933653,-2.6400516160925838,3.654480457305908,0.6,0.13333333333333333,0.4,0.4,0.025096098232514328,10,10,6,4,4,26
B,1,5301,none,0.0,,4036.639454658935,-1.8946856807776624,0.6806275844573975,1.0,1.0,0.75,0.0,0.004430801534709496,40,10,10,30,0,0
B,1,5301,lasso,1.0,,4022.9833054299534,-1.8931668855224788,0.6772348880767822,1.0,0.9333333333333333,0.7368421052631579,0.0,0.00410043790424422,38,10,10,28,0,2
B,1,5301,lasso,2.0,,4016.531244121975,-1.8917435198126908,0.7257144451141357,1.0,0.9,0.7297297297297297,0.0,0.003828974689058681,37,10,10,27,0,3
B,1,5301,lasso,5.0,,3998.8889773307487,-1.8881093104080262,0.7613303661346436,1.0,0.8,0.7058823529411765,0.0,0.0031678043652861327,34,10,10,24,0,6
B,1,5301,lasso,10.0,,3959.450911679013,-1.8850499795411015,0.8354225158691406,1.0,0.5666666666666667,0.6296296296296297,0.0,0.002715994492165383,27,10,10,17,0,13
B,1,5301,lasso,20.0,,3909.251081441982,-1.8879502404927146,0.7036924362182617,1.0,0.19999999999999998,0.375,0.0,0.004220231904587182,16,10,10,6,0,24
B,1,5301,lasso,50.0,,4096.528528220355,-1.9867189787344852,1.2052772045135498,0.8,0.0,0.0,0.2,0.061090632400077456,8,10,8,0,2,30
B,1,5301,lasso,100.0,,4439.856124038713,-2.150395648646586,0.6647741794586182,0.2,0.0,0.0,0.8,0.16244598350773054,2,10,2,0,8,30
B,1,5301,lasso,200.0,,4440.176118110764,-2.1504769508761927,0.5478053092956543,0.2,0.0,0.0,0.8,0.1626919079209625,2,10,2,0,8,30
B,1,5301,enet,1.0,0.5,4036.7040794799377,-1.8938599176033248,0.6768193244934082,1.0,1.0,0.75,0.0,0.0042690974459512684,40,10,10,30,0,0
B,1,5301,enet,2.0,0.5,4023.14419550855,-1.8930110503522493,0.6584687232971191,1.0,0.9333333333333333,0.7368421052631579,0.0,0.004123626704131642,38,10,10,28,0,2
B,1,5301,enet,5.0,0.5,4017.568934576876,-1.890887174027714,0.7200989723205566,1.0,0.9,0.7297297297297297,0.0,0.0038043998170404197,37,10,10,27,0,3
B,1,5301,enet,10.0,0.5,4014.928505523493,-1.888373632936574,0.894357442855835,1.0,0.8666666666666667,0.7222222222222222,0.0,0.003540538539912057,36,10,10,26,0,4
B,1,5301,enet,20.0,0.5,3968.516545060265,-1.8879467992546572,1.0035285949707031,1.0,0.5666666666666667,0.6296296296296297,0.0,0.004107473108557431,27,10,10,17,0,13
B,1,5301,enet,50.0,0.5,3967.654245740621,-1.9194305667276201,0.7932026386260986,1.0,0.1,0.23076923076923078,0.0,0.017187974672264877,13,10,10,3,0,27
B,1,5301,enet,100.0,0.5,4373.335514476662,-2.1089186693722684,0.38881945610046387,0.5,0.0,0.0,0.5,0.13607654453936008,5,10,5,0,5,30
B,1,5301,enet,200.0,0.5,4439.857494681098,-2.1503887407959272,0.643862247467041,0.2,0.0,0.0,0.8,0.16244937911863644,2,10,2,0,8,30
B,2,5302,none,0.0,,2570.194664632395,-1.1479544723368202,1.3381671905517578,1.0,1.0,0.75,0.0,0.00918772805380195,40,10,10,30,0,0
B,2,5302,lasso,1.0,,2570.258428496687,-1.1471632294417882,1.3208930492401123,1.0,1.0,0.75,0.0,0.009105460254030083,40,10,10,30,0,0
B,2,5302,lasso,2.0,,2549.693880184913,-1.1463667854106103,1.3170194625854492,1.0,0.9,0.7297297297297297,0.0,0.009024578197846427,37,10,10,27,0,3
B,2,5302,lasso,5.0,,2550.647524717353,-1.1444291107880753,1.3295917510986328,1.0,0.9,0.7297297297297297,0.0,0.008825487935856259,37,10,10,27,0,3
B,2,5302,lasso,10.0,,2540.1778810214287,-1.1421302254113554,1.3767213821411133,1.0,0.8333333333333333,0.7142857142857143,0.0,0.008669453424337177,35,10,10,25,0,5
B,2,5302,lasso,20.0,,2516.337088538137,-1.1416888127030542,1.3850562572479248,1.0,0.6666666666666667,0.6666666666666666,0.0,0.008996815970783407,30,10,10,20,0,10
B,2,5302,lasso,50.0,,2489.935722864243,-1.1526782881654547,1.5609376430511475,0.9,0.3333333333333333,0.5263157894736842,0.1,0.012097140532723613,19,10,9,10,1,20
B,2,5302,lasso,100.0,,2505.2098523062655,-1.1818881480145196,1.609858512878418,0.7,0.1,0.3,0.3,0.02090145435899704,10,10,7,3,3,27
B,2,5302,lasso,200.0,,2511.53451309518,-1.1978101692425849,2.4984352588653564,0.6,0.03333333333333333,0.14285714285714285,0.4,0.02240600834561592,7,10,6,1,4,29
B,2,5302,enet,1.0,0.5,2570.2175768052643,-1.14751474778044,1.3275344371795654,1.0,1.0,0.75,0.0,0.009142340323303844,40,10,10,30,0,0
B,2,5302,enet,2.0,0.5,2570.2732482961037,-1.1470827215526764,1.3292946815490723,1.0,1.0,0.75,0.0,0.009098723524497945,40,10,10,30,0,0
B,2,5302,enet,5.0,0.5,2549.8767074244834,-1.145855774075139,1.3191466331481934,1.0,0.9,0.7297297297297297,0.0,0.008974209651018616,37,10,10,27,0,3
B,2,5302,enet,10.0,0.5,2550.9344434200593,-1.1442455591342942,1.3183262348175049,1.0,0.9,0.7297297297297297,0.0,0.008824288222427121,37,10,10,27,0,3
B,2,5302,enet,20.0,0.5,2541.178606907682,-1.1420916523540006,1.4224050045013428,1.0,0.8333333333333333,0.7142857142857143,0.0,0.008718364013710338,35,10,10,25,0,5
B,2,5302,enet,50.0,0.5,2518.799086375889,-1.1440268754514504,1.4423017501831055,1.0,0.6333333333333333,0.6551724137931034,0.0,0.009611528747749518,29,10,10,19,0,11
B,2,5302,enet,100.0,0.5,2498.098071963048,-1.1554398574828448,1.5919468402862549,0.9,0.3333333333333333,0.5263157894736842,0.1,0.012922762371413698,19,10,9,10,1,20
B,2,5302,enet,200.0,0.5,2508.8267700619244,-1.184563066086646,1.7262544631958008,0.7,0.1,0.3,0.3,0.021295725342369235,10,10,7,3,3,27
B,4,5304,none,0.0,,5105.050853860261,-2.5152883350207276,8.649067163467407,1.0,1.0,0.75,0.0,0.003399676421454426,40,10,10,30,0,0
B,4,5304,lasso,1.0,,5105.3073992488535,-2.512809473754178,8.231187105178833,1.0,1.0,0.75,0.0,0.0030747878244479572,40,10,10,30,0,0
B,4,5304,lasso,2.0,,5098.841407821392,-2.5103450782025285,7.707579135894775,1.0,0.9333333333333333,0.7368421052631579,0.0,0.0027898333739750044,38,10,10,28,0,2
B,4,5304,lasso,5.0,,5066.811627088402,-2.5039332138951713,8.600521802902222,1.0,0.7333333333333334,0.6875,0.0,0.002272763495122344,32,10,10,22,0,8
B,4,5304,lasso,10.0,,5051.433993039517,-2.4965532797853967,7.655328989028931,1.0,0.6666666666666666,0.6666666666666666,0.0,0.001876718631790035,30,10,10,20,0,10
B,4,5304,lasso,20.0,,4991.595020414215,-2.49072206509628,5.9413230419158936,1.0,0.33333333333333337,0.5,0.0,0.0021153433304261877,20,10,10,10,0,20
B,4,5304,lasso,50.0,,4986.025786515688,-2.5052711289982725,4.4933295249938965,1.0,0.1,0.23076923076923078,0.0,0.00635235230700522,13,10,10,3,0,27
B,4,5304,lasso,100.0,,5078.763412716077,-2.5612911797422804,4.173847198486328,0.9,0.03333333333333333,0.1,0.1,0.017505933484490057,10,10,9,1,1,29
B,4,5304,lasso,200.0,,5225.702071730672,-2.658573027578698,4.2371439933776855,0.6,0.0,0.0,0.4,0.02608399363350755,6,10,6,0,4,30
B,4,5304,enet,1.0,0.5,5105.187489029966,-2.513872212553668,8.411337852478027,1.0,1.0,0.75,0.0,0.0032141340148002344,40,10,10,30,0,0
B,4,5304,enet,2.0,0.5,5105.386240697201,-2.51244375529071,8.1747305393219,1.0,1.0,0.75,0.0,0.0030482377955638657,40,10,10,30,0,0
B,4,5304,enet,5.0,0.5,5085.608083490522,-2.508407008870766,7.496110677719116,1.0,0.9,0.7297297297297297,0.0,0.002638701510889676,37,10,10,27,0,3
B,4,5304,enet,10.0,0.5,5060.727726901584,-2.5030298596681497,8.211272478103638,1.0,0.7333333333333334,0.6875,0.0,0.002327783273019925,32,10,10,22,0,8
B,4,5304,enet,20.0,0.5,5046.984543976593,-2.4962374670680982,6.964143991470337,1.0,0.6666666666666666,0.6666666666666666,0.0,0.00218496512257841,30,10,10,20,0,10
B,4,5304,enet,50.0,0.5,4998.720940379312,-2.4947910774469704,5.488107442855835,1.0,0.3,0.47368421052631576,0.0,0.0036897219308087074,19,10,10,9,0,21
B,4,5304,enet,100.0,0.5,5006.3028591251,-2.515513468649881,4.392592191696167,1.0,0.1,0.23076923076923078,0.0,0.008568826626165047,13,10,10,3,0,27
B,4,5304,enet,200.0,0.5,5128.2958256630145,-2.583586977110869,3.791292905807495,0.9,0.06666666666666667,0.18181818181818182,0.1,0.020214134762026614,11,10,9,2,1,28
B,1,5401,none,0.0,,4039.3301983237957,-1.8766857216854134,0.6305031776428223,1.0,1.0,0.75,0.0,0.00254608674113811,40,10,10,30,0,0
B,1,5401,lasso,1.0,,4032.6587138784907,-1.8760347132556772,0.6175427436828613,1.0,0.9666666666666667,0.7435897435897436,0.0,0.002274455387740324,39,10,10,29,0,1
B,1,5401,lasso,2.0,,4026.286995329628,-1.8755541585793427,0.626246452331543,1.0,0.9333333333333333,0.7368421052631579,0.0,0.0020470187130322494,38,10,10,28,0,2
B,1,5401,lasso,5.0,,3994.9254601638904,-1.8750598699440142,0.6546320915222168,1.0,0.7666666666666666,0.696969696969697,0.0,0.001645364747858837,33,10,10,23,0,7
B,1,5401,lasso,10.0,,3948.3014032768842,-1.875743010815731,0.7367479801177979,1.0,0.5,0.6,0.0,0.0016094903572848056,25,10,10,15,0,15
B,1,5401,lasso,20.0,,3906.180702933398,-1.8852548091295356,0.7038848400115967,1.0,0.16666666666666666,0.3333333333333333,0.0,0.0046081557842749,15,10,10,5,0,25
B,1,5401,lasso,50.0,,4207.775699743158,-2.0690181284876354,0.6402771472930908,0.8,0.0,0.0,0.2,0.11692214073980828,8,10,8,0,2,30
B,1,5401,lasso,100.0,,4367.854117530761,-2.1564499234617336,0.3146345615386963,0.30000000000000004,0.0,0.0,0.7,0.1619954315162468,3,10,3,0,7,30
B,1,5401,lasso,200.0,,4377.237880340285,-2.1648551346929663,0.27207374572753906,0.2,0.0,0.0,0.8,0.16590611623015794,2,10,2,0,8,30
B,1,5401,enet,1.0,0.5,4032.578446607613,-1.8764507769513876,0.6195273399353027,1.0,0.9666666666666667,0.7435897435897436,0.0,0.002415673114953343,39,10,10,29,0,1
B,1,5401,enet,2.0,0.5,4032.8730930379234,-1.87630994941011,0.6465177536010742,1.0,0.9666666666666667,0.7435897435897436,0.0,0.0023101169977718127,39,10,10,29,0,1
B,1,5401,enet,5.0,0.5,4027.664369959002,-1.8763534738023129,0.646181583404541,1.0,0.9333333333333333,0.7368421052631579,0.0,0.0021276075493628435,38,10,10,28,0,2
B,1,5401,enet,10.0,0.5,4005.318969002529,-1.877798169869726,0.7126445770263672,1.0,0.8,0.7058823529411765,0.0,0.0022937784400146287,34,10,10,24,0,6
B,1,5401,enet,20.0,0.5,3961.2418209508637,-1.8843191534424617,0.7382640838623047,1.0,0.5,0.6,0.0,0.004057612882449353,25,10,10,15,0,15
B,1,5401,enet,50.0,0.5,4024.3249909060896,-1.9583412868419632,0.670365571975708,1.0,0.13333333333333333,0.2857142857142857,0.0,0.036458484611848,14,10,10,4,0,26
B,1,5401,enet,100.0,0.5,4264.865882310222,-2.1019698522793293,0.6315710544586182,0.6000000000000001,0.0,0.0,0.4,0.1363319869337957,6,10,6,0,4,30
B,1,5401,enet,200.0,0.5,4378.543111139842,-2.1620134884464277,0.28182435035705566,0.30000000000000004,0.0,0.0,0.7,0.1648215702415761,3,10,3,0,7,30
B,2,5402,none,0.0,,2490.428525769764,-1.1319553014343433,1.410717248916626,1.0,1.0,0.75,0.0,0.0005727869835880895,40,10,10,30,0,0
B,2,5402,lasso,1.0,,2483.562456924832,-1.1311991770130452,1.5965383052825928,1.0,0.9666666666666667,0.7435897435897436,0.0,0.0005068480139406498,39,10,10,29,0,1
B,2,5402,lasso,2.0,,2476.804072264735,-1.1304215259139578,1.7575650215148926,1.0,0.9333333333333333,0.7368421052631579,0.0,0.0004488300222547164,38,10,10,28,0,2
B,2,5402,lasso,5.0,,2456.965190920903,-1.1286606553233818,1.9366390705108643,1.0,0.8333333333333333,0.7142857142857143,0.0,0.00031781837237676515,35,10,10,25,0,5
B,2,5402,lasso,10.0,,2439.26619209152,-1.1266120511659854,1.9359617233276367,1.0,0.7333333333333334,0.6875,0.0,0.0002268701284814443,32,10,10,22,0,8
B,2,5402,lasso,20.0,,2399.1622092001858,-1.1252344062926036,1.6291427612304688,1.0,0.5,0.6,0.0,0.0004620787084771893,25,10,10,15,0,15
B,2,5402,lasso,50.0,,2411.8859455487845,-1.1362126103457812,1.5760722160339355,0.9,0.4,0.5714285714285714,0.1,0.0038234047819725963,21,10,9,12,1,18
B,2,5402,lasso,100.0,,2411.807521881556,-1.1515012829879032,1.9005107879638672,0.6,0.26666666666666666,0.5714285714285714,0.4,0.008029366419833981,14,10,6,8,4,22
B,2,5402,lasso,200.0,,2391.7588298644287,-1.1534375051827779,2.233377695083618,0.6,0.03333333333333333,0.14285714285714285,0.4,0.008033036550896589,7,10,6,1,4,29
B,2,5402,enet,1.0,0.5,2490.437154437185,-1.1315214853932163,1.5105774402618408,1.0,1.0,0.75,0.0,0.0005352137003744625,40,10,10,30,0,0
B,2,5402,enet,2.0,0.5,2483.5745801925764,-1.1311529218773893,1.6517996788024902,1.0,0.9666666666666667,0.7435897435897436,0.0,0.0005020765086042281,39,10,10,29,0,1
B,2,5402,enet,5.0,0.5,2463.153448638131,-1.1300124671911418,1.9728753566741943,1.0,0.8666666666666667,0.7222222222222222,0.0,0.00041547444155681215,36,10,10,26,0,4
B,2,5402,enet,10.0,0.5,2464.1257936855036,-1.1285527935563682,2.2915945053100586,1.0,0.8333333333333333,0.7142857142857143,0.0,0.0003135325024376471,35,10,10,25,0,5
B,2,5402,enet,20.0,0.5,2440.1834422201537,-1.1266631954659192,1.875899076461792,1.0,0.7333333333333334,0.6875,0.0,0.00026086556870829193,32,10,10,22,0,8
B,2,5402,enet,50.0,0.5,2394.0721539658675,-1.1272106654354574,1.55729341506958,1.0,0.43333333333333335,0.5652173913043478,0.0,0.001075292915524542,23,10,10,13,0,17
B,2,5402,enet,100.0,0.5,2420.3727083881904,-1.1396946859900305,1.516369342803955,0.9,0.4,0.5714285714285714,0.1,0.004607906445918365,21,10,9,12,1,18
B,2,5402,enet,200.0,0.5,2413.125910120676,-1.1519514953120287,1.9882969856262207,0.6,0.26666666666666666,0.5714285714285714,0.4,0.008033510560726584,14,10,6,8,4,22
B,4,5404,none,0.0,,5067.259455694863,-2.477623289019426,3.8066153526306152,1.0,1.0,0.75,0.0,0.002417006124219479,40,10,10,30,0,0
B,4,5404,lasso,1.0,,5060.323371342318,-2.476879031408095,3.7934420108795166,1.0,0.9666666666666667,0.7435897435897436,0.0,0.002407046405495164,39,10,10,29,0,1
B,4,5404,lasso,2.0,,5053.509227323071,-2.4764069550899226,3.7241547107696533,1.0,0.9333333333333333,0.7368421052631579,0.0,0.0023935976707094783,38,10,10,28,0,2
B,4,5404,lasso,5.0,,5047.455302085017,-2.475101281608394,3.6488866806030273,1.0,0.9,0.7297297297297297,0.0,0.0024552043367606076,37,10,10,27,0,3
B,4,5404,lasso,10.0,,5015.786049877675,-2.4738318387350917,3.564512252807617,1.0,0.7333333333333334,0.6875,0.0,0.0027550589313370738,32,10,10,22,0,8
B,4,5404,lasso,20.0,,4975.717268846823,-2.474792095507282,3.4632246494293213,1.0,0.5,0.6,0.0,0.003678125061827675,25,10,10,15,0,15
B,4,5404,lasso,50.0,,4965.806694562542,-2.497780674105755,3.4999947547912598,1.0,0.19999999999999998,0.375,0.0,0.009271568407553258,16,10,10,6,0,24
B,4,5404,lasso,100.0,,5086.066046969477,-2.61758984972918,3.6723525524139404,0.6,0.1,0.3333333333333333,0.4,0.024588558844736593,9,10,6,3,4,27
B,4,5404,lasso,200.0,,5122.386280819107,-2.643421657543685,3.239370107650757,0.6,0.03333333333333333,0.14285714285714285,0.4,0.02536759741733057,7,10,6,1,4,29
B,4,5404,enet,1.0,0.5,5067.2469268410505,-2.4772865669377078,3.7788851261138916,1.0,1.0,0.75,0.0,0.002435836427600204,40,10,10,30,0,0
B,4,5404,enet,2.0,0.5,5060.364806407706,-2.4769766045200456,3.790062189102173,1.0,0.9666666666666667,0.7435897435897436,0.0,0.0024530675741619777,39,10,10,29,0,1
B,4,5404,enet,5.0,0.5,5046.855576570648,-2.4764917807761266,3.7046780586242676,1.0,0.9,0.7297297297297297,0.0,0.0025198796343308826,37,10,10,27,0,3
B,4,5404,enet,10.0,0.5,5047.98503725825,-2.475878137669562,3.5999085903167725,1.0,0.9,0.7297297297297297,0.0,0.0027218564205429485,37,10,10,27,0,3
B,4,5404,enet,20.0,0.5,5010.374157345477,-2.4759053239677806,3.532817840576172,1.0,0.7,0.6774193548387096,0.0,0.003311729548014575,31,10,10,21,0,9
B,4,5404,enet,50.0,0.5,4974.752520109552,-2.4836435789941325,3.428290367126465,1.0,0.43333333333333335,0.5652173913043478,0.0,0.005871625647887148,23,10,10,13,0,17
B,4,5404,enet,100.0,0.5,4994.253692065404,-2.514128330318762,3.288708448410034,1.0,0.23333333333333334,0.4117647058823529,0.0,0.012059494077120814,17,10,10,7,0,23
B,4,5404,enet,200.0,0.5,5103.091114835756,-2.626522446719732,3.164273738861084,0.6,0.13333333333333333,0.4,0.4,0.024688115212616015,10,10,6,4,4,26
B,1,5501,none,0.0,,4153.838120261455,-1.9090237398891532,0.5527071952819824,1.0,1.0,0.75,0.0,0.007521820310713958,40,10,10,30,0,0
B,1,5501,lasso,1.0,,4147.1374389567845,-1.907049153557396,0.5717353820800781,1.0,0.9666666666666667,0.7435897435897436,0.0,0.007026804206486642,39,10,10,29,0,1
B,1,5501,lasso,2.0,,4140.796141147954,-1.9051725650766862,0.5630261898040771,1.0,0.9333333333333333,0.7368421052631579,0.0,0.006545261120446921,38,10,10,28,0,2
B,1,5501,lasso,5.0,,4123.575886954798,-1.9011985557625843,0.5958352088928223,1.0,0.8333333333333334,0.7142857142857143,0.0,0.005390645930509753,35,10,10,25,0,5
B,1,5501,lasso,10.0,,4087.2447157341485,-1.8981833148927025,0.5754623413085938,1.0,0.6,0.6428571428571429,0.0,0.0044085193081148735,28,10,10,18,0,12
B,1,5501,lasso,20.0,,4050.6767315097263,-1.903382014950606,0.6429953575134277,1.0,0.26666666666666666,0.4444444444444444,0.0,0.005937514363840759,18,10,10,8,0,22
B,1,5501,lasso,50.0,,4264.391471304754,-2.031715119449292,1.3478751182556152,0.8,0.0,0.0,0.2,0.0867414596130952,8,10,8,0,2,30
B,1,5501,lasso,100.0,,4495.725147644823,-2.161991773774733,0.23087453842163086,0.2,0.0,0.0,0.8,0.1672359153328885,2,10,2,0,8,30
B,1,5501,lasso,200.0,,4495.655613795857,-2.1620759852132525,0.20592188835144043,0.2,0.0,0.0,0.8,0.1671765440984726,2,10,2,0,8,30
B,1,5501,enet,1.0,0.5,4147.049414324938,-1.9080028502069097,0.5651540756225586,1.0,0.9666666666666667,0.7435897435897436,0.0,0.007285021484662172,39,10,10,29,0,1
B,1,5501,enet,2.0,0.5,4147.327135567355,-1.9069629340929029,0.5772721767425537,1.0,0.9666666666666667,0.7435897435897436,0.0,0.007038796871892359,39,10,10,29,0,1
B,1,5501,enet,5.0,0.5,4135.1945839413975,-1.9044176469211664,0.5710432529449463,1.0,0.9,0.7297297297297297,0.0,0.006450300935893371,37,10,10,27,0,3
B,1,5501,enet,10.0,0.5,4126.95444991612,-1.9021692495125935,0.5835340023040771,1.0,0.8333333333333334,0.7142857142857143,0.0,0.005887350291368833,35,10,10,25,0,5
B,1,5501,enet,20.0,0.5,4105.344904248648,-1.902823849044529,0.6304986476898193,1.0,0.6333333333333333,0.6551724137931034,0.0,0.0063592878487769375,29,10,10,19,0,11
B,1,5501,enet,50.0,0.5,4134.88818996796,-1.952829779307905,0.9388947486877441,1.0,0.13333333333333333,0.2857142857142857,0.0,0.028782784460424874,14,10,10,4,0,26
B,1,5501,enet,100.0,0.5,4450.332327078078,-2.125331206836679,0.2686891555786133,0.5,0.0,0.0,0.5,0.14624632920814912,5,10,5,0,5,30
B,1,5501,enet,200.0,0.5,4495.684696760761,-2.1619647256130103,0.2173917293548584,0.2,0.0,0.0,0.8,0.16716215909136695,2,10,2,0,8,30
B,2,5502,none,0.0,,2367.4793939354404,-1.117010737248324,1.2146940231323242,1.0,1.0,0.75,0.0,0.001045784916255089,40,10,10,30,0,0
B,2,5502,lasso,1.0,,2367.5499467982218,-1.1165697985737861,1.2062842845916748,1.0,1.0,0.75,0.0,0.0009710978680672766,40,10,10,30,0,0
B,2,5502,lasso,2.0,,2347.0341511074685,-1.1162331752487618,1.2032411098480225,1.0,0.9,0.7297297297297297,0.0,0.0009090717666562532,37,10,10,27,0,3
B,2,5502,lasso,5.0,,2327.3822876014115,-1.1155952373750762,1.3378398418426514,1.0,0.7666666666666666,0.696969696969697,0.0,0.0008154011984901113,33,10,10,23,0,7
B,2,5502,lasso,10.0,,2302.7762208039107,-1.1157235157985415,1.4173290729522705,1.0,0.6666666666666667,0.6666666666666666,0.0,0.0008016411551930323,30,10,10,20,0,10
B,2,5502,lasso,20.0,,2291.4178842634988,-1.119848087346961,1.5343430042266846,1.0,0.5666666666666667,0.6296296296296297,0.0,0.0012271893072409062,27,10,10,17,0,13
B,2,5502,lasso,50.0,,2271.946722305412,-1.1469284709081613,1.5685083866119385,0.8,0.3333333333333333,0.5555555555555556,0.2,0.005564996049966681,18,10,8,10,2,20
B,2,5502,lasso,100.0,,2259.213918697896,-1.16012773137051,1.8485674858093262,0.6,0.2,0.5,0.4,0.007932307704166378,12,10,6,6,4,24
B,2,5502,lasso,200.0,,2242.0012878620228,-1.1657329797087996,1.9973406791687012,0.6,0.03333333333333333,0.14285714285714285,0.4,0.007957919081985053,7,10,6,1,4,29
B,2,5502,enet,1.0,0.5,2367.4999359154854,-1.1168020879715446,1.203716516494751,1.0,1.0,0.75,0.0,0.001006589443314944,40,10,10,30,0,0
B,2,5502,enet,2.0,0.5,2367.562959584794,-1.1166217510653909,1.225419282913208,1.0,1.0,0.75,0.0,0.0009720637497605463,40,10,10,30,0,0
B,2,5502,enet,5.0,0.5,2340.3381646710254,-1.1162457850055731,1.2486300468444824,1.0,0.8666666666666667,0.7222222222222222,0.0,0.0008910983911864062,36,10,10,26,0,4
B,2,5502,enet,10.0,0.5,2327.611917424038,-1.115948408911657,1.3196229934692383,1.0,0.7666666666666666,0.696969696969697,0.0,0.0008402829633600354,33,10,10,23,0,7
B,2,5502,enet,20.0,0.5,2310.4524860156253,-1.116605895958407,1.404906988143921,1.0,0.7,0.6774193548387096,0.0,0.0008845114881350628,31,10,10,21,0,9
B,2,5502,enet,50.0,0.5,2279.268284939725,-1.1256356388149173,1.4505102634429932,1.0,0.4666666666666667,0.5833333333333334,0.0,0.001978192391240908,24,10,10,14,0,16
B,2,5502,enet,100.0,0.5,2275.736006821833,-1.1492688139011575,1.743973970413208,0.8,0.3,0.5294117647058824,0.2,0.005960084574381331,17,10,8,9,2,21
B,2,5502,enet,200.0,0.5,2260.5297675049287,-1.1606983830273656,1.8368136882781982,0.6,0.2,0.5,0.4,0.00794197024405116,12,10,6,6,4,24
B,4,5504,none,0.0,,5166.536532954062,-2.4252798050301827,6.640335559844971,1.0,1.0,0.75,0.0,0.0017644835182362606,40,10,10,30,0,0
B,4,5504,lasso,1.0,,5166.551892199169,-2.425701457451808,6.564416885375977,1.0,1.0,0.75,0.0,0.001989251430508329,40,10,10,30,0,0
B,4,5504,lasso,2.0,,5166.820910880533,-2.424153067588482,6.677399158477783,1.0,1.0,0.75,0.0,0.0017461847757908292,40,10,10,30,0,0
B,4,5504,lasso,5.0,,5161.801878985056,-2.4215067074411554,6.3398237228393555,1.0,0.9666666666666667,0.7435897435897436,0.0,0.0014716674099054087,39,10,10,29,0,1
B,4,5504,lasso,10.0,,5110.395635604992,-2.4200795937562942,6.055448532104492,1.0,0.6666666666666667,0.6666666666666666,0.0,0.0014399183546925899,30,10,10,20,0,10
B,4,5504,lasso,20.0,,5082.7001449941135,-2.420200040811337,5.575640439987183,1.0,0.5333333333333333,0.6153846153846154,0.0,0.00198042191906035,26,10,10,16,0,14
B,4,5504,lasso,50.0,,5084.204070473865,-2.4239134048315587,4.454575300216675,1.0,0.39999999999999997,0.5454545454545454,0.0,0.004836423825358376,22,10,10,12,0,18
B,4,5504,lasso,100.0,,5110.234931032552,-2.444365855937221,4.123168230056763,1.0,0.13333333333333333,0.2857142857142857,0.0,0.01240322007706282,14,10,10,4,0,26
B,4,5504,lasso,200.0,,5371.073588407797,-2.5405943637055244,2.7355308532714844,0.8,0.0,0.0,0.2,0.032568587811523705,8,10,8,0,2,30
B,4,5504,enet,1.0,0.5,5159.620117592253,-2.4264415962476398,6.617498874664307,1.0,0.9666666666666667,0.7435897435897436,0.0,0.002122726238105137,39,10,10,29,0,1
B,4,5504,enet,2.0,0.5,5166.590782424511,-2.425489674013782,6.4947121143341064,1.0,1.0,0.75,0.0,0.0019592890801365236,40,10,10,30,0,0
B,4,5504,enet,5.0,0.5,5167.234413943519,-2.4231793434206366,6.582197427749634,1.0,1.0,0.75,0.0,0.001632543402782485,40,10,10,30,0,0
B,4,5504,enet,10.0,0.5,5162.427682001585,-2.421335917024103,5.942090034484863,1.0,0.9666666666666667,0.7435897435897436,0.0,0.0015428341934147424,39,10,10,29,0,1
B,4,5504,enet,20.0,0.5,5104.927185211699,-2.420657626787696,5.769673585891724,1.0,0.6666666666666667,0.6666666666666666,0.0,0.001740652572392193,30,10,10,20,0,10
B,4,5504,enet,50.0,0.5,5091.521988559316,-2.4223768157159866,4.962561130523682,1.0,0.5333333333333333,0.6153846153846154,0.0,0.003291636044206917,26,10,10,16,0,14
B,4,5504,enet,100.0,0.5,5101.80939332884,-2.430086022134271,4.937702417373657,1.0,0.3333333333333333,0.5,0.0,0.007054383657364366,20,10,10,10,0,20
B,4,5504,enet,200.0,0.5,5158.325762520399,-2.459926595064845,3.104090690612793,1.0,0.13333333333333333,0.2857142857142857,0.0,0.016154928944367816,14,10,10,4,0,26
B,1,5601,none,0.0,,3988.274018438219,-1.9193341515761895,0.6918702125549316,1.0,1.0,0.75,0.0,0.006376380936202124,40,10,10,30,0,0
B,1,5601,lasso,1.0,,3988.5077515339185,-1.917907201346156,0.6986563205718994,1.0,1.0,0.75,0.0,0.005865276847761739,40,10,10,30,0,0
B,1,5601,lasso,2.0,,3961.481860265364,-1.9166380584129359,0.7094929218292236,1.0,0.8666666666666667,0.7222222222222222,0.0,0.0054078051002958705,36,10,10,26,0,4
B,1,5601,lasso,5.0,,3923.2296354239843,-1.9131752250027807,0.7385513782501221,1.0,0.6666666666666666,0.6666666666666666,0.0,0.004337239315153554,30,10,10,20,0,10
B,1,5601,lasso,10.0,,3875.879840030647,-1.9098404468935497,0.8093500137329102,1.0,0.4,0.5454545454545454,0.0,0.003436030903688535,22,10,10,12,0,18
B,1,5601,lasso,20.0,,3848.2395866831334,-1.9112566660447865,0.9052164554595947,1.0,0.13333333333333333,0.2857142857142857,0.0,0.004024143710822226,14,10,10,4,0,26
B,1,5601,lasso,50.0,,4101.518013773395,-2.0342851101374833,0.9801125526428223,0.6,0.0,0.0,0.4,0.10049808763204976,6,10,6,0,4,30
B,1,5601,lasso,100.0,,4356.968294636027,-2.1636389075045535,0.33621954917907715,0.30000000000000004,0.0,0.0,0.7,0.1636511378370482,3,10,3,0,7,30
B,1,5601,lasso,200.0,,4358.213231466397,-2.1677105547647773,0.33454275131225586,0.2,0.0,0.0,0.8,0.16610523493414323,2,10,2,0,8,30
B,1,5601,enet,1.0,0.5,3988.4223603423607,-1.9182939526483398,0.7032248973846436,1.0,1.0,0.75,0.0,0.006013624849182409,40,10,10,30,0,0
B,1,5601,enet,2.0,0.5,3988.754142165013,-1.9173135124405973,0.8698654174804688,1.0,0.9666666666666667,0.7435897435897436,0.0,0.005668721770096859,39,10,10,29,0,1
B,1,5601,enet,5.0,0.5,3956.0586572080288,-1.9148916490723378,0.713850736618042,1.0,0.8333333333333334,0.7142857142857143,0.0,0.004854263486627546,35,10,10,25,0,5
B,1,5601,enet,10.0,0.5,3920.252736298101,-1.9120159541978583,0.7429814338684082,1.0,0.6333333333333333,0.6551724137931034,0.0,0.00399139735350552,29,10,10,19,0,11
B,1,5601,enet,20.0,0.5,3890.402922482481,-1.9119892168925616,0.8107337951660156,1.0,0.4,0.5454545454545454,0.0,0.0040984659741815,22,10,10,12,0,18
B,1,5601,enet,50.0,0.5,3989.5454001037347,-1.9669319873994038,1.2150099277496338,1.0,0.1,0.23076923076923078,0.0,0.03672476123396667,13,10,10,3,0,27
B,1,5601,enet,100.0,0.5,4236.915533257794,-2.097181479355748,1.1093122959136963,0.6,0.0,0.0,0.4,0.13450533043125207,6,10,6,0,4,30
B,1,5601,enet,200.0,0.5,4361.466620420654,-2.165929318166449,0.27521252632141113,0.30000000000000004,0.0,0.0,0.7,0.16509423511246235,3,10,3,0,7,30
B,2,5602,none,0.0,,2475.104946484145,-1.14859652307268,1.6603384017944336,1.0,1.0,0.75,0.0,0.0013811093632140317,40,10,10,30,0,0
B,2,5602,lasso,1.0,,2468.246576626292,-1.1475587650451071,1.5908372402191162,1.0,0.9333333333333333,0.7368421052631579,0.0,0.0012290853985712,38,10,10,28,0,2
B,2,5602,lasso,2.0,,2461.534358584143,-1.146584453920554,1.6154658794403076,1.0,0.9333333333333333,0.7368421052631579,0.0,0.0010923492716228762,38,10,10,28,0,2
B,2,5602,lasso,5.0,,2435.164138954255,-1.1445403071771711,1.5728566646575928,1.0,0.8,0.7058823529411765,0.0,0.0007805110990297451,34,10,10,24,0,6
B,2,5602,lasso,10.0,,2410.8676522158985,-1.142916516093402,1.6406197547912598,1.0,0.6666666666666667,0.6666666666666666,0.0,0.00047070914537162943,30,10,10,20,0,10
B,2,5602,lasso,20.0,,2387.6674839619204,-1.1442312817519882,1.930239200592041,1.0,0.5,0.6,0.0,0.0005132545008036844,25,10,10,15,0,15
B,2,5602,lasso,50.0,,2400.0288704817717,-1.1718591828519906,1.7617645263671875,1.0,0.3,0.47368421052631576,0.0,0.005399718288135023,19,10,10,9,0,21
B,2,5602,lasso,100.0,,2381.9424344145505,-1.186725241509882,3.006749153137207,0.6,0.16666666666666666,0.45454545454545453,0.4,0.008152594802069433,11,10,6,5,4,25
B,2,5602,lasso,200.0,,2366.520613984507,-1.1973736849478933,2.4087908267974854,0.6,0.03333333333333333,0.14285714285714285,0.4,0.008199436888653504,7,10,6,1,4,29
B,2,5602,enet,1.0,0.5,2475.112142637654,-1.148036392440642,1.6872234344482422,1.0,0.9666666666666667,0.7435897435897436,0.0,0.0012956038155811412,39,10,10,29,0,1
B,2,5602,enet,2.0,0.5,2468.257413240526,-1.147503334653646,1.6011652946472168,1.0,0.9333333333333333,0.7368421052631579,0.0,0.0012150770277072449,38,10,10,28,0,2
B,2,5602,enet,5.0,0.5,2461.7665510085826,-1.1460429684559126,1.624540090560913,1.0,0.9333333333333333,0.7368421052631579,0.0,0.0010020926622123776,38,10,10,28,0,2
B,2,5602,enet,10.0,0.5,2442.3786793635177,-1.144503941986993,1.5963530540466309,1.0,0.8,0.7058823529411765,0.0,0.0007480431869335963,34,10,10,24,0,6
B,2,5602,enet,20.0,0.5,2412.016347991801,-1.143240938932401,2.112525701522827,1.0,0.6666666666666667,0.6666666666666666,0.0,0.0004837220162359955,30,10,10,20,0,10
B,2,5602,enet,50.0,0.5,2391.668822688261,-1.1491457227083057,1.938394546508789,1.0,0.4666666666666667,0.5833333333333334,0.0,0.001227150063165927,24,10,10,14,0,16
B,2,5602,enet,100.0,0.5,2398.98634504521,-1.1753176849788571,1.818267822265625,0.9,0.3,0.5,0.1,0.006077777065709064,18,10,9,9,1,21
B,2,5602,enet,200.0,0.5,2376.560525897646,-1.1876866897159235,2.1593360900878906,0.6,0.16666666666666666,0.45454545454545453,0.4,0.008153225982254266,11,10,6,5,4,25
B,4,5604,none,0.0,,5121.1217536503245,-2.4632519060091354,7.288660287857056,1.0,1.0,0.75,0.0,0.004069560490558532,40,10,10,30,0,0
B,4,5604,lasso,1.0,,5114.396992992177,-2.461675736296275,7.68575119972229,1.0,0.9666666666666667,0.7435897435897436,0.0,0.00371888637268496,39,10,10,29,0,1
B,4,5604,lasso,2.0,,5107.897243010161,-2.460114129497457,6.802318096160889,1.0,0.9333333333333333,0.7368421052631579,0.0,0.003403635567017918,38,10,10,28,0,2
B,4,5604,lasso,5.0,,5081.688452763573,-2.4582915794659357,6.391740560531616,1.0,0.8,0.7058823529411765,0.0,0.0031019879845455246,34,10,10,24,0,6
B,4,5604,lasso,10.0,,5078.308950396059,-2.4549187741083798,5.801371812820435,1.0,0.7666666666666666,0.696969696969697,0.0,0.002420411702962748,33,10,10,23,0,7
B,4,5604,lasso,20.0,,5046.504340918369,-2.448939248985978,5.626915693283081,1.0,0.5666666666666667,0.6296296296296297,0.0,0.0019811205305252863,27,10,10,17,0,13
B,4,5604,lasso,50.0,,5037.3312845107575,-2.456676613252813,5.269708871841431,1.0,0.33333333333333337,0.5,0.0,0.0038310370192361455,20,10,10,10,0,20
B,4,5604,lasso,100.0,,5109.316858287738,-2.4983993148665653,4.244790315628052,1.0,0.1,0.23076923076923078,0.0,0.012811001518432015,13,10,10,3,0,27
B,4,5604,lasso,200.0,,5260.790044592808,-2.5700802733866577,4.266237020492554,0.7,0.0,0.0,0.3,0.0247919338015728,7,10,7,0,3,30
B,4,5604,enet,1.0,0.5,5121.318849093009,-2.461827728748569,7.2293736934661865,1.0,0.9666666666666667,0.7435897435897436,0.0,0.0037829513809894107,39,10,10,29,0,1
B,4,5604,enet,2.0,0.5,5114.418777126662,-2.461659314298497,7.604139089584351,1.0,0.9666666666666667,0.7435897435897436,0.0,0.0037227122923095685,39,10,10,29,0,1
B,4,5604,enet,5.0,0.5,5101.247167056396,-2.4609362502268186,6.5837578773498535,1.0,0.9,0.7297297297297297,0.0,0.003596405928214571,37,10,10,27,0,3
B,4,5604,enet,10.0,0.5,5082.139463476801,-2.4581654765480008,6.239372730255127,1.0,0.7666666666666666,0.696969696969697,0.0,0.0030225004757557217,33,10,10,23,0,7
B,4,5604,enet,20.0,0.5,5080.142952803149,-2.4545319661614067,5.68131947517395,1.0,0.7666666666666666,0.696969696969697,0.0,0.002419120588806996,33,10,10,23,0,7
B,4,5604,enet,50.0,0.5,5043.710018257703,-2.451714351760823,5.1878557205200195,1.0,0.5,0.6,0.0,0.0027399838609956035,25,10,10,15,0,15
B,4,5604,enet,100.0,0.5,5057.497205149748,-2.4651281192665833,5.812668323516846,1.0,0.33333333333333337,0.5,0.0,0.005922098136757911,20,10,10,10,0,20
B,4,5604,enet,200.0,0.5,5146.762228318627,-2.514943790415311,5.477285146713257,0.9,0.1,0.25,0.1,0.016148916060536127,12,10,9,3,1,27
B,1,5701,none,0.0,,3992.3407584241104,-1.9118515832254188,1.2756171226501465,1.0,1.0,0.75,0.0,0.0035908906463999004,40,10,10,30,0,0
B,1,5701,lasso,1.0,,3971.7502732600497,-1.910172454725124,1.236868143081665,1.0,0.9,0.7297297297297297,0.0,0.003165927209620398,37,10,10,27,0,3
B,1,5701,lasso,2.0,,3965.3047382792565,-1.9087308613119562,1.1992683410644531,1.0,0.8666666666666667,0.7222222222222222,0.0,0.0028381005125057675,36,10,10,26,0,4
B,1,5701,lasso,5.0,,3939.998356187232,-1.9058630515378068,1.1609337329864502,1.0,0.7333333333333334,0.6875,0.0,0.0020602551315115148,32,10,10,22,0,8
B,1,5701,lasso,10.0,,3905.7391109433656,-1.9030969684682744,1.0991430282592773,1.0,0.5333333333333333,0.6153846153846154,0.0,0.0013943281557765163,26,10,10,16,0,14
B,1,5701,lasso,20.0,,3856.5884116282878,-1.9015370479856497,1.0812675952911377,1.0,0.19999999999999998,0.375,0.0,0.001383138966387023,16,10,10,6,0,24
B,1,5701,lasso,50.0,,4184.416219677704,-2.068259926374904,0.8455855846405029,0.6,0.0,0.0,0.4,0.11325119399469719,6,10,6,0,4,30
B,1,5701,lasso,100.0,,4354.033387931745,-2.171041715453368,0.27002620697021484,0.2,0.0,0.0,0.8,0.1667522668490079,2,10,2,0,8,30
B,1,5701,lasso,200.0,,4354.047141182683,-2.1709658555594538,0.2730722427368164,0.2,0.0,0.0,0.8,0.1665775315053856,2,10,2,0,8,30
B,1,5701,enet,1.0,0.5,3985.630039325029,-1.9108872619302657,1.2341861724853516,1.0,0.9666666666666667,0.7435897435897436,0.0,0.003355271189748874,39,10,10,29,0,1
B,1,5701,enet,2.0,0.5,3971.893326052174,-1.9100456819646214,1.2268016338348389,1.0,0.9,0.7297297297297297,0.0,0.003098341412944637,37,10,10,27,0,3
B,1,5701,enet,5.0,0.5,3966.2190952537494,-1.908010282172758,1.2071502208709717,1.0,0.8666666666666667,0.7222222222222222,0.0,0.002570531275347178,36,10,10,26,0,4
B,1,5701,enet,10.0,0.5,3942.5759160417615,-1.905981803265354,1.1902148723602295,1.0,0.7333333333333334,0.6875,0.0,0.0020072105783516783,32,10,10,22,0,8
B,1,5701,enet,20.0,0.5,3915.218608835801,-1.9046380198816486,1.1522266864776611,1.0,0.5333333333333333,0.6153846153846154,0.0,0.0019206986879851638,26,10,10,16,0,14
B,1,5701,enet,50.0,0.5,3992.1864513392748,-1.947651129930708,1.0520868301391602,1.0,0.16666666666666669,0.3333333333333333,0.0,0.02622603776971835,15,10,10,5,0,25
B,1,5701,enet,100.0,0.5,4274.0366338427,-2.1158559686707274,1.0411972999572754,0.6,0.0,0.0,0.4,0.14086079475986998,6,10,6,0,4,30
B,1,5701,enet,200.0,0.5,4354.173350287844,-2.171220171025595,0.32257580757141113,0.2,0.0,0.0,0.8,0.16725661383208468,2,10,2,0,8,30
B,2,5702,none,0.0,,2614.5018376868425,-1.1360078074721132,1.2146472930908203,1.0,1.0,0.75,0.0,0.009139847321118902,40,10,10,30,0,0
B,2,5702,lasso,1.0,,2614.563945082238,-1.1354586618139328,1.205519676208496,1.0,1.0,0.75,0.0,0.009085958913905165,40,10,10,30,0,0
B,2,5702,lasso,2.0,,2614.741021215454,-1.1347840169359282,1.2452185153961182,1.0,1.0,0.75,0.0,0.009047956372994406,40,10,10,30,0,0
B,2,5702,lasso,5.0,,2595.07819489939,-1.1334917318364441,1.2989192008972168,1.0,0.9,0.7297297297297297,0.0,0.008982629581142649,37,10,10,27,0,3
B,2,5702,lasso,10.0,,2591.556358494198,-1.13188755150411,1.3138964176177979,1.0,0.8666666666666667,0.7222222222222222,0.0,0.009016697230150713,36,10,10,26,0,4
B,2,5702,lasso,20.0,,2568.397588306022,-1.1320645490602272,1.3016467094421387,1.0,0.7,0.6774193548387096,0.0,0.00977573202861965,31,10,10,21,0,9
B,2,5702,lasso,50.0,,2515.1624932092677,-1.1494814851901987,1.2315502166748047,0.9,0.2,0.4,0.1,0.017052577380839262,15,10,9,6,1,24
B,2,5702,lasso,100.0,,2487.069051147666,-1.149608072506689,1.3116183280944824,0.6,0.1,0.3333333333333333,0.4,0.018145848872354504,9,10,6,3,4,27
B,2,5702,lasso,200.0,,2500.5223408954553,-1.1522181465573764,1.387596607208252,0.6,0.06666666666666667,0.25,0.4,0.018235767857411413,8,10,6,2,4,28
B,2,5702,enet,1.0,0.5,2614.5245435934485,-1.1356683289258842,1.2168240547180176,1.0,1.0,0.75,0.0,0.009108955341380532,40,10,10,30,0,0
B,2,5702,enet,2.0,0.5,2614.5817279356115,-1.135295555376421,1.236144781112671,1.0,1.0,0.75,0.0,0.00908620489002307,40,10,10,30,0,0
B,2,5702,enet,5.0,0.5,2614.9384843417993,-1.1343703574863426,1.257688045501709,1.0,0.9666666666666667,0.7435897435897436,0.0,0.009037207536089616,39,10,10,29,0,1
B,2,5702,enet,10.0,0.5,2595.333493189535,-1.1333077001539655,1.2868757247924805,1.0,0.9,0.7297297297297297,0.0,0.009005730879946803,37,10,10,27,0,3
B,2,5702,enet,20.0,0.5,2592.4629218853606,-1.1318517587899082,1.3054320812225342,1.0,0.8666666666666667,0.7222222222222222,0.0,0.009123074407667082,36,10,10,26,0,4
B,2,5702,enet,50.0,0.5,2551.9138861397523,-1.1347187979496676,1.349424123764038,1.0,0.5666666666666667,0.6296296296296297,0.0,0.010986929431823897,27,10,10,17,0,13
B,2,5702,enet,100.0,0.5,2516.363038291304,-1.149763896847743,1.2450199127197266,0.9,0.2,0.4,0.1,0.017189191385388516,15,10,9,6,1,24
B,2,5702,enet,200.0,0.5,2488.468491418424,-1.1499326465782438,1.269033670425415,0.6,0.1,0.3333333333333333,0.4,0.01815749674673032,9,10,6,3,4,27
B,4,5704,none,0.0,,5117.45128012004,-2.4636803021125426,7.4751222133636475,1.0,1.0,0.75,0.0,0.0050821451339764945,40,10,10,30,0,0
B,4,5704,lasso,1.0,,5110.934255953851,-2.460758889921564,9.374279022216797,1.0,0.9666666666666667,0.7435897435897436,0.0,0.0043425946903018825,39,10,10,29,0,1
B,4,5704,lasso,2.0,,5104.817404854846,-2.458443047135014,8.038495302200317,1.0,0.9333333333333333,0.7368421052631579,0.0,0.0037047410237625224,38,10,10,28,0,2
B,4,5704,lasso,5.0,,5073.785302326879,-2.4557884030014057,6.899305105209351,1.0,0.7666666666666666,0.696969696969697,0.0,0.002505123250518918,33,10,10,23,0,7
B,4,5704,lasso,10.0,,5068.544882505546,-2.4597387723399446,5.881639242172241,1.0,0.7,0.6774193548387096,0.0,0.0017900559066174853,31,10,10,21,0,9
B,4,5704,lasso,20.0,,5036.534839801116,-2.4737212316770667,5.660037994384766,1.0,0.4666666666666667,0.5833333333333334,0.0,0.0028970608952282014,24,10,10,14,0,16
B,4,5704,lasso,50.0,,5040.955249719712,-2.5207811987766244,4.864396095275879,0.9,0.23333333333333334,0.4375,0.1,0.010514162569628784,16,10,9,7,1,23
B,4,5704,lasso,100.0,,5115.329601499775,-2.5738799498945646,4.4611029624938965,0.7,0.13333333333333333,0.36363636363636365,0.3,0.02141982274830637,11,10,7,4,3,26
B,4,5704,lasso,200.0,,5151.2158672162595,-2.610060870291798,4.3581061363220215,0.6,0.0,0.0,0.4,0.024945525488996017,6,10,6,0,4,30
B,4,5704,enet,1.0,0.5,5117.714911392389,-2.461818980111787,7.176059007644653,1.0,1.0,0.75,0.0,0.004506119215780212,40,10,10,30,0,0
B,4,5704,enet,2.0,0.5,5111.1736944284385,-2.4601336338378,8.829288005828857,1.0,0.9666666666666667,0.7435897435897436,0.0,0.004092759666633522,39,10,10,29,0,1
B,4,5704,enet,5.0,0.5,5106.056860978535,-2.457047117857092,7.712151288986206,1.0,0.9333333333333333,0.7368421052631579,0.0,0.0030436585196647564,38,10,10,28,0,2
B,4,5704,enet,10.0,0.5,5089.503805338692,-2.45651276921296,6.737517833709717,1.0,0.8333333333333333,0.7142857142857143,0.0,0.00216606988447368,35,10,10,25,0,5
B,4,5704,enet,20.0,0.5,5067.111397801862,-2.4672878808023713,5.7731773853302,1.0,0.6666666666666666,0.6666666666666666,0.0,0.0022282995112188077,30,10,10,20,0,10
B,4,5704,enet,50.0,0.5,5055.9672433876785,-2.49014736494287,5.1210222244262695,1.0,0.4666666666666667,0.5833333333333334,0.0,0.005325206409714978,24,10,10,14,0,16
B,4,5704,enet,100.0,0.5,5059.516397200148,-2.53017280765431,4.819036245346069,0.9,0.23333333333333334,0.4375,0.1,0.012528550670232723,16,10,9,7,1,23
B,4,5704,enet,200.0,0.5,5151.7756238234515,-2.5998902406982825,4.791315317153931,0.6,0.13333333333333333,0.4,0.4,0.02439912941598185,10,10,6,4,4,26
B,1,5801,none,0.0,,3994.302814898955,-1.9217401225372228,0.7338519096374512,1.0,1.0,0.75,0.0,0.0038887627188040263,40,10,10,30,0,0
B,1,5801,lasso,1.0,,3987.5177965144676,-1.9191127329607252,0.7503728866577148,1.0,0.9666666666666667,0.7435897435897436,0.0,0.0034497787324661517,39,10,10,29,0,1
B,1,5801,lasso,2.0,,3987.9880741471356,-1.9166348741934702,0.7452363967895508,1.0,0.9666666666666667,0.7435897435897436,0.0,0.0030570240926637384,39,10,10,29,0,1
B,1,5801,lasso,5.0,,3935.4954402017215,-1.9102673437938413,0.7216269969940186,1.0,0.7,0.6774193548387096,0.0,0.0022029936697551683,31,10,10,21,0,9
B,1,5801,lasso,10.0,,3916.230803989978,-1.9028631951557429,0.8000595569610596,1.0,0.5666666666666667,0.6296296296296297,0.0,0.0014730358813258555,27,10,10,17,0,13
B,1,5801,lasso,20.0,,3886.912013039567,-1.898294068496493,0.7686195373535156,1.0,0.3,0.47368421052631576,0.0,0.0019375298045576112,19,10,10,9,0,21
B,1,5801,lasso,50.0,,4223.314928794992,-2.0867445662837114,0.6821284294128418,0.6,0.0,0.0,0.4,0.11639183222718699,6,10,6,0,4,30
B,1,5801,lasso,100.0,,4362.4936691413195,-2.1517053914376256,0.3659021854400635,0.30000000000000004,0.0,0.0,0.7,0.1556911128697066,3,10,3,0,7,30
B,1,5801,lasso,200.0,,4388.64286045791,-2.164777807713266,0.38869738578796387,0.2,0.0,0.0,0.8,0.16450129404938696,2,10,2,0,8,30
B,1,5801,enet,1.0,0.5,3987.439551604287,-1.9201000997200481,0.7211852073669434,1.0,0.9666666666666667,0.7435897435897436,0.0,0.003606002387087342,39,10,10,29,0,1
B,1,5801,enet,2.0,0.5,3987.6324609024387,-1.9185361865362625,0.7477309703826904,1.0,0.9666666666666667,0.7435897435897436,0.0,0.0033466885217743074,39,10,10,29,0,1
B,1,5801,enet,5.0,0.5,3975.2677247069932,-1.9143124500638855,0.8229045867919922,1.0,0.9,0.7297297297297297,0.0,0.00270042587890051,37,10,10,27,0,3
B,1,5801,enet,10.0,0.5,3945.253346788452,-1.9088711365070785,0.7695696353912354,1.0,0.7333333333333333,0.6875,0.0,0.002089121834156156,32,10,10,22,0,8
B,1,5801,enet,20.0,0.5,3927.8033926179914,-1.9031396159607126,0.8839685916900635,1.0,0.5666666666666667,0.6296296296296297,0.0,0.002091111279517379,27,10,10,17,0,13
B,1,5801,enet,50.0,0.5,3964.5800110460004,-1.9382572026817986,0.7237803936004639,1.0,0.13333333333333333,0.2857142857142857,0.0,0.017980940285283225,14,10,10,4,0,26
B,1,5801,enet,100.0,0.5,4285.1802582535465,-2.118958538140784,0.7971608638763428,0.4,0.0,0.0,0.6,0.13671317824004214,4,10,4,0,6,30
B,1,5801,enet,200.0,0.5,4386.754358205387,-2.161061031726693,0.5103883743286133,0.30000000000000004,0.0,0.0,0.7,0.1619139979174724,3,10,3,0,7,30
B,2,5802,none,0.0,,2421.0601108809838,-1.2155775183743076,1.3948390483856201,1.0,1.0,0.75,0.0,0.009366237507160419,40,10,10,30,0,0
B,2,5802,lasso,1.0,,2421.1255077412297,-1.2138059627239697,1.446218729019165,1.0,1.0,0.75,0.0,0.009167277510279438,40,10,10,30,0,0
B,2,5802,lasso,2.0,,2414.4007637320574,-1.2121530081487808,1.5301845073699951,1.0,0.9666666666666667,0.7435897435897436,0.0,0.00899214275437661,39,10,10,29,0,1
B,2,5802,lasso,5.0,,2415.626393988219,-1.2076980610169443,1.5838420391082764,1.0,0.9666666666666667,0.7435897435897436,0.0,0.008553868851263071,39,10,10,29,0,1
B,2,5802,lasso,10.0,,2420.0650579366093,-1.2018632006659296,1.5746700763702393,1.0,0.9666666666666667,0.7435897435897436,0.0,0.008073071758024198,39,10,10,29,0,1
B,2,5802,lasso,20.0,,2401.044121407065,-1.1956942385073972,1.4941093921661377,1.0,0.8,0.7058823529411765,0.0,0.008083215562926193,34,10,10,24,0,6
B,2,5802,lasso,50.0,,2369.870503998514,-1.1998936840985726,1.4025933742523193,0.9,0.43333333333333335,0.5909090909090909,0.1,0.0112690596844118,22,10,9,13,1,17
B,2,5802,lasso,100.0,,2403.5366844590017,-1.2274465767201819,1.4410645961761475,0.7,0.3,0.5625,0.3,0.018818205623693803,16,10,7,9,3,21
B,2,5802,lasso,200.0,,2388.1868785858114,-1.232155523309892,1.6426200866699219,0.6,0.1,0.3333333333333333,0.4,0.019814902186564013,9,10,6,3,4,27
B,2,5802,enet,1.0,0.5,2421.082318814767,-1.2146303527065316,1.3898963928222656,1.0,1.0,0.75,0.0,0.00925428865871116,40,10,10,30,0,0
B,2,5802,enet,2.0,0.5,2421.1435356642487,-1.213713747019729,1.4352972507476807,1.0,1.0,0.75,0.0,0.00914982402125038,40,10,10,30,0,0
B,2,5802,enet,5.0,0.5,2414.6333747659273,-1.21117209749266,1.4787983894348145,1.0,0.9666666666666667,0.7435897435897436,0.0,0.008873808918469662,39,10,10,29,0,1
B,2,5802,enet,10.0,0.5,2415.992271030439,-1.2075027439700639,1.6631135940551758,1.0,0.9666666666666667,0.7435897435897436,0.0,0.008508258057262724,39,10,10,29,0,1
B,2,5802,enet,20.0,0.5,2421.3090135416,-1.201986425170937,1.5725126266479492,1.0,0.9666666666666667,0.7435897435897436,0.0,0.008077611843597019,39,10,10,29,0,1
B,2,5802,enet,50.0,0.5,2394.1991391684287,-1.197559139496883,1.5658934116363525,1.0,0.7,0.6774193548387096,0.0,0.008898178743131034,31,10,10,21,0,9
B,2,5802,enet,100.0,0.5,2378.476090169211,-1.2035588483274964,1.3659999370574951,0.9,0.43333333333333335,0.5909090909090909,0.1,0.012099485000522606,22,10,9,13,1,17
B,2,5802,enet,200.0,0.5,2406.584561544846,-1.228653887915325,1.4444565773010254,0.7,0.3,0.5625,0.3,0.019040200574001468,16,10,7,9,3,21
B,4,5804,none,0.0,,5052.295618838514,-2.524213401638121,6.234641075134277,1.0,1.0,0.75,0.0,0.014415706623067216,40,10,10,30,0,0
B,4,5804,lasso,1.0,,5045.798678898335,-2.5208330101274123,6.105776309967041,1.0,0.9666666666666667,0.7435897435897436,0.0,0.01316499126436141,39,10,10,29,0,1
B,4,5804,lasso,2.0,,5046.9877533572035,-2.514503829735733,5.837018013000488,1.0,0.9666666666666667,0.7435897435897436,0.0,0.011726726027362208,39,10,10,29,0,1
B,4,5804,lasso,5.0,,5026.113521627069,-2.482904372588806,5.554627180099487,1.0,0.8666666666666667,0.7222222222222222,0.0,0.005761734442175806,36,10,10,26,0,4
B,4,5804,lasso,10.0,,5005.167668615722,-2.4805016371326527,5.037307977676392,1.0,0.7333333333333334,0.6875,0.0,0.005809028070265742,32,10,10,22,0,8
B,4,5804,lasso,20.0,,4957.993596658914,-2.4894195859841792,4.76558256149292,1.0,0.4,0.5454545454545454,0.0,0.007168408640066531,22,10,10,12,0,18
B,4,5804,lasso,50.0,,4965.323344628531,-2.5680717914248135,4.281816720962524,0.8,0.16666666666666666,0.38461538461538464,0.2,0.018354446897697444,13,10,8,5,2,25
B,4,5804,lasso,100.0,,4976.143076676445,-2.6387929885177095,4.746885061264038,0.6,0.03333333333333333,0.14285714285714285,0.4,0.024153707601209752,7,10,6,1,4,29
B,4,5804,lasso,200.0,,5011.630097014103,-2.6671612459606786,3.9619271755218506,0.6,0.0,0.0,0.4,0.02522223701892376,6,10,6,0,4,30
B,4,5804,enet,1.0,0.5,5052.504227688878,-2.522484451805444,6.209900856018066,1.0,1.0,0.75,0.0,0.013665760167082198,40,10,10,30,0,0
B,4,5804,enet,2.0,0.5,5045.918335106052,-2.5203246095732377,6.038813352584839,1.0,0.9666666666666667,0.7435897435897436,0.0,0.01298788455499078,39,10,10,29,0,1
B,4,5804,enet,5.0,0.5,5052.881498997724,-2.474831657302099,5.637281894683838,1.0,1.0,0.75,0.0,0.004797158154251169,40,10,10,30,0,0
B,4,5804,enet,10.0,0.5,5026.990915456771,-2.483648627736814,5.461407899856567,1.0,0.8666666666666667,0.7222222222222222,0.0,0.00585088044506133,36,10,10,26,0,4
B,4,5804,enet,20.0,0.5,5007.417161050727,-2.4836681301472954,5.010728120803833,1.0,0.7333333333333334,0.6875,0.0,0.006273133859407591,32,10,10,22,0,8
B,4,5804,enet,50.0,0.5,4953.988546279887,-2.5042717019492304,4.539069414138794,1.0,0.33333333333333337,0.5,0.0,0.010189001195359083,20,10,10,10,0,20
B,4,5804,enet,100.0,0.5,4979.797961285616,-2.586212937302646,4.13440465927124,0.8,0.16666666666666666,0.38461538461538464,0.2,0.019772500577888086,13,10,8,5,2,25
B,4,5804,enet,200.0,0.5,4986.890055360965,-2.64980670190969,4.452361345291138,0.6,0.03333333333333333,0.14285714285714285,0.4,0.024533846102662956,7,10,6,1,4,29
B,1,5901,none,0.0,,4085.4281088581756,-1.963344268133009,0.669898271560669,1.0,1.0,0.75,0.0,0.0056385756835465525,40,10,10,30,0,0
B,1,5901,lasso,1.0,,4078.6789439450213,-1.9615899806807189,0.6649000644683838,1.0,0.9666666666666667,0.7435897435897436,0.0,0.005191266198833568,39,10,10,29,0,1
B,1,5901,lasso,2.0,,4072.303275505038,-1.9599409355012194,0.6849472522735596,1.0,0.9333333333333333,0.7368421052631579,0.0,0.004818605191813503,38,10,10,28,0,2
B,1,5901,lasso,5.0,,4048.2945769047997,-1.9562066029140788,0.7007701396942139,1.0,0.8,0.7058823529411765,0.0,0.004091786719141174,34,10,10,24,0,6
B,1,5901,lasso,10.0,,3996.1857877301704,-1.953675428834948,0.6754255294799805,1.0,0.5,0.6,0.0,0.004200741825607309,25,10,10,15,0,15
B,1,5901,lasso,20.0,,3970.2864875551622,-1.964556824295451,0.7608065605163574,1.0,0.23333333333333334,0.4117647058823529,0.0,0.008384990794249304,17,10,10,7,0,23
B,1,5901,lasso,50.0,,4268.839418431299,-2.1559158293707608,0.4016385078430176,0.4,0.0,0.0,0.6,0.13597081576158385,4,10,4,0,6,30
B,1,5901,lasso,100.0,,4348.857656480793,-2.1991622453162436,0.24437594413757324,0.30000000000000004,0.0,0.0,0.7,0.1616985935652892,3,10,3,0,7,30
B,1,5901,lasso,200.0,,4349.422412552859,-2.202769897346454,0.3553638458251953,0.2,0.0,0.0,0.8,0.16353395598492204,2,10,2,0,8,30
B,1,5901,enet,1.0,0.5,4078.62146290941,-1.9626298240451425,0.6647398471832275,1.0,0.9666666666666667,0.7435897435897436,0.0,0.005443097902016967,39,10,10,29,0,1
B,1,5901,enet,2.0,0.5,4078.8708029705444,-1.9619454120862279,0.6842420101165771,1.0,0.9666666666666667,0.7435897435897436,0.0,0.0052754304223306915,39,10,10,29,0,1
B,1,5901,enet,5.0,0.5,4073.6044570113136,-1.960294082750683,0.6641104221343994,1.0,0.9333333333333333,0.7368421052631579,0.0,0.004943950717980964,38,10,10,28,0,2
B,1,5901,enet,10.0,0.5,4051.300530944927,-1.9590230982865546,0.722841739654541,1.0,0.8,0.7058823529411765,0.0,0.004900710592386533,34,10,10,24,0,6
B,1,5901,enet,20.0,0.5,4008.760876101379,-1.9624820835758712,0.7260520458221436,1.0,0.5,0.6,0.0,0.006928067278013044,25,10,10,15,0,15
B,1,5901,enet,50.0,0.5,4079.384075762928,-2.0246227488295565,0.9803199768066406,1.0,0.2,0.375,0.0,0.0402758049245969,16,10,10,6,0,24
B,1,5901,enet,100.0,0.5,4296.323062953696,-2.1707312868267854,1.0861988067626953,0.4,0.0,0.0,0.6,0.1447423475074867,4,10,4,0,6,30
B,1,5901,enet,200.0,0.5,4349.557751419469,-2.2029746227965985,0.4498100280761719,0.2,0.0,0.0,0.8,0.16379350797700154,2,10,2,0,8,30
B,2,5902,none,0.0,,2536.512618298035,-1.213480533508563,1.3826794624328613,1.0,1.0,0.75,0.0,0.0012273562559034544,40,10,10,30,0,0
B,2,5902,lasso,1.0,,2536.5558784679542,-1.2122938803878727,1.2994379997253418,1.0,1.0,0.75,0.0,0.0011493234946648207,40,10,10,30,0,0
B,2,5902,lasso,2.0,,2536.700851125872,-1.2111650564627126,1.2967298030853271,1.0,1.0,0.75,0.0,0.0010782142242864328,40,10,10,30,0,0
B,2,5902,lasso,5.0,,2523.8467698837785,-1.208068453146628,1.3526594638824463,1.0,0.9333333333333333,0.7368421052631579,0.0,0.0009165713216104464,38,10,10,28,0,2
B,2,5902,lasso,10.0,,2492.3810719326407,-1.2036668449453487,1.7473819255828857,1.0,0.7333333333333334,0.6875,0.0,0.0007529164268585827,32,10,10,22,0,8
B,2,5902,lasso,20.0,,2467.669926945503,-1.1993952574465916,1.5273284912109375,1.0,0.6,0.6428571428571429,0.0,0.0008149574513501588,28,10,10,18,0,12
B,2,5902,lasso,50.0,,2467.4046061954828,-1.207549147274887,1.652036428451538,1.0,0.4,0.5454545454545454,0.0,0.003705599438302933,22,10,10,12,0,18
B,2,5902,lasso,100.0,,2481.6446009295837,-1.2190962883161336,1.64011812210083,0.7,0.3,0.5625,0.3,0.007728808598249104,16,10,7,9,3,21
B,2,5902,lasso,200.0,,2469.5501781897933,-1.2150257445646118,2.2597689628601074,0.6,0.13333333333333333,0.4,0.4,0.008089415346581592,10,10,6,4,4,26
B,2,5902,enet,1.0,0.5,2536.5250940815595,-1.2128517862165966,1.3536467552185059,1.0,1.0,0.75,0.0,0.001185129619939896,40,10,10,30,0,0
B,2,5902,enet,2.0,0.5,2536.5734601264066,-1.212206642066444,1.3451964855194092,1.0,1.0,0.75,0.0,0.001144058901429916,40,10,10,30,0,0
B,2,5902,enet,5.0,0.5,2536.877978579142,-1.210491217011066,1.277052402496338,1.0,0.9666666666666667,0.7435897435897436,0.0,0.0010381515121760953,39,10,10,29,0,1
B,2,5902,enet,10.0,0.5,2524.0897745941948,-1.2077460178470698,1.3529329299926758,1.0,0.9333333333333333,0.7368421052631579,0.0,0.0009125094419181516,38,10,10,28,0,2
B,2,5902,enet,20.0,0.5,2493.229053891789,-1.2037548019113786,1.5701277256011963,1.0,0.7666666666666666,0.696969696969697,0.0,0.0007810618874890958,33,10,10,23,0,7
B,2,5902,enet,50.0,0.5,2456.272302771484,-1.2003042483414588,1.5227775573730469,1.0,0.5,0.6,0.0,0.0012905072774332287,25,10,10,15,0,15
B,2,5902,enet,100.0,0.5,2475.8318524304837,-1.210512710695985,1.633530616760254,1.0,0.4,0.5454545454545454,0.0,0.004372968174997576,22,10,10,12,0,18
B,2,5902,enet,200.0,0.5,2483.993154571308,-1.2195118656741515,1.6972310543060303,0.7,0.3,0.5625,0.3,0.007809728193443186,16,10,7,9,3,21
B,4,5904,none,0.0,,5168.79098269299,-2.4613018067047054,4.689654588699341,1.0,1.0,0.75,0.0,0.0031771764361997533,40,10,10,30,0,0
B,4,5904,lasso,1.0,,5147.798384313756,-2.4609533535302828,4.621816158294678,1.0,0.9,0.7297297297297297,0.0,0.0028385968450674896,37,10,10,27,0,3
B,4,5904,lasso,2.0,,5154.803150443377,-2.46093333239671,4.460045099258423,1.0,0.9333333333333333,0.7368421052631579,0.0,0.002708579413654273,38,10,10,28,0,2
B,4,5904,lasso,5.0,,5128.253365651302,-2.459975238435221,4.159066915512085,1.0,0.7666666666666666,0.696969696969697,0.0,0.0025678317285618077,33,10,10,23,0,7
B,4,5904,lasso,10.0,,5097.7899850461845,-2.459595056187698,4.292179822921753,1.0,0.6333333333333333,0.6551724137931034,0.0,0.0027998171820676748,29,10,10,19,0,11
B,4,5904,lasso,20.0,,5073.901141213096,-2.462439382237327,4.099598169326782,1.0,0.4666666666666667,0.5833333333333334,0.0,0.0044008733244996715,24,10,10,14,0,16
B,4,5904,lasso,50.0,,5104.25305487696,-2.5037474213408113,3.4230260848999023,1.0,0.3,0.47368421052631576,0.0,0.014137516154138665,19,10,10,9,0,21
B,4,5904,lasso,100.0,,5147.471569969571,-2.58552324196643,5.224935531616211,0.6,0.23333333333333334,0.5384615384615384,0.4,0.026310000381097088,13,10,6,7,4,23
B,4,5904,lasso,200.0,,5146.697169550634,-2.5811395083339823,4.412233352661133,0.6,0.03333333333333333,0.14285714285714285,0.4,0.025984777481561645,7,10,6,1,4,29
B,4,5904,enet,1.0,0.5,5161.806279097649,-2.4614246844514436,4.63807225227356,1.0,0.9666666666666667,0.7435897435897436,0.0,0.0030956708067237794,39,10,10,29,0,1
B,4,5904,enet,2.0,0.5,5154.703024794392,-2.46104624846346,4.60486102104187,1.0,0.9333333333333333,0.7368421052631579,0.0,0.002829239398701207,38,10,10,28,0,2
B,4,5904,enet,5.0,0.5,5148.179383524244,-2.461454960492771,4.398416042327881,1.0,0.9,0.7297297297297297,0.0,0.0028056429120911766,37,10,10,27,0,3
B,4,5904,enet,10.0,0.5,5121.896961530088,-2.4609173498004537,4.182588815689087,1.0,0.7666666666666666,0.696969696969697,0.0,0.0027784971253354183,33,10,10,23,0,7
B,4,5904,enet,20.0,0.5,5099.642421204125,-2.4618440025934234,4.246124505996704,1.0,0.6333333333333333,0.6551724137931034,0.0,0.0033885164684884133,29,10,10,19,0,11
B,4,5904,enet,50.0,0.5,5082.9853971808625,-2.471451003356243,3.726020097732544,1.0,0.43333333333333335,0.5652173913043478,0.0,0.007599953632186978,23,10,10,13,0,17
B,4,5904,enet,100.0,0.5,5123.507547704828,-2.5183124982448315,3.2961418628692627,1.0,0.3,0.47368421052631576,0.0,0.016699992321922943,19,10,10,9,0,21
B,4,5904,enet,200.0,0.5,5162.537817265278,-2.585182925455112,5.199524879455566,0.6,0.23333333333333334,0.5384615384615384,0.4,0.02628763312819868,13,10,6,7,4,23
B,1,6001,none,0.0,,4015.4940587965934,-1.9390522590780959,0.7876346111297607,1.0,1.0,0.75,0.0,0.00359785797354928,40,10,10,30,0,0
B,1,6001,lasso,1.0,,4001.8087325923525,-1.9373413000229693,0.7919266223907471,1.0,0.9333333333333333,0.7368421052631579,0.0,0.0032792671011825274,38,10,10,28,0,2
B,1,6001,lasso,2.0,,4002.238581194786,-1.935704084756578,0.7828412055969238,1.0,0.9333333333333333,0.7368421052631579,0.0,0.0029954156236432295,38,10,10,28,0,2
B,1,6001,lasso,5.0,,3977.4404967087116,-1.9317224606438017,0.8296804428100586,1.0,0.8,0.7058823529411765,0.0,0.0024023725757366947,34,10,10,24,0,6
B,1,6001,lasso,10.0,,3930.0701247585666,-1.9282157711794838,0.8667571544647217,1.0,0.5333333333333333,0.6153846153846154,0.0,0.0020316937313736095,26,10,10,16,0,14
B,1,6001,lasso,20.0,,3897.0212398955337,-1.9286993824341316,0.9507501125335693,1.0,0.26666666666666666,0.4444444444444444,0.0,0.002759574762816614,18,10,10,8,0,22
B,1,6001,lasso,50.0,,4245.114987045572,-2.096759191681915,0.6627645492553711,0.5,0.0,0.0,0.5,0.1244108844882181,5,10,5,0,5,30
B,1,6001,lasso,100.0,,4350.4109656160335,-2.1631093189428476,0.900465726852417,0.2,0.0,0.0,0.8,0.16193146135403846,2,10,2,0,8,30
B,1,6001,lasso,200.0,,4350.23641204433,-2.1631007872818,0.6846160888671875,0.2,0.0,0.0,0.8,0.16211504325297155,2,10,2,0,8,30
B,1,6001,enet,1.0,0.5,4008.668155829254,-1.9381929784086593,0.789644718170166,1.0,0.9666666666666667,0.7435897435897436,0.0,0.0034346595583639216,39,10,10,29,0,1
B,1,6001,enet,2.0,0.5,4001.9588010944435,-1.9373727904736415,0.789675235748291,1.0,0.9333333333333333,0.7368421052631579,0.0,0.0032862986769690086,38,10,10,28,0,2
B,1,6001,enet,5.0,0.5,4003.2995415543946,-1.935107154651908,0.8051273822784424,1.0,0.9333333333333333,0.7368421052631579,0.0,0.0029270791980675484,38,10,10,28,0,2
B,1,6001,enet,10.0,0.5,3987.0639395305216,-1.9324466365334563,0.8517279624938965,1.0,0.8333333333333334,0.7142857142857143,0.0,0.002656875289729298,35,10,10,25,0,5
B,1,6001,enet,20.0,0.5,3933.622899076747,-1.9315121293043804,1.0485444068908691,1.0,0.5,0.6,0.0,0.003233937797258917,25,10,10,15,0,15
B,1,6001,enet,50.0,0.5,4003.856322984973,-1.9700040237974488,1.0032243728637695,1.0,0.19999999999999998,0.375,0.0,0.024725709162087592,16,10,10,6,0,24
B,1,6001,enet,100.0,0.5,4279.050396323377,-2.11772230219854,0.6620831489562988,0.4,0.0,0.0,0.6,0.13640886652143047,4,10,4,0,6,30
B,1,6001,enet,200.0,0.5,4350.3148624829,-2.1631053404969296,0.7497389316558838,0.2,0.0,0.0,0.8,0.1620178440340891,2,10,2,0,8,30
B,2,6002,none,0.0,,2477.7141969256027,-1.2125049644096761,1.0459859371185303,1.0,1.0,0.75,0.0,0.006666131605907974,40,10,10,30,0,0
B,2,6002,lasso,1.0,,2477.7759531986103,-1.2116099045420488,1.138732671737671,1.0,1.0,0.75,0.0,0.00660316736738063,40,10,10,30,0,0
B,2,6002,lasso,2.0,,2471.0282283808983,-1.2107080482448418,1.1898107528686523,1.0,0.9333333333333333,0.7368421052631579,0.0,0.006552306338296147,38,10,10,28,0,2
B,2,6002,lasso,5.0,,2444.2341217944713,-1.208465873471101,1.1935539245605469,1.0,0.8333333333333333,0.7142857142857143,0.0,0.00640831894922154,35,10,10,25,0,5
B,2,6002,lasso,10.0,,2425.6940421780523,-1.2054709422330938,1.177750587463379,1.0,0.7333333333333334,0.6875,0.0,0.0062817019221353835,32,10,10,22,0,8
B,2,6002,lasso,20.0,,2425.686753180369,-1.201174672636094,1.3057825565338135,1.0,0.7,0.6774193548387096,0.0,0.006283748343378409,31,10,10,21,0,9
B,2,6002,lasso,50.0,,2409.3801983557105,-1.1985877449335554,1.5199270248413086,1.0,0.43333333333333335,0.5652173913043478,0.0,0.008608325748115044,23,10,10,13,0,17
B,2,6002,lasso,100.0,,2419.369474670079,-1.2045048831066703,1.5123445987701416,0.8,0.2,0.42857142857142855,0.2,0.014451883713577652,14,10,8,6,2,24
B,2,6002,lasso,200.0,,2429.2191571173526,-1.21606746267059,1.3447649478912354,0.6,0.03333333333333333,0.14285714285714285,0.4,0.018702705435167624,7,10,6,1,4,29
B,2,6002,enet,1.0,0.5,2477.734816033374,-1.2120061957799373,1.112771987915039,1.0,1.0,0.75,0.0,0.006631039070123819,40,10,10,30,0,0
B,2,6002,enet,2.0,0.5,2477.7875560322464,-1.2115248149721387,1.1558098793029785,1.0,1.0,0.75,0.0,0.006599132039615384,40,10,10,30,0,0
B,2,6002,enet,5.0,0.5,2457.383193246309,-1.2101110173972303,1.1446948051452637,1.0,0.9,0.7297297297297297,0.0,0.0065091506717306095,37,10,10,27,0,3
B,2,6002,enet,10.0,0.5,2437.534667418329,-1.2081443878699534,1.176912784576416,1.0,0.8,0.7058823529411765,0.0,0.006406824526482735,34,10,10,24,0,6
B,2,6002,enet,20.0,0.5,2426.418587516437,-1.2048705583058723,1.2046306133270264,1.0,0.7333333333333334,0.6875,0.0,0.006312688076305236,32,10,10,22,0,8
B,2,6002,enet,50.0,0.5,2434.784610339674,-1.1988780485215251,1.5766088962554932,1.0,0.7,0.6774193548387096,0.0,0.006678580687919359,31,10,10,21,0,9
B,2,6002,enet,100.0,0.5,2419.923034404204,-1.1994113248666145,1.6850919723510742,1.0,0.43333333333333335,0.5652173913043478,0.0,0.009447426032693992,23,10,10,13,0,17
B,2,6002,enet,200.0,0.5,2429.7575804952494,-1.2061828731284603,1.5001823902130127,0.8,0.2,0.42857142857142855,0.2,0.01535849771090672,14,10,8,6,2,24
B,4,6004,none,0.0,,5188.7950237116875,-2.4350735496115195,6.42856764793396,1.0,1.0,0.75,0.0,0.002814394950227868,40,10,10,30,0,0
B,4,6004,lasso,1.0,,5188.690665617629,-2.433349556702518,6.048632621765137,1.0,1.0,0.75,0.0,0.002356266776356095,40,10,10,30,0,0
B,4,6004,lasso,2.0,,5188.822158546785,-2.4322574223450357,5.722719430923462,1.0,1.0,0.75,0.0,0.002075935848820805,40,10,10,30,0,0
B,4,6004,lasso,5.0,,5168.9270472086255,-2.4295210580855366,5.164515972137451,1.0,0.8666666666666667,0.7222222222222222,0.0,0.001441956673424648,36,10,10,26,0,4
B,4,6004,lasso,10.0,,5137.489476923715,-2.4272474673411275,4.850210428237915,1.0,0.7333333333333334,0.6875,0.0,0.0010626023971109595,32,10,10,22,0,8
B,4,6004,lasso,20.0,,5103.906896314035,-2.425215776388264,4.19474983215332,1.0,0.5333333333333333,0.6153846153846154,0.0,0.0009244331429363959,26,10,10,16,0,14
B,4,6004,lasso,50.0,,5057.7439281706975,-2.430754267871751,4.071084499359131,1.0,0.13333333333333333,0.2857142857142857,0.0,0.0031425482604396484,14,10,10,4,0,26
B,4,6004,lasso,100.0,,5149.2630559855015,-2.465570142677742,4.115288496017456,1.0,0.03333333333333333,0.09090909090909091,0.0,0.013050112567158573,11,10,10,1,0,29
B,4,6004,lasso,200.0,,5339.299951215448,-2.5504929541625905,2.4570608139038086,0.6,0.0,0.0,0.4,0.028699289948085974,6,10,6,0,4,30
B,4,6004,enet,1.0,0.5,5188.7248547062245,-2.4341624662383357,6.3393235206604,1.0,1.0,0.75,0.0,0.002530412739037428,40,10,10,30,0,0
B,4,6004,enet,2.0,0.5,5188.722376734022,-2.4333599051803048,5.9101855754852295,1.0,1.0,0.75,0.0,0.002291881393250761,40,10,10,30,0,0
B,4,6004,enet,5.0,0.5,5189.059879340469,-2.4316291051582466,5.545522928237915,1.0,1.0,0.75,0.0,0.0018074521750301473,40,10,10,30,0,0
B,4,6004,enet,10.0,0.5,5162.421078646634,-2.429436819415552,5.18232536315918,1.0,0.8666666666666667,0.7222222222222222,0.0,0.0013243730019554863,36,10,10,26,0,4
B,4,6004,enet,20.0,0.5,5138.737705535949,-2.427420610877959,5.017413854598999,1.0,0.7333333333333334,0.6875,0.0,0.0010379907115882084,32,10,10,22,0,8
B,4,6004,enet,50.0,0.5,5101.838440924201,-2.428058911703586,4.192989349365234,1.0,0.43333333333333335,0.5652173913043478,0.0,0.0018028537521239218,23,10,10,13,0,17
B,4,6004,enet,100.0,0.5,5093.860048357724,-2.4404261719041687,4.394036293029785,1.0,0.16666666666666669,0.3333333333333333,0.0,0.005600271859548287,15,10,10,5,0,25
B,4,6004,enet,200.0,0.5,5192.044298380789,-2.4809530954513828,5.216765403747559,1.0,0.03333333333333333,0.09090909090909091,0.0,0.016929988083831744,11,10,10,1,0,29
B,1,6101,none,0.0,,4088.4821790060723,-1.8856918125081688,0.6699395179748535,1.0,1.0,0.75,0.0,0.004178678887573193,40,10,10,30,0,0
B,1,6101,lasso,1.0,,4074.913063133232,-1.8844660560616109,0.6673622131347656,1.0,0.9333333333333333,0.7368421052631579,0.0,0.0036918958926539748,38,10,10,28,0,2
B,1,6101,lasso,2.0,,4068.6418803132556,-1.8833564735725685,0.6669063568115234,1.0,0.9,0.7297297297297297,0.0,0.003269345775826045,37,10,10,27,0,3
B,1,6101,lasso,5.0,,4051.8711820694284,-1.8813007184016965,0.6395814418792725,1.0,0.8,0.7058823529411765,0.0,0.0024976923433572195,34,10,10,24,0,6
B,1,6101,lasso,10.0,,4006.798855495208,-1.8817252945236136,0.7210729122161865,1.0,0.5333333333333333,0.6153846153846154,0.0,0.0025080290168079337,26,10,10,16,0,14
B,1,6101,lasso,20.0,,3952.210794672837,-1.8949129618284763,0.8207430839538574,1.0,0.13333333333333333,0.2857142857142857,0.0,0.005985684665435061,14,10,10,4,0,26
B,1,6101,lasso,50.0,,4191.3409404173835,-2.0718241245276925,0.8684914112091064,0.6,0.0,0.0,0.4,0.10836299078773642,6,10,6,0,4,30
B,1,6101,lasso,100.0,,4376.079054930924,-2.1718133624850267,0.7664699554443359,0.2,0.0,0.0,0.8,0.160999761270875,2,10,2,0,8,30
B,1,6101,lasso,200.0,,4376.284744454347,-2.171881054347182,0.8554379940032959,0.2,0.0,0.0,0.8,0.16121001752196046,2,10,2,0,8,30
B,1,6101,enet,1.0,0.5,4088.620689978321,-1.8852205155430402,0.6671319007873535,1.0,1.0,0.75,0.0,0.003927384261171243,40,10,10,30,0,0
B,1,6101,enet,2.0,0.5,4075.1091479730558,-1.8847750908951466,0.6673903465270996,1.0,0.9333333333333333,0.7368421052631579,0.0,0.0037080903561505715,38,10,10,28,0,2
B,1,6101,enet,5.0,0.5,4070.084161679048,-1.8840847011166761,0.6707363128662109,1.0,0.9,0.7297297297297297,0.0,0.003237235559316498,37,10,10,27,0,3
B,1,6101,enet,10.0,0.5,4055.4738874139553,-1.88484650586521,0.6812596321105957,1.0,0.8,0.7058823529411765,0.0,0.003123923524046831,34,10,10,24,0,6
B,1,6101,enet,20.0,0.5,4013.689404718368,-1.8934507655884776,0.7480940818786621,1.0,0.5,0.6,0.0,0.005243940616203489,25,10,10,15,0,15
B,1,6101,enet,50.0,0.5,4090.6828435472066,-1.9900057251682293,0.7039787769317627,1.0,0.1,0.23076923076923078,0.0,0.048089339668634025,13,10,10,3,0,27
B,1,6101,enet,100.0,0.5,4294.862294504039,-2.1234079515063007,0.7205867767333984,0.5,0.0,0.0,0.5,0.13389444448597757,5,10,5,0,5,30
B,1,6101,enet,200.0,0.5,4376.21419485813,-2.171842658700151,0.7592084407806396,0.2,0.0,0.0,0.8,0.16109853992498316,2,10,2,0,8,30
B,2,6102,none,0.0,,2402.706101970063,-1.121076358618448,1.2433056831359863,1.0,1.0,0.75,0.0,0.001466928872560015,40,10,10,30,0,0
B,2,6102,lasso,1.0,,2402.7450339208453,-1.1203394668084588,1.1881403923034668,1.0,1.0,0.75,0.0,0.001393731348848517,40,10,10,30,0,0
B,2,6102,lasso,2.0,,2395.9670056337723,-1.1196704208500552,1.209029197692871,1.0,0.9666666666666667,0.7435897435897436,0.0,0.001325324182224563,39,10,10,29,0,1
B,2,6102,lasso,5.0,,2383.020913222892,-1.1179486795945586,1.4356858730316162,1.0,0.8333333333333334,0.7142857142857143,0.0,0.0011416421853060873,35,10,10,25,0,5
B,2,6102,lasso,10.0,,2351.6717236263526,-1.1158762224484042,1.3934276103973389,1.0,0.7333333333333334,0.6875,0.0,0.000941643364880282,32,10,10,22,0,8
B,2,6102,lasso,20.0,,2327.8646024255477,-1.1159419474250627,1.3434295654296875,1.0,0.5666666666666667,0.6296296296296297,0.0,0.0010072047107681388,27,10,10,17,0,13
B,2,6102,lasso,50.0,,2325.523217346681,-1.1393467460692714,1.2366039752960205,1.0,0.3333333333333333,0.5,0.0,0.004546229458366327,20,10,10,10,0,20
B,2,6102,lasso,100.0,,2300.0772379657737,-1.1603481063197756,1.390824317932129,0.6,0.16666666666666666,0.45454545454545453,0.4,0.007923185157096923,11,10,6,5,4,25
B,2,6102,lasso,200.0,,2290.4225258182773,-1.167127047739467,1.5724081993103027,0.6,0.03333333333333333,0.14285714285714285,0.4,0.00796543586118267,7,10,6,1,4,29
B,2,6102,enet,1.0,0.5,2402.7163635347106,-1.1207185487103375,1.170384168624878,1.0,1.0,0.75,0.0,0.001428450148868325,40,10,10,30,0,0
B,2,6102,enet,2.0,0.5,2402.7547157756844,-1.1203744190093197,1.1807200908660889,1.0,1.0,0.75,0.0,0.0013917354496528625,40,10,10,30,0,0
B,2,6102,enet,5.0,0.5,2396.122416552874,-1.1194658565880025,1.2399513721466064,1.0,0.9666666666666667,0.7435897435897436,0.0,0.0012907495782588404,39,10,10,29,0,1
B,2,6102,enet,10.0,0.5,2376.504995434298,-1.1185729774966577,1.4060008525848389,1.0,0.8333333333333334,0.7142857142857143,0.0,0.0011608634756683737,35,10,10,25,0,5
B,2,6102,enet,20.0,0.5,2359.387714537191,-1.1165959047586203,1.4212040901184082,1.0,0.7666666666666666,0.696969696969697,0.0,0.0009884119591872479,33,10,10,23,0,7
B,2,6102,enet,50.0,0.5,2317.575205098989,-1.1203070083002094,1.4340171813964844,1.0,0.4666666666666667,0.5833333333333334,0.0,0.0015672909282172542,24,10,10,14,0,16
B,2,6102,enet,100.0,0.5,2331.558758730508,-1.1435967189995946,1.255478858947754,1.0,0.3333333333333333,0.5,0.0,0.005192923080204245,20,10,10,10,0,20
B,2,6102,enet,200.0,0.5,2301.116376308118,-1.1613017118230275,1.311053991317749,0.6,0.16666666666666666,0.45454545454545453,0.4,0.007927258073474032,11,10,6,5,4,25
B,4,6104,none,0.0,,5079.6458025802785,-2.452818363093753,7.791511297225952,1.0,1.0,0.75,0.0,0.003272030879287771,40,10,10,30,0,0
B,4,6104,lasso,1.0,,5071.685441028025,-2.448629741954531,8.083970785140991,1.0,0.9666666666666667,0.7435897435897436,0.0,0.0024322537221623816,39,10,10,29,0,1
B,4,6104,lasso,2.0,,5078.340085622836,-2.445377049032128,7.760196685791016,1.0,1.0,0.75,0.0,0.0017370576370741853,40,10,10,30,0,0
B,4,6104,lasso,5.0,,5073.974805969249,-2.4399825619993765,7.0750651359558105,1.0,0.9666666666666667,0.7435897435897436,0.0,0.0010221550246947372,39,10,10,29,0,1
B,4,6104,lasso,10.0,,5051.004504374811,-2.4377719693589888,7.587971925735474,1.0,0.8333333333333333,0.7142857142857143,0.0,0.0008473885243737405,35,10,10,25,0,5
B,4,6104,lasso,20.0,,5029.721242410372,-2.439508620634436,6.067238807678223,1.0,0.6666666666666667,0.6666666666666666,0.0,0.0014079758637185612,30,10,10,20,0,10
B,4,6104,lasso,50.0,,4983.0548047835255,-2.4657663274729993,4.71108078956604,1.0,0.2,0.375,0.0,0.006183742286031482,16,10,10,6,0,24
B,4,6104,lasso,100.0,,5070.327247722161,-2.556307650521414,3.9796910285949707,0.9,0.06666666666666667,0.18181818181818182,0.1,0.018523222555020685,11,10,9,2,1,28
B,4,6104,lasso,200.0,,5202.78009369381,-2.6642024134651536,3.5674219131469727,0.6,0.0,0.0,0.4,0.02532930907660287,6,10,6,0,4,30
B,4,6104,enet,1.0,0.5,5079.624621143566,-2.450487680464674,8.073874473571777,1.0,1.0,0.75,0.0,0.002803892111072208,40,10,10,30,0,0
B,4,6104,enet,2.0,0.5,5071.636067729063,-2.4481434260805286,7.929553031921387,1.0,0.9666666666666667,0.7435897435897436,0.0,0.0022913221704575393,39,10,10,29,0,1
B,4,6104,enet,5.0,0.5,5071.94569538762,-2.4435513092760694,7.374319314956665,1.0,0.9666666666666667,0.7435897435897436,0.0,0.001442766191661861,39,10,10,29,0,1
B,4,6104,enet,10.0,0.5,5067.817016376085,-2.4396450690952496,9.178884267807007,1.0,0.9333333333333333,0.7368421052631579,0.0,0.0010291361192098503,38,10,10,28,0,2
B,4,6104,enet,20.0,0.5,5053.301964319248,-2.438663219189857,6.321857452392578,1.0,0.8333333333333333,0.7142857142857143,0.0,0.0011336846404859087,35,10,10,25,0,5
B,4,6104,enet,50.0,0.5,5011.718503534126,-2.447951916214795,5.133670806884766,1.0,0.5,0.6,0.0,0.003131313025135946,25,10,10,15,0,15
B,4,6104,enet,100.0,0.5,5013.777942908671,-2.482406930561601,4.418593406677246,1.0,0.23333333333333334,0.4117647058823529,0.0,0.009089068035945745,17,10,10,7,0,23
B,4,6104,enet,200.0,0.5,5120.419367722682,-2.5824846130723964,3.6608188152313232,0.9,0.1,0.25,0.1,0.021314972559020276,12,10,9,3,1,27
B,1,6201,none,0.0,,4040.2896461085747,-1.8790882768395405,0.5787770748138428,1.0,1.0,0.75,0.0,0.004302381165139475,40,10,10,30,0,0
B,1,6201,lasso,1.0,,4026.718931093748,-1.8782460291557217,0.5797934532165527,1.0,0.9333333333333333,0.7368421052631579,0.0,0.003912807287387521,38,10,10,28,0,2
B,1,6201,lasso,2.0,,4013.532923013864,-1.8776128991786223,0.5962419509887695,1.0,0.8666666666666667,0.7222222222222222,0.0,0.003603577795023467,36,10,10,26,0,4
B,1,6201,lasso,5.0,,3982.380980235416,-1.8766874622371514,0.6519911289215088,1.0,0.7,0.6774193548387096,0.0,0.0031387696973784835,31,10,10,21,0,9
B,1,6201,lasso,10.0,,3964.860405537932,-1.8787457467601156,0.6571216583251953,1.0,0.5666666666666667,0.6296296296296297,0.0,0.003583464916758431,27,10,10,17,0,13
B,1,6201,lasso,20.0,,3930.592849374004,-1.8903979535016473,0.9489500522613525,1.0,0.26666666666666666,0.4444444444444444,0.0,0.008522713722204051,18,10,10,8,0,22
B,1,6201,lasso,50.0,,4086.283451950263,-2.0152722532376632,1.0411152839660645,0.6,0.0,0.0,0.4,0.09903719194003262,6,10,6,0,4,30
B,1,6201,lasso,100.0,,4380.377430202348,-2.1533440291731214,0.6535041332244873,0.2,0.0,0.0,0.8,0.16244828187276983,2,10,2,0,8,30
B,1,6201,lasso,200.0,,4380.574658940992,-2.1533860391775335,0.4122276306152344,0.2,0.0,0.0,0.8,0.16300208121851237,2,10,2,0,8,30
B,1,6201,enet,1.0,0.5,4026.6100619524973,-1.878777206587636,0.5885500907897949,1.0,0.9333333333333333,0.7368421052631579,0.0,0.004126172474939101,38,10,10,28,0,2
B,1,6201,enet,2.0,0.5,4020.007700683011,-1.8785503213502686,0.5826308727264404,1.0,0.9,0.7297297297297297,0.0,0.003986367791582511,37,10,10,27,0,3
B,1,6201,enet,5.0,0.5,4007.9692297187794,-1.8784298966361657,0.6346890926361084,1.0,0.8333333333333334,0.7142857142857143,0.0,0.0037781155768943754,35,10,10,25,0,5
B,1,6201,enet,10.0,0.5,3992.4186394875956,-1.8796404821852466,0.6803915500640869,1.0,0.7333333333333334,0.6875,0.0,0.004054625915793616,32,10,10,22,0,8
B,1,6201,enet,20.0,0.5,3977.327246361848,-1.888106563363863,0.8827571868896484,1.0,0.5666666666666667,0.6296296296296297,0.0,0.00682392291484081,27,10,10,17,0,13
B,1,6201,enet,50.0,0.5,4011.749574877689,-1.946618367706018,0.652564525604248,1.0,0.16666666666666666,0.3333333333333333,0.0,0.03800757840235556,15,10,10,5,0,25
B,1,6201,enet,100.0,0.5,4206.1484447780695,-2.0630531009536464,1.6828835010528564,0.6,0.0,0.0,0.4,0.11622929809930077,6,10,6,0,4,30
B,1,6201,enet,200.0,0.5,4380.304690551114,-2.153308293198226,0.5138444900512695,0.2,0.0,0.0,0.8,0.16248678195407196,2,10,2,0,8,30
B,2,6202,none,0.0,,2651.0823310543246,-1.1501141352122455,1.1562018394470215,1.0,1.0,0.75,0.0,0.006870453123133843,40,10,10,30,0,0
B,2,6202,lasso,1.0,,2651.14477481876,-1.1488417114072147,1.33418607711792,1.0,0.9666666666666667,0.7435897435897436,0.0,0.006812246671794289,39,10,10,29,0,1
B,2,6202,lasso,2.0,,2637.482412633589,-1.1476720635772473,1.248373031616211,1.0,0.9,0.7297297297297297,0.0,0.006771291895410063,37,10,10,27,0,3
B,2,6202,lasso,5.0,,2624.5185061552315,-1.1450390717132055,1.2505905628204346,1.0,0.8333333333333333,0.7142857142857143,0.0,0.006681602658201179,35,10,10,25,0,5
B,2,6202,lasso,10.0,,2599.314047413429,-1.1419366228532413,1.339951992034912,1.0,0.7333333333333334,0.6875,0.0,0.006656059143823736,32,10,10,22,0,8
B,2,6202,lasso,20.0,,2579.349899406501,-1.1393585864001492,1.5158436298370361,1.0,0.6,0.6428571428571429,0.0,0.006923924709811805,28,10,10,18,0,12
B,2,6202,lasso,50.0,,2581.2063753859334,-1.1502111929494852,1.5189094543457031,1.0,0.43333333333333335,0.5652173913043478,0.0,0.010520292205835273,23,10,10,13,0,17
B,2,6202,lasso,100.0,,2597.519190519711,-1.1836557184413345,1.7652513980865479,0.7,0.26666666666666666,0.5333333333333333,0.3,0.018100216425167306,15,10,7,8,3,22
B,2,6202,lasso,200.0,,2568.5411998594377,-1.1902277549583387,2.002493381500244,0.6,0.03333333333333333,0.14285714285714285,0.4,0.019054802782825352,7,10,6,1,4,29
B,2,6202,enet,1.0,0.5,2651.1038719473163,-1.1494299400237602,1.1921544075012207,1.0,1.0,0.75,0.0,0.00683931630412934,40,10,10,30,0,0
B,2,6202,enet,2.0,0.5,2651.1579297708713,-1.1487654642448197,1.2354671955108643,1.0,0.9666666666666667,0.7435897435897436,0.0,0.0068109194285843125,39,10,10,29,0,1
B,2,6202,enet,5.0,0.5,2630.744014006037,-1.147045661599577,1.2310121059417725,1.0,0.9,0.7297297297297297,0.0,0.006753523813418442,37,10,10,27,0,3
B,2,6202,enet,10.0,0.5,2624.739841479017,-1.1448536916053362,1.253340244293213,1.0,0.8666666666666667,0.7222222222222222,0.0,0.00670469990602123,36,10,10,26,0,4
B,2,6202,enet,20.0,0.5,2606.9988916245834,-1.1419655943811353,1.3402044773101807,1.0,0.7666666666666666,0.696969696969697,0.0,0.006730277038199836,33,10,10,23,0,7
B,2,6202,enet,50.0,0.5,2581.174593951592,-1.1408576129166474,1.6735844612121582,1.0,0.5333333333333333,0.6153846153846154,0.0,0.007669258809202335,26,10,10,16,0,14
B,2,6202,enet,100.0,0.5,2590.069081460623,-1.1548157402116108,1.466167688369751,1.0,0.43333333333333335,0.5652173913043478,0.0,0.011543837778404589,23,10,10,13,0,17
B,2,6202,enet,200.0,0.5,2600.0660837310074,-1.1844346730550284,2.5474092960357666,0.7,0.26666666666666666,0.5333333333333333,0.3,0.01827824334993724,15,10,7,8,3,22
B,4,6204,none,0.0,,5226.321726574743,-2.4412448629884858,10.332459211349487,1.0,1.0,0.75,0.0,0.002727446276949533,40,10,10,30,0,0
B,4,6204,lasso,1.0,,5226.133264408006,-2.4394066223709414,9.898038864135742,1.0,1.0,0.75,0.0,0.002207372643360206,40,10,10,30,0,0
B,4,6204,lasso,2.0,,5212.410686987674,-2.4381452134990695,8.998889684677124,1.0,0.9,0.7297297297297297,0.0,0.0018349573626651715,37,10,10,27,0,3
B,4,6204,lasso,5.0,,5179.7324541696,-2.4384411821627836,8.09958267211914,1.0,0.7666666666666666,0.696969696969697,0.0,0.0015298442781588888,33,10,10,23,0,7
B,4,6204,lasso,10.0,,5163.865331268517,-2.4359147668068277,7.060760736465454,1.0,0.6666666666666667,0.6666666666666666,0.0,0.00105116503729002,30,10,10,20,0,10
B,4,6204,lasso,20.0,,5116.027646866537,-2.4364168664690258,6.229346752166748,1.0,0.39999999999999997,0.5454545454545454,0.0,0.0011667547046107563,22,10,10,12,0,18
B,4,6204,lasso,50.0,,5103.711845959645,-2.4528852383383737,5.359450340270996,1.0,0.19999999999999998,0.375,0.0,0.0036568307278989735,16,10,10,6,0,24
B,4,6204,lasso,100.0,,5184.606073174314,-2.519787977316866,4.348560094833374,0.9,0.13333333333333333,0.3076923076923077,0.1,0.012362950568967376,13,10,9,4,1,26
B,4,6204,lasso,200.0,,5369.820749553713,-2.5938237857690503,4.5366740226745605,0.7,0.0,0.0,0.3,0.020151195727512308,7,10,7,0,3,30
B,4,6204,enet,1.0,0.5,5226.201023733825,-2.4401530540463616,10.214022636413574,1.0,1.0,0.75,0.0,0.002417445192922316,40,10,10,30,0,0
B,4,6204,enet,2.0,0.5,5226.193594267626,-2.439138347183182,9.144939661026001,1.0,1.0,0.75,0.0,0.0021384684137274014,40,10,10,30,0,0
B,4,6204,enet,5.0,0.5,5199.308200852754,-2.4513710802549777,11.34091067314148,1.0,0.8666666666666667,0.7222222222222222,0.0,0.0033931446360894717,36,10,10,26,0,4
B,4,6204,enet,10.0,0.5,5180.419313743753,-2.4379819536783334,7.839019775390625,1.0,0.7666666666666666,0.696969696969697,0.0,0.0013859468148854153,33,10,10,23,0,7
B,4,6204,enet,20.0,0.5,5158.944605661809,-2.4368598524354574,6.830456733703613,1.0,0.6333333333333333,0.6551724137931034,0.0,0.0011976078545695103,29,10,10,19,0,11
B,4,6204,enet,50.0,0.5,5117.7604620463935,-2.4416559224608076,6.825204372406006,1.0,0.36666666666666664,0.5238095238095238,0.0,0.0019989180778138185,21,10,10,11,0,19
B,4,6204,enet,100.0,0.5,5121.219841938583,-2.4621303417112794,4.927063226699829,1.0,0.19999999999999998,0.375,0.0,0.005118133237621854,16,10,10,6,0,24
B,4,6204,enet,200.0,0.5,5226.817711409425,-2.5304246223646154,4.475448369979858,0.9,0.13333333333333333,0.3076923076923077,0.1,0.015089485523743498,13,10,9,4,1,26
B,1,6301,none,0.0,,4006.2469091295297,-1.9244782643191842,0.8167662620544434,1.0,1.0,0.75,0.0,0.0071855578923762185,40,10,10,30,0,0
B,1,6301,lasso,1.0,,3999.5030527417657,-1.921834095694083,0.7379744052886963,1.0,0.9666666666666667,0.7435897435897436,0.0,0.006548691422816331,39,10,10,29,0,1
B,1,6301,lasso,2.0,,4000.0557409675166,-1.919427693167942,0.7571442127227783,1.0,0.9666666666666667,0.7435897435897436,0.0,0.00597986257134389,39,10,10,29,0,1
B,1,6301,lasso,5.0,,3975.627003181185,-1.9140123760580694,0.7921464443206787,1.0,0.8333333333333334,0.7142857142857143,0.0,0.004692186616483038,35,10,10,25,0,5
B,1,6301,lasso,10.0,,3902.721297806755,-1.9093613478248874,0.8722507953643799,1.0,0.43333333333333335,0.5652173913043478,0.0,0.0037642573766869737,23,10,10,13,0,17
B,1,6301,lasso,20.0,,3890.0939101552995,-1.9073033877133276,1.441570520401001,1.0,0.23333333333333334,0.4117647058823529,0.0,0.0047876889282466445,17,10,10,7,0,23
B,1,6301,lasso,50.0,,4096.217429148573,-2.0378819983089134,1.1330254077911377,0.6,0.03333333333333333,0.14285714285714285,0.4,0.0995371162441621,7,10,6,1,4,29
B,1,6301,lasso,100.0,,4367.83791459477,-2.1757480215526224,0.4350450038909912,0.2,0.0,0.0,0.8,0.1626716398177025,2,10,2,0,8,30
B,1,6301,lasso,200.0,,4367.706857508875,-2.1756342667592046,0.3513965606689453,0.2,0.0,0.0,0.8,0.16249984851174115,2,10,2,0,8,30
B,1,6301,enet,1.0,0.5,3999.4345053606394,-1.9226903412227225,0.7703909873962402,1.0,0.9666666666666667,0.7435897435897436,0.0,0.0067425285933483195,39,10,10,29,0,1
B,1,6301,enet,2.0,0.5,3999.7047421522075,-1.921023856072097,0.7415440082550049,1.0,0.9666666666666667,0.7435897435897436,0.0,0.006336634330289194,39,10,10,29,0,1
B,1,6301,enet,5.0,0.5,3980.828991258928,-1.916682746063178,0.7870123386383057,1.0,0.8666666666666667,0.7222222222222222,0.0,0.00530613753049656,36,10,10,26,0,4
B,1,6301,enet,10.0,0.5,3979.7164059411175,-1.912509232553407,0.8329825401306152,1.0,0.8333333333333334,0.7142857142857143,0.0,0.0043224426777168515,35,10,10,25,0,5
B,1,6301,enet,20.0,0.5,3917.714406090209,-1.9108738272858055,1.345003366470337,1.0,0.43333333333333335,0.5652173913043478,0.0,0.004710994755051035,23,10,10,13,0,17
B,1,6301,enet,50.0,0.5,4058.4996217554503,-1.9954845604666962,0.6734981536865234,1.0,0.16666666666666666,0.3333333333333333,0.0,0.05874242361289912,15,10,10,5,0,25
B,1,6301,enet,100.0,0.5,4226.526546836199,-2.098042737155516,1.1021716594696045,0.6,0.0,0.0,0.4,0.12690165867730033,6,10,6,0,4,30
B,1,6301,enet,200.0,0.5,4367.7662577856045,-2.1756854169477147,0.386181116104126,0.2,0.0,0.0,0.8,0.16258266559183918,2,10,2,0,8,30
B,2,6302,none,0.0,,2697.9870119084108,-1.1403270926578444,1.1802818775177002,1.0,1.0,0.75,0.0,0.0010994519053936487,40,10,10,30,0,0
B,2,6302,lasso,1.0,,2698.0279771777127,-1.1397715312782826,1.2630441188812256,1.0,1.0,0.75,0.0,0.0010113873081089182,40,10,10,30,0,0
B,2,6302,lasso,2.0,,2698.1831872255434,-1.1392705675864518,1.4034736156463623,1.0,1.0,0.75,0.0,0.0009323685893520311,40,10,10,30,0,0
B,2,6302,lasso,5.0,,2685.4863264296864,-1.1381534560518085,1.5004396438598633,1.0,0.9333333333333333,0.7368421052631579,0.0,0.0007483599869763186,38,10,10,28,0,2
B,2,6302,lasso,10.0,,2661.1751498527765,-1.1373174725131006,1.4875149726867676,1.0,0.8,0.7058823529411765,0.0,0.000595715237659856,34,10,10,24,0,6
B,2,6302,lasso,20.0,,2651.576452056491,-1.1372754241727216,1.9959027767181396,1.0,0.7,0.6774193548387096,0.0,0.0006901413377784898,31,10,10,21,0,9
B,2,6302,lasso,50.0,,2626.400611525193,-1.153126040731921,1.6992225646972656,0.9,0.4,0.5714285714285714,0.1,0.004166479979988684,21,10,9,12,1,18
B,2,6302,lasso,100.0,,2614.8534707895424,-1.169653685949094,1.562554121017456,0.6,0.23333333333333334,0.5384615384615384,0.4,0.007956399809855252,13,10,6,7,4,23
B,2,6302,lasso,200.0,,2594.4431025079452,-1.1808027981606664,2.089651346206665,0.6,0.03333333333333333,0.14285714285714285,0.4,0.008020835452228816,7,10,6,1,4,29
B,2,6302,enet,1.0,0.5,2697.996185654297,-1.1400365952359066,1.2707688808441162,1.0,1.0,0.75,0.0,0.0010530255714065863,40,10,10,30,0,0
B,2,6302,enet,2.0,0.5,2698.038251177231,-1.1397636387599888,1.2839210033416748,1.0,1.0,0.75,0.0,0.0010096639589531958,40,10,10,30,0,0
B,2,6302,enet,5.0,0.5,2698.3730921983865,-1.1390271985256222,1.4972987174987793,1.0,1.0,0.75,0.0,0.0008943148603039582,40,10,10,30,0,0
B,2,6302,enet,10.0,0.5,2685.7243824415723,-1.1382197002226977,1.4367001056671143,1.0,0.9333333333333333,0.7368421052631579,0.0,0.00075938185451564,38,10,10,28,0,2
B,2,6302,enet,20.0,0.5,2662.0085655781654,-1.1376073857553095,1.5885977745056152,1.0,0.8,0.7058823529411765,0.0,0.0006540042447538127,34,10,10,24,0,6
B,2,6302,enet,50.0,0.5,2627.073570871705,-1.1398550327053867,1.6225976943969727,1.0,0.5333333333333333,0.6153846153846154,0.0,0.0012887201090552253,26,10,10,16,0,14
B,2,6302,enet,100.0,0.5,2632.4760629245993,-1.1560680919697952,1.601935625076294,0.9,0.4,0.5714285714285714,0.1,0.004763159913043611,21,10,9,12,1,18
B,2,6302,enet,200.0,0.5,2616.059105772187,-1.1709159165212788,2.2610747814178467,0.6,0.23333333333333334,0.5384615384615384,0.4,0.007963858244240046,13,10,6,7,4,23
B,4,6304,none,0.0,,5207.3442924083265,-2.4393169702292754,7.632920265197754,1.0,0.9666666666666667,0.7435897435897436,0.0,0.0014327728441235706,39,10,10,29,0,1
B,4,6304,lasso,1.0,,5200.528783329041,-2.4395118605250574,7.361939191818237,1.0,0.9666666666666667,0.7435897435897436,0.0,0.0014650132814106164,39,10,10,29,0,1
B,4,6304,lasso,2.0,,5200.80872422211,-2.438276709853907,7.115909576416016,1.0,0.9666666666666667,0.7435897435897436,0.0,0.0013408899627659532,39,10,10,29,0,1
B,4,6304,lasso,5.0,,5167.462210869605,-2.435371955333273,6.844802379608154,1.0,0.8,0.7058823529411765,0.0,0.00116412084873176,34,10,10,24,0,6
B,4,6304,lasso,10.0,,5128.235162155244,-2.4342615589439456,6.543146848678589,1.0,0.6000000000000001,0.6428571428571429,0.0,0.0012258460286782577,28,10,10,18,0,12
B,4,6304,lasso,20.0,,5114.095581402301,-2.4337374271088223,6.099802494049072,1.0,0.5,0.6,0.0,0.0017330417452595763,25,10,10,15,0,15
B,4,6304,lasso,50.0,,5089.973281534563,-2.4391627963767224,5.5751447677612305,1.0,0.23333333333333334,0.4117647058823529,0.0,0.004365987125695683,17,10,10,7,0,23
B,4,6304,lasso,100.0,,5132.884944114142,-2.470312902608814,4.959719896316528,1.0,0.03333333333333333,0.09090909090909091,0.0,0.012304900444608345,11,10,10,1,0,29
B,4,6304,lasso,200.0,,5352.021345381226,-2.569352972314622,3.934826135635376,0.8,0.0,0.0,0.2,0.031046020875465933,8,10,8,0,2,30
B,4,6304,enet,1.0,0.5,5200.488722458619,-2.4385534347677615,7.413721323013306,1.0,0.9666666666666667,0.7435897435897436,0.0,0.001353503696749507,39,10,10,29,0,1
B,4,6304,enet,2.0,0.5,5200.529476072441,-2.439291694437126,7.339316129684448,1.0,0.9666666666666667,0.7435897435897436,0.0,0.001443333647355139,39,10,10,29,0,1
B,4,6304,enet,5.0,0.5,5194.23915589908,-2.4373596095945085,6.849800109863281,1.0,0.9333333333333333,0.7368421052631579,0.0,0.0012904584495699062,38,10,10,28,0,2
B,4,6304,enet,10.0,0.5,5167.908890158086,-2.435465141977261,6.3805646896362305,1.0,0.8,0.7058823529411765,0.0,0.0012442404262305185,34,10,10,24,0,6
B,4,6304,enet,20.0,0.5,5130.037772458526,-2.4346636867068225,4.328970193862915,1.0,0.6000000000000001,0.6428571428571429,0.0,0.0015098211847344239,28,10,10,18,0,12
B,4,6304,enet,50.0,0.5,5123.698786432308,-2.437170835222419,5.328077793121338,1.0,0.5,0.6,0.0,0.0030318847822219455,25,10,10,15,0,15
B,4,6304,enet,100.0,0.5,5122.879434257005,-2.4476125292962507,5.2539381980896,1.0,0.3,0.47368421052631576,0.0,0.006718018751410518,19,10,10,9,0,21
B,4,6304,enet,200.0,0.5,5189.147071960317,-2.4926227979281923,4.903369426727295,1.0,0.06666666666666667,0.16666666666666666,0.0,0.01693488122635967,12,10,10,2,0,28
B,1,6401,none,0.0,,4006.582364070438,-1.990058678802432,0.749243974685669,1.0,1.0,0.75,0.0,0.003449403246380295,40,10,10,30,0,0
B,1,6401,lasso,1.0,,3986.1150600581286,-1.9857017495045992,0.7358725070953369,1.0,0.9,0.7297297297297297,0.0,0.003112083450921483,37,10,10,27,0,3
B,1,6401,lasso,2.0,,3979.7117634730794,-1.9865619294665546,0.8125841617584229,1.0,0.8666666666666667,0.7222222222222222,0.0,0.0028263100974103613,36,10,10,26,0,4
B,1,6401,lasso,5.0,,3941.4216079713106,-1.9822048237008913,0.8328258991241455,1.0,0.6666666666666667,0.6666666666666666,0.0,0.0021809062287523385,30,10,10,20,0,10
B,1,6401,lasso,10.0,,3930.14507958448,-1.9786653951471025,0.7828290462493896,1.0,0.5666666666666667,0.6296296296296297,0.0,0.0018197409346069077,27,10,10,17,0,13
B,1,6401,lasso,20.0,,3867.463982101836,-1.9805437257215985,0.88490891456604,1.0,0.13333333333333333,0.2857142857142857,0.0,0.0035177041745542686,14,10,10,4,0,26
B,1,6401,lasso,50.0,,4242.005180002777,-2.1241965826819142,0.5768144130706787,0.7,0.0,0.0,0.3,0.11841350709791351,7,10,7,0,3,30
B,1,6401,lasso,100.0,,4365.251001304993,-2.195063039737679,0.4191305637359619,0.2,0.0,0.0,0.8,0.16400048230012892,2,10,2,0,8,30
B,1,6401,lasso,200.0,,4365.086789545084,-2.194086460530467,0.38816380500793457,0.2,0.0,0.0,0.8,0.1637563492380802,2,10,2,0,8,30
B,1,6401,enet,1.0,0.5,3999.810707821427,-1.9901646319425472,0.7879753112792969,1.0,0.9666666666666667,0.7435897435897436,0.0,0.0032439114662839597,39,10,10,29,0,1
B,1,6401,enet,2.0,0.5,3986.268951177711,-1.9903118564544315,0.7827129364013672,1.0,0.9,0.7297297297297297,0.0,0.0030617687927108365,37,10,10,27,0,3
B,1,6401,enet,5.0,0.5,3974.064700023029,-1.9835410672000606,0.7845003604888916,1.0,0.8333333333333334,0.7142857142857143,0.0,0.002672048627848744,35,10,10,25,0,5
B,1,6401,enet,10.0,0.5,3944.658400364362,-1.9821563490219045,0.8162708282470703,1.0,0.6666666666666667,0.6666666666666666,0.0,0.0023344140863524837,30,10,10,20,0,10
B,1,6401,enet,20.0,0.5,3941.8661197722768,-1.9798802127086221,1.0512464046478271,1.0,0.5666666666666667,0.6296296296296297,0.0,0.003080450162041721,27,10,10,17,0,13
B,1,6401,enet,50.0,0.5,3963.2401041135777,-2.004889312192308,1.373504400253296,1.0,0.1,0.23076923076923078,0.0,0.02294247311915265,13,10,10,3,0,27
B,1,6401,enet,100.0,0.5,4297.572399011643,-2.1590705979097455,0.5639421939849854,0.5,0.0,0.0,0.5,0.13957328270503547,5,10,5,0,5,30
B,1,6401,enet,200.0,0.5,4365.226606977749,-2.1946836859409813,0.3971869945526123,0.2,0.0,0.0,0.8,0.16394874016072197,2,10,2,0,8,30
B,2,6402,none,0.0,,2581.863955003624,-1.129339486830559,1.5487940311431885,1.0,0.9333333333333333,0.7368421052631579,0.0,0.001237214987657032,38,10,10,28,0,2
B,2,6402,lasso,1.0,,2568.099353710836,-1.1285475508771627,1.6669127941131592,1.0,0.9,0.7297297297297297,0.0,0.0011248627500227066,37,10,10,27,0,3
B,2,6402,lasso,2.0,,2554.466188064914,-1.1278285140733415,1.6056113243103027,1.0,0.8666666666666667,0.7222222222222222,0.0,0.001026829426050432,36,10,10,26,0,4
B,2,6402,lasso,5.0,,2534.9420612228428,-1.1261166696728673,1.6916191577911377,1.0,0.7666666666666666,0.696969696969697,0.0,0.0008124012993710018,33,10,10,23,0,7
B,2,6402,lasso,10.0,,2524.7603577762256,-1.1244487045875586,1.6387901306152344,1.0,0.6666666666666666,0.6666666666666666,0.0,0.0006789073486883954,30,10,10,20,0,10
B,2,6402,lasso,20.0,,2486.9491683449855,-1.124840728363423,1.5224790573120117,1.0,0.4666666666666667,0.5833333333333334,0.0,0.0010146972524225754,24,10,10,14,0,16
B,2,6402,lasso,50.0,,2460.3859313023477,-1.1415819878182023,1.8718197345733643,0.8,0.2,0.42857142857142855,0.2,0.005141837163009817,14,10,8,6,2,24
B,2,6402,lasso,100.0,,2460.842364836414,-1.1528500840304574,2.144026041030884,0.6,0.1,0.3333333333333333,0.4,0.007905837985465737,9,10,6,3,4,27
B,2,6402,lasso,200.0,,2462.318300112934,-1.1657424809224073,2.3398869037628174,0.6,0.0,0.0,0.4,0.00798570760533959,6,10,6,0,4,30
B,2,6402,enet,1.0,0.5,2574.966643825739,-1.12889857758573,1.5843734741210938,1.0,0.9,0.7297297297297297,0.0,0.0011767700011227821,37,10,10,27,0,3
B,2,6402,enet,2.0,0.5,2568.111392057583,-1.1284840791241397,1.6831409931182861,1.0,0.9,0.7297297297297297,0.0,0.001121144879434799,37,10,10,27,0,3
B,2,6402,enet,5.0,0.5,2547.7623623516943,-1.1273650972076876,1.6483745574951172,1.0,0.8333333333333334,0.7142857142857143,0.0,0.0009760974716848407,35,10,10,25,0,5
B,2,6402,enet,10.0,0.5,2535.216298389916,-1.1259555852528769,1.7473344802856445,1.0,0.7666666666666666,0.696969696969697,0.0,0.0008133344158324324,33,10,10,23,0,7
B,2,6402,enet,20.0,0.5,2525.6788931303754,-1.1244686125243115,1.6337285041809082,1.0,0.6666666666666666,0.6666666666666666,0.0,0.0007332540712184292,30,10,10,20,0,10
B,2,6402,enet,50.0,0.5,2476.2970263203333,-1.128030936320745,1.5769691467285156,1.0,0.36666666666666664,0.5238095238095238,0.0,0.0017973616983462557,21,10,10,11,0,19
B,2,6402,enet,100.0,0.5,2464.477054864357,-1.142900448681095,3.5013318061828613,0.8,0.2,0.42857142857142855,0.2,0.0055106182102202,14,10,8,6,2,24
B,2,6402,enet,200.0,0.5,2462.739785472065,-1.1542287199982582,2.174241542816162,0.6,0.1,0.3333333333333333,0.4,0.00791323803799074,9,10,6,3,4,27
B,4,6404,none,0.0,,5144.043168455881,-2.4999439491899733,5.818052768707275,1.0,0.9666666666666667,0.7435897435897436,0.0,0.003276920552122575,39,10,10,29,0,1
B,4,6404,lasso,1.0,,5130.576701658365,-2.4950899017588126,5.589357137680054,1.0,0.9333333333333333,0.7368421052631579,0.0,0.002829236334977004,38,10,10,28,0,2
B,4,6404,lasso,2.0,,5117.256111733437,-2.4909141524217704,5.399272918701172,1.0,0.8666666666666667,0.7222222222222222,0.0,0.0024799854968234735,36,10,10,26,0,4
B,4,6404,lasso,5.0,,5105.754177402844,-2.4820318490040316,5.0637524127960205,1.0,0.8,0.7058823529411765,0.0,0.0018252680593677714,34,10,10,24,0,6
B,4,6404,lasso,10.0,,5061.923919229421,-2.471842307125786,4.648132085800171,1.0,0.5333333333333333,0.6153846153846154,0.0,0.0009338278047907941,26,10,10,16,0,14
B,4,6404,lasso,20.0,,5037.460414238207,-2.4719589946930354,4.2275166511535645,1.0,0.4,0.5454545454545454,0.0,0.0014310355227745715,22,10,10,12,0,18
B,4,6404,lasso,50.0,,5011.522478095054,-2.4880261229403335,4.0678558349609375,1.0,0.13333333333333333,0.2857142857142857,0.0,0.005204211148436422,14,10,10,4,0,26
B,4,6404,lasso,100.0,,5088.8504110564945,-2.54120404823842,2.949939727783203,1.0,0.03333333333333333,0.09090909090909091,0.0,0.015295650775449927,11,10,10,1,0,29
B,4,6404,lasso,200.0,,5289.099809968821,-2.6562644177539214,2.754253625869751,0.6,0.0,0.0,0.4,0.03005541183514044,6,10,6,0,4,30
B,4,6404,enet,1.0,0.5,5137.322143110771,-2.497035431270695,5.677729368209839,1.0,0.9333333333333333,0.7368421052631579,0.0,0.003002100574911915,38,10,10,28,0,2
B,4,6404,enet,2.0,0.5,5130.669527353457,-2.4943586825573103,5.546732187271118,1.0,0.9333333333333333,0.7368421052631579,0.0,0.0027665658984801656,38,10,10,28,0,2
B,4,6404,enet,5.0,0.5,5110.963502976241,-2.487991383089686,5.2603065967559814,1.0,0.8333333333333334,0.7142857142857143,0.0,0.0022604115489050693,35,10,10,25,0,5
B,4,6404,enet,10.0,0.5,5120.389559541527,-2.4776366547060733,4.957448720932007,1.0,0.8666666666666667,0.7222222222222222,0.0,0.0013411856851527574,36,10,10,26,0,4
B,4,6404,enet,20.0,0.5,5063.795261431361,-2.472297067463149,4.71405816078186,1.0,0.5666666666666667,0.6296296296296297,0.0,0.0011548862429939754,27,10,10,17,0,13
B,4,6404,enet,50.0,0.5,5021.073331911016,-2.478279123928051,3.8340370655059814,1.0,0.26666666666666666,0.4444444444444444,0.0,0.0029646189465342573,18,10,10,8,0,22
B,4,6404,enet,100.0,0.5,5031.719967747844,-2.4996334159337192,3.1560351848602295,1.0,0.13333333333333333,0.2857142857142857,0.0,0.007441865840009868,14,10,10,4,0,26
B,4,6404,enet,200.0,0.5,5130.86494944237,-2.56298909706493,3.1849238872528076,1.0,0.03333333333333333,0.09090909090909091,0.0,0.01910816079757634,11,10,10,1,0,29
B,1,6501,none,0.0,,4111.048036587572,-1.9304461745582409,0.5993614196777344,1.0,1.0,0.75,0.0,0.006347325956685127,40,10,10,30,0,0
B,1,6501,lasso,1.0,,4104.47244270953,-1.9291410110813418,0.6123051643371582,1.0,0.9666666666666667,0.7435897435897436,0.0,0.005902856460866225,39,10,10,29,0,1
B,1,6501,lasso,2.0,,4084.6778642418094,-1.9282406113111035,0.5927338600158691,1.0,0.8666666666666667,0.7222222222222222,0.0,0.005675945434775873,36,10,10,26,0,4
B,1,6501,lasso,5.0,,4074.57729919773,-1.9258764921390785,0.6046829223632812,1.0,0.8,0.7058823529411765,0.0,0.005225578008693418,34,10,10,24,0,6
B,1,6501,lasso,10.0,,4051.258818026718,-1.9257588957881955,0.6166868209838867,1.0,0.6333333333333333,0.6551724137931034,0.0,0.005622686180338803,29,10,10,19,0,11
B,1,6501,lasso,20.0,,4001.761345490067,-1.9369910731758924,0.6275641918182373,1.0,0.23333333333333334,0.4117647058823529,0.0,0.010584087634622812,17,10,10,7,0,23
B,1,6501,lasso,50.0,,4268.970121468879,-2.116436596527427,0.6223962306976318,0.6,0.0,0.0,0.4,0.1210904219205074,6,10,6,0,4,30
B,1,6501,lasso,100.0,,4406.3923036099395,-2.177360879177635,0.42516183853149414,0.2,0.0,0.0,0.8,0.16837295523028883,2,10,2,0,8,30
B,1,6501,lasso,200.0,,4406.427000719302,-2.1773163250354273,0.3166928291320801,0.2,0.0,0.0,0.8,0.1685754503687522,2,10,2,0,8,30
B,1,6501,enet,1.0,0.5,4111.23580243001,-1.9298348746263247,0.6191089153289795,1.0,1.0,0.75,0.0,0.006138714571634363,40,10,10,30,0,0
B,1,6501,enet,2.0,0.5,4098.061384933964,-1.9295404901651687,0.5845472812652588,1.0,0.9333333333333333,0.7368421052631579,0.0,0.0060799089776182235,38,10,10,28,0,2
B,1,6501,enet,5.0,0.5,4086.178673813264,-1.9284656916352083,0.590407133102417,1.0,0.8666666666666667,0.7222222222222222,0.0,0.0059388624939493125,36,10,10,26,0,4
B,1,6501,enet,10.0,0.5,4078.1997367277504,-1.928293293629215,0.5938377380371094,1.0,0.8,0.7058823529411765,0.0,0.006280884241135242,34,10,10,24,0,6
B,1,6501,enet,20.0,0.5,4064.710572998697,-1.9341386523269453,0.8244547843933105,1.0,0.6333333333333333,0.6551724137931034,0.0,0.00906327389066048,29,10,10,19,0,11
B,1,6501,enet,50.0,0.5,4084.729914948045,-2.0031366345071344,0.8700881004333496,1.0,0.06666666666666667,0.16666666666666666,0.0,0.04204898135305319,12,10,10,2,0,28
B,1,6501,enet,100.0,0.5,4312.946896968145,-2.1367871692161775,0.5909767150878906,0.4,0.0,0.0,0.6,0.1372516433519887,4,10,4,0,6,30
B,1,6501,enet,200.0,0.5,4406.561558088836,-2.17729058567883,0.330610990524292,0.2,0.0,0.0,0.8,0.16865558993504132,2,10,2,0,8,30
B,2,6502,none,0.0,,2337.7374115830717,-1.2582953698996526,1.1034927368164062,1.0,1.0,0.75,0.0,0.006650583757752317,40,10,10,30,0,0
B,2,6502,lasso,1.0,,2330.891419407572,-1.2567929243854492,1.106048822402954,1.0,0.9666666666666667,0.7435897435897436,0.0,0.0065383245790579985,39,10,10,29,0,1
B,2,6502,lasso,2.0,,2331.0475944399477,-1.25534010951735,1.1380488872528076,1.0,0.9666666666666667,0.7435897435897436,0.0,0.006437701832600827,39,10,10,29,0,1
B,2,6502,lasso,5.0,,2339.015246535786,-1.2512925239577624,1.1671183109283447,1.0,1.0,0.75,0.0,0.006182901313256182,40,10,10,30,0,0
B,2,6502,lasso,10.0,,2328.66467724919,-1.244932211594106,1.1935186386108398,1.0,0.9333333333333333,0.7368421052631579,0.0,0.005913065089534599,38,10,10,28,0,2
B,2,6502,lasso,20.0,,2299.0452265216945,-1.2353579772129948,1.3169727325439453,1.0,0.7333333333333334,0.6875,0.0,0.005988552850064733,32,10,10,22,0,8
B,2,6502,lasso,50.0,,2280.124715169186,-1.2356300893561567,1.3868999481201172,1.0,0.36666666666666664,0.5238095238095238,0.0,0.009952658634454997,21,10,10,11,0,19
B,2,6502,lasso,100.0,,2276.066552560334,-1.257248281850637,1.171114206314087,0.7,0.13333333333333333,0.36363636363636365,0.3,0.016519553861711906,11,10,7,4,3,26
B,2,6502,lasso,200.0,,2280.3861200409337,-1.2697227748560205,1.2903730869293213,0.6,0.06666666666666667,0.25,0.4,0.017012716426092825,8,10,6,2,4,28
B,2,6502,enet,1.0,0.5,2330.8541071250966,-1.2574751048022434,1.1097805500030518,1.0,0.9666666666666667,0.7435897435897436,0.0,0.0065870290937892735,39,10,10,29,0,1
B,2,6502,enet,2.0,0.5,2330.907014310075,-1.2566709502809743,1.1063227653503418,1.0,0.9666666666666667,0.7435897435897436,0.0,0.006529973908650443,39,10,10,29,0,1
B,2,6502,enet,5.0,0.5,2331.2483548074247,-1.2543611114155775,1.1810338497161865,1.0,0.9666666666666667,0.7435897435897436,0.0,0.00637443033459548,39,10,10,29,0,1
B,2,6502,enet,10.0,0.5,2339.3211216448344,-1.250914110375998,1.2149100303649902,1.0,1.0,0.75,0.0,0.006154523199720337,40,10,10,30,0,0
B,2,6502,enet,20.0,0.5,2329.7346746236108,-1.2444109784401205,1.2138924598693848,1.0,0.9333333333333333,0.7368421052631579,0.0,0.005945232978194728,38,10,10,28,0,2
B,2,6502,enet,50.0,0.5,2290.5922117763566,-1.2327118834538977,1.4719979763031006,1.0,0.6333333333333333,0.6551724137931034,0.0,0.006613564197094598,29,10,10,19,0,11
B,2,6502,enet,100.0,0.5,2288.474559890371,-1.2391256630782475,1.3275024890899658,1.0,0.36666666666666664,0.5238095238095238,0.0,0.010884698662837032,21,10,10,11,0,19
B,2,6502,enet,200.0,0.5,2278.3370802555896,-1.2586392535154505,1.2083261013031006,0.7,0.13333333333333333,0.36363636363636365,0.3,0.01662103382004639,11,10,7,4,3,26
B,4,6504,none,0.0,,5097.86369337844,-2.470837202601733,12.594026327133179,1.0,1.0,0.75,0.0,0.002449270909853163,40,10,10,30,0,0
B,4,6504,lasso,1.0,,5091.062032939457,-2.468588191203284,11.408109188079834,1.0,0.9333333333333333,0.7368421052631579,0.0,0.0020371340520997628,38,10,10,28,0,2
B,4,6504,lasso,2.0,,5063.607760143073,-2.46700372820609,10.734328269958496,1.0,0.8333333333333333,0.7142857142857143,0.0,0.0017416037598728259,35,10,10,25,0,5
B,4,6504,lasso,5.0,,5065.016306227798,-2.4640149101464073,9.039229154586792,1.0,0.8,0.7058823529411765,0.0,0.0012208627114213887,34,10,10,24,0,6
B,4,6504,lasso,10.0,,5026.365649643558,-2.461918207792059,6.381207704544067,1.0,0.6333333333333333,0.6551724137931034,0.0,0.0008844918757043829,29,10,10,19,0,11
B,4,6504,lasso,20.0,,5012.404114078347,-2.4607927643328305,5.277734756469727,1.0,0.5333333333333333,0.6153846153846154,0.0,0.0009560014651586921,26,10,10,16,0,14
B,4,6504,lasso,50.0,,5021.208471503516,-2.4678066339721716,4.8712968826293945,1.0,0.39999999999999997,0.5454545454545454,0.0,0.0034264471982631,22,10,10,12,0,18
B,4,6504,lasso,100.0,,5052.694249659889,-2.516060341894931,5.574781179428101,1.0,0.0,0.0,0.0,0.013868720059390556,10,10,10,0,0,30
B,4,6504,lasso,200.0,,5259.816769005181,-2.6398678368254695,3.0872344970703125,0.6,0.0,0.0,0.4,0.025542402787986807,6,10,6,0,4,30
B,4,6504,enet,1.0,0.5,5084.235542282962,-2.4693208809620533,11.645945310592651,1.0,0.9333333333333333,0.7368421052631579,0.0,0.002215655685809696,38,10,10,28,0,2
B,4,6504,enet,2.0,0.5,5091.128910090938,-2.4663878968350725,11.23588752746582,1.0,0.9666666666666667,0.7435897435897436,0.0,0.0015286974585988749,39,10,10,29,0,1
B,4,6504,enet,5.0,0.5,5063.854400079746,-2.4660135524251277,9.94826340675354,1.0,0.8333333333333333,0.7142857142857143,0.0,0.0015073208642557413,35,10,10,25,0,5
B,4,6504,enet,10.0,0.5,5058.640799772073,-2.4637027417932686,8.585838317871094,1.0,0.8,0.7058823529411765,0.0,0.001063971368672488,34,10,10,24,0,6
B,4,6504,enet,20.0,0.5,5027.898943562558,-2.4622559192475935,6.269902467727661,1.0,0.6333333333333333,0.6551724137931034,0.0,0.0009221608111556364,29,10,10,19,0,11
B,4,6504,enet,50.0,0.5,5030.495142045601,-2.463793339460834,5.277982950210571,1.0,0.5666666666666667,0.6296296296296297,0.0,0.001872745542599377,27,10,10,17,0,13
B,4,6504,enet,100.0,0.5,5056.160540966314,-2.477484739593534,4.922876358032227,1.0,0.4666666666666667,0.5833333333333334,0.0,0.005567239820259158,24,10,10,14,0,16
B,4,6504,enet,200.0,0.5,5119.691886330897,-2.541955662420281,5.023820877075195,1.0,0.06666666666666667,0.16666666666666666,0.0,0.017208758803370524,12,10,10,2,0,28
B,1,6601,none,0.0,,4071.4741236702266,-1.9117460129002786,0.7737443447113037,1.0,1.0,0.75,0.0,0.007021299305243341,40,10,10,30,0,0
B,1,6601,lasso,1.0,,4064.8861987287573,-1.9092159927758756,0.7423267364501953,1.0,0.9666666666666667,0.7435897435897436,0.0,0.0063594329310528025,39,10,10,29,0,1
B,1,6601,lasso,2.0,,4058.723246881185,-1.9068238342544095,0.7788012027740479,1.0,0.9,0.7297297297297297,0.0,0.0057285820901308805,37,10,10,27,0,3
B,1,6601,lasso,5.0,,4034.8980294180037,-1.9010675975506006,0.8363420963287354,1.0,0.8,0.7058823529411765,0.0,0.00419978490484674,34,10,10,24,0,6
B,1,6601,lasso,10.0,,4028.4440536697607,-1.8961147615196934,0.8265700340270996,1.0,0.7,0.6774193548387096,0.0,0.0029750396226131777,31,10,10,21,0,9
B,1,6601,lasso,20.0,,3967.33489803047,-1.9042447746687223,0.8707664012908936,1.0,0.19999999999999998,0.375,0.0,0.006792094190949162,16,10,10,6,0,24
B,1,6601,lasso,50.0,,4222.630311033178,-2.0631642124547103,0.8424692153930664,0.6,0.0,0.0,0.4,0.11208440374144168,6,10,6,0,4,30
B,1,6601,lasso,100.0,,4362.393236744768,-2.131966941923699,0.2838134765625,0.30000000000000004,0.0,0.0,0.7,0.15057511256078998,3,10,3,0,7,30
B,1,6601,lasso,200.0,,4423.180468288406,-2.1600092440002188,0.2687079906463623,0.2,0.0,0.0,0.8,0.1660047180897174,2,10,2,0,8,30
B,1,6601,enet,1.0,0.5,4064.7620877230215,-1.9101636479968567,0.7775428295135498,1.0,0.9666666666666667,0.7435897435897436,0.0,0.006610977149387546,39,10,10,29,0,1
B,1,6601,enet,2.0,0.5,4065.1418167407473,-1.9086992164769379,0.7563347816467285,1.0,0.9666666666666667,0.7435897435897436,0.0,0.006229089153075813,39,10,10,29,0,1
B,1,6601,enet,5.0,0.5,4039.74601037997,-1.9048158090215104,0.7747108936309814,1.0,0.8333333333333334,0.7142857142857143,0.0,0.005237276899120579,35,10,10,25,0,5
B,1,6601,enet,10.0,0.5,4039.2125423164457,-1.9006717738082672,0.7959935665130615,1.0,0.8,0.7058823529411765,0.0,0.004257813145508088,34,10,10,24,0,6
B,1,6601,enet,20.0,0.5,4031.470877413042,-1.900855212671599,0.9850401878356934,1.0,0.6333333333333333,0.6551724137931034,0.0,0.005333976585807988,29,10,10,19,0,11
B,1,6601,enet,50.0,0.5,4060.267280405939,-1.972915994275623,1.092085838317871,0.9,0.0,0.0,0.1,0.05136855271113269,9,10,9,0,1,30
B,1,6601,enet,100.0,0.5,4305.044216682482,-2.105935765733306,0.5316345691680908,0.4,0.0,0.0,0.6,0.1364251357215821,4,10,4,0,6,30
B,1,6601,enet,200.0,0.5,4407.140664327368,-2.1500612336134854,0.28864169120788574,0.30000000000000004,0.0,0.0,0.7,0.16054917514255623,3,10,3,0,7,30
B,2,6602,none,0.0,,2521.508824782773,-1.0963335169197321,2.0856056213378906,1.0,0.9666666666666667,0.7435897435897436,0.0,0.0012183827920108632,39,10,10,29,0,1
B,2,6602,lasso,1.0,,2500.8232251239315,-1.0958500240504898,1.823406457901001,1.0,0.9,0.7297297297297297,0.0,0.0011609371826088464,37,10,10,27,0,3
B,2,6602,lasso,2.0,,2500.9579947409666,-1.0954028670806375,1.8283882141113281,1.0,0.9,0.7297297297297297,0.0,0.0011129361831014879,37,10,10,27,0,3
B,2,6602,lasso,5.0,,2481.042973677446,-1.0942769006916733,1.754469633102417,1.0,0.7666666666666666,0.696969696969697,0.0,0.0010081676214656892,33,10,10,23,0,7
B,2,6602,lasso,10.0,,2455.771336445453,-1.0926111854194835,1.8986902236938477,1.0,0.6666666666666667,0.6666666666666666,0.0,0.0009081448600923834,30,10,10,20,0,10
B,2,6602,lasso,20.0,,2429.034097408776,-1.0904011657266477,1.6933517456054688,1.0,0.5,0.6,0.0,0.0010109616165858135,25,10,10,15,0,15
B,2,6602,lasso,50.0,,2424.1867243521183,-1.0972306983511626,1.7541704177856445,0.9,0.3,0.5,0.1,0.0036982760992980367,18,10,9,9,1,21
B,2,6602,lasso,100.0,,2439.8593994690555,-1.109954374129989,2.17081618309021,0.7,0.2,0.46153846153846156,0.3,0.00660786626852848,13,10,7,6,3,24
B,2,6602,lasso,200.0,,2439.1044986869997,-1.1238929539402873,2.5779027938842773,0.6,0.03333333333333333,0.14285714285714285,0.4,0.007935865952095209,7,10,6,1,4,29
B,2,6602,enet,1.0,0.5,2514.60842161801,-1.096073286973728,1.7945849895477295,1.0,0.9,0.7297297297297297,0.0,0.0011883038901324883,37,10,10,27,0,3
B,2,6602,enet,2.0,0.5,2500.830880875663,-1.0957961137647334,1.8225479125976562,1.0,0.9,0.7297297297297297,0.0,0.001158337135988501,37,10,10,27,0,3
B,2,6602,enet,5.0,0.5,2494.206291480822,-1.0950597523499177,1.8632516860961914,1.0,0.8666666666666667,0.7222222222222222,0.0,0.0010840177862544663,36,10,10,26,0,4
B,2,6602,enet,10.0,0.5,2481.2490730790682,-1.0940478353158334,1.7477259635925293,1.0,0.8,0.7058823529411765,0.0,0.001000900601688615,34,10,10,24,0,6
B,2,6602,enet,20.0,0.5,2463.4440466955034,-1.0923464083183803,1.8197247982025146,1.0,0.7,0.6774193548387096,0.0,0.000921394159699609,31,10,10,21,0,9
B,2,6602,enet,50.0,0.5,2431.106049811379,-1.0906350445601405,1.7069544792175293,1.0,0.4666666666666667,0.5833333333333334,0.0,0.001399197934740634,24,10,10,14,0,16
B,2,6602,enet,100.0,0.5,2424.865277764279,-1.0994049195531055,1.7757611274719238,0.8,0.26666666666666666,0.5,0.2,0.00411308861462293,16,10,8,8,2,22
B,2,6602,enet,200.0,0.5,2446.6699996256953,-1.1124977761468258,2.0387489795684814,0.7,0.16666666666666666,0.4166666666666667,0.3,0.006959966185696818,12,10,7,5,3,25
B,4,6604,none,0.0,,5178.632763903874,-2.4608992869104,4.361574649810791,1.0,1.0,0.75,0.0,0.0023289572320449006,40,10,10,30,0,0
B,4,6604,lasso,1.0,,5171.762924441657,-2.460114946097915,4.36419677734375,1.0,0.9333333333333333,0.7368421052631579,0.0,0.0020928048760860875,38,10,10,28,0,2
B,4,6604,lasso,2.0,,5151.265513538817,-2.4593451027795385,4.344008684158325,1.0,0.8666666666666667,0.7222222222222222,0.0,0.001889770754186834,36,10,10,26,0,4
B,4,6604,lasso,5.0,,5139.071020339147,-2.4569231977769763,4.205419301986694,1.0,0.8,0.7058823529411765,0.0,0.0014384929380652476,34,10,10,24,0,6
B,4,6604,lasso,10.0,,5129.07797880785,-2.454330172324766,4.2658445835113525,1.0,0.7333333333333334,0.6875,0.0,0.001163699095126802,32,10,10,22,0,8
B,4,6604,lasso,20.0,,5121.624031316603,-2.453486700564071,3.960864543914795,1.0,0.6333333333333333,0.6551724137931034,0.0,0.0015009128259688353,29,10,10,19,0,11
B,4,6604,lasso,50.0,,5092.7927485507935,-2.4673580421652375,3.5955522060394287,1.0,0.26666666666666666,0.4444444444444444,0.0,0.005884417079516432,18,10,10,8,0,22
B,4,6604,lasso,100.0,,5178.7536391316635,-2.527980438150053,3.309730052947998,1.0,0.03333333333333333,0.09090909090909091,0.0,0.02035524400903608,11,10,10,1,0,29
B,4,6604,lasso,200.0,,5282.419206173002,-2.5894135350263685,2.656008243560791,0.6,0.0,0.0,0.4,0.02804171642199734,6,10,6,0,4,30
B,4,6604,enet,1.0,0.5,5178.637070653742,-2.4604816322821206,4.367634296417236,1.0,1.0,0.75,0.0,0.002189288357748973,40,10,10,30,0,0
B,4,6604,enet,2.0,0.5,5164.921002474632,-2.4600414716104697,4.337927341461182,1.0,0.9333333333333333,0.7368421052631579,0.0,0.00205790979361021,38,10,10,28,0,2
B,4,6604,enet,5.0,0.5,5151.711273326591,-2.458815269552022,4.33330774307251,1.0,0.8666666666666667,0.7222222222222222,0.0,0.0017406212547930902,36,10,10,26,0,4
B,4,6604,enet,10.0,0.5,5132.965790805426,-2.4569417212511944,4.168375253677368,1.0,0.7666666666666666,0.696969696969697,0.0,0.0014236058750501993,33,10,10,23,0,7
B,4,6604,enet,20.0,0.5,5138.4494404110765,-2.454881780908224,4.2140583992004395,1.0,0.7666666666666666,0.696969696969697,0.0,0.001318881458473519,33,10,10,23,0,7
B,4,6604,enet,50.0,0.5,5110.983529955938,-2.4590882423439435,3.864450454711914,1.0,0.4666666666666667,0.5833333333333334,0.0,0.0031577250723702774,24,10,10,14,0,16
B,4,6604,enet,100.0,0.5,5123.705549645336,-2.479205872176426,3.3799216747283936,1.0,0.26666666666666666,0.4444444444444444,0.0,0.008857469115033944,18,10,10,8,0,22
B,4,6604,enet,200.0,0.5,5218.163387459873,-2.545521525893262,2.821550130844116,1.0,0.03333333333333333,0.09090909090909091,0.0,0.023017548600010634,11,10,10,1,0,29
B,1,6701,none,0.0,,4042.645424508193,-1.9440636689312996,0.7750198841094971,1.0,1.0,0.75,0.0,0.004697527182473236,40,10,10,30,0,0
B,1,6701,lasso,1.0,,4029.006322420011,-1.9425620328845439,0.8427150249481201,1.0,0.9333333333333333,0.7368421052631579,0.0,0.004210988831232475,38,10,10,28,0,2
B,1,6701,lasso,2.0,,4022.8060310735927,-1.9400094072474532,0.7921087741851807,1.0,0.9,0.7297297297297297,0.0,0.0037961321233928643,37,10,10,27,0,3
B,1,6701,lasso,5.0,,3971.245415554341,-1.9357293543785454,0.7376794815063477,1.0,0.6,0.6428571428571429,0.0,0.003087248493423506,28,10,10,18,0,12
B,1,6701,lasso,10.0,,3926.1435486685864,-1.9338187603876795,0.79355788230896,1.0,0.3666666666666667,0.5238095238095238,0.0,0.003329937410745693,21,10,10,11,0,19
B,1,6701,lasso,20.0,,3907.111624976597,-1.9424357482974108,0.7591226100921631,1.0,0.13333333333333333,0.2857142857142857,0.0,0.008692953833596818,14,10,10,4,0,26
B,1,6701,lasso,50.0,,4071.462210929627,-2.052733874644463,0.9933686256408691,0.6,0.0,0.0,0.4,0.09866587198572827,6,10,6,0,4,30
B,1,6701,lasso,100.0,,4364.2625328866025,-2.1647776570904886,0.8777105808258057,0.2,0.0,0.0,0.8,0.16170150451401524,2,10,2,0,8,30
B,1,6701,lasso,200.0,,4364.3013826385,-2.1647797959895816,0.63112473487854,0.2,0.0,0.0,0.8,0.1619692068250459,2,10,2,0,8,30
B,1,6701,enet,1.0,0.5,4042.7230031621953,-1.943388401986942,0.8072123527526855,1.0,1.0,0.75,0.0,0.004453941265872225,40,10,10,30,0,0
B,1,6701,enet,2.0,0.5,4029.2683063920194,-1.9417943986075812,0.7571225166320801,1.0,0.9333333333333333,0.7368421052631579,0.0,0.004245693181906966,38,10,10,28,0,2
B,1,6701,enet,5.0,0.5,4010.180388334535,-1.939684758822258,0.8630595207214355,1.0,0.8333333333333333,0.7142857142857143,0.0,0.003847072093479696,35,10,10,25,0,5
B,1,6701,enet,10.0,0.5,3960.7255313501037,-1.937305745774132,0.8176321983337402,1.0,0.5666666666666667,0.6296296296296297,0.0,0.003939167319648429,27,10,10,17,0,13
B,1,6701,enet,20.0,0.5,3939.6180195307256,-1.9403465441663923,0.8088903427124023,1.0,0.3666666666666667,0.5238095238095238,0.0,0.0068051525635536006,21,10,10,11,0,19
B,1,6701,enet,50.0,0.5,4011.492939049035,-2.0010564688145833,0.9667515754699707,1.0,0.06666666666666667,0.16666666666666666,0.0,0.04773204496491451,12,10,10,2,0,28
B,1,6701,enet,100.0,0.5,4247.94832314091,-2.1121565964382527,0.7559826374053955,0.6,0.0,0.0,0.4,0.1278626543981642,6,10,6,0,4,30
B,1,6701,enet,200.0,0.5,4364.372109504247,-2.164804041838412,0.8207283020019531,0.2,0.0,0.0,0.8,0.16189613250805995,2,10,2,0,8,30
B,2,6702,none,0.0,,2425.955228420008,-1.1220842336170074,2.529690980911255,1.0,1.0,0.75,0.0,0.005208323125158358,40,10,10,30,0,0
B,2,6702,lasso,1.0,,2426.0036701196123,-1.1209306347688592,2.230797529220581,1.0,1.0,0.75,0.0,0.005142238627428977,40,10,10,30,0,0
B,2,6702,lasso,2.0,,2426.1502131395964,-1.1198296141008794,1.8040993213653564,1.0,1.0,0.75,0.0,0.005076042235990849,40,10,10,30,0,0
B,2,6702,lasso,5.0,,2413.2603193792074,-1.1167668625951197,1.3315951824188232,1.0,0.9333333333333333,0.7368421052631579,0.0,0.0049496554643180465,38,10,10,28,0,2
B,2,6702,lasso,10.0,,2402.3227797122536,-1.112401940817157,1.2989587783813477,1.0,0.8666666666666667,0.7222222222222222,0.0,0.004903403479331813,36,10,10,26,0,4
B,2,6702,lasso,20.0,,2378.281334698558,-1.107468694276589,1.3066163063049316,1.0,0.7,0.6774193548387096,0.0,0.005349186045717686,31,10,10,21,0,9
B,2,6702,lasso,50.0,,2331.3175291740436,-1.1134206733024863,1.2161872386932373,0.9,0.3333333333333333,0.5263157894736842,0.1,0.00888112148458028,19,10,9,10,1,20
B,2,6702,lasso,100.0,,2344.674240695766,-1.1254976933933865,1.473818063735962,0.7,0.23333333333333334,0.5,0.3,0.013172307100370612,14,10,7,7,3,23
B,2,6702,lasso,200.0,,2341.8687001221624,-1.1360105907458484,1.47479248046875,0.6,0.06666666666666667,0.25,0.4,0.014844841152118935,8,10,6,2,4,28
B,2,6702,enet,1.0,0.5,2425.970516989789,-1.1214408761064791,3.2557737827301025,1.0,1.0,0.75,0.0,0.005173376025663758,40,10,10,30,0,0
B,2,6702,enet,2.0,0.5,2426.0151293292424,-1.120824198016519,2.932070255279541,1.0,1.0,0.75,0.0,0.005133067008554833,40,10,10,30,0,0
B,2,6702,enet,5.0,0.5,2426.3220884108337,-1.1190256012163562,2.2456047534942627,1.0,1.0,0.75,0.0,0.005049986001860524,40,10,10,30,0,0
B,2,6702,enet,10.0,0.5,2413.4879908262474,-1.1163393792896346,1.6365454196929932,1.0,0.9333333333333333,0.7368421052631579,0.0,0.004962647496885557,38,10,10,28,0,2
B,2,6702,enet,20.0,0.5,2403.1131337770908,-1.1119142661026957,1.267735481262207,1.0,0.8666666666666667,0.7222222222222222,0.0,0.00497235990516907,36,10,10,26,0,4
B,2,6702,enet,50.0,0.5,2367.1228236370475,-1.1075287858461116,1.2594058513641357,1.0,0.5666666666666667,0.6296296296296297,0.0,0.006133139884068564,27,10,10,17,0,13
B,2,6702,enet,100.0,0.5,2336.770198185781,-1.1154514621516136,1.2834432125091553,0.9,0.3333333333333333,0.5263157894736842,0.1,0.009383750744332599,19,10,9,10,1,20
B,2,6702,enet,200.0,0.5,2341.5087443989974,-1.127179496523781,1.3491051197052002,0.7,0.2,0.46153846153846156,0.3,0.013411836230226522,13,10,7,6,3,24
B,4,6704,none,0.0,,5075.470873167886,-2.4482031084525153,6.990036249160767,1.0,0.9666666666666667,0.7435897435897436,0.0,0.004806583439527409,39,10,10,29,0,1
B,4,6704,lasso,1.0,,5069.17410556998,-2.44553941633312,6.90007758140564,1.0,0.9666666666666667,0.7435897435897436,0.0,0.004199308779464617,39,10,10,29,0,1
B,4,6704,lasso,2.0,,5070.025357338417,-2.443570321397742,6.520489692687988,1.0,0.9666666666666667,0.7435897435897436,0.0,0.0038120253782690456,39,10,10,29,0,1
B,4,6704,lasso,5.0,,5059.5805374744605,-2.4399514295728184,5.964523792266846,1.0,0.9,0.7297297297297297,0.0,0.0033879865611240773,37,10,10,27,0,3
B,4,6704,lasso,10.0,,5037.29403725567,-2.437097893782323,5.847070217132568,1.0,0.7333333333333334,0.6875,0.0,0.0031758526887049367,32,10,10,22,0,8
B,4,6704,lasso,20.0,,5013.257687697217,-2.4359996057743922,5.6482179164886475,1.0,0.6000000000000001,0.6428571428571429,0.0,0.0040545697546876406,28,10,10,18,0,12
B,4,6704,lasso,50.0,,5011.510199484204,-2.4565163457067882,4.357978343963623,1.0,0.3333333333333333,0.5,0.0,0.011858041219245868,20,10,10,10,0,20
B,4,6704,lasso,100.0,,5031.28162705075,-2.496407129775389,3.2473888397216797,0.7,0.06666666666666667,0.2222222222222222,0.3,0.02456826816174092,9,10,7,2,3,28
B,4,6704,lasso,200.0,,5107.971030246271,-2.5247058980125674,3.263526678085327,0.6,0.03333333333333333,0.14285714285714285,0.4,0.02840130520348025,7,10,6,1,4,29
B,4,6704,enet,1.0,0.5,5075.945747680281,-2.4466785211040483,6.865010976791382,1.0,1.0,0.75,0.0,0.004438975525346924,40,10,10,30,0,0
B,4,6704,enet,2.0,0.5,5076.561020771103,-2.4456071897430043,6.7106568813323975,1.0,1.0,0.75,0.0,0.004216164213524102,40,10,10,30,0,0
B,4,6704,enet,5.0,0.5,5064.12083498235,-2.442715596155544,6.345621347427368,1.0,0.9333333333333333,0.7368421052631579,0.0,0.0037621210775763106,38,10,10,28,0,2
B,4,6704,enet,10.0,0.5,5060.43473638032,-2.4397985139791105,5.834844350814819,1.0,0.9,0.7297297297297297,0.0,0.003494800843733054,37,10,10,27,0,3
B,4,6704,enet,20.0,0.5,5032.050011726998,-2.43790089412741,5.826229810714722,1.0,0.7333333333333334,0.6875,0.0,0.0036463442433112446,32,10,10,22,0,8
B,4,6704,enet,50.0,0.5,5014.322988735107,-2.4418592414199565,5.436498641967773,1.0,0.5333333333333333,0.6153846153846154,0.0,0.006652414317403147,26,10,10,16,0,14
B,4,6704,enet,100.0,0.5,5029.522694261003,-2.4653338576055583,3.9261245727539062,1.0,0.3333333333333333,0.5,0.0,0.014610608522743089,20,10,10,10,0,20
B,4,6704,enet,200.0,0.5,5054.1909547025525,-2.503988957651955,3.41153883934021,0.7,0.06666666666666667,0.2222222222222222,0.3,0.02538571627469319,9,10,7,2,3,28
B,1,6801,none,0.0,,4111.293738585559,-1.9241969033818913,0.5444965362548828,1.0,1.0,0.75,0.0,0.0037109648049013207,40,10,10,30,0,0
B,1,6801,lasso,1.0,,4104.550322941996,-1.9225277607800735,0.5790722370147705,1.0,0.9666666666666667,0.7435897435897436,0.0,0.0033837129369584645,39,10,10,29,0,1
B,1,6801,lasso,2.0,,4091.225173370907,-1.9209795705389157,0.5701141357421875,1.0,0.9,0.7297297297297297,0.0,0.003104001622403764,37,10,10,27,0,3
B,1,6801,lasso,5.0,,4080.1517523983453,-1.9175030045753352,0.6301562786102295,1.0,0.8333333333333333,0.7142857142857143,0.0,0.002526043656148484,35,10,10,25,0,5
B,1,6801,lasso,10.0,,4041.737877437178,-1.914863033731291,0.6547863483428955,1.0,0.6,0.6428571428571429,0.0,0.0023458941932043937,28,10,10,18,0,12
B,1,6801,lasso,20.0,,3998.411112351733,-1.9201510629646734,0.6555807590484619,1.0,0.23333333333333334,0.4117647058823529,0.0,0.004686624000820537,17,10,10,7,0,23
B,1,6801,lasso,50.0,,4298.251263459729,-2.0889786349730604,0.6949067115783691,0.7,0.0,0.0,0.3,0.11770578382961275,7,10,7,0,3,30
B,1,6801,lasso,100.0,,4404.7450242540035,-2.1637890836132447,0.606412410736084,0.2,0.0,0.0,0.8,0.1612757377590648,2,10,2,0,8,30
B,1,6801,lasso,200.0,,4404.752674879887,-2.1637871189873628,0.5906016826629639,0.2,0.0,0.0,0.8,0.16127761143616176,2,10,2,0,8,30
B,1,6801,enet,1.0,0.5,4104.4636764571405,-1.9234488730382713,0.5598602294921875,1.0,0.9666666666666667,0.7435897435897436,0.0,0.0035546805710413264,39,10,10,29,0,1
B,1,6801,enet,2.0,0.5,4104.700115142245,-1.9227412332921046,0.5704107284545898,1.0,0.9666666666666667,0.7435897435897436,0.0,0.0034217673979821785,39,10,10,29,0,1
B,1,6801,enet,5.0,0.5,4085.493840228215,-1.9210310779134225,0.5983467102050781,1.0,0.8666666666666667,0.7222222222222222,0.0,0.003145021584471968,36,10,10,26,0,4
B,1,6801,enet,10.0,0.5,4083.169693487316,-1.9195520911439763,0.6582300662994385,1.0,0.8333333333333333,0.7142857142857143,0.0,0.0030577005775745706,35,10,10,25,0,5
B,1,6801,enet,20.0,0.5,4040.2357127990185,-1.9219863640721737,0.6369712352752686,1.0,0.5333333333333333,0.6153846153846154,0.0,0.004434421667500021,26,10,10,16,0,14
B,1,6801,enet,50.0,0.5,4085.380635793563,-1.9785960004266616,0.8950703144073486,1.0,0.06666666666666667,0.16666666666666666,0.0,0.03163883985462985,12,10,10,2,0,28
B,1,6801,enet,100.0,0.5,4376.812583705792,-2.1366102749372984,0.3798222541809082,0.4,0.0,0.0,0.6,0.14613898516050605,4,10,4,0,6,30
B,1,6801,enet,200.0,0.5,4404.744804318217,-2.1637889982541743,0.605463981628418,0.2,0.0,0.0,0.8,0.1612758474451989,2,10,2,0,8,30
B,2,6802,none,0.0,,2308.6782874090673,-1.0646328875487474,1.8541364669799805,1.0,0.9666666666666667,0.7435897435897436,0.0,0.0012352405852464805,39,10,10,29,0,1
B,2,6802,lasso,1.0,,2301.8242763685057,-1.0636821446018758,1.5587575435638428,1.0,0.9666666666666667,0.7435897435897436,0.0,0.0011192872196192135,39,10,10,29,0,1
B,2,6802,lasso,2.0,,2295.0954963251334,-1.0627884439937763,1.6852257251739502,1.0,0.9333333333333333,0.7368421052631579,0.0,0.0010132854947738526,38,10,10,28,0,2
B,2,6802,lasso,5.0,,2296.377194036365,-1.0606097013772267,2.1356887817382812,1.0,0.9333333333333333,0.7368421052631579,0.0,0.0007626843863083966,38,10,10,28,0,2
B,2,6802,lasso,10.0,,2251.840800499754,-1.0573373381964517,1.6549346446990967,1.0,0.7,0.6774193548387096,0.0,0.0005267756199407961,31,10,10,21,0,9
B,2,6802,lasso,20.0,,2233.140912923358,-1.0543732183806382,1.4839026927947998,1.0,0.5666666666666667,0.6296296296296297,0.0,0.0006135776874687686,27,10,10,17,0,13
B,2,6802,lasso,50.0,,2205.683574827133,-1.0686077626215897,1.6421141624450684,0.8,0.26666666666666666,0.5,0.2,0.004399011653469626,16,10,8,8,2,22
B,2,6802,lasso,100.0,,2220.1685980121742,-1.0851655753824343,1.5955309867858887,0.6,0.2,0.5,0.4,0.007909408376630948,12,10,6,6,4,24
B,2,6802,lasso,200.0,,2196.682008901317,-1.0877040162044445,1.86741042137146,0.6,0.0,0.0,0.4,0.007937817526313574,6,10,6,0,4,30
B,2,6802,enet,1.0,0.5,2301.7845359308208,-1.064101787566397,1.8696880340576172,1.0,0.9666666666666667,0.7435897435897436,0.0,0.0011710249550626675,39,10,10,29,0,1
B,2,6802,enet,2.0,0.5,2301.8364578006112,-1.0635864546459155,1.5716919898986816,1.0,0.9666666666666667,0.7435897435897436,0.0,0.0011100977952978764,39,10,10,29,0,1
B,2,6802,enet,5.0,0.5,2295.3034753499965,-1.0621155960560236,2.424269914627075,1.0,0.9333333333333333,0.7368421052631579,0.0,0.0009472172546344097,38,10,10,28,0,2
B,2,6802,enet,10.0,0.5,2296.6673954368744,-1.0602844448111315,2.036912441253662,1.0,0.9333333333333333,0.7368421052631579,0.0,0.0007450134566005269,38,10,10,28,0,2
B,2,6802,enet,20.0,0.5,2259.7242048956846,-1.0571379387907258,1.628187656402588,1.0,0.7333333333333334,0.6875,0.0,0.000548914622092529,32,10,10,22,0,8
B,2,6802,enet,50.0,0.5,2244.8231968987025,-1.0558031023965386,1.4279861450195312,1.0,0.5666666666666667,0.6296296296296297,0.0,0.0012353019453217806,27,10,10,17,0,13
B,2,6802,enet,100.0,0.5,2211.847087774077,-1.0713055828151206,1.8321101665496826,0.8,0.26666666666666666,0.5,0.2,0.004934790334346099,16,10,8,8,2,22
B,2,6802,enet,200.0,0.5,2221.410995327469,-1.0854536464048525,1.6622035503387451,0.6,0.2,0.5,0.4,0.007911531267299328,12,10,6,6,4,24
B,4,6804,none,0.0,,4975.0879823493315,-2.4648768470029845,9.430872440338135,1.0,1.0,0.75,0.0,0.008924539463148183,40,10,10,30,0,0
B,4,6804,lasso,1.0,,4975.4350789751625,-2.462053364568913,8.49540901184082,1.0,0.9666666666666667,0.7435897435897436,0.0,0.008149790439669204,39,10,10,29,0,1
B,4,6804,lasso,2.0,,4968.83649874579,-2.4597488458613257,8.224494457244873,1.0,0.9666666666666667,0.7435897435897436,0.0,0.007424774511705175,39,10,10,29,0,1
B,4,6804,lasso,5.0,,4957.632530044635,-2.453739354154669,6.845499515533447,1.0,0.9,0.7297297297297297,0.0,0.0057727267772938315,37,10,10,27,0,3
B,4,6804,lasso,10.0,,4958.280543336776,-2.445014707742337,5.826491594314575,1.0,0.8666666666666667,0.7222222222222222,0.0,0.004239421098229265,36,10,10,26,0,4
B,4,6804,lasso,20.0,,4893.999510732676,-2.432300637217456,5.017688512802124,1.0,0.4666666666666667,0.5833333333333334,0.0,0.0019160985495784875,24,10,10,14,0,16
B,4,6804,lasso,50.0,,4914.073402179391,-2.4616389302304778,4.132494926452637,0.9,0.3333333333333333,0.5263157894736842,0.1,0.008701851655585284,19,10,9,10,1,20
B,4,6804,lasso,100.0,,4965.506314159612,-2.4988750503296324,3.142582416534424,0.8,0.1,0.2727272727272727,0.2,0.017031898623687463,11,10,8,3,2,27
B,4,6804,lasso,200.0,,5091.933256069996,-2.552460324570272,2.384995698928833,0.6,0.0,0.0,0.4,0.0271253736406629,6,10,6,0,4,30
B,4,6804,enet,1.0,0.5,4975.483084447332,-2.4627132738337925,8.529535055160522,1.0,1.0,0.75,0.0,0.008454237875886094,40,10,10,30,0,0
B,4,6804,enet,2.0,0.5,4975.696905665298,-2.461234177612728,8.712209701538086,1.0,1.0,0.75,0.0,0.00802780473166896,40,10,10,30,0,0
B,4,6804,enet,5.0,0.5,4969.813103584433,-2.457297172084908,7.888889312744141,1.0,0.9333333333333333,0.7368421052631579,0.0,0.006830003974758319,38,10,10,28,0,2
B,4,6804,enet,10.0,0.5,4958.826343437132,-2.452300517734884,6.3295981884002686,1.0,0.9,0.7297297297297297,0.0,0.005291801726663093,37,10,10,27,0,3
B,4,6804,enet,20.0,0.5,4954.722430970757,-2.4448469188764084,5.363820314407349,1.0,0.8333333333333334,0.7142857142857143,0.0,0.003887918546310503,35,10,10,25,0,5
B,4,6804,enet,50.0,0.5,4918.311659255932,-2.4426118078335533,4.577697277069092,1.0,0.5,0.6,0.0,0.0036532116141625866,25,10,10,15,0,15
B,4,6804,enet,100.0,0.5,4941.877857524127,-2.4731133155061715,3.4729883670806885,0.9,0.3,0.5,0.1,0.010645088432247788,18,10,9,9,1,21
B,4,6804,enet,200.0,0.5,5015.6558876968265,-2.5184639663436625,2.8431036472320557,0.8,0.1,0.2727272727272727,0.2,0.020386951436151553,11,10,8,3,2,27
B,1,6901,none,0.0,,4034.595736897437,-1.990945171514005,0.7610206604003906,1.0,1.0,0.75,0.0,0.005042407774844892,40,10,10,30,0,0
B,1,6901,lasso,1.0,,4021.0441822016833,-1.988638047502207,0.801837682723999,1.0,0.9333333333333333,0.7368421052631579,0.0,0.004709605753129306,38,10,10,28,0,2
B,1,6901,lasso,2.0,,4000.912073898137,-1.9819147393510725,0.7814719676971436,1.0,0.8333333333333334,0.7142857142857143,0.0,0.004460030255305402,35,10,10,25,0,5
B,1,6901,lasso,5.0,,3984.354292816056,-1.9618903252200148,0.675757646560669,1.0,0.7333333333333334,0.6875,0.0,0.004021013105169394,32,10,10,22,0,8
B,1,6901,lasso,10.0,,3925.298029082955,-1.9514139572165108,0.6773250102996826,1.0,0.4,0.5454545454545454,0.0,0.004229384550923382,22,10,10,12,0,18
B,1,6901,lasso,20.0,,3897.234011632936,-1.9563961430598225,0.7345724105834961,1.0,0.13333333333333333,0.2857142857142857,0.0,0.0077031846491225,14,10,10,4,0,26
B,1,6901,lasso,50.0,,4205.834472561964,-2.1233745266329906,0.7119638919830322,0.6000000000000001,0.0,0.0,0.4,0.12240023705645696,6,10,6,0,4,30
B,1,6901,lasso,100.0,,4334.347801204056,-2.185806434731905,0.35285019874572754,0.30000000000000004,0.0,0.0,0.7,0.16130178907332368,3,10,3,0,7,30
B,1,6901,lasso,200.0,,4339.93926661774,-2.1894543061926535,0.2957587242126465,0.2,0.0,0.0,0.8,0.16482184065673577,2,10,2,0,8,30
B,1,6901,enet,1.0,0.5,4034.7273810849933,-1.9899508234108494,0.8566114902496338,1.0,1.0,0.75,0.0,0.004859179859565637,40,10,10,30,0,0
B,1,6901,enet,2.0,0.5,4021.2001590602767,-1.9881484103014395,0.8152940273284912,1.0,0.9333333333333333,0.7368421052631579,0.0,0.004722010021043238,38,10,10,28,0,2
B,1,6901,enet,5.0,0.5,4002.1935151553994,-1.9765599677500523,0.7753541469573975,1.0,0.8333333333333334,0.7142857142857143,0.0,0.004473104117018541,35,10,10,25,0,5
B,1,6901,enet,10.0,0.5,3980.765428273927,-1.9597867495057457,0.7327399253845215,1.0,0.7,0.6774193548387096,0.0,0.004619903877820485,31,10,10,21,0,9
B,1,6901,enet,20.0,0.5,3936.2780148848165,-1.9543898224097531,0.7628626823425293,1.0,0.4,0.5454545454545454,0.0,0.006311260141226781,22,10,10,12,0,18
B,1,6901,enet,50.0,0.5,3984.1832950745625,-2.0064370122643806,1.3195695877075195,1.0,0.0,0.0,0.0,0.03772204018723825,10,10,10,0,0,30
B,1,6901,enet,100.0,0.5,4246.740531087169,-2.146509019853519,0.5983767509460449,0.5,0.0,0.0,0.5,0.1367598249952333,5,10,5,0,5,30
B,1,6901,enet,200.0,0.5,4341.673308351626,-2.188039896555087,0.32725095748901367,0.30000000000000004,0.0,0.0,0.7,0.16345816031225835,3,10,3,0,7,30
B,2,6902,none,0.0,,2386.130794203581,-1.1796670037422174,1.1851067543029785,1.0,1.0,0.75,0.0,0.00335390801471486,40,10,10,30,0,0
B,2,6902,lasso,1.0,,2379.2511999461376,-1.1785304769997955,1.2377712726593018,1.0,0.9666666666666667,0.7435897435897436,0.0,0.003232229202101831,39,10,10,29,0,1
B,2,6902,lasso,2.0,,2379.384597432145,-1.1775086190297828,1.1951048374176025,1.0,0.9666666666666667,0.7435897435897436,0.0,0.003113551272092754,39,10,10,29,0,1
B,2,6902,lasso,5.0,,2380.3928834532608,-1.1744984578535986,1.2241342067718506,1.0,0.9666666666666667,0.7435897435897436,0.0,0.0027935482213794177,39,10,10,29,0,1
B,2,6902,lasso,10.0,,2370.156529269896,-1.1699780796223098,1.3653600215911865,1.0,0.9,0.7297297297297297,0.0,0.0023732628708644965,37,10,10,27,0,3
B,2,6902,lasso,20.0,,2334.776994317008,-1.1650301007173012,1.3686354160308838,1.0,0.6666666666666667,0.6666666666666666,0.0,0.0021529458898773162,30,10,10,20,0,10
B,2,6902,lasso,50.0,,2321.175415642808,-1.1784806663651952,1.6080772876739502,1.0,0.3,0.47368421052631576,0.0,0.005469602845584598,19,10,10,9,0,21
B,2,6902,lasso,100.0,,2317.2856736274066,-1.1974012151355256,1.6977126598358154,0.6,0.2,0.5,0.4,0.00927718400120457,12,10,6,6,4,24
B,2,6902,lasso,200.0,,2316.2553914837044,-1.208300500062765,2.2475745677948,0.6,0.06666666666666667,0.25,0.4,0.009322928615862161,8,10,6,2,4,28
B,2,6902,enet,1.0,0.5,2386.134016560563,-1.1790922588620132,1.2120420932769775,1.0,1.0,0.75,0.0,0.0032878357436373637,40,10,10,30,0,0
B,2,6902,enet,2.0,0.5,2379.2602476608777,-1.1784307901451863,1.1901724338531494,1.0,0.9666666666666667,0.7435897435897436,0.0,0.0032219345738167893,39,10,10,29,0,1
B,2,6902,enet,5.0,0.5,2379.5609066166776,-1.1767874796261515,1.2255678176879883,1.0,0.9666666666666667,0.7435897435897436,0.0,0.0030345388986861383,39,10,10,29,0,1
B,2,6902,enet,10.0,0.5,2380.6729581461273,-1.1741574348328088,1.2565934658050537,1.0,0.9666666666666667,0.7435897435897436,0.0,0.0027651285980935607,39,10,10,29,0,1
B,2,6902,enet,20.0,0.5,2371.207567742851,-1.16974456657943,1.3788113594055176,1.0,0.9,0.7297297297297297,0.0,0.0023713777621761443,37,10,10,27,0,3
B,2,6902,enet,50.0,0.5,2334.8622567161456,-1.166197465338914,1.3918771743774414,1.0,0.6000000000000001,0.6428571428571429,0.0,0.002602144437779723,28,10,10,18,0,12
B,2,6902,enet,100.0,0.5,2327.845101499098,-1.1823931647801509,1.5610973834991455,1.0,0.3,0.47368421052631576,0.0,0.0062536717585105735,19,10,10,9,0,21
B,2,6902,enet,200.0,0.5,2318.8881258111264,-1.198488663249179,1.7278499603271484,0.6,0.2,0.5,0.4,0.009267668069006928,12,10,6,6,4,24
B,4,6904,none,0.0,,5169.447714104854,-2.4329701893701206,5.947972297668457,1.0,1.0,0.75,0.0,0.0026429420822953464,40,10,10,30,0,0
B,4,6904,lasso,1.0,,5169.856890355597,-2.431798806379169,5.9605066776275635,1.0,1.0,0.75,0.0,0.0022494246693969453,40,10,10,30,0,0
B,4,6904,lasso,2.0,,5164.066160228262,-2.4302172404177553,5.530632972717285,1.0,0.9666666666666667,0.7435897435897436,0.0,0.0017254155520364483,39,10,10,29,0,1
B,4,6904,lasso,5.0,,5146.228992560844,-2.428812362464228,5.389171361923218,1.0,0.8666666666666667,0.7222222222222222,0.0,0.0011253005645298598,36,10,10,26,0,4
B,4,6904,lasso,10.0,,5109.709403434202,-2.4285258327704877,4.932042837142944,1.0,0.6666666666666666,0.6666666666666666,0.0,0.0007781134947051201,30,10,10,20,0,10
B,4,6904,lasso,20.0,,5083.444471392745,-2.431055873627929,5.858472585678101,1.0,0.5,0.6,0.0,0.0006566513452203982,25,10,10,15,0,15
B,4,6904,lasso,50.0,,5074.573436896951,-2.448973664276642,4.143532752990723,1.0,0.23333333333333334,0.4117647058823529,0.0,0.004390191301989685,17,10,10,7,0,23
B,4,6904,lasso,100.0,,5113.666126796151,-2.489649819217934,4.123816251754761,0.9,0.03333333333333333,0.1,0.1,0.01220194169935815,10,10,9,1,1,29
B,4,6904,lasso,200.0,,5311.629194559485,-2.5758147283467943,3.2776806354522705,0.8,0.0,0.0,0.2,0.02588036673712405,8,10,8,0,2,30
B,4,6904,enet,1.0,0.5,5169.661468830267,-2.4323033881312783,5.946283578872681,1.0,1.0,0.75,0.0,0.0024055289318788277,40,10,10,30,0,0
B,4,6904,enet,2.0,0.5,5169.946504761814,-2.4316955672912326,5.831289768218994,1.0,1.0,0.75,0.0,0.002186661460138378,40,10,10,30,0,0
B,4,6904,enet,5.0,0.5,5157.850745035336,-2.4299398110955437,5.529521942138672,1.0,0.9333333333333333,0.7368421052631579,0.0,0.001509622438894987,38,10,10,28,0,2
B,4,6904,enet,10.0,0.5,5140.769701348195,-2.4288242040657377,5.360962152481079,1.0,0.8333333333333333,0.7142857142857143,0.0,0.001019432533477359,35,10,10,25,0,5
B,4,6904,enet,20.0,0.5,5112.61177823806,-2.429704861296532,5.047100305557251,1.0,0.6666666666666666,0.6666666666666666,0.0,0.0009263836298791833,30,10,10,20,0,10
B,4,6904,enet,50.0,0.5,5091.756929557367,-2.4362956559649547,6.293926000595093,1.0,0.4666666666666667,0.5833333333333334,0.0,0.0017095591088165548,24,10,10,14,0,16
B,4,6904,enet,100.0,0.5,5088.507966713497,-2.4584666621743443,4.258971691131592,1.0,0.2,0.375,0.0,0.006438901378921702,16,10,10,6,0,24
B,4,6904,enet,200.0,0.5,5160.040844480404,-2.509281677460655,3.8703200817108154,0.9,0.03333333333333333,0.1,0.1,0.016054115315420944,10,10,9,1,1,29
B,1,7001,none,0.0,,4063.1525321955896,-1.8604835045626082,0.7891373634338379,1.0,1.0,0.75,0.0,0.004062353780484044,40,10,10,30,0,0
B,1,7001,lasso,1.0,,4063.302205826495,-1.8594028009464219,0.7692017555236816,1.0,1.0,0.75,0.0,0.0038241078702131387,40,10,10,30,0,0
B,1,7001,lasso,2.0,,4036.1495720642715,-1.858557027153937,0.7787361145019531,1.0,0.8666666666666667,0.7222222222222222,0.0,0.003631737296831259,36,10,10,26,0,4
B,1,7001,lasso,5.0,,3996.050605422699,-1.8588355878760072,0.9315323829650879,1.0,0.6666666666666666,0.6666666666666666,0.0,0.0037522922731878013,30,10,10,20,0,10
B,1,7001,lasso,10.0,,3948.8588768959385,-1.857420019102307,0.8948335647583008,1.0,0.4,0.5454545454545454,0.0,0.003966547463307598,22,10,10,12,0,18
B,1,7001,lasso,20.0,,3933.608224734151,-1.8625485569591809,0.8044853210449219,1.0,0.2,0.375,0.0,0.006729024109738584,16,10,10,6,0,24
B,1,7001,lasso,50.0,,4210.114924397139,-2.038367041043676,0.7002613544464111,0.6,0.0,0.0,0.4,0.11587136828243143,6,10,6,0,4,30
B,1,7001,lasso,100.0,,4354.645779207604,-2.1201341945761816,0.3684365749359131,0.30000000000000004,0.0,0.0,0.7,0.15904721794681384,3,10,3,0,7,30
B,1,7001,lasso,200.0,,4375.730256789901,-2.133308996444744,0.2697782516479492,0.2,0.0,0.0,0.8,0.16660341618568472,2,10,2,0,8,30
B,1,7001,enet,1.0,0.5,4063.1936176036515,-1.8600024678512506,0.7878327369689941,1.0,1.0,0.75,0.0,0.003995029807778664,40,10,10,30,0,0
B,1,7001,enet,2.0,0.5,4063.3771153642992,-1.8595913284835939,0.7929151058197021,1.0,1.0,0.75,0.0,0.003947367568448355,40,10,10,30,0,0
B,1,7001,enet,5.0,0.5,4028.6031557125666,-1.8611283399750387,0.9969477653503418,1.0,0.8333333333333333,0.7142857142857143,0.0,0.004341622598515497,35,10,10,25,0,5
B,1,7001,enet,10.0,0.5,3998.3522133737924,-1.8608484372416574,0.9647386074066162,1.0,0.6666666666666666,0.6666666666666666,0.0,0.0046889230609833445,30,10,10,20,0,10
B,1,7001,enet,20.0,0.5,3959.18726540929,-1.8630583371749154,0.8718409538269043,1.0,0.4,0.5454545454545454,0.0,0.006460882342413681,22,10,10,12,0,18
B,1,7001,enet,50.0,0.5,4021.0775504106387,-1.915079035482812,1.2765932083129883,1.0,0.1,0.23076923076923078,0.0,0.03287179211291206,13,10,10,3,0,27
B,1,7001,enet,100.0,0.5,4290.29311465724,-2.0820615037258023,0.45765209197998047,0.5,0.0,0.0,0.5,0.13837927561768823,5,10,5,0,5,30
B,1,7001,enet,200.0,0.5,4376.549663711186,-2.130305448700256,0.45261168479919434,0.30000000000000004,0.0,0.0,0.7,0.16472360273597325,3,10,3,0,7,30
B,2,7002,none,0.0,,2584.0252958486044,-1.124235826738399,1.793865442276001,1.0,1.0,0.75,0.0,0.002116587316203936,40,10,10,30,0,0
B,2,7002,lasso,1.0,,2584.079541257617,-1.1225291514308036,1.859375238418579,1.0,1.0,0.75,0.0,0.00194356610913345,40,10,10,30,0,0
B,2,7002,lasso,2.0,,2584.2525414256525,-1.120860429207706,1.9642360210418701,1.0,1.0,0.75,0.0,0.0017763266363756253,40,10,10,30,0,0
B,2,7002,lasso,5.0,,2571.6654167105708,-1.116288806973138,2.2455782890319824,1.0,0.9333333333333333,0.7368421052631579,0.0,0.0013367371265260717,38,10,10,28,0,2
B,2,7002,lasso,10.0,,2540.8186739041316,-1.1099040511228924,1.8696768283843994,1.0,0.7666666666666666,0.696969696969697,0.0,0.0008041730360444882,33,10,10,23,0,7
B,2,7002,lasso,20.0,,2525.973923159749,-1.1036250149156968,1.7566235065460205,1.0,0.6333333333333333,0.6551724137931034,0.0,0.00030761316569966003,29,10,10,19,0,11
B,2,7002,lasso,50.0,,2487.4961000408503,-1.113088912973658,1.6772561073303223,1.0,0.2,0.375,0.0,0.0028657843956569904,16,10,10,6,0,24
B,2,7002,lasso,100.0,,2500.399513565055,-1.1358301570487632,2.7139298915863037,0.6,0.1,0.3333333333333333,0.4,0.00794871049190277,9,10,6,3,4,27
B,2,7002,lasso,200.0,,2504.957956041101,-1.1357846596465606,2.6735100746154785,0.6,0.03333333333333333,0.14285714285714285,0.4,0.007951706810298047,7,10,6,1,4,29
B,2,7002,enet,1.0,0.5,2584.0388688569687,-1.1232807615219644,1.7523822784423828,1.0,1.0,0.75,0.0,0.0020180494771356414,40,10,10,30,0,0
B,2,7002,enet,2.0,0.5,2584.0942157239874,-1.1223261681493377,1.8603832721710205,1.0,1.0,0.75,0.0,0.001922601570826443,40,10,10,30,0,0
B,2,7002,enet,5.0,0.5,2584.484712264082,-1.1195881219201942,1.9616386890411377,1.0,1.0,0.75,0.0,0.0016482255997473062,40,10,10,30,0,0
B,2,7002,enet,10.0,0.5,2571.9946603008525,-1.1155295394571387,2.1244661808013916,1.0,0.9333333333333333,0.7368421052631579,0.0,0.0012658280415255689,38,10,10,28,0,2
B,2,7002,enet,20.0,0.5,2548.914398211836,-1.1089650189065694,1.8177483081817627,1.0,0.7666666666666666,0.696969696969697,0.0,0.0007315929557422552,33,10,10,23,0,7
B,2,7002,enet,50.0,0.5,2512.117758331383,-1.1036476151288057,1.7018916606903076,1.0,0.4666666666666667,0.5833333333333334,0.0,0.0005809618852579184,24,10,10,14,0,16
B,2,7002,enet,100.0,0.5,2498.451140588081,-1.117537497775957,1.7870404720306396,1.0,0.2,0.375,0.0,0.003789700637114556,16,10,10,6,0,24
B,2,7002,enet,200.0,0.5,2501.885618032843,-1.1357177718102776,2.3032472133636475,0.6,0.1,0.3333333333333333,0.4,0.00795209813859226,9,10,6,3,4,27
B,4,7004,none,0.0,,5093.004767222483,-2.4865413162564356,8.796841144561768,1.0,1.0,0.75,0.0,0.006804686009604861,40,10,10,30,0,0
B,4,7004,lasso,1.0,,5085.721971183504,-2.478953776486199,8.404666662216187,1.0,0.9666666666666667,0.7435897435897436,0.0,0.005766968737274891,39,10,10,29,0,1
B,4,7004,lasso,2.0,,5071.802014861252,-2.471611188694657,7.9765729904174805,1.0,0.9,0.7297297297297297,0.0,0.004862998641163731,37,10,10,27,0,3
B,4,7004,lasso,5.0,,5059.145585464905,-2.457155185797969,8.149342060089111,1.0,0.8333333333333333,0.7142857142857143,0.0,0.003449144536331733,35,10,10,25,0,5
B,4,7004,lasso,10.0,,5028.145507319395,-2.4544088571370577,7.160746097564697,1.0,0.6666666666666667,0.6666666666666666,0.0,0.0033106799973812947,30,10,10,20,0,10
B,4,7004,lasso,20.0,,4998.24684638154,-2.449877164178803,6.384024143218994,1.0,0.4666666666666667,0.5833333333333334,0.0,0.0030012781955316434,24,10,10,14,0,16
B,4,7004,lasso,50.0,,5000.609152255311,-2.4998031965045264,5.1114208698272705,0.9,0.26666666666666666,0.47058823529411764,0.1,0.011904243580973549,17,10,9,8,1,22
B,4,7004,lasso,100.0,,5034.302218407128,-2.5830445243436504,4.0767927169799805,0.7,0.06666666666666667,0.2222222222222222,0.3,0.022363356316661476,9,10,7,2,3,28
B,4,7004,lasso,200.0,,5084.707157469279,-2.6322026743287408,3.4589977264404297,0.6,0.0,0.0,0.4,0.025074637939371175,6,10,6,0,4,30
B,4,7004,enet,1.0,0.5,5085.820168174352,-2.4817321683911424,8.505181550979614,1.0,0.9666666666666667,0.7435897435897436,0.0,0.006123400088902975,39,10,10,29,0,1
B,4,7004,enet,2.0,0.5,5085.687095472747,-2.477788666194383,8.323601245880127,1.0,0.9666666666666667,0.7435897435897436,0.0,0.005592570761871744,39,10,10,29,0,1
B,4,7004,enet,5.0,0.5,5072.082731730043,-2.4685533051932294,8.987303972244263,1.0,0.9,0.7297297297297297,0.0,0.004587792161141582,37,10,10,27,0,3
B,4,7004,enet,10.0,0.5,5059.673860395932,-2.463408619073376,8.018296718597412,1.0,0.8333333333333333,0.7142857142857143,0.0,0.004501105844010799,35,10,10,25,0,5
B,4,7004,enet,20.0,0.5,5050.969735003994,-2.455573446820629,6.99334454536438,1.0,0.7333333333333334,0.6875,0.0,0.0034535814526046116,32,10,10,22,0,8
B,4,7004,enet,50.0,0.5,5013.439233212173,-2.468236769217723,5.5357279777526855,1.0,0.4666666666666667,0.5833333333333334,0.0,0.006037083397041139,24,10,10,14,0,16
B,4,7004,enet,100.0,0.5,5018.640020508496,-2.521894898426588,5.118306398391724,0.9,0.26666666666666666,0.47058823529411764,0.1,0.01482115354481711,17,10,9,8,1,22
B,4,7004,enet,200.0,0.5,5054.134874757663,-2.597634021586031,4.306748628616333,0.7,0.06666666666666667,0.2222222222222222,0.3,0.023068835187729567,9,10,7,2,3,28
B,1,7101,none,0.0,,4154.756813188213,-1.9216593278467125,0.8648881912231445,1.0,1.0,0.75,0.0,0.004373157443915984,40,10,10,30,0,0
B,1,7101,lasso,1.0,,4134.18457363027,-1.9194984167547609,0.8630537986755371,1.0,0.9,0.7297297297297297,0.0,0.0038244796437037543,37,10,10,27,0,3
B,1,7101,lasso,2.0,,4127.830826281003,-1.9171907243399924,0.892935037612915,1.0,0.8666666666666667,0.7222222222222222,0.0,0.0033375654032798087,36,10,10,26,0,4
B,1,7101,lasso,5.0,,4089.821933995233,-1.9117876499058817,0.8908052444458008,1.0,0.6666666666666666,0.6666666666666666,0.0,0.00228613144856304,30,10,10,20,0,10
B,1,7101,lasso,10.0,,4029.8954080500434,-1.9064331279020734,0.7546806335449219,1.0,0.3333333333333333,0.5,0.0,0.001585937266014605,20,10,10,10,0,20
B,1,7101,lasso,20.0,,4022.2369379467254,-1.9029516537353215,0.8063969612121582,1.0,0.16666666666666669,0.3333333333333333,0.0,0.002923596988542716,15,10,10,5,0,25
B,1,7101,lasso,50.0,,4412.731965774496,-2.094170206325127,0.29645204544067383,0.5,0.0,0.0,0.5,0.13752423489430726,5,10,5,0,5,30
B,1,7101,lasso,100.0,,4493.2885305965365,-2.1538742271256277,0.312288761138916,0.2,0.0,0.0,0.8,0.16644988653156528,2,10,2,0,8,30
B,1,7101,lasso,200.0,,4493.234271524628,-2.1538096977791295,0.2710742950439453,0.2,0.0,0.0,0.8,0.16635438646208645,2,10,2,0,8,30
B,1,7101,enet,1.0,0.5,4134.1026767932935,-1.9201367440438626,0.8407537937164307,1.0,0.9,0.7297297297297297,0.0,0.004029298609286129,37,10,10,27,0,3
B,1,7101,enet,2.0,0.5,4127.423622906549,-1.9188161787407634,0.8863964080810547,1.0,0.8666666666666667,0.7222222222222222,0.0,0.003737116782344005,36,10,10,26,0,4
B,1,7101,enet,5.0,0.5,4115.210079972332,-1.9147599401786761,0.9662556648254395,1.0,0.8,0.7058823529411765,0.0,0.0030004796719870996,34,10,10,24,0,6
B,1,7101,enet,10.0,0.5,4092.975411742732,-1.909738035700254,0.9044804573059082,1.0,0.6666666666666666,0.6666666666666666,0.0,0.002325063281118799,30,10,10,20,0,10
B,1,7101,enet,20.0,0.5,4049.518138064424,-1.905548948695339,0.9834303855895996,1.0,0.3666666666666667,0.5238095238095238,0.0,0.002898377521776034,21,10,10,11,0,19
B,1,7101,enet,50.0,0.5,4104.159921382047,-1.9382350529573773,1.2461516857147217,1.0,0.0,0.0,0.0,0.02648454192363694,10,10,10,0,0,30
B,1,7101,enet,100.0,0.5,4434.193642506341,-2.1107899874262177,0.30411291122436523,0.4,0.0,0.0,0.6,0.1464719596396598,4,10,4,0,6,30
B,1,7101,enet,200.0,0.5,4493.32626846569,-2.153921027394567,0.29305601119995117,0.2,0.0,0.0,0.8,0.16656818539817114,2,10,2,0,8,30
B,2,7102,none,0.0,,2502.458480371931,-1.1724059205160196,1.104574203491211,1.0,1.0,0.75,0.0,0.001911090261017413,40,10,10,30,0,0
B,2,7102,lasso,1.0,,2502.5095829100437,-1.1710827886866095,1.0914573669433594,1.0,1.0,0.75,0.0,0.0018013665750537802,40,10,10,30,0,0
B,2,7102,lasso,2.0,,2495.7600769396313,-1.1698826311121446,1.140965223312378,1.0,0.9666666666666667,0.7435897435897436,0.0,0.0017040426814282014,39,10,10,29,0,1
B,2,7102,lasso,5.0,,2496.900541901468,-1.1665322250266426,1.1707375049591064,1.0,0.9666666666666667,0.7435897435897436,0.0,0.001452724413035711,39,10,10,29,0,1
B,2,7102,lasso,10.0,,2479.758731235739,-1.162294629554031,1.382859230041504,1.0,0.8666666666666667,0.7222222222222222,0.0,0.0011576470035234948,36,10,10,26,0,4
B,2,7102,lasso,20.0,,2441.242023655433,-1.1591864080328773,1.4157183170318604,1.0,0.6,0.6428571428571429,0.0,0.001017671514207842,28,10,10,18,0,12
B,2,7102,lasso,50.0,,2423.9950829330783,-1.1732982428591958,1.408841609954834,0.9,0.36666666666666664,0.55,0.1,0.0035542530010775476,20,10,9,11,1,19
B,2,7102,lasso,100.0,,2437.7488312031596,-1.1945642528483,1.5010509490966797,0.6,0.23333333333333334,0.5384615384615384,0.4,0.00823810149875587,13,10,6,7,4,23
B,2,7102,lasso,200.0,,2419.483621993685,-1.2003161444486687,1.5651943683624268,0.6,0.03333333333333333,0.14285714285714285,0.4,0.008285322193689604,7,10,6,1,4,29
B,2,7102,enet,1.0,0.5,2502.47094084706,-1.17167111478322,1.0699436664581299,1.0,1.0,0.75,0.0,0.0018483661124356061,40,10,10,30,0,0
B,2,7102,enet,2.0,0.5,2502.5227554250514,-1.1709878630150918,1.0841295719146729,1.0,1.0,0.75,0.0,0.0017910334587498177,40,10,10,30,0,0
B,2,7102,enet,5.0,0.5,2495.9536491170907,-1.1690710158479298,1.133514165878296,1.0,0.9666666666666667,0.7435897435897436,0.0,0.0016345121538491629,39,10,10,29,0,1
B,2,7102,enet,10.0,0.5,2497.1922444695315,-1.166222762673728,1.2032272815704346,1.0,0.9666666666666667,0.7435897435897436,0.0,0.0014233789578824252,39,10,10,29,0,1
B,2,7102,enet,20.0,0.5,2480.6701531857875,-1.1621941267440703,1.3503680229187012,1.0,0.8666666666666667,0.7222222222222222,0.0,0.0011510590336286778,36,10,10,26,0,4
B,2,7102,enet,50.0,0.5,2430.612590505664,-1.160964496213538,1.3281011581420898,1.0,0.5333333333333333,0.6153846153846154,0.0,0.0013730730043138148,26,10,10,16,0,14
B,2,7102,enet,100.0,0.5,2432.6195499697046,-1.1763769397523254,1.3358280658721924,0.9,0.36666666666666664,0.55,0.1,0.004192598302480631,20,10,9,11,1,19
B,2,7102,enet,200.0,0.5,2439.187068163582,-1.1948629612798782,1.535163402557373,0.6,0.23333333333333334,0.5384615384615384,0.4,0.008244483905757617,13,10,6,7,4,23
B,4,7104,none,0.0,,5095.3716765244635,-2.4704274398526325,5.767455339431763,1.0,1.0,0.75,0.0,0.0033371634416443545,40,10,10,30,0,0
B,4,7104,lasso,1.0,,5088.32696626422,-2.4683236750921056,5.288259983062744,1.0,0.9666666666666667,0.7435897435897436,0.0,0.002597853545531596,39,10,10,29,0,1
B,4,7104,lasso,2.0,,5061.215191942297,-2.467084268894818,5.050434589385986,1.0,0.8333333333333333,0.7142857142857143,0.0,0.002083526805196432,35,10,10,25,0,5
B,4,7104,lasso,5.0,,5042.706938915541,-2.4637146738768676,5.2767863273620605,1.0,0.7333333333333334,0.6875,0.0,0.001157917212098945,32,10,10,22,0,8
B,4,7104,lasso,10.0,,5019.961528073228,-2.461398032499268,4.688489675521851,1.0,0.6,0.6428571428571429,0.0,0.0005637303474288799,28,10,10,18,0,12
B,4,7104,lasso,20.0,,5008.646526590275,-2.4638718632697727,4.020746231079102,1.0,0.5,0.6,0.0,0.0009159563924882529,25,10,10,15,0,15
B,4,7104,lasso,50.0,,5042.274670102941,-2.490102394416541,3.62934947013855,1.0,0.36666666666666664,0.5238095238095238,0.0,0.007153146085297172,21,10,10,11,0,19
B,4,7104,lasso,100.0,,5134.3804128755155,-2.56345270117165,2.7261557579040527,0.7,0.13333333333333333,0.36363636363636365,0.3,0.02284409722871077,11,10,7,4,3,26
B,4,7104,lasso,200.0,,5158.551104546787,-2.590496470581282,2.9153459072113037,0.6,0.0,0.0,0.4,0.024808433949170268,6,10,6,0,4,30
B,4,7104,enet,1.0,0.5,5088.345785911026,-2.468923899818117,5.099919557571411,1.0,0.9666666666666667,0.7435897435897436,0.0,0.002823164466402426,39,10,10,29,0,1
B,4,7104,enet,2.0,0.5,5088.681224649606,-2.4679170370427874,5.176028728485107,1.0,0.9666666666666667,0.7435897435897436,0.0,0.002414847156371001,39,10,10,29,0,1
B,4,7104,enet,5.0,0.5,5061.809928231226,-2.4654061027289798,4.5244481563568115,1.0,0.8333333333333333,0.7142857142857143,0.0,0.0016140253554621704,35,10,10,25,0,5
B,4,7104,enet,10.0,0.5,5050.889914436249,-2.4636701656386637,4.7490012645721436,1.0,0.7666666666666666,0.696969696969697,0.0,0.0009633387785061958,33,10,10,23,0,7
B,4,7104,enet,20.0,0.5,5016.048380403112,-2.4645818105664277,4.413585186004639,1.0,0.5666666666666667,0.6296296296296297,0.0,0.0008928852032384089,27,10,10,17,0,13
B,4,7104,enet,50.0,0.5,5026.590062856557,-2.4743692968506026,3.5315101146698,1.0,0.5,0.6,0.0,0.0028828433569034087,25,10,10,15,0,15
B,4,7104,enet,100.0,0.5,5064.702985587419,-2.5055114814045285,3.67269229888916,1.0,0.36666666666666664,0.5238095238095238,0.0,0.010380578873934326,21,10,10,11,0,19
B,4,7104,enet,200.0,0.5,5146.789882185845,-2.5783664562523,2.9437880516052246,0.6,0.1,0.3333333333333333,0.4,0.024387235636187377,9,10,6,3,4,27
B,1,7201,none,0.0,,3970.8577759165455,-1.911818086104066,0.6341121196746826,1.0,1.0,0.75,0.0,0.004228886415896745,40,10,10,30,0,0
B,1,7201,lasso,1.0,,3971.063415277198,-1.9100292199807596,0.709932804107666,1.0,1.0,0.75,0.0,0.0038507198603837545,40,10,10,30,0,0
B,1,7201,lasso,2.0,,3964.742874225548,-1.9084100766855667,0.6855635643005371,1.0,0.9666666666666667,0.7435897435897436,0.0,0.003539703474201923,39,10,10,29,0,1
B,1,7201,lasso,5.0,,3933.669880302103,-1.9048087299346026,0.6723499298095703,1.0,0.8,0.7058823529411765,0.0,0.003013285192776709,34,10,10,24,0,6
B,1,7201,lasso,10.0,,3865.5102781111677,-1.902773836402724,0.6581277847290039,1.0,0.43333333333333335,0.5652173913043478,0.0,0.0030018847254486168,23,10,10,13,0,17
B,1,7201,lasso,20.0,,3853.5370239526474,-1.9044523610182924,0.6998653411865234,1.0,0.26666666666666666,0.4444444444444444,0.0,0.004917069259972478,18,10,10,8,0,22
B,1,7201,lasso,50.0,,4068.3645290141467,-2.006862097130164,1.30000901222229,0.8,0.0,0.0,0.2,0.08673119947836334,8,10,8,0,2,30
B,1,7201,lasso,100.0,,4343.515059765241,-2.1533792203187376,0.4505589008331299,0.30000000000000004,0.0,0.0,0.7,0.15960037587235437,3,10,3,0,7,30
B,1,7201,lasso,200.0,,4351.9718802215375,-2.1605372283903836,0.6254100799560547,0.2,0.0,0.0,0.8,0.16297062276918467,2,10,2,0,8,30
B,1,7201,enet,1.0,0.5,3970.955260944247,-1.910794157301894,0.8025810718536377,1.0,1.0,0.75,0.0,0.004025252770096736,40,10,10,30,0,0
B,1,7201,enet,2.0,0.5,3971.206389981334,-1.909859670332522,0.7201399803161621,1.0,1.0,0.75,0.0,0.0038513775371521223,40,10,10,30,0,0
B,1,7201,enet,5.0,0.5,3959.01251013548,-1.90748436857567,0.6848163604736328,1.0,0.9333333333333333,0.7368421052631579,0.0,0.0034959231674464254,38,10,10,28,0,2
B,1,7201,enet,10.0,0.5,3908.641500030074,-1.9051704978855546,0.6802618503570557,1.0,0.6666666666666667,0.6666666666666666,0.0,0.003423860021203981,30,10,10,20,0,10
B,1,7201,enet,20.0,0.5,3882.0670237120326,-1.9059925974126695,0.7007181644439697,1.0,0.4666666666666667,0.5833333333333334,0.0,0.004624184387851272,24,10,10,14,0,16
B,1,7201,enet,50.0,0.5,3901.2185840651923,-1.9321656128786167,1.226869821548462,1.0,0.1,0.23076923076923078,0.0,0.019930823588214828,13,10,10,3,0,27
B,1,7201,enet,100.0,0.5,4272.023582861661,-2.1126283956984335,0.5231630802154541,0.4,0.0,0.0,0.6,0.13855612370938297,4,10,4,0,6,30
B,1,7201,enet,200.0,0.5,4358.092331592783,-2.160218456044791,0.5437445640563965,0.30000000000000004,0.0,0.0,0.7,0.1626624619315755,3,10,3,0,7,30
B,2,7202,none,0.0,,2495.161075351206,-1.1529133384963755,1.2836284637451172,1.0,1.0,0.75,0.0,0.001529681627964584,40,10,10,30,0,0
B,2,7202,lasso,1.0,,2495.2109808040113,-1.1520179517164215,1.36122727394104,1.0,1.0,0.75,0.0,0.001442202286158612,40,10,10,30,0,0
B,2,7202,lasso,2.0,,2495.387137877708,-1.1511939228948498,1.4761590957641602,1.0,1.0,0.75,0.0,0.0013647984299855666,40,10,10,30,0,0
B,2,7202,lasso,5.0,,2496.6937863295198,-1.1491783389811403,1.4900951385498047,1.0,1.0,0.75,0.0,0.001195422007746629,40,10,10,30,0,0
B,2,7202,lasso,10.0,,2451.935238540375,-1.1475478218346706,1.5054967403411865,1.0,0.7666666666666666,0.696969696969697,0.0,0.0011027082094887783,33,10,10,23,0,7
B,2,7202,lasso,20.0,,2405.085980011875,-1.1479520019215856,1.5701160430908203,1.0,0.5,0.6,0.0,0.0014001122727042127,25,10,10,15,0,15
B,2,7202,lasso,50.0,,2410.109163967119,-1.160508159553846,1.6668245792388916,0.9,0.36666666666666664,0.55,0.1,0.004292555705247318,20,10,9,11,1,19
B,2,7202,lasso,100.0,,2392.33507814642,-1.1766167266864518,1.7836365699768066,0.7,0.13333333333333333,0.36363636363636365,0.3,0.007225595368830614,11,10,7,4,3,26
B,2,7202,lasso,200.0,,2396.318739026654,-1.1874646512086329,1.661839246749878,0.6,0.03333333333333333,0.14285714285714285,0.4,0.00797959622468872,7,10,6,1,4,29
B,2,7202,enet,1.0,0.5,2495.1735057186397,-1.1524398486667464,1.3001787662506104,1.0,1.0,0.75,0.0,0.001482649142703252,40,10,10,30,0,0
B,2,7202,enet,2.0,0.5,2495.223643981861,-1.1519888477623794,1.3663816452026367,1.0,1.0,0.75,0.0,0.0014388072920871035,40,10,10,30,0,0
B,2,7202,enet,5.0,0.5,2495.600491519677,-1.1507755844145378,1.4267802238464355,1.0,1.0,0.75,0.0,0.0013264792876885026,40,10,10,30,0,0
B,2,7202,enet,10.0,0.5,2496.9746612665945,-1.149196235615184,1.494915246963501,1.0,1.0,0.75,0.0,0.0012027347547941861,40,10,10,30,0,0
B,2,7202,enet,20.0,0.5,2452.795911046753,-1.147728950769762,1.532139778137207,1.0,0.7333333333333334,0.6875,0.0,0.0011538414074247743,32,10,10,22,0,8
B,2,7202,enet,50.0,0.5,2413.3532375316413,-1.1509300557350053,1.6321337223052979,1.0,0.5,0.6,0.0,0.00198260005532877,25,10,10,15,0,15
B,2,7202,enet,100.0,0.5,2415.53689544144,-1.162751935290927,1.7637805938720703,0.9,0.36666666666666664,0.55,0.1,0.004719987818194842,20,10,9,11,1,19
B,2,7202,enet,200.0,0.5,2396.093577179433,-1.1780646614712587,1.7126286029815674,0.7,0.13333333333333333,0.36363636363636365,0.3,0.007392542359591842,11,10,7,4,3,26
B,4,7204,none,0.0,,5128.109328166831,-2.479128123769261,7.012010335922241,1.0,1.0,0.75,0.0,0.0025586446805800434,40,10,10,30,0,0
B,4,7204,lasso,1.0,,5128.535716514047,-2.4762572272158363,6.768573760986328,1.0,1.0,0.75,0.0,0.0022739947740768717,40,10,10,30,0,0
B,4,7204,lasso,2.0,,5115.466034803736,-2.476757286189518,6.6355133056640625,1.0,0.9333333333333333,0.7368421052631579,0.0,0.002176795397149618,38,10,10,28,0,2
B,4,7204,lasso,5.0,,5105.4990672733275,-2.4728469811724145,6.4384753704071045,1.0,0.8666666666666667,0.7222222222222222,0.0,0.002209271611990808,36,10,10,26,0,4
B,4,7204,lasso,10.0,,5076.663465265524,-2.4714650946261245,5.266584873199463,1.0,0.7,0.6774193548387096,0.0,0.0028985508130879903,31,10,10,21,0,9
B,4,7204,lasso,20.0,,5041.424594019158,-2.4796510870784623,4.880462408065796,1.0,0.4666666666666667,0.5833333333333334,0.0,0.0049684094885336936,24,10,10,14,0,16
B,4,7204,lasso,50.0,,5058.824297846816,-2.5536022138099823,4.308758497238159,1.0,0.26666666666666666,0.4444444444444444,0.0,0.01627049748133434,18,10,10,8,0,22
B,4,7204,lasso,100.0,,5114.718001781817,-2.619077690949642,3.2731974124908447,0.7,0.2,0.46153846153846156,0.3,0.026036512628147088,13,10,7,6,3,24
B,4,7204,lasso,200.0,,5140.130795164676,-2.6601907021073,3.201772928237915,0.6,0.0,0.0,0.4,0.02754102447658663,6,10,6,0,4,30
B,4,7204,enet,1.0,0.5,5128.450599168944,-2.4810629704007416,7.081033706665039,1.0,1.0,0.75,0.0,0.0025408365807156157,40,10,10,30,0,0
B,4,7204,enet,2.0,0.5,5128.659762298184,-2.476314157551174,7.066364288330078,1.0,1.0,0.75,0.0,0.002259731318103844,40,10,10,30,0,0
B,4,7204,enet,5.0,0.5,5123.340565131328,-2.4757850065607814,6.306810617446899,1.0,0.9666666666666667,0.7435897435897436,0.0,0.0021427972714253758,39,10,10,29,0,1
B,4,7204,enet,10.0,0.5,5106.509820754161,-2.4742641427131455,6.409999370574951,1.0,0.8666666666666667,0.7222222222222222,0.0,0.002466772311408547,36,10,10,26,0,4
B,4,7204,enet,20.0,0.5,5078.9976379222935,-2.4772992009312955,5.203745603561401,1.0,0.7,0.6774193548387096,0.0,0.003687416499519162,31,10,10,21,0,9
B,4,7204,enet,50.0,0.5,5045.782018578368,-2.501937134895654,4.226373672485352,1.0,0.4,0.5454545454545454,0.0,0.008513751604655676,22,10,10,12,0,18
B,4,7204,enet,100.0,0.5,5073.949476854063,-2.569236994345552,3.832585096359253,1.0,0.26666666666666666,0.4444444444444444,0.0,0.018286944957103587,18,10,10,8,0,22
B,4,7204,enet,200.0,0.5,5133.602536784779,-2.631992373610495,3.1456165313720703,0.7,0.2,0.46153846153846156,0.3,0.026498008966997545,13,10,7,6,3,24
B,1,7301,none,0.0,,4065.0837076827447,-1.90332406399359,0.7748632431030273,1.0,1.0,0.75,0.0,0.006382662977203376,40,10,10,30,0,0
B,1,7301,lasso,1.0,,4058.4798560717195,-1.9007674329376032,0.6865859031677246,1.0,0.9666666666666667,0.7435897435897436,0.0,0.005634180659918922,39,10,10,29,0,1
B,1,7301,lasso,2.0,,4052.2476338414535,-1.898755290929681,0.7021968364715576,1.0,0.9333333333333333,0.7368421052631579,0.0,0.004970464787804005,38,10,10,28,0,2
B,1,7301,lasso,5.0,,4014.844676691415,-1.8940359164555125,0.7063002586364746,1.0,0.7333333333333333,0.6875,0.0,0.0034271782731159486,32,10,10,22,0,8
B,1,7301,lasso,10.0,,3984.985796072905,-1.8904441591782155,0.693279504776001,1.0,0.5333333333333333,0.6153846153846154,0.0,0.0022125797874064344,26,10,10,16,0,14
B,1,7301,lasso,20.0,,3944.696726435753,-1.8929743164925816,0.7957985401153564,1.0,0.2,0.375,0.0,0.0035213791523464846,16,10,10,6,0,24
B,1,7301,lasso,50.0,,4325.603564681095,-2.0967650715596466,0.4697744846343994,0.4,0.0,0.0,0.6,0.13490275803867194,4,10,4,0,6,30
B,1,7301,lasso,100.0,,4405.018848718743,-2.1437690190659824,0.41426944732666016,0.2,0.0,0.0,0.8,0.1636418109864571,2,10,2,0,8,30
B,1,7301,lasso,200.0,,4404.9786163699355,-2.143724916285351,0.3740999698638916,0.2,0.0,0.0,0.8,0.16359170836714704,2,10,2,0,8,30
B,1,7301,enet,1.0,0.5,4065.261815618118,-1.9018544142891782,0.6758127212524414,1.0,1.0,0.75,0.0,0.005949266341118694,40,10,10,30,0,0
B,1,7301,enet,2.0,0.5,4065.5685102678976,-1.9007055107212152,0.7446284294128418,1.0,1.0,0.75,0.0,0.005554051558746763,40,10,10,30,0,0
B,1,7301,enet,5.0,0.5,4046.8368337675665,-1.8976620229636496,0.7264227867126465,1.0,0.9,0.7297297297297297,0.0,0.004517468881525185,37,10,10,27,0,3
B,1,7301,enet,10.0,0.5,4018.565911242032,-1.8945770681253942,0.6953167915344238,1.0,0.7333333333333333,0.6875,0.0,0.003529860818193146,32,10,10,22,0,8
B,1,7301,enet,20.0,0.5,3991.566450761538,-1.894467777694134,0.6926758289337158,1.0,0.5,0.6,0.0,0.0038499251341308017,25,10,10,15,0,15
B,1,7301,enet,50.0,0.5,4039.824771377436,-1.935457734415601,1.365760326385498,1.0,0.13333333333333333,0.2857142857142857,0.0,0.024796867271862203,14,10,10,4,0,26
B,1,7301,enet,100.0,0.5,4357.309286898951,-2.1125176965743266,0.3187220096588135,0.4,0.0,0.0,0.6,0.14511300716797887,4,10,4,0,6,30
B,1,7301,enet,200.0,0.5,4404.599606402455,-2.14351132493325,0.45438504219055176,0.2,0.0,0.0,0.8,0.1631352530481059,2,10,2,0,8,30
B,2,7302,none,0.0,,2684.2268542629936,-1.1065954481639941,1.3756463527679443,1.0,1.0,0.75,0.0,0.001971623507463084,40,10,10,30,0,0
B,2,7302,lasso,1.0,,2677.359465656336,-1.1060411475593765,1.4791316986083984,1.0,0.9666666666666667,0.7435897435897436,0.0,0.0018857572271783693,39,10,10,29,0,1
B,2,7302,lasso,2.0,,2677.604622561139,-1.1055918298704082,1.4494037628173828,1.0,0.9666666666666667,0.7435897435897436,0.0,0.0018404401159973932,39,10,10,29,0,1
B,2,7302,lasso,5.0,,2664.7148948800277,-1.1048385633178965,1.3960187435150146,1.0,0.9,0.7297297297297297,0.0,0.0016944496553044095,37,10,10,27,0,3
B,2,7302,lasso,10.0,,2640.208626002591,-1.104383879806101,1.4847404956817627,1.0,0.7666666666666666,0.696969696969697,0.0,0.001555305198790307,33,10,10,23,0,7
B,2,7302,lasso,20.0,,2614.309180057708,-1.104578108904375,1.433190107345581,1.0,0.6,0.6428571428571429,0.0,0.001673269562443714,28,10,10,18,0,12
B,2,7302,lasso,50.0,,2607.621409681411,-1.1190631004639926,1.4718279838562012,1.0,0.3333333333333333,0.5,0.0,0.004790412620039741,20,10,10,10,0,20
B,2,7302,lasso,100.0,,2605.7314335366286,-1.135182792543317,1.8867321014404297,0.6,0.23333333333333334,0.5384615384615384,0.4,0.008608457281446172,13,10,6,7,4,23
B,2,7302,lasso,200.0,,2596.9615174375485,-1.1398139642187892,1.5348129272460938,0.6,0.06666666666666667,0.25,0.4,0.008506865297477939,8,10,6,2,4,28
B,2,7302,enet,1.0,0.5,2684.2305173080263,-1.1062911668618935,1.4291276931762695,1.0,1.0,0.75,0.0,0.0019255776498309453,40,10,10,30,0,0
B,2,7302,enet,2.0,0.5,2677.370096020975,-1.106048486270059,1.4573571681976318,1.0,0.9666666666666667,0.7435897435897436,0.0,0.001884415534707835,39,10,10,29,0,1
B,2,7302,enet,5.0,0.5,2670.8664226216906,-1.105495438775563,1.5164759159088135,1.0,0.9333333333333333,0.7368421052631579,0.0,0.0018124160696352243,38,10,10,28,0,2
B,2,7302,enet,10.0,0.5,2664.9350971279855,-1.104955048765431,1.4086885452270508,1.0,0.9,0.7297297297297297,0.0,0.0017019973963171362,37,10,10,27,0,3
B,2,7302,enet,20.0,0.5,2647.8910466727993,-1.1047628424575093,1.5481843948364258,1.0,0.7666666666666666,0.696969696969697,0.0,0.001600109610568519,33,10,10,23,0,7
B,2,7302,enet,50.0,0.5,2616.109777440823,-1.1070423081803564,1.3779115676879883,1.0,0.5666666666666667,0.6296296296296297,0.0,0.0021359395829267224,27,10,10,17,0,13
B,2,7302,enet,100.0,0.5,2622.193981323516,-1.1229655838836057,1.4874687194824219,1.0,0.3333333333333333,0.5,0.0,0.005497957018986952,20,10,10,10,0,20
B,2,7302,enet,200.0,0.5,2607.127030135773,-1.1361374765717203,1.6992127895355225,0.6,0.23333333333333334,0.5384615384615384,0.4,0.008620102838858883,13,10,6,7,4,23
B,4,7304,none,0.0,,5078.710608477237,-2.494307149413187,9.436705827713013,1.0,1.0,0.75,0.0,0.006856463154492537,40,10,10,30,0,0
B,4,7304,lasso,1.0,,5065.394923027467,-2.492644603253128,9.173574447631836,1.0,0.9333333333333333,0.7368421052631579,0.0,0.006812480697616579,38,10,10,28,0,2
B,4,7304,lasso,2.0,,5065.842722791627,-2.490471597247097,9.158981800079346,1.0,0.9333333333333333,0.7368421052631579,0.0,0.006649226969797763,38,10,10,28,0,2
B,4,7304,lasso,5.0,,5061.959519965467,-2.4829516588039993,8.378508567810059,1.0,0.9,0.7297297297297297,0.0,0.006010722945883683,37,10,10,27,0,3
B,4,7304,lasso,10.0,,5020.395710432479,-2.492681152755406,7.918409824371338,1.0,0.6666666666666667,0.6666666666666666,0.0,0.010259998013956498,30,10,10,20,0,10
B,4,7304,lasso,20.0,,5000.313597296888,-2.4869988023990452,6.9903833866119385,1.0,0.5,0.6,0.0,0.010848901329670355,25,10,10,15,0,15
B,4,7304,lasso,50.0,,5028.339704949909,-2.511082948436695,5.695079565048218,1.0,0.3333333333333333,0.5,0.0,0.01933844124316872,20,10,10,10,0,20
B,4,7304,lasso,100.0,,5060.267867992995,-2.5589070585608225,4.104045867919922,0.8,0.16666666666666666,0.38461538461538464,0.2,0.02888137059431825,13,10,8,5,2,25
B,4,7304,lasso,200.0,,5100.87850896547,-2.6026141483863983,4.493276119232178,0.6,0.0,0.0,0.4,0.02986460641156011,6,10,6,0,4,30
B,4,7304,enet,1.0,0.5,5072.160783401474,-2.4936767639258752,9.309527158737183,1.0,0.9333333333333333,0.7368421052631579,0.0,0.006874661345909292,38,10,10,28,0,2
B,4,7304,enet,2.0,0.5,5065.482502179289,-2.492571548021289,9.052350282669067,1.0,0.9333333333333333,0.7368421052631579,0.0,0.006813585769424226,38,10,10,28,0,2
B,4,7304,enet,5.0,0.5,5059.711132921525,-2.489577021890528,9.164169788360596,1.0,0.9,0.7297297297297297,0.0,0.006666618549100664,37,10,10,27,0,3
B,4,7304,enet,10.0,0.5,5056.365262388412,-2.4831265179128916,8.214612007141113,1.0,0.8666666666666667,0.7222222222222222,0.0,0.006240547999494669,36,10,10,26,0,4
B,4,7304,enet,20.0,0.5,5022.849020829139,-2.494243058620675,7.717134952545166,1.0,0.6666666666666667,0.6666666666666666,0.0,0.011071759496554891,30,10,10,20,0,10
B,4,7304,enet,50.0,0.5,5002.458730715637,-2.494369621778291,5.95123553276062,1.0,0.43333333333333335,0.5652173913043478,0.0,0.013496613777303794,23,10,10,13,0,17
B,4,7304,enet,100.0,0.5,5042.222104778581,-2.522523543351786,4.756107330322266,1.0,0.3333333333333333,0.5,0.0,0.021452851305998222,20,10,10,10,0,20
B,4,7304,enet,200.0,0.5,5079.212387740248,-2.568233768568211,4.0706915855407715,0.8,0.16666666666666666,0.38461538461538464,0.2,0.028919896763337324,13,10,8,5,2,25
B,1,7401,none,0.0,,4009.6591460475847,-1.9060591214008786,0.7696511745452881,1.0,1.0,0.75,0.0,0.0023300015828400604,40,10,10,30,0,0
B,1,7401,lasso,1.0,,3989.147437324848,-1.9046181456158455,0.7741255760192871,1.0,0.9,0.7297297297297297,0.0,0.0020906677491803645,37,10,10,27,0,3
B,1,7401,lasso,2.0,,3975.8316526960084,-1.9032112621976371,0.7558162212371826,1.0,0.8333333333333334,0.7142857142857143,0.0,0.0018955133494527685,35,10,10,25,0,5
B,1,7401,lasso,5.0,,3944.1185184084393,-1.8998984871621614,0.8330843448638916,1.0,0.6666666666666666,0.6666666666666666,0.0,0.0015566532215115756,30,10,10,20,0,10
B,1,7401,lasso,10.0,,3903.724365766578,-1.896512161686443,0.8415074348449707,1.0,0.43333333333333335,0.5652173913043478,0.0,0.001651753096282484,23,10,10,13,0,17
B,1,7401,lasso,20.0,,3858.504947520521,-1.8976583288348643,0.7803106307983398,1.0,0.1,0.23076923076923078,0.0,0.004277941346405107,13,10,10,3,0,27
B,1,7401,lasso,50.0,,4122.7239628297875,-2.008788395903366,0.9155290126800537,0.8,0.0,0.0,0.2,0.08989745043357107,8,10,8,0,2,30
B,1,7401,lasso,100.0,,4389.5509187027255,-2.1530451299288016,0.28372764587402344,0.2,0.0,0.0,0.8,0.16719317053498065,2,10,2,0,8,30
B,1,7401,lasso,200.0,,4389.518146905101,-2.1530048916907605,0.1966853141784668,0.2,0.0,0.0,0.8,0.16682179693870336,2,10,2,0,8,30
B,1,7401,enet,1.0,0.5,4009.79929679429,-1.9051818441170083,0.7740862369537354,1.0,0.9666666666666667,0.7435897435897436,0.0,0.002213603454058408,39,10,10,29,0,1
B,1,7401,enet,2.0,0.5,3989.33879050638,-1.9043508867140877,0.7651150226593018,1.0,0.9,0.7297297297297297,0.0,0.00211794953858158,37,10,10,27,0,3
B,1,7401,enet,5.0,0.5,3970.1369389190163,-1.9021112355473284,0.8053939342498779,1.0,0.8,0.7058823529411765,0.0,0.0019545475054688457,34,10,10,24,0,6
B,1,7401,enet,10.0,0.5,3954.1233845114266,-1.8995986370918603,0.7640109062194824,1.0,0.7,0.6774193548387096,0.0,0.0020650703043546526,31,10,10,21,0,9
B,1,7401,enet,20.0,0.5,3915.3108272610693,-1.8983399509545928,0.8050482273101807,1.0,0.43333333333333335,0.5652173913043478,0.0,0.0037056394212507974,23,10,10,13,0,17
B,1,7401,enet,50.0,0.5,3963.0808915115927,-1.9355521849857686,0.7573134899139404,1.0,0.1,0.23076923076923078,0.0,0.027603785840376732,13,10,10,3,0,27
B,1,7401,enet,100.0,0.5,4247.860251470237,-2.067840298654571,1.3288366794586182,0.8,0.0,0.0,0.2,0.13910325559228315,8,10,8,0,2,30
B,1,7401,enet,200.0,0.5,4389.534711757427,-2.1530441358598083,0.21976757049560547,0.2,0.0,0.0,0.8,0.16705035784074465,2,10,2,0,8,30
B,2,7402,none,0.0,,2512.360872956957,-1.1957156269056828,1.5231339931488037,1.0,1.0,0.75,0.0,0.0013238126362993931,40,10,10,30,0,0
B,2,7402,lasso,1.0,,2512.4513109509526,-1.1941709124010642,1.635812520980835,1.0,1.0,0.75,0.0,0.0011960467858730998,40,10,10,30,0,0
B,2,7402,lasso,2.0,,2505.6950826548773,-1.1927672415920216,1.5944275856018066,1.0,0.9333333333333333,0.7368421052631579,0.0,0.0010897296823830266,38,10,10,28,0,2
B,2,7402,lasso,5.0,,2499.8785445251706,-1.189031742518108,1.701601505279541,1.0,0.9333333333333333,0.7368421052631579,0.0,0.0008371618809314569,38,10,10,28,0,2
B,2,7402,lasso,10.0,,2482.422740338504,-1.1841509535216053,1.8114798069000244,1.0,0.8333333333333333,0.7142857142857143,0.0,0.0005790908035054241,35,10,10,25,0,5
B,2,7402,lasso,20.0,,2460.251570691964,-1.180492872650282,1.7126760482788086,1.0,0.6666666666666667,0.6666666666666666,0.0,0.0006509741846754131,30,10,10,20,0,10
B,2,7402,lasso,50.0,,2438.7873005402207,-1.1954630448870875,1.674403190612793,1.0,0.3,0.47368421052631576,0.0,0.005079555988149026,19,10,10,9,0,21
B,2,7402,lasso,100.0,,2416.3013839471373,-1.206444232868654,2.081403970718384,0.6,0.16666666666666666,0.45454545454545453,0.4,0.007918230643370841,11,10,6,5,4,25
B,2,7402,lasso,200.0,,2402.2833185726863,-1.2125810994032435,1.880568265914917,0.6,0.0,0.0,0.4,0.007984056145926387,6,10,6,0,4,30
B,2,7402,enet,1.0,0.5,2512.415160845716,-1.1948432158743376,1.5836949348449707,1.0,1.0,0.75,0.0,0.001249022003418532,40,10,10,30,0,0
B,2,7402,enet,2.0,0.5,2512.456799455019,-1.1940443069108095,1.634192705154419,1.0,1.0,0.75,0.0,0.0011876837987256949,40,10,10,30,0,0
B,2,7402,enet,5.0,0.5,2505.865595285347,-1.191769778122329,1.7236642837524414,1.0,0.9333333333333333,0.7368421052631579,0.0,0.0010279341950267405,38,10,10,28,0,2
B,2,7402,enet,10.0,0.5,2506.952808383517,-1.1881071664876641,1.7579998970031738,1.0,0.9333333333333333,0.7368421052631579,0.0,0.0008078475542018121,38,10,10,28,0,2
B,2,7402,enet,20.0,0.5,2490.374112805061,-1.1838497892652817,1.8470895290374756,1.0,0.8333333333333333,0.7142857142857143,0.0,0.0006130297548581467,35,10,10,25,0,5
B,2,7402,enet,50.0,0.5,2450.5528737364684,-1.181922032280403,1.771458387374878,1.0,0.5666666666666667,0.6296296296296297,0.0,0.0012753452302641315,27,10,10,17,0,13
B,2,7402,enet,100.0,0.5,2452.477761680365,-1.1983395233968837,1.6807222366333008,1.0,0.3333333333333333,0.5,0.0,0.005808169878094648,20,10,10,10,0,20
B,2,7402,enet,200.0,0.5,2417.886474185032,-1.206892133321514,1.9756908416748047,0.6,0.16666666666666666,0.45454545454545453,0.4,0.007923326054702392,11,10,6,5,4,25
B,4,7404,none,0.0,,5112.652252844326,-2.4390933943191486,3.9943549633026123,1.0,1.0,0.75,0.0,0.004630841618998937,40,10,10,30,0,0
B,4,7404,lasso,1.0,,5096.531415060772,-2.4297312520482692,4.320977210998535,1.0,0.9666666666666667,0.7435897435897436,0.0,0.003037741134342849,39,10,10,29,0,1
B,4,7404,lasso,2.0,,5082.885791240398,-2.4285510418928835,4.197120189666748,1.0,0.9,0.7297297297297297,0.0,0.002748463390410651,37,10,10,27,0,3
B,4,7404,lasso,5.0,,5056.643878357677,-2.425691723540636,4.810894727706909,1.0,0.7666666666666666,0.696969696969697,0.0,0.002145330701291568,33,10,10,23,0,7
B,4,7404,lasso,10.0,,5031.879615493151,-2.424786795228757,5.0604023933410645,1.0,0.6333333333333333,0.6551724137931034,0.0,0.0017866396635699555,29,10,10,19,0,11
B,4,7404,lasso,20.0,,5013.67240611559,-2.428050369441751,3.9797542095184326,1.0,0.5,0.6,0.0,0.00215582538062001,25,10,10,15,0,15
B,4,7404,lasso,50.0,,5012.515102676446,-2.4537698890425808,3.145334243774414,1.0,0.3,0.47368421052631576,0.0,0.006624030384280635,19,10,10,9,0,21
B,4,7404,lasso,100.0,,5056.374758708661,-2.5360863004547793,3.0851356983184814,0.8,0.0,0.0,0.2,0.017942370345175648,8,10,8,0,2,30
B,4,7404,lasso,200.0,,5248.185010315081,-2.646257135385262,3.0482804775238037,0.7,0.0,0.0,0.3,0.027660851897016538,7,10,7,0,3,30
B,4,7404,enet,1.0,0.5,5112.600262140815,-2.438700462543957,3.9222724437713623,1.0,1.0,0.75,0.0,0.004448538574513437,40,10,10,30,0,0
B,4,7404,enet,2.0,0.5,5096.539322773085,-2.4296989801509388,4.30632209777832,1.0,0.9666666666666667,0.7435897435897436,0.0,0.0030390905366852773,39,10,10,29,0,1
B,4,7404,enet,5.0,0.5,5083.088947128736,-2.427547675907472,4.224661350250244,1.0,0.9,0.7297297297297297,0.0,0.002541184591523107,37,10,10,27,0,3
B,4,7404,enet,10.0,0.5,5057.111005362506,-2.425953199984817,5.990928888320923,1.0,0.7666666666666666,0.696969696969697,0.0,0.0022011215785557674,33,10,10,23,0,7
B,4,7404,enet,20.0,0.5,5040.441936787646,-2.4255020315283247,4.781571388244629,1.0,0.6666666666666667,0.6666666666666666,0.0,0.0020264835158426836,30,10,10,20,0,10
B,4,7404,enet,50.0,0.5,5020.40302990056,-2.4358734241123554,3.805636405944824,1.0,0.4666666666666667,0.5833333333333334,0.0,0.0037205896304694846,24,10,10,14,0,16
B,4,7404,enet,100.0,0.5,5019.103296020017,-2.467459531466483,3.081197500228882,1.0,0.23333333333333334,0.4117647058823529,0.0,0.009275336623810212,17,10,10,7,0,23
B,4,7404,enet,200.0,0.5,5101.633517008092,-2.5604153171039634,3.5918076038360596,0.8,0.0,0.0,0.2,0.019878605678006936,8,10,8,0,2,30
B,1,7501,none,0.0,,4058.0027286102095,-1.9032381209840596,0.6784512996673584,1.0,1.0,0.75,0.0,0.004589595716864803,40,10,10,30,0,0
B,1,7501,lasso,1.0,,4051.398643607926,-1.901704863544957,0.6829564571380615,1.0,0.9666666666666667,0.7435897435897436,0.0,0.0041758068057199255,39,10,10,29,0,1
B,1,7501,lasso,2.0,,4052.047049418725,-1.9004175473782379,0.6812231540679932,1.0,0.9666666666666667,0.7435897435897436,0.0,0.0038159948801710186,39,10,10,29,0,1
B,1,7501,lasso,5.0,,4021.198621862111,-1.8975809225802631,0.7204763889312744,1.0,0.8,0.7058823529411765,0.0,0.0030804241183533853,34,10,10,24,0,6
B,1,7501,lasso,10.0,,3976.1984404552413,-1.896111540662836,0.7000939846038818,1.0,0.5333333333333333,0.6153846153846154,0.0,0.002708432086103608,26,10,10,16,0,14
B,1,7501,lasso,20.0,,3940.6453490357108,-1.9040751267063678,0.6542623043060303,1.0,0.2,0.375,0.0,0.005457306467963996,16,10,10,6,0,24
B,1,7501,lasso,50.0,,4275.13007970036,-2.106734517538868,0.4379608631134033,0.5,0.0,0.0,0.5,0.13386079468641982,5,10,5,0,5,30
B,1,7501,lasso,100.0,,4351.071289083841,-2.1551306639737273,0.3195788860321045,0.2,0.0,0.0,0.8,0.16392674155177026,2,10,2,0,8,30
B,1,7501,lasso,200.0,,4351.148087745795,-2.1551397616386057,0.21663880348205566,0.2,0.0,0.0,0.8,0.16398050540364806,2,10,2,0,8,30
B,1,7501,enet,1.0,0.5,4058.18344366037,-1.9023223886267129,0.6913847923278809,1.0,1.0,0.75,0.0,0.004338717728575226,40,10,10,30,0,0
B,1,7501,enet,2.0,0.5,4051.630256042201,-1.9014807105392493,0.7089228630065918,1.0,0.9666666666666667,0.7435897435897436,0.0,0.004111762791004609,39,10,10,29,0,1
B,1,7501,enet,5.0,0.5,4053.6313529414547,-1.8996986664670006,0.6938574314117432,1.0,0.9666666666666667,0.7435897435897436,0.0,0.003626220947552347,39,10,10,29,0,1
B,1,7501,enet,10.0,0.5,4018.254475342967,-1.8987108706483895,0.79732346534729,1.0,0.7333333333333334,0.6875,0.0,0.0034230136383471797,32,10,10,22,0,8
B,1,7501,enet,20.0,0.5,3998.683746552031,-1.9035854726510275,0.6797347068786621,1.0,0.5666666666666667,0.6296296296296297,0.0,0.00510307481541003,27,10,10,17,0,13
B,1,7501,enet,50.0,0.5,4038.1445022700077,-1.962199780021662,0.6816775798797607,1.0,0.13333333333333333,0.2857142857142857,0.0,0.03150829075420133,14,10,10,4,0,26
B,1,7501,enet,100.0,0.5,4302.605212002896,-2.124053420387142,0.31726574897766113,0.4,0.0,0.0,0.6,0.14489000736440077,4,10,4,0,6,30
B,1,7501,enet,200.0,0.5,4350.988944834429,-2.1550974373335623,0.2864832878112793,0.2,0.0,0.0,0.8,0.16380081840383337,2,10,2,0,8,30
B,2,7502,none,0.0,,2592.717079484143,-1.1652399627927243,1.0101439952850342,1.0,1.0,0.75,0.0,0.010091403210542133,40,10,10,30,0,0
B,2,7502,lasso,1.0,,2592.765937643383,-1.1644620781545978,1.081791639328003,1.0,0.9666666666666667,0.7435897435897436,0.0,0.009967994305339152,39,10,10,29,0,1
B,2,7502,lasso,2.0,,2572.178457731523,-1.1637430683715932,1.0930490493774414,1.0,0.9,0.7297297297297297,0.0,0.00985476116762135,37,10,10,27,0,3
B,2,7502,lasso,5.0,,2573.1149013548184,-1.1618459417023121,1.1059582233428955,1.0,0.9,0.7297297297297297,0.0,0.009566395573813563,37,10,10,27,0,3
B,2,7502,lasso,10.0,,2548.0875248278307,-1.15910949489512,1.1021246910095215,1.0,0.7666666666666666,0.696969696969697,0.0,0.009294297649778089,33,10,10,23,0,7
B,2,7502,lasso,20.0,,2528.4717931405776,-1.1560564017104022,1.1867129802703857,1.0,0.6,0.6428571428571429,0.0,0.009131366190369024,28,10,10,18,0,12
B,2,7502,lasso,50.0,,2542.3883482121255,-1.1609614236254433,1.413196325302124,1.0,0.43333333333333335,0.5652173913043478,0.0,0.011334892728766961,23,10,10,13,0,17
B,2,7502,lasso,100.0,,2565.550799821694,-1.1858544448450248,1.7117836475372314,0.7,0.26666666666666666,0.5333333333333333,0.3,0.018841876997238157,15,10,7,8,3,22
B,2,7502,lasso,200.0,,2578.744513781096,-1.2013388415086006,2.2796664237976074,0.6,0.06666666666666667,0.25,0.4,0.02331013192819576,8,10,6,2,4,28
B,2,7502,enet,1.0,0.5,2592.7329312777892,-1.1648136964628744,1.0488576889038086,1.0,1.0,0.75,0.0,0.010022841520739144,40,10,10,30,0,0
B,2,7502,enet,2.0,0.5,2592.7784707238698,-1.1644017289466326,1.0867929458618164,1.0,0.9666666666666667,0.7435897435897436,0.0,0.009957319044204304,39,10,10,29,0,1
B,2,7502,enet,5.0,0.5,2572.350514877261,-1.1632729836509934,1.0932002067565918,1.0,0.9,0.7297297297297297,0.0,0.009780044743076794,37,10,10,27,0,3
B,2,7502,enet,10.0,0.5,2566.448440222222,-1.1616603902849452,1.1206848621368408,1.0,0.8666666666666667,0.7222222222222222,0.0,0.009538946594000028,36,10,10,26,0,4
B,2,7502,enet,20.0,0.5,2548.8981444226133,-1.158974285401041,1.12404203414917,1.0,0.7666666666666666,0.696969696969697,0.0,0.00929851491353314,33,10,10,23,0,7
B,2,7502,enet,50.0,0.5,2530.9988154629755,-1.156049666760573,1.2739014625549316,1.0,0.6,0.6428571428571429,0.0,0.009444363224365,28,10,10,18,0,12
B,2,7502,enet,100.0,0.5,2539.7802604785597,-1.1644389813761284,1.4143500328063965,1.0,0.39999999999999997,0.5454545454545454,0.0,0.012322401764849783,22,10,10,12,0,18
B,2,7502,enet,200.0,0.5,2573.6964543857316,-1.1878155435024813,1.9818909168243408,0.7,0.26666666666666666,0.5333333333333333,0.3,0.019559632704945533,15,10,7,8,3,22
B,4,7504,none,0.0,,5118.138438806973,-2.4593673772381663,8.383553266525269,1.0,1.0,0.75,0.0,0.008288976485514599,40,10,10,30,0,0
B,4,7504,lasso,1.0,,5118.628265351291,-2.456125092838549,8.691577672958374,1.0,1.0,0.75,0.0,0.007022332107748575,40,10,10,30,0,0
B,4,7504,lasso,2.0,,5119.758705093034,-2.452619738198703,7.997859477996826,1.0,1.0,0.75,0.0,0.005747463167799146,40,10,10,30,0,0
B,4,7504,lasso,5.0,,5089.863192259409,-2.4446856986965,7.099873304367065,1.0,0.8333333333333333,0.7142857142857143,0.0,0.0034027067268334044,35,10,10,25,0,5
B,4,7504,lasso,10.0,,5070.1742181571335,-2.4402447244054297,4.899268627166748,1.0,0.7,0.6774193548387096,0.0,0.002216741272879365,31,10,10,21,0,9
B,4,7504,lasso,20.0,,5042.759734416816,-2.4396196614054513,6.1233811378479,1.0,0.4666666666666667,0.5833333333333334,0.0,0.0028172997082322,24,10,10,14,0,16
B,4,7504,lasso,50.0,,5033.866728184088,-2.4536182829239097,3.77201771736145,1.0,0.23333333333333334,0.4117647058823529,0.0,0.007840031297091344,17,10,10,7,0,23
B,4,7504,lasso,100.0,,5133.605479542962,-2.5083270644785896,3.6599013805389404,0.8,0.1,0.2727272727272727,0.2,0.02127760545338006,11,10,8,3,2,27
B,4,7504,lasso,200.0,,5239.488546637635,-2.575184887875301,4.379913330078125,0.6,0.0,0.0,0.4,0.0278466972107431,6,10,6,0,4,30
B,4,7504,enet,1.0,0.5,5118.245345511384,-2.4577637806127757,8.452179670333862,1.0,1.0,0.75,0.0,0.007677862862894219,40,10,10,30,0,0
B,4,7504,enet,2.0,0.5,5118.784385490302,-2.455495174906654,8.575087308883667,1.0,1.0,0.75,0.0,0.006801238002232848,40,10,10,30,0,0
B,4,7504,enet,5.0,0.5,5107.558611030986,-2.449748113448207,7.404000520706177,1.0,0.9,0.7297297297297297,0.0,0.0048149019039523365,37,10,10,27,0,3
B,4,7504,enet,10.0,0.5,5070.858908114831,-2.4430940129449463,6.891138315200806,1.0,0.7333333333333334,0.6875,0.0,0.002944056524326912,32,10,10,22,0,8
B,4,7504,enet,20.0,0.5,5066.321861284154,-2.4413025533032986,7.25256609916687,1.0,0.6666666666666666,0.6666666666666666,0.0,0.0027700750593127516,30,10,10,20,0,10
B,4,7504,enet,50.0,0.5,5029.518059590991,-2.445313640280313,4.806596994400024,1.0,0.3666666666666667,0.5238095238095238,0.0,0.005072549573169429,21,10,10,11,0,19
B,4,7504,enet,100.0,0.5,5057.973490429944,-2.465462276359597,3.9311017990112305,1.0,0.23333333333333334,0.4117647058823529,0.0,0.01093360141667369,17,10,10,7,0,23
B,4,7504,enet,200.0,0.5,5176.584033611532,-2.5274732148614847,4.0596747398376465,0.7,0.1,0.3,0.3,0.023706860510814547,10,10,7,3,3,27
B,1,7601,none,0.0,,3979.8489625311568,-1.8908413269276894,0.8312573432922363,1.0,1.0,0.75,0.0,0.003987658395317354,40,10,10,30,0,0
B,1,7601,lasso,1.0,,3973.2638633196198,-1.8892572094176872,0.8605577945709229,1.0,0.9666666666666667,0.7435897435897436,0.0,0.003508629958133911,39,10,10,29,0,1
B,1,7601,lasso,2.0,,3960.1264682687524,-1.8879336696346463,0.8399112224578857,1.0,0.9,0.7297297297297297,0.0,0.0030879157871423544,37,10,10,27,0,3
B,1,7601,lasso,5.0,,3929.8309071418353,-1.8856512096849114,0.8082451820373535,1.0,0.7333333333333334,0.6875,0.0,0.0021033335631667534,32,10,10,22,0,8
B,1,7601,lasso,10.0,,3904.097457413794,-1.8836750104473017,0.8464913368225098,1.0,0.5666666666666667,0.6296296296296297,0.0,0.0014207549584980335,27,10,10,17,0,13
B,1,7601,lasso,20.0,,3854.5015053994553,-1.8876647643117936,0.8719086647033691,1.0,0.2,0.375,0.0,0.00180736971415818,16,10,10,6,0,24
B,1,7601,lasso,50.0,,4276.7360392291275,-2.102756537930627,0.36644482612609863,0.4,0.0,0.0,0.6,0.13805713322918384,4,10,4,0,6,30
B,1,7601,lasso,100.0,,4337.004553253485,-2.1472761613592466,0.4176907539367676,0.2,0.0,0.0,0.8,0.1636088714522141,2,10,2,0,8,30
B,1,7601,lasso,200.0,,4336.969495201314,-2.147253090499539,0.3898642063140869,0.2,0.0,0.0,0.8,0.16359302133199716,2,10,2,0,8,30
B,1,7601,enet,1.0,0.5,3980.0225249960495,-1.8899674828934645,0.8482346534729004,1.0,1.0,0.75,0.0,0.003676840918733239,40,10,10,30,0,0
B,1,7601,enet,2.0,0.5,3973.450296708941,-1.8891728000079047,0.8517770767211914,1.0,0.9666666666666667,0.7435897435897436,0.0,0.0033920105856967576,39,10,10,29,0,1
B,1,7601,enet,5.0,0.5,3947.6854792237496,-1.8874732550694757,0.8645169734954834,1.0,0.8333333333333333,0.7142857142857143,0.0,0.002701368816573584,35,10,10,25,0,5
B,1,7601,enet,10.0,0.5,3932.9460248509577,-1.8866181674226294,0.8172891139984131,1.0,0.7333333333333334,0.6875,0.0,0.001985934293532412,32,10,10,22,0,8
B,1,7601,enet,20.0,0.5,3914.9163337388163,-1.8879460708804432,0.8624005317687988,1.0,0.5666666666666667,0.6296296296296297,0.0,0.001971209008265606,27,10,10,17,0,13
B,1,7601,enet,50.0,0.5,3930.874545664045,-1.9284058079949444,0.970750093460083,1.0,0.06666666666666667,0.16666666666666666,0.0,0.01570001275650285,12,10,10,2,0,28
B,1,7601,enet,100.0,0.5,4301.69904390146,-2.1186285753615826,0.4640071392059326,0.4,0.0,0.0,0.6,0.14717794630907594,4,10,4,0,6,30
B,1,7601,enet,200.0,0.5,4337.000836819595,-2.1472702063004734,0.40622544288635254,0.2,0.0,0.0,0.8,0.16361413666525915,2,10,2,0,8,30
B,2,7602,none,0.0,,2358.3686667765433,-1.1635005062519612,2.582296848297119,1.0,1.0,0.75,0.0,0.002077411968968516,40,10,10,30,0,0
B,2,7602,lasso,1.0,,2344.5981180655235,-1.1623325652253897,1.9164583683013916,1.0,0.9333333333333333,0.7368421052631579,0.0,0.0019376582478322943,38,10,10,28,0,2
B,2,7602,lasso,2.0,,2344.7434740969366,-1.1612211016511802,1.7236502170562744,1.0,0.9333333333333333,0.7368421052631579,0.0,0.001804164855023821,38,10,10,28,0,2
B,2,7602,lasso,5.0,,2324.976291995631,-1.1577419676145344,1.9211585521697998,1.0,0.8333333333333333,0.7142857142857143,0.0,0.0014470680038547535,35,10,10,25,0,5
B,2,7602,lasso,10.0,,2328.4343035782354,-1.1527215601340548,1.9617938995361328,1.0,0.8333333333333333,0.7142857142857143,0.0,0.0009795255248395921,35,10,10,25,0,5
B,2,7602,lasso,20.0,,2308.7789394806637,-1.1467107178798028,1.777944564819336,1.0,0.6666666666666667,0.6666666666666666,0.0,0.0005842086766149928,30,10,10,20,0,10
B,2,7602,lasso,50.0,,2290.9193680590483,-1.1612569895404385,1.7278621196746826,1.0,0.3333333333333333,0.5,0.0,0.0035986562681594512,20,10,10,10,0,20
B,2,7602,lasso,100.0,,2298.2065228107167,-1.1784658442191163,2.0185465812683105,0.6,0.23333333333333334,0.5384615384615384,0.4,0.007898825198765284,13,10,6,7,4,23
B,2,7602,lasso,200.0,,2291.6009439650634,-1.172497066130065,2.3197429180145264,0.6,0.1,0.3333333333333333,0.4,0.00789196638535476,9,10,6,3,4,27
B,2,7602,enet,1.0,0.5,2358.381741348778,-1.1628268791183631,1.815242052078247,1.0,0.9666666666666667,0.7435897435897436,0.0,0.0019973491518094546,39,10,10,29,0,1
B,2,7602,enet,2.0,0.5,2344.6163478204267,-1.1621956698258027,1.9291925430297852,1.0,0.9333333333333333,0.7368421052631579,0.0,0.0019192775332765293,38,10,10,28,0,2
B,2,7602,enet,5.0,0.5,2338.026821459237,-1.1602524668967122,1.6960771083831787,1.0,0.9,0.7297297297297297,0.0,0.0017016373676371974,37,10,10,27,0,3
B,2,7602,enet,10.0,0.5,2325.3020515892163,-1.1571380282622397,1.8840243816375732,1.0,0.8333333333333333,0.7142857142857143,0.0,0.0013876076714816987,35,10,10,25,0,5
B,2,7602,enet,20.0,0.5,2329.6389110958817,-1.1519917249853782,1.9253554344177246,1.0,0.8333333333333333,0.7142857142857143,0.0,0.0009294696899262111,35,10,10,25,0,5
B,2,7602,enet,50.0,0.5,2294.5228688458833,-1.147327434676587,2.2841403484344482,1.0,0.5,0.6,0.0,0.0009559024164347666,25,10,10,15,0,15
B,2,7602,enet,100.0,0.5,2292.4032115063183,-1.1647105127908108,1.6724278926849365,0.9,0.3333333333333333,0.5263157894736842,0.1,0.004286735781217682,19,10,9,10,1,20
B,2,7602,enet,200.0,0.5,2299.280263876889,-1.178164830330112,2.0687592029571533,0.6,0.23333333333333334,0.5384615384615384,0.4,0.007898527228068913,13,10,6,7,4,23
B,4,7604,none,0.0,,5121.040138792947,-2.4282304629853635,8.698734521865845,1.0,1.0,0.75,0.0,0.0031372231987524257,40,10,10,30,0,0
B,4,7604,lasso,1.0,,5121.218084521029,-2.428167716224396,7.325574636459351,1.0,1.0,0.75,0.0,0.002986474554581136,40,10,10,30,0,0
B,4,7604,lasso,2.0,,5121.436433009443,-2.425115750624705,7.26819372177124,1.0,1.0,0.75,0.0,0.002582929391166222,40,10,10,30,0,0
B,4,7604,lasso,5.0,,5095.500211396709,-2.418992439264927,7.306195974349976,1.0,0.8333333333333334,0.7142857142857143,0.0,0.002136495542183417,35,10,10,25,0,5
B,4,7604,lasso,10.0,,5072.3909838720265,-2.4164276810408594,6.820255279541016,1.0,0.7333333333333333,0.6875,0.0,0.002294601769538605,32,10,10,22,0,8
B,4,7604,lasso,20.0,,5032.658359344184,-2.4166060034467063,6.052507638931274,1.0,0.5,0.6,0.0,0.0030592298735902723,25,10,10,15,0,15
B,4,7604,lasso,50.0,,4988.947109352226,-2.425693711070465,5.150096893310547,1.0,0.13333333333333333,0.2857142857142857,0.0,0.0073385760845061515,14,10,10,4,0,26
B,4,7604,lasso,100.0,,5055.746844604548,-2.4639589739069585,4.240185499191284,1.0,0.03333333333333333,0.09090909090909091,0.0,0.016864514949336603,11,10,10,1,0,29
B,4,7604,lasso,200.0,,5207.042978306339,-2.532816250425585,2.399385452270508,0.7,0.0,0.0,0.3,0.02933194962157217,7,10,7,0,3,30
B,4,7604,enet,1.0,0.5,5121.039808443692,-2.42685500064183,7.65524959564209,1.0,1.0,0.75,0.0,0.002947781087318967,40,10,10,30,0,0
B,4,7604,enet,2.0,0.5,5121.153598411095,-2.4270621229834863,7.354838132858276,1.0,1.0,0.75,0.0,0.00284004053078135,40,10,10,30,0,0
B,4,7604,enet,5.0,0.5,5114.98029594684,-2.422754663688061,7.124772548675537,1.0,0.9666666666666667,0.7435897435897436,0.0,0.0024590206958565093,39,10,10,29,0,1
B,4,7604,enet,10.0,0.5,5082.253299055304,-2.4187440656018633,7.1155102252960205,1.0,0.7666666666666666,0.696969696969697,0.0,0.002397205400161309,33,10,10,23,0,7
B,4,7604,enet,20.0,0.5,5060.076362327851,-2.417116588247954,6.655055999755859,1.0,0.6666666666666666,0.6666666666666666,0.0,0.0027509270891982883,30,10,10,20,0,10
B,4,7604,enet,50.0,0.5,5028.870602027175,-2.4202562365353075,6.3315277099609375,1.0,0.43333333333333335,0.5652173913043478,0.0,0.0047993454164878815,23,10,10,13,0,17
B,4,7604,enet,100.0,0.5,5017.94790834465,-2.4332472444005124,4.32839035987854,1.0,0.2,0.375,0.0,0.009641485943381609,16,10,10,6,0,24
B,4,7604,enet,200.0,0.5,5089.248283278946,-2.4769675466275447,3.3039653301239014,1.0,0.03333333333333333,0.09090909090909091,0.0,0.019619710724793214,11,10,10,1,0,29
B,1,7701,none,0.0,,3991.889316723933,-1.90039706765424,1.2125403881072998,1.0,1.0,0.75,0.0,0.0034717397350545924,40,10,10,30,0,0
B,1,7701,lasso,1.0,,3978.4060825993174,-1.8990446247502586,1.1370537281036377,1.0,0.9333333333333333,0.7368421052631579,0.0,0.0030395233767563173,38,10,10,28,0,2
B,1,7701,lasso,2.0,,3967.1719026347,-1.9024011572994723,0.884880781173706,1.0,0.8666666666666667,0.7222222222222222,0.0,0.0027003004920682187,36,10,10,26,0,4
B,1,7701,lasso,5.0,,3922.160522806482,-1.9038652181057745,0.8015754222869873,1.0,0.6333333333333333,0.6551724137931034,0.0,0.0024027401832699014,29,10,10,19,0,11
B,1,7701,lasso,10.0,,3890.0421952277698,-1.9047836836608516,0.9475448131561279,1.0,0.43333333333333335,0.5652173913043478,0.0,0.0028445545052852034,23,10,10,13,0,17
B,1,7701,lasso,20.0,,3849.0415489612787,-1.9118902001371125,0.8616387844085693,1.0,0.1,0.23076923076923078,0.0,0.007571686593233581,13,10,10,3,0,27
B,1,7701,lasso,50.0,,4040.1738083288546,-2.0061872772935057,1.2572669982910156,0.7,0.0,0.0,0.3,0.09423527966549698,7,10,7,0,3,30
B,1,7701,lasso,100.0,,4354.7079801062455,-2.157396575055358,0.9705121517181396,0.2,0.0,0.0,0.8,0.16301194776272504,2,10,2,0,8,30
B,1,7701,lasso,200.0,,4354.808515499423,-2.157194736037314,0.8110759258270264,0.2,0.0,0.0,0.8,0.163166258503246,2,10,2,0,8,30
B,1,7701,enet,1.0,0.5,3985.2956165003025,-1.899737041849651,1.1024036407470703,1.0,0.9666666666666667,0.7435897435897436,0.0,0.003182693255638455,39,10,10,29,0,1
B,1,7701,enet,2.0,0.5,3980.4778274543664,-1.901848655657069,0.9509475231170654,1.0,0.9333333333333333,0.7368421052631579,0.0,0.0029113586400660294,38,10,10,28,0,2
B,1,7701,enet,5.0,0.5,3968.5407992561577,-1.9049544864811239,0.8585700988769531,1.0,0.8666666666666667,0.7222222222222222,0.0,0.0026659345276008415,36,10,10,26,0,4
B,1,7701,enet,10.0,0.5,3926.046523179423,-1.9060317578128052,0.7428326606750488,1.0,0.6333333333333333,0.6551724137931034,0.0,0.00295854034153183,29,10,10,19,0,11
B,1,7701,enet,20.0,0.5,3889.034054916516,-1.9103354547352718,0.843250036239624,1.0,0.3666666666666667,0.5238095238095238,0.0,0.005304493873125552,21,10,10,11,0,19
B,1,7701,enet,50.0,0.5,3943.8202447723247,-1.954389288307989,0.9539186954498291,0.9,0.06666666666666667,0.18181818181818182,0.1,0.041510512226373794,11,10,9,2,1,28
B,1,7701,enet,100.0,0.5,4187.656151848427,-2.0681609957283738,1.0320501327514648,0.6,0.0,0.0,0.4,0.11755660275989245,6,10,6,0,4,30
B,1,7701,enet,200.0,0.5,4354.610883291913,-2.157286852085077,1.3718571662902832,0.2,0.0,0.0,0.8,0.1630290364384263,2,10,2,0,8,30
B,2,7702,none,0.0,,2369.6696248867997,-1.1963877935853364,1.113020658493042,1.0,1.0,0.75,0.0,0.0012263329839896035,40,10,10,30,0,0
B,2,7702,lasso,1.0,,2362.822176393586,-1.1952872624171231,1.240211009979248,1.0,0.9666666666666667,0.7435897435897436,0.0,0.0010996975252611997,39,10,10,29,0,1
B,2,7702,lasso,2.0,,2356.1001119986236,-1.1942383771706033,1.1629831790924072,1.0,0.9333333333333333,0.7368421052631579,0.0,0.0009836380920556097,38,10,10,28,0,2
B,2,7702,lasso,5.0,,2343.4409942008315,-1.1918745277822078,1.2507538795471191,1.0,0.8666666666666667,0.7222222222222222,0.0,0.0006979977464974953,36,10,10,26,0,4
B,2,7702,lasso,10.0,,2333.344562311319,-1.1890728594124258,1.2208607196807861,1.0,0.8,0.7058823529411765,0.0,0.00041043700096261447,34,10,10,24,0,6
B,2,7702,lasso,20.0,,2289.7064854781574,-1.1876029516725588,1.3383281230926514,1.0,0.5333333333333333,0.6153846153846154,0.0,0.0005298092715082254,26,10,10,16,0,14
B,2,7702,lasso,50.0,,2315.0167344339548,-1.205606736296359,1.4348840713500977,0.9,0.43333333333333335,0.5909090909090909,0.1,0.005382064396925802,22,10,9,13,1,17
B,2,7702,lasso,100.0,,2285.7402368115977,-1.2161709948806707,1.3832900524139404,0.6,0.23333333333333334,0.5384615384615384,0.4,0.00803003181012859,13,10,6,7,4,23
B,2,7702,lasso,200.0,,2264.529632894207,-1.2211087616292806,1.5448386669158936,0.6,0.03333333333333333,0.14285714285714285,0.4,0.008061509874938007,7,10,6,1,4,29
B,2,7702,enet,1.0,0.5,2369.688065265562,-1.1957676773268702,1.1366827487945557,1.0,0.9666666666666667,0.7435897435897436,0.0,0.001152462962304902,39,10,10,29,0,1
B,2,7702,enet,2.0,0.5,2362.838529294131,-1.1951681490908077,1.1529622077941895,1.0,0.9666666666666667,0.7435897435897436,0.0,0.0010824617479330018,39,10,10,29,0,1
B,2,7702,enet,5.0,0.5,2349.4173087926365,-1.1935461890840313,1.167478322982788,1.0,0.9,0.7297297297297297,0.0,0.0008955968870453928,37,10,10,27,0,3
B,2,7702,enet,10.0,0.5,2343.819843385368,-1.1915261018586893,1.2767343521118164,1.0,0.8666666666666667,0.7222222222222222,0.0,0.0006552678149543233,36,10,10,26,0,4
B,2,7702,enet,20.0,0.5,2334.668798414596,-1.1889126983416667,1.2067885398864746,1.0,0.8,0.7058823529411765,0.0,0.0004138424761704976,34,10,10,24,0,6
B,2,7702,enet,50.0,0.5,2293.781689241972,-1.1902994888744816,1.3120009899139404,1.0,0.5,0.6,0.0,0.0012851047243435218,25,10,10,15,0,15
B,2,7702,enet,100.0,0.5,2320.2984970745015,-1.2083164120934615,1.4533402919769287,0.9,0.43333333333333335,0.5909090909090909,0.1,0.005994864544750071,22,10,9,13,1,17
B,2,7702,enet,200.0,0.5,2287.0898955095195,-1.2166345008385724,1.537386417388916,0.6,0.23333333333333334,0.5384615384615384,0.4,0.008032540996871451,13,10,6,7,4,23
B,4,7704,none,0.0,,5037.776298435016,-2.4595906304249473,9.913354396820068,1.0,1.0,0.75,0.0,0.001073153217378374,40,10,10,30,0,0
B,4,7704,lasso,1.0,,5024.072190401898,-2.4578289842515137,9.44631576538086,1.0,0.9333333333333333,0.7368421052631579,0.0,0.0008424695926761711,38,10,10,28,0,2
B,4,7704,lasso,2.0,,5023.837583949013,-2.4559292652047824,9.460758686065674,1.0,0.9,0.7297297297297297,0.0,0.0006358733781417077,37,10,10,27,0,3
B,4,7704,lasso,5.0,,4999.508014916888,-2.4560673476915578,8.110989809036255,1.0,0.8,0.7058823529411765,0.0,0.0008741980079775933,34,10,10,24,0,6
B,4,7704,lasso,10.0,,4941.416220850802,-2.456438763476728,8.495510578155518,1.0,0.5,0.6,0.0,0.0014285177605574614,25,10,10,15,0,15
B,4,7704,lasso,20.0,,4924.339442603397,-2.4592998791446603,7.611048698425293,1.0,0.36666666666666664,0.5238095238095238,0.0,0.0030733005357391928,21,10,10,11,0,19
B,4,7704,lasso,50.0,,4962.576460084718,-2.503488426506936,5.303675651550293,0.9,0.3,0.5,0.1,0.012837690114602751,18,10,9,9,1,21
B,4,7704,lasso,100.0,,5005.041652694077,-2.6184362313977685,6.41435170173645,0.6,0.13333333333333333,0.4,0.4,0.024796422507948435,10,10,6,4,4,26
B,4,7704,lasso,200.0,,5014.966336089395,-2.6270906936191927,4.08944296836853,0.6,0.0,0.0,0.4,0.025130598264516107,6,10,6,0,4,30
B,4,7704,enet,1.0,0.5,5023.822134122363,-2.458448157425045,9.938643217086792,1.0,0.9333333333333333,0.7368421052631579,0.0,0.0009388432660112852,38,10,10,28,0,2
B,4,7704,enet,2.0,0.5,5024.154919969185,-2.4574726963652678,9.58670711517334,1.0,0.9,0.7297297297297297,0.0,0.0008268647353226585,37,10,10,27,0,3
B,4,7704,enet,5.0,0.5,5018.344826447277,-2.4558235703087,8.393567323684692,1.0,0.9,0.7297297297297297,0.0,0.000647032171109747,37,10,10,27,0,3
B,4,7704,enet,10.0,0.5,5000.415287643061,-2.456308231250963,7.9352922439575195,1.0,0.8,0.7058823529411765,0.0,0.0011187271963134728,34,10,10,24,0,6
B,4,7704,enet,20.0,0.5,4957.682265578228,-2.456747792088546,7.947706699371338,1.0,0.5666666666666667,0.6296296296296297,0.0,0.0018374622958513293,27,10,10,17,0,13
B,4,7704,enet,50.0,0.5,4942.272575370353,-2.471774333007891,5.794733047485352,1.0,0.36666666666666664,0.5238095238095238,0.0,0.0061677511420690076,21,10,10,11,0,19
B,4,7704,enet,100.0,0.5,4985.497157126055,-2.5176847151778405,4.528749942779541,0.9,0.3333333333333333,0.5263157894736842,0.1,0.015087814116957962,19,10,9,10,1,20
B,4,7704,enet,200.0,0.5,5012.348798681672,-2.6215375860075887,5.785720586776733,0.6,0.13333333333333333,0.4,0.4,0.025052180799809903,10,10,6,4,4,26
B,1,7801,none,0.0,,4043.292528449495,-1.8983254555752838,1.0890352725982666,1.0,1.0,0.75,0.0,0.0036768783874411228,40,10,10,30,0,0
B,1,7801,lasso,1.0,,4022.5841277014997,-1.8970218881081875,1.1178672313690186,1.0,0.9,0.7297297297297297,0.0,0.0033956695991178044,37,10,10,27,0,3
B,1,7801,lasso,2.0,,4015.9724017539784,-1.89588543027675,1.244870901107788,1.0,0.8666666666666667,0.7222222222222222,0.0,0.003160580726964342,36,10,10,26,0,4
B,1,7801,lasso,5.0,,3990.71035795998,-1.8927362189868273,1.1250474452972412,1.0,0.7333333333333334,0.6875,0.0,0.0026314885882731094,32,10,10,22,0,8
B,1,7801,lasso,10.0,,3949.3750810749475,-1.8890371081078734,1.0479047298431396,1.0,0.5,0.6,0.0,0.0022449420241579202,25,10,10,15,0,15
B,1,7801,lasso,20.0,,3917.52354586182,-1.8862943704906348,1.0075769424438477,1.0,0.23333333333333334,0.4117647058823529,0.0,0.0028685504033076356,17,10,10,7,0,23
B,1,7801,lasso,50.0,,4172.552738626891,-2.014480667960136,0.9145700931549072,0.7,0.03333333333333333,0.125,0.3,0.09620878174996125,8,10,7,1,3,29
B,1,7801,lasso,100.0,,4448.795640110522,-2.1517370972818806,0.340130090713501,0.30000000000000004,0.0,0.0,0.7,0.15452851758617725,3,10,3,0,7,30
B,1,7801,lasso,200.0,,4478.538680090777,-2.1703622477652713,0.6834404468536377,0.2,0.0,0.0,0.8,0.161381021780183,2,10,2,0,8,30
B,1,7801,enet,1.0,0.5,4029.476690417791,-1.8974113174478329,1.1131367683410645,1.0,0.9333333333333333,0.7368421052631579,0.0,0.0034945506909058064,38,10,10,28,0,2
B,1,7801,enet,2.0,0.5,4029.614815378468,-1.8966094897677384,1.1135618686676025,1.0,0.9,0.7297297297297297,0.0,0.003335757744813396,37,10,10,27,0,3
B,1,7801,enet,5.0,0.5,4010.022243589798,-1.8945396442337201,1.2063770294189453,1.0,0.8333333333333333,0.7142857142857143,0.0,0.0029774059050684844,35,10,10,25,0,5
B,1,7801,enet,10.0,0.5,3993.2521967450125,-1.8922174393400624,1.1579933166503906,1.0,0.7333333333333333,0.6875,0.0,0.002709776299859891,32,10,10,22,0,8
B,1,7801,enet,20.0,0.5,3961.0044658130178,-1.8901960212541757,1.128018856048584,1.0,0.5,0.6,0.0,0.003168389579040076,25,10,10,15,0,15
B,1,7801,enet,50.0,0.5,4017.7702913086746,-1.9447029564999692,0.893064022064209,1.0,0.06666666666666667,0.16666666666666666,0.0,0.030639086287249782,12,10,10,2,0,28
B,1,7801,enet,100.0,0.5,4319.7898174311185,-2.0852938041527525,0.7388584613800049,0.6,0.0,0.0,0.4,0.1265747777221604,6,10,6,0,4,30
B,1,7801,enet,200.0,0.5,4479.488140714388,-2.1682193157311205,1.0501635074615479,0.30000000000000004,0.0,0.0,0.7,0.1602895161184857,3,10,3,0,7,30
B,2,7802,none,0.0,,2351.0874414566624,-1.1875854231021103,1.2584648132324219,1.0,1.0,0.75,0.0,0.001996477723334127,40,10,10,30,0,0
B,2,7802,lasso,1.0,,2351.1434229459833,-1.1867442936732522,1.3022537231445312,1.0,1.0,0.75,0.0,0.0018917954853048988,40,10,10,30,0,0
B,2,7802,lasso,2.0,,2351.2951314418083,-1.1858933805842653,1.3388714790344238,1.0,1.0,0.75,0.0,0.0017908945417600213,40,10,10,30,0,0
B,2,7802,lasso,5.0,,2324.6093430946603,-1.1833938906347021,1.4629907608032227,1.0,0.8666666666666667,0.7222222222222222,0.0,0.0015046419101200023,36,10,10,26,0,4
B,2,7802,lasso,10.0,,2306.954528928271,-1.1798213851541792,1.5447616577148438,1.0,0.7666666666666666,0.696969696969697,0.0,0.0011319612095583211,33,10,10,23,0,7
B,2,7802,lasso,20.0,,2305.1811792738517,-1.175759237827125,1.554612636566162,1.0,0.7,0.6774193548387096,0.0,0.000790966752589362,31,10,10,21,0,9
B,2,7802,lasso,50.0,,2266.0472076423885,-1.1869423456108956,1.756188154220581,0.9,0.3,0.5,0.1,0.0030420848218144,18,10,9,9,1,21
B,2,7802,lasso,100.0,,2295.2590841680094,-1.2119912951490797,2.132720947265625,0.6,0.2,0.5,0.4,0.007911248022351183,12,10,6,6,4,24
B,2,7802,lasso,200.0,,2281.0149012966044,-1.2200655570890806,3.2392289638519287,0.6,0.03333333333333333,0.14285714285714285,0.4,0.007956037937831178,7,10,6,1,4,29
B,2,7802,enet,1.0,0.5,2351.1073691155534,-1.1871344409051567,1.2948431968688965,1.0,1.0,0.75,0.0,0.0019374994698220585,40,10,10,30,0,0
B,2,7802,enet,2.0,0.5,2351.155052437982,-1.186646254282302,1.3212254047393799,1.0,1.0,0.75,0.0,0.0018778800827357028,40,10,10,30,0,0
B,2,7802,enet,5.0,0.5,2351.476740775027,-1.1852678393245921,1.3763644695281982,1.0,1.0,0.75,0.0,0.001711507375101045,40,10,10,30,0,0
B,2,7802,enet,10.0,0.5,2324.89773028566,-1.1831840010630075,1.4893574714660645,1.0,0.8666666666666667,0.7222222222222222,0.0,0.0014650945433509765,36,10,10,26,0,4
B,2,7802,enet,20.0,0.5,2307.985115870877,-1.1797548313976218,1.509364366531372,1.0,0.7666666666666666,0.696969696969697,0.0,0.0011009407614209793,33,10,10,23,0,7
B,2,7802,enet,50.0,0.5,2289.8649250488047,-1.1766669510151193,1.6486518383026123,1.0,0.5666666666666667,0.6296296296296297,0.0,0.0010456912196509997,27,10,10,17,0,13
B,2,7802,enet,100.0,0.5,2282.0101120189775,-1.1907048818347183,1.6709973812103271,0.9,0.3333333333333333,0.5263157894736842,0.1,0.003711571252774398,19,10,9,10,1,20
B,2,7802,enet,200.0,0.5,2296.7523151429277,-1.2127219042929882,2.6671979427337646,0.6,0.2,0.5,0.4,0.007919231916147618,12,10,6,6,4,24
B,4,7804,none,0.0,,5119.676979453878,-2.4942872160707483,5.962262868881226,1.0,1.0,0.75,0.0,0.0036669440390196067,40,10,10,30,0,0
B,4,7804,lasso,1.0,,5120.04896021914,-2.491945156666349,5.804594039916992,1.0,1.0,0.75,0.0,0.0032460094116424742,40,10,10,30,0,0
B,4,7804,lasso,2.0,,5107.185566708929,-2.488942192027191,5.6186792850494385,1.0,0.9333333333333333,0.7368421052631579,0.0,0.0027887496889844603,38,10,10,28,0,2
B,4,7804,lasso,5.0,,5095.166489301788,-2.484448242238683,5.287935256958008,1.0,0.8666666666666667,0.7222222222222222,0.0,0.002158867028671838,36,10,10,26,0,4
B,4,7804,lasso,10.0,,5078.969933425345,-2.4787235868731012,5.199744939804077,1.0,0.7666666666666666,0.696969696969697,0.0,0.001576592771251137,33,10,10,23,0,7
B,4,7804,lasso,20.0,,5064.373212827644,-2.4734661317851345,4.500106573104858,1.0,0.6333333333333333,0.6551724137931034,0.0,0.0014222329139968854,29,10,10,19,0,11
B,4,7804,lasso,50.0,,5029.311198826528,-2.4810121951562376,4.373513221740723,1.0,0.26666666666666666,0.4444444444444444,0.0,0.004392690707487636,18,10,10,8,0,22
B,4,7804,lasso,100.0,,5070.320439275615,-2.519115457828259,4.126308917999268,1.0,0.03333333333333333,0.09090909090909091,0.0,0.01296687776244374,11,10,10,1,0,29
B,4,7804,lasso,200.0,,5320.697023294214,-2.647066337176859,4.181192636489868,0.7,0.0,0.0,0.3,0.029459320329870985,7,10,7,0,3,30
B,4,7804,enet,1.0,0.5,5119.857205464263,-2.4929612107225863,5.870710372924805,1.0,1.0,0.75,0.0,0.0034277231531490374,40,10,10,30,0,0
B,4,7804,enet,2.0,0.5,5113.213237318534,-2.491716101856562,5.750036716461182,1.0,0.9666666666666667,0.7435897435897436,0.0,0.003206160513966047,39,10,10,29,0,1
B,4,7804,enet,5.0,0.5,5100.736527404489,-2.487730106703175,5.5594635009765625,1.0,0.9,0.7297297297297297,0.0,0.002621190227252121,37,10,10,27,0,3
B,4,7804,enet,10.0,0.5,5095.724548011172,-2.483992153582782,5.283756256103516,1.0,0.8666666666666667,0.7222222222222222,0.0,0.002139223771419785,36,10,10,26,0,4
B,4,7804,enet,20.0,0.5,5080.706371530788,-2.4787130762887086,4.843196868896484,1.0,0.7666666666666666,0.696969696969697,0.0,0.0017158322021000355,33,10,10,23,0,7
B,4,7804,enet,50.0,0.5,5078.88701468449,-2.4761576978040973,4.291640520095825,1.0,0.6333333333333333,0.6551724137931034,0.0,0.0025489497159425613,29,10,10,19,0,11
B,4,7804,enet,100.0,0.5,5049.192743228263,-2.4905584232864104,4.095036745071411,1.0,0.26666666666666666,0.4444444444444444,0.0,0.006438524435780931,18,10,10,8,0,22
B,4,7804,enet,200.0,0.5,5116.456069169596,-2.5426431702949865,4.026152849197388,1.0,0.03333333333333333,0.09090909090909091,0.0,0.01618448813173772,11,10,10,1,0,29
B,1,7901,none,0.0,,4002.0780818328863,-1.92381586042379,0.7643985748291016,1.0,1.0,0.75,0.0,0.004839840578809556,40,10,10,30,0,0
B,1,7901,lasso,1.0,,4002.2171294858053,-1.9227696903001106,0.8094725608825684,1.0,1.0,0.75,0.0,0.004437351814123362,40,10,10,30,0,0
B,1,7901,lasso,2.0,,3995.7542639887088,-1.9218573023736425,0.8237366676330566,1.0,0.9666666666666667,0.7435897435897436,0.0,0.004062659341071381,39,10,10,29,0,1
B,1,7901,lasso,5.0,,3963.9901133904923,-1.9195081930526638,0.8681612014770508,1.0,0.8,0.7058823529411765,0.0,0.0031586725195321052,34,10,10,24,0,6
B,1,7901,lasso,10.0,,3925.732728253645,-1.9178256420324975,0.8222923278808594,1.0,0.5666666666666667,0.6296296296296297,0.0,0.0023469449652020243,27,10,10,17,0,13
B,1,7901,lasso,20.0,,3892.675180486616,-1.9212643195410246,0.7520999908447266,1.0,0.23333333333333334,0.4117647058823529,0.0,0.003956200449232191,17,10,10,7,0,23
B,1,7901,lasso,50.0,,4159.9136269207265,-2.076878839709643,0.7620406150817871,0.7,0.0,0.0,0.3,0.10975648961848034,7,10,7,0,3,30
B,1,7901,lasso,100.0,,4312.058299914708,-2.1594932079900353,0.4317433834075928,0.30000000000000004,0.0,0.0,0.7,0.15474244209650614,3,10,3,0,7,30
B,1,7901,lasso,200.0,,4332.638282818501,-2.1723892461299417,0.4890625476837158,0.2,0.0,0.0,0.8,0.16229685946852507,2,10,2,0,8,30
B,1,7901,enet,1.0,0.5,4002.1689385674117,-1.9232809391019252,0.8466908931732178,1.0,1.0,0.75,0.0,0.004616013677212203,40,10,10,30,0,0
B,1,7901,enet,2.0,0.5,4002.3880989678673,-1.9228010849850279,0.8107435703277588,1.0,1.0,0.75,0.0,0.004410440548668517,40,10,10,30,0,0
B,1,7901,enet,5.0,0.5,3990.0418447074226,-1.9217209946903477,0.8014693260192871,1.0,0.9333333333333333,0.7368421052631579,0.0,0.0038826996520348878,38,10,10,28,0,2
B,1,7901,enet,10.0,0.5,3974.329634908329,-1.9208997854331924,0.8325257301330566,1.0,0.8333333333333334,0.7142857142857143,0.0,0.003351520267956612,35,10,10,25,0,5
B,1,7901,enet,20.0,0.5,3932.0683823670415,-1.9234329024982677,0.7608504295349121,1.0,0.5333333333333333,0.6153846153846154,0.0,0.00391793104564743,26,10,10,16,0,14
B,1,7901,enet,50.0,0.5,3959.68872027018,-1.9722085294958303,1.0576326847076416,1.0,0.03333333333333333,0.09090909090909091,0.0,0.02807433767632892,11,10,10,1,0,29
B,1,7901,enet,100.0,0.5,4223.5507016374895,-2.1084794270528118,1.0123786926269531,0.6000000000000001,0.0,0.0,0.4,0.13126493674974654,6,10,6,0,4,30
B,1,7901,enet,200.0,0.5,4329.647799123711,-2.1679399941130106,0.4971582889556885,0.30000000000000004,0.0,0.0,0.7,0.15934223914066983,3,10,3,0,7,30
B,2,7902,none,0.0,,2622.486306400059,-1.2262082856753478,1.6574230194091797,1.0,1.0,0.75,0.0,0.0014864352242395366,40,10,10,30,0,0
B,2,7902,lasso,1.0,,2622.5351929651797,-1.2253844578610065,1.2390785217285156,1.0,1.0,0.75,0.0,0.0014217601626408205,40,10,10,30,0,0
B,2,7902,lasso,2.0,,2615.790023414029,-1.2245630319276253,1.2751224040985107,1.0,0.9666666666666667,0.7435897435897436,0.0,0.0013631030724885961,39,10,10,29,0,1
B,2,7902,lasso,5.0,,2589.1499640717484,-1.2220138830161698,1.3690483570098877,1.0,0.8333333333333333,0.7142857142857143,0.0,0.0012268544886531723,35,10,10,25,0,5
B,2,7902,lasso,10.0,,2585.567798077093,-1.2188912681784714,1.304936408996582,1.0,0.8,0.7058823529411765,0.0,0.0011452989096030848,34,10,10,24,0,6
B,2,7902,lasso,20.0,,2547.1140164524368,-1.2156794121436514,1.4202210903167725,1.0,0.5333333333333333,0.6153846153846154,0.0,0.0015133656982156455,26,10,10,16,0,14
B,2,7902,lasso,50.0,,2531.491708106473,-1.2212215165833358,1.5655887126922607,0.9,0.36666666666666664,0.55,0.1,0.004508285950472451,20,10,9,11,1,19
B,2,7902,lasso,100.0,,2544.2703042252583,-1.2325028801290951,1.5750033855438232,0.6,0.3,0.6,0.4,0.008138218749569777,15,10,6,9,4,21
B,2,7902,lasso,200.0,,2522.2674969568066,-1.234507168966612,2.24161434173584,0.6,0.06666666666666667,0.25,0.4,0.008172514799844086,8,10,6,2,4,28
B,2,7902,enet,1.0,0.5,2622.5009321817934,-1.225725021870036,1.2490239143371582,1.0,1.0,0.75,0.0,0.0014522635435979304,40,10,10,30,0,0
B,2,7902,enet,2.0,0.5,2622.5461951034076,-1.2252834724560417,1.2953076362609863,1.0,1.0,0.75,0.0,0.0014184560830034513,40,10,10,30,0,0
B,2,7902,enet,5.0,0.5,2609.060992606811,-1.223960489056029,1.2905004024505615,1.0,0.9333333333333333,0.7368421052631579,0.0,0.001334244769803251,38,10,10,28,0,2
B,2,7902,enet,10.0,0.5,2596.284748543565,-1.2217533681978716,1.3361153602600098,1.0,0.8666666666666667,0.7222222222222222,0.0,0.0012366258934067048,36,10,10,26,0,4
B,2,7902,enet,20.0,0.5,2586.3178858297683,-1.2186426011437634,1.303490400314331,1.0,0.8,0.7058823529411765,0.0,0.0012011503297374407,34,10,10,24,0,6
B,2,7902,enet,50.0,0.5,2527.518618738059,-1.2166410280616955,1.471881628036499,1.0,0.43333333333333335,0.5652173913043478,0.0,0.0021980227724566017,23,10,10,13,0,17
B,2,7902,enet,100.0,0.5,2537.791202273141,-1.2235026277585503,1.66395902633667,0.9,0.36666666666666664,0.55,0.1,0.005110518468040248,20,10,9,11,1,19
B,2,7902,enet,200.0,0.5,2545.7641613201718,-1.2329156677856832,1.620239019393921,0.6,0.3,0.6,0.4,0.008143464234630816,15,10,6,9,4,21
B,4,7904,none,0.0,,5149.943903593263,-2.4225004445432696,5.6814446449279785,1.0,1.0,0.75,0.0,0.005312257455590964,40,10,10,30,0,0
B,4,7904,lasso,1.0,,5150.291678833554,-2.418627996841932,5.401001930236816,1.0,1.0,0.75,0.0,0.0043790664530864425,40,10,10,30,0,0
B,4,7904,lasso,2.0,,5143.970037645744,-2.417041537956722,5.1908650398254395,1.0,0.9666666666666667,0.7435897435897436,0.0,0.0037668092033649675,39,10,10,29,0,1
B,4,7904,lasso,5.0,,5132.738294341234,-2.411309226347003,4.913503885269165,1.0,0.9,0.7297297297297297,0.0,0.0021832072176756383,37,10,10,27,0,3
B,4,7904,lasso,10.0,,5118.736530334482,-2.4046075863245617,4.656845808029175,1.0,0.7666666666666666,0.696969696969697,0.0,0.0008395381508606519,33,10,10,23,0,7
B,4,7904,lasso,20.0,,5085.409288511874,-2.4028809974077165,4.171804666519165,1.0,0.5666666666666667,0.6296296296296297,0.0,0.0006389954862849745,27,10,10,17,0,13
B,4,7904,lasso,50.0,,5068.334185628829,-2.4249667950294564,3.751457452774048,1.0,0.3,0.47368421052631576,0.0,0.00407591279023679,19,10,10,9,0,21
B,4,7904,lasso,100.0,,5136.716679895806,-2.5075417290240214,3.1346116065979004,1.0,0.06666666666666667,0.16666666666666666,0.0,0.015468432235713547,12,10,10,2,0,28
B,4,7904,lasso,200.0,,5454.500281976655,-2.7567549295646554,2.943206787109375,0.6,0.06666666666666667,0.25,0.4,0.028697823968692165,8,10,6,2,4,28
B,4,7904,enet,1.0,0.5,5150.051249901761,-2.421245353692813,5.573856592178345,1.0,1.0,0.75,0.0,0.004917123802751753,40,10,10,30,0,0
B,4,7904,enet,2.0,0.5,5150.50282408907,-2.4190688096087722,5.337417364120483,1.0,1.0,0.75,0.0,0.004254888751966068,40,10,10,30,0,0
B,4,7904,enet,5.0,0.5,5144.712738006741,-2.4158018311042335,5.144450902938843,1.0,0.9666666666666667,0.7435897435897436,0.0,0.0032070066609008394,39,10,10,29,0,1
B,4,7904,enet,10.0,0.5,5127.080121377285,-2.4114246009558773,4.755661249160767,1.0,0.8666666666666667,0.7222222222222222,0.0,0.0019129868196421935,36,10,10,26,0,4
B,4,7904,enet,20.0,0.5,5121.095686649584,-2.4063235098333853,4.384285926818848,1.0,0.8,0.7058823529411765,0.0,0.0008618558264411315,34,10,10,24,0,6
B,4,7904,enet,50.0,0.5,5079.162883004548,-2.41380171245273,3.8546764850616455,1.0,0.4666666666666667,0.5833333333333334,0.0,0.0019272081068337078,24,10,10,14,0,16
B,4,7904,enet,100.0,0.5,5082.458161951521,-2.4430546794567674,3.4449875354766846,1.0,0.26666666666666666,0.4444444444444444,0.0,0.006435302867439578,18,10,10,8,0,22
B,4,7904,enet,200.0,0.5,5182.18562411601,-2.540416805079301,3.5824637413024902,1.0,0.1,0.23076923076923078,0.0,0.01818643964255916,13,10,10,3,0,27
B,1,8001,none,0.0,,4098.8530783996375,-1.9292677972426202,0.9022071361541748,1.0,1.0,0.75,0.0,0.006002871547227857,40,10,10,30,0,0
B,1,8001,lasso,1.0,,4092.1882918932947,-1.9265917895365743,0.9164535999298096,1.0,0.9666666666666667,0.7435897435897436,0.0,0.005466723431701939,39,10,10,29,0,1
B,1,8001,lasso,2.0,,4085.907291894234,-1.9240884588675216,0.9470458030700684,1.0,0.9333333333333333,0.7368421052631579,0.0,0.004981667962158645,38,10,10,28,0,2
B,1,8001,lasso,5.0,,4055.358605441304,-1.9172196362121245,1.0096442699432373,1.0,0.7666666666666666,0.696969696969697,0.0,0.0038464782950573856,33,10,10,23,0,7
B,1,8001,lasso,10.0,,4048.059643753654,-1.9092858871155676,0.9960813522338867,1.0,0.6666666666666666,0.6666666666666666,0.0,0.0031271900560566326,30,10,10,20,0,10
B,1,8001,lasso,20.0,,4002.9964473944674,-1.910319334911337,1.3428459167480469,1.0,0.26666666666666666,0.4444444444444444,0.0,0.006323239130901001,18,10,10,8,0,22
B,1,8001,lasso,50.0,,4329.585655182357,-2.1066129333534467,0.46936726570129395,0.4,0.0,0.0,0.6,0.13877435623528384,4,10,4,0,6,30
B,1,8001,lasso,100.0,,4388.475849823152,-2.1520018423524774,0.40676426887512207,0.2,0.0,0.0,0.8,0.16394817003954515,2,10,2,0,8,30
B,1,8001,lasso,200.0,,4388.411823905835,-2.152089512143108,0.3444383144378662,0.2,0.0,0.0,0.8,0.16387192144035248,2,10,2,0,8,30
B,1,8001,enet,1.0,0.5,4092.0785175358938,-1.9276792483930107,0.9003331661224365,1.0,0.9666666666666667,0.7435897435897436,0.0,0.005718548627767302,39,10,10,29,0,1
B,1,8001,enet,2.0,0.5,4092.367395033767,-1.9262116588454357,0.9151146411895752,1.0,0.9666666666666667,0.7435897435897436,0.0,0.00546021987327726,39,10,10,29,0,1
B,1,8001,enet,5.0,0.5,4087.264461745208,-1.9220364978513134,0.9743945598602295,1.0,0.9333333333333333,0.7368421052631579,0.0,0.00480428388967924,38,10,10,28,0,2
B,1,8001,enet,10.0,0.5,4065.651076227687,-1.9163240177340235,0.996121883392334,1.0,0.8,0.7058823529411765,0.0,0.004190584551717463,34,10,10,24,0,6
B,1,8001,enet,20.0,0.5,4048.2924930385934,-1.9117302667614604,0.911998987197876,1.0,0.6,0.6428571428571429,0.0,0.005224744624276252,28,10,10,18,0,12
B,1,8001,enet,50.0,0.5,4075.7163323195414,-1.9543466944515147,1.2179954051971436,1.0,0.1,0.23076923076923078,0.0,0.031097491802166245,13,10,10,3,0,27
B,1,8001,enet,100.0,0.5,4357.1123422015435,-2.123371605751941,0.38500094413757324,0.4,0.0,0.0,0.6,0.14853477323768177,4,10,4,0,6,30
B,1,8001,enet,200.0,0.5,4388.445193913395,-2.15202935416514,0.3708987236022949,0.2,0.0,0.0,0.8,0.16390994163543343,2,10,2,0,8,30
B,2,8002,none,0.0,,2283.903250675655,-1.0564452051843956,1.8369495868682861,1.0,1.0,0.75,0.0,0.001994722819831596,40,10,10,30,0,0
B,2,8002,lasso,1.0,,2283.965387197176,-1.0556690206409036,1.6829767227172852,1.0,0.9666666666666667,0.7435897435897436,0.0,0.0018833406125643962,39,10,10,29,0,1
B,2,8002,lasso,2.0,,2277.270136387689,-1.0549872243577227,1.5814471244812012,1.0,0.9666666666666667,0.7435897435897436,0.0,0.0017873773082154527,39,10,10,29,0,1
B,2,8002,lasso,5.0,,2244.028291471888,-1.0532073487376779,1.8383820056915283,1.0,0.8,0.7058823529411765,0.0,0.001605951809548877,34,10,10,24,0,6
B,2,8002,lasso,10.0,,2227.0878279933277,-1.0517740409960752,1.689810037612915,1.0,0.7,0.6774193548387096,0.0,0.0014991212732701404,31,10,10,21,0,9
B,2,8002,lasso,20.0,,2195.6133606847484,-1.0539304136900272,1.70100998878479,1.0,0.5,0.6,0.0,0.002074748651658247,25,10,10,15,0,15
B,2,8002,lasso,50.0,,2159.169733682377,-1.0641435233067114,1.9302949905395508,0.8,0.23333333333333334,0.4666666666666667,0.2,0.004604701118715094,15,10,8,7,2,23
B,2,8002,lasso,100.0,,2170.285332088682,-1.0767428950650964,1.5395143032073975,0.7,0.1,0.3,0.3,0.007753493035856699,10,10,7,3,3,27
B,2,8002,lasso,200.0,,2165.927196082944,-1.0822971223272007,2.122767210006714,0.6,0.0,0.0,0.4,0.008387399954439191,6,10,6,0,4,30
B,2,8002,enet,1.0,0.5,2283.916914191639,-1.0559971184945365,1.744321346282959,1.0,0.9666666666666667,0.7435897435897436,0.0,0.0019321707231503497,39,10,10,29,0,1
B,2,8002,enet,2.0,0.5,2283.977410432342,-1.0555870195668076,1.675835132598877,1.0,0.9666666666666667,0.7435897435897436,0.0,0.0018744243659150925,39,10,10,29,0,1
B,2,8002,enet,5.0,0.5,2270.5890711482252,-1.0544849846146267,1.5993332862854004,1.0,0.9333333333333333,0.7368421052631579,0.0,0.0017312862057675775,38,10,10,28,0,2
B,2,8002,enet,10.0,0.5,2244.336584279815,-1.0529447868007866,2.039669990539551,1.0,0.8,0.7058823529411765,0.0,0.0015783662894723089,34,10,10,24,0,6
B,2,8002,enet,20.0,0.5,2228.0488704884183,-1.051775851178987,1.6883606910705566,1.0,0.7,0.6774193548387096,0.0,0.0015362910308902402,31,10,10,21,0,9
B,2,8002,enet,50.0,0.5,2191.9343571520003,-1.0572052441868602,1.7083549499511719,1.0,0.39999999999999997,0.5454545454545454,0.0,0.0029075793672385516,22,10,10,12,0,18
B,2,8002,enet,100.0,0.5,2165.5830275402664,-1.065699651042755,1.6830320358276367,0.8,0.23333333333333334,0.4666666666666667,0.2,0.005046263100830084,15,10,8,7,2,23
B,2,8002,enet,200.0,0.5,2173.81139479209,-1.0776290295661777,2.108457326889038,0.7,0.1,0.3,0.3,0.007972203259602045,10,10,7,3,3,27
B,4,8004,none,0.0,,5127.073873605361,-2.4568938238582616,6.244757890701294,1.0,1.0,0.75,0.0,0.002534239306026956,40,10,10,30,0,0
B,4,8004,lasso,1.0,,5127.260659969706,-2.4556749358773766,5.983638525009155,1.0,0.9666666666666667,0.7435897435897436,0.0,0.002307309688004763,39,10,10,29,0,1
B,4,8004,lasso,2.0,,5106.69655645041,-2.4550093854289834,5.8839569091796875,1.0,0.9,0.7297297297297297,0.0,0.0020866238817304978,37,10,10,27,0,3
B,4,8004,lasso,5.0,,5094.547877298263,-2.4536575872081974,5.618558406829834,1.0,0.8333333333333334,0.7142857142857143,0.0,0.0016797718321106274,35,10,10,25,0,5
B,4,8004,lasso,10.0,,5064.498557978272,-2.4527078970996916,5.2268102169036865,1.0,0.6666666666666666,0.6666666666666666,0.0,0.001458105511111604,30,10,10,20,0,10
B,4,8004,lasso,20.0,,5024.79129261126,-2.451406573810146,4.462605237960815,1.0,0.43333333333333335,0.5652173913043478,0.0,0.0014365741106815836,23,10,10,13,0,17
B,4,8004,lasso,50.0,,5006.62199916287,-2.4575314269458004,3.953799247741699,1.0,0.2,0.375,0.0,0.0036134110944228697,16,10,10,6,0,24
B,4,8004,lasso,100.0,,5088.076716828591,-2.493020069582135,3.2359659671783447,1.0,0.13333333333333333,0.2857142857142857,0.0,0.011448405655329463,14,10,10,4,0,26
B,4,8004,lasso,200.0,,5281.8490991117205,-2.573172985441578,2.6834566593170166,0.8,0.0,0.0,0.2,0.024728670103810767,8,10,8,0,2,30
B,4,8004,enet,1.0,0.5,5113.3732499875705,-2.454500826898943,5.9385552406311035,1.0,0.9,0.7297297297297297,0.0,0.00210777649132586,37,10,10,27,0,3
B,4,8004,enet,2.0,0.5,5127.2805541857415,-2.4557690941787014,5.941681861877441,1.0,1.0,0.75,0.0,0.002273324496182224,40,10,10,30,0,0
B,4,8004,enet,5.0,0.5,5100.136712459974,-2.4543312043875396,5.605126142501831,1.0,0.8666666666666667,0.7222222222222222,0.0,0.0019321021974018973,36,10,10,26,0,4
B,4,8004,enet,10.0,0.5,5095.201842202448,-2.453213205804226,5.5808351039886475,1.0,0.8333333333333334,0.7142857142857143,0.0,0.0016557614950312696,35,10,10,25,0,5
B,4,8004,enet,20.0,0.5,5066.473069254758,-2.452525304773884,4.865448713302612,1.0,0.6666666666666666,0.6666666666666666,0.0,0.0016158409335913842,30,10,10,20,0,10
B,4,8004,enet,50.0,0.5,5034.672583795198,-2.4537271519336357,4.262073993682861,1.0,0.43333333333333335,0.5652173913043478,0.0,0.002322377689173592,23,10,10,13,0,17
B,4,8004,enet,100.0,0.5,5028.029403403811,-2.465309056813906,3.4875741004943848,1.0,0.2,0.375,0.0,0.005495418385065119,16,10,10,6,0,24
B,4,8004,enet,200.0,0.5,5133.466050250864,-2.511509729291547,3.2711336612701416,1.0,0.1,0.23076923076923078,0.0,0.014823368031250722,13,10,10,3,0,27
B,1,8101,none,0.0,,4099.4525593612325,-1.8935211398530523,0.9370160102844238,1.0,1.0,0.75,0.0,0.0058062565645018395,40,10,10,30,0,0
B,1,8101,lasso,1.0,,4092.663636243019,-1.8911968635045442,1.015594720840454,1.0,0.9666666666666667,0.7435897435897436,0.0,0.005178775875457904,39,10,10,29,0,1
B,1,8101,lasso,2.0,,4093.5012523209166,-1.888578017475267,0.9956238269805908,1.0,0.9666666666666667,0.7435897435897436,0.0,0.004521654236187901,39,10,10,29,0,1
B,1,8101,lasso,5.0,,4035.7183510879768,-1.88374625416761,0.9543087482452393,1.0,0.6666666666666666,0.6666666666666666,0.0,0.003181474485342174,30,10,10,20,0,10
B,1,8101,lasso,10.0,,4007.851891297088,-1.8807220862141945,0.9863078594207764,1.0,0.4666666666666667,0.5833333333333334,0.0,0.001919357621951969,24,10,10,14,0,16
B,1,8101,lasso,20.0,,3990.185454632998,-1.8905123019513794,0.9532656669616699,1.0,0.19999999999999998,0.375,0.0,0.0038083880837929546,16,10,10,6,0,24
B,1,8101,lasso,50.0,,4321.944785483843,-2.1333173627042767,0.38257575035095215,0.4,0.0,0.0,0.6,0.14574802277796292,4,10,4,0,6,30
B,1,8101,lasso,100.0,,4367.738258823763,-2.1636837876606596,0.639068603515625,0.2,0.0,0.0,0.8,0.16535587108615718,2,10,2,0,8,30
B,1,8101,lasso,200.0,,4367.689492585311,-2.1634012157672853,0.3844873905181885,0.2,0.0,0.0,0.8,0.16520531339793726,2,10,2,0,8,30
B,1,8101,enet,1.0,0.5,4099.419369049536,-1.8919572881600286,1.0204975605010986,1.0,1.0,0.75,0.0,0.0054100721875885585,40,10,10,30,0,0
B,1,8101,enet,2.0,0.5,4099.817046476965,-1.8903144006491206,1.0004427433013916,1.0,1.0,0.75,0.0,0.004975551564959152,40,10,10,30,0,0
B,1,8101,enet,5.0,0.5,4081.135927176695,-1.8860910490701637,1.0466525554656982,1.0,0.9,0.7297297297297297,0.0,0.00393713035036792,37,10,10,27,0,3
B,1,8101,enet,10.0,0.5,4035.1054584806548,-1.882141160521436,0.9127652645111084,1.0,0.6333333333333333,0.6551724137931034,0.0,0.002682009003791696,29,10,10,19,0,11
B,1,8101,enet,20.0,0.5,4025.7577405339466,-1.8860089407050786,0.9767577648162842,1.0,0.4666666666666667,0.5833333333333334,0.0,0.0032749141564019186,24,10,10,14,0,16
B,1,8101,enet,50.0,0.5,4141.565449811398,-1.986167009469892,1.272794246673584,1.0,0.1,0.23076923076923078,0.0,0.05211636199786038,13,10,10,3,0,27
B,1,8101,enet,100.0,0.5,4337.425339770271,-2.143070379753708,0.7426438331604004,0.4,0.0,0.0,0.6,0.15182465909461684,4,10,4,0,6,30
B,1,8101,enet,200.0,0.5,4367.705515960503,-2.1636251622753906,0.45843958854675293,0.2,0.0,0.0,0.8,0.1653118195254794,2,10,2,0,8,30
B,2,8102,none,0.0,,2591.6495450244397,-1.0660748898876389,1.6274538040161133,1.0,0.9666666666666667,0.7435897435897436,0.0,0.0015052078419237147,39,10,10,29,0,1
B,2,8102,lasso,1.0,,2584.7840409942773,-1.065623632458605,1.6729605197906494,1.0,0.9333333333333333,0.7368421052631579,0.0,0.0014192065569502822,38,10,10,28,0,2
B,2,8102,lasso,2.0,,2571.1214464558725,-1.0651861419189002,1.6703081130981445,1.0,0.9,0.7297297297297297,0.0,0.001343502344301952,37,10,10,27,0,3
B,2,8102,lasso,5.0,,2558.2930328407438,-1.0639981629701074,1.7231972217559814,1.0,0.8333333333333333,0.7142857142857143,0.0,0.0011738458939518355,35,10,10,25,0,5
B,2,8102,lasso,10.0,,2547.2449598770086,-1.0630442919904972,1.583667516708374,1.0,0.7666666666666666,0.696969696969697,0.0,0.0010681871245232216,33,10,10,23,0,7
B,2,8102,lasso,20.0,,2521.2693984899465,-1.0635607475629631,2.262159585952759,1.0,0.6,0.6428571428571429,0.0,0.001249708244448924,28,10,10,18,0,12
B,2,8102,lasso,50.0,,2505.634189816771,-1.0759334768285684,2.338616132736206,0.9,0.36666666666666664,0.55,0.1,0.004103295651208745,20,10,9,11,1,19
B,2,8102,lasso,100.0,,2503.398502162705,-1.0910255189673335,2.1619603633880615,0.7,0.16666666666666666,0.4166666666666667,0.3,0.007258459468821861,12,10,7,5,3,25
B,2,8102,lasso,200.0,,2498.8962315193316,-1.1025440751187001,2.179603099822998,0.6,0.03333333333333333,0.14285714285714285,0.4,0.008097364071652824,7,10,6,1,4,29
B,2,8102,enet,1.0,0.5,2584.7494245237267,-1.0657865032415994,1.6833796501159668,1.0,0.9666666666666667,0.7435897435897436,0.0,0.0014601817221515012,39,10,10,29,0,1
B,2,8102,enet,2.0,0.5,2584.7931320704984,-1.0655681689123229,1.570554494857788,1.0,0.9666666666666667,0.7435897435897436,0.0,0.0014179395706150205,39,10,10,29,0,1
B,2,8102,enet,5.0,0.5,2571.2904840800047,-1.064936273419458,1.867811918258667,1.0,0.9,0.7297297297297297,0.0,0.001309278905049843,37,10,10,27,0,3
B,2,8102,enet,10.0,0.5,2558.4780073160478,-1.0639340235522623,1.7002990245819092,1.0,0.8333333333333333,0.7142857142857143,0.0,0.0011822831266104115,35,10,10,25,0,5
B,2,8102,enet,20.0,0.5,2547.9348775797944,-1.0630072060173155,1.5804345607757568,1.0,0.7666666666666666,0.696969696969697,0.0,0.0011093093997107451,33,10,10,23,0,7
B,2,8102,enet,50.0,0.5,2509.0109636668135,-1.065353179359414,1.9249730110168457,1.0,0.5,0.6,0.0,0.0017250461826986026,25,10,10,15,0,15
B,2,8102,enet,100.0,0.5,2512.105788018629,-1.0776268509528981,2.2898480892181396,0.9,0.36666666666666664,0.55,0.1,0.004474299938481417,20,10,9,11,1,19
B,2,8102,enet,200.0,0.5,2501.1917303625373,-1.092819716566294,2.268949031829834,0.7,0.13333333333333333,0.36363636363636365,0.3,0.007498605408912073,11,10,7,4,3,26
B,4,8104,none,0.0,,5101.572824182399,-2.491298461043315,6.012610673904419,1.0,1.0,0.75,0.0,0.0026544438436687276,40,10,10,30,0,0
B,4,8104,lasso,1.0,,5095.431478215029,-2.4868198408658637,5.427255392074585,1.0,0.9666666666666667,0.7435897435897436,0.0,0.002397501573369291,39,10,10,29,0,1
B,4,8104,lasso,2.0,,5075.297333757991,-2.4831837284507,5.3073410987854,1.0,0.8666666666666667,0.7222222222222222,0.0,0.0021260442478161093,36,10,10,26,0,4
B,4,8104,lasso,5.0,,5077.019542028286,-2.478455463548341,4.977124452590942,1.0,0.8666666666666667,0.7222222222222222,0.0,0.0020283507451753025,36,10,10,26,0,4
B,4,8104,lasso,10.0,,5032.352074547413,-2.472776024830303,4.98670220375061,1.0,0.6333333333333333,0.6551724137931034,0.0,0.0018573928679240501,29,10,10,19,0,11
B,4,8104,lasso,20.0,,4983.097472667083,-2.47377802371143,4.564558506011963,1.0,0.36666666666666664,0.5238095238095238,0.0,0.0027577822765987104,21,10,10,11,0,19
B,4,8104,lasso,50.0,,4980.424653039363,-2.4872032545727394,3.7295520305633545,1.0,0.2,0.375,0.0,0.007178310759757727,16,10,10,6,0,24
B,4,8104,lasso,100.0,,5037.979935320627,-2.52476054760935,3.7379422187805176,0.9,0.06666666666666667,0.18181818181818182,0.1,0.017369700396840666,11,10,9,2,1,28
B,4,8104,lasso,200.0,,5182.106009846877,-2.5672216672482038,3.1514174938201904,0.7,0.0,0.0,0.3,0.025191631269493628,7,10,7,0,3,30
B,4,8104,enet,1.0,0.5,5102.112985453397,-2.487900215563052,5.67303204536438,1.0,1.0,0.75,0.0,0.0024370863145724724,40,10,10,30,0,0
B,4,8104,enet,2.0,0.5,5095.621629068455,-2.4860253713613005,5.6772894859313965,1.0,0.9666666666666667,0.7435897435897436,0.0,0.002371611328772808,39,10,10,29,0,1
B,4,8104,enet,5.0,0.5,5082.7212190280325,-2.482256159241154,5.183345794677734,1.0,0.9,0.7297297297297297,0.0,0.0022235441056078185,37,10,10,27,0,3
B,4,8104,enet,10.0,0.5,5077.468052914557,-2.4784825202462617,4.91502046585083,1.0,0.8666666666666667,0.7222222222222222,0.0,0.0021634774753042847,36,10,10,26,0,4
B,4,8104,enet,20.0,0.5,5047.186432467753,-2.4741013639100253,4.680657386779785,1.0,0.7,0.6774193548387096,0.0,0.002267460417114918,31,10,10,21,0,9
B,4,8104,enet,50.0,0.5,4992.146261116749,-2.477343698521604,4.419453144073486,1.0,0.36666666666666664,0.5238095238095238,0.0,0.004219867223602227,21,10,10,11,0,19
B,4,8104,enet,100.0,0.5,4996.752328836585,-2.4927095736687743,3.7979440689086914,1.0,0.2,0.375,0.0,0.008927985435158003,16,10,10,6,0,24
B,4,8104,enet,200.0,0.5,5081.081926176456,-2.5332326278738386,3.546783447265625,0.9,0.06666666666666667,0.18181818181818182,0.1,0.01892389896854325,11,10,9,2,1,28
B,1,8201,none,0.0,,4059.037927275002,-1.920679018813627,0.6156976222991943,1.0,1.0,0.75,0.0,0.00583022065244856,40,10,10,30,0,0
B,1,8201,lasso,1.0,,4059.4544144536317,-1.9182760814376965,0.6139571666717529,1.0,1.0,0.75,0.0,0.00530131486132001,40,10,10,30,0,0
B,1,8201,lasso,2.0,,4060.307381962981,-1.9160046858165605,0.6418061256408691,1.0,1.0,0.75,0.0,0.004828481478772982,40,10,10,30,0,0
B,1,8201,lasso,5.0,,4037.2640847072253,-1.910906409552738,0.6011757850646973,1.0,0.8666666666666667,0.7222222222222222,0.0,0.003929329184980724,36,10,10,26,0,4
B,1,8201,lasso,10.0,,3987.58082233217,-1.9076621027763168,0.5844354629516602,1.0,0.5666666666666667,0.6296296296296297,0.0,0.003652121534137921,27,10,10,17,0,13
B,1,8201,lasso,20.0,,3917.8494773808593,-1.922160471495842,0.5524306297302246,1.0,0.06666666666666667,0.16666666666666666,0.0,0.008465413914674317,12,10,10,2,0,28
B,1,8201,lasso,50.0,,4144.551501834654,-2.052142506713023,1.1826140880584717,0.7,0.0,0.0,0.3,0.09629768405934308,7,10,7,0,3,30
B,1,8201,lasso,100.0,,4393.7693472444935,-2.1813365270148646,0.9034276008605957,0.2,0.0,0.0,0.8,0.16170787564006756,2,10,2,0,8,30
B,1,8201,lasso,200.0,,4393.529066042059,-2.1811295839508587,0.6837639808654785,0.2,0.0,0.0,0.8,0.16153035447941866,2,10,2,0,8,30
B,1,8201,enet,1.0,0.5,4059.288236498467,-1.919194822177313,0.6124162673950195,1.0,1.0,0.75,0.0,0.00550177378863579,40,10,10,30,0,0
B,1,8201,enet,2.0,0.5,4059.729158282088,-1.917837724112549,0.6395673751831055,1.0,1.0,0.75,0.0,0.005210695979242819,40,10,10,30,0,0
B,1,8201,enet,5.0,0.5,4055.2413516793376,-1.9143636799417303,0.622626781463623,1.0,0.9666666666666667,0.7435897435897436,0.0,0.0045590012902623125,39,10,10,29,0,1
B,1,8201,enet,10.0,0.5,4027.430440038097,-1.9113004251347048,0.5999045372009277,1.0,0.8,0.7058823529411765,0.0,0.004263199599797937,34,10,10,24,0,6
B,1,8201,enet,20.0,0.5,4004.9072501084183,-1.9185024018398076,0.6288807392120361,1.0,0.5666666666666667,0.6296296296296297,0.0,0.0065201256491571645,27,10,10,17,0,13
B,1,8201,enet,50.0,0.5,3993.1200003874205,-1.992302073025582,1.1343207359313965,1.0,0.03333333333333333,0.09090909090909091,0.0,0.03211745869794667,11,10,10,1,0,29
B,1,8201,enet,100.0,0.5,4300.105024408372,-2.1038978230171557,0.5246167182922363,0.6000000000000001,0.0,0.0,0.4,0.1342358410438418,6,10,6,0,4,30
B,1,8201,enet,200.0,0.5,4393.626566977738,-2.18121204779852,0.790701150894165,0.2,0.0,0.0,0.8,0.16161576755690843,2,10,2,0,8,30
B,2,8202,none,0.0,,2511.1284122799257,-1.2030099757589603,1.0611588954925537,1.0,1.0,0.75,0.0,0.013607672236562859,40,10,10,30,0,0
B,2,8202,lasso,1.0,,2511.211083444442,-1.2017508936796253,1.1110846996307373,1.0,1.0,0.75,0.0,0.013441135611163746,40,10,10,30,0,0
B,2,8202,lasso,2.0,,2497.6400307551726,-1.2006132993601568,1.0695750713348389,1.0,0.9333333333333333,0.7368421052631579,0.0,0.01330446023618956,38,10,10,28,0,2
B,2,8202,lasso,5.0,,2478.2147597043463,-1.1976877859470696,1.0932891368865967,1.0,0.8333333333333333,0.7142857142857143,0.0,0.01303406945462663,35,10,10,25,0,5
B,2,8202,lasso,10.0,,2468.4868293751206,-1.194218278861882,1.1767542362213135,1.0,0.7666666666666666,0.696969696969697,0.0,0.012897228024001197,33,10,10,23,0,7
B,2,8202,lasso,20.0,,2453.197881252341,-1.191483512561768,1.254988670349121,1.0,0.6,0.6428571428571429,0.0,0.01361481719374988,28,10,10,18,0,12
B,2,8202,lasso,50.0,,2444.099419414612,-1.1943046278750657,1.2263977527618408,0.9,0.4333333333333333,0.5909090909090909,0.1,0.01719399935248055,22,10,9,13,1,17
B,2,8202,lasso,100.0,,2446.7885649065615,-1.2107135924870638,1.2813310623168945,0.6,0.23333333333333334,0.5384615384615384,0.4,0.024032258856365667,13,10,6,7,4,23
B,2,8202,lasso,200.0,,2433.31235290766,-1.215071588585932,2.316831111907959,0.6,0.06666666666666667,0.25,0.4,0.024079535685879727,8,10,6,2,4,28
B,2,8202,enet,1.0,0.5,2511.1533966178613,-1.202286088534605,1.0867676734924316,1.0,1.0,0.75,0.0,0.013513698432542019,40,10,10,30,0,0
B,2,8202,enet,2.0,0.5,2511.2313232629344,-1.2016063642368353,1.1133527755737305,1.0,1.0,0.75,0.0,0.013428314077383863,40,10,10,30,0,0
B,2,8202,enet,5.0,0.5,2497.9177971731465,-1.1997900951102203,1.0901012420654297,1.0,0.9333333333333333,0.7368421052631579,0.0,0.01322921961613421,38,10,10,28,0,2
B,2,8202,enet,10.0,0.5,2478.537202246786,-1.1972548080083985,1.1085608005523682,1.0,0.8333333333333333,0.7142857142857143,0.0,0.013026920636447316,35,10,10,25,0,5
B,2,8202,enet,20.0,0.5,2476.4396432645012,-1.1940191633779722,1.208005428314209,1.0,0.8,0.7058823529411765,0.0,0.01298996381238653,34,10,10,24,0,6
B,2,8202,enet,50.0,0.5,2442.717505601085,-1.192471679580653,1.223724126815796,1.0,0.5333333333333333,0.6153846153846154,0.0,0.014638422065967823,26,10,10,16,0,14
B,2,8202,enet,100.0,0.5,2450.61753729133,-1.196474403551142,1.2721519470214844,0.9,0.4333333333333333,0.5909090909090909,0.1,0.01795092746273425,22,10,9,13,1,17
B,2,8202,enet,200.0,0.5,2447.9744547001246,-1.2115383885196942,1.2765936851501465,0.6,0.23333333333333334,0.5384615384615384,0.4,0.024040959391681747,13,10,6,7,4,23
B,4,8204,none,0.0,,5149.650246159492,-2.469479424059656,6.714735507965088,1.0,1.0,0.75,0.0,0.009277708998284206,40,10,10,30,0,0
B,4,8204,lasso,1.0,,5149.825539682997,-2.4666414855897147,6.673048973083496,1.0,1.0,0.75,0.0,0.00788480228184741,40,10,10,30,0,0
B,4,8204,lasso,2.0,,5150.102303440943,-2.463855207861273,6.390833854675293,1.0,0.9666666666666667,0.7435897435897436,0.0,0.006670822612142631,39,10,10,29,0,1
B,4,8204,lasso,5.0,,5132.107928794762,-2.4553379608997195,6.2865095138549805,1.0,0.9,0.7297297297297297,0.0,0.0038014764996462166,37,10,10,27,0,3
B,4,8204,lasso,10.0,,5103.4849567968895,-2.4464172162721054,6.055838108062744,1.0,0.7333333333333334,0.6875,0.0,0.0016544985002945583,32,10,10,22,0,8
B,4,8204,lasso,20.0,,5095.0754111741,-2.441023596893825,5.26007080078125,1.0,0.6333333333333333,0.6551724137931034,0.0,0.0004524677255920032,29,10,10,19,0,11
B,4,8204,lasso,50.0,,5079.267582624603,-2.4427515780077766,4.671874284744263,1.0,0.3333333333333333,0.5,0.0,0.0018941222067869288,20,10,10,10,0,20
B,4,8204,lasso,100.0,,5150.248913190763,-2.480555241311553,4.583192825317383,1.0,0.06666666666666667,0.16666666666666666,0.0,0.012778580472406122,12,10,10,2,0,28
B,4,8204,lasso,200.0,,5354.7190192204,-2.573704698294728,3.082728862762451,0.6,0.0,0.0,0.4,0.03184708539949147,6,10,6,0,4,30
B,4,8204,enet,1.0,0.5,5149.614540931807,-2.467668421918841,6.818526268005371,1.0,1.0,0.75,0.0,0.00842323543268223,40,10,10,30,0,0
B,4,8204,enet,2.0,0.5,5149.885642339614,-2.4658961258126677,6.622228622436523,1.0,1.0,0.75,0.0,0.0075589043768164235,40,10,10,30,0,0
B,4,8204,enet,5.0,0.5,5137.037846952321,-2.460789222303898,6.577114582061768,1.0,0.9333333333333333,0.7368421052631579,0.0,0.005415662104416914,38,10,10,28,0,2
B,4,8204,enet,10.0,0.5,5133.431083409934,-2.452804157452306,6.735273599624634,1.0,0.9,0.7297297297297297,0.0,0.0030859428342505497,37,10,10,27,0,3
B,4,8204,enet,20.0,0.5,5099.147653336941,-2.4453577967438886,6.0327842235565186,1.0,0.7,0.6774193548387096,0.0,0.0012159422994644843,31,10,10,21,0,9
B,4,8204,enet,50.0,0.5,5090.520638675735,-2.441490825836801,5.605857610702515,1.0,0.5333333333333333,0.6153846153846154,0.0,0.0008778127083572576,26,10,10,16,0,14
B,4,8204,enet,100.0,0.5,5112.7627427737425,-2.4501517238458,4.827214002609253,1.0,0.36666666666666664,0.5238095238095238,0.0,0.004125046428969838,21,10,10,11,0,19
B,4,8204,enet,200.0,0.5,5213.05606734157,-2.501103643965238,4.075653314590454,1.0,0.1,0.23076923076923078,0.0,0.01696832091597026,13,10,10,3,0,27
B,1,8301,none,0.0,,4026.8899394157743,-1.9597062250301185,0.6621463298797607,1.0,1.0,0.75,0.0,0.00434701011608438,40,10,10,30,0,0
B,1,8301,lasso,1.0,,4027.1070416883786,-1.9581882849373344,0.6647484302520752,1.0,1.0,0.75,0.0,0.003980213522494038,40,10,10,30,0,0
B,1,8301,lasso,2.0,,4020.764455384053,-1.9568240281867988,0.7006106376647949,1.0,0.9666666666666667,0.7435897435897436,0.0,0.003670839562996334,39,10,10,29,0,1
B,1,8301,lasso,5.0,,3989.376769804145,-1.9538259406266258,0.6788711547851562,1.0,0.8,0.7058823529411765,0.0,0.0031144663801463204,34,10,10,24,0,6
B,1,8301,lasso,10.0,,3956.0978817043497,-1.9509433643889247,0.6866447925567627,1.0,0.6000000000000001,0.6428571428571429,0.0,0.003056096594167588,28,10,10,18,0,12
B,1,8301,lasso,20.0,,3921.5276360332905,-1.9512532293683427,0.8937959671020508,1.0,0.3,0.47368421052631576,0.0,0.005304696167075229,19,10,10,9,0,21
B,1,8301,lasso,50.0,,4129.485407066118,-2.0650143806939503,0.9261801242828369,0.7,0.0,0.0,0.3,0.09899032071017357,7,10,7,0,3,30
B,1,8301,lasso,100.0,,4387.329459403613,-2.1907495278967124,0.5760087966918945,0.2,0.0,0.0,0.8,0.1634111371711765,2,10,2,0,8,30
B,1,8301,lasso,200.0,,4387.57211105882,-2.1909633054320494,0.3050546646118164,0.2,0.0,0.0,0.8,0.16379480312684444,2,10,2,0,8,30
B,1,8301,enet,1.0,0.5,4027.0176268607447,-1.9589548509037822,0.6695435047149658,1.0,1.0,0.75,0.0,0.0041594932395671545,40,10,10,30,0,0
B,1,8301,enet,2.0,0.5,4027.291035177324,-1.958263454426031,0.6663119792938232,1.0,1.0,0.75,0.0,0.003995452132698566,40,10,10,30,0,0
B,1,8301,enet,5.0,0.5,4015.138432314071,-1.9565330668556467,0.6759226322174072,1.0,0.9333333333333333,0.7368421052631579,0.0,0.0036491289134321153,38,10,10,28,0,2
B,1,8301,enet,10.0,0.5,3985.5765993467517,-1.9551072526197972,0.6736869812011719,1.0,0.7666666666666666,0.696969696969697,0.0,0.0035825436053145065,33,10,10,23,0,7
B,1,8301,enet,20.0,0.5,3961.3568827349327,-1.9561556615723872,0.6658027172088623,1.0,0.5666666666666667,0.6296296296296297,0.0,0.005150381254548201,27,10,10,17,0,13
B,1,8301,enet,50.0,0.5,4002.6165102228942,-1.992231894704386,1.0232880115509033,1.0,0.16666666666666666,0.3333333333333333,0.0,0.03166396437185817,15,10,10,5,0,25
B,1,8301,enet,100.0,0.5,4279.166204900008,-2.1281897251282316,0.4414353370666504,0.6,0.0,0.0,0.4,0.1302183037262462,6,10,6,0,4,30
B,1,8301,enet,200.0,0.5,4387.369068860026,-2.1907953121360055,0.44920921325683594,0.2,0.0,0.0,0.8,0.1634849686563748,2,10,2,0,8,30
B,2,8302,none,0.0,,2466.114441651886,-1.1813436378378004,1.4156241416931152,1.0,1.0,0.75,0.0,0.0015664578649480403,40,10,10,30,0,0
B,2,8302,lasso,1.0,,2466.1639565780033,-1.18093895166501,1.4087793827056885,1.0,1.0,0.75,0.0,0.0015152716291168284,40,10,10,30,0,0
B,2,8302,lasso,2.0,,2466.3377774097444,-1.18060421410129,1.5235016345977783,1.0,1.0,0.75,0.0,0.001474410497189761,40,10,10,30,0,0
B,2,8302,lasso,5.0,,2460.6980178503595,-1.1800500551674569,1.8234686851501465,1.0,0.9333333333333333,0.7368421052631579,0.0,0.0014139281693376865,38,10,10,28,0,2
B,2,8302,lasso,10.0,,2408.8111317491357,-1.1803515655858234,1.685119867324829,1.0,0.7,0.6774193548387096,0.0,0.0015135292378606197,31,10,10,21,0,9
B,2,8302,lasso,20.0,,2376.4716749229306,-1.182870859078122,1.567354440689087,1.0,0.5,0.6,0.0,0.002237737196147974,25,10,10,15,0,15
B,2,8302,lasso,50.0,,2361.0435303713048,-1.1950633998614058,2.130453586578369,0.7,0.36666666666666664,0.6111111111111112,0.3,0.005437510382635043,18,10,7,11,3,19
B,2,8302,lasso,100.0,,2350.6721323413917,-1.2076187959548215,1.6184163093566895,0.6,0.16666666666666666,0.45454545454545453,0.4,0.007921187538774467,11,10,6,5,4,25
B,2,8302,lasso,200.0,,2333.084350953727,-1.2140056709731237,1.985912799835205,0.6,0.0,0.0,0.4,0.007955743052018254,6,10,6,0,4,30
B,2,8302,enet,1.0,0.5,2466.125705305816,-1.181133283100436,1.4087295532226562,1.0,1.0,0.75,0.0,0.0015410977021886995,40,10,10,30,0,0
B,2,8302,enet,2.0,0.5,2466.1730988223408,-1.1809450185003914,1.4262487888336182,1.0,1.0,0.75,0.0,0.001518824348042572,40,10,10,30,0,0
B,2,8302,enet,5.0,0.5,2466.5317353816017,-1.1805045945736306,1.7195327281951904,1.0,1.0,0.75,0.0,0.0014706516090792062,40,10,10,30,0,0
B,2,8302,enet,10.0,0.5,2460.913999667465,-1.1802096074730852,1.7996084690093994,1.0,0.9333333333333333,0.7368421052631579,0.0,0.0014499122291299692,38,10,10,28,0,2
B,2,8302,enet,20.0,0.5,2409.4961915933022,-1.1808013543434586,1.6995887756347656,1.0,0.7,0.6774193548387096,0.0,0.001615279722436175,31,10,10,21,0,9
B,2,8302,enet,50.0,0.5,2378.633124026524,-1.1873055951475202,1.5852398872375488,1.0,0.4666666666666667,0.5833333333333334,0.0,0.0031689030206108327,24,10,10,14,0,16
B,2,8302,enet,100.0,0.5,2364.7386170138557,-1.1968607725926546,1.9172186851501465,0.7,0.36666666666666664,0.6111111111111112,0.3,0.0056998540587339394,18,10,7,11,3,19
B,2,8302,enet,200.0,0.5,2351.963064524174,-1.2082675804599112,2.13484787940979,0.6,0.16666666666666666,0.45454545454545453,0.4,0.007923202262386506,11,10,6,5,4,25
B,4,8304,none,0.0,,5614.660247521757,-2.6748624565649237,5.280454158782959,1.0,1.0,0.75,0.0,0.0950263102269688,40,10,10,30,0,0
B,4,8304,lasso,1.0,,5615.51586436294,-2.6771460829612534,5.171464681625366,1.0,1.0,0.75,0.0,0.09078678887436317,40,10,10,30,0,0
B,4,8304,lasso,2.0,,5616.827460175427,-2.6775853570134998,5.053930044174194,1.0,1.0,0.75,0.0,0.08629571994563685,40,10,10,30,0,0
B,4,8304,lasso,5.0,,5583.920295610237,-2.664369897859342,4.776507139205933,1.0,0.8666666666666667,0.7222222222222222,0.0,0.06663376818944691,36,10,10,26,0,4
B,4,8304,lasso,10.0,,4979.037985667878,-2.4233591382742996,4.815045595169067,1.0,0.7666666666666666,0.696969696969697,0.0,0.003157947890442552,33,10,10,23,0,7
B,4,8304,lasso,20.0,,4925.583243652162,-2.4193945719108467,5.205332040786743,1.0,0.4666666666666667,0.5833333333333334,0.0,0.0018011957972489446,24,10,10,14,0,16
B,4,8304,lasso,50.0,,4931.029634504393,-2.430422065411271,4.091437578201294,1.0,0.3,0.47368421052631576,0.0,0.0023346512516045793,19,10,10,9,0,21
B,4,8304,lasso,100.0,,4977.930266007718,-2.4661942895440587,3.548715591430664,1.0,0.1,0.23076923076923078,0.0,0.008228578948325717,13,10,10,3,0,27
B,4,8304,lasso,200.0,,5330.745321427067,-2.570379330630171,3.890249252319336,0.6,0.03333333333333333,0.14285714285714285,0.4,0.026214056393229285,7,10,6,1,4,29
B,4,8304,enet,1.0,0.5,5608.431108316685,-2.6756901510405324,5.1858649253845215,1.0,0.9666666666666667,0.7435897435897436,0.0,0.09169876101052718,39,10,10,29,0,1
B,4,8304,enet,2.0,0.5,5615.655131999185,-2.67688514163385,5.134464979171753,1.0,1.0,0.75,0.0,0.08979069208896351,40,10,10,30,0,0
B,4,8304,enet,5.0,0.5,5595.693806668956,-2.668136590978699,5.3349504470825195,1.0,0.9333333333333333,0.7368421052631579,0.0,0.07142833926340621,38,10,10,28,0,2
B,4,8304,enet,10.0,0.5,5592.043682360769,-2.662218772391667,4.47308349609375,1.0,0.9,0.7297297297297297,0.0,0.06372261492561213,37,10,10,27,0,3
B,4,8304,enet,20.0,0.5,4973.55433045711,-2.422357638698968,5.5646514892578125,1.0,0.7333333333333334,0.6875,0.0,0.0024821096882593065,32,10,10,22,0,8
B,4,8304,enet,50.0,0.5,4944.599633344788,-2.422734395722481,4.7068030834198,1.0,0.5,0.6,0.0,0.0014874345441970496,25,10,10,15,0,15
B,4,8304,enet,100.0,0.5,4951.472498137249,-2.436072218236591,4.185161828994751,1.0,0.3,0.47368421052631576,0.0,0.003090114005547169,19,10,10,9,0,21
B,4,8304,enet,200.0,0.5,5042.5697905897305,-2.4788413740616915,3.792548179626465,1.0,0.1,0.23076923076923078,0.0,0.010592437122595142,13,10,10,3,0,27
B,1,8401,none,0.0,,3988.711707182455,-1.9157630307155762,0.9036819934844971,1.0,1.0,0.75,0.0,0.002881181208461042,40,10,10,30,0,0
B,1,8401,lasso,1.0,,3974.988403444606,-1.914157272567528,0.8443167209625244,1.0,0.9333333333333333,0.7368421052631579,0.0,0.0026045042879826443,38,10,10,28,0,2
B,1,8401,lasso,2.0,,3961.780255559046,-1.9129173821890553,0.839587926864624,1.0,0.8666666666666667,0.7222222222222222,0.0,0.0023826706266437047,36,10,10,26,0,4
B,1,8401,lasso,5.0,,3936.926062528281,-1.9099210646777616,0.8450736999511719,1.0,0.7333333333333334,0.6875,0.0,0.001981394600328561,32,10,10,22,0,8
B,1,8401,lasso,10.0,,3917.3991155299573,-1.9071751445965432,0.9328339099884033,1.0,0.6000000000000001,0.6428571428571429,0.0,0.001907875827554498,28,10,10,18,0,12
B,1,8401,lasso,20.0,,3876.5150772993356,-1.925827255440222,0.7720937728881836,1.0,0.23333333333333334,0.4117647058823529,0.0,0.006412876183365843,17,10,10,7,0,23
B,1,8401,lasso,50.0,,4040.597646685729,-2.0215520715655755,1.3210868835449219,0.7,0.0,0.0,0.3,0.09286076613028424,7,10,7,0,3,30
B,1,8401,lasso,100.0,,4315.410796287632,-2.1321963164682973,0.34160733222961426,0.30000000000000004,0.0,0.0,0.7,0.15119012461395143,3,10,3,0,7,30
B,1,8401,lasso,200.0,,4381.6348366286775,-2.153138251984737,0.18899250030517578,0.2,0.0,0.0,0.8,0.16668687733212537,2,10,2,0,8,30
B,1,8401,enet,1.0,0.5,3974.940411751503,-1.914876604660406,0.861351728439331,1.0,0.9333333333333333,0.7368421052631579,0.0,0.002736913362227479,38,10,10,28,0,2
B,1,8401,enet,2.0,0.5,3975.144337221632,-1.9141650909987566,0.858267068862915,1.0,0.9333333333333333,0.7368421052631579,0.0,0.0026164453149651744,38,10,10,28,0,2
B,1,8401,enet,5.0,0.5,3956.1289083447923,-1.9125705424504094,0.8341150283813477,1.0,0.8333333333333333,0.7142857142857143,0.0,0.002408041470669465,35,10,10,25,0,5
B,1,8401,enet,10.0,0.5,3919.474734805337,-1.911312365812607,0.8411233425140381,1.0,0.6333333333333333,0.6551724137931034,0.0,0.0024958018144135364,29,10,10,19,0,11
B,1,8401,enet,20.0,0.5,3922.783970190739,-1.9209955246895452,0.6639044284820557,1.0,0.5333333333333333,0.6153846153846154,0.0,0.005146473799639056,26,10,10,16,0,14
B,1,8401,enet,50.0,0.5,3978.0608418154243,-1.9811414972804846,1.0314133167266846,1.0,0.16666666666666666,0.3333333333333333,0.0,0.04176342270624903,15,10,10,5,0,25
B,1,8401,enet,100.0,0.5,4191.55253206213,-2.0771591804408662,1.1797528266906738,0.6,0.0,0.0,0.4,0.13258299345094854,6,10,6,0,4,30
B,1,8401,enet,200.0,0.5,4357.1311177796015,-2.143467408800169,0.24155354499816895,0.30000000000000004,0.0,0.0,0.7,0.15974615823894017,3,10,3,0,7,30
B,2,8402,none,0.0,,2391.054388697071,-1.2486824410945863,1.840090036392212,1.0,1.0,0.75,0.0,0.0012468328192674497,40,10,10,30,0,0
B,2,8402,lasso,1.0,,2384.1986909738885,-1.248385701577597,1.5656006336212158,1.0,0.9666666666666667,0.7435897435897436,0.0,0.001192256667404044,39,10,10,29,0,1
B,2,8402,lasso,2.0,,2384.371559614385,-1.2480667026897192,1.4075539112091064,1.0,0.9666666666666667,0.7435897435897436,0.0,0.001143382603793312,39,10,10,29,0,1
B,2,8402,lasso,5.0,,2364.800534618112,-1.2473701542479045,1.3838253021240234,1.0,0.8666666666666667,0.7222222222222222,0.0,0.001051331558512184,36,10,10,26,0,4
B,2,8402,lasso,10.0,,2339.970503764111,-1.2464505457438866,1.3281500339508057,1.0,0.7333333333333334,0.6875,0.0,0.0010702912770170115,32,10,10,22,0,8
B,2,8402,lasso,20.0,,2308.0655204280188,-1.2467980828523701,1.307713270187378,1.0,0.5,0.6,0.0,0.001490119303769435,25,10,10,15,0,15
B,2,8402,lasso,50.0,,2279.565503296244,-1.264185964587903,1.2228903770446777,0.9,0.23333333333333334,0.4375,0.1,0.005041310063132126,16,10,9,7,1,23
B,2,8402,lasso,100.0,,2274.2007633117787,-1.2758016710690392,1.3642375469207764,0.6,0.13333333333333333,0.4,0.4,0.007935284589469932,10,10,6,4,4,26
B,2,8402,lasso,200.0,,2263.0883879562703,-1.2795931025348972,1.8280529975891113,0.6,0.0,0.0,0.4,0.007970042536911602,6,10,6,0,4,30
B,2,8402,enet,1.0,0.5,2384.159124675769,-1.2485781340961604,1.5927612781524658,1.0,0.9666666666666667,0.7435897435897436,0.0,0.0012202249421486837,39,10,10,29,0,1
B,2,8402,enet,2.0,0.5,2384.2102676408676,-1.2484134467949648,1.556673526763916,1.0,0.9666666666666667,0.7435897435897436,0.0,0.0011929921031206515,39,10,10,29,0,1
B,2,8402,enet,5.0,0.5,2384.5691277424908,-1.2480174695555466,1.454376459121704,1.0,0.9666666666666667,0.7435897435897436,0.0,0.0011281321950794862,39,10,10,29,0,1
B,2,8402,enet,10.0,0.5,2358.127072486052,-1.2476242343816673,1.422968864440918,1.0,0.8333333333333333,0.7142857142857143,0.0,0.00107585050917727,35,10,10,25,0,5
B,2,8402,enet,20.0,0.5,2340.7707324372395,-1.2470862227150739,1.7339417934417725,1.0,0.7333333333333334,0.6875,0.0,0.0011502099676928116,32,10,10,22,0,8
B,2,8402,enet,50.0,0.5,2296.8461543774424,-1.2510301023708013,1.2593858242034912,1.0,0.4333333333333333,0.5652173913043478,0.0,0.0022459178532398738,23,10,10,13,0,17
B,2,8402,enet,100.0,0.5,2284.489580138796,-1.266137826750967,1.2029435634613037,0.9,0.23333333333333334,0.4375,0.1,0.005457210295241173,16,10,9,7,1,23
B,2,8402,enet,200.0,0.5,2275.751904777715,-1.2761863963777174,1.4008800983428955,0.6,0.13333333333333333,0.4,0.4,0.007938734709020522,10,10,6,4,4,26
B,4,8404,none,0.0,,5014.070707793494,-2.4961590236708715,8.42811131477356,1.0,1.0,0.75,0.0,0.003092915018970094,40,10,10,30,0,0
B,4,8404,lasso,1.0,,5000.314561804964,-2.493387769148146,8.793746709823608,1.0,0.9333333333333333,0.7368421052631579,0.0,0.0025982276311731787,38,10,10,28,0,2
B,4,8404,lasso,2.0,,5000.846265356071,-2.491370119537708,8.375747919082642,1.0,0.9333333333333333,0.7368421052631579,0.0,0.002133952200573429,38,10,10,28,0,2
B,4,8404,lasso,5.0,,4989.1322901626245,-2.4867228010425504,8.00565767288208,1.0,0.8666666666666667,0.7222222222222222,0.0,0.0012459393450992872,36,10,10,26,0,4
B,4,8404,lasso,10.0,,4960.411605032074,-2.4820963003255603,7.980478525161743,1.0,0.7,0.6774193548387096,0.0,0.0005507654003815844,31,10,10,21,0,9
B,4,8404,lasso,20.0,,4922.871224464435,-2.4802403481098962,6.672399520874023,1.0,0.4666666666666667,0.5833333333333334,0.0,0.0007085992591744177,24,10,10,14,0,16
B,4,8404,lasso,50.0,,4912.309039528879,-2.4936457198538298,5.586258888244629,1.0,0.2,0.375,0.0,0.005377502577600493,16,10,10,6,0,24
B,4,8404,lasso,100.0,,4987.38391263307,-2.5555558929027247,4.74996542930603,0.9,0.03333333333333333,0.1,0.1,0.018474825944787273,10,10,9,1,1,29
B,4,8404,lasso,200.0,,5148.602522666858,-2.64386404117421,4.256543874740601,0.6,0.0,0.0,0.4,0.03146513610353804,6,10,6,0,4,30
B,4,8404,enet,1.0,0.5,5014.087671492854,-2.4944983974537074,9.43460988998413,1.0,1.0,0.75,0.0,0.002786340013021594,40,10,10,30,0,0
B,4,8404,enet,2.0,0.5,5007.534589791639,-2.4930839900853137,8.784490823745728,1.0,0.9666666666666667,0.7435897435897436,0.0,0.0024445986010001295,39,10,10,29,0,1
B,4,8404,enet,5.0,0.5,5001.3635957236165,-2.4900121264175903,8.24250864982605,1.0,0.9333333333333333,0.7368421052631579,0.0,0.0018444771946058759,38,10,10,28,0,2
B,4,8404,enet,10.0,0.5,4997.194834446709,-2.486305933270752,7.947242498397827,1.0,0.9,0.7297297297297297,0.0,0.0011222931871502592,37,10,10,27,0,3
B,4,8404,enet,20.0,0.5,4962.643613531903,-2.4822297316027453,7.701257228851318,1.0,0.6666666666666667,0.6666666666666666,0.0,0.0006458001904138252,30,10,10,20,0,10
B,4,8404,enet,50.0,0.5,4918.7094577817825,-2.4853332022342265,5.820953607559204,1.0,0.3666666666666667,0.5238095238095238,0.0,0.002452588117396364,21,10,10,11,0,19
B,4,8404,enet,100.0,0.5,4937.109007227959,-2.506403095713683,5.473917245864868,1.0,0.2,0.375,0.0,0.008677396857693443,16,10,10,6,0,24
B,4,8404,enet,200.0,0.5,5029.764633028146,-2.5735313972644027,4.904389142990112,0.9,0.06666666666666667,0.18181818181818182,0.1,0.021919859531054426,11,10,9,2,1,28
B,1,8501,none,0.0,,4035.6689034005913,-1.8849866009743361,0.7328097820281982,1.0,1.0,0.75,0.0,0.005355442923886828,40,10,10,30,0,0
B,1,8501,lasso,1.0,,4028.900499542988,-1.88373664723114,0.7059543132781982,1.0,0.9666666666666667,0.7435897435897436,0.0,0.004995146273180544,39,10,10,29,0,1
B,1,8501,lasso,2.0,,4022.444857309745,-1.8825438206742515,0.766934871673584,1.0,0.9333333333333333,0.7368421052631579,0.0,0.004668289921542507,38,10,10,28,0,2
B,1,8501,lasso,5.0,,4004.4639884090916,-1.8798524836150332,0.855750322341919,1.0,0.8333333333333334,0.7142857142857143,0.0,0.003929080798707613,35,10,10,25,0,5
B,1,8501,lasso,10.0,,3979.2973167293067,-1.8771591681076425,0.8792564868927002,1.0,0.6666666666666666,0.6666666666666666,0.0,0.0034735888516816676,30,10,10,20,0,10
B,1,8501,lasso,20.0,,3920.8979183375395,-1.8840397649137268,0.8824009895324707,1.0,0.23333333333333334,0.4117647058823529,0.0,0.005629930211793152,17,10,10,7,0,23
B,1,8501,lasso,50.0,,4168.84681680439,-2.042763864075528,0.7771728038787842,0.6,0.0,0.0,0.4,0.10724896062890486,6,10,6,0,4,30
B,1,8501,lasso,100.0,,4366.8040842298515,-2.1616949708418964,0.9699001312255859,0.2,0.0,0.0,0.8,0.16109884292573418,2,10,2,0,8,30
B,1,8501,lasso,200.0,,4366.741720492949,-2.1617526786000454,0.6799356937408447,0.2,0.0,0.0,0.8,0.16124830636467613,2,10,2,0,8,30
B,1,8501,enet,1.0,0.5,4028.807119022521,-1.8845303359990735,0.7031641006469727,1.0,0.9666666666666667,0.7435897435897436,0.0,0.00517887989452182,39,10,10,29,0,1
B,1,8501,enet,2.0,0.5,4028.98639304388,-1.8841233706798037,0.7735564708709717,1.0,0.9666666666666667,0.7435897435897436,0.0,0.005018995860760761,39,10,10,29,0,1
B,1,8501,enet,5.0,0.5,4016.2503963250592,-1.883544016864736,0.8480606079101562,1.0,0.9,0.7297297297297297,0.0,0.004655390826559243,37,10,10,27,0,3
B,1,8501,enet,10.0,0.5,4013.741033344303,-1.8826986055705037,0.8594684600830078,1.0,0.8666666666666667,0.7222222222222222,0.0,0.004396385428776141,36,10,10,26,0,4
B,1,8501,enet,20.0,0.5,3983.0656680300017,-1.8851542680783173,0.8598089218139648,1.0,0.6333333333333333,0.6551724137931034,0.0,0.005245755099287549,29,10,10,19,0,11
B,1,8501,enet,50.0,0.5,4002.4636084805284,-1.9467398901508381,0.8715510368347168,1.0,0.06666666666666667,0.16666666666666666,0.0,0.030812732606610407,12,10,10,2,0,28
B,1,8501,enet,100.0,0.5,4275.31489155811,-2.098858100992599,0.7045764923095703,0.5,0.0,0.0,0.5,0.1324543787250997,5,10,5,0,5,30
B,1,8501,enet,200.0,0.5,4366.512655703732,-2.1618188776221046,0.8744161128997803,0.2,0.0,0.0,0.8,0.1612009093910751,2,10,2,0,8,30
B,2,8502,none,0.0,,2458.482218722655,-1.1179917190986557,1.2933759689331055,1.0,1.0,0.75,0.0,0.0014799069175634777,40,10,10,30,0,0
B,2,8502,lasso,1.0,,2444.7037385893054,-1.1173737363901362,1.3377535343170166,1.0,0.9333333333333333,0.7368421052631579,0.0,0.001416868963082487,38,10,10,28,0,2
B,2,8502,lasso,2.0,,2444.84300713254,-1.116781659268932,1.418783187866211,1.0,0.9333333333333333,0.7368421052631579,0.0,0.0013620328926713375,38,10,10,28,0,2
B,2,8502,lasso,5.0,,2425.047659012369,-1.1153627082515039,1.499537706375122,1.0,0.8333333333333333,0.7142857142857143,0.0,0.0012282686937341598,35,10,10,25,0,5
B,2,8502,lasso,10.0,,2414.3645893029015,-1.1139153315259673,1.4263389110565186,1.0,0.7666666666666666,0.696969696969697,0.0,0.0011218858485473396,33,10,10,23,0,7
B,2,8502,lasso,20.0,,2381.647668695425,-1.1153818990657596,1.4556059837341309,1.0,0.5666666666666667,0.6296296296296297,0.0,0.0013368414703350756,27,10,10,17,0,13
B,2,8502,lasso,50.0,,2378.8685802842556,-1.1302325852357826,1.505843162536621,0.9,0.4,0.5714285714285714,0.1,0.003972039076081783,21,10,9,12,1,18
B,2,8502,lasso,100.0,,2376.5645726766684,-1.1500521595763067,1.8273415565490723,0.6,0.23333333333333334,0.5384615384615384,0.4,0.008248676155733891,13,10,6,7,4,23
B,2,8502,lasso,200.0,,2354.662207833482,-1.1549106256658974,2.012880802154541,0.6,0.03333333333333333,0.14285714285714285,0.4,0.008329515657514134,7,10,6,1,4,29
B,2,8502,enet,1.0,0.5,2451.5822961052118,-1.1176900311867273,1.3325152397155762,1.0,0.9666666666666667,0.7435897435897436,0.0,0.0014444553321730767,39,10,10,29,0,1
B,2,8502,enet,2.0,0.5,2444.7141149546237,-1.117401330275988,1.3507189750671387,1.0,0.9333333333333333,0.7368421052631579,0.0,0.00141367130273943,38,10,10,28,0,2
B,2,8502,enet,5.0,0.5,2445.0103111901617,-1.1165822614232792,1.5717504024505615,1.0,0.9333333333333333,0.7368421052631579,0.0,0.0013319963654241692,38,10,10,28,0,2
B,2,8502,enet,10.0,0.5,2425.276916023063,-1.115572964649126,1.5033204555511475,1.0,0.8333333333333333,0.7142857142857143,0.0,0.0012287119068876253,35,10,10,25,0,5
B,2,8502,enet,20.0,0.5,2415.1586173412043,-1.1145179363495383,1.4045023918151855,1.0,0.7666666666666666,0.696969696969697,0.0,0.0011574961319358176,33,10,10,23,0,7
B,2,8502,enet,50.0,0.5,2384.3342049288103,-1.1195033483300827,1.4886417388916016,1.0,0.5333333333333333,0.6153846153846154,0.0,0.0018721953628073307,26,10,10,16,0,14
B,2,8502,enet,100.0,0.5,2386.886043247222,-1.1340453439927267,1.5353600978851318,0.9,0.4,0.5714285714285714,0.1,0.0046763788426890515,21,10,9,12,1,18
B,2,8502,enet,200.0,0.5,2377.8012897105214,-1.1504843804910658,1.881951093673706,0.6,0.23333333333333334,0.5384615384615384,0.4,0.008253623026916016,13,10,6,7,4,23
B,4,8504,none,0.0,,5124.501587822089,-2.4771358986734717,9.052460670471191,1.0,1.0,0.75,0.0,0.002681668511905857,40,10,10,30,0,0
B,4,8504,lasso,1.0,,5124.687920143577,-2.475249648974065,8.387017250061035,1.0,1.0,0.75,0.0,0.002597611845850953,40,10,10,30,0,0
B,4,8504,lasso,2.0,,5111.040667120697,-2.474771866310972,7.944095849990845,1.0,0.9333333333333333,0.7368421052631579,0.0,0.0022003082616453206,38,10,10,28,0,2
B,4,8504,lasso,5.0,,5098.463082182094,-2.471156230444608,7.225162982940674,1.0,0.8666666666666667,0.7222222222222222,0.0,0.0016551200671698217,36,10,10,26,0,4
B,4,8504,lasso,10.0,,5074.89058157069,-2.4684012828340185,6.524800539016724,1.0,0.7,0.6774193548387096,0.0,0.0013791468176890145,31,10,10,21,0,9
B,4,8504,lasso,20.0,,5050.929430137237,-2.467547781063271,5.565143823623657,1.0,0.5666666666666667,0.6296296296296297,0.0,0.0019442119990990792,27,10,10,17,0,13
B,4,8504,lasso,50.0,,5054.32659427764,-2.4817705284718845,4.654810190200806,1.0,0.3333333333333333,0.5,0.0,0.0072511340172228675,20,10,10,10,0,20
B,4,8504,lasso,100.0,,5138.400954490295,-2.5425462909271497,3.8108391761779785,0.8,0.13333333333333333,0.3333333333333333,0.2,0.02210654399123241,12,10,8,4,2,26
B,4,8504,lasso,200.0,,5199.346232312538,-2.5885034024870164,3.5743181705474854,0.6,0.0,0.0,0.4,0.026235028777301918,6,10,6,0,4,30
B,4,8504,enet,1.0,0.5,5117.673171244718,-2.47641708544948,8.545205116271973,1.0,0.9666666666666667,0.7435897435897436,0.0,0.002521418200554628,39,10,10,29,0,1
B,4,8504,enet,2.0,0.5,5117.825491660933,-2.475863931621805,8.214123487472534,1.0,0.9666666666666667,0.7435897435897436,0.0,0.0023986449110105254,39,10,10,29,0,1
B,4,8504,enet,5.0,0.5,5111.396318768543,-2.473889228873665,7.493749380111694,1.0,0.9333333333333333,0.7368421052631579,0.0,0.002062030166403895,38,10,10,28,0,2
B,4,8504,enet,10.0,0.5,5099.270450978088,-2.470305634375355,7.0528013706207275,1.0,0.8666666666666667,0.7222222222222222,0.0,0.001615953210816159,36,10,10,26,0,4
B,4,8504,enet,20.0,0.5,5070.041452053916,-2.469579682011349,6.189802885055542,1.0,0.7,0.6774193548387096,0.0,0.0016997093909472529,31,10,10,21,0,9
B,4,8504,enet,50.0,0.5,5052.185622883659,-2.4731307359668837,5.163434028625488,1.0,0.5,0.6,0.0,0.0038145154602105373,25,10,10,15,0,15
B,4,8504,enet,100.0,0.5,5084.273279417537,-2.4945755334531015,4.124505996704102,1.0,0.36666666666666664,0.5238095238095238,0.0,0.010307046901820268,21,10,10,11,0,19
B,4,8504,enet,200.0,0.5,5167.226937657281,-2.5582157670739565,4.444179534912109,0.8,0.1,0.2727272727272727,0.2,0.02396050534931754,11,10,8,3,2,27
B,1,8601,none,0.0,,4046.1393581476377,-1.9008342144789159,0.9378862380981445,1.0,1.0,0.75,0.0,0.004391050147324122,40,10,10,30,0,0
B,1,8601,lasso,1.0,,4018.561589121535,-1.8986639250802646,0.9435224533081055,1.0,0.8666666666666667,0.7222222222222222,0.0,0.004038200751015424,36,10,10,26,0,4
B,1,8601,lasso,2.0,,4012.0499237451236,-1.8967203905084404,0.9522769451141357,1.0,0.8333333333333333,0.7142857142857143,0.0,0.0037232531919199775,35,10,10,25,0,5
B,1,8601,lasso,5.0,,4001.0021838537273,-1.8923753200359457,0.9980876445770264,1.0,0.7666666666666666,0.696969696969697,0.0,0.0030918031503710916,33,10,10,23,0,7
B,1,8601,lasso,10.0,,3947.114685333531,-1.8886680830249334,1.0560359954833984,1.0,0.4666666666666667,0.5833333333333334,0.0,0.002773485593774205,24,10,10,14,0,16
B,1,8601,lasso,20.0,,3929.3373530968674,-1.8969885936937625,1.0262322425842285,1.0,0.2,0.375,0.0,0.006603699784400749,16,10,10,6,0,24
B,1,8601,lasso,50.0,,4123.7380547981475,-2.0373152531933636,0.7382550239562988,0.6,0.0,0.0,0.4,0.10536427092529736,6,10,6,0,4,30
B,1,8601,lasso,100.0,,4354.3308226910185,-2.149936139108393,0.3668224811553955,0.30000000000000004,0.0,0.0,0.7,0.16210804311455537,3,10,3,0,7,30
B,1,8601,lasso,200.0,,4347.979849529808,-2.1503896581312545,0.3866426944732666,0.2,0.0,0.0,0.8,0.16217753791803752,2,10,2,0,8,30
B,1,8601,enet,1.0,0.5,4039.301882031268,-1.8996924301970217,0.9431905746459961,1.0,0.9666666666666667,0.7435897435897436,0.0,0.004235238145111359,39,10,10,29,0,1
B,1,8601,enet,2.0,0.5,4018.797770992731,-1.8986484067922835,0.9527702331542969,1.0,0.8666666666666667,0.7222222222222222,0.0,0.004094321190698113,36,10,10,26,0,4
B,1,8601,enet,5.0,0.5,4013.391959540472,-1.8959952648381018,0.9846880435943604,1.0,0.8333333333333333,0.7142857142857143,0.0,0.003783899562324604,35,10,10,25,0,5
B,1,8601,enet,10.0,0.5,4011.212887833906,-1.8933378416356719,1.0819556713104248,1.0,0.8,0.7058823529411765,0.0,0.0036472853921336616,34,10,10,24,0,6
B,1,8601,enet,20.0,0.5,3964.807999952213,-1.896115010807904,0.994542121887207,1.0,0.4666666666666667,0.5833333333333334,0.0,0.005980199271366637,24,10,10,14,0,16
B,1,8601,enet,50.0,0.5,4061.1260877541667,-1.9859880190884083,0.6174659729003906,1.0,0.06666666666666667,0.16666666666666666,0.0,0.06161901276912966,12,10,10,2,0,28
B,1,8601,enet,100.0,0.5,4232.196599517998,-2.0827358884579996,0.9521870613098145,0.6,0.0,0.0,0.4,0.13406878386591725,6,10,6,0,4,30
B,1,8601,enet,200.0,0.5,4348.244628767737,-2.1501940319851056,0.39514708518981934,0.2,0.0,0.0,0.8,0.16255639970328445,2,10,2,0,8,30
B,2,8602,none,0.0,,2792.9135244676236,-1.1770501120688523,1.458467721939087,1.0,1.0,0.75,0.0,0.0014563171073135532,40,10,10,30,0,0
B,2,8602,lasso,1.0,,2792.9758401261097,-1.1766052278567585,1.4134981632232666,1.0,1.0,0.75,0.0,0.001371665049824228,40,10,10,30,0,0
B,2,8602,lasso,2.0,,2779.3257922040857,-1.1761768573549243,1.4629716873168945,1.0,0.9333333333333333,0.7368421052631579,0.0,0.0012945800590080721,38,10,10,28,0,2
B,2,8602,lasso,5.0,,2752.7240000749357,-1.174769167516537,1.486386775970459,1.0,0.8,0.7058823529411765,0.0,0.001117172511037358,34,10,10,24,0,6
B,2,8602,lasso,10.0,,2748.900080932462,-1.1742431386544916,1.567183494567871,1.0,0.7666666666666666,0.696969696969697,0.0,0.000905269439730326,33,10,10,23,0,7
B,2,8602,lasso,20.0,,2710.960524217669,-1.1765457236894818,1.6253466606140137,1.0,0.5333333333333333,0.6153846153846154,0.0,0.0008712662727208245,26,10,10,16,0,14
B,2,8602,lasso,50.0,,2697.2481615775687,-1.1958300492658336,2.5591847896575928,1.0,0.26666666666666666,0.4444444444444444,0.0,0.003659860994474037,18,10,10,8,0,22
B,2,8602,lasso,100.0,,2700.8058240769647,-1.2199688738972072,2.9379780292510986,0.6,0.16666666666666666,0.45454545454545453,0.4,0.008009473075980832,11,10,6,5,4,25
B,2,8602,lasso,200.0,,2687.574361312869,-1.2325392874720698,2.193086862564087,0.6,0.0,0.0,0.4,0.008115158078758726,6,10,6,0,4,30
B,2,8602,enet,1.0,0.5,2792.9369870637233,-1.1767708571949678,1.4746227264404297,1.0,1.0,0.75,0.0,0.0014104303366563107,40,10,10,30,0,0
B,2,8602,enet,2.0,0.5,2792.9871164927445,-1.176618097150926,1.4658548831939697,1.0,1.0,0.75,0.0,0.00136814612069321,40,10,10,30,0,0
B,2,8602,enet,5.0,0.5,2772.5848373504514,-1.1760321902689561,1.5237491130828857,1.0,0.9,0.7297297297297297,0.0,0.0012534711733968593,37,10,10,27,0,3
B,2,8602,enet,10.0,0.5,2752.865681492552,-1.1752096747383773,1.5363852977752686,1.0,0.8,0.7058823529411765,0.0,0.0011010333570911704,34,10,10,24,0,6
B,2,8602,enet,20.0,0.5,2749.647111733016,-1.1751478895074585,1.6269557476043701,1.0,0.7333333333333334,0.6875,0.0,0.000927924840172514,32,10,10,22,0,8
B,2,8602,enet,50.0,0.5,2685.8414575008583,-1.1810398474399795,1.8789374828338623,1.0,0.36666666666666664,0.5238095238095238,0.0,0.0013500369533421632,21,10,10,11,0,19
B,2,8602,enet,100.0,0.5,2705.1303329617435,-1.2002451845152637,2.299755334854126,1.0,0.26666666666666666,0.4444444444444444,0.0,0.004370599564427817,18,10,10,8,0,22
B,2,8602,enet,200.0,0.5,2702.3121538158634,-1.2213607605337424,3.078742027282715,0.6,0.16666666666666666,0.45454545454545453,0.4,0.008025473642265244,11,10,6,5,4,25
B,4,8604,none,0.0,,5232.4281462492,-2.5213577280531463,6.872100591659546,1.0,1.0,0.75,0.0,0.007139931582399057,40,10,10,30,0,0
B,4,8604,lasso,1.0,,5225.221293928585,-2.518528184841642,6.593241930007935,1.0,0.9666666666666667,0.7435897435897436,0.0,0.006627055896469973,39,10,10,29,0,1
B,4,8604,lasso,2.0,,5225.421453884634,-2.5188153246570044,6.309627056121826,1.0,0.9666666666666667,0.7435897435897436,0.0,0.006751639592285468,39,10,10,29,0,1
B,4,8604,lasso,5.0,,5219.477383342157,-2.5144080467309475,5.483310699462891,1.0,0.9333333333333333,0.7368421052631579,0.0,0.006064379092588578,38,10,10,28,0,2
B,4,8604,lasso,10.0,,5202.812263057681,-2.5097101735629,5.961221694946289,1.0,0.8333333333333333,0.7142857142857143,0.0,0.005545693292353939,35,10,10,25,0,5
B,4,8604,lasso,20.0,,5181.346796055451,-2.51077232494297,4.877943515777588,1.0,0.6666666666666667,0.6666666666666666,0.0,0.006248975963602201,30,10,10,20,0,10
B,4,8604,lasso,50.0,,5141.640573859631,-2.5235818639620664,4.706308364868164,0.9,0.3,0.5,0.1,0.010745819735585074,18,10,9,9,1,21
B,4,8604,lasso,100.0,,5139.968229999381,-2.5354565011320416,4.265030860900879,0.8,0.1,0.2727272727272727,0.2,0.014646291348614034,11,10,8,3,2,27
B,4,8604,lasso,200.0,,5301.417280926154,-2.591762808342575,3.8170974254608154,0.8,0.0,0.0,0.2,0.025254673520808728,8,10,8,0,2,30
B,4,8604,enet,1.0,0.5,5232.202832886665,-2.5195975246804796,6.632492303848267,1.0,1.0,0.75,0.0,0.0068087710688340365,40,10,10,30,0,0
B,4,8604,enet,2.0,0.5,5225.482665074442,-2.520759497996692,6.383380889892578,1.0,0.9666666666666667,0.7435897435897436,0.0,0.007103412545228518,39,10,10,29,0,1
B,4,8604,enet,5.0,0.5,5225.53850240652,-2.5175806692875407,5.3520824909210205,1.0,0.9666666666666667,0.7435897435897436,0.0,0.006538783873450669,39,10,10,29,0,1
B,4,8604,enet,10.0,0.5,5220.0152718573745,-2.5164330141754325,5.1288299560546875,1.0,0.9333333333333333,0.7368421052631579,0.0,0.0065347707845702565,38,10,10,28,0,2
B,4,8604,enet,20.0,0.5,5204.154163999725,-2.5122561500339096,5.462218523025513,1.0,0.8333333333333333,0.7142857142857143,0.0,0.006165233047368798,35,10,10,25,0,5
B,4,8604,enet,50.0,0.5,5186.9197046308755,-2.517731315355629,4.857196807861328,1.0,0.6333333333333333,0.6551724137931034,0.0,0.008355235678762823,29,10,10,19,0,11
B,4,8604,enet,100.0,0.5,5160.385085948794,-2.5274157358491847,5.06415057182312,0.9,0.3333333333333333,0.5263157894736842,0.1,0.01213161537375395,19,10,9,10,1,20
B,4,8604,enet,200.0,0.5,5172.541310703944,-2.5448922056402745,3.5901708602905273,0.8,0.1,0.2727272727272727,0.2,0.0166898559891296,11,10,8,3,2,27
B,1,8701,none,0.0,,4183.3659091922655,-1.925091017882339,0.6575472354888916,1.0,0.9666666666666667,0.7435897435897436,0.0,0.006218601080149356,39,10,10,29,0,1
B,1,8701,lasso,1.0,,4169.775679352281,-1.9230753572472847,0.855095624923706,1.0,0.9333333333333333,0.7368421052631579,0.0,0.005729265769159955,38,10,10,28,0,2
B,1,8701,lasso,2.0,,4163.424483607088,-1.9211284874082102,0.8343772888183594,1.0,0.9,0.7297297297297297,0.0,0.005292889800621564,37,10,10,27,0,3
B,1,8701,lasso,5.0,,4132.055093563404,-1.9161785099652338,0.8792383670806885,1.0,0.7333333333333334,0.6875,0.0,0.004246842959614954,32,10,10,22,0,8
B,1,8701,lasso,10.0,,4093.554192289031,-1.9101864925309078,0.8575553894042969,1.0,0.5,0.6,0.0,0.003440456818625631,25,10,10,15,0,15
B,1,8701,lasso,20.0,,4063.695071309423,-1.9089873657572167,0.9378352165222168,1.0,0.2,0.375,0.0,0.005260882593349397,16,10,10,6,0,24
B,1,8701,lasso,50.0,,4317.367978353014,-2.055185989966619,0.5718441009521484,0.6,0.0,0.0,0.4,0.11355001143948931,6,10,6,0,4,30
B,1,8701,lasso,100.0,,4506.943745789927,-2.1610284829528794,0.27066469192504883,0.2,0.0,0.0,0.8,0.164048631912793,2,10,2,0,8,30
B,1,8701,lasso,200.0,,4506.91335897075,-2.16095989929285,0.1579420566558838,0.2,0.0,0.0,0.8,0.16369000088485655,2,10,2,0,8,30
B,1,8701,enet,1.0,0.5,4169.6848837032485,-1.9238845223100425,0.7362015247344971,1.0,0.9333333333333333,0.7368421052631579,0.0,0.005935209358351628,38,10,10,28,0,2
B,1,8701,enet,2.0,0.5,4169.968339684847,-1.9228013227632332,0.8397753238677979,1.0,0.9333333333333333,0.7368421052631579,0.0,0.005692114857532028,38,10,10,28,0,2
B,1,8701,enet,5.0,0.5,4164.78964702427,-1.9197618450072795,0.7927258014678955,1.0,0.9,0.7297297297297297,0.0,0.0051018213089698,37,10,10,27,0,3
B,1,8701,enet,10.0,0.5,4135.401063892652,-1.9159873102814893,0.9024629592895508,1.0,0.7333333333333334,0.6875,0.0,0.004533220534726233,32,10,10,22,0,8
B,1,8701,enet,20.0,0.5,4100.078957501932,-1.9135072269661753,0.9369003772735596,1.0,0.4666666666666667,0.5833333333333334,0.0,0.005423094328806333,24,10,10,14,0,16
B,1,8701,enet,50.0,0.5,4212.501994026526,-1.9832591276006133,0.8103163242340088,1.0,0.1,0.23076923076923078,0.0,0.05214821207243834,13,10,10,3,0,27
B,1,8701,enet,100.0,0.5,4405.596477538694,-2.0992638511435366,0.5800716876983643,0.6,0.0,0.0,0.4,0.1354670878937883,6,10,6,0,4,30
B,1,8701,enet,200.0,0.5,4507.008765002538,-2.1609528564889096,0.18089914321899414,0.2,0.0,0.0,0.8,0.16393674951043374,2,10,2,0,8,30
B,2,8702,none,0.0,,2605.2544907114207,-1.127576498117085,1.2306773662567139,1.0,1.0,0.75,0.0,0.00621441304243866,40,10,10,30,0,0
B,2,8702,lasso,1.0,,2605.3121012542733,-1.1267455625111646,1.380478858947754,1.0,1.0,0.75,0.0,0.006157506312301517,40,10,10,30,0,0
B,2,8702,lasso,2.0,,2605.475655757913,-1.1259744438673374,1.3181195259094238,1.0,1.0,0.75,0.0,0.006102231468681472,40,10,10,30,0,0
B,2,8702,lasso,5.0,,2592.734921420769,-1.1240707992829,1.3386828899383545,1.0,0.9333333333333333,0.7368421052631579,0.0,0.006003655701713715,38,10,10,28,0,2
B,2,8702,lasso,10.0,,2582.622525207372,-1.121756844881469,1.3827378749847412,1.0,0.8666666666666667,0.7222222222222222,0.0,0.006030098543600002,36,10,10,26,0,4
B,2,8702,lasso,20.0,,2546.572990326652,-1.1204196518677818,1.4501218795776367,1.0,0.6333333333333333,0.6551724137931034,0.0,0.006677842450229306,29,10,10,19,0,11
B,2,8702,lasso,50.0,,2512.6395909402927,-1.1270995708332525,1.5881104469299316,0.9,0.3,0.5,0.1,0.009823700632336337,18,10,9,9,1,21
B,2,8702,lasso,100.0,,2511.409474493813,-1.0976306706836272,1.8017659187316895,0.6,0.2,0.5,0.4,0.007917858586712657,12,10,6,6,4,24
B,2,8702,lasso,200.0,,2516.614041581908,-1.109275383426982,2.5460543632507324,0.6,0.06666666666666667,0.25,0.4,0.007955696673410695,8,10,6,2,4,28
B,2,8702,enet,1.0,0.5,2605.273047639634,-1.1271303166973412,1.4881601333618164,1.0,1.0,0.75,0.0,0.006186148870785453,40,10,10,30,0,0
B,2,8702,enet,2.0,0.5,2605.3234267428684,-1.1267053447564985,1.3783037662506104,1.0,1.0,0.75,0.0,0.006157301020900589,40,10,10,30,0,0
B,2,8702,enet,5.0,0.5,2605.6583910828635,-1.12551552142692,1.3180830478668213,1.0,1.0,0.75,0.0,0.006090950655131971,40,10,10,30,0,0
B,2,8702,enet,10.0,0.5,2592.9736094464242,-1.1240062286312522,1.3428750038146973,1.0,0.9333333333333333,0.7368421052631579,0.0,0.00602290874106058,38,10,10,28,0,2
B,2,8702,enet,20.0,0.5,2583.424553496125,-1.121848787966458,1.398385763168335,1.0,0.8666666666666667,0.7222222222222222,0.0,0.006106946878430817,36,10,10,26,0,4
B,2,8702,enet,50.0,0.5,2549.496652796978,-1.1222343681828952,1.47532057762146,1.0,0.6000000000000001,0.6428571428571429,0.0,0.007546735969464946,28,10,10,18,0,12
B,2,8702,enet,100.0,0.5,2511.362309462254,-1.1289809219754292,1.52001953125,0.9,0.3,0.5,0.1,0.010401474058846115,18,10,9,9,1,21
B,2,8702,enet,200.0,0.5,2513.419749297309,-1.0984384197157573,1.883415937423706,0.6,0.2,0.5,0.4,0.007920831816553855,12,10,6,6,4,24
B,4,8704,none,0.0,,5134.218995316154,-2.4647529981482714,6.271874904632568,1.0,1.0,0.75,0.0,0.0031429123252771037,40,10,10,30,0,0
B,4,8704,lasso,1.0,,5120.712420902477,-2.4607864079846964,6.136767387390137,1.0,0.9333333333333333,0.7368421052631579,0.0,0.0024581722379455845,38,10,10,28,0,2
B,4,8704,lasso,2.0,,5120.874251837473,-2.464183397680642,6.063389778137207,1.0,0.9333333333333333,0.7368421052631579,0.0,0.0029367425235826373,38,10,10,28,0,2
B,4,8704,lasso,5.0,,5109.178549162292,-2.4540693147016284,5.524407625198364,1.0,0.8666666666666667,0.7222222222222222,0.0,0.0012868198516751332,36,10,10,26,0,4
B,4,8704,lasso,10.0,,5078.205525466993,-2.4482817126150795,4.872431039810181,1.0,0.7,0.6774193548387096,0.0,0.000767436144059943,31,10,10,21,0,9
B,4,8704,lasso,20.0,,5067.91451046193,-2.447168223634489,4.599682331085205,1.0,0.6,0.6428571428571429,0.0,0.0009342158593990475,28,10,10,18,0,12
B,4,8704,lasso,50.0,,5031.366524398569,-2.4627096077591206,4.622577428817749,1.0,0.16666666666666666,0.3333333333333333,0.0,0.005005342983207632,15,10,10,5,0,25
B,4,8704,lasso,100.0,,5149.18600170282,-2.5442739014937974,4.195526838302612,0.9,0.06666666666666667,0.18181818181818182,0.1,0.021076841788971585,11,10,9,2,1,28
B,4,8704,lasso,200.0,,5247.2541988926305,-2.603102297282654,3.5234639644622803,0.6,0.0,0.0,0.4,0.02691805027189954,6,10,6,0,4,30
B,4,8704,enet,1.0,0.5,5127.297498581013,-2.4629061873386355,6.154989242553711,1.0,0.9666666666666667,0.7435897435897436,0.0,0.0027915645134598517,39,10,10,29,0,1
B,4,8704,enet,2.0,0.5,5120.757730898701,-2.4603951496627543,6.20335841178894,1.0,0.9333333333333333,0.7368421052631579,0.0,0.002375803196162665,38,10,10,28,0,2
B,4,8704,enet,5.0,0.5,5107.558665799122,-2.4603159912745807,5.857007265090942,1.0,0.8666666666666667,0.7222222222222222,0.0,0.0021982312845207626,36,10,10,26,0,4
B,4,8704,enet,10.0,0.5,5116.793113802243,-2.451731614804543,5.565793752670288,1.0,0.9,0.7297297297297297,0.0,0.0010688578942085337,37,10,10,27,0,3
B,4,8704,enet,20.0,0.5,5087.385096585985,-2.448724429228906,5.224353790283203,1.0,0.7333333333333334,0.6875,0.0,0.0008965330308693372,32,10,10,22,0,8
B,4,8704,enet,50.0,0.5,5063.603585669459,-2.4530844407051906,4.544508457183838,1.0,0.43333333333333335,0.5652173913043478,0.0,0.0023480562142722157,23,10,10,13,0,17
B,4,8704,enet,100.0,0.5,5065.993055866007,-2.4769983157871645,4.894349575042725,1.0,0.23333333333333334,0.4117647058823529,0.0,0.008074404198540856,17,10,10,7,0,23
B,4,8704,enet,200.0,0.5,5171.712929581238,-2.5604119902388773,4.195305824279785,0.8,0.03333333333333333,0.1111111111111111,0.2,0.022734463203986303,9,10,8,1,2,29
B,1,8801,none,0.0,,4064.409839475885,-1.902862846048434,0.8264508247375488,1.0,1.0,0.75,0.0,0.004538801857237082,40,10,10,30,0,0
B,1,8801,lasso,1.0,,4058.1772720929966,-1.9008755414506882,0.8051438331604004,1.0,0.9666666666666667,0.7435897435897436,0.0,0.004163958283946712,39,10,10,29,0,1
B,1,8801,lasso,2.0,,4038.1187947562103,-1.8995060496414327,0.8177027702331543,1.0,0.8666666666666667,0.7222222222222222,0.0,0.003938473278219216,36,10,10,26,0,4
B,1,8801,lasso,5.0,,4021.007800136175,-1.8959795342035155,0.8369472026824951,1.0,0.7666666666666666,0.696969696969697,0.0,0.0035925793488988528,33,10,10,23,0,7
B,1,8801,lasso,10.0,,3975.9999580761523,-1.8939257881603937,0.8032646179199219,1.0,0.5,0.6,0.0,0.004116447904596331,25,10,10,15,0,15
B,1,8801,lasso,20.0,,3965.7360677431006,-1.902751223496924,0.8826956748962402,1.0,0.3,0.47368421052631576,0.0,0.008156155952467773,19,10,10,9,0,21
B,1,8801,lasso,50.0,,4208.362227090213,-2.07872491737694,0.8871614933013916,0.7,0.0,0.0,0.3,0.11944404785267312,7,10,7,0,3,30
B,1,8801,lasso,100.0,,4346.878250483045,-2.163777920591235,0.28678059577941895,0.2,0.0,0.0,0.8,0.1638154473113568,2,10,2,0,8,30
B,1,8801,lasso,200.0,,4346.873615907808,-2.1637545354529024,0.2588982582092285,0.2,0.0,0.0,0.8,0.1638092961697367,2,10,2,0,8,30
B,1,8801,enet,1.0,0.5,4064.6431306228023,-1.9018951002889362,0.8506753444671631,1.0,1.0,0.75,0.0,0.004371278476723689,40,10,10,30,0,0
B,1,8801,enet,2.0,0.5,4058.451541247515,-1.9007711289837903,0.8097748756408691,1.0,0.9666666666666667,0.7435897435897436,0.0,0.0042190230754035685,39,10,10,29,0,1
B,1,8801,enet,5.0,0.5,4039.6210652663176,-1.8988864249346582,0.8442411422729492,1.0,0.8666666666666667,0.7222222222222222,0.0,0.0040929559381608785,36,10,10,26,0,4
B,1,8801,enet,10.0,0.5,4025.296873076559,-1.8972279006378918,0.8373022079467773,1.0,0.7666666666666666,0.696969696969697,0.0,0.004521434955674293,33,10,10,23,0,7
B,1,8801,enet,20.0,0.5,3982.021580251751,-1.901539280613722,0.872445821762085,1.0,0.4666666666666667,0.5833333333333334,0.0,0.0072956030857677595,24,10,10,14,0,16
B,1,8801,enet,50.0,0.5,4070.7833438004614,-1.9895727930641491,0.659630298614502,1.0,0.1,0.23076923076923078,0.0,0.05302447330326473,13,10,10,3,0,27
B,1,8801,enet,100.0,0.5,4272.034953360629,-2.1188272379734734,0.5884180068969727,0.5,0.0,0.0,0.5,0.1394326903677381,5,10,5,0,5,30
B,1,8801,enet,200.0,0.5,4346.921130623242,-2.1638206537616322,0.2728867530822754,0.2,0.0,0.0,0.8,0.16386783991912215,2,10,2,0,8,30
B,2,8802,none,0.0,,2404.9936516199177,-1.1874458711644236,2.0382654666900635,1.0,1.0,0.75,0.0,0.001910349181213166,40,10,10,30,0,0
B,2,8802,lasso,1.0,,2398.1312122688914,-1.1866010727163294,1.6701250076293945,1.0,0.9666666666666667,0.7435897435897436,0.0,0.0017689977773640473,39,10,10,29,0,1
B,2,8802,lasso,2.0,,2398.2921726484324,-1.1858284082269266,1.6380224227905273,1.0,0.9666666666666667,0.7435897435897436,0.0,0.0016389133389266728,39,10,10,29,0,1
B,2,8802,lasso,5.0,,2385.658441907054,-1.183864015784223,1.5190050601959229,1.0,0.9,0.7297297297297297,0.0,0.0013012127036092058,37,10,10,27,0,3
B,2,8802,lasso,10.0,,2362.02863861035,-1.1816912628218605,1.7787871360778809,1.0,0.7666666666666666,0.696969696969697,0.0,0.0009385482668611595,33,10,10,23,0,7
B,2,8802,lasso,20.0,,2345.3829178083024,-1.1794990572355992,1.5475001335144043,1.0,0.6333333333333333,0.6551724137931034,0.0,0.0007484396614248396,29,10,10,19,0,11
B,2,8802,lasso,50.0,,2339.538585771469,-1.1939664407710393,1.6154682636260986,0.9,0.4,0.5714285714285714,0.1,0.00342398993374083,21,10,9,12,1,18
B,2,8802,lasso,100.0,,2359.3689721935684,-1.214439047524049,1.7260618209838867,0.6,0.3,0.6,0.4,0.008053934020835292,15,10,6,9,4,21
B,2,8802,lasso,200.0,,2349.05629990217,-1.2162546344065992,1.6747522354125977,0.6,0.13333333333333333,0.4,0.4,0.008036495224762326,10,10,6,4,4,26
B,2,8802,enet,1.0,0.5,2398.09782902148,-1.186944839985391,1.729006290435791,1.0,0.9666666666666667,0.7435897435897436,0.0,0.001824424951104048,39,10,10,29,0,1
B,2,8802,enet,2.0,0.5,2398.1462568195025,-1.1864725964094902,1.6310052871704102,1.0,0.9666666666666667,0.7435897435897436,0.0,0.0017432642253810003,39,10,10,29,0,1
B,2,8802,enet,5.0,0.5,2398.514278593846,-1.1851906158669567,1.5445096492767334,1.0,0.9666666666666667,0.7435897435897436,0.0,0.001521197447800602,39,10,10,29,0,1
B,2,8802,enet,10.0,0.5,2386.0410704476444,-1.1834672766380507,1.4969871044158936,1.0,0.9,0.7297297297297297,0.0,0.0012157617991763177,37,10,10,27,0,3
B,2,8802,enet,20.0,0.5,2363.3335526324818,-1.181361955294287,1.745919942855835,1.0,0.7333333333333334,0.6875,0.0,0.0008523170287364192,32,10,10,22,0,8
B,2,8802,enet,50.0,0.5,2338.323103766121,-1.1820497655814204,1.5211198329925537,1.0,0.5333333333333333,0.6153846153846154,0.0,0.001096111542273596,26,10,10,16,0,14
B,2,8802,enet,100.0,0.5,2342.5675622249064,-1.197805279668997,1.6851606369018555,0.8,0.4,0.6,0.2,0.004126404125519666,20,10,8,12,2,18
B,2,8802,enet,200.0,0.5,2360.724207808962,-1.2147432807539247,1.5866382122039795,0.6,0.3,0.6,0.4,0.008054438795462473,15,10,6,9,4,21
B,4,8804,none,0.0,,5040.079039352314,-2.4861715791648344,5.858398199081421,1.0,1.0,0.75,0.0,0.0037375161651472177,40,10,10,30,0,0
B,4,8804,lasso,1.0,,5040.109119520911,-2.4877875218398193,5.7959136962890625,1.0,1.0,0.75,0.0,0.003808025318143994,40,10,10,30,0,0
B,4,8804,lasso,2.0,,5040.299315733537,-2.4856788611071563,5.650918483734131,1.0,1.0,0.75,0.0,0.003514869521417459,40,10,10,30,0,0
B,4,8804,lasso,5.0,,5034.984383094308,-2.478630558942534,5.394703149795532,1.0,0.9666666666666667,0.7435897435897436,0.0,0.002715428058256531,39,10,10,29,0,1
B,4,8804,lasso,10.0,,5005.2486054273495,-2.4727405576397894,5.259545087814331,1.0,0.8,0.7058823529411765,0.0,0.0021682190181735606,34,10,10,24,0,6
B,4,8804,lasso,20.0,,4990.965920253565,-2.4693012822540075,4.965677738189697,1.0,0.6666666666666667,0.6666666666666666,0.0,0.0027126591905447953,30,10,10,20,0,10
B,4,8804,lasso,50.0,,4955.037053900905,-2.4888662475173913,3.9387691020965576,1.0,0.26666666666666666,0.4444444444444444,0.0,0.007937994370041867,18,10,10,8,0,22
B,4,8804,lasso,100.0,,5046.764909233895,-2.575297474129128,4.466481924057007,0.7,0.13333333333333333,0.36363636363636365,0.3,0.022293522338162855,11,10,7,4,3,26
B,4,8804,lasso,200.0,,5122.356519361937,-2.6390485772434404,3.865839958190918,0.6,0.03333333333333333,0.14285714285714285,0.4,0.025790516456657107,7,10,6,1,4,29
B,4,8804,enet,1.0,0.5,5040.172005174041,-2.4894991951268928,5.825503587722778,1.0,1.0,0.75,0.0,0.004033266559852905,40,10,10,30,0,0
B,4,8804,enet,2.0,0.5,5040.079044120839,-2.4875590672178425,5.787689447402954,1.0,1.0,0.75,0.0,0.0037614207676429485,40,10,10,30,0,0
B,4,8804,enet,5.0,0.5,5040.506700312919,-2.483833307765928,5.56666374206543,1.0,1.0,0.75,0.0,0.0032874093046889605,40,10,10,30,0,0
B,4,8804,enet,10.0,0.5,5035.470920951301,-2.479620279248296,5.3255836963653564,1.0,0.9666666666666667,0.7435897435897436,0.0,0.0028424936472500927,39,10,10,29,0,1
B,4,8804,enet,20.0,0.5,5006.855665607693,-2.4746279639231608,5.221240043640137,1.0,0.8,0.7058823529411765,0.0,0.0025516513243325693,34,10,10,24,0,6
B,4,8804,enet,50.0,0.5,4998.204479743519,-2.4767441087461806,4.091174125671387,1.0,0.6333333333333333,0.6551724137931034,0.0,0.004622605533297773,29,10,10,19,0,11
B,4,8804,enet,100.0,0.5,4975.551225934985,-2.5036894531688523,4.274969100952148,1.0,0.26666666666666666,0.4444444444444444,0.0,0.010358630994724609,18,10,10,8,0,22
B,4,8804,enet,200.0,0.5,5088.6331164643025,-2.5946795380323193,4.098199367523193,0.7,0.16666666666666666,0.4166666666666667,0.3,0.023702486455912632,12,10,7,5,3,25
B,1,8901,none,0.0,,4035.582094581231,-1.9394817464857639,0.6911461353302002,1.0,1.0,0.75,0.0,0.0042457096519553875,40,10,10,30,0,0
B,1,8901,lasso,1.0,,4035.817949424689,-1.9377902122098245,0.6669044494628906,1.0,1.0,0.75,0.0,0.003921159643241835,40,10,10,30,0,0
B,1,8901,lasso,2.0,,4036.3756915631493,-1.9362131104920404,0.7139360904693604,1.0,1.0,0.75,0.0,0.0036322323982341006,40,10,10,30,0,0
B,1,8901,lasso,5.0,,3983.774487779685,-1.932197010827965,0.8609232902526855,1.0,0.7333333333333333,0.6875,0.0,0.00296244162089586,32,10,10,22,0,8
B,1,8901,lasso,10.0,,3964.9034894169936,-1.9279013674433905,0.8088481426239014,1.0,0.6,0.6428571428571429,0.0,0.0025343038902390725,28,10,10,18,0,12
B,1,8901,lasso,20.0,,3931.017328549862,-1.9275221660283068,0.7445003986358643,1.0,0.26666666666666666,0.4444444444444444,0.0,0.004478451937514878,18,10,10,8,0,22
B,1,8901,lasso,50.0,,4270.661978185206,-2.1128985814759504,0.5303738117218018,0.7,0.0,0.0,0.3,0.125059570721631,7,10,7,0,3,30
B,1,8901,lasso,100.0,,4364.939106133381,-2.1815784173056225,0.45650792121887207,0.2,0.0,0.0,0.8,0.16667500598722865,2,10,2,0,8,30
B,1,8901,lasso,200.0,,4364.802809068332,-2.181620085471365,0.2880685329437256,0.2,0.0,0.0,0.8,0.16608889105033026,2,10,2,0,8,30
B,1,8901,enet,1.0,0.5,4035.718471732546,-1.9385131320489037,0.7060947418212891,1.0,1.0,0.75,0.0,0.004074903034761714,40,10,10,30,0,0
B,1,8901,enet,2.0,0.5,4035.9849406273624,-1.9375884054023405,0.7136507034301758,1.0,1.0,0.75,0.0,0.003919380714538824,40,10,10,30,0,0
B,1,8901,enet,5.0,0.5,4030.694788329776,-1.9351313120191176,0.7594780921936035,1.0,0.9666666666666667,0.7435897435897436,0.0,0.003552857803627077,39,10,10,29,0,1
B,1,8901,enet,10.0,0.5,3986.643663380646,-1.932291770280042,0.8662056922912598,1.0,0.7333333333333333,0.6875,0.0,0.003240503705119238,32,10,10,22,0,8
B,1,8901,enet,20.0,0.5,3983.7276547217307,-1.930929958274344,0.8982982635498047,1.0,0.6333333333333333,0.6551724137931034,0.0,0.004067993565407915,29,10,10,19,0,11
B,1,8901,enet,50.0,0.5,3994.529369854466,-1.9709035550300573,0.9982585906982422,1.0,0.06666666666666667,0.16666666666666666,0.0,0.02467737725097926,12,10,10,2,0,28
B,1,8901,enet,100.0,0.5,4303.666922166585,-2.1330662399111042,0.501936674118042,0.6,0.0,0.0,0.4,0.1406596106616952,6,10,6,0,4,30
B,1,8901,enet,200.0,0.5,4364.91827367819,-2.181668486255122,0.25525522232055664,0.2,0.0,0.0,0.8,0.16657225836016518,2,10,2,0,8,30
B,2,8902,none,0.0,,2373.7861832485924,-1.254823979250506,1.200042486190796,1.0,1.0,0.75,0.0,0.008030236140150065,40,10,10,30,0,0
B,2,8902,lasso,1.0,,2360.0201279794373,-1.253639878158497,1.2046012878417969,1.0,0.9333333333333333,0.7368421052631579,0.0,0.007928349764982334,38,10,10,28,0,2
B,2,8902,lasso,2.0,,2360.160024021864,-1.2525563150702055,1.2252435684204102,1.0,0.9333333333333333,0.7368421052631579,0.0,0.007835849085864518,38,10,10,28,0,2
B,2,8902,lasso,5.0,,2354.1836587978496,-1.2497140913438998,1.2872469425201416,1.0,0.8666666666666667,0.7222222222222222,0.0,0.007603966200440754,36,10,10,26,0,4
B,2,8902,lasso,10.0,,2336.7265683950263,-1.2456755965645665,1.32267165184021,1.0,0.8,0.7058823529411765,0.0,0.0073734771683591814,34,10,10,24,0,6
B,2,8902,lasso,20.0,,2310.6146410872566,-1.2402432714684806,1.47406005859375,1.0,0.6333333333333333,0.6551724137931034,0.0,0.007320979699556644,29,10,10,19,0,11
B,2,8902,lasso,50.0,,2319.5771166245113,-1.241431893265908,1.5806784629821777,1.0,0.4666666666666667,0.5833333333333334,0.0,0.009823094263259235,24,10,10,14,0,16
B,2,8902,lasso,100.0,,2380.0686759401738,-1.2686091380369273,1.74460768699646,0.8,0.3333333333333333,0.5555555555555556,0.2,0.017562422011339507,18,10,8,10,2,20
B,2,8902,lasso,200.0,,2338.0987619674825,-1.2779798845304777,2.088606595993042,0.6,0.03333333333333333,0.14285714285714285,0.4,0.019078545465568014,7,10,6,1,4,29
B,2,8902,enet,1.0,0.5,2359.9881683330345,-1.254146158990251,1.2206127643585205,1.0,0.9333333333333333,0.7368421052631579,0.0,0.00797308912647082,38,10,10,28,0,2
B,2,8902,enet,2.0,0.5,2360.0330209622134,-1.2535346677034331,1.216240406036377,1.0,0.9333333333333333,0.7368421052631579,0.0,0.007918454151055292,38,10,10,28,0,2
B,2,8902,enet,5.0,0.5,2360.3289197334343,-1.2518950813330225,1.2286434173583984,1.0,0.9333333333333333,0.7368421052631579,0.0,0.007783336247236771,38,10,10,28,0,2
B,2,8902,enet,10.0,0.5,2354.4419994676773,-1.2493663361666554,1.325821876525879,1.0,0.9,0.7297297297297297,0.0,0.007587777774770495,37,10,10,27,0,3
B,2,8902,enet,20.0,0.5,2337.585159477106,-1.2453125938507048,1.382953405380249,1.0,0.8,0.7058823529411765,0.0,0.007388507307020597,34,10,10,24,0,6
B,2,8902,enet,50.0,0.5,2319.7316605276606,-1.2389113910846745,1.4644262790679932,1.0,0.6333333333333333,0.6551724137931034,0.0,0.007711681453934379,29,10,10,19,0,11
B,2,8902,enet,100.0,0.5,2322.537534485663,-1.2442778168586204,1.6235411167144775,0.9,0.4666666666666667,0.6086956521739131,0.1,0.010642096341995658,23,10,9,14,1,16
B,2,8902,enet,200.0,0.5,2383.8118587171502,-1.2701724583757354,1.6769254207611084,0.8,0.3333333333333333,0.5555555555555556,0.2,0.01783218538137337,18,10,8,10,2,20
B,4,8904,none,0.0,,5163.399610528598,-2.463482055344483,6.248445749282837,1.0,0.9666666666666667,0.7435897435897436,0.0,0.002299552113235049,39,10,10,29,0,1
B,4,8904,lasso,1.0,,5156.71353484065,-2.462045101433916,6.19827938079834,1.0,0.9333333333333333,0.7368421052631579,0.0,0.002099914795047298,38,10,10,28,0,2
B,4,8904,lasso,2.0,,5136.410147269225,-2.460605306945316,5.894408464431763,1.0,0.8666666666666667,0.7222222222222222,0.0,0.0019239705696660046,36,10,10,26,0,4
B,4,8904,lasso,5.0,,5117.382116006193,-2.45758666555342,5.97122859954834,1.0,0.7666666666666666,0.696969696969697,0.0,0.0016240854639102565,33,10,10,23,0,7
B,4,8904,lasso,10.0,,5101.687563696592,-2.4543036795092332,5.414155721664429,1.0,0.6666666666666666,0.6666666666666666,0.0,0.0015348816983059889,30,10,10,20,0,10
B,4,8904,lasso,20.0,,5072.500035299361,-2.4525610527080817,4.758633852005005,1.0,0.4666666666666667,0.5833333333333334,0.0,0.0023357432085590797,24,10,10,14,0,16
B,4,8904,lasso,50.0,,5083.162300575114,-2.46297377754374,4.419190168380737,1.0,0.3,0.47368421052631576,0.0,0.008917653907770263,19,10,10,9,0,21
B,4,8904,lasso,100.0,,5123.9387890432345,-2.50835878100642,4.2422895431518555,0.8,0.06666666666666667,0.2,0.2,0.024281305390667696,10,10,8,2,2,28
B,4,8904,lasso,200.0,,5248.083430131909,-2.5619095672814556,4.140527248382568,0.7,0.0,0.0,0.3,0.034684154416269826,7,10,7,0,3,30
B,4,8904,enet,1.0,0.5,5163.3989736803815,-2.463145600868495,6.3433778285980225,1.0,0.9333333333333333,0.7368421052631579,0.0,0.0022563781733707143,38,10,10,28,0,2
B,4,8904,enet,2.0,0.5,5156.736433247233,-2.4620100583900095,6.184406995773315,1.0,0.9333333333333333,0.7368421052631579,0.0,0.0021122040095341433,38,10,10,28,0,2
B,4,8904,enet,5.0,0.5,5130.141724002741,-2.459261769659873,6.224648475646973,1.0,0.8333333333333334,0.7142857142857143,0.0,0.001823068923708857,35,10,10,25,0,5
B,4,8904,enet,10.0,0.5,5118.422809245637,-2.456903406733504,5.674473285675049,1.0,0.7666666666666666,0.696969696969697,0.0,0.001696121091181101,33,10,10,23,0,7
B,4,8904,enet,20.0,0.5,5110.612469909715,-2.454528144993934,5.0570197105407715,1.0,0.7,0.6774193548387096,0.0,0.0019241136230139066,31,10,10,21,0,9
B,4,8904,enet,50.0,0.5,5081.227683421648,-2.4565890160315664,4.515814542770386,1.0,0.43333333333333335,0.5652173913043478,0.0,0.0047894409999587155,23,10,10,13,0,17
B,4,8904,enet,100.0,0.5,5095.495924799523,-2.4736332620590895,4.773319244384766,1.0,0.26666666666666666,0.4444444444444444,0.0,0.012486649957380578,18,10,10,8,0,22
B,4,8904,enet,200.0,0.5,5148.644380079581,-2.520163450011607,4.889626979827881,0.8,0.06666666666666667,0.2,0.2,0.02624008020685677,10,10,8,2,2,28
B,1,9001,none,0.0,,3970.7003206924182,-1.90715821426692,0.7007989883422852,1.0,1.0,0.75,0.0,0.007017388862081838,40,10,10,30,0,0
B,1,9001,lasso,1.0,,3970.87298474198,-1.9059281073973804,0.7010183334350586,1.0,1.0,0.75,0.0,0.006648462341798826,40,10,10,30,0,0
B,1,9001,lasso,2.0,,3964.403703177221,-1.9047757773677954,0.7269768714904785,1.0,0.9666666666666667,0.7435897435897436,0.0,0.0063078127706322346,39,10,10,29,0,1
B,1,9001,lasso,5.0,,3953.68915281375,-1.9015416916262935,0.6998066902160645,1.0,0.8666666666666667,0.7222222222222222,0.0,0.005420601881952579,36,10,10,26,0,4
B,1,9001,lasso,10.0,,3942.6443315486417,-1.8993744791298182,0.7376766204833984,1.0,0.8,0.7058823529411765,0.0,0.004540131363325884,34,10,10,24,0,6
B,1,9001,lasso,20.0,,3904.3749007073775,-1.904588986395273,0.8464169502258301,1.0,0.4666666666666667,0.5833333333333334,0.0,0.004892469657412583,24,10,10,14,0,16
B,1,9001,lasso,50.0,,4228.861950457935,-2.148301589090102,0.41152501106262207,0.4,0.0,0.0,0.6,0.13719588476520764,4,10,4,0,6,30
B,1,9001,lasso,100.0,,4289.389298160465,-2.194620197952076,0.6375732421875,0.2,0.0,0.0,0.8,0.16301566846920928,2,10,2,0,8,30
B,1,9001,lasso,200.0,,4289.747208688484,-2.1949616075378446,0.507000207901001,0.2,0.0,0.0,0.8,0.1633479898663395,2,10,2,0,8,30
B,1,9001,enet,1.0,0.5,3970.7976297138475,-1.9066261466756433,0.695946216583252,1.0,1.0,0.75,0.0,0.006806273815329004,40,10,10,30,0,0
B,1,9001,enet,2.0,0.5,3971.0113330769586,-1.9061316394250138,0.7064611911773682,1.0,1.0,0.75,0.0,0.00660842171721467,40,10,10,30,0,0
B,1,9001,enet,5.0,0.5,3965.430400417062,-1.904929760762664,0.7256412506103516,1.0,0.9666666666666667,0.7435897435897436,0.0,0.006104543384500316,39,10,10,29,0,1
B,1,9001,enet,10.0,0.5,3949.4493306599416,-1.9036874578655434,0.7176985740661621,1.0,0.8666666666666667,0.7222222222222222,0.0,0.0055269721054652604,36,10,10,26,0,4
B,1,9001,enet,20.0,0.5,3952.8624302118624,-1.9065150413872443,0.792121410369873,1.0,0.8,0.7058823529411765,0.0,0.005528884554279691,34,10,10,24,0,6
B,1,9001,enet,50.0,0.5,3954.3969854824254,-1.9542331884191793,0.9197261333465576,1.0,0.23333333333333334,0.4117647058823529,0.0,0.019475939978009164,17,10,10,7,0,23
B,1,9001,enet,100.0,0.5,4253.123380685392,-2.1646776778310644,0.6523056030273438,0.4,0.0,0.0,0.6,0.14597497990882635,4,10,4,0,6,30
B,1,9001,enet,200.0,0.5,4289.8655477371185,-2.1950458185629467,0.5484945774078369,0.2,0.0,0.0,0.8,0.16344272082132855,2,10,2,0,8,30
B,2,9002,none,0.0,,2368.693792123245,-1.1263407714236213,1.8455157279968262,1.0,1.0,0.75,0.0,0.0013981687070363483,40,10,10,30,0,0
B,2,9002,lasso,1.0,,2361.8559984679437,-1.1254305294393616,1.9941518306732178,1.0,0.9666666666666667,0.7435897435897436,0.0,0.001283415443979226,39,10,10,29,0,1
B,2,9002,lasso,2.0,,2341.3213556070514,-1.1245468328695334,1.5600523948669434,1.0,0.8666666666666667,0.7222222222222222,0.0,0.0011812645302760106,36,10,10,26,0,4
B,2,9002,lasso,5.0,,2328.67686550354,-1.1218595294047693,1.6936688423156738,1.0,0.8,0.7058823529411765,0.0,0.0009311395249391972,34,10,10,24,0,6
B,2,9002,lasso,10.0,,2304.4301017277057,-1.1185876130499193,1.8152015209197998,1.0,0.6666666666666667,0.6666666666666666,0.0,0.0007379809125587095,30,10,10,20,0,10
B,2,9002,lasso,20.0,,2287.6892577610265,-1.1155673312537533,1.5312891006469727,1.0,0.5333333333333333,0.6153846153846154,0.0,0.0009315187542703788,26,10,10,16,0,14
B,2,9002,lasso,50.0,,2276.512397925645,-1.126891598270275,1.7421760559082031,0.9,0.3333333333333333,0.5263157894736842,0.1,0.0038456093126182644,19,10,9,10,1,20
B,2,9002,lasso,100.0,,2294.1607874876727,-1.1492265309323104,1.5789875984191895,0.6,0.23333333333333334,0.5384615384615384,0.4,0.008050355405034815,13,10,6,7,4,23
B,2,9002,lasso,200.0,,2283.228609894762,-1.1602671038257146,1.7503559589385986,0.6,0.06666666666666667,0.25,0.4,0.00809053164857316,8,10,6,2,4,28
B,2,9002,enet,1.0,0.5,2361.8090782712943,-1.1258734409591975,1.9675686359405518,1.0,0.9666666666666667,0.7435897435897436,0.0,0.0013343728224387366,39,10,10,29,0,1
B,2,9002,enet,2.0,0.5,2361.8690512025723,-1.1253746117978771,1.9418411254882812,1.0,0.9666666666666667,0.7435897435897436,0.0,0.0012750602810956988,39,10,10,29,0,1
B,2,9002,enet,5.0,0.5,2334.614647787862,-1.1239630266866925,1.5806076526641846,1.0,0.8333333333333333,0.7142857142857143,0.0,0.0011180083420092447,35,10,10,25,0,5
B,2,9002,enet,10.0,0.5,2328.9618093329955,-1.1217531500664595,1.8622040748596191,1.0,0.8,0.7058823529411765,0.0,0.0009155846634658096,34,10,10,24,0,6
B,2,9002,enet,20.0,0.5,2305.368691284116,-1.118735624802054,1.7480871677398682,1.0,0.6666666666666667,0.6666666666666666,0.0,0.0007598784107404717,30,10,10,20,0,10
B,2,9002,enet,50.0,0.5,2275.708543544139,-1.1175442820118187,1.5216615200042725,1.0,0.43333333333333335,0.5652173913043478,0.0,0.0014431896541692848,23,10,10,13,0,17
B,2,9002,enet,100.0,0.5,2283.9897104815577,-1.1301500121058465,2.068720817565918,0.9,0.3333333333333333,0.5263157894736842,0.1,0.0043336758613114965,19,10,9,10,1,20
B,2,9002,enet,200.0,0.5,2295.4025921714156,-1.1502418379267747,1.6235663890838623,0.6,0.23333333333333334,0.5384615384615384,0.4,0.008052034273831598,13,10,6,7,4,23
B,4,9004,none,0.0,,5078.456185789927,-2.4651346857632896,5.901469945907593,1.0,1.0,0.75,0.0,0.0022299853341268467,40,10,10,30,0,0
B,4,9004,lasso,1.0,,5071.655196659902,-2.463511235445106,5.798799276351929,1.0,0.9666666666666667,0.7435897435897436,0.0,0.0020145008401467202,39,10,10,29,0,1
B,4,9004,lasso,2.0,,5058.092699422443,-2.4628137396389924,5.509279489517212,1.0,0.9,0.7297297297297297,0.0,0.001888950556439421,37,10,10,27,0,3
B,4,9004,lasso,5.0,,5052.9350092577715,-2.4613916226821804,4.854490518569946,1.0,0.8333333333333333,0.7142857142857143,0.0,0.0016808349429038427,35,10,10,25,0,5
B,4,9004,lasso,10.0,,5038.288140157939,-2.4621194575758665,4.1763904094696045,1.0,0.7333333333333334,0.6875,0.0,0.0015605291183673567,32,10,10,22,0,8
B,4,9004,lasso,20.0,,4983.065680366457,-2.4702718299927775,3.7972934246063232,1.0,0.43333333333333335,0.5652173913043478,0.0,0.002775407500683208,23,10,10,13,0,17
B,4,9004,lasso,50.0,,4960.075883686188,-2.495646912422522,2.9949452877044678,0.9,0.16666666666666666,0.35714285714285715,0.1,0.007308866192932779,14,10,9,5,1,25
B,4,9004,lasso,100.0,,5060.759171772447,-2.5743017879460837,3.0971477031707764,0.8,0.06666666666666667,0.2,0.2,0.019234710303737714,10,10,8,2,2,28
B,4,9004,lasso,200.0,,5123.492759003475,-2.6309105454115396,3.9800920486450195,0.6,0.0,0.0,0.4,0.02479107164463971,6,10,6,0,4,30
B,4,9004,enet,1.0,0.5,5071.712605783307,-2.463974011965728,5.960520505905151,1.0,0.9666666666666667,0.7435897435897436,0.0,0.0021134457880008064,39,10,10,29,0,1
B,4,9004,enet,2.0,0.5,5071.688900224393,-2.463599539616599,6.401991605758667,1.0,0.9666666666666667,0.7435897435897436,0.0,0.002015499393165797,39,10,10,29,0,1
B,4,9004,enet,5.0,0.5,5058.567507004649,-2.4627254307633613,5.513601064682007,1.0,0.9,0.7297297297297297,0.0,0.0018784193841939693,37,10,10,27,0,3
B,4,9004,enet,10.0,0.5,5053.948175153327,-2.4626664624961676,4.972239255905151,1.0,0.8666666666666667,0.7222222222222222,0.0,0.0018742862141262777,36,10,10,26,0,4
B,4,9004,enet,20.0,0.5,5034.035552075228,-2.4650836578901036,4.06166934967041,1.0,0.7333333333333334,0.6875,0.0,0.0020041191811425315,32,10,10,22,0,8
B,4,9004,enet,50.0,0.5,4992.616820008865,-2.484395990452141,3.6846232414245605,1.0,0.39999999999999997,0.5454545454545454,0.0,0.005158781072762072,22,10,10,12,0,18
B,4,9004,enet,100.0,0.5,4980.021440074484,-2.508717700363222,3.0753283500671387,0.9,0.16666666666666666,0.35714285714285715,0.1,0.009310046234656526,14,10,9,5,1,25
B,4,9004,enet,200.0,0.5,5091.085334658482,-2.596773496569276,3.9097983837127686,0.8,0.06666666666666667,0.2,0.2,0.021364630164602865,10,10,8,2,2,28
B,1,9101,none,0.0,,3997.9294984203266,-1.9333879976751855,0.8513200283050537,1.0,1.0,0.75,0.0,0.005205235105392164,40,10,10,30,0,0
B,1,9101,lasso,1.0,,3977.4113366172996,-1.931866010577638,0.8548088073730469,1.0,0.9,0.7297297297297297,0.0,0.004599059272584991,37,10,10,27,0,3
B,1,9101,lasso,2.0,,3971.0581270442563,-1.9304670629983323,0.8184926509857178,1.0,0.8666666666666667,0.7222222222222222,0.0,0.0040532460167744845,36,10,10,26,0,4
B,1,9101,lasso,5.0,,3961.14301443921,-1.9269952614942134,0.7897965908050537,1.0,0.8,0.7058823529411765,0.0,0.002742663456153021,34,10,10,24,0,6
B,1,9101,lasso,10.0,,3916.5792321584627,-1.9246702008121577,0.8825538158416748,1.0,0.5333333333333333,0.6153846153846154,0.0,0.0018412140621067539,26,10,10,16,0,14
B,1,9101,lasso,20.0,,3898.3126159238054,-1.9270090465289031,1.2318708896636963,1.0,0.3,0.47368421052631576,0.0,0.0031967547245012225,19,10,10,9,0,21
B,1,9101,lasso,50.0,,4127.0320850832195,-2.044837210230291,1.592789649963379,0.6,0.0,0.0,0.4,0.10491985929713789,6,10,6,0,4,30
B,1,9101,lasso,100.0,,4349.271492706698,-2.150553808512032,0.31867551803588867,0.30000000000000004,0.0,0.0,0.7,0.16673157277955264,3,10,3,0,7,30
B,1,9101,lasso,200.0,,4342.405154869936,-2.150442462084883,0.5078887939453125,0.2,0.0,0.0,0.8,0.16630331510214125,2,10,2,0,8,30
B,1,9101,enet,1.0,0.5,3984.2287473103593,-1.932446905406532,0.8285784721374512,1.0,0.9333333333333333,0.7368421052631579,0.0,0.004818455577723748,38,10,10,28,0,2
B,1,9101,enet,2.0,0.5,3977.593350221487,-1.9315981255361772,0.8367092609405518,1.0,0.9,0.7297297297297297,0.0,0.004459502178361016,37,10,10,27,0,3
B,1,9101,enet,5.0,0.5,3972.425060541169,-1.9293654849881132,0.7759501934051514,1.0,0.8666666666666667,0.7222222222222222,0.0,0.0035638693353299868,36,10,10,26,0,4
B,1,9101,enet,10.0,0.5,3964.7525122613915,-1.9269207311437158,0.8345060348510742,1.0,0.8,0.7058823529411765,0.0,0.002643870996819159,34,10,10,24,0,6
B,1,9101,enet,20.0,0.5,3930.0489997456802,-1.9269771371984317,0.8963954448699951,1.0,0.5333333333333333,0.6153846153846154,0.0,0.0030698917144690962,26,10,10,16,0,14
B,1,9101,enet,50.0,0.5,4003.166370622659,-1.9727158348378213,0.9435544013977051,1.0,0.16666666666666666,0.3333333333333333,0.0,0.03297830652656471,15,10,10,5,0,25
B,1,9101,enet,100.0,0.5,4263.710797717059,-2.1077273591832437,0.5054616928100586,0.4,0.0,0.0,0.6,0.14147004939906782,4,10,4,0,6,30
B,1,9101,enet,200.0,0.5,4342.757277953416,-2.1506278650456925,0.5121860504150391,0.2,0.0,0.0,0.8,0.16679135420657454,2,10,2,0,8,30
B,2,9102,none,0.0,,2545.1563353296224,-1.207414531969527,1.0878992080688477,1.0,1.0,0.75,0.0,0.00834551986543321,40,10,10,30,0,0
B,2,9102,lasso,1.0,,2545.1974473078594,-1.206064457665027,1.1045639514923096,1.0,1.0,0.75,0.0,0.00827251992730796,40,10,10,30,0,0
B,2,9102,lasso,2.0,,2531.508776947401,-1.2048870842211898,1.0507185459136963,1.0,0.9333333333333333,0.7368421052631579,0.0,0.008186345280423455,38,10,10,28,0,2
B,2,9102,lasso,5.0,,2532.25792461284,-1.2018988139996554,1.187187671661377,1.0,0.9333333333333333,0.7368421052631579,0.0,0.007988173846228274,38,10,10,28,0,2
B,2,9102,lasso,10.0,,2528.1818641673435,-1.1977234006663116,1.1931366920471191,1.0,0.9,0.7297297297297297,0.0,0.00784009671708076,37,10,10,27,0,3
B,2,9102,lasso,20.0,,2517.8634897431543,-1.1921951352668203,1.2472729682922363,1.0,0.7666666666666666,0.696969696969697,0.0,0.00799476655598695,33,10,10,23,0,7
B,2,9102,lasso,50.0,,2481.065807945685,-1.1936129732251983,1.4155969619750977,1.0,0.36666666666666664,0.5238095238095238,0.0,0.011123140132700136,21,10,10,11,0,19
B,2,9102,lasso,100.0,,2507.4501429361662,-1.216529421498943,2.67323899269104,0.8,0.23333333333333334,0.4666666666666667,0.2,0.018745670727601395,15,10,8,7,2,23
B,2,9102,lasso,200.0,,2503.634447583339,-1.2176131679158644,2.3729569911956787,0.6,0.1,0.3333333333333333,0.4,0.020220119034263455,9,10,6,3,4,27
B,2,9102,enet,1.0,0.5,2545.170157779521,-1.206632466110745,1.0891928672790527,1.0,1.0,0.75,0.0,0.008306379172271696,40,10,10,30,0,0
B,2,9102,enet,2.0,0.5,2545.2099784515194,-1.2059698750661647,1.1230762004852295,1.0,1.0,0.75,0.0,0.008269426563701115,40,10,10,30,0,0
B,2,9102,enet,5.0,0.5,2531.666262810988,-1.2041579917366572,1.0924222469329834,1.0,0.9333333333333333,0.7368421052631579,0.0,0.00815282181904275,38,10,10,28,0,2
B,2,9102,enet,10.0,0.5,2532.5041788688986,-1.2015578831409246,1.212770700454712,1.0,0.9333333333333333,0.7368421052631579,0.0,0.007992349649122455,38,10,10,28,0,2
B,2,9102,enet,20.0,0.5,2529.0257708111294,-1.1973578608586124,1.221022129058838,1.0,0.9,0.7297297297297297,0.0,0.007894547647156584,37,10,10,27,0,3
B,2,9102,enet,50.0,0.5,2508.039278120538,-1.1917831943544466,1.2055134773254395,1.0,0.7,0.6774193548387096,0.0,0.00862325316114441,31,10,10,21,0,9
B,2,9102,enet,100.0,0.5,2488.950039800342,-1.196409717313717,1.4017961025238037,1.0,0.36666666666666664,0.5238095238095238,0.0,0.0120016545237942,21,10,10,11,0,19
B,2,9102,enet,200.0,0.5,2511.337424987185,-1.2170900207925897,1.5779080390930176,0.8,0.23333333333333334,0.4666666666666667,0.2,0.019015225401502852,15,10,8,7,2,23
B,4,9104,none,0.0,,5052.2812783837635,-2.4728394305656796,5.251439094543457,1.0,1.0,0.75,0.0,0.00328952963046491,40,10,10,30,0,0
B,4,9104,lasso,1.0,,5052.733289731525,-2.4689223395722397,5.019466161727905,1.0,1.0,0.75,0.0,0.0026610709218156912,40,10,10,30,0,0
B,4,9104,lasso,2.0,,5046.2426238460575,-2.467818239732712,4.869774580001831,1.0,0.9666666666666667,0.7435897435897436,0.0,0.0023969797489779357,39,10,10,29,0,1
B,4,9104,lasso,5.0,,5027.979424660436,-2.4606457843729586,4.6239097118377686,1.0,0.8666666666666667,0.7222222222222222,0.0,0.0014447456589202206,36,10,10,26,0,4
B,4,9104,lasso,10.0,,5006.122738114426,-2.45597685869027,3.9083781242370605,1.0,0.7333333333333334,0.6875,0.0,0.0010986422202622246,32,10,10,22,0,8
B,4,9104,lasso,20.0,,4984.649492513912,-2.4581307525020226,3.908450126647949,1.0,0.5666666666666667,0.6296296296296297,0.0,0.002034790912961981,27,10,10,17,0,13
B,4,9104,lasso,50.0,,4974.008635264438,-2.4729596316009466,3.7077112197875977,1.0,0.3333333333333333,0.5,0.0,0.006229202160004398,20,10,10,10,0,20
B,4,9104,lasso,100.0,,5049.272185593733,-2.5230054686445156,3.8302364349365234,0.9,0.1,0.25,0.1,0.017258914161991004,12,10,9,3,1,27
B,4,9104,lasso,200.0,,5174.834717300245,-2.603503365280403,3.2495336532592773,0.6,0.0,0.0,0.4,0.026706035136509175,6,10,6,0,4,30
B,4,9104,enet,1.0,0.5,5052.605566966142,-2.4702297770479356,5.511755704879761,1.0,1.0,0.75,0.0,0.002876879815267612,40,10,10,30,0,0
B,4,9104,enet,2.0,0.5,5052.8312740632755,-2.4686232527127205,5.418941497802734,1.0,1.0,0.75,0.0,0.0025997901369923257,40,10,10,30,0,0
B,4,9104,enet,5.0,0.5,5047.009220557772,-2.4663138303605883,4.663902521133423,1.0,0.9666666666666667,0.7435897435897436,0.0,0.002161433007444224,39,10,10,29,0,1
B,4,9104,enet,10.0,0.5,5029.042967919062,-2.4612180924507605,4.429556846618652,1.0,0.8666666666666667,0.7222222222222222,0.0,0.0015293831485105453,36,10,10,26,0,4
B,4,9104,enet,20.0,0.5,5008.444429903003,-2.4576900459528637,4.3968665599823,1.0,0.7333333333333334,0.6875,0.0,0.0014256467628011792,32,10,10,22,0,8
B,4,9104,enet,50.0,0.5,4975.702922754588,-2.465164206545919,3.6555328369140625,1.0,0.4666666666666667,0.5833333333333334,0.0,0.0036498744996217992,24,10,10,14,0,16
B,4,9104,enet,100.0,0.5,4994.625818641408,-2.4845199616343847,3.9398951530456543,1.0,0.3333333333333333,0.5,0.0,0.00857449069397607,20,10,10,10,0,20
B,4,9104,enet,200.0,0.5,5096.346393371437,-2.5472590161544426,3.0639452934265137,0.9,0.1,0.25,0.1,0.020310442719903867,12,10,9,3,1,27
B,1,9201,none,0.0,,4069.823800897938,-1.8981842689989572,0.5991806983947754,1.0,1.0,0.75,0.0,0.005880221605649794,40,10,10,30,0,0
B,1,9201,lasso,1.0,,4049.269298214971,-1.8961739858067777,0.6183500289916992,1.0,0.9,0.7297297297297297,0.0,0.005414319098554662,37,10,10,27,0,3
B,1,9201,lasso,2.0,,4049.7583363316307,-1.8943638496099224,0.6249582767486572,1.0,0.9,0.7297297297297297,0.0,0.00499716147506131,37,10,10,27,0,3
B,1,9201,lasso,5.0,,4039.2750122020657,-1.8897886696297186,0.6126604080200195,1.0,0.8333333333333334,0.7142857142857143,0.0,0.004007163158941335,35,10,10,25,0,5
B,1,9201,lasso,10.0,,4001.665424464165,-1.8865240579113316,0.6769959926605225,1.0,0.6,0.6428571428571429,0.0,0.003346665077014359,28,10,10,18,0,12
B,1,9201,lasso,20.0,,3957.955545358188,-1.8902546811278822,1.0320062637329102,1.0,0.26666666666666666,0.4444444444444444,0.0,0.004602864674679582,18,10,10,8,0,22
B,1,9201,lasso,50.0,,4212.170391941118,-2.0814151615610936,0.6956968307495117,0.5,0.0,0.0,0.5,0.11641896539008778,5,10,5,0,5,30
B,1,9201,lasso,100.0,,4381.761598564409,-2.1762273195112463,0.6055338382720947,0.2,0.0,0.0,0.8,0.16239709094275107,2,10,2,0,8,30
B,1,9201,lasso,200.0,,4381.691496863988,-2.176121881023729,0.5011169910430908,0.2,0.0,0.0,0.8,0.1620339836184615,2,10,2,0,8,30
B,1,9201,enet,1.0,0.5,4056.1003213747445,-1.8969358372659135,0.6106412410736084,1.0,0.9333333333333333,0.7368421052631579,0.0,0.005606602359316029,38,10,10,28,0,2
B,1,9201,enet,2.0,0.5,4049.420312973777,-1.895813844462084,0.6086888313293457,1.0,0.9,0.7297297297297297,0.0,0.005360508154811568,37,10,10,27,0,3
B,1,9201,enet,5.0,0.5,4050.9007678486414,-1.8928961829694702,0.6372690200805664,1.0,0.9,0.7297297297297297,0.0,0.004754644135570506,37,10,10,27,0,3
B,1,9201,enet,10.0,0.5,4042.1593819903137,-1.889530782182729,0.6566627025604248,1.0,0.8333333333333334,0.7142857142857143,0.0,0.004175307212039731,35,10,10,25,0,5
B,1,9201,enet,20.0,0.5,4019.0024247879737,-1.8896082064026194,0.771826982498169,1.0,0.6333333333333333,0.6551724137931034,0.0,0.004549276260565034,29,10,10,19,0,11
B,1,9201,enet,50.0,0.5,4087.3254274479473,-1.9872744320503326,0.7042977809906006,1.0,0.1,0.23076923076923078,0.0,0.047763762895348096,13,10,10,3,0,27
B,1,9201,enet,100.0,0.5,4270.916283032889,-2.113362457136301,0.7670986652374268,0.4,0.0,0.0,0.6,0.13313489080969926,4,10,4,0,6,30
B,1,9201,enet,200.0,0.5,4381.8417284033085,-2.176246612899269,0.5338785648345947,0.2,0.0,0.0,0.8,0.1622578130858006,2,10,2,0,8,30
B,2,9202,none,0.0,,2572.886625800413,-1.1879856406802998,1.063772439956665,1.0,1.0,0.75,0.0,0.006064230655512911,40,10,10,30,0,0
B,2,9202,lasso,1.0,,2572.9505733718006,-1.1876699880421433,1.0813298225402832,1.0,1.0,0.75,0.0,0.006064203810275627,40,10,10,30,0,0
B,2,9202,lasso,2.0,,2573.118485439394,-1.1874066981315365,1.1174583435058594,1.0,1.0,0.75,0.0,0.006073081938539835,40,10,10,30,0,0
B,2,9202,lasso,5.0,,2553.304367110545,-1.186999733007889,1.1674020290374756,1.0,0.9,0.7297297297297297,0.0,0.006165475059785463,37,10,10,27,0,3
B,2,9202,lasso,10.0,,2542.155624673515,-1.1874063786181286,1.2118432521820068,1.0,0.8,0.7058823529411765,0.0,0.006417416283867728,34,10,10,24,0,6
B,2,9202,lasso,20.0,,2509.478129115566,-1.1904834126381818,1.486567735671997,1.0,0.6,0.6428571428571429,0.0,0.007376244535212777,28,10,10,18,0,12
B,2,9202,lasso,50.0,,2474.834193074651,-1.2091151677367529,1.2262375354766846,0.9,0.3333333333333333,0.5263157894736842,0.1,0.011797953380985335,19,10,9,10,1,20
B,2,9202,lasso,100.0,,2465.192793575178,-1.2276966340851354,1.1968042850494385,0.6,0.23333333333333334,0.5384615384615384,0.4,0.015377998306286706,13,10,6,7,4,23
B,2,9202,lasso,200.0,,2448.8216308152023,-1.2422179737985175,1.415346384048462,0.6,0.03333333333333333,0.14285714285714285,0.4,0.015525441092907962,7,10,6,1,4,29
B,2,9202,enet,1.0,0.5,2572.9089536830766,-1.1878387338174785,1.0824532508850098,1.0,1.0,0.75,0.0,0.006068451435912163,40,10,10,30,0,0
B,2,9202,enet,2.0,0.5,2572.961002261188,-1.1877069079911176,1.0941102504730225,1.0,1.0,0.75,0.0,0.006075386574612284,40,10,10,30,0,0
B,2,9202,enet,5.0,0.5,2559.4614394139535,-1.1873914625528752,1.1117982864379883,1.0,0.9333333333333333,0.7368421052631579,0.0,0.006116550848814965,38,10,10,28,0,2
B,2,9202,enet,10.0,0.5,2553.4670845677783,-1.1872733467226138,1.1794002056121826,1.0,0.9,0.7297297297297297,0.0,0.00623546278113594,37,10,10,27,0,3
B,2,9202,enet,20.0,0.5,2542.6887182667074,-1.188073104929914,1.2374382019042969,1.0,0.8,0.7058823529411765,0.0,0.006570946919794606,34,10,10,24,0,6
B,2,9202,enet,50.0,0.5,2510.238309619174,-1.195320574404463,1.345618486404419,1.0,0.6,0.6428571428571429,0.0,0.008483075368916366,28,10,10,18,0,12
B,2,9202,enet,100.0,0.5,2477.8637769887973,-1.2116300239022157,1.2257230281829834,0.9,0.3333333333333333,0.5263157894736842,0.1,0.01221612897008365,19,10,9,10,1,20
B,2,9202,enet,200.0,0.5,2466.5904600579156,-1.2294253218341689,1.240217924118042,0.6,0.23333333333333334,0.5384615384615384,0.4,0.015399084612390831,13,10,6,7,4,23
B,4,9204,none,0.0,,5271.215818447287,-2.4913516361821393,4.1395978927612305,1.0,1.0,0.75,0.0,0.002384629156584342,40,10,10,30,0,0
B,4,9204,lasso,1.0,,5271.326341395251,-2.490210922410126,4.129347801208496,1.0,1.0,0.75,0.0,0.0022298668631238923,40,10,10,30,0,0
B,4,9204,lasso,2.0,,5271.608627275473,-2.489358225349576,4.055444240570068,1.0,1.0,0.75,0.0,0.002122667172045332,40,10,10,30,0,0
B,4,9204,lasso,5.0,,5245.336410363412,-2.487297239146712,3.830770254135132,1.0,0.8666666666666667,0.7222222222222222,0.0,0.0018082368245259813,36,10,10,26,0,4
B,4,9204,lasso,10.0,,5214.314942004706,-2.485559861332032,3.57612943649292,1.0,0.7,0.6774193548387096,0.0,0.0018522374133828037,31,10,10,21,0,9
B,4,9204,lasso,20.0,,5190.6816744391635,-2.486524273632987,3.2282633781433105,1.0,0.5333333333333333,0.6153846153846154,0.0,0.0029236422601320116,26,10,10,16,0,14
B,4,9204,lasso,50.0,,5167.891158486909,-2.5046224530034977,3.183655023574829,1.0,0.23333333333333334,0.4117647058823529,0.0,0.008273982904191764,17,10,10,7,0,23
B,4,9204,lasso,100.0,,5243.8370065300405,-2.566084791966084,3.614590644836426,0.9,0.06666666666666667,0.18181818181818182,0.1,0.02145131364210328,11,10,9,2,1,28
B,4,9204,lasso,200.0,,5399.132320466786,-2.6497788997312037,2.3708419799804688,0.6,0.0,0.0,0.4,0.030906214253253114,6,10,6,0,4,30
B,4,9204,enet,1.0,0.5,5271.271342733899,-2.4907438995104116,4.133751392364502,1.0,1.0,0.75,0.0,0.002305442459726308,40,10,10,30,0,0
B,4,9204,enet,2.0,0.5,5271.379746315968,-2.4901912261426706,4.069029808044434,1.0,1.0,0.75,0.0,0.0022382648045386764,40,10,10,30,0,0
B,4,9204,enet,5.0,0.5,5265.108502169308,-2.4890192568784864,4.006654977798462,1.0,0.9666666666666667,0.7435897435897436,0.0,0.002121023926518931,39,10,10,29,0,1
B,4,9204,enet,10.0,0.5,5245.925717144041,-2.4874992615695355,3.739304304122925,1.0,0.8666666666666667,0.7222222222222222,0.0,0.0019208153626709822,36,10,10,26,0,4
B,4,9204,enet,20.0,0.5,5223.304479698184,-2.4871801009392827,3.422682046890259,1.0,0.7333333333333334,0.6875,0.0,0.002377397487448765,32,10,10,22,0,8
B,4,9204,enet,50.0,0.5,5197.750115742655,-2.492816937260937,3.3302254676818848,1.0,0.5,0.6,0.0,0.004944007051190146,25,10,10,15,0,15
B,4,9204,enet,100.0,0.5,5188.086763438729,-2.51540815399557,3.3658571243286133,1.0,0.2,0.375,0.0,0.010739369195734417,16,10,10,6,0,24
B,4,9204,enet,200.0,0.5,5279.821170632083,-2.5823613230162126,3.4330363273620605,0.9,0.06666666666666667,0.18181818181818182,0.1,0.02341701105665113,11,10,9,2,1,28
B,1,9301,none,0.0,,4046.598724844158,-1.9249617372654655,0.7388155460357666,1.0,1.0,0.75,0.0,0.0034251323789803163,40,10,10,30,0,0
B,1,9301,lasso,1.0,,4033.0469266999844,-1.9235577725251753,0.7198419570922852,1.0,0.9333333333333333,0.7368421052631579,0.0,0.002988565459246969,38,10,10,28,0,2
B,1,9301,lasso,2.0,,4019.87658288737,-1.922347759092653,0.7193124294281006,1.0,0.8666666666666667,0.7222222222222222,0.0,0.002631129847459137,36,10,10,26,0,4
B,1,9301,lasso,5.0,,4017.0081065095787,-1.91983680289912,0.890822172164917,1.0,0.8333333333333334,0.7142857142857143,0.0,0.0019833471233844904,35,10,10,25,0,5
B,1,9301,lasso,10.0,,3966.9738704517385,-1.922179119823732,0.6995301246643066,1.0,0.5333333333333333,0.6153846153846154,0.0,0.002317710822066054,26,10,10,16,0,14
B,1,9301,lasso,20.0,,3942.7432570336505,-1.9367367829827868,0.9060349464416504,1.0,0.26666666666666666,0.4444444444444444,0.0,0.006892183450344631,18,10,10,8,0,22
B,1,9301,lasso,50.0,,4125.859353509164,-2.0797717474447346,0.8601925373077393,0.6,0.0,0.0,0.4,0.10518443125730188,6,10,6,0,4,30
B,1,9301,lasso,100.0,,4345.747917461414,-2.20627264156999,0.28275370597839355,0.2,0.0,0.0,0.8,0.16457522631230792,2,10,2,0,8,30
B,1,9301,lasso,200.0,,4345.300792679241,-2.2057442929672133,0.9483120441436768,0.2,0.0,0.0,0.8,0.16395318731002775,2,10,2,0,8,30
B,1,9301,enet,1.0,0.5,4032.941829672818,-1.9244563997936097,0.7433249950408936,1.0,0.9333333333333333,0.7368421052631579,0.0,0.0032010958147497175,38,10,10,28,0,2
B,1,9301,enet,2.0,0.5,4033.2725260818625,-1.9238623823351508,0.7404394149780273,1.0,0.9333333333333333,0.7368421052631579,0.0,0.002976822442998468,38,10,10,28,0,2
B,1,9301,enet,5.0,0.5,4021.467692934263,-1.9230097101388026,0.9714443683624268,1.0,0.8666666666666667,0.7222222222222222,0.0,0.0025812731716148224,36,10,10,26,0,4
B,1,9301,enet,10.0,0.5,4014.7618189676937,-1.9250548404297292,0.7876651287078857,1.0,0.8,0.7058823529411765,0.0,0.0027304248324531823,34,10,10,24,0,6
B,1,9301,enet,20.0,0.5,3979.691758149697,-1.9337926872424938,0.9777374267578125,1.0,0.5333333333333333,0.6153846153846154,0.0,0.00517428036749473,26,10,10,16,0,14
B,1,9301,enet,50.0,0.5,4048.8784889745257,-2.012859241214975,0.8745505809783936,1.0,0.1,0.23076923076923078,0.0,0.053706652277301634,13,10,10,3,0,27
B,1,9301,enet,100.0,0.5,4251.238239707691,-2.1489090411230105,0.4011068344116211,0.6,0.0,0.0,0.4,0.13449038677581407,6,10,6,0,4,30
B,1,9301,enet,200.0,0.5,4345.381877127174,-2.2059089802483625,0.349531888961792,0.2,0.0,0.0,0.8,0.16409689711858133,2,10,2,0,8,30
B,2,9302,none,0.0,,2520.2747356344057,-1.095182515191198,1.5367121696472168,1.0,1.0,0.75,0.0,0.0011596163942647806,40,10,10,30,0,0
B,2,9302,lasso,1.0,,2520.345582531506,-1.0948625184080722,2.1319518089294434,1.0,1.0,0.75,0.0,0.0010606511924136199,40,10,10,30,0,0
B,2,9302,lasso,2.0,,2506.735310291684,-1.0945911445658711,1.8100206851959229,1.0,0.9333333333333333,0.7368421052631579,0.0,0.0009728929794245538,38,10,10,28,0,2
B,2,9302,lasso,5.0,,2480.1066525863052,-1.0938291562655729,1.5699598789215088,1.0,0.8,0.7058823529411765,0.0,0.0007949837689231089,34,10,10,24,0,6
B,2,9302,lasso,10.0,,2469.233382675111,-1.0933066528921018,1.543602466583252,1.0,0.7333333333333334,0.6875,0.0,0.0006286143067718612,32,10,10,22,0,8
B,2,9302,lasso,20.0,,2450.9518899046266,-1.0954538803199894,1.5963752269744873,1.0,0.6,0.6428571428571429,0.0,0.0007419082237544838,28,10,10,18,0,12
B,2,9302,lasso,50.0,,2428.337485584141,-1.1121647096599732,1.8945302963256836,0.9,0.3333333333333333,0.5263157894736842,0.1,0.003604336889421751,19,10,9,10,1,20
B,2,9302,lasso,100.0,,2431.20008179604,-1.1339763511721437,1.7739522457122803,0.7,0.13333333333333333,0.36363636363636365,0.3,0.008002934746267997,11,10,7,4,3,26
B,2,9302,lasso,200.0,,2428.94336797448,-1.1367295079873354,1.841775894165039,0.6,0.06666666666666667,0.25,0.4,0.00822477609393596,8,10,6,2,4,28
B,2,9302,enet,1.0,0.5,2520.2970683384565,-1.0949995616249908,1.5444817543029785,1.0,1.0,0.75,0.0,0.0011053228416439723,40,10,10,30,0,0
B,2,9302,enet,2.0,0.5,2520.3591311301475,-1.0948469874637403,2.044670820236206,1.0,1.0,0.75,0.0,0.0010550897582360455,40,10,10,30,0,0
B,2,9302,enet,5.0,0.5,2500.0334116102704,-1.0944880306298832,1.7386398315429688,1.0,0.9,0.7297297297297297,0.0,0.0009272498295902897,37,10,10,27,0,3
B,2,9302,enet,10.0,0.5,2480.3622589496863,-1.0938782405513061,1.544402837753296,1.0,0.8,0.7058823529411765,0.0,0.0007900026568678782,34,10,10,24,0,6
B,2,9302,enet,20.0,0.5,2470.1106445484006,-1.0936557298817624,1.5181598663330078,1.0,0.7333333333333334,0.6875,0.0,0.0006592448327883963,32,10,10,22,0,8
B,2,9302,enet,50.0,0.5,2432.401660371212,-1.0991368071508407,1.7330636978149414,1.0,0.4666666666666667,0.5833333333333334,0.0,0.001255047608732856,24,10,10,14,0,16
B,2,9302,enet,100.0,0.5,2435.34852420929,-1.1150813558284582,2.006228446960449,0.9,0.3333333333333333,0.5263157894736842,0.1,0.004127148523648837,19,10,9,10,1,20
B,2,9302,enet,200.0,0.5,2433.2148991160975,-1.1342893287776163,1.8616032600402832,0.7,0.13333333333333333,0.36363636363636365,0.3,0.008062386874741109,11,10,7,4,3,26
B,4,9304,none,0.0,,5107.019246553538,-2.4965803788641168,4.6757378578186035,1.0,1.0,0.75,0.0,0.003484096268703979,40,10,10,30,0,0
B,4,9304,lasso,1.0,,5094.091475051536,-2.4930863208881835,4.5390846729278564,1.0,0.9333333333333333,0.7368421052631579,0.0,0.0026732758279619916,38,10,10,28,0,2
B,4,9304,lasso,2.0,,5088.425017215657,-2.4908110292425927,4.3028717041015625,1.0,0.9,0.7297297297297297,0.0,0.0021048585021945718,37,10,10,27,0,3
B,4,9304,lasso,5.0,,5070.769742523239,-2.4878445790723642,4.093934535980225,1.0,0.8,0.7058823529411765,0.0,0.0014130752536273437,34,10,10,24,0,6
B,4,9304,lasso,10.0,,5048.1130984035735,-2.4871191526616876,3.6924078464508057,1.0,0.6666666666666667,0.6666666666666666,0.0,0.0013508789096224978,30,10,10,20,0,10
B,4,9304,lasso,20.0,,5022.802621280974,-2.4911701166915483,3.649329900741577,1.0,0.5,0.6,0.0,0.002609081543692701,25,10,10,15,0,15
B,4,9304,lasso,50.0,,5010.403175508496,-2.5159123476568404,3.811049222946167,0.9,0.3,0.5,0.1,0.008442849148020683,18,10,9,9,1,21
B,4,9304,lasso,100.0,,5003.509124954401,-2.518937221681362,3.284391403198242,0.8,0.03333333333333333,0.1111111111111111,0.2,0.010971704151771596,9,10,8,1,2,29
B,4,9304,lasso,200.0,,5256.35530817736,-2.598336365428899,3.0411128997802734,0.8,0.0,0.0,0.2,0.02377365496870981,8,10,8,0,2,30
B,4,9304,enet,1.0,0.5,5107.258371328306,-2.495177955730009,4.9890618324279785,1.0,1.0,0.75,0.0,0.003142511765125748,40,10,10,30,0,0
B,4,9304,enet,2.0,0.5,5101.063946548144,-2.49299649312754,4.581253528594971,1.0,0.9333333333333333,0.7368421052631579,0.0,0.0026427692270420875,38,10,10,28,0,2
B,4,9304,enet,5.0,0.5,5082.110388161345,-2.490279804828275,4.378172159194946,1.0,0.8666666666666667,0.7222222222222222,0.0,0.001941752197613306,36,10,10,26,0,4
B,4,9304,enet,10.0,0.5,5078.382710632953,-2.4883833937113087,3.848349094390869,1.0,0.8333333333333334,0.7142857142857143,0.0,0.0014912120463170116,35,10,10,25,0,5
B,4,9304,enet,20.0,0.5,5049.615036416569,-2.487662039459425,3.555985927581787,1.0,0.6666666666666667,0.6666666666666666,0.0,0.001606018242312029,30,10,10,20,0,10
B,4,9304,enet,50.0,0.5,5026.296255862265,-2.4958393070405114,3.8489303588867188,1.0,0.4666666666666667,0.5833333333333334,0.0,0.004122820516704066,24,10,10,14,0,16
B,4,9304,enet,100.0,0.5,5039.555435421218,-2.5140569908879407,3.914555549621582,1.0,0.3333333333333333,0.5,0.0,0.009032826540591041,20,10,10,10,0,20
B,4,9304,enet,200.0,0.5,5059.246418551181,-2.5292868151786823,3.2437827587127686,0.8,0.06666666666666667,0.2,0.2,0.013340847922332798,10,10,8,2,2,28
B,1,9401,none,0.0,,3962.0835863970065,-1.9499036346684322,0.6767430305480957,1.0,1.0,0.75,0.0,0.005931922027712939,40,10,10,30,0,0
B,1,9401,lasso,1.0,,3955.332522212968,-1.9479845114191279,0.6602234840393066,1.0,0.9666666666666667,0.7435897435897436,0.0,0.0055879976474751914,39,10,10,29,0,1
B,1,9401,lasso,2.0,,3941.9679097984363,-1.9462001765371195,0.6640079021453857,1.0,0.9,0.7297297297297297,0.0,0.005278146612714434,37,10,10,27,0,3
B,1,9401,lasso,5.0,,3924.256399998531,-1.9417388516572711,0.6390390396118164,1.0,0.8,0.7058823529411765,0.0,0.004573870035027941,34,10,10,24,0,6
B,1,9401,lasso,10.0,,3898.3848068323227,-1.9377362384091283,0.6499724388122559,1.0,0.6333333333333333,0.6551724137931034,0.0,0.004195923079444611,29,10,10,19,0,11
B,1,9401,lasso,20.0,,3848.554105653572,-1.9409223656618224,0.6829133033752441,1.0,0.26666666666666666,0.4444444444444444,0.0,0.005610910973057829,18,10,10,8,0,22
B,1,9401,lasso,50.0,,4140.156405417184,-2.128778827886472,0.5758776664733887,0.5,0.03333333333333333,0.16666666666666666,0.5,0.12137476302979845,6,10,5,1,5,29
B,1,9401,lasso,100.0,,4250.745765557181,-2.193287806324804,0.4295492172241211,0.30000000000000004,0.0,0.0,0.7,0.15091308693000757,3,10,3,0,7,30
B,1,9401,lasso,200.0,,4282.974234949091,-2.2079182076109674,1.035696268081665,0.2,0.0,0.0,0.8,0.16126765722801514,2,10,2,0,8,30
B,1,9401,enet,1.0,0.5,3962.161880524264,-1.949070335705249,0.6493759155273438,1.0,1.0,0.75,0.0,0.0057671900322065275,40,10,10,30,0,0
B,1,9401,enet,2.0,0.5,3962.368811648267,-1.9483211199085169,0.6521224975585938,1.0,1.0,0.75,0.0,0.00562256622717808,40,10,10,30,0,0
B,1,9401,enet,5.0,0.5,3942.9899890532024,-1.946375295979362,0.6825177669525146,1.0,0.9,0.7297297297297297,0.0,0.005284835926465748,37,10,10,27,0,3
B,1,9401,enet,10.0,0.5,3933.735871611261,-1.9444924579375502,0.6560399532318115,1.0,0.8333333333333333,0.7142857142857143,0.0,0.005071644651563578,35,10,10,25,0,5
B,1,9401,enet,20.0,0.5,3902.1385742910543,-1.9456991298843742,0.6430473327636719,1.0,0.6,0.6428571428571429,0.0,0.006040199791547981,28,10,10,18,0,12
B,1,9401,enet,50.0,0.5,3966.8777197463487,-1.999924357916951,0.8672397136688232,1.0,0.23333333333333334,0.4117647058823529,0.0,0.03011251360429973,17,10,10,7,0,23
B,1,9401,enet,100.0,0.5,4170.263830227414,-2.15170231867719,0.6415250301361084,0.4,0.03333333333333333,0.2,0.6,0.13156416654586484,5,10,4,1,6,29
B,1,9401,enet,200.0,0.5,4273.757487450607,-2.202689266572859,0.5358896255493164,0.30000000000000004,0.0,0.0,0.7,0.1565023147099804,3,10,3,0,7,30
B,2,9402,none,0.0,,2495.5112034603085,-1.1177994707427188,1.1394975185394287,1.0,0.9666666666666667,0.7435897435897436,0.0,0.0061772082835578985,39,10,10,29,0,1
B,2,9402,lasso,1.0,,2488.6557602602597,-1.1173485839244204,1.1669182777404785,1.0,0.9666666666666667,0.7435897435897436,0.0,0.006149627989271815,39,10,10,29,0,1
B,2,9402,lasso,2.0,,2488.797081007002,-1.1169555483853393,1.3164308071136475,1.0,0.9666666666666667,0.7435897435897436,0.0,0.006132440688778636,39,10,10,29,0,1
B,2,9402,lasso,5.0,,2475.8902463975082,-1.1160678159894994,1.2482967376708984,1.0,0.8666666666666667,0.7222222222222222,0.0,0.0061030519871640805,36,10,10,26,0,4
B,2,9402,lasso,10.0,,2457.888277084054,-1.115672006893683,1.2500407695770264,1.0,0.8,0.7058823529411765,0.0,0.006218054824175231,34,10,10,24,0,6
B,2,9402,lasso,20.0,,2431.388620645831,-1.1164772138732177,1.337263584136963,1.0,0.6333333333333333,0.6551724137931034,0.0,0.006847199299565455,29,10,10,19,0,11
B,2,9402,lasso,50.0,,2406.0856975523793,-1.1296895849526418,1.3294360637664795,0.9,0.36666666666666664,0.55,0.1,0.010520642891640286,20,10,9,11,1,19
B,2,9402,lasso,100.0,,2396.601758896506,-1.1457166497799367,1.5137853622436523,0.6,0.16666666666666666,0.45454545454545453,0.4,0.01466635086157006,11,10,6,5,4,25
B,2,9402,lasso,200.0,,2376.5306391646627,-1.1522674268365887,1.326916217803955,0.6,0.0,0.0,0.4,0.014872938495023882,6,10,6,0,4,30
B,2,9402,enet,1.0,0.5,2488.6209967762434,-1.117565417219004,1.171692132949829,1.0,0.9666666666666667,0.7435897435897436,0.0,0.00616319343497346,39,10,10,29,0,1
B,2,9402,enet,2.0,0.5,2488.6651158327663,-1.1173504369405651,1.191169023513794,1.0,0.9666666666666667,0.7435897435897436,0.0,0.006153174861611569,39,10,10,29,0,1
B,2,9402,enet,5.0,0.5,2488.951585980367,-1.1167963156672445,1.2643835544586182,1.0,0.9666666666666667,0.7435897435897436,0.0,0.006137470301582364,39,10,10,29,0,1
B,2,9402,enet,10.0,0.5,2469.151554559621,-1.1161265796785915,1.2745654582977295,1.0,0.8666666666666667,0.7222222222222222,0.0,0.0061456391328711096,36,10,10,26,0,4
B,2,9402,enet,20.0,0.5,2458.4843280727882,-1.1160257437353875,1.2910315990447998,1.0,0.8,0.7058823529411765,0.0,0.006306417297201624,34,10,10,24,0,6
B,2,9402,enet,50.0,0.5,2432.797224100707,-1.1192018703025073,1.4077467918395996,1.0,0.6000000000000001,0.6428571428571429,0.0,0.007649347500838628,28,10,10,18,0,12
B,2,9402,enet,100.0,0.5,2410.129195958486,-1.1313836700991862,1.3633627891540527,0.9,0.36666666666666664,0.55,0.1,0.010940351749432042,20,10,9,11,1,19
B,2,9402,enet,200.0,0.5,2398.2163980406863,-1.146164471727853,1.3730292320251465,0.6,0.16666666666666666,0.45454545454545453,0.4,0.014683579411073767,11,10,6,5,4,25
B,4,9404,none,0.0,,5155.928124114014,-2.5079269547440353,4.560248374938965,1.0,0.9666666666666667,0.7435897435897436,0.0,0.002017019557600656,39,10,10,29,0,1
B,4,9404,lasso,1.0,,5142.056327855492,-2.5068437783713056,4.561995983123779,1.0,0.9333333333333333,0.7368421052631579,0.0,0.0019269603555673912,38,10,10,28,0,2
B,4,9404,lasso,2.0,,5128.329992700058,-2.5060131668432013,4.521807432174683,1.0,0.8666666666666667,0.7222222222222222,0.0,0.0019077819506689818,36,10,10,26,0,4
B,4,9404,lasso,5.0,,5094.759128508377,-2.50408824011902,4.392017126083374,1.0,0.7,0.6774193548387096,0.0,0.0020330196238731286,31,10,10,21,0,9
B,4,9404,lasso,10.0,,5089.645215253153,-2.5021798092334695,4.351186275482178,1.0,0.6333333333333333,0.6551724137931034,0.0,0.0023695820231663246,29,10,10,19,0,11
B,4,9404,lasso,20.0,,5069.071453110525,-2.498827872396232,4.232975721359253,1.0,0.5333333333333333,0.6153846153846154,0.0,0.0032152582916320444,26,10,10,16,0,14
B,4,9404,lasso,50.0,,5054.161665880383,-2.501643663744825,3.868861436843872,1.0,0.26666666666666666,0.4444444444444444,0.0,0.006715657778601538,18,10,10,8,0,22
B,4,9404,lasso,100.0,,5095.38678195026,-2.5410202804135387,3.4234585762023926,1.0,0.03333333333333333,0.09090909090909091,0.0,0.015331489198374364,11,10,10,1,0,29
B,4,9404,lasso,200.0,,5349.751770784601,-2.6993495860635246,2.781545400619507,0.7,0.0,0.0,0.3,0.03168868882784332,7,10,7,0,3,30
B,4,9404,enet,1.0,0.5,5142.076181028422,-2.507225543950033,4.569185733795166,1.0,0.9333333333333333,0.7368421052631579,0.0,0.001967425942206885,38,10,10,28,0,2
B,4,9404,enet,2.0,0.5,5142.082889765333,-2.50668757107864,4.547683000564575,1.0,0.9333333333333333,0.7368421052631579,0.0,0.0019320087498443449,38,10,10,28,0,2
B,4,9404,enet,5.0,0.5,5128.535024272782,-2.5053485439698893,4.514539957046509,1.0,0.8333333333333333,0.7142857142857143,0.0,0.0019412719166931186,35,10,10,25,0,5
B,4,9404,enet,10.0,0.5,5102.045078309747,-2.503777452333735,4.387875556945801,1.0,0.7,0.6774193548387096,0.0,0.0021425946395845813,31,10,10,21,0,9
B,4,9404,enet,20.0,0.5,5084.004426943396,-2.5018888852871095,4.288404941558838,1.0,0.6333333333333333,0.6551724137931034,0.0,0.002652817438853448,29,10,10,19,0,11
B,4,9404,enet,50.0,0.5,5080.617016150306,-2.5000237409014714,4.099836111068726,1.0,0.5333333333333333,0.6153846153846154,0.0,0.0047568426973026295,26,10,10,16,0,14
B,4,9404,enet,100.0,0.5,5072.000561000295,-2.5104983683595057,3.498112678527832,1.0,0.26666666666666666,0.4444444444444444,0.0,0.00893686389263915,18,10,10,8,0,22
B,4,9404,enet,200.0,0.5,5139.609813921242,-2.5643469771449663,3.413546323776245,1.0,0.03333333333333333,0.09090909090909091,0.0,0.01833229671763525,11,10,10,1,0,29
B,1,9501,none,0.0,,4018.908114092217,-1.9106409798221997,0.7667529582977295,1.0,1.0,0.75,0.0,0.004264753464609522,40,10,10,30,0,0
B,1,9501,lasso,1.0,,4018.921025237012,-1.9091239965298332,0.8054032325744629,1.0,1.0,0.75,0.0,0.0038606624649821964,40,10,10,30,0,0
B,1,9501,lasso,2.0,,4012.5706619117186,-1.9076303717673908,0.8534917831420898,1.0,0.9666666666666667,0.7435897435897436,0.0,0.0035377048990148287,39,10,10,29,0,1
B,1,9501,lasso,5.0,,4009.451289565968,-1.904084106371276,0.803436279296875,1.0,0.9333333333333333,0.7368421052631579,0.0,0.0028297978519715413,38,10,10,28,0,2
B,1,9501,lasso,10.0,,3937.8673132743124,-1.9009683025851978,0.921818733215332,1.0,0.5333333333333333,0.6153846153846154,0.0,0.0026784267425078072,26,10,10,16,0,14
B,1,9501,lasso,20.0,,3905.792199340151,-1.912869398752214,0.7312121391296387,1.0,0.16666666666666666,0.3333333333333333,0.0,0.00855805848334651,15,10,10,5,0,25
B,1,9501,lasso,50.0,,4194.00752541819,-2.092484254190179,0.47627687454223633,0.4,0.0,0.0,0.6,0.13113861878591912,4,10,4,0,6,30
B,1,9501,lasso,100.0,,4324.299634864509,-2.1372105628068194,0.45960116386413574,0.30000000000000004,0.0,0.0,0.7,0.16143642758288296,3,10,3,0,7,30
B,1,9501,lasso,200.0,,4328.85515936052,-2.1424440991915983,0.5498878955841064,0.2,0.0,0.0,0.8,0.16387138787478753,2,10,2,0,8,30
B,1,9501,enet,1.0,0.5,4018.817085650391,-1.9098400883576685,0.7950165271759033,1.0,1.0,0.75,0.0,0.004044240192791106,40,10,10,30,0,0
B,1,9501,enet,2.0,0.5,4019.072385876687,-1.909014076968819,0.8311460018157959,1.0,1.0,0.75,0.0,0.003878455134011075,40,10,10,30,0,0
B,1,9501,enet,5.0,0.5,4013.7554615018307,-1.9068519796453152,0.847703218460083,1.0,0.9666666666666667,0.7435897435897436,0.0,0.003498409723086919,39,10,10,29,0,1
B,1,9501,enet,10.0,0.5,4012.5110733111205,-1.9046038632780762,0.8353080749511719,1.0,0.9333333333333333,0.7368421052631579,0.0,0.0032699192716641933,38,10,10,28,0,2
B,1,9501,enet,20.0,0.5,3962.6518372391056,-1.9046633262428159,1.0085315704345703,1.0,0.6,0.6428571428571429,0.0,0.004509006774198313,28,10,10,18,0,12
B,1,9501,enet,50.0,0.5,3991.0807203089594,-1.9649728301580112,1.1640491485595703,1.0,0.03333333333333333,0.09090909090909091,0.0,0.040589240720241816,11,10,10,1,0,29
B,1,9501,enet,100.0,0.5,4217.5344287279895,-2.099845573650077,0.7382538318634033,0.4,0.0,0.0,0.6,0.13871373937835024,4,10,4,0,6,30
B,1,9501,enet,200.0,0.5,4333.8075203289745,-2.1416143205872427,0.4246866703033447,0.30000000000000004,0.0,0.0,0.7,0.16377316482367982,3,10,3,0,7,30
B,2,9502,none,0.0,,2480.669072776768,-1.1327110575664219,1.2610199451446533,1.0,0.9666666666666667,0.7435897435897436,0.0,0.0018020289554375112,39,10,10,29,0,1
B,2,9502,lasso,1.0,,2466.897739095152,-1.1319046576740805,1.2938611507415771,1.0,0.9333333333333333,0.7368421052631579,0.0,0.001662719707490902,38,10,10,28,0,2
B,2,9502,lasso,2.0,,2460.144886386407,-1.1311836108566296,1.3124330043792725,1.0,0.9,0.7297297297297297,0.0,0.0015349031650472111,37,10,10,27,0,3
B,2,9502,lasso,5.0,,2447.3693835542767,-1.1294795498359098,1.3895161151885986,1.0,0.8,0.7058823529411765,0.0,0.0012034247335610273,34,10,10,24,0,6
B,2,9502,lasso,10.0,,2430.233599110123,-1.127952914784391,1.3596415519714355,1.0,0.7333333333333334,0.6875,0.0,0.0007960615842335239,32,10,10,22,0,8
B,2,9502,lasso,20.0,,2398.533350838163,-1.1282056092478874,1.4257490634918213,1.0,0.5333333333333333,0.6153846153846154,0.0,0.00044859099008172273,26,10,10,16,0,14
B,2,9502,lasso,50.0,,2381.015296333091,-1.1480976643265541,1.519230842590332,1.0,0.2,0.375,0.0,0.002938134779825257,16,10,10,6,0,24
B,2,9502,lasso,100.0,,2396.715668225935,-1.1834028133479828,1.4992425441741943,0.7,0.03333333333333333,0.125,0.3,0.007887566555930908,8,10,7,1,3,29
B,2,9502,lasso,200.0,,2393.9498180519136,-1.1969079020648643,1.583031177520752,0.6,0.0,0.0,0.4,0.007997108113699653,6,10,6,0,4,30
B,2,9502,enet,1.0,0.5,2466.8645794267686,-1.1322584083260372,1.2795629501342773,1.0,0.9333333333333333,0.7368421052631579,0.0,0.0017190821127718997,38,10,10,28,0,2
B,2,9502,enet,2.0,0.5,2466.9133651908533,-1.1318248487159008,1.285365104675293,1.0,0.9333333333333333,0.7368421052631579,0.0,0.0016403099433279923,38,10,10,28,0,2
B,2,9502,enet,5.0,0.5,2460.350609485864,-1.1306997620912265,1.3150575160980225,1.0,0.9,0.7297297297297297,0.0,0.0014250842197563846,37,10,10,27,0,3
B,2,9502,enet,10.0,0.5,2447.706758856252,-1.1292940042657853,1.375765323638916,1.0,0.8333333333333333,0.7142857142857143,0.0,0.001124587659796072,35,10,10,25,0,5
B,2,9502,enet,20.0,0.5,2431.4497088968405,-1.1280291670743954,1.368788719177246,1.0,0.7333333333333334,0.6875,0.0,0.0007066304505414523,32,10,10,22,0,8
B,2,9502,enet,50.0,0.5,2396.264278676124,-1.131771377012572,1.3664770126342773,1.0,0.4666666666666667,0.5833333333333334,0.0,0.0006403519933937382,24,10,10,14,0,16
B,2,9502,enet,100.0,0.5,2392.3640966947337,-1.1544616477724217,1.5835535526275635,1.0,0.2,0.375,0.0,0.0037915222049016394,16,10,10,6,0,24
B,2,9502,enet,200.0,0.5,2398.2498030544452,-1.184869551986181,1.5662994384765625,0.7,0.03333333333333333,0.125,0.3,0.007911276098315875,8,10,7,1,3,29
B,4,9504,none,0.0,,5167.160650151112,-2.475521994161587,8.656480312347412,1.0,1.0,0.75,0.0,0.007012100523617569,40,10,10,30,0,0
B,4,9504,lasso,1.0,,5167.423555179643,-2.463839822364303,8.942574262619019,1.0,1.0,0.75,0.0,0.005879138936712934,40,10,10,30,0,0
B,4,9504,lasso,2.0,,5167.346472683833,-2.463358893850582,10.25308084487915,1.0,1.0,0.75,0.0,0.006977370656385694,40,10,10,30,0,0
B,4,9504,lasso,5.0,,5150.069073923593,-2.45279358517233,9.253171682357788,1.0,0.9,0.7297297297297297,0.0,0.005340146891895816,37,10,10,27,0,3
B,4,9504,lasso,10.0,,5117.394549834918,-2.43378480229664,4.845901966094971,1.0,0.7,0.6774193548387096,0.0,0.0026945754528170185,31,10,10,21,0,9
B,4,9504,lasso,20.0,,5094.390745831126,-2.437264616134659,7.646012306213379,1.0,0.5333333333333333,0.6153846153846154,0.0,0.004323217211077602,26,10,10,16,0,14
B,4,9504,lasso,50.0,,5105.950847862256,-2.4620155063770426,6.197841167449951,1.0,0.33333333333333337,0.5,0.0,0.010786787795336846,20,10,10,10,0,20
B,4,9504,lasso,100.0,,5183.111888835674,-2.562772420223968,4.963930130004883,0.7,0.13333333333333333,0.36363636363636365,0.3,0.025478392941099534,11,10,7,4,3,26
B,4,9504,lasso,200.0,,5237.766281337121,-2.616283875892137,4.889122486114502,0.6,0.0,0.0,0.4,0.028567204859008533,6,10,6,0,4,30
B,4,9504,enet,1.0,0.5,5167.148871737292,-2.4683932461354234,8.39980959892273,1.0,1.0,0.75,0.0,0.006395438551669298,40,10,10,30,0,0
B,4,9504,enet,2.0,0.5,5167.338426322294,-2.463254364793539,8.779635667800903,1.0,1.0,0.75,0.0,0.00597157594905578,40,10,10,30,0,0
B,4,9504,enet,5.0,0.5,5161.12238355943,-2.459590429785081,10.162192344665527,1.0,0.9666666666666667,0.7435897435897436,0.0,0.006531289998531992,39,10,10,29,0,1
B,4,9504,enet,10.0,0.5,5151.4780908786615,-2.4522611315448457,9.165062665939331,1.0,0.9,0.7297297297297297,0.0,0.0054639959423471015,37,10,10,27,0,3
B,4,9504,enet,20.0,0.5,5127.083157963836,-2.438661769663006,4.934791564941406,1.0,0.7333333333333334,0.6875,0.0,0.004007912676172381,32,10,10,22,0,8
B,4,9504,enet,50.0,0.5,5108.527548950954,-2.449764646891771,4.530982971191406,1.0,0.5333333333333333,0.6153846153846154,0.0,0.007776559053367352,26,10,10,16,0,14
B,4,9504,enet,100.0,0.5,5127.277591177608,-2.4840504913524173,3.82930588722229,1.0,0.33333333333333337,0.5,0.0,0.015003919978928247,20,10,10,10,0,20
B,4,9504,enet,200.0,0.5,5226.36891865152,-2.5912216216686943,3.3604586124420166,0.7,0.13333333333333333,0.36363636363636365,0.3,0.026728560804003244,11,10,7,4,3,26
B,1,9601,none,0.0,,4075.9276941564513,-1.9741298788694932,0.6355020999908447,1.0,1.0,0.75,0.0,0.006589709907229582,40,10,10,30,0,0
B,1,9601,lasso,1.0,,4069.1823423521246,-1.9716350221298649,0.7198371887207031,1.0,0.9666666666666667,0.7435897435897436,0.0,0.006161914711757971,39,10,10,29,0,1
B,1,9601,lasso,2.0,,4062.775622396695,-1.9691671050388169,0.8622117042541504,1.0,0.9333333333333333,0.7368421052631579,0.0,0.00577704595928319,38,10,10,28,0,2
B,1,9601,lasso,5.0,,4038.348075092302,-1.9625053130997618,0.7313370704650879,1.0,0.8,0.7058823529411765,0.0,0.004817633803195741,34,10,10,24,0,6
B,1,9601,lasso,10.0,,4007.8678925549693,-1.9567581022710787,0.7416763305664062,1.0,0.6,0.6428571428571429,0.0,0.004413774835157481,28,10,10,18,0,12
B,1,9601,lasso,20.0,,3970.107989876876,-1.9586630212261984,0.7471034526824951,1.0,0.26666666666666666,0.4444444444444444,0.0,0.006513989749129355,18,10,10,8,0,22
B,1,9601,lasso,50.0,,4273.085960563628,-2.1459810241395325,0.42092370986938477,0.4,0.0,0.0,0.6,0.1417954070777261,4,10,4,0,6,30
B,1,9601,lasso,100.0,,4345.596060669325,-2.191635253050892,0.4175376892089844,0.30000000000000004,0.0,0.0,0.7,0.1637278759613658,3,10,3,0,7,30
B,1,9601,lasso,200.0,,4342.6148404144815,-2.192982798815072,0.3624567985534668,0.2,0.0,0.0,0.8,0.16408949491240066,2,10,2,0,8,30
B,1,9601,enet,1.0,0.5,4076.0345395776094,-1.9729698227404802,0.6533441543579102,1.0,1.0,0.75,0.0,0.006418373736866573,40,10,10,30,0,0
B,1,9601,enet,2.0,0.5,4069.3814699527593,-1.9718825229409753,0.8689417839050293,1.0,0.9666666666666667,0.7435897435897436,0.0,0.0062698732460639665,39,10,10,29,0,1
B,1,9601,enet,5.0,0.5,4050.225108927203,-1.9687310704445302,0.7564120292663574,1.0,0.8666666666666667,0.7222222222222222,0.0,0.005933497882371529,36,10,10,26,0,4
B,1,9601,enet,10.0,0.5,4048.2010116240913,-1.964482248181165,0.7651257514953613,1.0,0.8333333333333334,0.7142857142857143,0.0,0.005649153459686619,35,10,10,25,0,5
B,1,9601,enet,20.0,0.5,4025.9036439283323,-1.9624956595085516,0.7504360675811768,1.0,0.6333333333333333,0.6551724137931034,0.0,0.0069868632336585355,29,10,10,19,0,11
B,1,9601,enet,50.0,0.5,4071.988219728203,-2.0203568763483792,1.0482943058013916,1.0,0.1,0.23076923076923078,0.0,0.03923026278239813,13,10,10,3,0,27
B,1,9601,enet,100.0,0.5,4286.14461667648,-2.1575171535895885,0.39693450927734375,0.30000000000000004,0.0,0.0,0.7,0.14818804430725496,3,10,3,0,7,30
B,1,9601,enet,200.0,0.5,4342.976441032945,-2.193759082201125,0.45183825492858887,0.2,0.0,0.0,0.8,0.1646553894509289,2,10,2,0,8,30
B,2,9602,none,0.0,,2330.4132153158707,-1.1393437293868984,1.3001418113708496,1.0,1.0,0.75,0.0,0.0009223117915077379,40,10,10,30,0,0
B,2,9602,lasso,1.0,,2330.4657519380053,-1.139168902588649,1.2231531143188477,1.0,1.0,0.75,0.0,0.0008873976189535907,40,10,10,30,0,0
B,2,9602,lasso,2.0,,2323.7251550189358,-1.1390667654264968,1.2772586345672607,1.0,0.9666666666666667,0.7435897435897436,0.0,0.0008626014199474795,39,10,10,29,0,1
B,2,9602,lasso,5.0,,2310.901710046316,-1.1389975629538476,1.2426412105560303,1.0,0.9,0.7297297297297297,0.0,0.0008354899153832809,37,10,10,27,0,3
B,2,9602,lasso,10.0,,2286.152707137528,-1.139748668152438,1.5882799625396729,1.0,0.7666666666666666,0.696969696969697,0.0,0.0008987887558675396,33,10,10,23,0,7
B,2,9602,lasso,20.0,,2238.5591122759583,-1.14205518712484,1.3768079280853271,1.0,0.5,0.6,0.0,0.0013051709396486532,25,10,10,15,0,15
B,2,9602,lasso,50.0,,2231.665380751868,-1.1547892197303327,1.5483109951019287,0.9,0.3333333333333333,0.5263157894736842,0.1,0.0042005662949971545,19,10,9,10,1,20
B,2,9602,lasso,100.0,,2236.043617564119,-1.1687334828965539,1.7878766059875488,0.6,0.23333333333333334,0.5384615384615384,0.4,0.00800370471253186,13,10,6,7,4,23
B,2,9602,lasso,200.0,,2213.0779330199393,-1.1694199387705524,1.991711139678955,0.6,0.03333333333333333,0.14285714285714285,0.4,0.008015792738498532,7,10,6,1,4,29
B,2,9602,enet,1.0,0.5,2330.4267600303237,-1.1392394696488555,1.297213077545166,1.0,1.0,0.75,0.0,0.000903452098603341,40,10,10,30,0,0
B,2,9602,enet,2.0,0.5,2330.4750065904345,-1.1391538261362912,1.3708860874176025,1.0,1.0,0.75,0.0,0.0008873968538009468,40,10,10,30,0,0
B,2,9602,enet,5.0,0.5,2310.076464671136,-1.1390150997322648,1.3887367248535156,1.0,0.9,0.7297297297297297,0.0,0.0008571423595153294,37,10,10,27,0,3
B,2,9602,enet,10.0,0.5,2311.114281530843,-1.1390217949704697,1.4518167972564697,1.0,0.9,0.7297297297297297,0.0,0.0008501568455699244,37,10,10,27,0,3
B,2,9602,enet,20.0,0.5,2286.849371991748,-1.1399704929268155,1.6418566703796387,1.0,0.7666666666666666,0.696969696969697,0.0,0.0009536194478377323,33,10,10,23,0,7
B,2,9602,enet,50.0,0.5,2247.184898934122,-1.1452113593894269,1.5264713764190674,1.0,0.5,0.6,0.0,0.001961539076048625,25,10,10,15,0,15
B,2,9602,enet,100.0,0.5,2231.182833402384,-1.1571412469639502,1.807182788848877,0.8,0.3333333333333333,0.5555555555555556,0.2,0.004743302318412487,18,10,8,10,2,20
B,2,9602,enet,200.0,0.5,2237.070863957963,-1.1691728336611373,1.87709641456604,0.6,0.23333333333333334,0.5384615384615384,0.4,0.008006042143133696,13,10,6,7,4,23
B,4,9604,none,0.0,,5165.138028328991,-2.4600036020102216,5.1644837856292725,1.0,1.0,0.75,0.0,0.0036393569799935193,40,10,10,30,0,0
B,4,9604,lasso,1.0,,5165.204971689333,-2.4575774874746203,5.038287162780762,1.0,1.0,0.75,0.0,0.002962094452909513,40,10,10,30,0,0
B,4,9604,lasso,2.0,,5165.573887252185,-2.455262948837662,4.984025239944458,1.0,1.0,0.75,0.0,0.002381557307010733,40,10,10,30,0,0
B,4,9604,lasso,5.0,,5140.361056543399,-2.450570637608311,4.7740678787231445,1.0,0.8666666666666667,0.7222222222222222,0.0,0.0012997457647968204,36,10,10,26,0,4
B,4,9604,lasso,10.0,,5118.232600955402,-2.4483025634750204,4.5250403881073,1.0,0.7333333333333334,0.6875,0.0,0.000846320424070443,32,10,10,22,0,8
B,4,9604,lasso,20.0,,5095.518551401371,-2.4458531324352024,4.0193352699279785,1.0,0.5666666666666667,0.6296296296296297,0.0,0.001133380570407284,27,10,10,17,0,13
B,4,9604,lasso,50.0,,5073.261000399705,-2.453282864483986,4.353635787963867,1.0,0.3,0.47368421052631576,0.0,0.004340540123648462,19,10,10,9,0,21
B,4,9604,lasso,100.0,,5136.341409681925,-2.4980422213880633,4.2558753490448,0.9,0.1,0.25,0.1,0.015117863859826924,12,10,9,3,1,27
B,4,9604,lasso,200.0,,5297.301180287235,-2.566775025770619,2.6908745765686035,0.8,0.0,0.0,0.2,0.02592063953640657,8,10,8,0,2,30
B,4,9604,enet,1.0,0.5,5151.34028114747,-2.4586357248962187,5.1297218799591064,1.0,0.9333333333333333,0.7368421052631579,0.0,0.0032374624687367235,38,10,10,28,0,2
B,4,9604,enet,2.0,0.5,5165.259495832639,-2.4572969377000216,5.072879314422607,1.0,1.0,0.75,0.0,0.002875894673162221,40,10,10,30,0,0
B,4,9604,enet,5.0,0.5,5159.22773160347,-2.453705006058414,4.989172458648682,1.0,0.9666666666666667,0.7435897435897436,0.0,0.0019964677834315675,39,10,10,29,0,1
B,4,9604,enet,10.0,0.5,5148.073803863188,-2.4503428646163643,4.705684423446655,1.0,0.9,0.7297297297297297,0.0,0.0012306545220284386,37,10,10,27,0,3
B,4,9604,enet,20.0,0.5,5120.238347969006,-2.4486729056374363,4.3474438190460205,1.0,0.7333333333333334,0.6875,0.0,0.0009821227229288199,32,10,10,22,0,8
B,4,9604,enet,50.0,0.5,5086.320385991417,-2.4491571168479314,3.595834732055664,1.0,0.4666666666666667,0.5833333333333334,0.0,0.0023880176989763665,24,10,10,14,0,16
B,4,9604,enet,100.0,0.5,5098.036333518836,-2.461839329599192,4.089400768280029,1.0,0.3333333333333333,0.5,0.0,0.006361267044181564,20,10,10,10,0,20
B,4,9604,enet,200.0,0.5,5176.81372313094,-2.5115745777612317,3.0974695682525635,0.9,0.13333333333333333,0.3076923076923077,0.1,0.016999189437287725,13,10,9,4,1,26
B,1,9701,none,0.0,,4024.200429428794,-1.927707058400283,1.132472276687622,1.0,1.0,0.75,0.0,0.0047440439477607725,40,10,10,30,0,0
B,1,9701,lasso,1.0,,3996.4582960591224,-1.9266665389945197,1.1543331146240234,1.0,0.8666666666666667,0.7222222222222222,0.0,0.004246280844115557,36,10,10,26,0,4
B,1,9701,lasso,2.0,,3996.9130547168133,-1.9250782732570546,1.1599133014678955,1.0,0.8666666666666667,0.7222222222222222,0.0,0.003845417286303162,36,10,10,26,0,4
B,1,9701,lasso,5.0,,3999.8868413861064,-1.9219152425663584,1.2063958644866943,1.0,0.8666666666666667,0.7222222222222222,0.0,0.0028419354051387137,36,10,10,26,0,4
B,1,9701,lasso,10.0,,3967.20431382283,-1.9219502711402365,1.4535517692565918,1.0,0.6666666666666667,0.6666666666666666,0.0,0.0022660319505365943,30,10,10,20,0,10
B,1,9701,lasso,20.0,,3903.9859919018986,-1.9261232598106144,0.8784210681915283,1.0,0.1,0.23076923076923078,0.0,0.009130835597691506,13,10,10,3,0,27
B,1,9701,lasso,50.0,,4168.937545386245,-2.0985760014138495,0.8575923442840576,0.6,0.0,0.0,0.4,0.11788562051762873,6,10,6,0,4,30
B,1,9701,lasso,100.0,,4312.784299690871,-2.1734612495703534,0.2924160957336426,0.2,0.0,0.0,0.8,0.16579711406541936,2,10,2,0,8,30
B,1,9701,lasso,200.0,,4313.586009602961,-2.1733853101191114,0.5749702453613281,0.2,0.0,0.0,0.8,0.16644169816447446,2,10,2,0,8,30
B,1,9701,enet,1.0,0.5,4010.198670386817,-1.9273746043243767,1.1810150146484375,1.0,0.9,0.7297297297297297,0.0,0.004413689109240437,37,10,10,27,0,3
B,1,9701,enet,2.0,0.5,3996.590513206177,-1.9264823767275967,1.1856448650360107,1.0,0.8666666666666667,0.7222222222222222,0.0,0.0041592239615625545,36,10,10,26,0,4
B,1,9701,enet,5.0,0.5,3998.0083850991114,-1.9241986869648358,1.2179226875305176,1.0,0.8666666666666667,0.7222222222222222,0.0,0.003546439206256515,36,10,10,26,0,4
B,1,9701,enet,10.0,0.5,3988.4598561827434,-1.9231910164790837,1.336587905883789,1.0,0.8,0.7058823529411765,0.0,0.0028277923869036363,34,10,10,24,0,6
B,1,9701,enet,20.0,0.5,3966.0736980838788,-1.9221887465947483,0.9762365818023682,1.0,0.5,0.6,0.0,0.006428093762420784,25,10,10,15,0,15
B,1,9701,enet,50.0,0.5,4005.6371697543423,-1.9923574905704504,1.2629122734069824,1.0,0.03333333333333333,0.09090909090909091,0.0,0.05262766935436061,11,10,10,1,0,29
B,1,9701,enet,100.0,0.5,4240.225234142801,-2.135752838276054,0.7509560585021973,0.6,0.0,0.0,0.4,0.1378934165707088,6,10,6,0,4,30
B,1,9701,enet,200.0,0.5,4313.239558123342,-2.1733903665523333,0.2582557201385498,0.2,0.0,0.0,0.8,0.16612055967447686,2,10,2,0,8,30
B,2,9702,none,0.0,,2827.7536271542162,-1.117611938309098,1.456399917602539,1.0,1.0,0.75,0.0,0.0009512694474518642,40,10,10,30,0,0
B,2,9702,lasso,1.0,,2820.8991795074576,-1.1171698023521839,1.3784363269805908,1.0,0.9333333333333333,0.7368421052631579,0.0,0.0008965222613785894,38,10,10,28,0,2
B,2,9702,lasso,2.0,,2814.1563759033897,-1.1167207595714215,1.5194923877716064,1.0,0.9333333333333333,0.7368421052631579,0.0,0.0008507343763793739,38,10,10,28,0,2
B,2,9702,lasso,5.0,,2808.4597354949137,-1.1157224986408087,1.5809059143066406,1.0,0.9,0.7297297297297297,0.0,0.0007613403855788516,37,10,10,27,0,3
B,2,9702,lasso,10.0,,2784.643226812607,-1.1157345051552205,1.7442622184753418,1.0,0.7666666666666666,0.696969696969697,0.0,0.0007749816095242324,33,10,10,23,0,7
B,2,9702,lasso,20.0,,2726.174990290374,-1.1191470728223718,1.5390336513519287,1.0,0.4333333333333333,0.5652173913043478,0.0,0.0014313491414187456,23,10,10,13,0,17
B,2,9702,lasso,50.0,,2718.011261112699,-1.1390318983609569,2.07741117477417,0.8,0.26666666666666666,0.5,0.2,0.006195110337154496,16,10,8,8,2,22
B,2,9702,lasso,100.0,,2713.0221448057678,-1.146909128523627,1.9904789924621582,0.6,0.2,0.5,0.4,0.007937234081849516,12,10,6,6,4,24
B,2,9702,lasso,200.0,,2701.4779717530605,-1.1577239659800895,2.0452957153320312,0.6,0.03333333333333333,0.14285714285714285,0.4,0.008006969499190747,7,10,6,1,4,29
B,2,9702,enet,1.0,0.5,2827.7698591039625,-1.1173975184333318,1.452383041381836,1.0,1.0,0.75,0.0,0.0009228876815115627,40,10,10,30,0,0
B,2,9702,enet,2.0,0.5,2820.9102738513943,-1.1171743727058252,1.3934755325317383,1.0,0.9333333333333333,0.7368421052631579,0.0,0.0008996029731777815,38,10,10,28,0,2
B,2,9702,enet,5.0,0.5,2807.436901197264,-1.1165671524963137,1.3875465393066406,1.0,0.9,0.7297297297297297,0.0,0.0008427022311317843,37,10,10,27,0,3
B,2,9702,enet,10.0,0.5,2808.710123836784,-1.1158741947189748,1.440507173538208,1.0,0.8666666666666667,0.7222222222222222,0.0,0.0007974161593677496,36,10,10,26,0,4
B,2,9702,enet,20.0,0.5,2785.5166175352906,-1.116299094707892,1.5691230297088623,1.0,0.7666666666666666,0.696969696969697,0.0,0.0008896626825113794,33,10,10,23,0,7
B,2,9702,enet,50.0,0.5,2721.2242155132444,-1.1236323050065395,1.4245617389678955,1.0,0.36666666666666664,0.5238095238095238,0.0,0.002413079594336353,21,10,10,11,0,19
B,2,9702,enet,100.0,0.5,2720.475961607453,-1.140294416135429,2.0489470958709717,0.8,0.26666666666666666,0.5,0.2,0.006465809526173281,16,10,8,8,2,22
B,2,9702,enet,200.0,0.5,2714.582823075805,-1.1477151653529747,1.9598686695098877,0.6,0.2,0.5,0.4,0.007943494541591819,12,10,6,6,4,24
B,4,9704,none,0.0,,5116.106270417815,-2.4317454500530054,5.893026113510132,1.0,1.0,0.75,0.0,0.0059498658893232526,40,10,10,30,0,0
B,4,9704,lasso,1.0,,5116.099159178767,-2.430042387993497,6.673559188842773,1.0,1.0,0.75,0.0,0.005545461545330974,40,10,10,30,0,0
B,4,9704,lasso,2.0,,5116.079605679026,-2.4263117453491208,5.988025903701782,1.0,1.0,0.75,0.0,0.004807428843880597,40,10,10,30,0,0
B,4,9704,lasso,5.0,,5110.404116740883,-2.414804774683397,5.916891574859619,1.0,0.9333333333333333,0.7368421052631579,0.0,0.002587993354936815,38,10,10,28,0,2
B,4,9704,lasso,10.0,,5060.040515550824,-2.415750618844516,5.196609735488892,1.0,0.7,0.6774193548387096,0.0,0.0024448083410054606,31,10,10,21,0,9
B,4,9704,lasso,20.0,,5051.4329978179385,-2.4232585136451927,4.760038137435913,1.0,0.6,0.6428571428571429,0.0,0.0036281813141840224,28,10,10,18,0,12
B,4,9704,lasso,50.0,,5056.047945490664,-2.4745641311005646,3.2303402423858643,1.0,0.3,0.47368421052631576,0.0,0.013975502439597049,19,10,10,9,0,21
B,4,9704,lasso,100.0,,5107.253509963389,-2.5632396627972667,5.401077508926392,0.6,0.13333333333333333,0.4,0.4,0.025370108486116563,10,10,6,4,4,26
B,4,9704,lasso,200.0,,5128.904238424571,-2.5828005905073206,3.982050895690918,0.6,0.0,0.0,0.4,0.02543947545927683,6,10,6,0,4,30
B,4,9704,enet,1.0,0.5,5115.934595203149,-2.4249603844827754,6.291764736175537,1.0,1.0,0.75,0.0,0.004377234902924641,40,10,10,30,0,0
B,4,9704,enet,2.0,0.5,5116.1748641157765,-2.430286537851018,6.076030731201172,1.0,1.0,0.75,0.0,0.005565566504680942,40,10,10,30,0,0
B,4,9704,enet,5.0,0.5,5116.468507169033,-2.4250448525195387,5.985138893127441,1.0,1.0,0.75,0.0,0.004483131819615145,40,10,10,30,0,0
B,4,9704,enet,10.0,0.5,5111.612338459707,-2.42009597855526,5.692874908447266,1.0,0.9666666666666667,0.7435897435897436,0.0,0.00335086092146576,39,10,10,29,0,1
B,4,9704,enet,20.0,0.5,5069.841720899075,-2.4236235741333623,5.076808214187622,1.0,0.7333333333333334,0.6875,0.0,0.003601406744123512,32,10,10,22,0,8
B,4,9704,enet,50.0,0.5,5068.609135034033,-2.4443394299470245,3.833803176879883,1.0,0.6,0.6428571428571429,0.0,0.007439236696569404,28,10,10,18,0,12
B,4,9704,enet,100.0,0.5,5081.035017037848,-2.489619819170431,3.433732032775879,1.0,0.3333333333333333,0.5,0.0,0.016508944921967063,20,10,10,10,0,20
B,4,9704,enet,200.0,0.5,5116.781896693144,-2.56770239534741,4.499292373657227,0.6,0.13333333333333333,0.4,0.4,0.0252115128821193,10,10,6,4,4,26
B,1,9801,none,0.0,,4069.987512066234,-1.9553099814371395,0.6864500045776367,1.0,1.0,0.75,0.0,0.005494933942985104,40,10,10,30,0,0
B,1,9801,lasso,1.0,,4042.6351198202565,-1.953369890284357,0.6975851058959961,1.0,0.8666666666666667,0.7222222222222222,0.0,0.005051233202850944,36,10,10,26,0,4
B,1,9801,lasso,2.0,,4043.2353133616252,-1.9516209838867224,0.6967341899871826,1.0,0.8666666666666667,0.7222222222222222,0.0,0.0046735773631978485,36,10,10,26,0,4
B,1,9801,lasso,5.0,,4012.027915484563,-1.9473373540152203,0.7034001350402832,1.0,0.7,0.6774193548387096,0.0,0.0038430271980435153,31,10,10,21,0,9
B,1,9801,lasso,10.0,,3964.7056441315467,-1.9427242780732232,0.7271275520324707,1.0,0.43333333333333335,0.5652173913043478,0.0,0.003325031266663625,23,10,10,13,0,17
B,1,9801,lasso,20.0,,3973.3388188688914,-1.9403420379173033,0.7251729965209961,1.0,0.33333333333333337,0.5,0.0,0.004489435168462771,20,10,10,10,0,20
B,1,9801,lasso,50.0,,4307.902494281033,-2.1315686909795706,0.8685119152069092,0.5,0.0,0.0,0.5,0.12934195358556527,5,10,5,0,5,30
B,1,9801,lasso,100.0,,4413.336075951215,-2.182755298347485,0.4759674072265625,0.2,0.0,0.0,0.8,0.1650159256235892,2,10,2,0,8,30
B,1,9801,lasso,200.0,,4412.883417012214,-2.1824154852812994,0.41423988342285156,0.2,0.0,0.0,0.8,0.1643749426850762,2,10,2,0,8,30
B,1,9801,enet,1.0,0.5,4063.2413080487095,-1.9543716757434577,0.6920957565307617,1.0,0.9666666666666667,0.7435897435897436,0.0,0.005255838061248835,39,10,10,29,0,1
B,1,9801,enet,2.0,0.5,4042.821441884583,-1.9535190100302593,0.7012081146240234,1.0,0.8666666666666667,0.7222222222222222,0.0,0.005043680271683727,36,10,10,26,0,4
B,1,9801,enet,5.0,0.5,4030.7031869755615,-1.9512847115455867,0.7193546295166016,1.0,0.8,0.7058823529411765,0.0,0.004550657709746919,34,10,10,24,0,6
B,1,9801,enet,10.0,0.5,4015.019964322191,-1.9491822507849095,0.794288158416748,1.0,0.7,0.6774193548387096,0.0,0.004159418217478131,31,10,10,21,0,9
B,1,9801,enet,20.0,0.5,3975.8551156429153,-1.9482512149074134,0.7662670612335205,1.0,0.43333333333333335,0.5652173913043478,0.0,0.0048353314220664755,23,10,10,13,0,17
B,1,9801,enet,50.0,0.5,4057.664170817716,-1.9879416165177082,1.1383717060089111,1.0,0.19999999999999998,0.375,0.0,0.024450862053115703,16,10,10,6,0,24
B,1,9801,enet,100.0,0.5,4341.875681089517,-2.1445067477771516,0.6303350925445557,0.5,0.0,0.0,0.5,0.14062557125689404,5,10,5,0,5,30
B,1,9801,enet,200.0,0.5,4413.354471085898,-2.1827600136756558,0.41675639152526855,0.2,0.0,0.0,0.8,0.1650225454455866,2,10,2,0,8,30
B,2,9802,none,0.0,,2369.2479308044576,-1.207663844994737,2.4361796379089355,1.0,1.0,0.75,0.0,0.0024592655689599785,40,10,10,30,0,0
B,2,9802,lasso,1.0,,2369.322590024738,-1.2066366941803226,2.2896194458007812,1.0,1.0,0.75,0.0,0.0023080883649356796,40,10,10,30,0,0
B,2,9802,lasso,2.0,,2369.5221308840337,-1.205696421410066,2.0754690170288086,1.0,1.0,0.75,0.0,0.00216942527179776,40,10,10,30,0,0
B,2,9802,lasso,5.0,,2363.9433540138957,-1.203222799056602,1.9924814701080322,1.0,0.9666666666666667,0.7435897435897436,0.0,0.0018128714957752967,39,10,10,29,0,1
B,2,9802,lasso,10.0,,2354.525642986893,-1.2000901817349046,1.670656681060791,1.0,0.8666666666666667,0.7222222222222222,0.0,0.0014349117134788865,36,10,10,26,0,4
B,2,9802,lasso,20.0,,2309.924203962037,-1.1977908161012687,1.6146471500396729,1.0,0.6,0.6428571428571429,0.0,0.001427625705760398,28,10,10,18,0,12
B,2,9802,lasso,50.0,,2273.876765922211,-1.212255283697451,1.8754017353057861,0.9,0.23333333333333334,0.4375,0.1,0.005211932327930878,16,10,9,7,1,23
B,2,9802,lasso,100.0,,2286.7390725302807,-1.2210704968437578,1.5961477756500244,0.6,0.2,0.5,0.4,0.008214849021087503,12,10,6,6,4,24
B,2,9802,lasso,200.0,,2270.8590408005834,-1.2230225755534287,1.9652624130249023,0.6,0.03333333333333333,0.14285714285714285,0.4,0.008261083210569228,7,10,6,1,4,29
B,2,9802,enet,1.0,0.5,2369.2744749892454,-1.207090736285078,2.5630109310150146,1.0,1.0,0.75,0.0,0.00237593065607656,40,10,10,30,0,0
B,2,9802,enet,2.0,0.5,2369.3400854947504,-1.2065670731361395,2.207528591156006,1.0,1.0,0.75,0.0,0.002298929733455433,40,10,10,30,0,0
B,2,9802,enet,5.0,0.5,2369.7598621679927,-1.205128403209999,2.2425286769866943,1.0,1.0,0.75,0.0,0.002089343303699885,40,10,10,30,0,0
B,2,9802,enet,10.0,0.5,2364.2636101390062,-1.203072881292284,1.9441196918487549,1.0,0.9666666666666667,0.7435897435897436,0.0,0.0018025495450497183,39,10,10,29,0,1
B,2,9802,enet,20.0,0.5,2355.6936027698266,-1.2001207553318214,1.7322094440460205,1.0,0.8666666666666667,0.7222222222222222,0.0,0.001469325592432713,36,10,10,26,0,4
B,2,9802,enet,50.0,0.5,2288.8585777082026,-1.2004625121522936,1.7043581008911133,1.0,0.4,0.5454545454545454,0.0,0.0021644999845213783,22,10,10,12,0,18
B,2,9802,enet,100.0,0.5,2271.1587585515144,-1.2131129254822604,2.293530225753784,0.8,0.23333333333333334,0.4666666666666667,0.2,0.005541597628974838,15,10,8,7,2,23
B,2,9802,enet,200.0,0.5,2288.1753413235538,-1.2209529545180533,1.6425676345825195,0.6,0.2,0.5,0.4,0.008225481381765614,12,10,6,6,4,24
B,4,9804,none,0.0,,5207.0855026883955,-2.446801792778846,9.85242486000061,1.0,0.9666666666666667,0.7435897435897436,0.0,0.002458224587545776,39,10,10,29,0,1
B,4,9804,lasso,1.0,,5200.194624414205,-2.444430867441574,9.135756731033325,1.0,0.9333333333333333,0.7368421052631579,0.0,0.002368203230177293,38,10,10,28,0,2
B,4,9804,lasso,2.0,,5186.740301061736,-2.4432385217446444,9.094407320022583,1.0,0.9,0.7297297297297297,0.0,0.0021681185391671694,37,10,10,27,0,3
B,4,9804,lasso,5.0,,5174.874867018015,-2.4403031359612886,7.586820125579834,1.0,0.8333333333333334,0.7142857142857143,0.0,0.0019340603863179028,35,10,10,25,0,5
B,4,9804,lasso,10.0,,5146.17050160829,-2.440453671845312,6.881940841674805,1.0,0.6666666666666666,0.6666666666666666,0.0,0.002071948025226143,30,10,10,20,0,10
B,4,9804,lasso,20.0,,5097.58015198301,-2.44855675767692,5.541516065597534,1.0,0.36666666666666664,0.5238095238095238,0.0,0.004120993382114223,21,10,10,11,0,19
B,4,9804,lasso,50.0,,5137.118017109728,-2.5057316986123808,4.091223239898682,1.0,0.26666666666666666,0.4444444444444444,0.0,0.014846618418439773,18,10,10,8,0,22
B,4,9804,lasso,100.0,,5181.1147557319055,-2.5985821958782847,3.663250684738159,0.6,0.1,0.3333333333333333,0.4,0.026166782474681835,9,10,6,3,4,27
B,4,9804,lasso,200.0,,5221.217441042255,-2.6377331803490933,4.0761871337890625,0.6,0.03333333333333333,0.14285714285714285,0.4,0.025509203227491315,7,10,6,1,4,29
B,4,9804,enet,1.0,0.5,5193.350918027832,-2.4438543741522945,8.630317449569702,1.0,0.9333333333333333,0.7368421052631579,0.0,0.0021004256029351007,38,10,10,28,0,2
B,4,9804,enet,2.0,0.5,5207.223389224516,-2.444746433081635,9.185405731201172,1.0,1.0,0.75,0.0,0.0023663020935177125,40,10,10,30,0,0
B,4,9804,enet,5.0,0.5,5180.270231807641,-2.442687218366913,7.738004446029663,1.0,0.8666666666666667,0.7222222222222222,0.0,0.0021125392532769676,36,10,10,26,0,4
B,4,9804,enet,10.0,0.5,5175.836311354028,-2.44224299369166,5.02149510383606,1.0,0.8333333333333334,0.7142857142857143,0.0,0.002095279157993125,35,10,10,25,0,5
B,4,9804,enet,20.0,0.5,5142.112399261846,-2.4441946666443366,4.3440186977386475,1.0,0.6333333333333333,0.6551724137931034,0.0,0.002720981424967078,29,10,10,19,0,11
B,4,9804,enet,50.0,0.5,5092.240672686516,-2.466574065214965,3.6415131092071533,1.0,0.26666666666666666,0.4444444444444444,0.0,0.007287078713651192,18,10,10,8,0,22
B,4,9804,enet,100.0,0.5,5146.51553775824,-2.525387466263575,2.5852692127227783,1.0,0.19999999999999998,0.375,0.0,0.01721891526451716,16,10,10,6,0,24
B,4,9804,enet,200.0,0.5,5185.992539855178,-2.6091375643119283,2.872081756591797,0.6,0.1,0.3333333333333333,0.4,0.02582244874851694,9,10,6,3,4,27
B,1,9901,none,0.0,,4006.649390261051,-1.9674687787997898,0.75215744972229,1.0,1.0,0.75,0.0,0.004634830292615786,40,10,10,30,0,0
B,1,9901,lasso,1.0,,3999.8901510309915,-1.9663981592896902,0.762230634689331,1.0,0.9666666666666667,0.7435897435897436,0.0,0.0044275002161557045,39,10,10,29,0,1
B,1,9901,lasso,2.0,,4000.3232708346277,-1.965478908983079,0.8044476509094238,1.0,0.9666666666666667,0.7435897435897436,0.0,0.004245826114348665,39,10,10,29,0,1
B,1,9901,lasso,5.0,,3975.5694444892165,-1.9632072295436567,0.9094312191009521,1.0,0.8333333333333334,0.7142857142857143,0.0,0.003851128097482682,35,10,10,25,0,5
B,1,9901,lasso,10.0,,3935.4081829342913,-1.9624316990867896,0.9517018795013428,1.0,0.6,0.6428571428571429,0.0,0.0037461918265195068,28,10,10,18,0,12
B,1,9901,lasso,20.0,,3907.219529520198,-1.9656905135249263,0.8881666660308838,1.0,0.3333333333333333,0.5,0.0,0.005222623764449001,20,10,10,10,0,20
B,1,9901,lasso,50.0,,4203.747620568439,-2.1413134923650534,0.5343437194824219,0.7,0.0,0.0,0.3,0.11616424215732246,7,10,7,0,3,30
B,1,9901,lasso,100.0,,4310.79898346083,-2.1951702835057785,0.23628449440002441,0.30000000000000004,0.0,0.0,0.7,0.1541558244760836,3,10,3,0,7,30
B,1,9901,lasso,200.0,,4338.663479208872,-2.2071757481115646,0.2178027629852295,0.2,0.0,0.0,0.8,0.1627204452824937,2,10,2,0,8,30
B,1,9901,enet,1.0,0.5,4006.720694294762,-1.9670825391213256,0.7638435363769531,1.0,1.0,0.75,0.0,0.004559802509645039,40,10,10,30,0,0
B,1,9901,enet,2.0,0.5,4000.000520351271,-1.9667593436601478,0.7743136882781982,1.0,0.9666666666666667,0.7435897435897436,0.0,0.004497119816015145,39,10,10,29,0,1
B,1,9901,enet,5.0,0.5,4001.236233211666,-1.9660824262780074,0.7763338088989258,1.0,0.9666666666666667,0.7435897435897436,0.0,0.004379779148378341,39,10,10,29,0,1
B,1,9901,enet,10.0,0.5,3970.874644384425,-1.9655761138242434,0.8345997333526611,1.0,0.8,0.7058823529411765,0.0,0.004422767087988433,34,10,10,24,0,6
B,1,9901,enet,20.0,0.5,3937.4600454690417,-1.9689131195438017,0.9971733093261719,1.0,0.5666666666666667,0.6296296296296297,0.0,0.005457466707680641,27,10,10,17,0,13
B,1,9901,enet,50.0,0.5,3969.3558128342297,-2.013360967256064,1.182558298110962,1.0,0.1,0.23076923076923078,0.0,0.025787557355510506,13,10,10,3,0,27
B,1,9901,enet,100.0,0.5,4254.313971187892,-2.165332384868924,0.4462621212005615,0.6000000000000001,0.0,0.0,0.4,0.13403954718677172,6,10,6,0,4,30
B,1,9901,enet,200.0,0.5,4333.852382064832,-2.2031430747584317,0.3195681571960449,0.30000000000000004,0.0,0.0,0.7,0.15974494702879105,3,10,3,0,7,30
B,2,9902,none,0.0,,2737.6247760195947,-1.2032985079355567,1.802915334701538,1.0,1.0,0.75,0.0,0.0013485389582260211,40,10,10,30,0,0
B,2,9902,lasso,1.0,,2730.7555949626026,-1.2025647223934073,1.5746066570281982,1.0,0.9666666666666667,0.7435897435897436,0.0,0.0012542103766881687,39,10,10,29,0,1
B,2,9902,lasso,2.0,,2730.912752807551,-1.2018808830549095,1.5609474182128906,1.0,0.9333333333333333,0.7368421052631579,0.0,0.0011741235671694134,38,10,10,28,0,2
B,2,9902,lasso,5.0,,2711.2614815540305,-1.1999547693381794,1.5999221801757812,1.0,0.8666666666666667,0.7222222222222222,0.0,0.0009801261098386286,36,10,10,26,0,4
B,2,9902,lasso,10.0,,2686.953651920438,-1.197768998686823,1.6319832801818848,1.0,0.7,0.6774193548387096,0.0,0.0008301338663677664,31,10,10,21,0,9
B,2,9902,lasso,20.0,,2655.3154833813464,-1.1973982688853162,1.7387831211090088,1.0,0.5333333333333333,0.6153846153846154,0.0,0.0010387184469467265,26,10,10,16,0,14
B,2,9902,lasso,50.0,,2634.4365911041345,-1.2214066866969884,1.7427313327789307,0.9,0.2,0.4,0.1,0.005750822052196762,15,10,9,6,1,24
B,2,9902,lasso,100.0,,2625.9048576659216,-1.235448197128411,2.005882501602173,0.6,0.13333333333333333,0.4,0.4,0.007994561103298726,10,10,6,4,4,26
B,2,9902,lasso,200.0,,2617.6138796310524,-1.2458847059156173,2.3053858280181885,0.6,0.0,0.0,0.4,0.008009788062597032,6,10,6,0,4,30
B,2,9902,enet,1.0,0.5,2737.6303250458077,-1.2028993596434643,1.55759596824646,1.0,1.0,0.75,0.0,0.0012963211868650183,40,10,10,30,0,0
B,2,9902,enet,2.0,0.5,2730.76604434642,-1.202531336882226,1.5737512111663818,1.0,0.9666666666666667,0.7435897435897436,0.0,0.0012508439575708542,39,10,10,29,0,1
B,2,9902,enet,5.0,0.5,2717.3501511195527,-1.2015422673526737,1.609734296798706,1.0,0.9,0.7297297297297297,0.0,0.0011259123351412502,37,10,10,27,0,3
B,2,9902,enet,10.0,0.5,2711.5240490342167,-1.1999026440294203,1.6479835510253906,1.0,0.8666666666666667,0.7222222222222222,0.0,0.000982900309947884,36,10,10,26,0,4
B,2,9902,enet,20.0,0.5,2687.8628929851843,-1.197994366168829,1.6842291355133057,1.0,0.7,0.6774193548387096,0.0,0.0008827469880787416,31,10,10,21,0,9
B,2,9902,enet,50.0,0.5,2651.8442763291637,-1.2011085728409887,1.7167034149169922,1.0,0.4333333333333333,0.5652173913043478,0.0,0.0017556085959066024,23,10,10,13,0,17
B,2,9902,enet,100.0,0.5,2638.4162168270595,-1.2240035052959612,2.2478182315826416,0.9,0.2,0.4,0.1,0.00614180621537152,15,10,9,6,1,24
B,2,9902,enet,200.0,0.5,2627.3723410783277,-1.2363177815767108,2.0784404277801514,0.6,0.13333333333333333,0.4,0.4,0.00797930057487415,10,10,6,4,4,26
B,4,9904,none,0.0,,5144.5968049724615,-2.484906926242773,10.138948202133179,1.0,1.0,0.75,0.0,0.004604538626173275,40,10,10,30,0,0
B,4,9904,lasso,1.0,,5137.616961962265,-2.4819448808609765,8.951611757278442,1.0,0.9666666666666667,0.7435897435897436,0.0,0.0036897151998970053,39,10,10,29,0,1
B,4,9904,lasso,2.0,,5138.161500560371,-2.480360858089131,8.611745834350586,1.0,0.9666666666666667,0.7435897435897436,0.0,0.00305038218842142,39,10,10,29,0,1
B,4,9904,lasso,5.0,,5112.620039517734,-2.477649703171635,9.067847728729248,1.0,0.8333333333333333,0.7142857142857143,0.0,0.0017292304254581847,35,10,10,25,0,5
B,4,9904,lasso,10.0,,5088.784151824886,-2.4756209985923996,8.591654539108276,1.0,0.7,0.6774193548387096,0.0,0.0010998840615863373,31,10,10,21,0,9
B,4,9904,lasso,20.0,,5079.828585096327,-2.4761697296311875,6.611505031585693,1.0,0.6000000000000001,0.6428571428571429,0.0,0.0006096198314895379,28,10,10,18,0,12
B,4,9904,lasso,50.0,,5038.817611625893,-2.4954188475941983,5.3775389194488525,1.0,0.16666666666666666,0.3333333333333333,0.0,0.0033091542618265144,15,10,10,5,0,25
B,4,9904,lasso,100.0,,5130.828162730631,-2.5809601228629973,4.31801700592041,0.9,0.03333333333333333,0.1,0.1,0.014806716702082038,10,10,9,1,1,29
B,4,9904,lasso,200.0,,5312.301683189701,-2.6804513105676664,4.57099723815918,0.6,0.0,0.0,0.4,0.025995806417397693,6,10,6,0,4,30
B,4,9904,enet,1.0,0.5,5144.439637924166,-2.4829174077080416,8.999210357666016,1.0,1.0,0.75,0.0,0.003986658955350857,40,10,10,30,0,0
B,4,9904,enet,2.0,0.5,5137.846625819439,-2.4819701892720194,7.339909553527832,1.0,0.9666666666666667,0.7435897435897436,0.0,0.0035390104564663794,39,10,10,29,0,1
B,4,9904,enet,5.0,0.5,5131.707200909022,-2.4801591608272395,7.235767602920532,1.0,0.9333333333333333,0.7368421052631579,0.0,0.002487944618645118,38,10,10,28,0,2
B,4,9904,enet,10.0,0.5,5120.226013705809,-2.4776523789861993,6.159900665283203,1.0,0.8666666666666667,0.7222222222222222,0.0,0.0015143649868223107,36,10,10,26,0,4
B,4,9904,enet,20.0,0.5,5111.952600218684,-2.4764683791348774,5.535715818405151,1.0,0.8,0.7058823529411765,0.0,0.0008504220348923377,34,10,10,24,0,6
B,4,9904,enet,50.0,0.5,5090.673546624336,-2.481114171909135,5.447582960128784,1.0,0.5666666666666667,0.6296296296296297,0.0,0.0014511606739283252,27,10,10,17,0,13
B,4,9904,enet,100.0,0.5,5065.962355685011,-2.5139684959744586,3.525315999984741,1.0,0.16666666666666666,0.3333333333333333,0.0,0.005964445204325662,15,10,10,5,0,25
B,4,9904,enet,200.0,0.5,5176.314918710462,-2.605136729367142,2.6515719890594482,0.9,0.03333333333333333,0.1,0.1,0.017805147591811534,10,10,9,1,1,29
