example_id,n,rank,K,families,test_ll,is_true_structure,is_equiv_structure
1,500,1,2,student_t + student_t,-1.859315338727653,False,True
1,500,2,2,student_t + gaussian,-1.8625897070658848,True,True
1,500,3,2,student_t + skew_normal,-1.8625910933079504,False,False
1,500,4,2,skew_normal + student_t,-1.869906324940253,False,False
1,500,5,2,gaussian + student_t,-1.8699065362049048,True,True
1,500,6,3,student_t + student_t + gaussian,-1.8715270842649,False,False
1,500,7,3,student_t + gaussian + gaussian,-1.871944938975338,False,False
1,500,8,3,student_t + gaussian + skew_normal,-1.8719459172247146,False,False
1,500,9,3,student_t + skew_normal + gaussian,-1.8719466067739656,False,False
1,500,10,3,student_t + gaussian + student_t,-1.8719924122565803,False,False
1,1000,1,2,student_t + gaussian,-1.8481241383685205,True,True
1,1000,2,2,student_t + skew_normal,-1.8481432108673717,False,False
1,1000,3,2,student_t + student_t,-1.8483743851861971,False,True
1,1000,4,3,student_t + gaussian + student_t,-1.8511603637054488,False,False
1,1000,5,3,student_t + skew_normal + student_t,-1.8511607701120156,False,False
1,1000,6,3,student_t + student_t + student_t,-1.851235313213393,False,False
1,1000,7,3,student_t + student_t + gaussian,-1.851262313077534,False,False
1,1000,8,3,student_t + skew_normal + gaussian,-1.8514365281215044,False,False
1,1000,9,3,student_t + gaussian + gaussian,-1.8514370773034101,False,False
1,1000,10,3,student_t + skew_normal + skew_normal,-1.851439844749646,False,False
1,1500,1,2,student_t + student_t,-1.8572532306280793,False,True
1,1500,2,2,student_t + skew_normal,-1.8572772359991974,False,False
1,1500,3,2,student_t + gaussian,-1.8572775314249015,True,True
1,1500,4,3,student_t + student_t + gaussian,-1.8639840936129182,False,False
1,1500,5,3,student_t + student_t + skew_normal,-1.8639878859053793,False,False
1,1500,6,3,student_t + gaussian + student_t,-1.8640256989146142,False,False
1,1500,7,3,student_t + skew_normal + student_t,-1.8640277510589323,False,False
1,1500,8,3,student_t + skew_normal + skew_normal,-1.8640744914329137,False,False
1,1500,9,3,student_t + skew_normal + gaussian,-1.8640770129811108,False,False
1,1500,10,3,student_t + gaussian + skew_normal,-1.8640775070151971,False,False
2,500,1,2,lognormal + gamma,-1.130700753177958,True,True
2,500,2,2,gamma + lognormal,-1.130700753177958,True,True
2,500,3,2,lognormal + lognormal,-1.1325424520446308,False,False
2,500,4,3,gamma + gamma + lognormal,-1.1420075951990325,False,False
2,500,5,2,inverse_gaussian + lognormal,-1.1450156949119181,False,False
2,500,6,2,lognormal + inverse_gaussian,-1.1450156949119181,False,False
2,500,7,3,lognormal + gamma + inverse_gaussian,-1.1487824209768365,False,False
2,500,8,3,inverse_gaussian + lognormal + lognormal,-1.1513911041654545,False,False
2,500,9,3,gamma + inverse_gaussian + gamma,-1.1523299543393337,False,False
2,500,10,3,gamma + gamma + inverse_gaussian,-1.152329955042,False,False
2,1000,1,2,lognormal + gamma,-1.1031583555688793,True,True
2,1000,2,2,gamma + lognormal,-1.1031583555688793,True,True
2,1000,3,3,gamma + lognormal + lognormal,-1.104444579882896,False,False
2,1000,4,3,lognormal + gamma + gamma,-1.1055958770105656,False,False
2,1000,5,3,gamma + lognormal + gamma,-1.1055958770105656,False,False
2,1000,6,2,lognormal + lognormal,-1.1057082760967392,False,False
2,1000,7,2,inverse_gaussian + lognormal,-1.1085624217922014,False,False
2,1000,8,2,lognormal + inverse_gaussian,-1.1085624217922014,False,False
2,1000,9,3,lognormal + gamma + lognormal,-1.108771591526811,False,False
2,1000,10,3,lognormal + lognormal + gamma,-1.1091514848540291,False,False
2,1500,1,2,gamma + lognormal,-1.110661787170371,True,True
2,1500,2,2,lognormal + lognormal,-1.1109193401020967,False,False
2,1500,3,3,gamma + lognormal + lognormal,-1.1128169497187046,False,False
2,1500,4,3,lognormal + gamma + lognormal,-1.1128169497187046,False,False
2,1500,5,3,inverse_gaussian + lognormal + gamma,-1.1132849283113233,False,False
2,1500,6,3,inverse_gaussian + gamma + gamma,-1.1150575148473385,False,False
2,1500,7,3,gamma + gamma + inverse_gaussian,-1.1150956618953296,False,False
2,1500,8,3,gamma + lognormal + gamma,-1.116621599819605,False,False
2,1500,9,3,gamma + gamma + lognormal,-1.1167085757302577,False,False
2,1500,10,3,lognormal + inverse_gaussian + gamma,-1.1169061601420125,False,False
3,500,1,2,nb2 + nb2,-2.746049064321123,False,True
3,500,2,3,poisson + zip + nb2,-2.7548334805680814,False,False
3,500,3,2,zip + nb2,-2.756400993038706,False,False
3,500,4,2,zip + zip,-2.756603035173016,False,False
3,500,5,2,nb2 + zip,-2.7570064096265354,False,False
3,500,6,3,zip + poisson + poisson,-2.75785229933455,False,False
3,500,7,2,zip + poisson,-2.7590825606708878,False,False
3,500,8,3,poisson + zip + poisson,-2.7592624904132736,False,False
3,500,9,2,poisson + zip,-2.759423734949232,False,False
3,500,10,3,poisson + poisson + zip,-2.760486294214376,False,False
3,1000,1,2,poisson + zip,-2.698202118948724,False,False
3,1000,2,2,zip + poisson,-2.699071452278645,False,False
3,1000,3,2,zip + zip,-2.6994935218677902,False,False
3,1000,4,2,nb2 + nb2,-2.699834935610694,False,True
3,1000,5,3,nb2 + poisson + nb2,-2.700446331848867,False,False
3,1000,6,3,poisson + zip + poisson,-2.70057299460795,False,False
3,1000,7,3,poisson + zip + zip,-2.70095987135935,False,False
3,1000,8,3,zip + poisson + poisson,-2.701085610356203,False,False
3,1000,9,2,zip + nb2,-2.701986754632822,False,False
3,1000,10,3,nb2 + zip + nb2,-2.7025498556250054,False,False
3,1500,1,2,nb2 + nb2,-2.7124492954401265,False,True
3,1500,2,3,zip + nb2 + poisson,-2.72231754247129,False,False
3,1500,3,3,nb2 + zip + poisson,-2.7237540352950305,False,False
3,1500,4,3,poisson + zip + nb2,-2.724290679448216,False,False
3,1500,5,3,nb2 + poisson + zip,-2.7251430132385104,False,False
3,1500,6,3,poisson + nb2 + poisson,-2.729984144323286,False,False
3,1500,7,2,zip + nb2,-2.730755115710527,False,False
3,1500,8,2,nb2 + zip,-2.7314537791351596,False,False
3,1500,9,2,zip + poisson,-2.7315733341069315,False,False
3,1500,10,3,zip + poisson + zip,-2.7323892600196675,False,False
4,500,1,3,zip + poisson + nb2,-2.425462240953658,False,False
4,500,2,2,zip + nb2,-2.426785374795259,False,False
4,500,3,2,zip + poisson,-2.4279659217791303,True,True
4,500,4,2,nb2 + zip,-2.4283919910685174,False,False
4,500,5,2,zip + zip,-2.4292582891294754,False,True
4,500,6,2,poisson + zip,-2.4298129710328356,True,True
4,500,7,3,zip + poisson + poisson,-2.4320757601968888,False,False
4,500,8,3,poisson + nb2 + zip,-2.43314510859123,False,False
4,500,9,3,poisson + poisson + zip,-2.4332136547678602,False,False
4,500,10,3,poisson + zip + poisson,-2.436319998299359,False,False
4,1000,1,2,poisson + zip,-2.4388740121811563,True,True
4,1000,2,2,zip + poisson,-2.4398570256608485,True,True
4,1000,3,2,zip + zip,-2.441001227655571,False,True
4,1000,4,3,zip + nb2 + poisson,-2.4410124936224755,False,False
4,1000,5,3,poisson + nb2 + zip,-2.4423748045538485,False,False
4,1000,6,3,nb2 + zip + poisson,-2.442500781680594,False,False
4,1000,7,3,poisson + poisson + zip,-2.443069536294841,False,False
4,1000,8,2,nb2 + zip,-2.4453201728284677,False,False
4,1000,9,3,poisson + zip + nb2,-2.4469500865040255,False,False
4,1000,10,2,zip + nb2,-2.446962156880112,False,False
4,1500,1,2,zip + poisson,-2.417403060716979,True,True
4,1500,2,2,zip + zip,-2.417702434580624,False,True
4,1500,3,2,poisson + zip,-2.4178799911076374,True,True
4,1500,4,2,nb2 + zip,-2.4181057678267623,False,False
4,1500,5,2,zip + nb2,-2.418197203098969,False,False
4,1500,6,3,nb2 + nb2 + poisson,-2.4190409918364413,False,False
4,1500,7,3,poisson + zip + poisson,-2.4196005843880433,False,False
4,1500,8,3,zip + nb2 + poisson,-2.419634861483483,False,False
4,1500,9,3,zip + poisson + poisson,-2.419657597741335,False,False
4,1500,10,3,poisson + zip + zip,-2.419680855832301,False,False
1,500,1,2,student_t + skew_normal,-1.8944302608059218,False,False
1,500,2,2,student_t + gaussian,-1.8944331302794475,True,True
1,500,3,2,student_t + student_t,-1.8950669145184291,False,True
1,500,4,3,student_t + skew_normal + gaussian,-1.9013397193596906,False,False
1,500,5,3,student_t + gaussian + gaussian,-1.9013403925794363,False,False
1,500,6,3,student_t + gaussian + skew_normal,-1.9013418266140771,False,False
1,500,7,3,student_t + student_t + gaussian,-1.9022429786208734,False,False
1,500,8,3,gaussian + student_t + gaussian,-1.9046344712539842,False,False
1,500,9,3,gaussian + gaussian + student_t,-1.9149100833965538,False,False
1,500,10,2,gaussian + gaussian,-1.9257493358900533,False,False
1,1000,1,2,student_t + gaussian,-1.8593547098506955,True,True
1,1000,2,2,student_t + skew_normal,-1.8593570323875497,False,False
1,1000,3,2,student_t + student_t,-1.8603634907730273,False,True
1,1000,4,3,student_t + gaussian + student_t,-1.8610218943094037,False,False
1,1000,5,3,student_t + gaussian + skew_normal,-1.8610684594227742,False,False
1,1000,6,3,student_t + gaussian + gaussian,-1.8610684675798084,False,False
1,1000,7,3,student_t + skew_normal + gaussian,-1.8610685375090807,False,False
1,1000,8,3,student_t + student_t + gaussian,-1.8625004308968887,False,False
1,1000,9,3,gaussian + gaussian + skew_normal,-1.8686829784871588,False,False
1,1000,10,3,gaussian + gaussian + gaussian,-1.8687056741046295,False,False
1,1500,1,2,student_t + student_t,-1.867993454634727,False,True
1,1500,2,2,student_t + skew_normal,-1.8681593053349745,False,False
1,1500,3,2,student_t + gaussian,-1.8681596740915725,True,True
1,1500,4,3,student_t + gaussian + student_t,-1.8682225990109793,False,False
1,1500,5,3,student_t + skew_normal + student_t,-1.8682241202826941,False,False
1,1500,6,3,student_t + student_t + student_t,-1.869057239896223,False,False
1,1500,7,3,student_t + gaussian + gaussian,-1.8692180285400222,False,False
1,1500,8,3,student_t + skew_normal + gaussian,-1.8692181473653453,False,False
1,1500,9,3,student_t + gaussian + skew_normal,-1.8692187596903522,False,False
1,1500,10,3,student_t + skew_normal + skew_normal,-1.8692188748997771,False,False
2,500,1,2,lognormal + gamma,-1.0863483743843083,True,True
2,500,2,3,gamma + gamma + lognormal,-1.0874865306812345,False,False
2,500,3,2,lognormal + lognormal,-1.08902555636505,False,False
2,500,4,3,gamma + inverse_gaussian + lognormal,-1.089987188352059,False,False
2,500,5,3,gamma + gamma + gamma,-1.0909222633467583,False,False
2,500,6,2,inverse_gaussian + lognormal,-1.09236338259186,False,False
2,500,7,2,lognormal + inverse_gaussian,-1.09236338259186,False,False
2,500,8,3,lognormal + gamma + gamma,-1.0938277717582494,False,False
2,500,9,3,gamma + lognormal + gamma,-1.0938277717582494,False,False
2,500,10,3,gamma + lognormal + inverse_gaussian,-1.0950162275560897,False,False
2,1000,1,2,lognormal + gamma,-1.0088330146077602,True,True
2,1000,2,2,gamma + lognormal,-1.0088330146077602,True,True
2,1000,3,2,lognormal + lognormal,-1.0090384345027088,False,False
2,1000,4,3,gamma + gamma + inverse_gaussian,-1.0099337948091451,False,False
2,1000,5,3,lognormal + lognormal + inverse_gaussian,-1.0104862710531328,False,False
2,1000,6,3,lognormal + inverse_gaussian + gamma,-1.0104865327837584,False,False
2,1000,7,3,lognormal + inverse_gaussian + lognormal,-1.0104901900823962,False,False
2,1000,8,3,lognormal + gamma + inverse_gaussian,-1.0105329317428307,False,False
2,1000,9,3,inverse_gaussian + lognormal + gamma,-1.0105329317612393,False,False
2,1000,10,3,gamma + inverse_gaussian + lognormal,-1.0105329335991144,False,False
2,1500,1,3,lognormal + lognormal + lognormal,-1.1689620156657003,False,False
2,1500,2,2,lognormal + lognormal,-1.1693978366068234,False,False
2,1500,3,2,gamma + lognormal,-1.1695406962553339,True,True
2,1500,4,3,lognormal + lognormal + gamma,-1.1703235115407278,False,False
2,1500,5,3,gamma + lognormal + lognormal,-1.1703235177252649,False,False
2,1500,6,3,gamma + inverse_gaussian + lognormal,-1.1707579654792002,False,False
2,1500,7,3,lognormal + inverse_gaussian + lognormal,-1.1720795575253034,False,False
2,1500,8,3,inverse_gaussian + gamma + lognormal,-1.1724014954370299,False,False
2,1500,9,3,gamma + lognormal + inverse_gaussian,-1.172401501746896,False,False
2,1500,10,3,lognormal + gamma + inverse_gaussian,-1.172401501746896,False,False
3,500,1,2,nb2 + nb2,-2.7126956833779077,False,True
3,500,2,3,poisson + poisson + nb2,-2.728683881000751,False,False
3,500,3,2,nb2 + zip,-2.7315075322153395,False,False
3,500,4,3,poisson + nb2 + poisson,-2.7327089795306874,False,False
3,500,5,3,zip + poisson + poisson,-2.7329708055057917,False,False
3,500,6,2,poisson + zip,-2.7341649713284246,False,False
3,500,7,3,zip + poisson + nb2,-2.735777514170698,False,False
3,500,8,2,zip + zip,-2.735786222668251,False,False
3,500,9,2,zip + nb2,-2.7369925819439875,False,False
3,500,10,3,poisson + nb2 + zip,-2.7395671471050096,False,False
3,1000,1,2,nb2 + nb2,-2.697422106669178,False,True
3,1000,2,3,poisson + nb2 + nb2,-2.70282464559347,False,False
3,1000,3,3,nb2 + nb2 + poisson,-2.7040233443217194,False,False
3,1000,4,3,nb2 + poisson + nb2,-2.704950693003253,False,False
3,1000,5,2,zip + nb2,-2.707137635860404,False,False
3,1000,6,2,nb2 + zip,-2.708217685867841,False,False
3,1000,7,2,zip + poisson,-2.708664478186039,False,False
3,1000,8,2,poisson + zip,-2.7087286348584008,False,False
3,1000,9,2,zip + zip,-2.7088537167767037,False,False
3,1000,10,3,poisson + zip + poisson,-2.711404680596009,False,False
3,1500,1,2,nb2 + nb2,-2.673350428650452,False,True
3,1500,2,3,nb2 + nb2 + zip,-2.6743657120610247,False,False
3,1500,3,3,zip + nb2 + nb2,-2.6747158279355374,False,False
3,1500,4,3,poisson + nb2 + nb2,-2.675478029893377,False,False
3,1500,5,3,nb2 + zip + nb2,-2.6762766985573876,False,False
3,1500,6,3,nb2 + nb2 + poisson,-2.676853631662466,False,False
3,1500,7,3,nb2 + poisson + nb2,-2.6772214353899133,False,False
3,1500,8,3,zip + poisson + poisson,-2.6782957583462594,False,False
3,1500,9,3,poisson + nb2 + poisson,-2.6785754110655895,False,False
3,1500,10,2,zip + poisson,-2.6798057605062575,False,False
4,500,1,2,zip + zip,-2.440153743704813,False,True
4,500,2,3,nb2 + poisson + poisson,-2.4401650157373496,False,False
4,500,3,2,poisson + zip,-2.440387245732664,True,True
4,500,4,2,zip + poisson,-2.4421567759865423,True,True
4,500,5,2,zip + nb2,-2.4428799306993816,False,False
4,500,6,2,nb2 + zip,-2.4429590813213107,False,False
4,500,7,3,zip + poisson + poisson,-2.4460966653822074,False,False
4,500,8,3,zip + poisson + zip,-2.4466264973463008,False,False
4,500,9,3,zip + nb2 + poisson,-2.4466403414584277,False,False
4,500,10,3,poisson + zip + poisson,-2.4469206601762394,False,False
4,1000,1,3,nb2 + poisson + nb2,-2.437592348680242,False,False
4,1000,2,2,poisson + zip,-2.4376484643688165,True,True
4,1000,3,2,zip + poisson,-2.4379814768043335,True,True
4,1000,4,3,poisson + nb2 + zip,-2.438083967801761,False,False
4,1000,5,3,nb2 + poisson + poisson,-2.4382305813921112,False,False
4,1000,6,3,poisson + poisson + zip,-2.438275432227052,False,False
4,1000,7,3,nb2 + nb2 + poisson,-2.4387209132151475,False,False
4,1000,8,2,nb2 + zip,-2.4387974979837526,False,False
4,1000,9,2,zip + nb2,-2.438805213260302,False,False
4,1000,10,3,zip + poisson + poisson,-2.438819489483525,False,False
4,1500,1,2,zip + poisson,-2.4522010004135195,True,True
4,1500,2,2,poisson + zip,-2.452253586337539,True,True
4,1500,3,2,zip + zip,-2.452393851459271,False,True
4,1500,4,3,poisson + poisson + zip,-2.4534988958071478,False,False
4,1500,5,2,nb2 + zip,-2.4536022049624906,False,False
4,1500,6,3,nb2 + poisson + nb2,-2.4540302761477655,False,False
4,1500,7,2,zip + nb2,-2.4540469711961457,False,False
4,1500,8,3,poisson + zip + poisson,-2.454631634592003,False,False
4,1500,9,3,nb2 + nb2 + poisson,-2.4546606513592515,False,False
4,1500,10,3,zip + poisson + poisson,-2.4552282725851073,False,False
1,500,1,2,student_t + gaussian,-1.8287076535692213,True,True
1,500,2,2,student_t + skew_normal,-1.8287084933716944,False,False
1,500,3,2,student_t + student_t,-1.833041734341275,False,True
1,500,4,3,gaussian + student_t + gaussian,-1.845215925166719,False,False
1,500,5,2,skew_normal + student_t,-1.845687892083175,False,False
1,500,6,2,gaussian + student_t,-1.845688199623474,True,True
1,500,7,2,skew_normal + skew_normal,-1.8469771264414663,False,False
1,500,8,2,gaussian + skew_normal,-1.8469771800866424,False,False
1,500,9,2,skew_normal + gaussian,-1.8469773533504503,False,False
1,500,10,2,gaussian + gaussian,-1.8469774232269995,False,False
1,1000,1,2,student_t + gaussian,-1.8578358635020211,True,True
1,1000,2,2,student_t + skew_normal,-1.8578365155943217,False,False
1,1000,3,3,student_t + student_t + gaussian,-1.8604011581210416,False,False
1,1000,4,2,student_t + student_t,-1.8608024309343079,False,True
1,1000,5,3,student_t + skew_normal + gaussian,-1.860936126317698,False,False
1,1000,6,3,student_t + gaussian + skew_normal,-1.8609365489083693,False,False
1,1000,7,3,student_t + gaussian + gaussian,-1.8609366729891377,False,False
1,1000,8,3,student_t + skew_normal + student_t,-1.864310655106916,False,False
1,1000,9,3,student_t + gaussian + student_t,-1.8643108597041864,False,False
1,1000,10,3,gaussian + gaussian + student_t,-1.8728443626821323,False,False
1,1500,1,3,student_t + gaussian + gaussian,-1.8519519458196951,False,False
1,1500,2,3,student_t + gaussian + skew_normal,-1.8519519679365524,False,False
1,1500,3,3,student_t + skew_normal + gaussian,-1.851952396440746,False,False
1,1500,4,3,student_t + skew_normal + skew_normal,-1.8519524411433512,False,False
1,1500,5,2,student_t + gaussian,-1.8520574868079758,True,True
1,1500,6,2,student_t + skew_normal,-1.8520577511587557,False,False
1,1500,7,2,student_t + student_t,-1.8525373324854166,False,True
1,1500,8,3,student_t + student_t + gaussian,-1.8527600482176687,False,False
1,1500,9,3,student_t + student_t + skew_normal,-1.8527603084630722,False,False
1,1500,10,3,student_t + gaussian + student_t,-1.853089487607494,False,False
2,500,1,2,lognormal + lognormal,-1.139980029587449,False,False
2,500,2,2,lognormal + gamma,-1.1400964459928022,True,True
2,500,3,2,gamma + lognormal,-1.1400964459928022,True,True
2,500,4,3,gamma + lognormal + gamma,-1.1471824235422705,False,False
2,500,5,2,inverse_gaussian + lognormal,-1.1528570025306044,False,False
2,500,6,2,lognormal + inverse_gaussian,-1.1528570025306044,False,False
2,500,7,3,gamma + gamma + inverse_gaussian,-1.1575575411817187,False,False
2,500,8,3,inverse_gaussian + inverse_gaussian + lognormal,-1.1580214418207553,False,False
2,500,9,3,gamma + lognormal + inverse_gaussian,-1.1589962136488252,False,False
2,500,10,3,inverse_gaussian + gamma + lognormal,-1.158996214847095,False,False
2,1000,1,2,lognormal + gamma,-1.118474083312487,True,True
2,1000,2,2,gamma + lognormal,-1.118474083312487,True,True
2,1000,3,2,lognormal + lognormal,-1.1186211407541469,False,False
2,1000,4,3,gamma + gamma + gamma,-1.1212981580084829,False,False
2,1000,5,3,gamma + lognormal + gamma,-1.1228524501891464,False,False
2,1000,6,3,gamma + gamma + lognormal,-1.1239292253932698,False,False
2,1000,7,3,lognormal + gamma + lognormal,-1.1248928401799834,False,False
2,1000,8,3,gamma + lognormal + lognormal,-1.1248928401799834,False,False
2,1000,9,3,lognormal + lognormal + gamma,-1.1248928490570425,False,False
2,1000,10,3,lognormal + inverse_gaussian + lognormal,-1.1260967559518062,False,False
2,1500,1,2,lognormal + gamma,-1.1808745538097973,True,True
2,1500,2,2,gamma + lognormal,-1.1808753061369244,True,True
2,1500,3,2,lognormal + lognormal,-1.182003496169614,False,False
2,1500,4,3,inverse_gaussian + gamma + lognormal,-1.1838366230295352,False,False
2,1500,5,3,lognormal + gamma + inverse_gaussian,-1.1840635797784367,False,False
2,1500,6,3,gamma + lognormal + inverse_gaussian,-1.184229896126307,False,False
2,1500,7,3,lognormal + lognormal + inverse_gaussian,-1.1851027794590547,False,False
2,1500,8,3,inverse_gaussian + lognormal + lognormal,-1.1852258243544358,False,False
2,1500,9,3,gamma + lognormal + lognormal,-1.1866116891725433,False,False
2,1500,10,2,inverse_gaussian + lognormal,-1.1872442857020329,False,False
3,500,1,2,nb2 + nb2,-2.6977519869753985,False,True
3,500,2,2,zip + nb2,-2.708310129527627,False,False
3,500,3,2,poisson + zip,-2.7097355048848204,False,False
3,500,4,2,nb2 + zip,-2.7100401082663255,False,False
3,500,5,3,poisson + nb2 + nb2,-2.7114861434716557,False,False
3,500,6,2,zip + zip,-2.7124726259861944,False,False
3,500,7,3,zip + poisson + nb2,-2.7138369938118276,False,False
3,500,8,3,nb2 + poisson + zip,-2.716563951966849,False,False
3,500,9,3,poisson + zip + nb2,-2.716901503930585,False,False
3,500,10,3,nb2 + zip + poisson,-2.717722052109659,False,False
3,1000,1,3,nb2 + poisson + nb2,-2.7023937309885997,False,False
3,1000,2,2,nb2 + nb2,-2.7048354731829085,False,True
3,1000,3,3,poisson + poisson + poisson,-2.709828000521852,False,False
3,1000,4,3,poisson + poisson + zip,-2.7140346972933194,False,False
3,1000,5,3,zip + nb2 + poisson,-2.7166523498712,False,False
3,1000,6,3,zip + zip + poisson,-2.7178687396752896,False,False
3,1000,7,3,poisson + poisson + nb2,-2.718426515575403,False,False
3,1000,8,3,poisson + nb2 + zip,-2.7191323220898753,False,False
3,1000,9,3,nb2 + poisson + zip,-2.722696161694874,False,False
3,1000,10,3,zip + poisson + poisson,-2.7237923597361116,False,False
3,1500,1,2,nb2 + nb2,-2.718329102569089,False,True
3,1500,2,3,poisson + nb2 + nb2,-2.7207637206978306,False,False
3,1500,3,3,nb2 + poisson + nb2,-2.72826742151918,False,False
3,1500,4,2,nb2 + zip,-2.7283389430083163,False,False
3,1500,5,2,zip + zip,-2.7284233166590153,False,False
3,1500,6,2,zip + nb2,-2.729894800122075,False,False
3,1500,7,3,poisson + zip + poisson,-2.729945665045412,False,False
3,1500,8,2,poisson + zip,-2.7299702451312036,False,False
3,1500,9,3,poisson + poisson + zip,-2.7300760913746482,False,False
3,1500,10,3,zip + zip + poisson,-2.7301360863951842,False,False
4,500,1,2,nb2 + zip,-2.403929454081995,False,False
4,500,2,2,zip + nb2,-2.4051185890083207,False,False
4,500,3,2,zip + poisson,-2.4051405899917753,True,True
4,500,4,3,zip + poisson + zip,-2.4052506607313258,False,False
4,500,5,2,zip + zip,-2.40537281504066,False,True
4,500,6,2,poisson + zip,-2.405556062118441,True,True
4,500,7,3,poisson + zip + poisson,-2.406398035783759,False,False
4,500,8,3,zip + poisson + poisson,-2.407012181011685,False,False
4,500,9,3,poisson + zip + zip,-2.4077593423334864,False,False
4,500,10,3,poisson + poisson + zip,-2.408215212417679,False,False
4,1000,1,2,nb2 + zip,-2.4258547557702976,False,False
4,1000,2,3,poisson + poisson + nb2,-2.426748039687512,False,False
4,1000,3,3,poisson + nb2 + nb2,-2.4267987433071068,False,False
4,1000,4,2,zip + poisson,-2.4268502653122503,True,True
4,1000,5,2,poisson + zip,-2.427005452814912,True,True
4,1000,6,3,zip + poisson + nb2,-2.427012853818775,False,False
4,1000,7,2,zip + zip,-2.4270900134035984,False,True
4,1000,8,3,nb2 + nb2 + poisson,-2.427407300651607,False,False
4,1000,9,3,poisson + poisson + zip,-2.427853333634435,False,False
4,1000,10,2,zip + nb2,-2.42838748449766,False,False
4,1500,1,3,poisson + nb2 + poisson,-2.4431919429784257,False,False
4,1500,2,2,nb2 + zip,-2.4433298056755666,False,False
4,1500,3,2,zip + poisson,-2.443561410552351,True,True
4,1500,4,2,zip + nb2,-2.4437012242685783,False,False
4,1500,5,2,zip + zip,-2.4437493515441466,False,True
4,1500,6,2,poisson + zip,-2.4437722607155314,True,True
4,1500,7,3,zip + poisson + nb2,-2.4440274138513436,False,False
4,1500,8,3,zip + nb2 + poisson,-2.444204043482627,False,False
4,1500,9,3,poisson + zip + poisson,-2.4448107560045327,False,False
4,1500,10,3,poisson + poisson + zip,-2.4450465494521803,False,False
1,500,1,3,student_t + gaussian + gaussian,-1.874998047014969,False,False
1,500,2,2,student_t + skew_normal,-1.8756622700117382,False,False
1,500,3,2,student_t + gaussian,-1.8756647875743475,True,True
1,500,4,2,student_t + student_t,-1.875676671302365,False,True
1,500,5,3,skew_normal + gaussian + gaussian,-1.8859903622396819,False,False
1,500,6,3,gaussian + gaussian + gaussian,-1.885998530425527,False,False
1,500,7,3,gaussian + skew_normal + gaussian,-1.886003482298298,False,False
1,500,8,3,gaussian + gaussian + skew_normal,-1.8860662278188787,False,False
1,500,9,2,gaussian + skew_normal,-1.8874229133351408,False,False
1,500,10,2,skew_normal + skew_normal,-1.8874229735013894,False,False
1,1000,1,2,student_t + skew_normal,-1.855931549160015,False,False
1,1000,2,2,student_t + gaussian,-1.855934860284086,True,True
1,1000,3,2,student_t + student_t,-1.8559371141056782,False,True
1,1000,4,3,student_t + student_t + gaussian,-1.8638707881527163,False,False
1,1000,5,3,student_t + skew_normal + gaussian,-1.864293079716991,False,False
1,1000,6,3,student_t + gaussian + gaussian,-1.8642931382160173,False,False
1,1000,7,3,student_t + skew_normal + skew_normal,-1.8642933320871502,False,False
1,1000,8,3,student_t + gaussian + skew_normal,-1.8642933807900155,False,False
1,1000,9,3,student_t + skew_normal + student_t,-1.8679031049869368,False,False
1,1000,10,3,student_t + gaussian + student_t,-1.867903233508942,False,False
1,1500,1,2,student_t + student_t,-1.8600467777184817,False,True
1,1500,2,2,student_t + gaussian,-1.8600537487299849,True,True
1,1500,3,2,student_t + skew_normal,-1.8600537692687074,False,False
1,1500,4,3,student_t + skew_normal + gaussian,-1.8631944599978005,False,False
1,1500,5,3,student_t + gaussian + gaussian,-1.8631959202318307,False,False
1,1500,6,3,student_t + skew_normal + skew_normal,-1.863201400083773,False,False
1,1500,7,3,student_t + gaussian + skew_normal,-1.863202824041884,False,False
1,1500,8,3,student_t + gaussian + student_t,-1.8634384570712486,False,False
1,1500,9,3,student_t + skew_normal + student_t,-1.8634408563957974,False,False
1,1500,10,3,student_t + student_t + skew_normal,-1.8635407692709332,False,False
2,500,1,2,lognormal + gamma,-1.191554504085083,True,True
2,500,2,2,lognormal + lognormal,-1.1921400084633238,False,False
2,500,3,3,lognormal + gamma + lognormal,-1.1956058537690755,False,False
2,500,4,3,lognormal + gamma + gamma,-1.199663365530536,False,False
2,500,5,2,inverse_gaussian + lognormal,-1.201843998238419,False,False
2,500,6,2,lognormal + inverse_gaussian,-1.201843998238419,False,False
2,500,7,3,lognormal + gamma + inverse_gaussian,-1.202022548634422,False,False
2,500,8,3,inverse_gaussian + lognormal + lognormal,-1.202774152291989,False,False
2,500,9,3,lognormal + lognormal + gamma,-1.2039124869658178,False,False
2,500,10,3,lognormal + lognormal + lognormal,-1.2075849346146332,False,False
2,1000,1,2,lognormal + lognormal,-1.1340986949906569,False,False
2,1000,2,2,lognormal + gamma,-1.1341299895113506,True,True
2,1000,3,2,gamma + lognormal,-1.1341299895113506,True,True
2,1000,4,3,lognormal + lognormal + lognormal,-1.1350288528400816,False,False
2,1000,5,3,inverse_gaussian + lognormal + lognormal,-1.1358980156395229,False,False
2,1000,6,3,inverse_gaussian + lognormal + gamma,-1.1374637153964755,False,False
2,1000,7,3,lognormal + lognormal + gamma,-1.1384004002554549,False,False
2,1000,8,3,lognormal + gamma + lognormal,-1.1384004029446806,False,False
2,1000,9,3,gamma + lognormal + lognormal,-1.1384004029446806,False,False
2,1000,10,3,lognormal + gamma + gamma,-1.1385244090133217,False,False
2,1500,1,2,lognormal + gamma,-1.139246464554386,True,True
2,1500,2,2,gamma + lognormal,-1.1392466900768636,True,True
2,1500,3,2,lognormal + lognormal,-1.141058723183515,False,False
2,1500,4,3,inverse_gaussian + gamma + lognormal,-1.1447347526443978,False,False
2,1500,5,3,lognormal + inverse_gaussian + gamma,-1.14477267764239,False,False
2,1500,6,3,inverse_gaussian + lognormal + gamma,-1.144777966663637,False,False
2,1500,7,2,inverse_gaussian + lognormal,-1.1466113338972423,False,False
2,1500,8,2,lognormal + inverse_gaussian,-1.1466113338972423,False,False
2,1500,9,3,lognormal + inverse_gaussian + lognormal,-1.147422043082218,False,False
2,1500,10,3,inverse_gaussian + lognormal + lognormal,-1.1475272546401842,False,False
3,500,1,2,nb2 + nb2,-2.7277398290353547,False,True
3,500,2,2,nb2 + zip,-2.7425397993510954,False,False
3,500,3,2,zip + poisson,-2.7429660695967963,False,False
3,500,4,2,zip + nb2,-2.7435988290796756,False,False
3,500,5,2,zip + zip,-2.7436162746141464,False,False
3,500,6,3,poisson + poisson + zip,-2.7436278538307053,False,False
3,500,7,2,poisson + zip,-2.743667850899892,False,False
3,500,8,3,zip + poisson + poisson,-2.7438192877984307,False,False
3,500,9,3,zip + nb2 + nb2,-2.744913235357077,False,False
3,500,10,3,nb2 + nb2 + poisson,-2.7454092555439438,False,False
3,1000,1,2,nb2 + nb2,-2.6723381808013404,False,True
3,1000,2,3,poisson + nb2 + nb2,-2.673284718297591,False,False
3,1000,3,3,nb2 + nb2 + poisson,-2.673625585442252,False,False
3,1000,4,3,nb2 + poisson + nb2,-2.6740358102522137,False,False
3,1000,5,3,zip + zip + nb2,-2.6774529643560343,False,False
3,1000,6,3,poisson + zip + nb2,-2.677687770209525,False,False
3,1000,7,3,nb2 + zip + nb2,-2.6780004498691703,False,False
3,1000,8,3,nb2 + zip + zip,-2.6798573710897755,False,False
3,1000,9,3,poisson + nb2 + zip,-2.6801963467852,False,False
3,1000,10,3,zip + poisson + poisson,-2.6804696630366487,False,False
3,1500,1,2,nb2 + nb2,-2.735718336848845,False,True
3,1500,2,3,nb2 + zip + nb2,-2.7386501515455737,False,False
3,1500,3,3,poisson + nb2 + nb2,-2.7402865072571783,False,False
3,1500,4,3,nb2 + poisson + nb2,-2.740450488746228,False,False
3,1500,5,3,nb2 + nb2 + poisson,-2.7422826789794796,False,False
3,1500,6,3,poisson + poisson + zip,-2.7423478485322526,False,False
3,1500,7,3,zip + poisson + nb2,-2.743271807894749,False,False
3,1500,8,3,poisson + zip + nb2,-2.743565545026381,False,False
3,1500,9,3,poisson + poisson + poisson,-2.7454634044295467,False,False
3,1500,10,3,zip + nb2 + poisson,-2.7471949599497547,False,False
4,500,1,3,zip + poisson + poisson,-2.480657535889269,False,False
4,500,2,3,zip + nb2 + poisson,-2.483092151921733,False,False
4,500,3,3,nb2 + zip + poisson,-2.4861023460856715,False,False
4,500,4,2,zip + zip,-2.486861702734804,False,True
4,500,5,2,poisson + zip,-2.4877352697179016,True,True
4,500,6,3,poisson + zip + poisson,-2.4881720024087772,False,False
4,500,7,2,zip + nb2,-2.4885626196473396,False,False
4,500,8,3,poisson + poisson + zip,-2.490505303015909,False,False
4,500,9,3,poisson + poisson + nb2,-2.491837483580529,False,False
4,500,10,3,nb2 + nb2 + poisson,-2.494244279187306,False,False
4,1000,1,2,poisson + zip,-2.4361157842458474,True,True
4,1000,2,2,zip + zip,-2.4361597029525637,False,True
4,1000,3,2,zip + poisson,-2.4365678897518337,True,True
4,1000,4,3,poisson + nb2 + poisson,-2.43779513385345,False,False
4,1000,5,3,zip + poisson + zip,-2.439038972215893,False,False
4,1000,6,2,zip + nb2,-2.4391502576052613,False,False
4,1000,7,2,nb2 + zip,-2.4391510399274092,False,False
4,1000,8,3,nb2 + poisson + zip,-2.4396803312731627,False,False
4,1000,9,3,poisson + poisson + nb2,-2.4411566648451535,False,False
4,1000,10,3,zip + zip + poisson,-2.441323486848096,False,False
4,1500,1,2,zip + zip,-2.399768838980817,False,True
4,1500,2,2,poisson + zip,-2.4000160425130597,True,True
4,1500,3,3,poisson + poisson + nb2,-2.400572519945017,False,False
4,1500,4,2,nb2 + zip,-2.4009999579372634,False,False
4,1500,5,2,zip + nb2,-2.401078800327056,False,False
4,1500,6,2,zip + poisson,-2.4013897703740983,True,True
4,1500,7,3,poisson + nb2 + zip,-2.401421713604731,False,False
4,1500,8,3,poisson + nb2 + poisson,-2.402168994329707,False,False
4,1500,9,3,poisson + nb2 + nb2,-2.402512212096351,False,False
4,1500,10,3,nb2 + poisson + poisson,-2.4028296427666826,False,False
1,500,1,3,student_t + gaussian + student_t,-1.8785676786550953,False,False
1,500,2,3,student_t + gaussian + gaussian,-1.878571392564431,False,False
1,500,3,3,student_t + skew_normal + gaussian,-1.8785714975724972,False,False
1,500,4,3,student_t + gaussian + skew_normal,-1.8785715043240616,False,False
1,500,5,3,student_t + student_t + gaussian,-1.8788997385476676,False,False
1,500,6,2,student_t + gaussian,-1.8811922423665315,True,True
1,500,7,2,student_t + skew_normal,-1.8811932603030346,False,False
1,500,8,2,student_t + student_t,-1.8813259083841136,False,True
1,500,9,3,gaussian + student_t + gaussian,-1.888010136539777,False,False
1,500,10,2,skew_normal + student_t,-1.9015521731046028,False,False
1,1000,1,2,student_t + gaussian,-1.810097080382866,True,True
1,1000,2,2,student_t + skew_normal,-1.8101032889661546,False,False
1,1000,3,2,student_t + student_t,-1.8101050555007474,False,True
1,1000,4,3,student_t + gaussian + student_t,-1.8133936574796843,False,False
1,1000,5,3,student_t + skew_normal + gaussian,-1.8165104346813066,False,False
1,1000,6,3,student_t + gaussian + gaussian,-1.8165260866902422,False,False
1,1000,7,3,student_t + gaussian + skew_normal,-1.8165301132577976,False,False
1,1000,8,3,student_t + student_t + gaussian,-1.8179963308038085,False,False
1,1000,9,3,gaussian + student_t + gaussian,-1.83702642158869,False,False
1,1000,10,2,skew_normal + gaussian,-1.882541134069187,False,False
1,1500,1,2,student_t + skew_normal,-1.8886354708844653,False,False
1,1500,2,2,student_t + gaussian,-1.8886360344533992,True,True
1,1500,3,2,student_t + student_t,-1.8886938495826593,False,True
1,1500,4,3,gaussian + gaussian + gaussian,-1.8891584202930283,False,False
1,1500,5,3,student_t + student_t + skew_normal,-1.8909327159703018,False,False
1,1500,6,3,student_t + student_t + gaussian,-1.890933160391095,False,False
1,1500,7,3,student_t + skew_normal + gaussian,-1.8910602001717898,False,False
1,1500,8,3,student_t + gaussian + skew_normal,-1.8910603856909225,False,False
1,1500,9,3,student_t + gaussian + gaussian,-1.8910607970393172,False,False
1,1500,10,3,student_t + gaussian + student_t,-1.8911052494142595,False,False
2,500,1,2,lognormal + lognormal,-1.0630651033820013,False,False
2,500,2,2,lognormal + gamma,-1.0640775671064073,True,True
2,500,3,2,gamma + lognormal,-1.0640775671064073,True,True
2,500,4,2,inverse_gaussian + lognormal,-1.070307864410759,False,False
2,500,5,2,lognormal + inverse_gaussian,-1.070307864410759,False,False
2,500,6,3,gamma + lognormal + gamma,-1.075209942872743,False,False
2,500,7,3,gamma + gamma + lognormal,-1.0752099455926831,False,False
2,500,8,3,lognormal + gamma + gamma,-1.0752099512050626,False,False
2,500,9,3,lognormal + lognormal + lognormal,-1.0764560937789054,False,False
2,500,10,3,lognormal + gamma + lognormal,-1.0773520302677109,False,False
2,1000,1,2,lognormal + lognormal,-1.152004090395132,False,False
2,1000,2,2,lognormal + gamma,-1.1520214413274832,True,True
2,1000,3,2,gamma + lognormal,-1.1520214413274832,True,True
2,1000,4,2,inverse_gaussian + lognormal,-1.154614457576502,False,False
2,1000,5,2,lognormal + inverse_gaussian,-1.154614457576502,False,False
2,1000,6,3,lognormal + inverse_gaussian + gamma,-1.160174754978812,False,False
2,1000,7,3,lognormal + lognormal + lognormal,-1.1602026545898836,False,False
2,1000,8,3,gamma + inverse_gaussian + lognormal,-1.1605904183379236,False,False
2,1000,9,3,inverse_gaussian + lognormal + gamma,-1.1607273069379267,False,False
2,1000,10,3,gamma + lognormal + inverse_gaussian,-1.1607273074016558,False,False
2,1500,1,2,lognormal + gamma,-1.1015425550115454,True,True
2,1500,2,2,gamma + lognormal,-1.1015425550115454,True,True
2,1500,3,2,lognormal + lognormal,-1.1028718940892113,False,False
2,1500,4,3,lognormal + gamma + lognormal,-1.1028831930035956,False,False
2,1500,5,3,gamma + lognormal + lognormal,-1.1028831930035956,False,False
2,1500,6,3,lognormal + lognormal + lognormal,-1.1038215498293393,False,False
2,1500,7,3,gamma + lognormal + inverse_gaussian,-1.1057583072679398,False,False
2,1500,8,3,lognormal + gamma + gamma,-1.106659198049246,False,False
2,1500,9,3,gamma + gamma + lognormal,-1.106659214186017,False,False
2,1500,10,3,gamma + lognormal + gamma,-1.10684250600244,False,False
3,500,1,2,nb2 + nb2,-2.702538869647852,False,True
3,500,2,3,poisson + poisson + zip,-2.7246842746354374,False,False
3,500,3,2,zip + zip,-2.72612940607148,False,False
3,500,4,2,zip + poisson,-2.7264618168616943,False,False
3,500,5,3,poisson + poisson + nb2,-2.7264737332174565,False,False
3,500,6,2,poisson + zip,-2.7269869209726805,False,False
3,500,7,2,nb2 + zip,-2.727730072535863,False,False
3,500,8,2,zip + nb2,-2.727813014928988,False,False
3,500,9,3,poisson + zip + nb2,-2.7327870628789137,False,False
3,500,10,3,zip + poisson + zip,-2.733160136116324,False,False
3,1000,1,2,nb2 + nb2,-2.7396637749648036,False,True
3,1000,2,3,zip + poisson + zip,-2.755255179953348,False,False
3,1000,3,3,zip + poisson + nb2,-2.760140183467862,False,False
3,1000,4,3,zip + zip + poisson,-2.76099314461092,False,False
3,1000,5,3,poisson + nb2 + poisson,-2.7612300978375957,False,False
3,1000,6,3,poisson + zip + poisson,-2.761504924502764,False,False
3,1000,7,3,poisson + poisson + nb2,-2.7623299561489776,False,False
3,1000,8,3,poisson + zip + zip,-2.7629260653815892,False,False
3,1000,9,3,zip + poisson + poisson,-2.7658202784790618,False,False
3,1000,10,3,nb2 + poisson + poisson,-2.7668175650067504,False,False
3,1500,1,3,zip + poisson + nb2,-2.676194314848341,False,False
3,1500,2,3,nb2 + poisson + zip,-2.676653664312782,False,False
3,1500,3,3,poisson + nb2 + zip,-2.6777610472341307,False,False
3,1500,4,3,poisson + zip + nb2,-2.678559732205096,False,False
3,1500,5,2,nb2 + nb2,-2.678994262905411,False,True
3,1500,6,3,nb2 + poisson + poisson,-2.6815068225773437,False,False
3,1500,7,3,poisson + nb2 + poisson,-2.683682213685226,False,False
3,1500,8,3,nb2 + nb2 + poisson,-2.684020641797257,False,False
3,1500,9,3,zip + nb2 + poisson,-2.684166348676087,False,False
3,1500,10,3,nb2 + zip + poisson,-2.6848076896340216,False,False
4,500,1,2,poisson + zip,-2.4370891540664186,True,True
4,500,2,2,nb2 + zip,-2.437394914468655,False,False
4,500,3,2,zip + nb2,-2.4374222495530304,False,False
4,500,4,2,zip + poisson,-2.4376383503092782,True,True
4,500,5,2,zip + zip,-2.437661507832642,False,True
4,500,6,3,poisson + poisson + zip,-2.4377055081051586,False,False
4,500,7,3,poisson + zip + poisson,-2.438500574464574,False,False
4,500,8,3,nb2 + nb2 + poisson,-2.439564753023148,False,False
4,500,9,3,poisson + nb2 + poisson,-2.4398392532010784,False,False
4,500,10,3,poisson + poisson + nb2,-2.4398589247862046,False,False
4,1000,1,2,zip + zip,-2.3726298226138773,False,True
4,1000,2,2,zip + poisson,-2.3737566001643016,True,True
4,1000,3,3,zip + poisson + poisson,-2.3766710103760844,False,False
4,1000,4,3,poisson + poisson + poisson,-2.3773012854624294,False,False
4,1000,5,2,nb2 + zip,-2.3788572952327143,False,False
4,1000,6,2,zip + nb2,-2.379059944530215,False,False
4,1000,7,3,poisson + zip + poisson,-2.379901673131133,False,False
4,1000,8,3,nb2 + zip + poisson,-2.3804666636452936,False,False
4,1000,9,3,poisson + poisson + zip,-2.3835462146241824,False,False
4,1000,10,3,poisson + zip + nb2,-2.38366894423311,False,False
4,1500,1,2,zip + zip,-2.4255557844268005,False,True
4,1500,2,2,zip + poisson,-2.4258789214518726,True,True
4,1500,3,2,poisson + zip,-2.4259603133415553,True,True
4,1500,4,2,zip + nb2,-2.426190879857502,False,False
4,1500,5,2,nb2 + zip,-2.4262565794887907,False,False
4,1500,6,3,zip + poisson + poisson,-2.4281768346852277,False,False
4,1500,7,3,poisson + zip + nb2,-2.4318567646567764,False,False
4,1500,8,3,zip + poisson + nb2,-2.4323071862708967,False,False
4,1500,9,3,poisson + poisson + nb2,-2.433342303469859,False,False
4,1500,10,3,nb2 + poisson + zip,-2.4333661392686907,False,False
1,500,1,3,student_t + gaussian + gaussian,-1.892941312317948,False,False
1,500,2,3,student_t + student_t + gaussian,-1.8932054990380134,False,False
1,500,3,3,student_t + gaussian + student_t,-1.8944062391734906,False,False
1,500,4,2,student_t + gaussian,-1.8976031051498656,True,True
1,500,5,2,student_t + skew_normal,-1.897603313543052,False,False
1,500,6,2,student_t + student_t,-1.8991306507410475,False,True
1,500,7,3,gaussian + skew_normal + gaussian,-1.9066586222419428,False,False
1,500,8,3,skew_normal + skew_normal + gaussian,-1.9066659360012777,False,False
1,500,9,3,skew_normal + gaussian + gaussian,-1.906701535858526,False,False
1,500,10,3,gaussian + gaussian + gaussian,-1.9067108925067047,False,False
1,1000,1,2,student_t + student_t,-1.8664618338769332,False,True
1,1000,2,2,student_t + gaussian,-1.8674871952797218,True,True
1,1000,3,2,student_t + skew_normal,-1.867489959689555,False,False
1,1000,4,3,student_t + student_t + skew_normal,-1.8689643993008505,False,False
1,1000,5,3,student_t + student_t + gaussian,-1.8689660695758659,False,False
1,1000,6,3,student_t + student_t + student_t,-1.8689816227494442,False,False
1,1000,7,3,student_t + gaussian + student_t,-1.8693807483981064,False,False
1,1000,8,3,student_t + skew_normal + student_t,-1.8693815184304214,False,False
1,1000,9,3,student_t + gaussian + skew_normal,-1.8696163856221741,False,False
1,1000,10,3,student_t + skew_normal + skew_normal,-1.8696166206342668,False,False
1,1500,1,2,student_t + skew_normal,-1.899658728536857,False,False
1,1500,2,2,student_t + gaussian,-1.8996588355904802,True,True
1,1500,3,2,student_t + student_t,-1.8997181907727336,False,True
1,1500,4,3,student_t + student_t + student_t,-1.9042142646401397,False,False
1,1500,5,3,student_t + student_t + skew_normal,-1.9042399874870775,False,False
1,1500,6,3,student_t + student_t + gaussian,-1.9042405197629177,False,False
1,1500,7,3,student_t + gaussian + student_t,-1.904261422312129,False,False
1,1500,8,3,student_t + skew_normal + student_t,-1.9042632834851414,False,False
1,1500,9,3,student_t + gaussian + skew_normal,-1.9043946591632397,False,False
1,1500,10,3,student_t + skew_normal + skew_normal,-1.9043952507176896,False,False
2,500,1,2,lognormal + lognormal,-1.1472177901752507,False,False
2,500,2,2,lognormal + gamma,-1.1476342451527257,True,True
2,500,3,2,inverse_gaussian + lognormal,-1.1505730867467465,False,False
2,500,4,2,lognormal + inverse_gaussian,-1.1505730867467465,False,False
2,500,5,3,inverse_gaussian + gamma + lognormal,-1.1745906593492903,False,False
2,500,6,3,gamma + inverse_gaussian + lognormal,-1.1745906593492903,False,False
2,500,7,3,inverse_gaussian + gamma + gamma,-1.175303379493108,False,False
2,500,8,3,inverse_gaussian + lognormal + lognormal,-1.1768684655091193,False,False
2,500,9,3,lognormal + inverse_gaussian + lognormal,-1.1768684658021185,False,False
2,500,10,3,lognormal + gamma + inverse_gaussian,-1.1780595163281633,False,False
2,1000,1,2,lognormal + lognormal,-1.137048616544048,False,False
2,1000,2,3,lognormal + inverse_gaussian + lognormal,-1.1379309551741603,False,False
2,1000,3,3,inverse_gaussian + lognormal + lognormal,-1.1379309551741603,False,False
2,1000,4,2,lognormal + gamma,-1.1385764588682423,True,True
2,1000,5,2,gamma + lognormal,-1.1385764588682423,True,True
2,1000,6,3,lognormal + gamma + inverse_gaussian,-1.139561079898587,False,False
2,1000,7,3,lognormal + lognormal + lognormal,-1.1395712090688284,False,False
2,1000,8,3,gamma + inverse_gaussian + lognormal,-1.1395965340950804,False,False
2,1000,9,3,lognormal + lognormal + inverse_gaussian,-1.1405937648951163,False,False
2,1000,10,3,gamma + lognormal + inverse_gaussian,-1.1412953559620576,False,False
2,1500,1,2,lognormal + lognormal,-1.1896279028093135,False,False
2,1500,2,2,lognormal + gamma,-1.1902636831435298,True,True
2,1500,3,2,gamma + lognormal,-1.1902636831435298,True,True
2,1500,4,3,lognormal + lognormal + lognormal,-1.1919864009682284,False,False
2,1500,5,3,gamma + lognormal + lognormal,-1.1927006089809056,False,False
2,1500,6,3,lognormal + gamma + lognormal,-1.1930979742404926,False,False
2,1500,7,3,lognormal + lognormal + gamma,-1.193097974671482,False,False
2,1500,8,3,lognormal + gamma + gamma,-1.193598722193639,False,False
2,1500,9,3,gamma + lognormal + gamma,-1.1936043684390052,False,False
2,1500,10,2,inverse_gaussian + lognormal,-1.1956900236792452,False,False
3,500,1,2,nb2 + nb2,-2.6598818599902088,False,True
3,500,2,3,nb2 + poisson + nb2,-2.6630565994125415,False,False
3,500,3,2,nb2 + zip,-2.66767449783777,False,False
3,500,4,2,zip + nb2,-2.6684159537881413,False,False
3,500,5,3,zip + poisson + nb2,-2.6691268024121695,False,False
3,500,6,3,poisson + zip + nb2,-2.6692652139116158,False,False
3,500,7,3,zip + poisson + poisson,-2.6696661908975883,False,False
3,500,8,2,zip + zip,-2.6701953556932354,False,False
3,500,9,2,poisson + zip,-2.670748567654124,False,False
3,500,10,3,nb2 + poisson + zip,-2.672415896618801,False,False
3,1000,1,2,nb2 + nb2,-2.6934146844468136,False,True
3,1000,2,3,nb2 + poisson + nb2,-2.693510214346008,False,False
3,1000,3,3,nb2 + nb2 + poisson,-2.694178412929955,False,False
3,1000,4,3,nb2 + nb2 + zip,-2.694650570956229,False,False
3,1000,5,3,zip + nb2 + nb2,-2.6960133117415492,False,False
3,1000,6,3,nb2 + nb2 + nb2,-2.696194593025711,False,False
3,1000,7,3,poisson + nb2 + nb2,-2.697216092483727,False,False
3,1000,8,3,nb2 + zip + nb2,-2.6973207211658,False,False
3,1000,9,3,zip + nb2 + zip,-2.7018809381147273,False,False
3,1000,10,3,poisson + zip + nb2,-2.7025737287162666,False,False
3,1500,1,2,nb2 + nb2,-2.7024458795701283,False,True
3,1500,2,3,nb2 + poisson + nb2,-2.705890422961058,False,False
3,1500,3,3,zip + zip + poisson,-2.7064183485193256,False,False
3,1500,4,3,nb2 + nb2 + poisson,-2.707022842107763,False,False
3,1500,5,3,zip + poisson + poisson,-2.7076825520968995,False,False
3,1500,6,3,zip + poisson + nb2,-2.708387312507086,False,False
3,1500,7,3,zip + poisson + zip,-2.708445158304204,False,False
3,1500,8,3,poisson + nb2 + nb2,-2.7087114751299515,False,False
3,1500,9,3,poisson + zip + zip,-2.708784379598916,False,False
3,1500,10,3,poisson + poisson + zip,-2.7088388077176706,False,False
4,500,1,2,nb2 + zip,-2.442291656615813,False,False
4,500,2,3,poisson + zip + poisson,-2.4427628928957734,False,False
4,500,3,2,poisson + zip,-2.4431858101729693,True,True
4,500,4,2,zip + poisson,-2.4435887236822937,True,True
4,500,5,2,zip + zip,-2.4438133527319645,False,True
4,500,6,3,nb2 + zip + poisson,-2.4455634571682423,False,False
4,500,7,3,zip + poisson + poisson,-2.4462228460262714,False,False
4,500,8,2,zip + nb2,-2.4465975586245583,False,False
4,500,9,3,zip + poisson + nb2,-2.446616094491266,False,False
4,500,10,3,poisson + poisson + zip,-2.4466486725903063,False,False
4,1000,1,2,zip + nb2,-2.421032483274874,False,False
4,1000,2,2,zip + poisson,-2.4216047272266397,True,True
4,1000,3,2,nb2 + zip,-2.4220753341961636,False,False
4,1000,4,2,zip + zip,-2.422106546951048,False,True
4,1000,5,2,poisson + zip,-2.4226220213910956,True,True
4,1000,6,3,nb2 + poisson + poisson,-2.4230470856086033,False,False
4,1000,7,3,poisson + poisson + nb2,-2.4255183022614615,False,False
4,1000,8,3,zip + nb2 + poisson,-2.4260461813183523,False,False
4,1000,9,3,nb2 + nb2 + zip,-2.4268396201118394,False,False
4,1000,10,3,zip + zip + nb2,-2.4278109718237975,False,False
4,1500,1,2,zip + zip,-2.4425646042502693,False,True
4,1500,2,2,nb2 + zip,-2.4449623691655997,False,False
4,1500,3,2,zip + poisson,-2.445399156751182,True,True
4,1500,4,2,zip + nb2,-2.4454576555983736,False,False
4,1500,5,3,poisson + zip + poisson,-2.445870139213653,False,False
4,1500,6,3,poisson + poisson + poisson,-2.446409638766745,False,False
4,1500,7,2,poisson + zip,-2.4465057749434846,True,True
4,1500,8,3,nb2 + nb2 + poisson,-2.446849769451556,False,False
4,1500,9,3,poisson + nb2 + nb2,-2.4480671262021705,False,False
4,1500,10,3,nb2 + poisson + nb2,-2.448110957037379,False,False
1,500,1,2,student_t + student_t,-1.8348164778550704,False,True
1,500,2,2,student_t + skew_normal,-1.834881992565522,False,False
1,500,3,2,student_t + gaussian,-1.8348823317553609,True,True
1,500,4,2,skew_normal + student_t,-1.845096170268184,False,False
1,500,5,2,gaussian + student_t,-1.8451131090902448,True,True
1,500,6,2,skew_normal + skew_normal,-1.8454088635809767,False,False
1,500,7,2,skew_normal + gaussian,-1.8454092562265636,False,False
1,500,8,2,gaussian + skew_normal,-1.8454107462788438,False,False
1,500,9,2,gaussian + gaussian,-1.8454111330469423,False,False
1,500,10,3,gaussian + student_t + skew_normal,-1.868259622810389,False,False
1,1000,1,2,student_t + student_t,-1.8241773628346418,False,True
1,1000,2,2,student_t + gaussian,-1.8243192968237656,True,True
1,1000,3,2,student_t + skew_normal,-1.8243274232398938,False,False
1,1000,4,3,student_t + student_t + student_t,-1.8259019532555611,False,False
1,1000,5,3,student_t + skew_normal + student_t,-1.8261389407726887,False,False
1,1000,6,3,student_t + gaussian + student_t,-1.8261417645799256,False,False
1,1000,7,3,student_t + skew_normal + skew_normal,-1.8262520450309139,False,False
1,1000,8,3,student_t + student_t + gaussian,-1.8264520014477748,False,False
1,1000,9,3,student_t + skew_normal + gaussian,-1.826486457668616,False,False
1,1000,10,3,student_t + gaussian + gaussian,-1.826487399717483,False,False
1,1500,1,2,student_t + gaussian,-1.8502370701906952,True,True
1,1500,2,2,student_t + skew_normal,-1.8502383598104035,False,False
1,1500,3,3,student_t + skew_normal + gaussian,-1.8504875095251467,False,False
1,1500,4,3,student_t + gaussian + gaussian,-1.850487801657905,False,False
1,1500,5,3,student_t + gaussian + skew_normal,-1.8504880836087583,False,False
1,1500,6,3,student_t + gaussian + student_t,-1.8510166796781822,False,False
1,1500,7,3,student_t + skew_normal + student_t,-1.851017538048703,False,False
1,1500,8,3,student_t + student_t + gaussian,-1.8514681713378487,False,False
1,1500,9,3,student_t + student_t + student_t,-1.851694189071262,False,False
1,1500,10,2,student_t + student_t,-1.8528644136339445,False,True
2,500,1,2,lognormal + gamma,-1.096632910144012,True,True
2,500,2,2,gamma + lognormal,-1.096632910144012,True,True
2,500,3,2,lognormal + lognormal,-1.097229366614764,False,False
2,500,4,2,inverse_gaussian + lognormal,-1.1036140134044001,False,False
2,500,5,2,lognormal + inverse_gaussian,-1.1036140134044001,False,False
2,500,6,3,lognormal + lognormal + inverse_gaussian,-1.1046139206097731,False,False
2,500,7,3,inverse_gaussian + lognormal + lognormal,-1.1046139211726167,False,False
2,500,8,3,lognormal + inverse_gaussian + lognormal,-1.104974931465207,False,False
2,500,9,3,gamma + lognormal + inverse_gaussian,-1.106684613024193,False,False
2,500,10,3,gamma + gamma + lognormal,-1.111378147347811,False,False
2,1000,1,2,lognormal + gamma,-1.1108299382353177,True,True
2,1000,2,2,gamma + lognormal,-1.1108299382353177,True,True
2,1000,3,2,lognormal + lognormal,-1.1116591622835865,False,False
2,1000,4,2,inverse_gaussian + lognormal,-1.1146229976434114,False,False
2,1000,5,2,lognormal + inverse_gaussian,-1.1146229976434114,False,False
2,1000,6,3,gamma + lognormal + gamma,-1.1213677462546778,False,False
2,1000,7,3,gamma + gamma + gamma,-1.1234598282539205,False,False
2,1000,8,3,lognormal + gamma + inverse_gaussian,-1.1265155077345061,False,False
2,1000,9,3,inverse_gaussian + gamma + lognormal,-1.126515535561923,False,False
2,1000,10,3,inverse_gaussian + lognormal + gamma,-1.1265155445883681,False,False
2,1500,1,2,lognormal + gamma,-1.1634747623878707,True,True
2,1500,2,2,gamma + lognormal,-1.1634747623878707,True,True
2,1500,3,3,lognormal + lognormal + gamma,-1.163930352999082,False,False
2,1500,4,3,gamma + lognormal + lognormal,-1.1639303580994969,False,False
2,1500,5,2,lognormal + lognormal,-1.163958389561859,False,False
2,1500,6,3,lognormal + lognormal + lognormal,-1.1651730480593288,False,False
2,1500,7,3,gamma + lognormal + gamma,-1.1659771573225692,False,False
2,1500,8,2,inverse_gaussian + lognormal,-1.1662376546750657,False,False
2,1500,9,2,lognormal + inverse_gaussian,-1.1662376546750657,False,False
2,1500,10,3,inverse_gaussian + gamma + lognormal,-1.1669377925291087,False,False
3,500,1,3,nb2 + poisson + nb2,-2.707556619710488,False,False
3,500,2,2,nb2 + nb2,-2.7091790294296545,False,True
3,500,3,3,poisson + nb2 + nb2,-2.710067515242554,False,False
3,500,4,3,nb2 + nb2 + poisson,-2.7106611921046544,False,False
3,500,5,3,nb2 + nb2 + zip,-2.7204251159100816,False,False
3,500,6,2,poisson + zip,-2.7283999512981767,False,False
3,500,7,2,zip + poisson,-2.728486856258045,False,False
3,500,8,2,nb2 + zip,-2.729901739715342,False,False
3,500,9,2,zip + nb2,-2.7308129301273527,False,False
3,500,10,3,poisson + poisson + nb2,-2.7313206146815974,False,False
3,1000,1,2,nb2 + nb2,-2.709284332367086,False,True
3,1000,2,3,poisson + nb2 + nb2,-2.7095451936331076,False,False
3,1000,3,3,nb2 + poisson + nb2,-2.7125021061406778,False,False
3,1000,4,3,nb2 + nb2 + poisson,-2.712762296019462,False,False
3,1000,5,3,poisson + nb2 + zip,-2.717046374330937,False,False
3,1000,6,3,zip + poisson + nb2,-2.717622042782038,False,False
3,1000,7,3,poisson + poisson + zip,-2.7188768372291023,False,False
3,1000,8,3,zip + zip + poisson,-2.7197212370180606,False,False
3,1000,9,3,zip + poisson + poisson,-2.7212500019160086,False,False
3,1000,10,2,nb2 + zip,-2.7215429888729323,False,False
3,1500,1,3,nb2 + zip + nb2,-2.683458740497304,False,False
3,1500,2,3,nb2 + nb2 + nb2,-2.683521590494944,False,False
3,1500,3,3,nb2 + poisson + nb2,-2.68389328055102,False,False
3,1500,4,3,nb2 + nb2 + poisson,-2.6840605097005525,False,False
3,1500,5,2,nb2 + nb2,-2.6841726711965523,False,True
3,1500,6,3,poisson + nb2 + nb2,-2.6859370443415562,False,False
3,1500,7,3,nb2 + nb2 + zip,-2.685958329872143,False,False
3,1500,8,3,zip + poisson + zip,-2.699294424838274,False,False
3,1500,9,3,poisson + poisson + poisson,-2.702663146998286,False,False
3,1500,10,3,poisson + zip + poisson,-2.708107520021314,False,False
4,500,1,2,nb2 + zip,-2.4240639257417333,False,False
4,500,2,2,zip + poisson,-2.424647725753068,True,True
4,500,3,2,zip + zip,-2.42576194696035,False,True
4,500,4,2,poisson + zip,-2.4258374416274417,True,True
4,500,5,3,poisson + zip + poisson,-2.426347672684249,False,False
4,500,6,3,zip + poisson + poisson,-2.4268151076851363,False,False
4,500,7,3,poisson + poisson + zip,-2.427214492836659,False,False
4,500,8,3,nb2 + poisson + nb2,-2.427602592301663,False,False
4,500,9,3,nb2 + zip + poisson,-2.428439239926499,False,False
4,500,10,3,poisson + zip + nb2,-2.429591947472587,False,False
4,1000,1,3,nb2 + poisson + nb2,-2.40343720453251,False,False
4,1000,2,2,zip + nb2,-2.4034376970473503,False,False
4,1000,3,3,nb2 + nb2 + poisson,-2.4038621975595316,False,False
4,1000,4,3,poisson + nb2 + nb2,-2.4043313659427255,False,False
4,1000,5,2,poisson + zip,-2.404611869211708,True,True
4,1000,6,2,zip + zip,-2.4046352472164063,False,True
4,1000,7,2,zip + poisson,-2.4047361795439692,True,True
4,1000,8,2,nb2 + zip,-2.4047587444045355,False,False
4,1000,9,3,poisson + zip + poisson,-2.405156327208709,False,False
4,1000,10,3,poisson + nb2 + poisson,-2.405673310329101,False,False
4,1500,1,2,zip + poisson,-2.4357788572765267,True,True
4,1500,2,2,zip + zip,-2.4358241512059626,False,True
4,1500,3,2,poisson + zip,-2.4359615385908366,True,True
4,1500,4,3,nb2 + nb2 + poisson,-2.4365696354669195,False,False
4,1500,5,2,zip + nb2,-2.4368128728826144,False,False
4,1500,6,2,nb2 + zip,-2.4369593250076935,False,False
4,1500,7,3,poisson + poisson + zip,-2.4369907342625226,False,False
4,1500,8,3,poisson + poisson + poisson,-2.437930667623418,False,False
4,1500,9,3,poisson + zip + poisson,-2.438023270048014,False,False
4,1500,10,3,zip + poisson + poisson,-2.4383747602830472,False,False
1,500,1,2,student_t + student_t,-1.8631000056130465,False,True
1,500,2,2,student_t + skew_normal,-1.8632265190584294,False,False
1,500,3,2,student_t + gaussian,-1.8632276515038393,True,True
1,500,4,3,student_t + student_t + gaussian,-1.8670704144072165,False,False
1,500,5,3,student_t + gaussian + skew_normal,-1.8674782027524102,False,False
1,500,6,3,student_t + skew_normal + gaussian,-1.867478260067539,False,False
1,500,7,3,student_t + gaussian + gaussian,-1.8674787893242553,False,False
1,500,8,3,gaussian + student_t + gaussian,-1.8886693993472727,False,False
1,500,9,2,skew_normal + student_t,-1.8971258028382325,False,False
1,500,10,2,gaussian + student_t,-1.897141458515815,True,True
1,1000,1,2,student_t + gaussian,-1.853442268545507,True,True
1,1000,2,2,student_t + skew_normal,-1.8534433328819035,False,False
1,1000,3,2,student_t + student_t,-1.8534730434912403,False,True
1,1000,4,3,student_t + gaussian + gaussian,-1.8555021879532918,False,False
1,1000,5,3,student_t + gaussian + skew_normal,-1.8555029305468154,False,False
1,1000,6,3,student_t + skew_normal + gaussian,-1.8555030767241012,False,False
1,1000,7,3,student_t + skew_normal + skew_normal,-1.8555038434294127,False,False
1,1000,8,3,student_t + student_t + skew_normal,-1.8557116247353087,False,False
1,1000,9,3,student_t + student_t + gaussian,-1.8557139591950014,False,False
1,1000,10,3,student_t + gaussian + student_t,-1.8559943952113627,False,False
1,1500,1,3,student_t + skew_normal + student_t,-1.8454776506680888,False,False
1,1500,2,3,student_t + gaussian + student_t,-1.8455188412534234,False,False
1,1500,3,3,student_t + skew_normal + gaussian,-1.8455422728907058,False,False
1,1500,4,3,student_t + skew_normal + skew_normal,-1.8455424291574365,False,False
1,1500,5,3,student_t + gaussian + gaussian,-1.8455999845638529,False,False
1,1500,6,3,student_t + gaussian + skew_normal,-1.8456003688172822,False,False
1,1500,7,3,student_t + student_t + student_t,-1.8456076637468495,False,False
1,1500,8,3,student_t + student_t + gaussian,-1.8457084135356703,False,False
1,1500,9,3,student_t + student_t + skew_normal,-1.845716465370147,False,False
1,1500,10,2,student_t + gaussian,-1.846665286916516,True,True
2,500,1,2,lognormal + lognormal,-1.1151769230529176,False,False
2,500,2,2,lognormal + gamma,-1.116359254032678,True,True
2,500,3,2,gamma + lognormal,-1.1163695847895383,True,True
2,500,4,2,lognormal + inverse_gaussian,-1.1211402043320908,False,False
2,500,5,2,inverse_gaussian + lognormal,-1.1211461377141876,False,False
2,500,6,3,lognormal + lognormal + gamma,-1.1222066909005004,False,False
2,500,7,3,lognormal + gamma + lognormal,-1.1222609084736965,False,False
2,500,8,3,inverse_gaussian + lognormal + lognormal,-1.125631830895279,False,False
2,500,9,3,lognormal + lognormal + inverse_gaussian,-1.125631831552579,False,False
2,500,10,3,lognormal + inverse_gaussian + gamma,-1.1304939649823371,False,False
2,1000,1,2,lognormal + lognormal,-1.070270233300139,False,False
2,1000,2,2,lognormal + gamma,-1.0716263582012153,True,True
2,1000,3,3,lognormal + lognormal + lognormal,-1.0736848725904469,False,False
2,1000,4,2,lognormal + inverse_gaussian,-1.0774961621146855,False,False
2,1000,5,3,lognormal + lognormal + inverse_gaussian,-1.0785536046205515,False,False
2,1000,6,3,inverse_gaussian + lognormal + gamma,-1.079288368006692,False,False
2,1000,7,3,lognormal + gamma + inverse_gaussian,-1.079783669538201,False,False
2,1000,8,3,gamma + inverse_gaussian + lognormal,-1.0797998906095414,False,False
2,1000,9,3,lognormal + inverse_gaussian + lognormal,-1.0801733505197773,False,False
2,1000,10,3,inverse_gaussian + lognormal + lognormal,-1.0802610210894568,False,False
2,1500,1,2,lognormal + gamma,-1.0511125545013196,True,True
2,1500,2,2,gamma + lognormal,-1.0511160652402305,True,True
2,1500,3,2,lognormal + lognormal,-1.0518052113474063,False,False
2,1500,4,2,inverse_gaussian + lognormal,-1.0556919658557482,False,False
2,1500,5,2,lognormal + inverse_gaussian,-1.0556919658557482,False,False
2,1500,6,3,gamma + inverse_gaussian + lognormal,-1.0557045014562827,False,False
2,1500,7,3,inverse_gaussian + lognormal + gamma,-1.0557045380676473,False,False
2,1500,8,3,lognormal + inverse_gaussian + gamma,-1.0557045380676473,False,False
2,1500,9,3,lognormal + gamma + lognormal,-1.0566296977163534,False,False
2,1500,10,3,gamma + lognormal + lognormal,-1.056629893845497,False,False
3,500,1,2,zip + nb2,-2.743090108162384,False,False
3,500,2,2,nb2 + zip,-2.7447518799092507,False,False
3,500,3,2,nb2 + nb2,-2.745226188799225,False,True
3,500,4,2,poisson + zip,-2.745952372700622,False,False
3,500,5,3,poisson + nb2 + nb2,-2.7508796248676126,False,False
3,500,6,3,zip + poisson + zip,-2.7519227924017486,False,False
3,500,7,3,nb2 + nb2 + zip,-2.7543592181136742,False,False
3,500,8,2,zip + poisson,-2.7544635218630185,False,False
3,500,9,3,poisson + zip + poisson,-2.7545208071981677,False,False
3,500,10,3,poisson + poisson + zip,-2.754745049813727,False,False
3,1000,1,2,nb2 + nb2,-2.699134438566947,False,True
3,1000,2,3,nb2 + poisson + zip,-2.700490317542254,False,False
3,1000,3,3,zip + poisson + poisson,-2.7014907478218153,False,False
3,1000,4,3,nb2 + nb2 + poisson,-2.7031506871342517,False,False
3,1000,5,3,zip + zip + nb2,-2.7120745160584336,False,False
3,1000,6,3,poisson + zip + poisson,-2.712722630785021,False,False
3,1000,7,3,zip + nb2 + zip,-2.7130162454430673,False,False
3,1000,8,3,nb2 + zip + zip,-2.7134475691116484,False,False
3,1000,9,2,poisson + zip,-2.7222203952971578,False,False
3,1000,10,2,zip + nb2,-2.7381306390209303,False,False
3,1500,1,2,nb2 + nb2,-2.668375509554352,False,True
3,1500,2,3,nb2 + nb2 + nb2,-2.6695917635452293,False,False
3,1500,3,3,poisson + nb2 + nb2,-2.6703536229535443,False,False
3,1500,4,3,nb2 + nb2 + zip,-2.6705895132971427,False,False
3,1500,5,3,nb2 + zip + nb2,-2.670805526227169,False,False
3,1500,6,3,nb2 + poisson + nb2,-2.6722079461008015,False,False
3,1500,7,3,poisson + zip + nb2,-2.6724214967462805,False,False
3,1500,8,3,nb2 + zip + poisson,-2.6726421143685104,False,False
3,1500,9,3,nb2 + nb2 + poisson,-2.6729494615041776,False,False
3,1500,10,3,poisson + zip + zip,-2.6753424264126924,False,False
4,500,1,2,zip + nb2,-2.429369426012522,False,False
4,500,2,2,zip + poisson,-2.4310090597415823,True,True
4,500,3,2,zip + zip,-2.4313265596685483,False,True
4,500,4,2,nb2 + zip,-2.431753768400511,False,False
4,500,5,3,poisson + poisson + zip,-2.431918395226026,False,False
4,500,6,2,poisson + zip,-2.4320438758911713,True,True
4,500,7,3,poisson + zip + poisson,-2.432710520982828,False,False
4,500,8,3,poisson + nb2 + nb2,-2.4341308791898824,False,False
4,500,9,3,zip + poisson + poisson,-2.435090275569383,False,False
4,500,10,3,poisson + nb2 + zip,-2.4390259915414965,False,False
4,1000,1,2,zip + poisson,-2.442223215513136,True,True
4,1000,2,2,poisson + zip,-2.442359157887954,True,True
4,1000,3,2,zip + zip,-2.4434750505159046,False,True
4,1000,4,2,zip + nb2,-2.4440928071744557,False,False
4,1000,5,2,nb2 + zip,-2.4467408089162266,False,False
4,1000,6,3,poisson + zip + nb2,-2.449125448096651,False,False
4,1000,7,3,nb2 + nb2 + poisson,-2.449139338764875,False,False
4,1000,8,3,poisson + poisson + nb2,-2.450415122984911,False,False
4,1000,9,3,poisson + zip + poisson,-2.450600396500106,False,False
4,1000,10,3,zip + poisson + nb2,-2.4514907164613833,False,False
4,1500,1,3,nb2 + poisson + poisson,-2.4145857307231817,False,False
4,1500,2,3,poisson + zip + poisson,-2.414765738310738,False,False
4,1500,3,2,nb2 + zip,-2.4148955718332745,False,False
4,1500,4,2,zip + nb2,-2.414912170543531,False,False
4,1500,5,3,zip + zip + poisson,-2.4154560131456675,False,False
4,1500,6,2,zip + zip,-2.4160402458505525,False,True
4,1500,7,2,poisson + zip,-2.4163904251959996,True,True
4,1500,8,3,poisson + nb2 + poisson,-2.4169432508106485,False,False
4,1500,9,2,zip + poisson,-2.417011781931666,True,True
4,1500,10,3,zip + poisson + poisson,-2.4176685129382767,False,False
1,500,1,2,student_t + student_t,-1.837598032449829,False,True
1,500,2,2,student_t + gaussian,-1.8376602827179302,True,True
1,500,3,2,student_t + skew_normal,-1.8376639529499585,False,False
1,500,4,3,student_t + gaussian + gaussian,-1.8393951132111097,False,False
1,500,5,3,gaussian + gaussian + student_t,-1.853700645574811,False,False
1,500,6,2,skew_normal + student_t,-1.8537788564482962,False,False
1,500,7,2,gaussian + student_t,-1.853812010919396,True,True
1,500,8,2,gaussian + gaussian,-1.8543732906517332,False,False
1,500,9,2,skew_normal + gaussian,-1.8543742792284184,False,False
1,500,10,2,gaussian + skew_normal,-1.8543753365298625,False,False
1,1000,1,2,student_t + student_t,-1.859692842023956,False,True
1,1000,2,2,student_t + skew_normal,-1.8597427404272588,False,False
1,1000,3,2,student_t + gaussian,-1.859746672671336,True,True
1,1000,4,3,student_t + skew_normal + gaussian,-1.861817301053501,False,False
1,1000,5,3,student_t + gaussian + gaussian,-1.8618173966041647,False,False
1,1000,6,3,student_t + gaussian + student_t,-1.8625083617667675,False,False
1,1000,7,3,gaussian + gaussian + skew_normal,-1.864172410412303,False,False
1,1000,8,3,skew_normal + gaussian + skew_normal,-1.8641829362848195,False,False
1,1000,9,3,gaussian + gaussian + gaussian,-1.8641850948745873,False,False
1,1000,10,3,gaussian + skew_normal + skew_normal,-1.8641865690264876,False,False
1,1500,1,2,student_t + skew_normal,-1.8726992595460157,False,False
1,1500,2,2,student_t + gaussian,-1.8726995568105076,True,True
1,1500,3,2,student_t + student_t,-1.873018075152148,False,True
1,1500,4,3,student_t + student_t + student_t,-1.8737082281313884,False,False
1,1500,5,3,student_t + gaussian + student_t,-1.873758257795148,False,False
1,1500,6,3,student_t + skew_normal + student_t,-1.8738289856898196,False,False
1,1500,7,3,student_t + student_t + skew_normal,-1.874120032186111,False,False
1,1500,8,3,student_t + student_t + gaussian,-1.8741208425456721,False,False
1,1500,9,3,student_t + skew_normal + skew_normal,-1.8741497143536021,False,False
1,1500,10,3,student_t + skew_normal + gaussian,-1.8741500111542986,False,False
2,500,1,2,lognormal + lognormal,-1.1471902823396627,False,False
2,500,2,2,lognormal + gamma,-1.1480602009072578,True,True
2,500,3,2,gamma + lognormal,-1.1480602009072578,True,True
2,500,4,2,lognormal + inverse_gaussian,-1.1549414424764872,False,False
2,500,5,3,gamma + lognormal + gamma,-1.1553689490758925,False,False
2,500,6,3,lognormal + gamma + gamma,-1.1553941121194036,False,False
2,500,7,3,gamma + gamma + lognormal,-1.1570863302814183,False,False
2,500,8,3,lognormal + lognormal + inverse_gaussian,-1.1659130219701521,False,False
2,500,9,3,lognormal + gamma + inverse_gaussian,-1.167015350198728,False,False
2,500,10,3,gamma + inverse_gaussian + lognormal,-1.1698306737944009,False,False
2,1000,1,3,lognormal + gamma + lognormal,-1.1977718317801813,False,False
2,1000,2,2,gamma + lognormal,-1.197773464649075,True,True
2,1000,3,3,lognormal + lognormal + lognormal,-1.1991973117703436,False,False
2,1000,4,2,lognormal + lognormal,-1.1992362342705878,False,False
2,1000,5,3,lognormal + gamma + gamma,-1.2030168821719867,False,False
2,1000,6,3,inverse_gaussian + lognormal + gamma,-1.2048801229016253,False,False
2,1000,7,3,gamma + lognormal + inverse_gaussian,-1.2048801659842048,False,False
2,1000,8,3,lognormal + gamma + inverse_gaussian,-1.2048801659842048,False,False
2,1000,9,3,inverse_gaussian + lognormal + lognormal,-1.2050880677255917,False,False
2,1000,10,3,lognormal + inverse_gaussian + lognormal,-1.205464638212225,False,False
2,1500,1,2,gamma + lognormal,-1.1433233554987234,True,True
2,1500,2,2,lognormal + gamma,-1.143323585855042,True,True
2,1500,3,2,lognormal + lognormal,-1.1434566752922455,False,False
2,1500,4,3,lognormal + lognormal + lognormal,-1.1445046884086163,False,False
2,1500,5,3,gamma + gamma + lognormal,-1.1449895138729644,False,False
2,1500,6,3,gamma + lognormal + inverse_gaussian,-1.1450765730864654,False,False
2,1500,7,3,gamma + lognormal + gamma,-1.14510391820504,False,False
2,1500,8,3,gamma + gamma + gamma,-1.1458077000182303,False,False
2,1500,9,3,gamma + inverse_gaussian + lognormal,-1.1465303519928034,False,False
2,1500,10,3,inverse_gaussian + gamma + lognormal,-1.1465342288169822,False,False
3,500,1,2,nb2 + nb2,-2.7107201075523766,False,True
3,500,2,3,poisson + zip + zip,-2.7177356742201617,False,False
3,500,3,2,zip + poisson,-2.71876854239266,False,False
3,500,4,2,zip + nb2,-2.7196995786813023,False,False
3,500,5,3,poisson + poisson + zip,-2.7203664659436355,False,False
3,500,6,2,nb2 + zip,-2.72068434721381,False,False
3,500,7,2,zip + zip,-2.721945536799134,False,False
3,500,8,2,poisson + zip,-2.7220690976417745,False,False
3,500,9,3,zip + poisson + poisson,-2.7221207174985276,False,False
3,500,10,3,poisson + nb2 + nb2,-2.7233127386105567,False,False
3,1000,1,2,nb2 + nb2,-2.7140457652858454,False,True
3,1000,2,3,zip + poisson + zip,-2.7150862121058235,False,False
3,1000,3,3,poisson + poisson + zip,-2.715987813459101,False,False
3,1000,4,3,poisson + nb2 + nb2,-2.7160322331696443,False,False
3,1000,5,3,nb2 + poisson + nb2,-2.717222960876575,False,False
3,1000,6,3,nb2 + nb2 + poisson,-2.7189578365351976,False,False
3,1000,7,3,nb2 + poisson + zip,-2.726648214450779,False,False
3,1000,8,3,poisson + nb2 + zip,-2.727200509077846,False,False
3,1000,9,2,zip + nb2,-2.730000904933183,False,False
3,1000,10,2,poisson + zip,-2.730073943064004,False,False
3,1500,1,3,poisson + nb2 + nb2,-2.6792043648916053,False,False
3,1500,2,3,nb2 + nb2 + poisson,-2.6792469802101264,False,False
3,1500,3,2,nb2 + nb2,-2.680284477291224,False,True
3,1500,4,3,nb2 + poisson + nb2,-2.680900027482907,False,False
3,1500,5,3,poisson + nb2 + zip,-2.683181929062021,False,False
3,1500,6,3,poisson + zip + poisson,-2.699128752958086,False,False
3,1500,7,3,poisson + poisson + zip,-2.700221068270255,False,False
3,1500,8,3,zip + poisson + nb2,-2.7010196953589003,False,False
3,1500,9,2,zip + nb2,-2.701106971301173,False,False
3,1500,10,2,zip + zip,-2.701226349391859,False,False
4,500,1,3,poisson + poisson + zip,-2.462055506071252,False,False
4,500,2,2,zip + poisson,-2.46346116654268,True,True
4,500,3,2,nb2 + zip,-2.463668305291012,False,False
4,500,4,2,zip + zip,-2.4637468695190057,False,True
4,500,5,3,poisson + zip + poisson,-2.4639124874922538,False,False
4,500,6,2,poisson + zip,-2.4640328406932683,True,True
4,500,7,2,zip + nb2,-2.4647896831174974,False,False
4,500,8,3,zip + poisson + nb2,-2.4660629683831785,False,False
4,500,9,3,zip + poisson + poisson,-2.46735358980048,False,False
4,500,10,3,poisson + poisson + poisson,-2.4722750607645505,False,False
4,1000,1,2,zip + zip,-2.446301850691845,False,True
4,1000,2,2,zip + poisson,-2.446690881779937,True,True
4,1000,3,2,nb2 + zip,-2.446797897804034,False,False
4,1000,4,2,zip + nb2,-2.4471294657226204,False,False
4,1000,5,3,nb2 + nb2 + poisson,-2.4494743693319005,False,False
4,1000,6,3,poisson + poisson + nb2,-2.4494869214717574,False,False
4,1000,7,3,poisson + nb2 + poisson,-2.449752500536535,False,False
4,1000,8,3,poisson + nb2 + nb2,-2.4499822128149598,False,False
4,1000,9,2,poisson + zip,-2.4501248634547346,True,True
4,1000,10,3,poisson + poisson + poisson,-2.4523799058310756,False,False
4,1500,1,3,poisson + zip + poisson,-2.438666362810574,False,False
4,1500,2,3,poisson + poisson + zip,-2.4398576397862253,False,False
4,1500,3,2,zip + zip,-2.4405702095992874,False,True
4,1500,4,2,zip + nb2,-2.4407694276254626,False,False
4,1500,5,3,poisson + zip + nb2,-2.4409171850482134,False,False
4,1500,6,3,poisson + nb2 + nb2,-2.441658031236627,False,False
4,1500,7,3,zip + poisson + poisson,-2.4416598360395474,False,False
4,1500,8,3,nb2 + zip + poisson,-2.4417794803397004,False,False
4,1500,9,2,zip + poisson,-2.4418426361795587,True,True
4,1500,10,2,nb2 + zip,-2.4418873330151314,False,False
1,500,1,2,student_t + student_t,-1.9160152963520931,False,True
1,500,2,2,student_t + gaussian,-1.9203419679880263,True,True
1,500,3,2,student_t + skew_normal,-1.9203432388386543,False,False
1,500,4,2,gaussian + student_t,-1.920520542701014,True,True
1,500,5,2,skew_normal + student_t,-1.9205256739756578,False,False
1,500,6,3,student_t + student_t + skew_normal,-1.9350685056597958,False,False
1,500,7,3,student_t + skew_normal + gaussian,-1.9355001792667736,False,False
1,500,8,3,student_t + gaussian + skew_normal,-1.9355086030618005,False,False
1,500,9,3,student_t + skew_normal + skew_normal,-1.9355129910492648,False,False
1,500,10,3,student_t + gaussian + gaussian,-1.9355186711307488,False,False
1,1000,1,2,student_t + skew_normal,-1.844793880463139,False,False
1,1000,2,2,student_t + gaussian,-1.8448163681202923,True,True
1,1000,3,2,student_t + student_t,-1.8455700276028029,False,True
1,1000,4,2,skew_normal + student_t,-1.853071847827424,False,False
1,1000,5,2,gaussian + student_t,-1.8530736171787798,True,True
1,1000,6,3,student_t + student_t + gaussian,-1.8535379274799237,False,False
1,1000,7,3,student_t + gaussian + student_t,-1.8537800572707814,False,False
1,1000,8,2,gaussian + gaussian,-1.853819617861719,False,False
1,1000,9,2,skew_normal + gaussian,-1.8538196285425892,False,False
1,1000,10,2,gaussian + skew_normal,-1.8538210125733598,False,False
1,1500,1,2,student_t + gaussian,-1.8481293057912416,True,True
1,1500,2,2,student_t + skew_normal,-1.8481293956029439,False,False
1,1500,3,2,student_t + student_t,-1.848243592953112,False,True
1,1500,4,3,student_t + gaussian + student_t,-1.8514320810096205,False,False
1,1500,5,3,student_t + skew_normal + student_t,-1.8514323843059157,False,False
1,1500,6,3,student_t + gaussian + gaussian,-1.8515610441386752,False,False
1,1500,7,3,student_t + gaussian + skew_normal,-1.8515611654161621,False,False
1,1500,8,3,student_t + skew_normal + gaussian,-1.8515678877639388,False,False
1,1500,9,3,student_t + skew_normal + skew_normal,-1.8515680102131027,False,False
1,1500,10,3,student_t + student_t + student_t,-1.851593385153968,False,False
2,500,1,2,lognormal + lognormal,-1.1596712330400214,False,False
2,500,2,2,lognormal + gamma,-1.1609960176198824,True,True
2,500,3,3,lognormal + lognormal + gamma,-1.162046465390018,False,False
2,500,4,3,lognormal + lognormal + lognormal,-1.1661495334936016,False,False
2,500,5,2,inverse_gaussian + lognormal,-1.1667658933424385,False,False
2,500,6,2,lognormal + inverse_gaussian,-1.1667658933424385,False,False
2,500,7,3,lognormal + gamma + lognormal,-1.167689357577075,False,False
2,500,8,3,gamma + lognormal + lognormal,-1.167689357577075,False,False
2,500,9,3,lognormal + lognormal + inverse_gaussian,-1.1776027453450642,False,False
2,500,10,3,inverse_gaussian + lognormal + lognormal,-1.1776133711038859,False,False
2,1000,1,2,lognormal + gamma,-1.13240311654803,True,True
2,1000,2,2,gamma + lognormal,-1.13240311654803,True,True
2,1000,3,2,lognormal + lognormal,-1.1331456545989644,False,False
2,1000,4,3,lognormal + gamma + lognormal,-1.1333942324206359,False,False
2,1000,5,3,lognormal + lognormal + gamma,-1.1333942370496464,False,False
2,1000,6,3,gamma + lognormal + lognormal,-1.1333942483157984,False,False
2,1000,7,3,lognormal + lognormal + inverse_gaussian,-1.1345777529304142,False,False
2,1000,8,3,lognormal + gamma + gamma,-1.135281418005899,False,False
2,1000,9,2,lognormal + inverse_gaussian,-1.1363840241099157,False,False
2,1000,10,3,lognormal + gamma + inverse_gaussian,-1.1370454490775557,False,False
2,1500,1,2,gamma + lognormal,-1.0562763276043625,True,True
2,1500,2,2,lognormal + lognormal,-1.057146611021223,False,False
2,1500,3,3,gamma + inverse_gaussian + lognormal,-1.0576713713658112,False,False
2,1500,4,3,lognormal + gamma + gamma,-1.0578011900110664,False,False
2,1500,5,3,gamma + inverse_gaussian + gamma,-1.0604017262995653,False,False
2,1500,6,3,gamma + lognormal + inverse_gaussian,-1.060454613218515,False,False
2,1500,7,3,lognormal + gamma + inverse_gaussian,-1.060454613218515,False,False
2,1500,8,3,gamma + gamma + gamma,-1.066642548806476,False,False
2,1500,9,3,gamma + lognormal + gamma,-1.06683239725666,False,False
2,1500,10,3,gamma + gamma + lognormal,-1.066832401463287,False,False
3,500,1,2,nb2 + nb2,-2.7251132536721543,False,True
3,500,2,3,poisson + nb2 + nb2,-2.7312911387795906,False,False
3,500,3,3,nb2 + poisson + nb2,-2.7319730460196814,False,False
3,500,4,3,nb2 + poisson + zip,-2.7525498192477453,False,False
3,500,5,3,poisson + zip + poisson,-2.7530824819265334,False,False
3,500,6,2,zip + nb2,-2.7535761883200625,False,False
3,500,7,3,zip + poisson + nb2,-2.7546750349241287,False,False
3,500,8,2,nb2 + zip,-2.754820674325415,False,False
3,500,9,3,zip + nb2 + zip,-2.754918413417498,False,False
3,500,10,2,poisson + zip,-2.756981960218124,False,False
3,1000,1,2,nb2 + nb2,-2.730403615328365,False,True
3,1000,2,3,nb2 + poisson + nb2,-2.735242827242103,False,False
3,1000,3,2,nb2 + zip,-2.736630859762135,False,False
3,1000,4,2,zip + zip,-2.736880169294127,False,False
3,1000,5,2,zip + nb2,-2.7372744059528102,False,False
3,1000,6,2,zip + poisson,-2.737478840444018,False,False
3,1000,7,3,nb2 + nb2 + poisson,-2.737550876107871,False,False
3,1000,8,3,nb2 + nb2 + zip,-2.7395967181158887,False,False
3,1000,9,3,poisson + poisson + zip,-2.7423363577710034,False,False
3,1000,10,3,poisson + zip + zip,-2.7425317019957283,False,False
3,1500,1,3,nb2 + nb2 + poisson,-2.742365053354016,False,False
3,1500,2,3,nb2 + poisson + nb2,-2.7425852171548217,False,False
3,1500,3,2,nb2 + nb2,-2.742655336057423,False,True
3,1500,4,3,poisson + nb2 + nb2,-2.743457478795845,False,False
3,1500,5,3,nb2 + poisson + poisson,-2.7452011903856173,False,False
3,1500,6,3,poisson + poisson + zip,-2.7470128359019093,False,False
3,1500,7,3,poisson + nb2 + poisson,-2.747663327754269,False,False
3,1500,8,2,nb2 + zip,-2.7480674847377973,False,False
3,1500,9,2,zip + nb2,-2.7481180144672304,False,False
3,1500,10,2,zip + zip,-2.7483235986969268,False,False
4,500,1,3,poisson + poisson + zip,-2.4494539825468644,False,False
4,500,2,2,nb2 + zip,-2.449902946572655,False,False
4,500,3,3,poisson + zip + zip,-2.450725836955149,False,False
4,500,4,2,zip + nb2,-2.450915087141621,False,False
4,500,5,2,poisson + zip,-2.4511302019947308,True,True
4,500,6,2,zip + poisson,-2.4511704661946427,True,True
4,500,7,3,zip + zip + poisson,-2.451205762327735,False,False
4,500,8,3,zip + poisson + zip,-2.4516851440290846,False,False
4,500,9,2,zip + zip,-2.4523083950149913,False,True
4,500,10,3,zip + poisson + poisson,-2.4528300050136944,False,False
4,1000,1,2,poisson + zip,-2.412202709690069,True,True
4,1000,2,2,zip + zip,-2.412322914633386,False,True
4,1000,3,2,zip + nb2,-2.413033863886102,False,False
4,1000,4,2,nb2 + zip,-2.413647066701767,False,False
4,1000,5,2,zip + poisson,-2.4140823907581406,True,True
4,1000,6,3,poisson + zip + poisson,-2.414667395597716,False,False
4,1000,7,3,zip + poisson + poisson,-2.4156123659364135,False,False
4,1000,8,3,poisson + zip + nb2,-2.4160718663879273,False,False
4,1000,9,3,nb2 + zip + poisson,-2.421068616927001,False,False
4,1000,10,3,poisson + poisson + zip,-2.422591077982448,False,False
4,1500,1,2,zip + nb2,-2.4103704143092726,False,False
4,1500,2,2,nb2 + zip,-2.4118670656360672,False,False
4,1500,3,2,zip + zip,-2.4124198145983056,False,True
4,1500,4,3,poisson + poisson + nb2,-2.4127132435373557,False,False
4,1500,5,3,poisson + zip + poisson,-2.4129641555685724,False,False
4,1500,6,3,nb2 + poisson + nb2,-2.4132290009008703,False,False
4,1500,7,2,zip + poisson,-2.413427436150224,True,True
4,1500,8,3,nb2 + zip + poisson,-2.413447454527517,False,False
4,1500,9,3,zip + poisson + poisson,-2.4135824067735903,False,False
4,1500,10,2,poisson + zip,-2.413634328535275,True,True
1,500,1,2,student_t + student_t,-1.8579738514074768,False,True
1,500,2,2,student_t + skew_normal,-1.8582251970411499,False,False
1,500,3,2,student_t + gaussian,-1.8582255492001276,True,True
1,500,4,3,student_t + student_t + gaussian,-1.864287525107396,False,False
1,500,5,3,student_t + gaussian + gaussian,-1.8644833028573533,False,False
1,500,6,3,student_t + skew_normal + gaussian,-1.8644851028080112,False,False
1,500,7,3,student_t + gaussian + skew_normal,-1.8645217578257585,False,False
1,500,8,3,student_t + skew_normal + student_t,-1.8747084255883528,False,False
1,500,9,3,student_t + gaussian + student_t,-1.874710311107082,False,False
1,500,10,2,gaussian + student_t,-1.8747546120919596,True,True
1,1000,1,2,student_t + skew_normal,-1.8423083098590027,False,False
1,1000,2,2,student_t + gaussian,-1.8423324754344343,True,True
1,1000,3,3,student_t + gaussian + skew_normal,-1.8432491762804848,False,False
1,1000,4,3,student_t + skew_normal + gaussian,-1.843249205340998,False,False
1,1000,5,3,student_t + gaussian + gaussian,-1.843249529863861,False,False
1,1000,6,2,student_t + student_t,-1.8442466419829133,False,True
1,1000,7,3,student_t + student_t + gaussian,-1.847260749318608,False,False
1,1000,8,3,student_t + student_t + skew_normal,-1.8472607658852944,False,False
1,1000,9,3,student_t + gaussian + student_t,-1.8489031642442237,False,False
1,1000,10,3,student_t + student_t + student_t,-1.8508889752129498,False,False
1,1500,1,2,student_t + skew_normal,-1.8661839369205615,False,False
1,1500,2,2,student_t + gaussian,-1.8661839554862694,True,True
1,1500,3,2,student_t + student_t,-1.8672041805901303,False,True
1,1500,4,3,student_t + gaussian + skew_normal,-1.8679960020227413,False,False
1,1500,5,3,student_t + gaussian + gaussian,-1.8679963924971026,False,False
1,1500,6,3,student_t + skew_normal + gaussian,-1.8680395327976493,False,False
1,1500,7,3,student_t + gaussian + student_t,-1.8689629721715582,False,False
1,1500,8,3,student_t + student_t + gaussian,-1.871229651229101,False,False
1,1500,9,3,student_t + student_t + skew_normal,-1.871230615587252,False,False
1,1500,10,3,student_t + student_t + student_t,-1.8713216736431455,False,False
2,500,1,2,gamma + lognormal,-1.1003591509408353,True,True
2,500,2,2,lognormal + lognormal,-1.1010142464060535,False,False
2,500,3,2,lognormal + inverse_gaussian,-1.1068484251720918,False,False
2,500,4,3,lognormal + lognormal + lognormal,-1.1075660090857806,False,False
2,500,5,3,lognormal + lognormal + gamma,-1.1095833050715747,False,False
2,500,6,3,lognormal + inverse_gaussian + gamma,-1.1141059094562842,False,False
2,500,7,3,lognormal + gamma + inverse_gaussian,-1.1144090034355028,False,False
2,500,8,3,inverse_gaussian + lognormal + lognormal,-1.1147487101157312,False,False
2,500,9,3,lognormal + lognormal + inverse_gaussian,-1.1147487102605238,False,False
2,500,10,3,lognormal + inverse_gaussian + lognormal,-1.1153041847437657,False,False
2,1000,1,2,lognormal + gamma,-1.1336631307896508,True,True
2,1000,2,2,lognormal + lognormal,-1.135331864501234,False,False
2,1000,3,3,lognormal + lognormal + gamma,-1.1358112896949086,False,False
2,1000,4,3,lognormal + gamma + lognormal,-1.1358371290449423,False,False
2,1000,5,3,lognormal + lognormal + lognormal,-1.1373985815258332,False,False
2,1000,6,2,inverse_gaussian + lognormal,-1.137551611140452,False,False
2,1000,7,2,lognormal + inverse_gaussian,-1.137551611140452,False,False
2,1000,8,3,lognormal + gamma + inverse_gaussian,-1.1379361661792817,False,False
2,1000,9,3,inverse_gaussian + gamma + lognormal,-1.137983086815652,False,False
2,1000,10,3,inverse_gaussian + lognormal + gamma,-1.1379831321956604,False,False
2,1500,1,2,lognormal + gamma,-1.0353475305417483,True,True
2,1500,2,2,gamma + lognormal,-1.0353475305417483,True,True
2,1500,3,2,lognormal + lognormal,-1.0360070505666217,False,False
2,1500,4,3,gamma + lognormal + lognormal,-1.0427743151867248,False,False
2,1500,5,2,inverse_gaussian + lognormal,-1.0438334393768574,False,False
2,1500,6,2,lognormal + inverse_gaussian,-1.0438334393768574,False,False
2,1500,7,3,gamma + gamma + lognormal,-1.044877878888821,False,False
2,1500,8,3,lognormal + gamma + lognormal,-1.0457932129961394,False,False
2,1500,9,3,lognormal + gamma + inverse_gaussian,-1.0498485156937767,False,False
2,1500,10,3,lognormal + inverse_gaussian + gamma,-1.0498485247007352,False,False
3,500,1,2,nb2 + nb2,-2.701379719421183,False,True
3,500,2,3,poisson + nb2 + nb2,-2.70473370545686,False,False
3,500,3,3,nb2 + poisson + nb2,-2.705635480541938,False,False
3,500,4,3,nb2 + nb2 + poisson,-2.710348088721487,False,False
3,500,5,3,poisson + nb2 + zip,-2.715147422380429,False,False
3,500,6,3,poisson + poisson + zip,-2.7152154962998427,False,False
3,500,7,3,zip + zip + poisson,-2.7187608274301676,False,False
3,500,8,3,zip + poisson + poisson,-2.7202174255394995,False,False
3,500,9,3,nb2 + poisson + zip,-2.7204083198421767,False,False
3,500,10,2,poisson + zip,-2.7228158590086835,False,False
3,1000,1,2,nb2 + nb2,-2.7345222435230863,False,True
3,1000,2,3,nb2 + nb2 + zip,-2.7380685212388505,False,False
3,1000,3,3,poisson + nb2 + nb2,-2.7386044848434326,False,False
3,1000,4,3,nb2 + poisson + nb2,-2.739324094018458,False,False
3,1000,5,3,nb2 + zip + nb2,-2.7401386913713153,False,False
3,1000,6,3,nb2 + nb2 + poisson,-2.7414829976426134,False,False
3,1000,7,3,zip + poisson + zip,-2.7446151650796593,False,False
3,1000,8,3,poisson + poisson + zip,-2.7563705545902994,False,False
3,1000,9,3,zip + poisson + poisson,-2.756952339217324,False,False
3,1000,10,2,zip + zip,-2.757350252300761,False,False
3,1500,1,3,nb2 + nb2 + nb2,-2.7049341176965913,False,False
3,1500,2,2,nb2 + nb2,-2.706213843678409,False,True
3,1500,3,3,zip + nb2 + nb2,-2.707157275186003,False,False
3,1500,4,3,nb2 + nb2 + zip,-2.7077849718379645,False,False
3,1500,5,3,nb2 + zip + nb2,-2.7078862736016562,False,False
3,1500,6,3,nb2 + nb2 + poisson,-2.708240827001412,False,False
3,1500,7,3,nb2 + poisson + nb2,-2.7083499335163386,False,False
3,1500,8,3,poisson + nb2 + nb2,-2.7094195762696196,False,False
3,1500,9,3,zip + zip + zip,-2.711906634359692,False,False
3,1500,10,2,zip + nb2,-2.7135943377085985,False,False
4,500,1,3,zip + poisson + poisson,-2.415068987202303,False,False
4,500,2,2,poisson + zip,-2.415084459986366,True,True
4,500,3,2,zip + nb2,-2.415576154796764,False,False
4,500,4,2,zip + poisson,-2.416677962023041,True,True
4,500,5,2,nb2 + zip,-2.417897980352192,False,False
4,500,6,3,poisson + nb2 + zip,-2.4179843404629735,False,False
4,500,7,3,poisson + zip + poisson,-2.4188920361013286,False,False
4,500,8,3,poisson + poisson + nb2,-2.419498622480438,False,False
4,500,9,2,zip + zip,-2.4198966637213473,False,True
4,500,10,3,nb2 + poisson + zip,-2.420597257766416,False,False
4,1000,1,3,zip + poisson + nb2,-2.4499110686913825,False,False
4,1000,2,3,nb2 + zip + poisson,-2.4511923650957304,False,False
4,1000,3,3,nb2 + poisson + zip,-2.451287845763592,False,False
4,1000,4,3,poisson + nb2 + zip,-2.452350731560674,False,False
4,1000,5,3,zip + nb2 + poisson,-2.452680004725714,False,False
4,1000,6,3,nb2 + poisson + nb2,-2.4532849125725953,False,False
4,1000,7,2,zip + nb2,-2.4539183200101915,False,False
4,1000,8,3,poisson + poisson + zip,-2.454227801147516,False,False
4,1000,9,2,poisson + zip,-2.4543189279185915,True,True
4,1000,10,2,nb2 + zip,-2.4544088133797786,False,False
4,1500,1,3,nb2 + nb2 + poisson,-2.4114917173525994,False,False
4,1500,2,3,poisson + poisson + zip,-2.4124185619277942,False,False
4,1500,3,3,poisson + poisson + nb2,-2.4124203106265343,False,False
4,1500,4,2,zip + nb2,-2.4124572062419474,False,False
4,1500,5,2,nb2 + zip,-2.412674237990904,False,False
4,1500,6,3,zip + poisson + poisson,-2.412933318729496,False,False
4,1500,7,2,zip + zip,-2.4131879603251583,False,True
4,1500,8,2,poisson + zip,-2.413360195412056,True,True
4,1500,9,2,zip + poisson,-2.4134030140165623,True,True
4,1500,10,3,poisson + zip + poisson,-2.4145659055783137,False,False
1,500,1,2,student_t + student_t,-1.8586996217254286,False,True
1,500,2,2,student_t + gaussian,-1.8587849058535393,True,True
1,500,3,2,student_t + skew_normal,-1.8587856912392537,False,False
1,500,4,3,student_t + student_t + student_t,-1.8617440831158378,False,False
1,500,5,3,student_t + skew_normal + skew_normal,-1.864343689970249,False,False
1,500,6,3,student_t + skew_normal + gaussian,-1.8643452681061083,False,False
1,500,7,3,student_t + gaussian + gaussian,-1.8643503354936368,False,False
1,500,8,3,student_t + gaussian + skew_normal,-1.8643664213885693,False,False
1,500,9,3,student_t + gaussian + student_t,-1.8646802945957879,False,False
1,500,10,3,student_t + skew_normal + student_t,-1.864713219055591,False,False
1,1000,1,2,student_t + gaussian,-1.854803590736265,True,True
1,1000,2,2,student_t + skew_normal,-1.8548081123161473,False,False
1,1000,3,2,student_t + student_t,-1.8548280865639946,False,True
1,1000,4,3,student_t + skew_normal + skew_normal,-1.8567435685019062,False,False
1,1000,5,3,student_t + skew_normal + gaussian,-1.8567446440846886,False,False
1,1000,6,3,student_t + gaussian + gaussian,-1.8567448440340486,False,False
1,1000,7,3,student_t + gaussian + skew_normal,-1.8567494267378262,False,False
1,1000,8,3,student_t + student_t + gaussian,-1.8571654543509124,False,False
1,1000,9,3,student_t + student_t + skew_normal,-1.8571681914855371,False,False
1,1000,10,3,student_t + gaussian + student_t,-1.8575500035274872,False,False
1,1500,1,2,student_t + skew_normal,-1.824389535903484,False,False
1,1500,2,2,student_t + gaussian,-1.8243896570169373,True,True
1,1500,3,2,student_t + student_t,-1.8245031709504151,False,True
1,1500,4,3,student_t + gaussian + student_t,-1.8247491981311705,False,False
1,1500,5,3,student_t + gaussian + gaussian,-1.8264974037842858,False,False
1,1500,6,3,student_t + gaussian + skew_normal,-1.8264974692990512,False,False
1,1500,7,3,student_t + skew_normal + gaussian,-1.8264991248402949,False,False
1,1500,8,3,student_t + student_t + gaussian,-1.8271531772509575,False,False
1,1500,9,3,gaussian + gaussian + student_t,-1.832666778422764,False,False
1,1500,10,3,gaussian + student_t + student_t,-1.8333500192023453,False,False
2,500,1,2,gamma + lognormal,-1.0850091337977936,True,True
2,500,2,2,lognormal + lognormal,-1.0862918702283824,False,False
2,500,3,2,lognormal + inverse_gaussian,-1.0924541417560654,False,False
2,500,4,3,lognormal + inverse_gaussian + gamma,-1.1006969327492286,False,False
2,500,5,3,gamma + inverse_gaussian + lognormal,-1.1007265648906697,False,False
2,500,6,3,inverse_gaussian + lognormal + gamma,-1.1007265844353888,False,False
2,500,7,3,lognormal + lognormal + inverse_gaussian,-1.102848591085731,False,False
2,500,8,3,lognormal + inverse_gaussian + inverse_gaussian,-1.1087518025174095,False,False
2,500,9,3,inverse_gaussian + lognormal + lognormal,-1.1094205045337175,False,False
2,500,10,3,lognormal + inverse_gaussian + lognormal,-1.1094273038629927,False,False
2,1000,1,2,gamma + lognormal,-1.1181117519518933,True,True
2,1000,2,2,lognormal + gamma,-1.1181245163161875,True,True
2,1000,3,3,lognormal + lognormal + gamma,-1.1193188103997163,False,False
2,1000,4,2,lognormal + lognormal,-1.1193316920970056,False,False
2,1000,5,3,inverse_gaussian + lognormal + gamma,-1.1230472342511184,False,False
2,1000,6,3,gamma + gamma + lognormal,-1.123062400587975,False,False
2,1000,7,3,gamma + inverse_gaussian + lognormal,-1.1234834459094458,False,False
2,1000,8,3,lognormal + inverse_gaussian + gamma,-1.1234834520656036,False,False
2,1000,9,3,gamma + lognormal + inverse_gaussian,-1.123483453739315,False,False
2,1000,10,3,lognormal + gamma + inverse_gaussian,-1.123483453739315,False,False
2,1500,1,2,lognormal + gamma,-1.0496120156408806,True,True
2,1500,2,2,gamma + lognormal,-1.0496120156408806,True,True
2,1500,3,2,lognormal + lognormal,-1.0509379823377523,False,False
2,1500,4,3,lognormal + lognormal + gamma,-1.0518528157794245,False,False
2,1500,5,3,lognormal + gamma + lognormal,-1.0518528175264308,False,False
2,1500,6,3,gamma + lognormal + lognormal,-1.0518528175264308,False,False
2,1500,7,3,gamma + inverse_gaussian + lognormal,-1.0539546451326631,False,False
2,1500,8,2,lognormal + inverse_gaussian,-1.0540003859074447,False,False
2,1500,9,3,lognormal + gamma + gamma,-1.0545058922899093,False,False
2,1500,10,3,inverse_gaussian + gamma + lognormal,-1.055310943634593,False,False
3,500,1,2,nb2 + nb2,-2.68703210198936,False,True
3,500,2,3,nb2 + zip + poisson,-2.696518983007501,False,False
3,500,3,3,poisson + zip + zip,-2.697071452430434,False,False
3,500,4,3,poisson + nb2 + zip,-2.697635367886253,False,False
3,500,5,3,nb2 + nb2 + poisson,-2.698088350113803,False,False
3,500,6,3,poisson + poisson + poisson,-2.6992887088806197,False,False
3,500,7,3,nb2 + poisson + nb2,-2.7008239981641844,False,False
3,500,8,3,poisson + zip + nb2,-2.701320833312717,False,False
3,500,9,3,zip + poisson + nb2,-2.702680633506816,False,False
3,500,10,2,nb2 + zip,-2.7033517252843575,False,False
3,1000,1,3,poisson + nb2 + nb2,-2.733904024461814,False,False
3,1000,2,2,nb2 + nb2,-2.734868902485514,False,True
3,1000,3,3,nb2 + poisson + nb2,-2.736975447528326,False,False
3,1000,4,3,nb2 + nb2 + poisson,-2.7390181060195853,False,False
3,1000,5,2,zip + nb2,-2.7402019986283275,False,False
3,1000,6,2,nb2 + zip,-2.740225209482277,False,False
3,1000,7,2,poisson + zip,-2.7412815859269326,False,False
3,1000,8,3,poisson + poisson + zip,-2.7423912103362245,False,False
3,1000,9,3,nb2 + zip + poisson,-2.7467270402689326,False,False
3,1000,10,3,poisson + nb2 + zip,-2.746957863788566,False,False
3,1500,1,2,nb2 + nb2,-2.7014249318271544,False,True
3,1500,2,3,nb2 + nb2 + zip,-2.7018418940356295,False,False
3,1500,3,3,nb2 + zip + nb2,-2.7025655347322997,False,False
3,1500,4,3,nb2 + nb2 + poisson,-2.702764992849539,False,False
3,1500,5,3,zip + nb2 + nb2,-2.703337187812373,False,False
3,1500,6,3,poisson + nb2 + nb2,-2.7035436105574395,False,False
3,1500,7,3,nb2 + poisson + nb2,-2.7040593052046216,False,False
3,1500,8,2,zip + nb2,-2.713004222967136,False,False
3,1500,9,2,nb2 + zip,-2.714014639390107,False,False
3,1500,10,3,zip + poisson + nb2,-2.714807496015769,False,False
4,500,1,2,zip + nb2,-2.4442790016122853,False,False
4,500,2,2,zip + poisson,-2.4443516031526746,True,True
4,500,3,2,zip + zip,-2.4457204762893188,False,True
4,500,4,2,nb2 + zip,-2.4464708047810726,False,False
4,500,5,2,poisson + zip,-2.4467829117792066,True,True
4,500,6,3,nb2 + nb2 + poisson,-2.450146490642126,False,False
4,500,7,3,nb2 + poisson + zip,-2.4523440323650423,False,False
4,500,8,3,poisson + poisson + zip,-2.4563399974765687,False,False
4,500,9,3,nb2 + poisson + nb2,-2.4576897975177827,False,False
4,500,10,3,poisson + zip + poisson,-2.457985962940791,False,False
4,1000,1,3,nb2 + nb2 + poisson,-2.4439258370190577,False,False
4,1000,2,3,poisson + zip + poisson,-2.444176429607736,False,False
4,1000,3,2,zip + zip,-2.4443253263574585,False,True
4,1000,4,2,poisson + zip,-2.444448641392907,True,True
4,1000,5,3,nb2 + poisson + nb2,-2.444615510784302,False,False
4,1000,6,2,zip + poisson,-2.4451662533217084,True,True
4,1000,7,2,nb2 + zip,-2.4454876206151908,False,False
4,1000,8,2,zip + nb2,-2.4455859787943335,False,False
4,1000,9,3,nb2 + poisson + zip,-2.445636746693563,False,False
4,1000,10,3,zip + nb2 + poisson,-2.4461050105490556,False,False
4,1500,1,2,zip + nb2,-2.410116382256304,False,False
4,1500,2,3,poisson + nb2 + poisson,-2.4103302042640355,False,False
4,1500,3,2,nb2 + zip,-2.4106216386517083,False,False
4,1500,4,3,nb2 + poisson + nb2,-2.4110832927010195,False,False
4,1500,5,2,zip + poisson,-2.4113226573227293,True,True
4,1500,6,3,zip + poisson + poisson,-2.4113666366070596,False,False
4,1500,7,3,poisson + zip + poisson,-2.4113945850413603,False,False
4,1500,8,2,zip + zip,-2.4116477666461194,False,True
4,1500,9,2,poisson + zip,-2.412138853102543,True,True
4,1500,10,3,poisson + poisson + zip,-2.4121861164308673,False,False
1,500,1,3,student_t + gaussian + gaussian,-1.8931288981096197,False,False
1,500,2,3,student_t + gaussian + skew_normal,-1.893131765418639,False,False
1,500,3,3,student_t + student_t + gaussian,-1.8935240592856943,False,False
1,500,4,3,student_t + gaussian + student_t,-1.893584274993085,False,False
1,500,5,2,student_t + gaussian,-1.8945769657944207,True,True
1,500,6,2,student_t + skew_normal,-1.8945798826569349,False,False
1,500,7,2,student_t + student_t,-1.8955104405015464,False,True
1,500,8,3,gaussian + gaussian + student_t,-1.927003089809947,False,False
1,500,9,3,skew_normal + gaussian + gaussian,-1.927186848259199,False,False
1,500,10,3,gaussian + gaussian + gaussian,-1.9271874671778537,False,False
1,1000,1,2,student_t + skew_normal,-1.8536785828151114,False,False
1,1000,2,2,student_t + gaussian,-1.8536791613951817,True,True
1,1000,3,2,student_t + student_t,-1.8542387915801415,False,True
1,1000,4,3,student_t + student_t + gaussian,-1.8547446637841207,False,False
1,1000,5,3,student_t + gaussian + gaussian,-1.8549244756937506,False,False
1,1000,6,3,student_t + skew_normal + gaussian,-1.8549244885891973,False,False
1,1000,7,3,student_t + gaussian + skew_normal,-1.8549255672769194,False,False
1,1000,8,3,student_t + student_t + student_t,-1.8581182851654539,False,False
1,1000,9,3,student_t + skew_normal + student_t,-1.8583915635046544,False,False
1,1000,10,3,student_t + gaussian + student_t,-1.85839165936689,False,False
1,1500,1,2,student_t + skew_normal,-1.847966141714986,False,False
1,1500,2,2,student_t + gaussian,-1.8479668248775656,True,True
1,1500,3,2,student_t + student_t,-1.8497220730578252,False,True
1,1500,4,2,gaussian + skew_normal,-1.8522907505823694,False,False
1,1500,5,2,skew_normal + skew_normal,-1.8522911274713392,False,False
1,1500,6,2,gaussian + gaussian,-1.8522911332742829,False,False
1,1500,7,2,skew_normal + gaussian,-1.8522915128324045,False,False
1,1500,8,3,student_t + student_t + gaussian,-1.8533924377000568,False,False
1,1500,9,3,student_t + student_t + skew_normal,-1.8533942733915079,False,False
1,1500,10,3,student_t + gaussian + skew_normal,-1.853567618878948,False,False
2,500,1,2,lognormal + gamma,-1.1006716590771934,True,True
2,500,2,2,gamma + lognormal,-1.1006844149823445,True,True
2,500,3,2,lognormal + lognormal,-1.10114008019008,False,False
2,500,4,3,gamma + gamma + lognormal,-1.1087437910096327,False,False
2,500,5,3,inverse_gaussian + lognormal + gamma,-1.1105695196745782,False,False
2,500,6,3,lognormal + gamma + inverse_gaussian,-1.1105695211841449,False,False
2,500,7,2,inverse_gaussian + lognormal,-1.1139742866781217,False,False
2,500,8,2,lognormal + inverse_gaussian,-1.1139742866781217,False,False
2,500,9,3,lognormal + gamma + gamma,-1.1161592567866727,False,False
2,500,10,3,inverse_gaussian + lognormal + lognormal,-1.1167252879186584,False,False
2,1000,1,2,lognormal + gamma,-1.122880539848224,True,True
2,1000,2,2,gamma + lognormal,-1.1228825485286753,True,True
2,1000,3,3,inverse_gaussian + gamma + lognormal,-1.1230979360949518,False,False
2,1000,4,3,gamma + lognormal + gamma,-1.124055011256132,False,False
2,1000,5,3,lognormal + gamma + lognormal,-1.1243030511767342,False,False
2,1000,6,2,lognormal + lognormal,-1.1243767450753142,False,False
2,1000,7,3,inverse_gaussian + lognormal + lognormal,-1.1249144927969796,False,False
2,1000,8,3,lognormal + lognormal + gamma,-1.1252012480890456,False,False
2,1000,9,3,lognormal + lognormal + lognormal,-1.1259804927968866,False,False
2,1000,10,3,gamma + inverse_gaussian + gamma,-1.1275624567414229,False,False
2,1500,1,2,lognormal + lognormal,-1.2155926062170126,False,False
2,1500,2,3,lognormal + gamma + lognormal,-1.2156112200993265,False,False
2,1500,3,3,lognormal + lognormal + gamma,-1.2156569933823933,False,False
2,1500,4,2,lognormal + gamma,-1.215695016536948,True,True
2,1500,5,2,gamma + lognormal,-1.215695016536948,True,True
2,1500,6,3,lognormal + lognormal + lognormal,-1.2158711142701746,False,False
2,1500,7,2,lognormal + inverse_gaussian,-1.218488087825326,False,False
2,1500,8,2,inverse_gaussian + lognormal,-1.218488087825326,False,False
2,1500,9,3,lognormal + lognormal + inverse_gaussian,-1.218956163253773,False,False
2,1500,10,3,lognormal + gamma + inverse_gaussian,-1.220185100081531,False,False
3,500,1,2,nb2 + nb2,-2.7121986520887686,False,True
3,500,2,2,poisson + zip,-2.724672457802195,False,False
3,500,3,3,zip + zip + poisson,-2.7272974499723968,False,False
3,500,4,2,zip + poisson,-2.7285753549502525,False,False
3,500,5,2,nb2 + zip,-2.7301469361487087,False,False
3,500,6,2,zip + zip,-2.7317547868564316,False,False
3,500,7,3,zip + poisson + nb2,-2.7317759631828498,False,False
3,500,8,3,poisson + poisson + nb2,-2.732688169884328,False,False
3,500,9,3,poisson + zip + nb2,-2.7327934144672654,False,False
3,500,10,2,zip + nb2,-2.7329375784438037,False,False
3,1000,1,2,nb2 + nb2,-2.679044466024992,False,True
3,1000,2,3,nb2 + poisson + nb2,-2.6799019193694433,False,False
3,1000,3,3,poisson + nb2 + nb2,-2.680724685789398,False,False
3,1000,4,3,nb2 + poisson + poisson,-2.6908110427195164,False,False
3,1000,5,3,nb2 + zip + poisson,-2.6932825709321775,False,False
3,1000,6,3,zip + poisson + poisson,-2.693630513244315,False,False
3,1000,7,2,zip + poisson,-2.694462779225179,False,False
3,1000,8,2,poisson + zip,-2.695128946285843,False,False
3,1000,9,3,poisson + nb2 + zip,-2.6957059310225384,False,False
3,1000,10,3,nb2 + nb2 + poisson,-2.6959598923129104,False,False
3,1500,1,2,nb2 + nb2,-2.696849586606907,False,True
3,1500,2,2,nb2 + zip,-2.7053039163937243,False,False
3,1500,3,3,poisson + poisson + zip,-2.7062295639928116,False,False
3,1500,4,2,zip + poisson,-2.7064702016778326,False,False
3,1500,5,2,zip + nb2,-2.7066061263776846,False,False
3,1500,6,2,zip + zip,-2.7067265521222987,False,False
3,1500,7,3,poisson + nb2 + zip,-2.7070486364139486,False,False
3,1500,8,3,nb2 + poisson + zip,-2.7075362221518984,False,False
3,1500,9,2,poisson + zip,-2.7077210698190366,False,False
3,1500,10,3,poisson + zip + nb2,-2.708159704129478,False,False
4,500,1,2,nb2 + zip,-2.4372324482875785,False,False
4,500,2,2,zip + nb2,-2.4375190207701634,False,False
4,500,3,2,poisson + zip,-2.439910647468223,True,True
4,500,4,3,poisson + zip + poisson,-2.440211523738257,False,False
4,500,5,3,poisson + zip + nb2,-2.4414432620138076,False,False
4,500,6,2,zip + poisson,-2.4414906380448134,True,True
4,500,7,2,zip + zip,-2.44159220819149,False,True
4,500,8,3,nb2 + poisson + poisson,-2.444236902497592,False,False
4,500,9,3,zip + poisson + poisson,-2.448347942260751,False,False
4,500,10,3,zip + poisson + nb2,-2.4498036761602626,False,False
4,1000,1,2,zip + nb2,-2.423746662462886,False,False
4,1000,2,2,nb2 + zip,-2.4255080625528143,False,False
4,1000,3,2,zip + zip,-2.4271996483903875,False,True
4,1000,4,2,zip + poisson,-2.4280606554089306,True,True
4,1000,5,2,poisson + zip,-2.4280705536385296,True,True
4,1000,6,3,poisson + nb2 + nb2,-2.4306057313501586,False,False
4,1000,7,3,nb2 + poisson + nb2,-2.432257847972441,False,False
4,1000,8,3,zip + poisson + nb2,-2.4333987549592413,False,False
4,1000,9,3,poisson + poisson + nb2,-2.434458005423695,False,False
4,1000,10,3,zip + poisson + poisson,-2.4351901184109006,False,False
4,1500,1,2,zip + nb2,-2.4419615566354587,False,False
4,1500,2,3,poisson + zip + poisson,-2.4420458843788264,False,False
4,1500,3,2,nb2 + zip,-2.4421978178590353,False,False
4,1500,4,2,poisson + zip,-2.442413631375953,True,True
4,1500,5,3,zip + nb2 + poisson,-2.4428743834007567,False,False
4,1500,6,2,zip + poisson,-2.442918185943902,True,True
4,1500,7,2,zip + zip,-2.443050438453773,False,True
4,1500,8,3,poisson + zip + nb2,-2.44312598864404,False,False
4,1500,9,3,zip + poisson + poisson,-2.4436257326561877,False,False
4,1500,10,3,poisson + poisson + zip,-2.4448463513202854,False,False
1,500,1,2,student_t + student_t,-1.8698706642097458,False,True
1,500,2,2,student_t + gaussian,-1.8701085750466815,True,True
1,500,3,2,student_t + skew_normal,-1.870111418959443,False,False
1,500,4,2,gaussian + student_t,-1.8805440060219822,True,True
1,500,5,2,skew_normal + student_t,-1.8805440083077547,False,False
1,500,6,3,student_t + gaussian + gaussian,-1.8806886934859295,False,False
1,500,7,3,student_t + gaussian + skew_normal,-1.8806898481008831,False,False
1,500,8,3,student_t + skew_normal + gaussian,-1.880696852713062,False,False
1,500,9,3,student_t + skew_normal + skew_normal,-1.8806980295970535,False,False
1,500,10,3,student_t + student_t + skew_normal,-1.8809296494994154,False,False
1,1000,1,3,student_t + gaussian + student_t,-1.8436204017439877,False,False
1,1000,2,3,student_t + student_t + gaussian,-1.843685756097719,False,False
1,1000,3,3,student_t + skew_normal + gaussian,-1.8437236062067934,False,False
1,1000,4,3,student_t + gaussian + gaussian,-1.8437239384200397,False,False
1,1000,5,3,student_t + gaussian + skew_normal,-1.8437281086600419,False,False
1,1000,6,2,student_t + gaussian,-1.843994130221894,True,True
1,1000,7,2,student_t + skew_normal,-1.8439995000198417,False,False
1,1000,8,2,student_t + student_t,-1.8440150059264397,False,True
1,1000,9,3,gaussian + gaussian + skew_normal,-1.8549870838444522,False,False
1,1000,10,3,gaussian + skew_normal + gaussian,-1.8549873195052138,False,False
1,1500,1,2,student_t + gaussian,-1.8540442651178775,True,True
1,1500,2,2,student_t + skew_normal,-1.8540443163747446,False,False
1,1500,3,2,student_t + student_t,-1.854444148136993,False,True
1,1500,4,3,student_t + student_t + student_t,-1.8545950254938914,False,False
1,1500,5,3,student_t + skew_normal + student_t,-1.8546754538160772,False,False
1,1500,6,3,student_t + gaussian + student_t,-1.8546756738681207,False,False
1,1500,7,3,student_t + student_t + gaussian,-1.8547279477110756,False,False
1,1500,8,3,student_t + student_t + skew_normal,-1.8547283411927027,False,False
1,1500,9,3,student_t + skew_normal + gaussian,-1.8547921138573673,False,False
1,1500,10,3,student_t + skew_normal + skew_normal,-1.8547928736938142,False,False
2,500,1,2,lognormal + gamma,-1.116267881302115,True,True
2,500,2,2,gamma + lognormal,-1.116267881302115,True,True
2,500,3,2,lognormal + lognormal,-1.1203367252442524,False,False
2,500,4,2,inverse_gaussian + lognormal,-1.1269475254551211,False,False
2,500,5,3,lognormal + gamma + inverse_gaussian,-1.1409826618355436,False,False
2,500,6,3,gamma + lognormal + inverse_gaussian,-1.1409826618355436,False,False
2,500,7,3,inverse_gaussian + gamma + lognormal,-1.1409826693265925,False,False
2,500,8,3,gamma + inverse_gaussian + lognormal,-1.1409826693265925,False,False
2,500,9,2,gamma + gamma,-1.1527783753008607,False,False
2,500,10,3,inverse_gaussian + inverse_gaussian + gamma,-1.1532644860024692,False,False
2,1000,1,2,gamma + lognormal,-1.0924466490268305,True,True
2,1000,2,2,lognormal + lognormal,-1.0928694004630926,False,False
2,1000,3,3,lognormal + lognormal + gamma,-1.096827974992394,False,False
2,1000,4,3,lognormal + lognormal + lognormal,-1.0968656032354414,False,False
2,1000,5,2,inverse_gaussian + lognormal,-1.098386677759555,False,False
2,1000,6,2,lognormal + inverse_gaussian,-1.098386677759555,False,False
2,1000,7,3,gamma + lognormal + inverse_gaussian,-1.0986705202324678,False,False
2,1000,8,3,inverse_gaussian + gamma + lognormal,-1.098704489098615,False,False
2,1000,9,3,inverse_gaussian + lognormal + gamma,-1.0987994572217599,False,False
2,1000,10,3,lognormal + lognormal + inverse_gaussian,-1.099276007067574,False,False
2,1500,1,2,lognormal + gamma,-1.1750638290195567,True,True
2,1500,2,2,gamma + lognormal,-1.1750638290195567,True,True
2,1500,3,2,lognormal + lognormal,-1.1753959149298867,False,False
2,1500,4,3,lognormal + gamma + inverse_gaussian,-1.1763975912548517,False,False
2,1500,5,3,lognormal + lognormal + gamma,-1.1772779747179118,False,False
2,1500,6,3,gamma + lognormal + lognormal,-1.1772779776357032,False,False
2,1500,7,3,lognormal + gamma + lognormal,-1.1772779830756968,False,False
2,1500,8,3,inverse_gaussian + gamma + lognormal,-1.1775611497321987,False,False
2,1500,9,3,gamma + inverse_gaussian + lognormal,-1.1775611497321987,False,False
2,1500,10,3,lognormal + inverse_gaussian + gamma,-1.177561168297773,False,False
3,500,1,2,nb2 + nb2,-2.703878649809964,False,True
3,500,2,3,zip + poisson + poisson,-2.7446704947169063,False,False
3,500,3,3,zip + zip + nb2,-2.7524964308273154,False,False
3,500,4,3,poisson + nb2 + poisson,-2.752622679355897,False,False
3,500,5,3,zip + poisson + zip,-2.757626202415542,False,False
3,500,6,2,poisson + zip,-2.7577322082978406,False,False
3,500,7,3,poisson + zip + nb2,-2.7585746538350553,False,False
3,500,8,2,zip + nb2,-2.7591036207029327,False,False
3,500,9,3,zip + nb2 + poisson,-2.7608296393325933,False,False
3,500,10,2,nb2 + zip,-2.7619750773003675,False,False
3,1000,1,2,nb2 + nb2,-2.687250724568626,False,True
3,1000,2,3,nb2 + poisson + nb2,-2.692073578362717,False,False
3,1000,3,3,poisson + nb2 + nb2,-2.6951014166047527,False,False
3,1000,4,3,zip + poisson + poisson,-2.6977768699331075,False,False
3,1000,5,3,poisson + zip + nb2,-2.699219869757405,False,False
3,1000,6,3,nb2 + poisson + zip,-2.6996237506830276,False,False
3,1000,7,3,nb2 + zip + poisson,-2.7006495901665413,False,False
3,1000,8,2,zip + poisson,-2.7020239333976495,False,False
3,1000,9,2,zip + zip,-2.70256853802541,False,False
3,1000,10,2,poisson + zip,-2.703457581658481,False,False
3,1500,1,2,nb2 + nb2,-2.689648922229494,False,True
3,1500,2,3,nb2 + poisson + nb2,-2.6909764231475353,False,False
3,1500,3,3,nb2 + nb2 + poisson,-2.6915603265752077,False,False
3,1500,4,3,poisson + nb2 + nb2,-2.692086864182121,False,False
3,1500,5,3,nb2 + zip + poisson,-2.7000002858213192,False,False
3,1500,6,3,poisson + nb2 + poisson,-2.7009569006127343,False,False
3,1500,7,3,nb2 + poisson + poisson,-2.702988887021147,False,False
3,1500,8,3,poisson + poisson + nb2,-2.703923115135468,False,False
3,1500,9,3,nb2 + poisson + zip,-2.7044748908040432,False,False
3,1500,10,2,zip + poisson,-2.7075201602536216,False,False
4,500,1,2,poisson + zip,-2.423274825256356,True,True
4,500,2,2,zip + poisson,-2.423432261746011,True,True
4,500,3,2,zip + zip,-2.4234682066989324,False,True
4,500,4,3,nb2 + poisson + zip,-2.424073099725433,False,False
4,500,5,2,zip + nb2,-2.4243537697533544,False,False
4,500,6,2,nb2 + zip,-2.424624007746738,False,False
4,500,7,3,poisson + nb2 + nb2,-2.425557591147508,False,False
4,500,8,3,zip + nb2 + poisson,-2.42697436538417,False,False
4,500,9,3,poisson + nb2 + zip,-2.427992276715735,False,False
4,500,10,3,nb2 + zip + poisson,-2.4282565491970716,False,False
4,1000,1,3,nb2 + poisson + poisson,-2.406380446798307,False,False
4,1000,2,3,nb2 + nb2 + poisson,-2.4085046187062438,False,False
4,1000,3,3,poisson + poisson + nb2,-2.408703335473763,False,False
4,1000,4,2,zip + zip,-2.4091633627217446,False,True
4,1000,5,2,poisson + zip,-2.409235324738458,True,True
4,1000,6,2,nb2 + zip,-2.4092355476492435,False,False
4,1000,7,2,zip + nb2,-2.4092408457338825,False,False
4,1000,8,2,zip + poisson,-2.4097701749679374,True,True
4,1000,9,3,zip + nb2 + poisson,-2.4102909027008645,False,False
4,1000,10,3,nb2 + poisson + zip,-2.4104373983148286,False,False
4,1500,1,2,zip + nb2,-2.427695257416806,False,False
4,1500,2,3,zip + poisson + poisson,-2.427749251906238,False,False
4,1500,3,2,poisson + zip,-2.4280793742709146,True,True
4,1500,4,2,zip + poisson,-2.428261543514703,True,True
4,1500,5,2,nb2 + zip,-2.4284367968355105,False,False
4,1500,6,2,zip + zip,-2.4286082543418623,False,True
4,1500,7,3,poisson + poisson + poisson,-2.4290231319247506,False,False
4,1500,8,3,nb2 + poisson + zip,-2.4300913162136744,False,False
4,1500,9,3,poisson + poisson + zip,-2.4304208592592307,False,False
4,1500,10,3,nb2 + nb2 + poisson,-2.4305454608176498,False,False
1,500,1,2,student_t + student_t,-1.825959444990726,False,True
1,500,2,2,student_t + gaussian,-1.8259820481310118,True,True
1,500,3,2,student_t + skew_normal,-1.8260008521773403,False,False
1,500,4,2,skew_normal + student_t,-1.8296219492239265,False,False
1,500,5,2,gaussian + student_t,-1.829622959820084,True,True
1,500,6,3,student_t + skew_normal + gaussian,-1.8302698880331527,False,False
1,500,7,3,student_t + gaussian + gaussian,-1.8302857142085556,False,False
1,500,8,3,student_t + gaussian + skew_normal,-1.8302903080690316,False,False
1,500,9,3,student_t + gaussian + student_t,-1.830337331754638,False,False
1,500,10,3,student_t + student_t + gaussian,-1.8305028519570776,False,False
1,1000,1,3,student_t + student_t + gaussian,-1.8338963920118476,False,False
1,1000,2,3,student_t + gaussian + gaussian,-1.8339236925480842,False,False
1,1000,3,3,student_t + skew_normal + gaussian,-1.8339238248152325,False,False
1,1000,4,3,student_t + gaussian + skew_normal,-1.8339319430380157,False,False
1,1000,5,2,student_t + gaussian,-1.8340855532618618,True,True
1,1000,6,2,student_t + skew_normal,-1.8340861347163064,False,False
1,1000,7,2,student_t + student_t,-1.8341930065044412,False,True
1,1000,8,3,student_t + gaussian + student_t,-1.8365858024639257,False,False
1,1000,9,3,gaussian + gaussian + student_t,-1.8415226462679444,False,False
1,1000,10,3,gaussian + skew_normal + student_t,-1.8415232347870318,False,False
1,1500,1,3,student_t + student_t + skew_normal,-1.8518911219493361,False,False
1,1500,2,3,student_t + student_t + gaussian,-1.8518965908101228,False,False
1,1500,3,3,student_t + gaussian + skew_normal,-1.852082876200577,False,False
1,1500,4,3,student_t + skew_normal + skew_normal,-1.8520835786277963,False,False
1,1500,5,3,student_t + gaussian + gaussian,-1.8520960487917528,False,False
1,1500,6,3,student_t + skew_normal + gaussian,-1.8520971181167933,False,False
1,1500,7,3,student_t + student_t + student_t,-1.8523543786592076,False,False
1,1500,8,3,student_t + skew_normal + student_t,-1.8527948533350072,False,False
1,1500,9,3,student_t + gaussian + student_t,-1.8527958007170842,False,False
1,1500,10,2,student_t + student_t,-1.853604347413432,False,True
2,500,1,2,gamma + lognormal,-1.1487100085009547,True,True
2,500,2,2,lognormal + gamma,-1.1487214370532748,True,True
2,500,3,2,lognormal + lognormal,-1.1498432803787395,False,False
2,500,4,2,inverse_gaussian + lognormal,-1.1542999002596253,False,False
2,500,5,2,lognormal + inverse_gaussian,-1.1542999002596253,False,False
2,500,6,3,inverse_gaussian + lognormal + lognormal,-1.159753852400694,False,False
2,500,7,3,lognormal + inverse_gaussian + lognormal,-1.159753852400694,False,False
2,500,8,3,gamma + lognormal + inverse_gaussian,-1.1639537142812437,False,False
2,500,9,3,inverse_gaussian + gamma + gamma,-1.166924161130148,False,False
2,500,10,3,gamma + inverse_gaussian + gamma,-1.166924161130148,False,False
2,1000,1,3,inverse_gaussian + gamma + lognormal,-1.1162846585044106,False,False
2,1000,2,3,inverse_gaussian + lognormal + gamma,-1.1162941437909635,False,False
2,1000,3,2,lognormal + gamma,-1.1164745520933264,True,True
2,1000,4,2,gamma + lognormal,-1.1164996018589948,True,True
2,1000,5,2,lognormal + lognormal,-1.118234406020553,False,False
2,1000,6,3,lognormal + inverse_gaussian + gamma,-1.1194201249764895,False,False
2,1000,7,3,lognormal + gamma + inverse_gaussian,-1.119420136956416,False,False
2,1000,8,3,lognormal + lognormal + lognormal,-1.123309763264672,False,False
2,1000,9,3,gamma + gamma + lognormal,-1.1238461454886632,False,False
2,1000,10,3,inverse_gaussian + lognormal + lognormal,-1.129501240316553,False,False
2,1500,1,2,gamma + lognormal,-1.0901399538574297,True,True
2,1500,2,2,lognormal + lognormal,-1.0910190569998717,False,False
2,1500,3,3,inverse_gaussian + lognormal + gamma,-1.0917107836242725,False,False
2,1500,4,2,inverse_gaussian + lognormal,-1.0927737673780094,False,False
2,1500,5,3,gamma + gamma + inverse_gaussian,-1.093681956714786,False,False
2,1500,6,3,inverse_gaussian + gamma + gamma,-1.093691068380643,False,False
2,1500,7,3,gamma + gamma + lognormal,-1.0956080176527723,False,False
2,1500,8,3,lognormal + gamma + gamma,-1.095655446198978,False,False
2,1500,9,3,gamma + lognormal + gamma,-1.0956573894642783,False,False
2,1500,10,3,lognormal + lognormal + gamma,-1.0964909601032637,False,False
3,500,1,2,nb2 + nb2,-2.714131392016765,False,True
3,500,2,3,nb2 + nb2 + poisson,-2.728286052475552,False,False
3,500,3,3,zip + nb2 + poisson,-2.7405540334941447,False,False
3,500,4,3,poisson + poisson + zip,-2.7410022446345184,False,False
3,500,5,3,nb2 + zip + poisson,-2.7418684242110856,False,False
3,500,6,3,zip + poisson + zip,-2.7430298270596674,False,False
3,500,7,2,nb2 + zip,-2.7461892017266423,False,False
3,500,8,3,poisson + nb2 + zip,-2.746225507210649,False,False
3,500,9,3,poisson + poisson + poisson,-2.750075241047244,False,False
3,500,10,2,zip + zip,-2.7513729414668595,False,False
3,1000,1,2,nb2 + nb2,-2.681565874165816,False,True
3,1000,2,3,nb2 + poisson + nb2,-2.6827244407646678,False,False
3,1000,3,3,zip + poisson + poisson,-2.6866176355464666,False,False
3,1000,4,3,nb2 + nb2 + poisson,-2.694371804327097,False,False
3,1000,5,3,poisson + poisson + zip,-2.6993425481001925,False,False
3,1000,6,3,poisson + zip + poisson,-2.7022395067925036,False,False
3,1000,7,2,zip + zip,-2.7033870471700028,False,False
3,1000,8,2,nb2 + zip,-2.7041199095304327,False,False
3,1000,9,2,zip + nb2,-2.704236169938286,False,False
3,1000,10,3,zip + nb2 + zip,-2.7043998142115293,False,False
3,1500,1,3,nb2 + nb2 + poisson,-2.7448961131644474,False,False
3,1500,2,3,nb2 + poisson + nb2,-2.7456500292435244,False,False
3,1500,3,3,poisson + nb2 + nb2,-2.745698769386654,False,False
3,1500,4,2,nb2 + nb2,-2.7479483255843435,False,True
3,1500,5,3,poisson + zip + zip,-2.7557645958838743,False,False
3,1500,6,3,nb2 + poisson + zip,-2.7602146504990657,False,False
3,1500,7,3,poisson + zip + nb2,-2.76159836481578,False,False
3,1500,8,3,zip + nb2 + poisson,-2.764238123356283,False,False
3,1500,9,3,zip + poisson + nb2,-2.7663138705429557,False,False
3,1500,10,3,zip + poisson + poisson,-2.766647236438489,False,False
4,500,1,2,zip + zip,-2.437705070488252,False,True
4,500,2,2,poisson + zip,-2.4384236008355376,True,True
4,500,3,2,zip + poisson,-2.4385431340967445,True,True
4,500,4,3,poisson + poisson + zip,-2.447104198744626,False,False
4,500,5,3,zip + zip + poisson,-2.4476119766537927,False,False
4,500,6,3,zip + nb2 + nb2,-2.4587766922106664,False,False
4,500,7,3,poisson + zip + poisson,-2.4602861248368564,False,False
4,500,8,2,nb2 + nb2,-2.470306426032452,False,False
4,500,9,3,poisson + zip + nb2,-2.475097906416846,False,False
4,500,10,3,poisson + nb2 + poisson,-2.476936735826116,False,False
4,1000,1,2,nb2 + zip,-2.422099555467078,False,False
4,1000,2,2,zip + nb2,-2.422436632239221,False,False
4,1000,3,2,zip + zip,-2.4227175708605584,False,True
4,1000,4,2,poisson + zip,-2.4236711260483617,True,True
4,1000,5,3,poisson + poisson + nb2,-2.4238082604770153,False,False
4,1000,6,3,zip + poisson + zip,-2.4240277772361627,False,False
4,1000,7,3,poisson + poisson + poisson,-2.4240690622649836,False,False
4,1000,8,3,nb2 + poisson + poisson,-2.4240720125209756,False,False
4,1000,9,2,zip + poisson,-2.4243694976041144,True,True
4,1000,10,3,zip + zip + poisson,-2.4258637340207905,False,False
4,1500,1,2,zip + zip,-2.4422087415122222,False,True
4,1500,2,2,zip + poisson,-2.442472302196462,True,True
4,1500,3,2,nb2 + zip,-2.4425158434165897,False,False
4,1500,4,2,zip + nb2,-2.4427101640331648,False,False
4,1500,5,3,nb2 + zip + poisson,-2.443536714700328,False,False
4,1500,6,3,poisson + zip + poisson,-2.4436813977334055,False,False
4,1500,7,2,poisson + zip,-2.444273934740818,True,True
4,1500,8,3,poisson + nb2 + poisson,-2.444590709394348,False,False
4,1500,9,3,zip + poisson + poisson,-2.4463318539233585,False,False
4,1500,10,3,nb2 + poisson + nb2,-2.4466399623240185,False,False
1,500,1,2,student_t + gaussian,-1.8650775245419173,True,True
1,500,2,2,student_t + skew_normal,-1.8650801315517156,False,False
1,500,3,2,student_t + student_t,-1.8658935276863744,False,True
1,500,4,3,student_t + gaussian + student_t,-1.8674497642492272,False,False
1,500,5,3,student_t + gaussian + skew_normal,-1.8683232048054814,False,False
1,500,6,3,student_t + gaussian + gaussian,-1.8683238060521843,False,False
1,500,7,3,student_t + student_t + gaussian,-1.8697109836630041,False,False
1,500,8,2,gaussian + student_t,-1.8781050871931402,True,True
1,500,9,2,skew_normal + student_t,-1.8781059221032597,False,False
1,500,10,3,gaussian + gaussian + student_t,-1.881247803403011,False,False
1,1000,1,2,student_t + gaussian,-1.8563793485562055,True,True
1,1000,2,2,student_t + skew_normal,-1.856395020091355,False,False
1,1000,3,2,student_t + student_t,-1.8567133097199855,False,True
1,1000,4,3,student_t + student_t + skew_normal,-1.863786944495,False,False
1,1000,5,3,student_t + student_t + gaussian,-1.8637967055457034,False,False
1,1000,6,3,student_t + skew_normal + gaussian,-1.8639058470775771,False,False
1,1000,7,3,student_t + skew_normal + skew_normal,-1.8639075988190332,False,False
1,1000,8,3,student_t + gaussian + gaussian,-1.863908436723349,False,False
1,1000,9,3,student_t + gaussian + skew_normal,-1.863910194687976,False,False
1,1000,10,2,skew_normal + student_t,-1.8652132999367892,False,False
1,1500,1,2,student_t + skew_normal,-1.854480697601593,False,False
1,1500,2,2,student_t + gaussian,-1.8544820355045095,True,True
1,1500,3,2,student_t + student_t,-1.854625604300028,False,True
1,1500,4,3,student_t + student_t + skew_normal,-1.8578439030484297,False,False
1,1500,5,3,student_t + student_t + gaussian,-1.8578648795066302,False,False
1,1500,6,3,student_t + skew_normal + gaussian,-1.8579673608522644,False,False
1,1500,7,3,student_t + gaussian + gaussian,-1.8579673656301585,False,False
1,1500,8,3,student_t + skew_normal + skew_normal,-1.8579695559639344,False,False
1,1500,9,3,student_t + gaussian + skew_normal,-1.857969567552446,False,False
1,1500,10,3,student_t + skew_normal + student_t,-1.8583276850628734,False,False
2,500,1,2,lognormal + gamma,-1.138069062259489,True,True
2,500,2,2,lognormal + lognormal,-1.1399900192612777,False,False
2,500,3,2,lognormal + inverse_gaussian,-1.1461117137913421,False,False
2,500,4,3,lognormal + lognormal + lognormal,-1.1468999465029486,False,False
2,500,5,3,inverse_gaussian + lognormal + lognormal,-1.1545351387825444,False,False
2,500,6,3,lognormal + inverse_gaussian + lognormal,-1.1545351389762735,False,False
2,500,7,3,lognormal + inverse_gaussian + gamma,-1.1554239829784694,False,False
2,500,8,3,gamma + lognormal + inverse_gaussian,-1.1554455724407853,False,False
2,500,9,3,inverse_gaussian + inverse_gaussian + lognormal,-1.1583244814414608,False,False
2,500,10,3,lognormal + inverse_gaussian + inverse_gaussian,-1.158324481573881,False,False
2,1000,1,2,lognormal + lognormal,-1.2239775957142631,False,False
2,1000,2,2,gamma + lognormal,-1.2243807567740168,True,True
2,1000,3,2,lognormal + gamma,-1.2243848848420809,True,True
2,1000,4,3,lognormal + lognormal + inverse_gaussian,-1.2256730956158366,False,False
2,1000,5,3,lognormal + inverse_gaussian + lognormal,-1.226683665977852,False,False
2,1000,6,3,lognormal + lognormal + lognormal,-1.228204553938448,False,False
2,1000,7,3,lognormal + gamma + lognormal,-1.228561013329377,False,False
2,1000,8,3,inverse_gaussian + lognormal + lognormal,-1.2293980238219537,False,False
2,1000,9,2,inverse_gaussian + lognormal,-1.2300695182613708,False,False
2,1000,10,2,lognormal + inverse_gaussian,-1.2300791331954766,False,False
2,1500,1,3,gamma + lognormal + lognormal,-1.1250143893507503,False,False
2,1500,2,3,lognormal + inverse_gaussian + gamma,-1.1264676836264698,False,False
2,1500,3,3,gamma + inverse_gaussian + lognormal,-1.126493558472509,False,False
2,1500,4,3,lognormal + lognormal + lognormal,-1.1265732042599634,False,False
2,1500,5,2,gamma + lognormal,-1.127249131197191,True,True
2,1500,6,3,lognormal + lognormal + gamma,-1.1279941653041166,False,False
2,1500,7,3,lognormal + gamma + lognormal,-1.1283450394022323,False,False
2,1500,8,3,lognormal + inverse_gaussian + lognormal,-1.1284079181059636,False,False
2,1500,9,2,lognormal + lognormal,-1.1286982514075412,False,False
2,1500,10,3,lognormal + lognormal + inverse_gaussian,-1.1296655082613454,False,False
3,500,1,2,nb2 + nb2,-2.7381853058817045,False,True
3,500,2,2,zip + nb2,-2.7421272559947734,False,False
3,500,3,3,nb2 + poisson + nb2,-2.7465910640578577,False,False
3,500,4,3,nb2 + zip + nb2,-2.74973677619719,False,False
3,500,5,3,nb2 + nb2 + poisson,-2.7503113171459397,False,False
3,500,6,3,poisson + nb2 + nb2,-2.7510818754222766,False,False
3,500,7,3,poisson + nb2 + poisson,-2.7558369655283808,False,False
3,500,8,2,nb2 + poisson,-2.7568101008782113,True,True
3,500,9,2,poisson + nb2,-2.7569629206099315,True,True
3,500,10,3,nb2 + poisson + poisson,-2.7571005851498787,False,False
3,1000,1,2,nb2 + nb2,-2.7360336829422995,False,True
3,1000,2,3,nb2 + zip + poisson,-2.7394791669215524,False,False
3,1000,3,3,poisson + poisson + zip,-2.7409772592697346,False,False
3,1000,4,3,zip + poisson + nb2,-2.743011720985053,False,False
3,1000,5,3,zip + nb2 + poisson,-2.743538614432408,False,False
3,1000,6,3,nb2 + poisson + zip,-2.7436974416183464,False,False
3,1000,7,3,poisson + nb2 + zip,-2.7438088938076115,False,False
3,1000,8,3,poisson + zip + nb2,-2.7439749943085423,False,False
3,1000,9,3,nb2 + zip + nb2,-2.7440697151322664,False,False
3,1000,10,3,zip + poisson + poisson,-2.7483016761008283,False,False
3,1500,1,2,nb2 + nb2,-2.69128226306163,False,True
3,1500,2,3,poisson + nb2 + nb2,-2.6950169366755277,False,False
3,1500,3,3,nb2 + poisson + nb2,-2.695093865888709,False,False
3,1500,4,3,nb2 + nb2 + poisson,-2.6971500872446943,False,False
3,1500,5,3,poisson + poisson + poisson,-2.7057546059671482,False,False
3,1500,6,3,poisson + poisson + zip,-2.70683359035817,False,False
3,1500,7,3,zip + nb2 + poisson,-2.7070477780282647,False,False
3,1500,8,3,poisson + nb2 + zip,-2.709306340278782,False,False
3,1500,9,3,nb2 + zip + poisson,-2.709952311084821,False,False
3,1500,10,3,poisson + poisson + nb2,-2.718446126705376,False,False
4,500,1,3,poisson + zip + poisson,-2.4968599077083273,False,False
4,500,2,2,poisson + zip,-2.4970695752917336,True,True
4,500,3,3,zip + poisson + nb2,-2.4970986539772158,False,False
4,500,4,2,zip + nb2,-2.4972860355473396,False,False
4,500,5,3,poisson + poisson + zip,-2.4977751592681035,False,False
4,500,6,3,zip + poisson + poisson,-2.4980737198893848,False,False
4,500,7,2,zip + zip,-2.498901368736189,False,True
4,500,8,3,nb2 + nb2 + poisson,-2.499082563804436,False,False
4,500,9,2,nb2 + zip,-2.499222960554114,False,False
4,500,10,2,zip + poisson,-2.4993181501307347,True,True
4,1000,1,2,poisson + zip,-2.4565126254693004,True,True
4,1000,2,3,zip + poisson + poisson,-2.4565833699772956,False,False
4,1000,3,2,zip + nb2,-2.457251141225357,False,False
4,1000,4,3,poisson + nb2 + nb2,-2.4573886198412143,False,False
4,1000,5,2,zip + zip,-2.4575433567762284,False,True
4,1000,6,2,zip + poisson,-2.457577932927823,True,True
4,1000,7,3,poisson + poisson + poisson,-2.4583938084345514,False,False
4,1000,8,3,poisson + zip + poisson,-2.458690182610583,False,False
4,1000,9,3,poisson + poisson + zip,-2.4592802270244767,False,False
4,1000,10,2,nb2 + zip,-2.4594729046834924,False,False
4,1500,1,3,poisson + zip + poisson,-2.4695815466549265,False,False
4,1500,2,3,zip + poisson + poisson,-2.4696668575100107,False,False
4,1500,3,2,zip + zip,-2.470042723713372,False,True
4,1500,4,3,nb2 + poisson + nb2,-2.4702026583798014,False,False
4,1500,5,3,poisson + poisson + zip,-2.4702715305630645,False,False
4,1500,6,2,zip + nb2,-2.470458149437751,False,False
4,1500,7,2,nb2 + zip,-2.4705353165355612,False,False
4,1500,8,2,zip + poisson,-2.4705583833862415,True,True
4,1500,9,3,poisson + nb2 + poisson,-2.471326256434886,False,False
4,1500,10,2,poisson + zip,-2.4714087639281317,True,True
1,500,1,2,student_t + skew_normal,-1.8814109365508769,False,False
1,500,2,2,student_t + gaussian,-1.8814489121251428,True,True
1,500,3,2,student_t + student_t,-1.8842700068386098,False,True
1,500,4,3,student_t + skew_normal + gaussian,-1.8911501654153584,False,False
1,500,5,3,student_t + gaussian + gaussian,-1.891150305759372,False,False
1,500,6,3,student_t + gaussian + skew_normal,-1.8911542610091288,False,False
1,500,7,3,student_t + student_t + gaussian,-1.892805633935408,False,False
1,500,8,3,gaussian + student_t + gaussian,-1.8994077637970943,False,False
1,500,9,2,gaussian + student_t,-1.9005374672911035,True,True
1,500,10,2,skew_normal + student_t,-1.9005374727810913,False,False
1,1000,1,2,student_t + student_t,-1.9013459634758423,False,True
1,1000,2,2,student_t + skew_normal,-1.9015739461033012,False,False
1,1000,3,2,student_t + gaussian,-1.9015774551387408,True,True
1,1000,4,3,student_t + skew_normal + skew_normal,-1.9019954806141395,False,False
1,1000,5,3,student_t + skew_normal + gaussian,-1.9019959404100752,False,False
1,1000,6,3,student_t + gaussian + skew_normal,-1.9019959955520098,False,False
1,1000,7,3,student_t + gaussian + gaussian,-1.901996475517305,False,False
1,1000,8,3,student_t + skew_normal + student_t,-1.9020931641953902,False,False
1,1000,9,3,student_t + gaussian + student_t,-1.9021011313256762,False,False
1,1000,10,3,student_t + student_t + student_t,-1.9028189060024447,False,False
1,1500,1,2,student_t + student_t,-1.8667579022654839,False,True
1,1500,2,2,student_t + gaussian,-1.8674271738060368,True,True
1,1500,3,2,student_t + skew_normal,-1.867427338109601,False,False
1,1500,4,3,student_t + student_t + student_t,-1.8674582141695655,False,False
1,1500,5,3,student_t + gaussian + student_t,-1.867566744284376,False,False
1,1500,6,3,student_t + skew_normal + student_t,-1.8675692109342334,False,False
1,1500,7,3,student_t + gaussian + gaussian,-1.8692676784406177,False,False
1,1500,8,3,student_t + gaussian + skew_normal,-1.8692679176603204,False,False
1,1500,9,3,student_t + skew_normal + gaussian,-1.8692681240501818,False,False
1,1500,10,3,student_t + skew_normal + skew_normal,-1.8692683648992283,False,False
2,500,1,2,lognormal + gamma,-1.0877047106624536,True,True
2,500,2,2,gamma + lognormal,-1.0877047106624536,True,True
2,500,3,2,lognormal + lognormal,-1.0888310516127857,False,False
2,500,4,2,inverse_gaussian + lognormal,-1.0952737281029532,False,False
2,500,5,2,lognormal + inverse_gaussian,-1.0952737281029532,False,False
2,500,6,3,lognormal + gamma + lognormal,-1.0993701085761427,False,False
2,500,7,3,lognormal + lognormal + gamma,-1.102288721209864,False,False
2,500,8,3,inverse_gaussian + lognormal + inverse_gaussian,-1.1027438955574953,False,False
2,500,9,3,inverse_gaussian + inverse_gaussian + lognormal,-1.1027438989872973,False,False
2,500,10,3,lognormal + inverse_gaussian + gamma,-1.1059468413861004,False,False
2,1000,1,2,lognormal + gamma,-1.0904798963729554,True,True
2,1000,2,2,gamma + lognormal,-1.0904798963729554,True,True
2,1000,3,2,lognormal + lognormal,-1.0915422179594165,False,False
2,1000,4,3,lognormal + inverse_gaussian + gamma,-1.094524311969733,False,False
2,1000,5,3,inverse_gaussian + lognormal + gamma,-1.0945612763069472,False,False
2,1000,6,3,gamma + lognormal + inverse_gaussian,-1.0945612802219067,False,False
2,1000,7,3,lognormal + inverse_gaussian + lognormal,-1.0957844595933557,False,False
2,1000,8,3,lognormal + lognormal + inverse_gaussian,-1.0958230773408182,False,False
2,1000,9,3,inverse_gaussian + lognormal + lognormal,-1.0958299720362144,False,False
2,1000,10,3,lognormal + gamma + gamma,-1.0963921868001416,False,False
2,1500,1,2,lognormal + gamma,-1.1637579875465183,True,True
2,1500,2,2,gamma + lognormal,-1.1637579875465183,True,True
2,1500,3,2,lognormal + lognormal,-1.164346102296801,False,False
2,1500,4,3,lognormal + lognormal + gamma,-1.1655990321322214,False,False
2,1500,5,3,lognormal + gamma + lognormal,-1.1656397964178633,False,False
2,1500,6,3,lognormal + lognormal + lognormal,-1.1657759723605077,False,False
2,1500,7,3,gamma + lognormal + inverse_gaussian,-1.1668694254032417,False,False
2,1500,8,3,gamma + inverse_gaussian + lognormal,-1.1669684838880159,False,False
2,1500,9,3,lognormal + inverse_gaussian + lognormal,-1.1689436477889614,False,False
2,1500,10,3,inverse_gaussian + lognormal + lognormal,-1.1691281008863599,False,False
3,500,1,2,nb2 + nb2,-2.7345872680913894,False,True
3,500,2,2,zip + nb2,-2.7438461610757114,False,False
3,500,3,3,zip + nb2 + poisson,-2.7445542759024146,False,False
3,500,4,3,poisson + nb2 + zip,-2.7477366201478035,False,False
3,500,5,3,zip + poisson + poisson,-2.7479134155676976,False,False
3,500,6,3,poisson + poisson + nb2,-2.749409854674435,False,False
3,500,7,3,zip + poisson + zip,-2.751311895576955,False,False
3,500,8,3,nb2 + poisson + nb2,-2.7513404531164816,False,False
3,500,9,3,poisson + poisson + zip,-2.7526464175776186,False,False
3,500,10,2,zip + zip,-2.75278585347841,False,False
3,1000,1,3,nb2 + nb2 + poisson,-2.7001691997806283,False,False
3,1000,2,3,poisson + nb2 + nb2,-2.7019075502301333,False,False
3,1000,3,3,nb2 + poisson + nb2,-2.704106126078355,False,False
3,1000,4,2,nb2 + nb2,-2.7052034605668167,False,True
3,1000,5,3,nb2 + poisson + poisson,-2.706892284991896,False,False
3,1000,6,3,poisson + poisson + nb2,-2.710177460223406,False,False
3,1000,7,3,poisson + nb2 + poisson,-2.710321346920935,False,False
3,1000,8,3,poisson + nb2 + zip,-2.7144181819988504,False,False
3,1000,9,2,nb2 + zip,-2.717042436801835,False,False
3,1000,10,2,zip + nb2,-2.7178707032938223,False,False
3,1500,1,2,nb2 + nb2,-2.7100639880194537,False,True
3,1500,2,3,poisson + poisson + poisson,-2.7262301360120818,False,False
3,1500,3,3,poisson + nb2 + poisson,-2.7293237740648246,False,False
3,1500,4,3,zip + poisson + nb2,-2.7304576958790503,False,False
3,1500,5,3,nb2 + poisson + poisson,-2.7305738489170763,False,False
3,1500,6,3,poisson + nb2 + zip,-2.7306055043554407,False,False
3,1500,7,3,poisson + zip + zip,-2.733475405499953,False,False
3,1500,8,2,zip + nb2,-2.733760415797043,False,False
3,1500,9,3,poisson + zip + nb2,-2.7340085005352357,False,False
3,1500,10,2,nb2 + zip,-2.734140411837612,False,False
4,500,1,3,poisson + zip + nb2,-2.424035669408658,False,False
4,500,2,2,nb2 + zip,-2.425169272024517,False,False
4,500,3,2,zip + nb2,-2.4253514457330847,False,False
4,500,4,3,zip + poisson + poisson,-2.4255809531690704,False,False
4,500,5,2,zip + poisson,-2.426403656933177,True,True
4,500,6,2,zip + zip,-2.42655423855703,False,True
4,500,7,2,poisson + zip,-2.426576962794525,True,True
4,500,8,3,poisson + zip + poisson,-2.4287822003193678,False,False
4,500,9,3,poisson + nb2 + zip,-2.429565691673971,False,False
4,500,10,3,nb2 + poisson + zip,-2.430330598086658,False,False
4,1000,1,2,zip + nb2,-2.406449450555266,False,False
4,1000,2,3,zip + poisson + poisson,-2.4073707435966933,False,False
4,1000,3,2,nb2 + zip,-2.4078465606057997,False,False
4,1000,4,2,zip + zip,-2.4080726343745473,False,True
4,1000,5,3,poisson + poisson + zip,-2.4082949056433063,False,False
4,1000,6,2,poisson + zip,-2.408448075623372,True,True
4,1000,7,2,zip + poisson,-2.410547238705919,True,True
4,1000,8,3,zip + poisson + nb2,-2.4110588144048872,False,False
4,1000,9,3,zip + nb2 + poisson,-2.4116138499919346,False,False
4,1000,10,3,nb2 + poisson + zip,-2.4116743132255953,False,False
4,1500,1,3,poisson + nb2 + poisson,-2.4053318899310816,False,False
4,1500,2,2,nb2 + zip,-2.4069009872292484,False,False
4,1500,3,2,zip + nb2,-2.406954552922728,False,False
4,1500,4,2,poisson + zip,-2.4071059943045294,True,True
4,1500,5,2,zip + poisson,-2.4071624043695246,True,True
4,1500,6,3,zip + poisson + poisson,-2.4074690305670394,False,False
4,1500,7,3,poisson + poisson + zip,-2.40766449964948,False,False
4,1500,8,3,nb2 + poisson + nb2,-2.408081403360856,False,False
4,1500,9,3,poisson + nb2 + nb2,-2.408272065132632,False,False
4,1500,10,2,zip + zip,-2.4087600824211064,False,True
1,500,1,2,student_t + skew_normal,-1.8591259577700283,False,False
1,500,2,2,student_t + gaussian,-1.8591263976634627,True,True
1,500,3,2,student_t + student_t,-1.8601565556090343,False,True
1,500,4,3,student_t + gaussian + gaussian,-1.8624209064096826,False,False
1,500,5,3,student_t + student_t + skew_normal,-1.8651822034795604,False,False
1,500,6,3,student_t + student_t + gaussian,-1.865183723042125,False,False
1,500,7,3,gaussian + gaussian + student_t,-1.8685421500749915,False,False
1,500,8,3,gaussian + student_t + student_t,-1.8704516364773462,False,False
1,500,9,2,skew_normal + student_t,-1.8757119496990093,False,False
1,500,10,2,gaussian + student_t,-1.8757128019937646,True,True
1,1000,1,2,student_t + student_t,-1.866575426618235,False,True
1,1000,2,2,student_t + skew_normal,-1.8670193696643307,False,False
1,1000,3,2,student_t + gaussian,-1.86702051802237,True,True
1,1000,4,3,student_t + gaussian + gaussian,-1.868394417694417,False,False
1,1000,5,3,student_t + gaussian + skew_normal,-1.8683945240345496,False,False
1,1000,6,3,student_t + skew_normal + gaussian,-1.8683989304810442,False,False
1,1000,7,3,student_t + student_t + gaussian,-1.8688470008546643,False,False
1,1000,8,3,student_t + gaussian + student_t,-1.8727247815098058,False,False
1,1000,9,3,gaussian + skew_normal + skew_normal,-1.8751597995768952,False,False
1,1000,10,3,gaussian + gaussian + skew_normal,-1.8751622363359042,False,False
1,1500,1,2,student_t + skew_normal,-1.8279356843228642,False,False
1,1500,2,2,student_t + gaussian,-1.8279357951434383,True,True
1,1500,3,3,student_t + skew_normal + gaussian,-1.828900601337482,False,False
1,1500,4,3,student_t + gaussian + gaussian,-1.8289017903900362,False,False
1,1500,5,3,student_t + gaussian + skew_normal,-1.828902032429703,False,False
1,1500,6,3,student_t + student_t + gaussian,-1.829702499226805,False,False
1,1500,7,2,student_t + student_t,-1.8303166229311005,False,True
1,1500,8,3,student_t + gaussian + student_t,-1.8332427257471882,False,False
1,1500,9,3,gaussian + gaussian + skew_normal,-1.8364693809130113,False,False
1,1500,10,3,gaussian + skew_normal + gaussian,-1.8364816200215983,False,False
2,500,1,2,lognormal + gamma,-1.0907400177697566,True,True
2,500,2,2,gamma + lognormal,-1.0907400177697566,True,True
2,500,3,2,lognormal + lognormal,-1.0908110986283168,False,False
2,500,4,2,inverse_gaussian + lognormal,-1.0981364075245172,False,False
2,500,5,2,lognormal + inverse_gaussian,-1.0981364075245172,False,False
2,500,6,3,lognormal + lognormal + gamma,-1.099760966717872,False,False
2,500,7,3,inverse_gaussian + gamma + gamma,-1.1004946232744601,False,False
2,500,8,3,gamma + inverse_gaussian + gamma,-1.1004946232744601,False,False
2,500,9,3,gamma + gamma + inverse_gaussian,-1.1005109583332369,False,False
2,500,10,3,gamma + lognormal + inverse_gaussian,-1.1019266278477717,False,False
2,1000,1,3,gamma + gamma + lognormal,-1.1355503498191852,False,False
2,1000,2,2,gamma + lognormal,-1.1358456396182104,True,True
2,1000,3,2,lognormal + lognormal,-1.136167513253563,False,False
2,1000,4,3,gamma + lognormal + lognormal,-1.1362576284303205,False,False
2,1000,5,3,lognormal + lognormal + gamma,-1.1362602337954966,False,False
2,1000,6,3,lognormal + gamma + lognormal,-1.1362783332637014,False,False
2,1000,7,3,lognormal + lognormal + lognormal,-1.136571982879785,False,False
2,1000,8,3,lognormal + gamma + inverse_gaussian,-1.1387150972551676,False,False
2,1000,9,3,gamma + inverse_gaussian + lognormal,-1.140563950063808,False,False
2,1000,10,3,gamma + lognormal + inverse_gaussian,-1.141353234732281,False,False
2,1500,1,2,gamma + lognormal,-1.1484469997962659,True,True
2,1500,2,2,lognormal + lognormal,-1.1495313937580023,False,False
2,1500,3,3,gamma + lognormal + lognormal,-1.1497122237347714,False,False
2,1500,4,3,lognormal + gamma + lognormal,-1.1497122237347714,False,False
2,1500,5,2,inverse_gaussian + lognormal,-1.151458207137604,False,False
2,1500,6,3,lognormal + gamma + inverse_gaussian,-1.152469042538416,False,False
2,1500,7,3,inverse_gaussian + gamma + lognormal,-1.1524690434614049,False,False
2,1500,8,3,gamma + inverse_gaussian + lognormal,-1.1524690434614049,False,False
2,1500,9,3,inverse_gaussian + lognormal + gamma,-1.1524690515265825,False,False
2,1500,10,3,gamma + gamma + inverse_gaussian,-1.1545816997551397,False,False
3,500,1,2,nb2 + nb2,-2.7028382941899833,False,True
3,500,2,3,poisson + nb2 + zip,-2.7205389787214385,False,False
3,500,3,3,zip + poisson + nb2,-2.7209836401074203,False,False
3,500,4,3,nb2 + nb2 + poisson,-2.723109103440747,False,False
3,500,5,3,nb2 + poisson + nb2,-2.7242804124522073,False,False
3,500,6,3,nb2 + poisson + poisson,-2.7271255707853577,False,False
3,500,7,3,zip + nb2 + poisson,-2.7296304633094253,False,False
3,500,8,3,poisson + poisson + nb2,-2.739374609675813,False,False
3,500,9,3,poisson + zip + poisson,-2.743228960845323,False,False
3,500,10,3,poisson + nb2 + poisson,-2.748155086416393,False,False
3,1000,1,2,nb2 + nb2,-2.6910504342929142,False,True
3,1000,2,3,zip + nb2 + poisson,-2.6962911355542847,False,False
3,1000,3,3,poisson + poisson + nb2,-2.6969598186860204,False,False
3,1000,4,3,poisson + nb2 + zip,-2.697264557535134,False,False
3,1000,5,3,poisson + nb2 + poisson,-2.6986204454462506,False,False
3,1000,6,2,zip + nb2,-2.699192057458539,False,False
3,1000,7,2,poisson + zip,-2.7004512564345333,False,False
3,1000,8,3,zip + poisson + poisson,-2.7007775845151274,False,False
3,1000,9,2,nb2 + zip,-2.7008226818803034,False,False
3,1000,10,2,zip + zip,-2.7012103571323465,False,False
3,1500,1,2,nb2 + nb2,-2.6979787427459656,False,True
3,1500,2,3,nb2 + nb2 + nb2,-2.698459725402344,False,False
3,1500,3,3,nb2 + poisson + nb2,-2.6987200670124856,False,False
3,1500,4,3,nb2 + nb2 + zip,-2.699471018499121,False,False
3,1500,5,3,nb2 + zip + nb2,-2.699619611052013,False,False
3,1500,6,3,zip + nb2 + nb2,-2.7000462099779035,False,False
3,1500,7,3,nb2 + nb2 + poisson,-2.7002628738439434,False,False
3,1500,8,3,poisson + nb2 + nb2,-2.700526871088441,False,False
3,1500,9,3,zip + poisson + nb2,-2.700879851134348,False,False
3,1500,10,3,zip + poisson + poisson,-2.7039448987081114,False,False
4,500,1,2,zip + nb2,-2.432280044323633,False,False
4,500,2,2,zip + poisson,-2.43297205117619,True,True
4,500,3,2,zip + zip,-2.433495215461838,False,True
4,500,4,2,poisson + zip,-2.4336167875833787,True,True
4,500,5,2,nb2 + zip,-2.4336720639653864,False,False
4,500,6,3,poisson + poisson + zip,-2.434041968554776,False,False
4,500,7,3,poisson + nb2 + poisson,-2.434718846061134,False,False
4,500,8,3,nb2 + nb2 + poisson,-2.434885923161563,False,False
4,500,9,3,poisson + poisson + poisson,-2.436585536555931,False,False
4,500,10,3,nb2 + zip + poisson,-2.436960887850978,False,False
4,1000,1,2,zip + nb2,-2.435556098301376,False,False
4,1000,2,3,poisson + poisson + zip,-2.4379733360879237,False,False
4,1000,3,2,zip + zip,-2.438022492566772,False,True
4,1000,4,2,nb2 + zip,-2.4381168226532592,False,False
4,1000,5,2,poisson + zip,-2.438146175400404,True,True
4,1000,6,2,zip + poisson,-2.4381878416562985,True,True
4,1000,7,3,nb2 + zip + poisson,-2.441655589729602,False,False
4,1000,8,3,nb2 + poisson + zip,-2.443198984986946,False,False
4,1000,9,3,poisson + nb2 + poisson,-2.4444101170939367,False,False
4,1000,10,3,poisson + nb2 + nb2,-2.444751058148875,False,False
4,1500,1,2,zip + nb2,-2.396999826132843,False,False
4,1500,2,3,poisson + zip + nb2,-2.397752852291601,False,False
4,1500,3,2,zip + zip,-2.398148436962494,False,True
4,1500,4,2,poisson + zip,-2.398520530080069,True,True
4,1500,5,3,zip + poisson + poisson,-2.398594264683896,False,False
4,1500,6,3,nb2 + poisson + nb2,-2.3986769932353997,False,False
4,1500,7,3,poisson + nb2 + nb2,-2.398694071985487,False,False
4,1500,8,3,nb2 + nb2 + poisson,-2.3987376112814696,False,False
4,1500,9,2,nb2 + zip,-2.399255604210165,False,False
4,1500,10,2,zip + poisson,-2.399459450449921,True,True
1,500,1,2,student_t + student_t,-1.8846072736780701,False,True
1,500,2,2,student_t + gaussian,-1.8846284368866775,True,True
1,500,3,2,student_t + skew_normal,-1.8846446266980112,False,False
1,500,4,2,skew_normal + student_t,-1.8921717714092812,False,False
1,500,5,3,student_t + gaussian + gaussian,-1.8924209599595747,False,False
1,500,6,3,student_t + gaussian + skew_normal,-1.8924230599735268,False,False
1,500,7,3,student_t + skew_normal + gaussian,-1.8924265346845794,False,False
1,500,8,3,student_t + skew_normal + skew_normal,-1.892428648347255,False,False
1,500,9,3,student_t + gaussian + student_t,-1.892633624934173,False,False
1,500,10,3,student_t + student_t + gaussian,-1.8934010851231058,False,False
1,1000,1,2,student_t + student_t,-1.8629208970242512,False,True
1,1000,2,2,student_t + skew_normal,-1.8630087815650362,False,False
1,1000,3,2,student_t + gaussian,-1.8630477646520265,True,True
1,1000,4,3,student_t + student_t + gaussian,-1.8632878217401003,False,False
1,1000,5,3,student_t + student_t + skew_normal,-1.8632880593970613,False,False
1,1000,6,3,student_t + skew_normal + gaussian,-1.8633617734247605,False,False
1,1000,7,3,student_t + skew_normal + skew_normal,-1.8633618351534653,False,False
1,1000,8,3,student_t + gaussian + gaussian,-1.8633889538990414,False,False
1,1000,9,3,student_t + gaussian + skew_normal,-1.8633890524833507,False,False
1,1000,10,3,student_t + student_t + student_t,-1.863592013908903,False,False
1,1500,1,2,student_t + student_t,-1.8383548943301686,False,True
1,1500,2,2,student_t + gaussian,-1.8383923972094716,True,True
1,1500,3,2,student_t + skew_normal,-1.8383924950277413,False,False
1,1500,4,3,student_t + student_t + gaussian,-1.8410522508350469,False,False
1,1500,5,3,student_t + student_t + skew_normal,-1.8410525580590091,False,False
1,1500,6,3,student_t + student_t + student_t,-1.8411387846216565,False,False
1,1500,7,3,student_t + skew_normal + gaussian,-1.8412845959286839,False,False
1,1500,8,3,student_t + skew_normal + skew_normal,-1.8412846369738465,False,False
1,1500,9,3,student_t + gaussian + skew_normal,-1.8412850949671071,False,False
1,1500,10,3,student_t + gaussian + gaussian,-1.8412852780648794,False,False
2,500,1,2,gamma + lognormal,-1.0891901760078504,True,True
2,500,2,3,lognormal + lognormal + inverse_gaussian,-1.0898860153712089,False,False
2,500,3,3,lognormal + inverse_gaussian + lognormal,-1.0898860190724646,False,False
2,500,4,2,lognormal + lognormal,-1.0903191065965747,False,False
2,500,5,2,lognormal + inverse_gaussian,-1.097571129501379,False,False
2,500,6,3,gamma + gamma + lognormal,-1.098600091108455,False,False
2,500,7,3,lognormal + gamma + lognormal,-1.0993560468057622,False,False
2,500,8,3,lognormal + lognormal + gamma,-1.0993642582211653,False,False
2,500,9,3,inverse_gaussian + lognormal + gamma,-1.1013737705554372,False,False
2,500,10,3,gamma + inverse_gaussian + lognormal,-1.102023400112605,False,False
2,1000,1,2,lognormal + lognormal,-1.1093789559723695,False,False
2,1000,2,2,lognormal + gamma,-1.109775188502117,True,True
2,1000,3,2,gamma + lognormal,-1.109775188502117,True,True
2,1000,4,3,lognormal + lognormal + lognormal,-1.110241740638096,False,False
2,1000,5,3,lognormal + lognormal + inverse_gaussian,-1.1144881164685976,False,False
2,1000,6,3,inverse_gaussian + gamma + lognormal,-1.1146256760463342,False,False
2,1000,7,3,lognormal + inverse_gaussian + gamma,-1.1146894589997998,False,False
2,1000,8,3,inverse_gaussian + lognormal + gamma,-1.1147446722306038,False,False
2,1000,9,3,lognormal + inverse_gaussian + lognormal,-1.1148456031139575,False,False
2,1000,10,2,lognormal + inverse_gaussian,-1.1153200181896072,False,False
2,1500,1,3,lognormal + lognormal + gamma,-1.107073594641946,False,False
2,1500,2,2,lognormal + gamma,-1.1076456688459115,True,True
2,1500,3,2,gamma + lognormal,-1.1076456688459115,True,True
2,1500,4,2,lognormal + lognormal,-1.1097826803938788,False,False
2,1500,5,3,lognormal + inverse_gaussian + gamma,-1.1118206874653602,False,False
2,1500,6,3,inverse_gaussian + gamma + lognormal,-1.1118206930196783,False,False
2,1500,7,3,inverse_gaussian + gamma + gamma,-1.111822525197618,False,False
2,1500,8,2,lognormal + inverse_gaussian,-1.114574290875118,False,False
2,1500,9,3,lognormal + gamma + inverse_gaussian,-1.1146802870825347,False,False
2,1500,10,3,gamma + inverse_gaussian + lognormal,-1.1147142227671034,False,False
3,500,1,2,nb2 + nb2,-2.69589911572021,False,True
3,500,2,3,poisson + zip + zip,-2.706329203159559,False,False
3,500,3,2,poisson + zip,-2.7075906389942928,False,False
3,500,4,3,poisson + poisson + zip,-2.707699077877936,False,False
3,500,5,2,zip + nb2,-2.7084784168351144,False,False
3,500,6,2,zip + poisson,-2.7106369932229764,False,False
3,500,7,2,nb2 + zip,-2.710779808424147,False,False
3,500,8,2,zip + zip,-2.711341449187217,False,False
3,500,9,3,zip + zip + poisson,-2.712080337442946,False,False
3,500,10,3,zip + poisson + poisson,-2.7150170787986854,False,False
3,1000,1,2,nb2 + nb2,-2.70481016957043,False,True
3,1000,2,3,poisson + zip + poisson,-2.7116830790661433,False,False
3,1000,3,3,zip + nb2 + zip,-2.7127251856049543,False,False
3,1000,4,3,zip + zip + nb2,-2.7150772729843613,False,False
3,1000,5,3,zip + poisson + nb2,-2.7154283408231077,False,False
3,1000,6,2,poisson + zip,-2.715794463454089,False,False
3,1000,7,3,zip + poisson + poisson,-2.7158551209243904,False,False
3,1000,8,3,poisson + poisson + nb2,-2.7161060707051656,False,False
3,1000,9,2,zip + poisson,-2.7161266144442964,False,False
3,1000,10,3,zip + nb2 + poisson,-2.7164762860389855,False,False
3,1500,1,3,poisson + nb2 + nb2,-2.6899260723093046,False,False
3,1500,2,3,zip + nb2 + nb2,-2.691592765674138,False,False
3,1500,3,2,nb2 + nb2,-2.6917120356924524,False,True
3,1500,4,3,nb2 + nb2 + poisson,-2.692194507392082,False,False
3,1500,5,3,nb2 + poisson + nb2,-2.6934319475278334,False,False
3,1500,6,3,nb2 + nb2 + zip,-2.69545795897099,False,False
3,1500,7,3,nb2 + poisson + zip,-2.69877828298474,False,False
3,1500,8,3,nb2 + zip + poisson,-2.699199192853149,False,False
3,1500,9,3,zip + poisson + nb2,-2.700702107662616,False,False
3,1500,10,2,zip + nb2,-2.7020162279363475,False,False
4,500,1,3,zip + poisson + poisson,-2.4659821685425074,False,False
4,500,2,3,zip + poisson + zip,-2.4821666843117267,False,False
4,500,3,3,poisson + poisson + zip,-2.483618868380032,False,False
4,500,4,2,nb2 + nb2,-2.4836710310760193,False,False
4,500,5,3,nb2 + poisson + nb2,-2.4855390327666465,False,False
4,500,6,2,poisson + zip,-2.4864224978573195,True,True
4,500,7,2,zip + zip,-2.4879751662084675,False,True
4,500,8,3,poisson + zip + poisson,-2.4968045776850114,False,False
4,500,9,3,poisson + poisson + poisson,-2.5055121450691447,False,False
4,500,10,3,zip + nb2 + poisson,-2.505943644188422,False,False
4,1000,1,2,zip + nb2,-2.4168669263427667,False,False
4,1000,2,3,zip + poisson + nb2,-2.4168694428713327,False,False
4,1000,3,2,zip + zip,-2.417301131720367,False,True
4,1000,4,2,nb2 + zip,-2.417302705560146,False,False
4,1000,5,2,zip + poisson,-2.4173925860712684,True,True
4,1000,6,2,poisson + zip,-2.418022278088599,True,True
4,1000,7,3,poisson + zip + poisson,-2.4187065403919594,False,False
4,1000,8,3,nb2 + poisson + poisson,-2.419802462420688,False,False
4,1000,9,3,poisson + poisson + poisson,-2.4200525131097246,False,False
4,1000,10,3,poisson + poisson + zip,-2.42074831208091,False,False
4,1500,1,3,poisson + nb2 + nb2,-2.404192573520064,False,False
4,1500,2,2,zip + poisson,-2.4069764001547402,True,True
4,1500,3,3,zip + poisson + poisson,-2.4072432292690036,False,False
4,1500,4,2,poisson + zip,-2.4076549297806187,True,True
4,1500,5,2,zip + zip,-2.407962874820456,False,True
4,1500,6,2,nb2 + zip,-2.409825028126712,False,False
4,1500,7,2,zip + nb2,-2.409841221510579,False,False
4,1500,8,3,poisson + poisson + zip,-2.410635351907987,False,False
4,1500,9,3,poisson + zip + nb2,-2.4118474955614273,False,False
4,1500,10,3,poisson + zip + poisson,-2.4126659682501175,False,False
1,500,1,2,student_t + gaussian,-1.8871970590457112,True,True
1,500,2,2,student_t + skew_normal,-1.8872054722481826,False,False
1,500,3,2,student_t + student_t,-1.8876183683851127,False,True
1,500,4,3,student_t + gaussian + student_t,-1.896551914675359,False,False
1,500,5,3,student_t + gaussian + skew_normal,-1.8973809383103062,False,False
1,500,6,3,student_t + skew_normal + gaussian,-1.8973811940845686,False,False
1,500,7,3,student_t + gaussian + gaussian,-1.8973815755057584,False,False
1,500,8,3,student_t + student_t + gaussian,-1.8976076662953782,False,False
1,500,9,2,skew_normal + student_t,-1.905011118854769,False,False
1,500,10,2,gaussian + student_t,-1.9050152976628292,True,True
1,1000,1,2,student_t + gaussian,-1.8619699992525467,True,True
1,1000,2,2,student_t + skew_normal,-1.8619700195591466,False,False
1,1000,3,2,student_t + student_t,-1.8620231924226676,False,True
1,1000,4,3,student_t + gaussian + student_t,-1.8649631029136595,False,False
1,1000,5,3,student_t + skew_normal + gaussian,-1.8660982001372899,False,False
1,1000,6,3,student_t + gaussian + gaussian,-1.8660990303382865,False,False
1,1000,7,3,student_t + gaussian + skew_normal,-1.866101212802623,False,False
1,1000,8,3,student_t + student_t + gaussian,-1.8666256707930666,False,False
1,1000,9,3,gaussian + gaussian + student_t,-1.8730724143366229,False,False
1,1000,10,2,gaussian + student_t,-1.8763684727670369,True,True
1,1500,1,2,student_t + skew_normal,-1.8211949465825392,False,False
1,1500,2,2,student_t + gaussian,-1.8211952091179269,True,True
1,1500,3,2,student_t + student_t,-1.8224668879789876,False,True
1,1500,4,3,student_t + student_t + skew_normal,-1.8234307632678364,False,False
1,1500,5,3,student_t + student_t + gaussian,-1.8234309898969006,False,False
1,1500,6,3,student_t + skew_normal + gaussian,-1.8234965974494237,False,False
1,1500,7,3,student_t + skew_normal + skew_normal,-1.823496636684558,False,False
1,1500,8,3,student_t + gaussian + gaussian,-1.823496679955705,False,False
1,1500,9,3,student_t + gaussian + skew_normal,-1.8234966852865797,False,False
1,1500,10,3,student_t + skew_normal + student_t,-1.8243654790454975,False,False
2,500,1,2,lognormal + gamma,-1.0997544443393037,True,True
2,500,2,2,lognormal + lognormal,-1.1021713227377536,False,False
2,500,3,2,inverse_gaussian + lognormal,-1.1074983247368033,False,False
2,500,4,2,lognormal + inverse_gaussian,-1.1075028736952852,False,False
2,500,5,2,inverse_gaussian + inverse_gaussian,-1.118638847612749,False,False
2,500,6,3,lognormal + lognormal + gamma,-1.1288857828313266,False,False
2,500,7,3,gamma + lognormal + gamma,-1.129200208303409,False,False
2,500,8,3,lognormal + gamma + lognormal,-1.1293790928420133,False,False
2,500,9,3,gamma + lognormal + lognormal,-1.1293790928420133,False,False
2,500,10,3,lognormal + lognormal + lognormal,-1.134405788091203,False,False
2,1000,1,2,lognormal + gamma,-1.1823921643860456,True,True
2,1000,2,2,gamma + lognormal,-1.1823921643860456,True,True
2,1000,3,2,lognormal + lognormal,-1.1846045856779355,False,False
2,1000,4,3,lognormal + lognormal + gamma,-1.1870023878635143,False,False
2,1000,5,3,lognormal + gamma + lognormal,-1.1870024467112572,False,False
2,1000,6,3,inverse_gaussian + lognormal + gamma,-1.1889838972730344,False,False
2,1000,7,3,lognormal + gamma + inverse_gaussian,-1.1889839236427315,False,False
2,1000,8,3,lognormal + lognormal + lognormal,-1.1892591430841235,False,False
2,1000,9,3,gamma + lognormal + lognormal,-1.1894311972022076,False,False
2,1000,10,3,inverse_gaussian + lognormal + lognormal,-1.1914137249840537,False,False
2,1500,1,3,gamma + inverse_gaussian + lognormal,-1.1316178532906287,False,False
2,1500,2,2,lognormal + gamma,-1.131773766148697,True,True
2,1500,3,2,lognormal + lognormal,-1.1321933957223365,False,False
2,1500,4,3,lognormal + lognormal + gamma,-1.1323661914321774,False,False
2,1500,5,3,lognormal + gamma + lognormal,-1.1323661946418007,False,False
2,1500,6,3,gamma + lognormal + lognormal,-1.1323661946418007,False,False
2,1500,7,3,lognormal + lognormal + lognormal,-1.1325774060089806,False,False
2,1500,8,3,lognormal + lognormal + inverse_gaussian,-1.1336196628220516,False,False
2,1500,9,3,inverse_gaussian + lognormal + lognormal,-1.1336196633056912,False,False
2,1500,10,3,lognormal + gamma + gamma,-1.135444895044334,False,False
3,500,1,2,nb2 + nb2,-2.693591966732967,False,True
3,500,2,3,zip + nb2 + poisson,-2.695161942407024,False,False
3,500,3,3,nb2 + nb2 + poisson,-2.6985215861774225,False,False
3,500,4,3,poisson + nb2 + nb2,-2.698601016193802,False,False
3,500,5,3,nb2 + poisson + zip,-2.699378239432438,False,False
3,500,6,3,poisson + poisson + poisson,-2.700129577339745,False,False
3,500,7,3,nb2 + zip + poisson,-2.7026461922985874,False,False
3,500,8,2,poisson + zip,-2.7056668021273755,False,False
3,500,9,2,zip + zip,-2.7059035712183914,False,False
3,500,10,2,zip + nb2,-2.706618622591782,False,False
3,1000,1,3,nb2 + nb2 + zip,-2.752706976456694,False,False
3,1000,2,3,nb2 + nb2 + poisson,-2.7541502843869767,False,False
3,1000,3,3,nb2 + nb2 + nb2,-2.754375204529788,False,False
3,1000,4,2,nb2 + nb2,-2.755207308639894,False,True
3,1000,5,3,zip + nb2 + nb2,-2.7567129727157753,False,False
3,1000,6,3,nb2 + zip + nb2,-2.7582251202894197,False,False
3,1000,7,3,nb2 + poisson + nb2,-2.758351521522787,False,False
3,1000,8,3,poisson + nb2 + nb2,-2.758843927162105,False,False
3,1000,9,3,zip + poisson + zip,-2.765166370670856,False,False
3,1000,10,3,zip + poisson + poisson,-2.765828838502227,False,False
3,1500,1,2,nb2 + nb2,-2.7447879652501443,False,True
3,1500,2,3,zip + zip + poisson,-2.7467568870264256,False,False
3,1500,3,3,nb2 + nb2 + nb2,-2.746910558576222,False,False
3,1500,4,3,nb2 + nb2 + zip,-2.7469131818678854,False,False
3,1500,5,3,poisson + nb2 + nb2,-2.7478554758981635,False,False
3,1500,6,3,zip + nb2 + nb2,-2.747868766754008,False,False
3,1500,7,3,nb2 + nb2 + poisson,-2.7492084793348384,False,False
3,1500,8,3,nb2 + zip + nb2,-2.7502695872316383,False,False
3,1500,9,3,nb2 + poisson + nb2,-2.7503877895661355,False,False
3,1500,10,3,zip + poisson + nb2,-2.7520162172606737,False,False
4,500,1,2,zip + nb2,-2.438637292142332,False,False
4,500,2,2,nb2 + zip,-2.4416049532258586,False,False
4,500,3,2,zip + zip,-2.4418683850127807,False,True
4,500,4,2,zip + poisson,-2.4421578219644533,True,True
4,500,5,2,poisson + zip,-2.442298308873589,True,True
4,500,6,3,poisson + zip + nb2,-2.4448428935652355,False,False
4,500,7,3,poisson + nb2 + nb2,-2.446198940703053,False,False
4,500,8,3,zip + poisson + poisson,-2.4466445082252495,False,False
4,500,9,3,nb2 + poisson + nb2,-2.447925647465292,False,False
4,500,10,3,zip + nb2 + poisson,-2.449927703944677,False,False
4,1000,1,2,zip + poisson,-2.408968752260064,True,True
4,1000,2,2,zip + zip,-2.409127986971972,False,True
4,1000,3,2,poisson + zip,-2.409562191650162,True,True
4,1000,4,3,poisson + nb2 + poisson,-2.4103607810789778,False,False
4,1000,5,2,nb2 + zip,-2.4116602764205175,False,False
4,1000,6,3,zip + poisson + zip,-2.4119498939614736,False,False
4,1000,7,2,zip + nb2,-2.412678967269427,False,False
4,1000,8,3,poisson + poisson + zip,-2.413466726474968,False,False
4,1000,9,3,zip + nb2 + poisson,-2.413550564863473,False,False
4,1000,10,3,poisson + zip + poisson,-2.4151647895655177,False,False
4,1500,1,2,zip + zip,-2.4609719325262867,False,True
4,1500,2,2,zip + poisson,-2.4610693335445024,True,True
4,1500,3,2,poisson + zip,-2.4611711397810794,True,True
4,1500,4,2,zip + nb2,-2.461323341059884,False,False
4,1500,5,3,poisson + nb2 + nb2,-2.4617943442218473,False,False
4,1500,6,2,nb2 + zip,-2.461856139553599,False,False
4,1500,7,3,poisson + poisson + zip,-2.4622419906867545,False,False
4,1500,8,3,nb2 + nb2 + poisson,-2.463055496347067,False,False
4,1500,9,3,poisson + zip + poisson,-2.463272624258347,False,False
4,1500,10,3,poisson + nb2 + poisson,-2.464390424699157,False,False
1,500,1,2,student_t + student_t,-1.8219684560650908,False,True
1,500,2,2,student_t + gaussian,-1.8220768118221624,True,True
1,500,3,2,student_t + skew_normal,-1.8221060997019394,False,False
1,500,4,2,skew_normal + student_t,-1.8309144067014655,False,False
1,500,5,2,gaussian + student_t,-1.8309165786266477,True,True
1,500,6,2,skew_normal + skew_normal,-1.8315083624002855,False,False
1,500,7,2,gaussian + skew_normal,-1.831509381333836,False,False
1,500,8,2,skew_normal + gaussian,-1.831511670231809,False,False
1,500,9,2,gaussian + gaussian,-1.8315126855568582,False,False
1,500,10,3,student_t + student_t + gaussian,-1.8345983494962657,False,False
1,1000,1,2,student_t + student_t,-1.8572758198172468,False,True
1,1000,2,2,student_t + skew_normal,-1.8575620703269373,False,False
1,1000,3,2,student_t + gaussian,-1.8575677514386617,True,True
1,1000,4,3,student_t + student_t + gaussian,-1.8585226071432908,False,False
1,1000,5,3,student_t + gaussian + gaussian,-1.858608692543599,False,False
1,1000,6,3,student_t + gaussian + skew_normal,-1.8586090070422583,False,False
1,1000,7,3,student_t + skew_normal + gaussian,-1.8586103150746756,False,False
1,1000,8,3,student_t + gaussian + student_t,-1.8616989864752391,False,False
1,1000,9,2,skew_normal + gaussian,-1.8647201316406206,False,False
1,1000,10,2,gaussian + gaussian,-1.8647211687619343,False,False
1,1500,1,2,student_t + student_t,-1.8417572890766314,False,True
1,1500,2,2,student_t + skew_normal,-1.8417974381834545,False,False
1,1500,3,2,student_t + gaussian,-1.8417975556241422,True,True
1,1500,4,3,student_t + skew_normal + skew_normal,-1.844422513263428,False,False
1,1500,5,3,student_t + gaussian + skew_normal,-1.8444225808161105,False,False
1,1500,6,3,student_t + skew_normal + gaussian,-1.8444231007116245,False,False
1,1500,7,3,student_t + gaussian + gaussian,-1.8444231698700069,False,False
1,1500,8,3,student_t + gaussian + student_t,-1.844465367421068,False,False
1,1500,9,3,student_t + skew_normal + student_t,-1.8444673436527845,False,False
1,1500,10,3,student_t + student_t + student_t,-1.8445172695850425,False,False
2,500,1,2,lognormal + gamma,-1.1606697227790779,True,True
2,500,2,2,gamma + lognormal,-1.1606697227790779,True,True
2,500,3,2,lognormal + lognormal,-1.1613269618596895,False,False
2,500,4,2,lognormal + inverse_gaussian,-1.1683465035116738,False,False
2,500,5,3,gamma + gamma + lognormal,-1.1913567063160724,False,False
2,500,6,3,lognormal + gamma + lognormal,-1.1929580637223982,False,False
2,500,7,3,lognormal + lognormal + gamma,-1.1958358290796256,False,False
2,500,8,3,gamma + lognormal + lognormal,-1.1958358752790643,False,False
2,500,9,3,lognormal + lognormal + lognormal,-1.1986648738991772,False,False
2,500,10,3,lognormal + gamma + inverse_gaussian,-1.2023570296752322,False,False
2,1000,1,2,lognormal + gamma,-1.1679879181508723,True,True
2,1000,2,2,gamma + lognormal,-1.1679879181508723,True,True
2,1000,3,2,lognormal + lognormal,-1.1705839513183218,False,False
2,1000,4,3,gamma + lognormal + lognormal,-1.17549409350459,False,False
2,1000,5,3,lognormal + lognormal + gamma,-1.1755299756025903,False,False
2,1000,6,3,lognormal + lognormal + lognormal,-1.1763020373575954,False,False
2,1000,7,2,inverse_gaussian + lognormal,-1.1786172682013305,False,False
2,1000,8,2,lognormal + inverse_gaussian,-1.1786172682013305,False,False
2,1000,9,3,gamma + lognormal + gamma,-1.1816266739422645,False,False
2,1000,10,3,gamma + gamma + lognormal,-1.181626678626574,False,False
2,1500,1,2,lognormal + gamma,-1.206787288706993,True,True
2,1500,2,3,lognormal + gamma + lognormal,-1.208737932197002,False,False
2,1500,3,2,lognormal + lognormal,-1.209451107982219,False,False
2,1500,4,3,inverse_gaussian + gamma + lognormal,-1.2104726180822836,False,False
2,1500,5,3,inverse_gaussian + lognormal + gamma,-1.2104726351024735,False,False
2,1500,6,3,lognormal + inverse_gaussian + gamma,-1.2104726351024735,False,False
2,1500,7,3,lognormal + gamma + gamma,-1.2109001582831445,False,False
2,1500,8,3,gamma + gamma + gamma,-1.2111648980452203,False,False
2,1500,9,3,lognormal + lognormal + gamma,-1.2134519096080651,False,False
2,1500,10,3,gamma + lognormal + lognormal,-1.2135173400467898,False,False
3,500,1,2,nb2 + nb2,-2.697127945303704,False,True
3,500,2,3,poisson + zip + poisson,-2.6994856908478524,False,False
3,500,3,3,nb2 + nb2 + poisson,-2.7034097385520437,False,False
3,500,4,3,poisson + poisson + nb2,-2.703787444403089,False,False
3,500,5,3,nb2 + poisson + nb2,-2.7039358632623656,False,False
3,500,6,3,poisson + nb2 + zip,-2.704484669902221,False,False
3,500,7,3,nb2 + poisson + poisson,-2.7045985520799003,False,False
3,500,8,3,poisson + nb2 + nb2,-2.704683194060439,False,False
3,500,9,3,nb2 + zip + poisson,-2.7049780375824066,False,False
3,500,10,3,poisson + poisson + poisson,-2.70505465631651,False,False
3,1000,1,2,nb2 + nb2,-2.683654805378593,False,True
3,1000,2,3,zip + nb2 + poisson,-2.694802107753025,False,False
3,1000,3,3,nb2 + poisson + nb2,-2.6952947201481234,False,False
3,1000,4,3,poisson + nb2 + zip,-2.695953059584744,False,False
3,1000,5,3,poisson + zip + nb2,-2.6963608435412216,False,False
3,1000,6,3,poisson + poisson + zip,-2.696969180478257,False,False
3,1000,7,3,nb2 + poisson + zip,-2.697280742283007,False,False
3,1000,8,3,zip + poisson + nb2,-2.697997287160116,False,False
3,1000,9,2,zip + zip,-2.6989179856903185,False,False
3,1000,10,2,poisson + zip,-2.6991647452187872,False,False
3,1500,1,2,nb2 + nb2,-2.740025021422637,False,True
3,1500,2,3,nb2 + poisson + zip,-2.7435095568277656,False,False
3,1500,3,3,poisson + nb2 + nb2,-2.743943620402698,False,False
3,1500,4,3,nb2 + zip + poisson,-2.744900548260319,False,False
3,1500,5,3,nb2 + poisson + nb2,-2.7458455542778037,False,False
3,1500,6,3,zip + nb2 + poisson,-2.7459125171457917,False,False
3,1500,7,2,zip + nb2,-2.7492794999642154,False,False
3,1500,8,2,nb2 + zip,-2.7499928060890317,False,False
3,1500,9,3,poisson + nb2 + poisson,-2.7501141805710194,False,False
3,1500,10,2,zip + poisson,-2.7501524218277247,False,False
4,500,1,2,zip + nb2,-2.427951193187602,False,False
4,500,2,2,zip + zip,-2.4291590328697303,False,True
4,500,3,2,nb2 + zip,-2.429627979552916,False,False
4,500,4,3,poisson + nb2 + zip,-2.4304007407883144,False,False
4,500,5,2,poisson + zip,-2.430836288108785,True,True
4,500,6,2,zip + poisson,-2.431176880628453,True,True
4,500,7,3,zip + poisson + poisson,-2.4325516738557775,False,False
4,500,8,3,poisson + poisson + zip,-2.4328258459068866,False,False
4,500,9,3,poisson + nb2 + poisson,-2.4353151931319754,False,False
4,500,10,2,nb2 + nb2,-2.4356306766230182,False,False
4,1000,1,2,poisson + zip,-2.42319406463813,True,True
4,1000,2,2,zip + zip,-2.423716302206778,False,True
4,1000,3,2,zip + poisson,-2.423767194631622,True,True
4,1000,4,2,zip + nb2,-2.4248084750519103,False,False
4,1000,5,2,nb2 + zip,-2.425085341935287,False,False
4,1000,6,3,nb2 + poisson + poisson,-2.42626700751273,False,False
4,1000,7,3,poisson + poisson + zip,-2.4275329021133434,False,False
4,1000,8,3,nb2 + poisson + zip,-2.427735486446971,False,False
4,1000,9,3,poisson + zip + poisson,-2.428608584413345,False,False
4,1000,10,3,poisson + nb2 + nb2,-2.428668292425818,False,False
4,1500,1,2,zip + nb2,-2.449808513455073,False,False
4,1500,2,2,nb2 + zip,-2.4500046546610865,False,False
4,1500,3,2,poisson + zip,-2.4505895135724503,True,True
4,1500,4,2,zip + poisson,-2.451392727720782,True,True
4,1500,5,3,poisson + poisson + zip,-2.451474764736913,False,False
4,1500,6,3,nb2 + poisson + nb2,-2.4515002248750193,False,False
4,1500,7,2,zip + zip,-2.4518661231764622,False,True
4,1500,8,3,zip + poisson + poisson,-2.4521327626020986,False,False
4,1500,9,3,nb2 + poisson + poisson,-2.4522445695149595,False,False
4,1500,10,3,nb2 + zip + poisson,-2.453227008986505,False,False
1,500,1,2,student_t + skew_normal,-1.8632685808211669,False,False
1,500,2,2,student_t + gaussian,-1.8632749788099263,True,True
1,500,3,2,student_t + student_t,-1.8632851146705365,False,True
1,500,4,3,student_t + skew_normal + gaussian,-1.87087877904327,False,False
1,500,5,3,student_t + gaussian + skew_normal,-1.8708811676650452,False,False
1,500,6,3,student_t + gaussian + gaussian,-1.8708814695963443,False,False
1,500,7,3,student_t + skew_normal + skew_normal,-1.8708843818257554,False,False
1,500,8,3,student_t + student_t + skew_normal,-1.8710688596932907,False,False
1,500,9,3,student_t + student_t + gaussian,-1.871070340865314,False,False
1,500,10,3,student_t + gaussian + student_t,-1.8717463687342681,False,False
1,1000,1,2,student_t + gaussian,-1.8316032077189275,True,True
1,1000,2,2,student_t + skew_normal,-1.8316040131100697,False,False
1,1000,3,3,student_t + gaussian + gaussian,-1.8318474995020164,False,False
1,1000,4,3,student_t + student_t + gaussian,-1.8340146803656017,False,False
1,1000,5,2,student_t + student_t,-1.8355322478312854,False,True
1,1000,6,3,student_t + gaussian + student_t,-1.8373059618003336,False,False
1,1000,7,3,gaussian + student_t + skew_normal,-1.8387560306048236,False,False
1,1000,8,3,skew_normal + student_t + gaussian,-1.8387584226417124,False,False
1,1000,9,3,gaussian + student_t + gaussian,-1.8387598269222536,False,False
1,1000,10,2,gaussian + skew_normal,-1.8394795845472862,False,False
1,1500,1,2,student_t + skew_normal,-1.8570948094961501,False,False
1,1500,2,2,student_t + gaussian,-1.857094909273576,True,True
1,1500,3,2,student_t + student_t,-1.8571641413317512,False,True
1,1500,4,3,student_t + student_t + gaussian,-1.8613612859639121,False,False
1,1500,5,3,student_t + student_t + skew_normal,-1.8613621459452343,False,False
1,1500,6,3,student_t + skew_normal + gaussian,-1.8614346057701407,False,False
1,1500,7,3,student_t + skew_normal + skew_normal,-1.8614346939685775,False,False
1,1500,8,3,student_t + gaussian + gaussian,-1.8614369535980622,False,False
1,1500,9,3,student_t + gaussian + skew_normal,-1.861437462937602,False,False
1,1500,10,3,student_t + gaussian + student_t,-1.861674157787949,False,False
2,500,1,2,lognormal + gamma,-1.1116136152713174,True,True
2,500,2,2,gamma + lognormal,-1.1116191637138932,True,True
2,500,3,2,lognormal + lognormal,-1.1131048058344104,False,False
2,500,4,3,inverse_gaussian + lognormal + gamma,-1.1283220252818906,False,False
2,500,5,3,lognormal + lognormal + gamma,-1.129420103990594,False,False
2,500,6,3,gamma + gamma + lognormal,-1.1295933859132379,False,False
2,500,7,3,lognormal + gamma + lognormal,-1.129710230135086,False,False
2,500,8,3,gamma + inverse_gaussian + gamma,-1.1305697298723567,False,False
2,500,9,3,gamma + gamma + inverse_gaussian,-1.1305899208779924,False,False
2,500,10,3,inverse_gaussian + gamma + gamma,-1.1305899245206157,False,False
2,1000,1,2,lognormal + lognormal,-1.068919535779764,False,False
2,1000,2,2,lognormal + gamma,-1.069003022144394,True,True
2,1000,3,2,gamma + lognormal,-1.069003022144394,True,True
2,1000,4,3,lognormal + lognormal + gamma,-1.0705237660731923,False,False
2,1000,5,3,inverse_gaussian + gamma + inverse_gaussian,-1.0819787896216053,False,False
2,1000,6,3,inverse_gaussian + inverse_gaussian + gamma,-1.082013811778347,False,False
2,1000,7,3,lognormal + inverse_gaussian + lognormal,-1.0851432658997686,False,False
2,1000,8,3,inverse_gaussian + lognormal + lognormal,-1.0852168784823584,False,False
2,1000,9,3,lognormal + gamma + inverse_gaussian,-1.0856977649944948,False,False
2,1000,10,3,lognormal + gamma + lognormal,-1.0861628481343797,False,False
2,1500,1,2,lognormal + gamma,-1.1346099267485539,True,True
2,1500,2,2,gamma + lognormal,-1.1346099267485539,True,True
2,1500,3,3,lognormal + lognormal + gamma,-1.1359490975818505,False,False
2,1500,4,3,gamma + lognormal + lognormal,-1.1359792348033275,False,False
2,1500,5,2,lognormal + lognormal,-1.136414173303358,False,False
2,1500,6,3,inverse_gaussian + lognormal + gamma,-1.1374789150055098,False,False
2,1500,7,3,lognormal + lognormal + lognormal,-1.1379579940264843,False,False
2,1500,8,3,lognormal + gamma + gamma,-1.138184060570486,False,False
2,1500,9,3,gamma + lognormal + gamma,-1.1381840693854228,False,False
2,1500,10,3,lognormal + lognormal + inverse_gaussian,-1.1383219153897794,False,False
3,500,1,2,nb2 + nb2,-2.719420004244881,False,True
3,500,2,3,nb2 + zip + poisson,-2.7205941767780417,False,False
3,500,3,3,poisson + nb2 + zip,-2.7209289865699593,False,False
3,500,4,3,poisson + zip + nb2,-2.726052541473517,False,False
3,500,5,2,poisson + zip,-2.726235372180134,False,False
3,500,6,3,nb2 + poisson + zip,-2.7263834984695494,False,False
3,500,7,2,zip + poisson,-2.7264851321749766,False,False
3,500,8,2,zip + zip,-2.7265638656068556,False,False
3,500,9,2,zip + nb2,-2.727227406733743,False,False
3,500,10,2,nb2 + zip,-2.7279166050441397,False,False
3,1000,1,2,nb2 + nb2,-2.722850294325483,False,True
3,1000,2,3,poisson + nb2 + zip,-2.7358170759560436,False,False
3,1000,3,3,nb2 + zip + poisson,-2.7368122930194287,False,False
3,1000,4,3,zip + poisson + poisson,-2.736937213637741,False,False
3,1000,5,3,poisson + zip + poisson,-2.7371907292602797,False,False
3,1000,6,3,zip + poisson + nb2,-2.738148253633197,False,False
3,1000,7,3,nb2 + poisson + nb2,-2.740690426388876,False,False
3,1000,8,3,poisson + nb2 + nb2,-2.7418413187465287,False,False
3,1000,9,3,poisson + poisson + poisson,-2.7420478062706084,False,False
3,1000,10,2,zip + nb2,-2.742549440939875,False,False
3,1500,1,3,nb2 + nb2 + zip,-2.6988687376109777,False,False
3,1500,2,3,nb2 + poisson + nb2,-2.699129924005743,False,False
3,1500,3,3,nb2 + zip + nb2,-2.699201393135276,False,False
3,1500,4,3,zip + nb2 + nb2,-2.6996177115831452,False,False
3,1500,5,3,nb2 + nb2 + poisson,-2.699779448264456,False,False
3,1500,6,3,poisson + nb2 + nb2,-2.699807728397744,False,False
3,1500,7,3,nb2 + nb2 + nb2,-2.6999940398983457,False,False
3,1500,8,2,nb2 + nb2,-2.7005446333142644,False,True
3,1500,9,3,poisson + poisson + zip,-2.7039201367849075,False,False
3,1500,10,3,poisson + poisson + poisson,-2.7103409397436993,False,False
4,500,1,2,poisson + zip,-2.446711121988464,True,True
4,500,2,2,zip + zip,-2.447083893722962,False,True
4,500,3,2,zip + nb2,-2.447160548446146,False,False
4,500,4,2,zip + poisson,-2.448655346820964,True,True
4,500,5,3,zip + poisson + poisson,-2.4521497747669696,False,False
4,500,6,3,nb2 + poisson + zip,-2.4556262433384672,False,False
4,500,7,2,nb2 + zip,-2.457161911813066,False,False
4,500,8,3,zip + poisson + nb2,-2.4610349564848626,False,False
4,500,9,3,poisson + zip + poisson,-2.461754571069205,False,False
4,500,10,2,nb2 + nb2,-2.46514315569175,False,False
4,1000,1,2,zip + nb2,-2.417087576238055,False,False
4,1000,2,2,nb2 + zip,-2.417737480108539,False,False
4,1000,3,2,zip + zip,-2.418779131479242,False,True
4,1000,4,2,poisson + zip,-2.418917733909906,True,True
4,1000,5,2,zip + poisson,-2.4197098408944786,True,True
4,1000,6,3,nb2 + nb2 + poisson,-2.4228170485040836,False,False
4,1000,7,3,nb2 + poisson + poisson,-2.423859767185213,False,False
4,1000,8,3,poisson + nb2 + nb2,-2.4242448134880012,False,False
4,1000,9,3,zip + poisson + nb2,-2.4249785085718365,False,False
4,1000,10,3,poisson + poisson + nb2,-2.4250282174759628,False,False
4,1500,1,3,poisson + nb2 + nb2,-2.4190379530288633,False,False
4,1500,2,2,zip + zip,-2.4198771802991357,False,True
4,1500,3,2,zip + poisson,-2.420249941060794,True,True
4,1500,4,3,zip + poisson + poisson,-2.42026302015111,False,False
4,1500,5,2,zip + nb2,-2.420431524364263,False,False
4,1500,6,2,poisson + zip,-2.420973803408896,True,True
4,1500,7,3,poisson + zip + poisson,-2.421023972811422,False,False
4,1500,8,2,nb2 + zip,-2.42108476810363,False,False
4,1500,9,3,poisson + poisson + poisson,-2.4214403390531687,False,False
4,1500,10,3,nb2 + poisson + nb2,-2.422001335214282,False,False
1,500,1,2,student_t + gaussian,-1.884343724588914,True,True
1,500,2,2,student_t + skew_normal,-1.8843490582486842,False,False
1,500,3,2,student_t + student_t,-1.886987660836031,False,True
1,500,4,2,gaussian + student_t,-1.9047833126896014,True,True
1,500,5,2,skew_normal + student_t,-1.9047835591838602,False,False
1,500,6,3,student_t + skew_normal + gaussian,-1.9082352016781665,False,False
1,500,7,3,student_t + gaussian + gaussian,-1.9082354086766316,False,False
1,500,8,3,student_t + gaussian + skew_normal,-1.9082368213459013,False,False
1,500,9,3,student_t + gaussian + student_t,-1.908862314187675,False,False
1,500,10,3,student_t + student_t + gaussian,-1.9102614744896487,False,False
1,1000,1,2,student_t + student_t,-1.8220084709278548,False,True
1,1000,2,2,student_t + gaussian,-1.8220404717140222,True,True
1,1000,3,2,student_t + skew_normal,-1.8220420809545785,False,False
1,1000,4,3,student_t + skew_normal + student_t,-1.8239162301756957,False,False
1,1000,5,3,student_t + gaussian + student_t,-1.8239308281864806,False,False
1,1000,6,3,student_t + gaussian + skew_normal,-1.823933085127176,False,False
1,1000,7,3,student_t + skew_normal + skew_normal,-1.8239344126450996,False,False
1,1000,8,3,student_t + gaussian + gaussian,-1.8239349141559709,False,False
1,1000,9,3,student_t + skew_normal + gaussian,-1.8239362275691529,False,False
1,1000,10,3,student_t + student_t + student_t,-1.8245113040372012,False,False
1,1500,1,2,student_t + gaussian,-1.8383250963060431,True,True
1,1500,2,2,student_t + skew_normal,-1.83832518471261,False,False
1,1500,3,2,student_t + student_t,-1.838375854094176,False,True
1,1500,4,3,student_t + gaussian + student_t,-1.8403639752107444,False,False
1,1500,5,3,student_t + skew_normal + student_t,-1.8403650307941033,False,False
1,1500,6,3,student_t + student_t + student_t,-1.8404533529513538,False,False
1,1500,7,3,student_t + gaussian + skew_normal,-1.8412994589384888,False,False
1,1500,8,3,student_t + gaussian + gaussian,-1.841299533225204,False,False
1,1500,9,3,student_t + skew_normal + skew_normal,-1.8413030875424685,False,False
1,1500,10,3,student_t + skew_normal + gaussian,-1.8413031481190063,False,False
2,500,1,2,gamma + lognormal,-1.1907676915355483,True,True
2,500,2,2,lognormal + lognormal,-1.1917957444882845,False,False
2,500,3,2,inverse_gaussian + lognormal,-1.1978674865266026,False,False
2,500,4,2,lognormal + inverse_gaussian,-1.1978674865266026,False,False
2,500,5,3,gamma + lognormal + inverse_gaussian,-1.211298263953197,False,False
2,500,6,3,gamma + gamma + lognormal,-1.2126563144123401,False,False
2,500,7,3,gamma + inverse_gaussian + lognormal,-1.2131129630668465,False,False
2,500,8,3,gamma + lognormal + lognormal,-1.2136826874965796,False,False
2,500,9,3,lognormal + gamma + lognormal,-1.2137991054267472,False,False
2,500,10,3,lognormal + lognormal + gamma,-1.213799114644367,False,False
2,1000,1,2,lognormal + gamma,-1.1445377368310694,True,True
2,1000,2,2,gamma + lognormal,-1.1445377368310694,True,True
2,1000,3,3,gamma + inverse_gaussian + lognormal,-1.1449395734171486,False,False
2,1000,4,2,lognormal + lognormal,-1.1457063152319273,False,False
2,1000,5,3,gamma + lognormal + lognormal,-1.1474849669933687,False,False
2,1000,6,3,gamma + inverse_gaussian + gamma,-1.14786888324124,False,False
2,1000,7,3,lognormal + lognormal + lognormal,-1.1479845405114333,False,False
2,1000,8,3,inverse_gaussian + gamma + lognormal,-1.1492128920109341,False,False
2,1000,9,3,lognormal + inverse_gaussian + gamma,-1.1492219949254154,False,False
2,1000,10,3,lognormal + gamma + lognormal,-1.1539650023694599,False,False
2,1500,1,2,gamma + lognormal,-1.1892230076060726,True,True
2,1500,2,2,lognormal + lognormal,-1.1895876699679362,False,False
2,1500,3,3,lognormal + gamma + lognormal,-1.190120695559337,False,False
2,1500,4,3,lognormal + inverse_gaussian + gamma,-1.1908046641052015,False,False
2,1500,5,3,lognormal + lognormal + lognormal,-1.1909341499025552,False,False
2,1500,6,3,inverse_gaussian + lognormal + lognormal,-1.1918417961077925,False,False
2,1500,7,3,lognormal + lognormal + inverse_gaussian,-1.1918417961908017,False,False
2,1500,8,3,gamma + lognormal + inverse_gaussian,-1.1919199263936548,False,False
2,1500,9,3,lognormal + gamma + inverse_gaussian,-1.1919199263936548,False,False
2,1500,10,3,lognormal + gamma + gamma,-1.1923970213161872,False,False
3,500,1,2,nb2 + nb2,-2.6764311798567118,False,True
3,500,2,3,nb2 + zip + nb2,-2.6807435388983367,False,False
3,500,3,3,nb2 + poisson + nb2,-2.681503980849883,False,False
3,500,4,3,nb2 + nb2 + poisson,-2.6816626185227945,False,False
3,500,5,3,poisson + nb2 + nb2,-2.6827531685623516,False,False
3,500,6,2,zip + nb2,-2.6828812367898918,False,False
3,500,7,3,poisson + zip + poisson,-2.68335472446111,False,False
3,500,8,2,zip + poisson,-2.684178805915066,False,False
3,500,9,2,poisson + zip,-2.6843071237443374,False,False
3,500,10,2,nb2 + zip,-2.684679399772133,False,False
3,1000,1,3,nb2 + nb2 + zip,-2.7117588182982413,False,False
3,1000,2,3,nb2 + zip + nb2,-2.712267082729564,False,False
3,1000,3,3,poisson + nb2 + nb2,-2.7126196539189675,False,False
3,1000,4,2,nb2 + nb2,-2.7128062493478744,False,True
3,1000,5,3,nb2 + nb2 + nb2,-2.713328011724994,False,False
3,1000,6,3,nb2 + poisson + nb2,-2.713380872842024,False,False
3,1000,7,3,zip + nb2 + nb2,-2.7138574636820394,False,False
3,1000,8,3,nb2 + nb2 + poisson,-2.7139051815202073,False,False
3,1000,9,3,nb2 + zip + poisson,-2.7157558272850073,False,False
3,1000,10,3,poisson + nb2 + zip,-2.7171364004817304,False,False
3,1500,1,2,nb2 + nb2,-2.710044682259456,False,True
3,1500,2,3,poisson + nb2 + nb2,-2.7157246945629914,False,False
3,1500,3,3,nb2 + poisson + nb2,-2.716459278512517,False,False
3,1500,4,3,nb2 + nb2 + poisson,-2.7173361066099884,False,False
3,1500,5,3,poisson + poisson + zip,-2.7250927351163026,False,False
3,1500,6,3,poisson + poisson + poisson,-2.725164778310019,False,False
3,1500,7,3,zip + poisson + nb2,-2.726442065736133,False,False
3,1500,8,3,poisson + poisson + nb2,-2.7271627041818776,False,False
3,1500,9,3,zip + poisson + poisson,-2.7302242410511774,False,False
3,1500,10,3,nb2 + poisson + poisson,-2.7323460173672136,False,False
4,500,1,3,poisson + zip + poisson,-2.447625626297788,False,False
4,500,2,2,zip + zip,-2.448857008281092,False,True
4,500,3,2,nb2 + zip,-2.4491099499576747,False,False
4,500,4,2,zip + poisson,-2.4498341983231176,True,True
4,500,5,2,poisson + zip,-2.449887986604063,True,True
4,500,6,3,nb2 + zip + poisson,-2.450802901177709,False,False
4,500,7,2,zip + nb2,-2.451000953036799,False,False
4,500,8,3,zip + poisson + poisson,-2.4531495754517323,False,False
4,500,9,3,nb2 + nb2 + poisson,-2.456014012297684,False,False
4,500,10,3,zip + nb2 + poisson,-2.462932610403418,False,False
4,1000,1,3,nb2 + poisson + zip,-2.450117616968205,False,False
4,1000,2,2,zip + zip,-2.4504229327352545,False,True
4,1000,3,3,poisson + zip + poisson,-2.450855057041852,False,False
4,1000,4,2,poisson + zip,-2.4513575664431637,True,True
4,1000,5,2,zip + poisson,-2.45143460855577,True,True
4,1000,6,2,zip + nb2,-2.451502548617421,False,False
4,1000,7,2,nb2 + zip,-2.451757108053108,False,False
4,1000,8,3,zip + poisson + poisson,-2.4527495458367516,False,False
4,1000,9,3,poisson + poisson + zip,-2.452912437198234,False,False
4,1000,10,3,nb2 + poisson + nb2,-2.4531264246482833,False,False
4,1500,1,2,zip + nb2,-2.421937695596558,False,False
4,1500,2,2,nb2 + zip,-2.4222599819772186,False,False
4,1500,3,2,zip + poisson,-2.422867825308157,True,True
4,1500,4,2,poisson + zip,-2.4234079894891156,True,True
4,1500,5,2,zip + zip,-2.423534528887741,False,True
4,1500,6,3,poisson + nb2 + zip,-2.424669091706479,False,False
4,1500,7,3,poisson + poisson + zip,-2.425286905867627,False,False
4,1500,8,3,poisson + nb2 + nb2,-2.425333183774138,False,False
4,1500,9,3,nb2 + poisson + zip,-2.425333997712274,False,False
4,1500,10,3,nb2 + zip + poisson,-2.426251888339124,False,False
1,500,1,2,student_t + gaussian,-1.8888093696296246,True,True
1,500,2,2,student_t + skew_normal,-1.8888094016505457,False,False
1,500,3,2,student_t + student_t,-1.8889420181982657,False,True
1,500,4,3,student_t + student_t + skew_normal,-1.8948413835587132,False,False
1,500,5,3,student_t + student_t + gaussian,-1.8948416648809059,False,False
1,500,6,3,student_t + gaussian + skew_normal,-1.89510905727964,False,False
1,500,7,3,student_t + gaussian + gaussian,-1.8951112099279976,False,False
1,500,8,3,student_t + skew_normal + gaussian,-1.89511510888763,False,False
1,500,9,3,student_t + gaussian + student_t,-1.8966819681638778,False,False
1,500,10,3,student_t + student_t + student_t,-1.897890733349144,False,False
1,1000,1,2,student_t + skew_normal,-1.863198252709012,False,False
1,1000,2,2,student_t + gaussian,-1.8632102051891388,True,True
1,1000,3,3,student_t + gaussian + skew_normal,-1.863277042572371,False,False
1,1000,4,3,student_t + skew_normal + gaussian,-1.8632774054791994,False,False
1,1000,5,3,student_t + gaussian + gaussian,-1.8632774169703306,False,False
1,1000,6,2,student_t + student_t,-1.863342628248412,False,True
1,1000,7,3,gaussian + skew_normal + gaussian,-1.8781889019849423,False,False
1,1000,8,3,skew_normal + skew_normal + gaussian,-1.878189935612179,False,False
1,1000,9,3,skew_normal + gaussian + gaussian,-1.8781908941126277,False,False
1,1000,10,3,gaussian + skew_normal + skew_normal,-1.8781911189204665,False,False
1,1500,1,2,student_t + student_t,-1.8634552605674808,False,True
1,1500,2,2,student_t + skew_normal,-1.8634853305060675,False,False
1,1500,3,2,student_t + gaussian,-1.8634857144872072,True,True
1,1500,4,3,student_t + student_t + gaussian,-1.863502290883739,False,False
1,1500,5,3,student_t + student_t + skew_normal,-1.8635034298915856,False,False
1,1500,6,3,student_t + student_t + student_t,-1.8638350048713395,False,False
1,1500,7,3,student_t + skew_normal + gaussian,-1.8642002386201653,False,False
1,1500,8,3,student_t + skew_normal + skew_normal,-1.8642003431042669,False,False
1,1500,9,3,student_t + gaussian + gaussian,-1.8642017308136003,False,False
1,1500,10,3,student_t + gaussian + skew_normal,-1.8642018397932254,False,False
2,500,1,2,lognormal + gamma,-1.1131423511204679,True,True
2,500,2,3,gamma + gamma + lognormal,-1.1133826089559111,False,False
2,500,3,2,lognormal + lognormal,-1.1159831548583707,False,False
2,500,4,3,inverse_gaussian + lognormal + gamma,-1.1167417101041064,False,False
2,500,5,3,lognormal + gamma + gamma,-1.120434217388911,False,False
2,500,6,2,lognormal + inverse_gaussian,-1.1218019878008376,False,False
2,500,7,2,inverse_gaussian + lognormal,-1.1218075746274139,False,False
2,500,8,3,lognormal + lognormal + inverse_gaussian,-1.122154911089209,False,False
2,500,9,3,gamma + lognormal + lognormal,-1.1227035551690674,False,False
2,500,10,3,lognormal + lognormal + gamma,-1.122703555268105,False,False
2,1000,1,2,lognormal + gamma,-1.0712691795028655,True,True
2,1000,2,2,gamma + lognormal,-1.0712691795028655,True,True
2,1000,3,3,lognormal + lognormal + gamma,-1.0717984271059826,False,False
2,1000,4,2,lognormal + lognormal,-1.0730036410777986,False,False
2,1000,5,3,inverse_gaussian + gamma + lognormal,-1.07520605426506,False,False
2,1000,6,3,gamma + inverse_gaussian + lognormal,-1.075510825096086,False,False
2,1000,7,3,lognormal + lognormal + inverse_gaussian,-1.0775003547847455,False,False
2,1000,8,3,gamma + gamma + lognormal,-1.0777231670839582,False,False
2,1000,9,3,gamma + lognormal + gamma,-1.0779643018467904,False,False
2,1000,10,3,lognormal + gamma + gamma,-1.077964316317908,False,False
2,1500,1,2,lognormal + gamma,-1.1116558113178068,True,True
2,1500,2,2,gamma + lognormal,-1.1116558113178068,True,True
2,1500,3,2,lognormal + lognormal,-1.112073196194982,False,False
2,1500,4,3,lognormal + gamma + inverse_gaussian,-1.1133747497620092,False,False
2,1500,5,3,gamma + lognormal + inverse_gaussian,-1.113470643567567,False,False
2,1500,6,3,inverse_gaussian + lognormal + lognormal,-1.1138213542467854,False,False
2,1500,7,3,inverse_gaussian + gamma + lognormal,-1.115772166850877,False,False
2,1500,8,3,inverse_gaussian + lognormal + gamma,-1.1158496578724726,False,False
2,1500,9,3,gamma + inverse_gaussian + lognormal,-1.1158600553358369,False,False
2,1500,10,3,lognormal + lognormal + inverse_gaussian,-1.1161175642928653,False,False
3,500,1,3,poisson + poisson + nb2,-2.7176382465682964,False,False
3,500,2,2,zip + zip,-2.7189188282489813,False,False
3,500,3,2,poisson + zip,-2.719035376874726,False,False
3,500,4,2,nb2 + zip,-2.7190803830995156,False,False
3,500,5,2,zip + poisson,-2.719165209526072,False,False
3,500,6,2,zip + nb2,-2.7201654886213262,False,False
3,500,7,2,nb2 + nb2,-2.721388623113807,False,True
3,500,8,3,zip + poisson + poisson,-2.722085920897615,False,False
3,500,9,3,poisson + zip + zip,-2.7231471911679432,False,False
3,500,10,3,zip + poisson + zip,-2.7235386795623073,False,False
3,1000,1,2,nb2 + nb2,-2.6944073823444126,False,True
3,1000,2,3,poisson + nb2 + nb2,-2.6988710344404763,False,False
3,1000,3,3,nb2 + poisson + nb2,-2.6990236503200102,False,False
3,1000,4,3,zip + poisson + zip,-2.7057025662130054,False,False
3,1000,5,3,nb2 + nb2 + poisson,-2.70854282452368,False,False
3,1000,6,3,poisson + nb2 + zip,-2.7103660531316818,False,False
3,1000,7,3,nb2 + zip + poisson,-2.711612425843928,False,False
3,1000,8,3,poisson + nb2 + poisson,-2.7156942767261527,False,False
3,1000,9,2,nb2 + zip,-2.719123675513359,False,False
3,1000,10,2,zip + poisson,-2.7191464187891734,False,False
3,1500,1,2,nb2 + nb2,-2.7244065344250585,False,True
3,1500,2,3,nb2 + nb2 + nb2,-2.7244830999640066,False,False
3,1500,3,3,nb2 + zip + nb2,-2.725634957057408,False,False
3,1500,4,3,zip + nb2 + nb2,-2.7256385978087048,False,False
3,1500,5,3,nb2 + nb2 + zip,-2.7272406045061564,False,False
3,1500,6,3,nb2 + nb2 + poisson,-2.7276181100430223,False,False
3,1500,7,3,poisson + nb2 + nb2,-2.7281557061730446,False,False
3,1500,8,3,zip + poisson + zip,-2.7291129876169724,False,False
3,1500,9,3,nb2 + poisson + nb2,-2.7291579360330687,False,False
3,1500,10,3,poisson + poisson + poisson,-2.7383930004156,False,False
4,500,1,2,nb2 + zip,-2.48344892518056,False,False
4,500,2,2,zip + poisson,-2.4835892302658853,True,True
4,500,3,2,poisson + zip,-2.48376224669784,True,True
4,500,4,2,zip + zip,-2.483948610483233,False,True
4,500,5,3,zip + poisson + poisson,-2.485743889335326,False,False
4,500,6,3,poisson + zip + poisson,-2.4859971146166746,False,False
4,500,7,3,zip + nb2 + poisson,-2.4869696147067826,False,False
4,500,8,2,zip + nb2,-2.4879612011303607,False,False
4,500,9,3,nb2 + poisson + poisson,-2.488022111145888,False,False
4,500,10,3,nb2 + poisson + zip,-2.48828369538666,False,False
4,1000,1,2,zip + nb2,-2.4134036286957246,False,False
4,1000,2,2,nb2 + zip,-2.413989837759189,False,False
4,1000,3,2,poisson + zip,-2.414344253403403,True,True
4,1000,4,2,zip + zip,-2.414879290143202,False,True
4,1000,5,2,zip + poisson,-2.41492934019778,True,True
4,1000,6,3,nb2 + poisson + nb2,-2.4166586831677774,False,False
4,1000,7,3,poisson + poisson + nb2,-2.4171037993544116,False,False
4,1000,8,3,poisson + zip + nb2,-2.4173181269711423,False,False
4,1000,9,3,zip + poisson + poisson,-2.419747917912402,False,False
4,1000,10,3,poisson + nb2 + zip,-2.419813039478399,False,False
4,1500,1,2,zip + zip,-2.4215471793262675,False,True
4,1500,2,2,zip + nb2,-2.4217628625421694,False,False
4,1500,3,2,zip + poisson,-2.4217842689376856,True,True
4,1500,4,3,poisson + zip + poisson,-2.4221746887179125,False,False
4,1500,5,2,nb2 + zip,-2.4223673493851083,False,False
4,1500,6,3,zip + poisson + poisson,-2.422444926523007,False,False
4,1500,7,3,poisson + poisson + zip,-2.423201420635724,False,False
4,1500,8,2,poisson + zip,-2.4235231762564293,True,True
4,1500,9,3,zip + nb2 + poisson,-2.424469471352123,False,False
4,1500,10,3,poisson + poisson + nb2,-2.424548727480381,False,False
1,500,1,2,student_t + student_t,-1.8556494988202241,False,True
1,500,2,2,student_t + gaussian,-1.8557607944359824,True,True
1,500,3,2,student_t + skew_normal,-1.8557620751417043,False,False
1,500,4,3,student_t + gaussian + student_t,-1.856835603667173,False,False
1,500,5,3,student_t + gaussian + skew_normal,-1.8568714546742706,False,False
1,500,6,3,student_t + gaussian + gaussian,-1.856874175787732,False,False
1,500,7,3,student_t + student_t + gaussian,-1.8575543956930964,False,False
1,500,8,2,skew_normal + student_t,-1.8582105476317528,False,False
1,500,9,2,gaussian + student_t,-1.8582110169073536,True,True
1,500,10,3,gaussian + student_t + gaussian,-1.859396480670608,False,False
1,1000,1,2,student_t + student_t,-1.8559741480048115,False,True
1,1000,2,2,student_t + gaussian,-1.8565252206126217,True,True
1,1000,3,2,student_t + skew_normal,-1.8565319344887752,False,False
1,1000,4,3,student_t + gaussian + gaussian,-1.8605986399620609,False,False
1,1000,5,3,student_t + skew_normal + gaussian,-1.8605988214385794,False,False
1,1000,6,3,student_t + gaussian + skew_normal,-1.8605989365466558,False,False
1,1000,7,3,student_t + skew_normal + skew_normal,-1.8605991146967935,False,False
1,1000,8,3,student_t + student_t + skew_normal,-1.8606253144473976,False,False
1,1000,9,3,student_t + student_t + gaussian,-1.8606256351558017,False,False
1,1000,10,3,student_t + student_t + student_t,-1.8609057381325138,False,False
1,1500,1,2,student_t + student_t,-1.8601457751975914,False,True
1,1500,2,2,student_t + skew_normal,-1.8606533691285363,False,False
1,1500,3,2,student_t + gaussian,-1.8606535090607135,True,True
1,1500,4,3,student_t + skew_normal + student_t,-1.8634309006000713,False,False
1,1500,5,3,student_t + gaussian + student_t,-1.8634310350212577,False,False
1,1500,6,3,student_t + skew_normal + gaussian,-1.863483301913454,False,False
1,1500,7,3,student_t + skew_normal + skew_normal,-1.8634838171316792,False,False
1,1500,8,3,student_t + gaussian + gaussian,-1.8634842464483432,False,False
1,1500,9,3,student_t + gaussian + skew_normal,-1.8634847622277573,False,False
1,1500,10,3,student_t + student_t + gaussian,-1.8635368173674234,False,False
2,500,1,2,lognormal + lognormal,-1.183202312969744,False,False
2,500,2,2,lognormal + gamma,-1.1834102010983951,True,True
2,500,3,2,gamma + lognormal,-1.1834102010983951,True,True
2,500,4,3,lognormal + inverse_gaussian + lognormal,-1.186927899081057,False,False
2,500,5,3,lognormal + lognormal + inverse_gaussian,-1.186927899725617,False,False
2,500,6,3,lognormal + inverse_gaussian + gamma,-1.1882573041578672,False,False
2,500,7,3,gamma + inverse_gaussian + lognormal,-1.1882573156687204,False,False
2,500,8,2,inverse_gaussian + lognormal,-1.1903145036980214,False,False
2,500,9,2,lognormal + inverse_gaussian,-1.1903145036980214,False,False
2,500,10,3,lognormal + gamma + lognormal,-1.1920708894240266,False,False
2,1000,1,2,lognormal + gamma,-1.159496584714819,True,True
2,1000,2,2,gamma + lognormal,-1.159496584714819,True,True
2,1000,3,3,gamma + inverse_gaussian + lognormal,-1.160759155287461,False,False
2,1000,4,2,lognormal + lognormal,-1.1628081078864752,False,False
2,1000,5,3,gamma + lognormal + lognormal,-1.1636333291453056,False,False
2,1000,6,3,lognormal + lognormal + gamma,-1.1636333413741151,False,False
2,1000,7,3,gamma + lognormal + inverse_gaussian,-1.1640594105828928,False,False
2,1000,8,3,inverse_gaussian + gamma + gamma,-1.1659354221895155,False,False
2,1000,9,3,gamma + inverse_gaussian + gamma,-1.1659488069617527,False,False
2,1000,10,3,lognormal + lognormal + lognormal,-1.1672458292865993,False,False
2,1500,1,2,gamma + lognormal,-1.1238047703521206,True,True
2,1500,2,2,lognormal + lognormal,-1.1243404593679034,False,False
2,1500,3,3,gamma + gamma + lognormal,-1.1257887361802041,False,False
2,1500,4,3,lognormal + gamma + gamma,-1.1258394123954667,False,False
2,1500,5,3,gamma + lognormal + lognormal,-1.1259247072205694,False,False
2,1500,6,3,lognormal + lognormal + lognormal,-1.1291335658731705,False,False
2,1500,7,3,gamma + lognormal + gamma,-1.1298291583734097,False,False
2,1500,8,3,lognormal + lognormal + gamma,-1.1300305683975225,False,False
2,1500,9,3,lognormal + gamma + lognormal,-1.1301373010392162,False,False
2,1500,10,3,inverse_gaussian + gamma + gamma,-1.1321905409139346,False,False
3,500,1,2,nb2 + nb2,-2.7281491570575636,False,True
3,500,2,3,poisson + nb2 + nb2,-2.734115446926672,False,False
3,500,3,3,zip + zip + poisson,-2.7417492364432205,False,False
3,500,4,3,nb2 + poisson + nb2,-2.7420675086366044,False,False
3,500,5,2,poisson + zip,-2.7468433958621543,False,False
3,500,6,3,zip + nb2 + poisson,-2.7489576292906666,False,False
3,500,7,3,poisson + zip + nb2,-2.7516845796891913,False,False
3,500,8,2,zip + nb2,-2.752591396417027,False,False
3,500,9,3,nb2 + poisson + zip,-2.752715531833835,False,False
3,500,10,3,nb2 + poisson + poisson,-2.7549231416924553,False,False
3,1000,1,2,nb2 + nb2,-2.6457725903298432,False,True
3,1000,2,3,nb2 + nb2 + poisson,-2.649582091628762,False,False
3,1000,3,3,poisson + nb2 + nb2,-2.6531989809930683,False,False
3,1000,4,3,zip + poisson + nb2,-2.6608300224937715,False,False
3,1000,5,3,nb2 + zip + poisson,-2.660849183863273,False,False
3,1000,6,3,zip + zip + poisson,-2.661147986444704,False,False
3,1000,7,3,zip + nb2 + poisson,-2.66129809284817,False,False
3,1000,8,3,poisson + zip + poisson,-2.6615948499359883,False,False
3,1000,9,3,zip + poisson + zip,-2.6616456137232087,False,False
3,1000,10,2,nb2 + zip,-2.6623789177495523,False,False
3,1500,1,3,poisson + nb2 + nb2,-2.6981394679736095,False,False
3,1500,2,2,nb2 + nb2,-2.698397054617369,False,True
3,1500,3,3,poisson + poisson + zip,-2.7064217189670186,False,False
3,1500,4,3,poisson + zip + poisson,-2.713949452806845,False,False
3,1500,5,3,zip + poisson + poisson,-2.720755036478511,False,False
3,1500,6,3,zip + nb2 + zip,-2.72429436571554,False,False
3,1500,7,3,zip + nb2 + poisson,-2.7245091138006985,False,False
3,1500,8,2,zip + poisson,-2.7253807787140563,False,False
3,1500,9,3,nb2 + zip + poisson,-2.725493116515616,False,False
3,1500,10,3,poisson + zip + nb2,-2.725519440121501,False,False
4,500,1,2,zip + poisson,-2.482225810165959,True,True
4,500,2,2,zip + nb2,-2.4831183067277975,False,False
4,500,3,2,poisson + zip,-2.483315837791003,True,True
4,500,4,2,nb2 + zip,-2.483461220657502,False,False
4,500,5,2,zip + zip,-2.484107918582772,False,True
4,500,6,3,poisson + zip + zip,-2.4860823032585517,False,False
4,500,7,3,zip + poisson + poisson,-2.4875606919343767,False,False
4,500,8,3,poisson + zip + poisson,-2.490114443466256,False,False
4,500,9,3,poisson + poisson + zip,-2.491325318374156,False,False
4,500,10,3,poisson + zip + nb2,-2.4919611611695935,False,False
4,1000,1,2,zip + nb2,-2.4096957775003762,False,False
4,1000,2,2,zip + zip,-2.410540084170135,False,True
4,1000,3,2,zip + poisson,-2.411165178397509,True,True
4,1000,4,2,poisson + zip,-2.4114359652824295,True,True
4,1000,5,2,nb2 + zip,-2.411440880861062,False,False
4,1000,6,3,poisson + poisson + nb2,-2.4114745319874666,False,False
4,1000,7,3,poisson + nb2 + nb2,-2.411611222905599,False,False
4,1000,8,3,poisson + zip + poisson,-2.4120071154450007,False,False
4,1000,9,3,poisson + poisson + zip,-2.4123012890440205,False,False
4,1000,10,3,poisson + poisson + poisson,-2.412414276154751,False,False
4,1500,1,2,poisson + zip,-2.462214872520201,True,True
4,1500,2,2,zip + zip,-2.4634213620997096,False,True
4,1500,3,2,zip + poisson,-2.4639848978851577,True,True
4,1500,4,3,poisson + poisson + zip,-2.4641376474166763,False,False
4,1500,5,3,poisson + zip + poisson,-2.4643191441936625,False,False
4,1500,6,2,nb2 + zip,-2.4659294968959853,False,False
4,1500,7,2,zip + nb2,-2.466202636070596,False,False
4,1500,8,3,nb2 + zip + poisson,-2.4665700945886346,False,False
4,1500,9,3,zip + poisson + nb2,-2.4666803500470604,False,False
4,1500,10,3,poisson + poisson + poisson,-2.4667728580484667,False,False
1,500,1,2,student_t + skew_normal,-1.821273352831235,False,False
1,500,2,2,student_t + gaussian,-1.8212895439911145,True,True
1,500,3,2,student_t + student_t,-1.8213215590383773,False,True
1,500,4,3,student_t + student_t + gaussian,-1.8226261597088314,False,False
1,500,5,3,student_t + skew_normal + gaussian,-1.8226833496999673,False,False
1,500,6,3,student_t + gaussian + gaussian,-1.8226834658891113,False,False
1,500,7,3,student_t + gaussian + skew_normal,-1.8226846264987353,False,False
1,500,8,3,student_t + gaussian + student_t,-1.8237807842146163,False,False
1,500,9,2,gaussian + student_t,-1.8274955633876944,True,True
1,500,10,2,skew_normal + student_t,-1.8274956200605108,False,False
1,1000,1,2,student_t + skew_normal,-1.866723942286725,False,False
1,1000,2,2,student_t + gaussian,-1.8667667341952856,True,True
1,1000,3,2,student_t + student_t,-1.866919497388954,False,True
1,1000,4,3,student_t + gaussian + gaussian,-1.877339242253442,False,False
1,1000,5,3,student_t + gaussian + skew_normal,-1.8773415984427364,False,False
1,1000,6,3,student_t + skew_normal + gaussian,-1.8773428967803543,False,False
1,1000,7,3,student_t + skew_normal + skew_normal,-1.8773452659554932,False,False
1,1000,8,3,student_t + student_t + gaussian,-1.877921403660706,False,False
1,1000,9,3,student_t + student_t + skew_normal,-1.8779220418462887,False,False
1,1000,10,3,student_t + skew_normal + student_t,-1.8785579196110889,False,False
1,1500,1,2,student_t + gaussian,-1.851074430729735,True,True
1,1500,2,2,student_t + skew_normal,-1.851074564890818,False,False
1,1500,3,3,student_t + skew_normal + gaussian,-1.8516015291802657,False,False
1,1500,4,3,student_t + gaussian + skew_normal,-1.8516026848514109,False,False
1,1500,5,3,student_t + skew_normal + skew_normal,-1.8516029609713893,False,False
1,1500,6,3,student_t + gaussian + gaussian,-1.8516030053508463,False,False
1,1500,7,2,student_t + student_t,-1.8517727104074793,False,True
1,1500,8,3,student_t + student_t + skew_normal,-1.8520107492065379,False,False
1,1500,9,3,student_t + student_t + gaussian,-1.8520108554667445,False,False
1,1500,10,3,student_t + student_t + student_t,-1.8524469542459836,False,False
2,500,1,2,lognormal + lognormal,-1.162308965650073,False,False
2,500,2,3,gamma + lognormal + lognormal,-1.1768331700467496,False,False
2,500,3,3,lognormal + gamma + lognormal,-1.1768331783767023,False,False
2,500,4,3,lognormal + lognormal + gamma,-1.1768331794742752,False,False
2,500,5,3,inverse_gaussian + gamma + lognormal,-1.1786795439617612,False,False
2,500,6,3,gamma + lognormal + inverse_gaussian,-1.17902521380468,False,False
2,500,7,3,lognormal + lognormal + lognormal,-1.179731068230905,False,False
2,500,8,2,gamma + inverse_gaussian,-1.1883956929247206,False,False
2,500,9,3,inverse_gaussian + lognormal + lognormal,-1.1894483787257555,False,False
2,500,10,3,inverse_gaussian + inverse_gaussian + lognormal,-1.190874165134701,False,False
2,1000,1,2,lognormal + gamma,-1.1429210373968552,True,True
2,1000,2,2,gamma + lognormal,-1.1429210373968552,True,True
2,1000,3,3,lognormal + lognormal + gamma,-1.1442987140223306,False,False
2,1000,4,3,gamma + lognormal + lognormal,-1.144597664903979,False,False
2,1000,5,2,lognormal + lognormal,-1.1450890536344787,False,False
2,1000,6,3,lognormal + lognormal + lognormal,-1.1451124561752801,False,False
2,1000,7,3,inverse_gaussian + lognormal + gamma,-1.1463742815358864,False,False
2,1000,8,3,lognormal + lognormal + inverse_gaussian,-1.1469776740497684,False,False
2,1000,9,3,lognormal + gamma + lognormal,-1.1474224118198273,False,False
2,1000,10,3,gamma + lognormal + gamma,-1.1479725895838493,False,False
2,1500,1,2,lognormal + gamma,-1.0401748860902025,True,True
2,1500,2,2,gamma + lognormal,-1.0401748860902025,True,True
2,1500,3,2,lognormal + lognormal,-1.0406727482656262,False,False
2,1500,4,3,lognormal + gamma + lognormal,-1.04149377164537,False,False
2,1500,5,3,gamma + lognormal + lognormal,-1.04149377164537,False,False
2,1500,6,3,lognormal + lognormal + lognormal,-1.0418109634345782,False,False
2,1500,7,3,gamma + inverse_gaussian + gamma,-1.0421885816733085,False,False
2,1500,8,3,gamma + lognormal + gamma,-1.042351104875046,False,False
2,1500,9,3,gamma + gamma + lognormal,-1.0428769688895156,False,False
2,1500,10,3,lognormal + gamma + gamma,-1.0428769723552156,False,False
3,500,1,2,nb2 + nb2,-2.7089547321361187,False,True
3,500,2,3,nb2 + zip + poisson,-2.7233822074853973,False,False
3,500,3,3,poisson + nb2 + poisson,-2.7256164067911266,False,False
3,500,4,3,poisson + poisson + zip,-2.7295248740787876,False,False
3,500,5,2,zip + zip,-2.72991513840861,False,False
3,500,6,3,poisson + poisson + nb2,-2.73009317394334,False,False
3,500,7,2,nb2 + zip,-2.7306685693779653,False,False
3,500,8,3,nb2 + poisson + zip,-2.7307728133493696,False,False
3,500,9,2,zip + nb2,-2.730947399751516,False,False
3,500,10,2,zip + poisson,-2.7309715022538406,False,False
3,1000,1,2,nb2 + nb2,-2.6995090033449514,False,True
3,1000,2,3,nb2 + nb2 + poisson,-2.7014949407793494,False,False
3,1000,3,3,nb2 + nb2 + zip,-2.7032565202956285,False,False
3,1000,4,3,poisson + poisson + zip,-2.708963816750422,False,False
3,1000,5,3,poisson + zip + poisson,-2.7122296988060506,False,False
3,1000,6,3,zip + zip + poisson,-2.7155484639290637,False,False
3,1000,7,3,zip + nb2 + poisson,-2.7162421590630377,False,False
3,1000,8,3,nb2 + zip + poisson,-2.7180585093598837,False,False
3,1000,9,3,zip + poisson + nb2,-2.720064451320252,False,False
3,1000,10,3,nb2 + poisson + zip,-2.720666674019375,False,False
3,1500,1,2,nb2 + nb2,-2.7034501747289865,False,True
3,1500,2,3,nb2 + zip + nb2,-2.7046895830106275,False,False
3,1500,3,2,nb2 + zip,-2.704946660397105,False,False
3,1500,4,3,nb2 + nb2 + zip,-2.7055143333720797,False,False
3,1500,5,3,zip + nb2 + nb2,-2.7061119147046964,False,False
3,1500,6,2,zip + nb2,-2.7061453351597247,False,False
3,1500,7,2,zip + poisson,-2.7067058376328923,False,False
3,1500,8,3,nb2 + zip + poisson,-2.7068290902824854,False,False
3,1500,9,3,nb2 + nb2 + poisson,-2.707726681973802,False,False
3,1500,10,2,zip + zip,-2.707737543514726,False,False
4,500,1,2,poisson + zip,-2.420213909981306,True,True
4,500,2,3,zip + poisson + nb2,-2.420513386968509,False,False
4,500,3,2,zip + nb2,-2.420683296864325,False,False
4,500,4,2,nb2 + zip,-2.4208532975991512,False,False
4,500,5,2,zip + zip,-2.421126269001424,False,True
4,500,6,3,poisson + zip + poisson,-2.421221797246976,False,False
4,500,7,2,zip + poisson,-2.4216440443284584,True,True
4,500,8,3,nb2 + poisson + poisson,-2.421673207391692,False,False
4,500,9,3,poisson + poisson + zip,-2.421687294256857,False,False
4,500,10,3,nb2 + poisson + nb2,-2.4257645780074735,False,False
4,1000,1,3,poisson + zip + nb2,-2.415587912977618,False,False
4,1000,2,2,nb2 + zip,-2.4160505277680144,False,False
4,1000,3,2,zip + nb2,-2.4160773923836025,False,False
4,1000,4,3,nb2 + zip + poisson,-2.4170683029653954,False,False
4,1000,5,3,poisson + poisson + nb2,-2.4172406743941868,False,False
4,1000,6,2,poisson + zip,-2.4172823876200473,True,True
4,1000,7,2,zip + poisson,-2.4175972193451405,True,True
4,1000,8,2,zip + zip,-2.4178416202349124,False,True
4,1000,9,3,poisson + nb2 + nb2,-2.4181940870152294,False,False
4,1000,10,3,poisson + poisson + zip,-2.4185024397038637,False,False
4,1500,1,2,nb2 + zip,-2.4369268612836685,False,False
4,1500,2,3,zip + poisson + nb2,-2.437554894431596,False,False
4,1500,3,3,poisson + zip + nb2,-2.43761659217745,False,False
4,1500,4,3,poisson + poisson + zip,-2.4379840355042743,False,False
4,1500,5,2,zip + nb2,-2.438085447483811,False,False
4,1500,6,3,zip + poisson + poisson,-2.43828549417001,False,False
4,1500,7,2,zip + poisson,-2.4384176663392236,True,True
4,1500,8,2,zip + zip,-2.4385162887079606,False,True
4,1500,9,2,poisson + zip,-2.4386169545480976,True,True
4,1500,10,3,poisson + zip + poisson,-2.4387595820035752,False,False
1,500,1,2,student_t + skew_normal,-1.857427975635591,False,False
1,500,2,2,student_t + gaussian,-1.857434159556483,True,True
1,500,3,2,student_t + student_t,-1.8574704193580265,False,True
1,500,4,3,student_t + gaussian + student_t,-1.8590060862402353,False,False
1,500,5,3,student_t + gaussian + gaussian,-1.8608160001365182,False,False
1,500,6,3,gaussian + student_t + student_t,-1.862717613648556,False,False
1,500,7,3,gaussian + gaussian + student_t,-1.8640619489932044,False,False
1,500,8,3,gaussian + skew_normal + student_t,-1.8640622183725903,False,False
1,500,9,2,gaussian + student_t,-1.86620071444495,True,True
1,500,10,2,skew_normal + student_t,-1.8662041110373797,False,False
1,1000,1,2,student_t + student_t,-1.8402185986084219,False,True
1,1000,2,2,student_t + gaussian,-1.8403554988564674,True,True
1,1000,3,2,student_t + skew_normal,-1.8403835848501817,False,False
1,1000,4,3,student_t + student_t + skew_normal,-1.8416074792544639,False,False
1,1000,5,3,student_t + student_t + gaussian,-1.8416102612893643,False,False
1,1000,6,3,student_t + gaussian + gaussian,-1.8416413152618933,False,False
1,1000,7,3,student_t + gaussian + skew_normal,-1.8416414155674288,False,False
1,1000,8,3,student_t + skew_normal + gaussian,-1.841642121420932,False,False
1,1000,9,3,student_t + skew_normal + skew_normal,-1.8416422155559775,False,False
1,1000,10,3,student_t + gaussian + student_t,-1.8425876184601542,False,False
1,1500,1,3,student_t + skew_normal + skew_normal,-1.8704266839432981,False,False
1,1500,2,3,student_t + gaussian + skew_normal,-1.870426720220889,False,False
1,1500,3,3,student_t + skew_normal + gaussian,-1.8704269178989887,False,False
1,1500,4,3,student_t + gaussian + gaussian,-1.8704269308419175,False,False
1,1500,5,3,student_t + student_t + skew_normal,-1.870600102589959,False,False
1,1500,6,3,student_t + student_t + gaussian,-1.8706002743840786,False,False
1,1500,7,2,student_t + gaussian,-1.8709856905542954,True,True
1,1500,8,2,student_t + skew_normal,-1.870985768912245,False,False
1,1500,9,2,student_t + student_t,-1.8711788792842603,False,True
1,1500,10,3,student_t + skew_normal + student_t,-1.871396372000798,False,False
2,500,1,2,lognormal + gamma,-1.0774269576247182,True,True
2,500,2,2,gamma + lognormal,-1.0774269576247182,True,True
2,500,3,2,lognormal + lognormal,-1.0775386432107275,False,False
2,500,4,2,lognormal + inverse_gaussian,-1.0871494829733865,False,False
2,500,5,3,gamma + gamma + lognormal,-1.0915395811884023,False,False
2,500,6,3,lognormal + gamma + gamma,-1.0916470929769622,False,False
2,500,7,3,gamma + inverse_gaussian + gamma,-1.096697429436352,False,False
2,500,8,3,gamma + gamma + inverse_gaussian,-1.0967631804967173,False,False
2,500,9,3,inverse_gaussian + gamma + gamma,-1.0967632451085771,False,False
2,500,10,3,lognormal + inverse_gaussian + gamma,-1.0968253432285624,False,False
2,1000,1,2,gamma + lognormal,-1.14089817831286,True,True
2,1000,2,2,lognormal + lognormal,-1.142194574809453,False,False
2,1000,3,2,inverse_gaussian + lognormal,-1.1455866802008527,False,False
2,1000,4,3,lognormal + lognormal + gamma,-1.1466045132254157,False,False
2,1000,5,3,gamma + gamma + inverse_gaussian,-1.1467373659435476,False,False
2,1000,6,3,lognormal + lognormal + lognormal,-1.1480310375834326,False,False
2,1000,7,3,lognormal + gamma + gamma,-1.1499696497822824,False,False
2,1000,8,3,gamma + lognormal + gamma,-1.1502649861101986,False,False
2,1000,9,3,gamma + gamma + gamma,-1.1515151612184922,False,False
2,1000,10,3,gamma + gamma + lognormal,-1.1529076856657434,False,False
2,1500,1,3,lognormal + lognormal + gamma,-1.1608454446341236,False,False
2,1500,2,3,lognormal + lognormal + inverse_gaussian,-1.1615207792161346,False,False
2,1500,3,3,inverse_gaussian + lognormal + lognormal,-1.1620064486540145,False,False
2,1500,4,3,lognormal + inverse_gaussian + lognormal,-1.1620064493664894,False,False
2,1500,5,3,lognormal + lognormal + lognormal,-1.1621851359660291,False,False
2,1500,6,2,lognormal + lognormal,-1.1626266589443037,False,False
2,1500,7,3,lognormal + gamma + lognormal,-1.1632880780498531,False,False
2,1500,8,3,gamma + lognormal + lognormal,-1.1647295537372455,False,False
2,1500,9,3,lognormal + gamma + gamma,-1.1650000849643172,False,False
2,1500,10,3,gamma + gamma + lognormal,-1.1653038393150472,False,False
3,500,1,2,nb2 + nb2,-2.740991134658651,False,True
3,500,2,3,nb2 + poisson + zip,-2.765788965596292,False,False
3,500,3,3,poisson + poisson + zip,-2.767521268799802,False,False
3,500,4,3,zip + poisson + poisson,-2.7676776311421762,False,False
3,500,5,3,poisson + zip + poisson,-2.768140898990661,False,False
3,500,6,3,zip + nb2 + poisson,-2.7684003348144914,False,False
3,500,7,3,nb2 + nb2 + zip,-2.7698228172047896,False,False
3,500,8,3,zip + zip + zip,-2.770792991799672,False,False
3,500,9,2,zip + nb2,-2.7719215441796767,False,False
3,500,10,2,nb2 + zip,-2.771944644486223,False,False
3,1000,1,2,nb2 + nb2,-2.691646014708653,False,True
3,1000,2,3,poisson + nb2 + nb2,-2.691831306798579,False,False
3,1000,3,3,nb2 + poisson + nb2,-2.691971066365469,False,False
3,1000,4,3,poisson + nb2 + poisson,-2.6936616111567235,False,False
3,1000,5,2,poisson + zip,-2.695241358547253,False,False
3,1000,6,2,zip + zip,-2.695380255202328,False,False
3,1000,7,2,zip + poisson,-2.695526814407681,False,False
3,1000,8,2,nb2 + zip,-2.69625149255496,False,False
3,1000,9,2,zip + nb2,-2.6965311088894697,False,False
3,1000,10,3,poisson + poisson + poisson,-2.6970748239287934,False,False
3,1500,1,2,nb2 + nb2,-2.6586980325042617,False,True
3,1500,2,3,nb2 + nb2 + poisson,-2.664230289968716,False,False
3,1500,3,3,nb2 + nb2 + zip,-2.6643721041253823,False,False
3,1500,4,3,zip + nb2 + nb2,-2.664504651424826,False,False
3,1500,5,3,nb2 + poisson + nb2,-2.6651627486706504,False,False
3,1500,6,3,poisson + zip + nb2,-2.6653356143919744,False,False
3,1500,7,3,poisson + nb2 + nb2,-2.6657868970338936,False,False
3,1500,8,2,poisson + zip,-2.6661053536569366,False,False
3,1500,9,3,poisson + nb2 + zip,-2.666200096318758,False,False
3,1500,10,3,nb2 + poisson + poisson,-2.6670711983158033,False,False
4,500,1,3,zip + poisson + poisson,-2.438246369984783,False,False
4,500,2,2,zip + zip,-2.4391143941379854,False,True
4,500,3,3,zip + nb2 + poisson,-2.441061737121791,False,False
4,500,4,3,nb2 + poisson + zip,-2.442004896817881,False,False
4,500,5,2,zip + nb2,-2.442414773997769,False,False
4,500,6,2,poisson + zip,-2.4425991030450795,True,True
4,500,7,2,nb2 + zip,-2.4426675018102624,False,False
4,500,8,2,nb2 + nb2,-2.4426898647614896,False,False
4,500,9,3,poisson + nb2 + nb2,-2.4432312061843824,False,False
4,500,10,2,zip + poisson,-2.44334199691738,True,True
4,1000,1,3,zip + nb2 + poisson,-2.460177061461217,False,False
4,1000,2,2,poisson + zip,-2.461183975108617,True,True
4,1000,3,2,zip + zip,-2.461337471590798,False,True
4,1000,4,2,nb2 + zip,-2.4613484564544605,False,False
4,1000,5,2,zip + nb2,-2.461711912764107,False,False
4,1000,6,2,zip + poisson,-2.4620822406578378,True,True
4,1000,7,3,poisson + zip + poisson,-2.462656266619178,False,False
4,1000,8,3,poisson + nb2 + poisson,-2.4631318122809325,False,False
4,1000,9,3,poisson + zip + zip,-2.4632929924548397,False,False
4,1000,10,3,poisson + poisson + zip,-2.4643959523240606,False,False
4,1500,1,2,zip + poisson,-2.449888750539363,True,True
4,1500,2,2,zip + nb2,-2.4502552299470253,False,False
4,1500,3,2,nb2 + zip,-2.450306892648331,False,False
4,1500,4,3,nb2 + poisson + poisson,-2.4509256506694372,False,False
4,1500,5,3,poisson + poisson + nb2,-2.4509794910145106,False,False
4,1500,6,3,poisson + nb2 + poisson,-2.451240106127549,False,False
4,1500,7,3,nb2 + zip + poisson,-2.451818844629684,False,False
4,1500,8,2,zip + zip,-2.4520645393801552,False,True
4,1500,9,3,poisson + poisson + zip,-2.4521685346754007,False,False
4,1500,10,3,zip + poisson + poisson,-2.4524622593877337,False,False
1,500,1,2,student_t + gaussian,-1.8615598557924036,True,True
1,500,2,2,student_t + skew_normal,-1.861564905066727,False,False
1,500,3,2,student_t + student_t,-1.8642480057690956,False,True
1,500,4,3,student_t + gaussian + gaussian,-1.8652481458732564,False,False
1,500,5,2,skew_normal + student_t,-1.870037688398929,False,False
1,500,6,2,gaussian + student_t,-1.8700384698590675,True,True
1,500,7,3,student_t + gaussian + student_t,-1.8703290755339097,False,False
1,500,8,3,gaussian + student_t + gaussian,-1.8746664495498149,False,False
1,500,9,3,gaussian + skew_normal + student_t,-1.8747615687729318,False,False
1,500,10,3,gaussian + gaussian + student_t,-1.8747639003196377,False,False
1,1000,1,2,student_t + gaussian,-1.8454145902834924,True,True
1,1000,2,2,student_t + skew_normal,-1.845475876715245,False,False
1,1000,3,2,student_t + student_t,-1.8459183265074317,False,True
1,1000,4,3,student_t + gaussian + gaussian,-1.8488147480711397,False,False
1,1000,5,3,gaussian + skew_normal + gaussian,-1.8532198239795954,False,False
1,1000,6,3,skew_normal + skew_normal + gaussian,-1.8532204279074265,False,False
1,1000,7,3,gaussian + skew_normal + skew_normal,-1.8532225100139221,False,False
1,1000,8,3,skew_normal + gaussian + gaussian,-1.8532227067047573,False,False
1,1000,9,3,gaussian + gaussian + gaussian,-1.8532235351301154,False,False
1,1000,10,3,skew_normal + gaussian + skew_normal,-1.8532248154686608,False,False
1,1500,1,2,student_t + student_t,-1.856185943771348,False,True
1,1500,2,2,student_t + gaussian,-1.8561902563666353,True,True
1,1500,3,2,student_t + skew_normal,-1.8561904560315112,False,False
1,1500,4,3,student_t + student_t + gaussian,-1.8576228703926085,False,False
1,1500,5,3,student_t + student_t + skew_normal,-1.857626575444524,False,False
1,1500,6,3,student_t + student_t + student_t,-1.857722809943635,False,False
1,1500,7,3,student_t + skew_normal + gaussian,-1.857833187434497,False,False
1,1500,8,3,student_t + gaussian + gaussian,-1.8578342695275383,False,False
1,1500,9,3,student_t + skew_normal + student_t,-1.857834512470532,False,False
1,1500,10,3,student_t + gaussian + student_t,-1.8578359012208547,False,False
2,500,1,2,lognormal + gamma,-1.0613209478861958,True,True
2,500,2,2,gamma + lognormal,-1.0613209478861958,True,True
2,500,3,2,lognormal + lognormal,-1.0615478280029416,False,False
2,500,4,2,inverse_gaussian + lognormal,-1.0689895401511735,False,False
2,500,5,2,lognormal + inverse_gaussian,-1.0689895401511735,False,False
2,500,6,3,lognormal + lognormal + lognormal,-1.090214075871907,False,False
2,500,7,2,gamma + gamma,-1.092521127901739,False,False
2,500,8,3,inverse_gaussian + lognormal + lognormal,-1.0932303192497927,False,False
2,500,9,3,inverse_gaussian + lognormal + gamma,-1.095019940925573,False,False
2,500,10,3,inverse_gaussian + gamma + lognormal,-1.0950199412983277,False,False
2,1000,1,2,lognormal + gamma,-1.1004845382609048,True,True
2,1000,2,2,gamma + lognormal,-1.1004845382609048,True,True
2,1000,3,2,lognormal + lognormal,-1.101078610831602,False,False
2,1000,4,3,lognormal + lognormal + gamma,-1.1016807350150275,False,False
2,1000,5,3,gamma + lognormal + lognormal,-1.1016807392090595,False,False
2,1000,6,3,gamma + lognormal + inverse_gaussian,-1.1037084113760536,False,False
2,1000,7,3,gamma + inverse_gaussian + lognormal,-1.1037084504354373,False,False
2,1000,8,3,lognormal + lognormal + inverse_gaussian,-1.1041965919418084,False,False
2,1000,9,3,inverse_gaussian + lognormal + lognormal,-1.104196592284598,False,False
2,1000,10,3,lognormal + inverse_gaussian + lognormal,-1.104196592284598,False,False
2,1500,1,2,lognormal + lognormal,-1.1554980124025676,False,False
2,1500,2,2,lognormal + gamma,-1.156036597123543,True,True
2,1500,3,3,lognormal + lognormal + inverse_gaussian,-1.1591472139649546,False,False
2,1500,4,3,lognormal + gamma + inverse_gaussian,-1.159509662012259,False,False
2,1500,5,3,gamma + lognormal + inverse_gaussian,-1.159509662012259,False,False
2,1500,6,3,inverse_gaussian + gamma + lognormal,-1.1595096801589269,False,False
2,1500,7,3,gamma + inverse_gaussian + lognormal,-1.1595096801589269,False,False
2,1500,8,3,lognormal + gamma + lognormal,-1.1596617618850085,False,False
2,1500,9,3,inverse_gaussian + lognormal + gamma,-1.1598430667218387,False,False
2,1500,10,2,lognormal + inverse_gaussian,-1.160726236967001,False,False
3,500,1,2,nb2 + nb2,-2.69709253629037,False,True
3,500,2,3,nb2 + poisson + poisson,-2.7146382009159766,False,False
3,500,3,3,poisson + poisson + nb2,-2.719308968796728,False,False
3,500,4,3,poisson + nb2 + zip,-2.720649381490924,False,False
3,500,5,2,zip + nb2,-2.7214799551697166,False,False
3,500,6,2,nb2 + zip,-2.7215035449411062,False,False
3,500,7,3,zip + poisson + zip,-2.7235657066838845,False,False
3,500,8,3,zip + zip + poisson,-2.7237321676401844,False,False
3,500,9,3,poisson + poisson + zip,-2.7240310984489295,False,False
3,500,10,3,poisson + nb2 + poisson,-2.724249171901236,False,False
3,1000,1,2,nb2 + nb2,-2.701780790967772,False,True
3,1000,2,3,poisson + nb2 + nb2,-2.7025618852182904,False,False
3,1000,3,3,nb2 + zip + nb2,-2.7029842501907995,False,False
3,1000,4,3,nb2 + poisson + nb2,-2.704841307642999,False,False
3,1000,5,3,nb2 + nb2 + zip,-2.705992842529383,False,False
3,1000,6,3,nb2 + nb2 + poisson,-2.7062064872694855,False,False
3,1000,7,3,zip + poisson + nb2,-2.721615748705165,False,False
3,1000,8,3,zip + zip + nb2,-2.7276049844475647,False,False
3,1000,9,3,poisson + nb2 + zip,-2.7283283654073793,False,False
3,1000,10,3,nb2 + poisson + zip,-2.7316423450936083,False,False
3,1500,1,2,nb2 + nb2,-2.702339887405309,False,True
3,1500,2,3,nb2 + poisson + nb2,-2.7024515331253642,False,False
3,1500,3,3,zip + nb2 + nb2,-2.7026416211649487,False,False
3,1500,4,3,nb2 + zip + nb2,-2.702692231421049,False,False
3,1500,5,3,nb2 + nb2 + poisson,-2.702965852642177,False,False
3,1500,6,3,poisson + nb2 + nb2,-2.7037110470405716,False,False
3,1500,7,3,nb2 + nb2 + zip,-2.7068223120138115,False,False
3,1500,8,3,poisson + zip + poisson,-2.7159347069850654,False,False
3,1500,9,3,nb2 + poisson + zip,-2.7204562745087943,False,False
3,1500,10,3,poisson + zip + nb2,-2.720471669169867,False,False
4,500,1,2,poisson + zip,-2.4578457786222234,True,True
4,500,2,3,poisson + poisson + zip,-2.457862105663275,False,False
4,500,3,2,nb2 + zip,-2.4579855975433573,False,False
4,500,4,2,zip + zip,-2.4581093571587793,False,True
4,500,5,2,zip + poisson,-2.458231523901414,True,True
4,500,6,3,poisson + zip + poisson,-2.4588509026713288,False,False
4,500,7,3,nb2 + poisson + zip,-2.460913530906041,False,False
4,500,8,3,nb2 + zip + poisson,-2.460917154701031,False,False
4,500,9,3,zip + poisson + poisson,-2.462006643223561,False,False
4,500,10,3,zip + poisson + nb2,-2.4626234139499683,False,False
4,1000,1,3,poisson + zip + poisson,-2.4502050529271,False,False
4,1000,2,2,nb2 + zip,-2.450290094193564,False,False
4,1000,3,3,nb2 + zip + poisson,-2.450353179392653,False,False
4,1000,4,2,zip + zip,-2.450436229924815,False,True
4,1000,5,2,zip + nb2,-2.450451644654675,False,False
4,1000,6,2,zip + poisson,-2.450578464041919,True,True
4,1000,7,3,poisson + poisson + zip,-2.4508252014145575,False,False
4,1000,8,2,poisson + zip,-2.4510914016076812,True,True
4,1000,9,3,poisson + nb2 + poisson,-2.4517741834832694,False,False
4,1000,10,3,nb2 + nb2 + poisson,-2.4517850183491396,False,False
4,1500,1,3,poisson + poisson + nb2,-2.4135677334801118,False,False
4,1500,2,3,nb2 + poisson + zip,-2.4137565168300426,False,False
4,1500,3,2,zip + nb2,-2.4146083181192073,False,False
4,1500,4,2,poisson + zip,-2.414635110144022,True,True
4,1500,5,3,nb2 + poisson + nb2,-2.4148350097502815,False,False
4,1500,6,3,zip + nb2 + poisson,-2.414961337262698,False,False
4,1500,7,2,zip + zip,-2.415379134687271,False,True
4,1500,8,2,nb2 + zip,-2.4155590334403203,False,False
4,1500,9,2,zip + poisson,-2.415613274631013,True,True
4,1500,10,3,nb2 + poisson + poisson,-2.416083383820358,False,False
1,500,1,2,student_t + student_t,-1.8679478788677306,False,True
1,500,2,2,student_t + skew_normal,-1.8679936458295001,False,False
1,500,3,2,student_t + gaussian,-1.867993704059883,True,True
1,500,4,3,student_t + student_t + gaussian,-1.8830975079793777,False,False
1,500,5,3,student_t + student_t + skew_normal,-1.8830982536218148,False,False
1,500,6,3,student_t + skew_normal + gaussian,-1.8834883150344777,False,False
1,500,7,3,student_t + skew_normal + skew_normal,-1.8834887512108098,False,False
1,500,8,3,student_t + gaussian + gaussian,-1.8834913801624338,False,False
1,500,9,3,student_t + gaussian + skew_normal,-1.883491835009354,False,False
1,500,10,3,student_t + student_t + student_t,-1.885223525316425,False,False
1,1000,1,2,student_t + skew_normal,-1.857219420748055,False,False
1,1000,2,2,student_t + student_t,-1.8572503638308255,False,True
1,1000,3,2,student_t + gaussian,-1.857300613252368,True,True
1,1000,4,3,student_t + gaussian + student_t,-1.8598329740636452,False,False
1,1000,5,3,student_t + skew_normal + student_t,-1.859848843709701,False,False
1,1000,6,3,student_t + student_t + student_t,-1.8604890890339054,False,False
1,1000,7,3,student_t + skew_normal + skew_normal,-1.8610838384631885,False,False
1,1000,8,3,student_t + skew_normal + gaussian,-1.861083952265299,False,False
1,1000,9,3,student_t + gaussian + skew_normal,-1.861084346830683,False,False
1,1000,10,3,student_t + gaussian + gaussian,-1.8610844472181902,False,False
1,1500,1,2,student_t + gaussian,-1.8232637548224138,True,True
1,1500,2,2,student_t + skew_normal,-1.823263789471116,False,False
1,1500,3,2,student_t + student_t,-1.8234676454262098,False,True
1,1500,4,3,student_t + student_t + gaussian,-1.827126539341013,False,False
1,1500,5,3,student_t + gaussian + gaussian,-1.8274938716255968,False,False
1,1500,6,3,student_t + gaussian + skew_normal,-1.8274944954285839,False,False
1,1500,7,3,student_t + skew_normal + gaussian,-1.8274953663533027,False,False
1,1500,8,3,student_t + student_t + student_t,-1.828237377232324,False,False
1,1500,9,3,student_t + skew_normal + student_t,-1.8284695673198383,False,False
1,1500,10,3,student_t + gaussian + student_t,-1.8284708580188602,False,False
2,500,1,3,lognormal + inverse_gaussian + gamma,-1.1467422121951345,False,False
2,500,2,3,lognormal + lognormal + inverse_gaussian,-1.1477595212613874,False,False
2,500,3,2,lognormal + gamma,-1.1478381462257676,True,True
2,500,4,2,lognormal + lognormal,-1.1479360338718545,False,False
2,500,5,3,inverse_gaussian + lognormal + lognormal,-1.1481031846480747,False,False
2,500,6,3,lognormal + lognormal + lognormal,-1.1500997476616468,False,False
2,500,7,3,inverse_gaussian + gamma + gamma,-1.1505894621894626,False,False
2,500,8,3,gamma + inverse_gaussian + gamma,-1.1505894621894626,False,False
2,500,9,3,gamma + gamma + inverse_gaussian,-1.150589474157699,False,False
2,500,10,3,gamma + lognormal + inverse_gaussian,-1.1515460249065046,False,False
2,1000,1,2,lognormal + gamma,-1.1412415936544305,True,True
2,1000,2,2,gamma + lognormal,-1.1412415936544305,True,True
2,1000,3,3,lognormal + lognormal + gamma,-1.1413412975784518,False,False
2,1000,4,2,lognormal + lognormal,-1.142196525121845,False,False
2,1000,5,3,lognormal + lognormal + lognormal,-1.1422632840397768,False,False
2,1000,6,3,gamma + gamma + lognormal,-1.1431383343168169,False,False
2,1000,7,3,lognormal + gamma + gamma,-1.1431383346604733,False,False
2,1000,8,3,gamma + lognormal + gamma,-1.1431383350010176,False,False
2,1000,9,3,lognormal + gamma + lognormal,-1.1440059729208973,False,False
2,1000,10,3,lognormal + inverse_gaussian + lognormal,-1.1462862642379992,False,False
2,1500,1,2,lognormal + lognormal,-1.1340478213314633,False,False
2,1500,2,2,lognormal + gamma,-1.1346030008989365,True,True
2,1500,3,3,lognormal + gamma + lognormal,-1.1357441861009065,False,False
2,1500,4,3,lognormal + lognormal + gamma,-1.1357584257943127,False,False
2,1500,5,3,gamma + gamma + gamma,-1.138149813530197,False,False
2,1500,6,3,lognormal + gamma + inverse_gaussian,-1.1382584871154855,False,False
2,1500,7,3,lognormal + gamma + gamma,-1.1397132461855413,False,False
2,1500,8,2,lognormal + inverse_gaussian,-1.1418466424992293,False,False
2,1500,9,3,inverse_gaussian + inverse_gaussian + lognormal,-1.1457894574624274,False,False
2,1500,10,3,lognormal + inverse_gaussian + inverse_gaussian,-1.1458657742538485,False,False
3,500,1,2,nb2 + nb2,-2.71761091684181,False,True
3,500,2,3,nb2 + nb2 + poisson,-2.7232215265240685,False,False
3,500,3,3,zip + nb2 + nb2,-2.7242215050423706,False,False
3,500,4,3,poisson + nb2 + nb2,-2.726365365746851,False,False
3,500,5,3,nb2 + poisson + nb2,-2.727297555096596,False,False
3,500,6,3,nb2 + nb2 + zip,-2.727547262860039,False,False
3,500,7,3,nb2 + nb2 + nb2,-2.7287146299105025,False,False
3,500,8,3,nb2 + zip + nb2,-2.7287963647053277,False,False
3,500,9,2,zip + nb2,-2.731941713954129,False,False
3,500,10,2,nb2 + zip,-2.7321921501152007,False,False
3,1000,1,2,nb2 + nb2,-2.7070775866032206,False,True
3,1000,2,3,poisson + nb2 + nb2,-2.7087459411712604,False,False
3,1000,3,3,nb2 + nb2 + poisson,-2.7091726729746215,False,False
3,1000,4,3,nb2 + poisson + nb2,-2.710164296792758,False,False
3,1000,5,3,zip + poisson + nb2,-2.7116427630362927,False,False
3,1000,6,3,poisson + nb2 + zip,-2.7116624848070927,False,False
3,1000,7,3,nb2 + poisson + zip,-2.7117678072003426,False,False
3,1000,8,2,zip + poisson,-2.7131437955606823,False,False
3,1000,9,3,zip + poisson + poisson,-2.714618282646835,False,False
3,1000,10,2,zip + nb2,-2.7148171877415863,False,False
3,1500,1,2,nb2 + nb2,-2.7104840006309807,False,True
3,1500,2,3,poisson + nb2 + nb2,-2.7143962315108596,False,False
3,1500,3,3,nb2 + nb2 + poisson,-2.7149531890422307,False,False
3,1500,4,3,zip + poisson + nb2,-2.715083828009195,False,False
3,1500,5,3,zip + nb2 + poisson,-2.7151314210585706,False,False
3,1500,6,3,nb2 + poisson + zip,-2.7153710996851843,False,False
3,1500,7,3,nb2 + poisson + nb2,-2.7154591133283,False,False
3,1500,8,3,nb2 + zip + poisson,-2.7165126693442825,False,False
3,1500,9,3,poisson + poisson + nb2,-2.716785337616061,False,False
3,1500,10,3,poisson + nb2 + zip,-2.7171140820864372,False,False
4,500,1,2,nb2 + zip,-2.4621663000347787,False,False
4,500,2,2,zip + nb2,-2.46218141193121,False,False
4,500,3,2,zip + poisson,-2.462443092578387,True,True
4,500,4,2,zip + zip,-2.462593969082771,False,True
4,500,5,2,poisson + zip,-2.4630727685041918,True,True
4,500,6,3,poisson + zip + poisson,-2.466085897223467,False,False
4,500,7,3,zip + poisson + poisson,-2.466161311468908,False,False
4,500,8,3,zip + nb2 + poisson,-2.4687491402729385,False,False
4,500,9,3,nb2 + poisson + zip,-2.4690442713643033,False,False
4,500,10,3,poisson + poisson + nb2,-2.4700564495393986,False,False
4,1000,1,2,zip + poisson,-2.456402238218723,True,True
4,1000,2,2,poisson + zip,-2.4566121606887883,True,True
4,1000,3,2,zip + zip,-2.456981100463302,False,True
4,1000,4,3,poisson + nb2 + poisson,-2.45708205449437,False,False
4,1000,5,2,nb2 + zip,-2.457777513846203,False,False
4,1000,6,3,zip + nb2 + poisson,-2.458136604087267,False,False
4,1000,7,3,zip + poisson + poisson,-2.458152544994524,False,False
4,1000,8,3,poisson + poisson + zip,-2.4584544197561065,False,False
4,1000,9,3,poisson + poisson + nb2,-2.458816801216862,False,False
4,1000,10,3,poisson + zip + poisson,-2.4589892053128777,False,False
4,1500,1,3,poisson + nb2 + nb2,-2.436290152997797,False,False
4,1500,2,2,poisson + zip,-2.4369906573771223,True,True
4,1500,3,2,zip + nb2,-2.4369955846391482,False,False
4,1500,4,2,zip + zip,-2.4370093347372714,False,True
4,1500,5,2,zip + poisson,-2.4371394132368343,True,True
4,1500,6,3,poisson + poisson + nb2,-2.4380009311266626,False,False
4,1500,7,3,nb2 + poisson + nb2,-2.4380253085308667,False,False
4,1500,8,3,zip + nb2 + nb2,-2.4385356662144893,False,False
4,1500,9,2,nb2 + zip,-2.4387538057226195,False,False
4,1500,10,3,poisson + nb2 + zip,-2.4388355325810784,False,False
1,500,1,2,student_t + student_t,-1.8453934401748335,False,True
1,500,2,2,student_t + gaussian,-1.845787807551703,True,True
1,500,3,2,student_t + skew_normal,-1.8457887142403195,False,False
1,500,4,3,student_t + student_t + gaussian,-1.8459456154425788,False,False
1,500,5,3,student_t + student_t + skew_normal,-1.8460239411710557,False,False
1,500,6,3,student_t + student_t + student_t,-1.8461880025738369,False,False
1,500,7,3,student_t + skew_normal + student_t,-1.8464531802180537,False,False
1,500,8,3,student_t + gaussian + gaussian,-1.8464585162473348,False,False
1,500,9,3,student_t + gaussian + skew_normal,-1.8464587998471738,False,False
1,500,10,3,student_t + gaussian + student_t,-1.8464589643195883,False,False
1,1000,1,2,student_t + student_t,-1.8546410202525832,False,True
1,1000,2,2,student_t + gaussian,-1.8554562346005055,True,True
1,1000,3,2,student_t + skew_normal,-1.855460004488327,False,False
1,1000,4,3,student_t + gaussian + student_t,-1.855938311693555,False,False
1,1000,5,3,student_t + skew_normal + gaussian,-1.856119692091937,False,False
1,1000,6,3,student_t + gaussian + gaussian,-1.8561198220713344,False,False
1,1000,7,3,student_t + gaussian + skew_normal,-1.856119879433832,False,False
1,1000,8,3,student_t + student_t + gaussian,-1.8566004557456959,False,False
1,1000,9,3,student_t + student_t + skew_normal,-1.8566013388831664,False,False
1,1000,10,3,student_t + student_t + student_t,-1.8567501529054116,False,False
1,1500,1,3,student_t + gaussian + skew_normal,-1.8496494890099067,False,False
1,1500,2,3,student_t + gaussian + gaussian,-1.8496502571137894,False,False
1,1500,3,3,student_t + skew_normal + gaussian,-1.8496511895693821,False,False
1,1500,4,2,student_t + gaussian,-1.8499370948979899,True,True
1,1500,5,2,student_t + skew_normal,-1.8499379476551068,False,False
1,1500,6,3,student_t + gaussian + student_t,-1.8512445910650075,False,False
1,1500,7,2,student_t + student_t,-1.8517882450674297,False,True
1,1500,8,3,student_t + student_t + gaussian,-1.8528469675530337,False,False
1,1500,9,3,student_t + student_t + skew_normal,-1.8528499526826794,False,False
1,1500,10,3,gaussian + student_t + gaussian,-1.8594904319748673,False,False
2,500,1,2,lognormal + gamma,-1.1195829276692648,True,True
2,500,2,2,gamma + lognormal,-1.1195829276692648,True,True
2,500,3,2,lognormal + lognormal,-1.120100923861986,False,False
2,500,4,3,gamma + gamma + inverse_gaussian,-1.1308955161193786,False,False
2,500,5,3,gamma + inverse_gaussian + gamma,-1.1308955203386999,False,False
2,500,6,3,inverse_gaussian + lognormal + gamma,-1.1320388797935848,False,False
2,500,7,2,lognormal + inverse_gaussian,-1.1321325197683436,False,False
2,500,8,2,inverse_gaussian + lognormal,-1.1321381927176648,False,False
2,500,9,3,gamma + lognormal + inverse_gaussian,-1.132195996702992,False,False
2,500,10,3,lognormal + lognormal + gamma,-1.1324222142788485,False,False
2,1000,1,2,lognormal + lognormal,-1.1152936314155368,False,False
2,1000,2,2,lognormal + gamma,-1.1157679942689378,True,True
2,1000,3,2,gamma + lognormal,-1.1157679942689378,True,True
2,1000,4,2,inverse_gaussian + lognormal,-1.1173827146441462,False,False
2,1000,5,2,lognormal + inverse_gaussian,-1.1173827146441462,False,False
2,1000,6,3,lognormal + lognormal + lognormal,-1.1176622501348497,False,False
2,1000,7,3,lognormal + lognormal + gamma,-1.1179397454501958,False,False
2,1000,8,3,lognormal + gamma + gamma,-1.1225954572390233,False,False
2,1000,9,3,lognormal + inverse_gaussian + lognormal,-1.1228405800421226,False,False
2,1000,10,3,inverse_gaussian + lognormal + gamma,-1.1232728278797088,False,False
2,1500,1,3,gamma + lognormal + lognormal,-1.149050510738486,False,False
2,1500,2,3,lognormal + lognormal + lognormal,-1.1491301324148167,False,False
2,1500,3,2,lognormal + lognormal,-1.1495311978354141,False,False
2,1500,4,3,lognormal + lognormal + gamma,-1.151424695528241,False,False
2,1500,5,3,lognormal + gamma + lognormal,-1.151472915965303,False,False
2,1500,6,3,lognormal + inverse_gaussian + lognormal,-1.1523145497153222,False,False
2,1500,7,3,inverse_gaussian + gamma + lognormal,-1.1523286773814794,False,False
2,1500,8,2,inverse_gaussian + lognormal,-1.153172896809145,False,False
2,1500,9,2,lognormal + inverse_gaussian,-1.153172896809145,False,False
2,1500,10,3,inverse_gaussian + lognormal + lognormal,-1.1538538552856907,False,False
3,500,1,2,nb2 + zip,-2.710712745680205,False,False
3,500,2,2,nb2 + nb2,-2.7123838794263606,False,True
3,500,3,2,zip + nb2,-2.714052393004745,False,False
3,500,4,2,zip + zip,-2.715009850717397,False,False
3,500,5,2,poisson + zip,-2.715074115348851,False,False
3,500,6,2,zip + poisson,-2.715508222058106,False,False
3,500,7,3,poisson + nb2 + nb2,-2.7204649709309368,False,False
3,500,8,3,nb2 + poisson + nb2,-2.724272215154382,False,False
3,500,9,3,nb2 + nb2 + poisson,-2.7260989664400586,False,False
3,500,10,3,poisson + zip + poisson,-2.729015294032897,False,False
3,1000,1,3,nb2 + nb2 + poisson,-2.712426515107994,False,False
3,1000,2,3,poisson + zip + poisson,-2.7126600276745436,False,False
3,1000,3,2,nb2 + nb2,-2.7127289184517047,False,True
3,1000,4,3,zip + poisson + poisson,-2.712799667739695,False,False
3,1000,5,2,poisson + zip,-2.713189213512353,False,False
3,1000,6,3,nb2 + poisson + nb2,-2.7137272767006486,False,False
3,1000,7,2,zip + zip,-2.713955599602844,False,False
3,1000,8,3,poisson + nb2 + zip,-2.7148397879296002,False,False
3,1000,9,3,zip + nb2 + poisson,-2.715025991893273,False,False
3,1000,10,2,zip + poisson,-2.715920939642807,False,False
3,1500,1,3,poisson + nb2 + zip,-2.6808231057905543,False,False
3,1500,2,2,poisson + zip,-2.683376550616307,False,False
3,1500,3,2,zip + zip,-2.683575921970274,False,False
3,1500,4,2,nb2 + nb2,-2.6836014488357263,False,True
3,1500,5,2,zip + poisson,-2.6836781362850526,False,False
3,1500,6,2,nb2 + zip,-2.6838045282075855,False,False
3,1500,7,2,zip + nb2,-2.684047717533851,False,False
3,1500,8,3,poisson + poisson + zip,-2.686612836048887,False,False
3,1500,9,3,poisson + nb2 + nb2,-2.687994111125612,False,False
3,1500,10,3,nb2 + nb2 + poisson,-2.6883943163463244,False,False
4,500,1,2,zip + nb2,-2.418517381045194,False,False
4,500,2,2,poisson + zip,-2.4201252920802276,True,True
4,500,3,2,zip + zip,-2.4205761421511522,False,True
4,500,4,2,zip + poisson,-2.421506772382112,True,True
4,500,5,2,nb2 + zip,-2.4221722724572787,False,False
4,500,6,3,zip + poisson + poisson,-2.4254632162532577,False,False
4,500,7,3,poisson + nb2 + poisson,-2.4339789973649104,False,False
4,500,8,3,nb2 + poisson + poisson,-2.4353797256152148,False,False
4,500,9,2,nb2 + nb2,-2.4373371228198195,False,False
4,500,10,3,poisson + nb2 + nb2,-2.437401027491247,False,False
4,1000,1,3,poisson + nb2 + poisson,-2.4032172149170408,False,False
4,1000,2,2,poisson + zip,-2.4036701152892825,True,True
4,1000,3,2,zip + poisson,-2.403753058113282,True,True
4,1000,4,2,zip + zip,-2.4039140675440778,False,True
4,1000,5,2,nb2 + zip,-2.4042102669365324,False,False
4,1000,6,2,zip + nb2,-2.4042693695453545,False,False
4,1000,7,3,zip + poisson + zip,-2.404382516142884,False,False
4,1000,8,3,poisson + zip + poisson,-2.404630390628699,False,False
4,1000,9,3,poisson + poisson + zip,-2.4052234962766796,False,False
4,1000,10,3,zip + poisson + poisson,-2.4053177055267994,False,False
4,1500,1,3,nb2 + poisson + poisson,-2.433272919255541,False,False
4,1500,2,2,zip + nb2,-2.4335290004859362,False,False
4,1500,3,3,poisson + nb2 + nb2,-2.4336188861589907,False,False
4,1500,4,2,nb2 + zip,-2.4341680222275874,False,False
4,1500,5,3,poisson + zip + poisson,-2.4341904211171306,False,False
4,1500,6,3,poisson + poisson + zip,-2.434298306849623,False,False
4,1500,7,3,zip + poisson + zip,-2.434358492178241,False,False
4,1500,8,3,zip + poisson + poisson,-2.434658902426532,False,False
4,1500,9,2,zip + poisson,-2.434713649113899,True,True
4,1500,10,2,zip + zip,-2.4352667959720127,False,True
1,500,1,2,student_t + student_t,-1.8722181464328231,False,True
1,500,2,2,student_t + skew_normal,-1.8723322426733424,False,False
1,500,3,2,student_t + gaussian,-1.8723324500307073,True,True
1,500,4,3,gaussian + student_t + student_t,-1.8740012655297096,False,False
1,500,5,3,student_t + student_t + gaussian,-1.8757544727091513,False,False
1,500,6,3,student_t + student_t + student_t,-1.876065458601945,False,False
1,500,7,3,student_t + gaussian + skew_normal,-1.8760768156552807,False,False
1,500,8,3,student_t + gaussian + gaussian,-1.876077601575529,False,False
1,500,9,3,student_t + skew_normal + skew_normal,-1.876077748666899,False,False
1,500,10,3,student_t + skew_normal + gaussian,-1.8760785364962425,False,False
1,1000,1,2,student_t + student_t,-1.884752811543759,False,True
1,1000,2,2,student_t + skew_normal,-1.884958807160063,False,False
1,1000,3,2,student_t + gaussian,-1.8850007248564624,True,True
1,1000,4,3,student_t + gaussian + gaussian,-1.887388644738468,False,False
1,1000,5,3,student_t + skew_normal + gaussian,-1.887390100499834,False,False
1,1000,6,3,student_t + gaussian + skew_normal,-1.8873915876608003,False,False
1,1000,7,3,student_t + student_t + gaussian,-1.889198465399798,False,False
1,1000,8,3,student_t + student_t + skew_normal,-1.8892011972809655,False,False
1,1000,9,3,student_t + gaussian + student_t,-1.8900340069208936,False,False
1,1000,10,3,student_t + student_t + student_t,-1.8921560444682066,False,False
1,1500,1,2,student_t + gaussian,-1.8857284490159805,True,True
1,1500,2,2,student_t + skew_normal,-1.885728769521854,False,False
1,1500,3,2,student_t + student_t,-1.8857858302934922,False,True
1,1500,4,3,student_t + skew_normal + skew_normal,-1.8875850831605472,False,False
1,1500,5,3,student_t + gaussian + skew_normal,-1.887585192756864,False,False
1,1500,6,3,student_t + skew_normal + gaussian,-1.8875876859880316,False,False
1,1500,7,3,student_t + gaussian + gaussian,-1.8875877989201097,False,False
1,1500,8,3,student_t + student_t + skew_normal,-1.8878219145108743,False,False
1,1500,9,3,student_t + student_t + gaussian,-1.8878223640718874,False,False
1,1500,10,3,student_t + skew_normal + student_t,-1.8878881617684746,False,False
2,500,1,2,lognormal + gamma,-1.1832927668494677,True,True
2,500,2,2,gamma + lognormal,-1.1832927668494677,True,True
2,500,3,2,lognormal + lognormal,-1.184919726651373,False,False
2,500,4,2,inverse_gaussian + lognormal,-1.1952802620708325,False,False
2,500,5,2,lognormal + inverse_gaussian,-1.1952802620708325,False,False
2,500,6,3,inverse_gaussian + lognormal + gamma,-1.2005386343867277,False,False
2,500,7,3,inverse_gaussian + lognormal + lognormal,-1.202351817078679,False,False
2,500,8,3,inverse_gaussian + gamma + gamma,-1.2027298875359937,False,False
2,500,9,3,gamma + gamma + inverse_gaussian,-1.202729890792675,False,False
2,500,10,3,lognormal + lognormal + lognormal,-1.2033600299998333,False,False
2,1000,1,2,lognormal + lognormal,-1.1370425009320495,False,False
2,1000,2,2,lognormal + gamma,-1.1371081788042785,True,True
2,1000,3,3,lognormal + lognormal + lognormal,-1.1375473051723106,False,False
2,1000,4,3,gamma + lognormal + lognormal,-1.140051239418796,False,False
2,1000,5,3,lognormal + gamma + gamma,-1.1402369985483098,False,False
2,1000,6,3,gamma + gamma + lognormal,-1.1402370063583798,False,False
2,1000,7,2,inverse_gaussian + lognormal,-1.1432636447508195,False,False
2,1000,8,2,lognormal + inverse_gaussian,-1.1432636447508195,False,False
2,1000,9,3,inverse_gaussian + gamma + lognormal,-1.146749944341318,False,False
2,1000,10,3,gamma + inverse_gaussian + lognormal,-1.146749944341318,False,False
2,1500,1,2,lognormal + gamma,-1.1270989296047595,True,True
2,1500,2,2,gamma + lognormal,-1.1270989296047595,True,True
2,1500,3,3,gamma + lognormal + lognormal,-1.1280724284513157,False,False
2,1500,4,3,lognormal + lognormal + gamma,-1.1280873927656032,False,False
2,1500,5,3,lognormal + gamma + lognormal,-1.1281556779456887,False,False
2,1500,6,2,lognormal + lognormal,-1.128563250391066,False,False
2,1500,7,3,lognormal + lognormal + lognormal,-1.1292904639942727,False,False
2,1500,8,3,inverse_gaussian + lognormal + lognormal,-1.1311558012073837,False,False
2,1500,9,3,lognormal + inverse_gaussian + lognormal,-1.131193773228957,False,False
2,1500,10,3,lognormal + gamma + gamma,-1.1318242983886109,False,False
3,500,1,2,nb2 + nb2,-2.740569328660303,False,True
3,500,2,3,poisson + zip + poisson,-2.7488786891867187,False,False
3,500,3,3,poisson + poisson + zip,-2.7491679787248136,False,False
3,500,4,3,zip + poisson + poisson,-2.7504527332966666,False,False
3,500,5,2,poisson + zip,-2.7505723468096326,False,False
3,500,6,2,zip + zip,-2.7509106861848367,False,False
3,500,7,2,zip + nb2,-2.7517067213524187,False,False
3,500,8,2,nb2 + zip,-2.751783936672659,False,False
3,500,9,3,nb2 + poisson + zip,-2.7520356817991387,False,False
3,500,10,3,zip + nb2 + poisson,-2.7520648375711825,False,False
3,1000,1,2,nb2 + nb2,-2.7265453548203404,False,True
3,1000,2,3,poisson + nb2 + nb2,-2.7321271455814875,False,False
3,1000,3,3,nb2 + nb2 + poisson,-2.7339955177588955,False,False
3,1000,4,3,zip + poisson + nb2,-2.740570827249666,False,False
3,1000,5,3,zip + nb2 + poisson,-2.7409706209410563,False,False
3,1000,6,3,poisson + nb2 + zip,-2.7411777490457876,False,False
3,1000,7,3,poisson + zip + nb2,-2.744828327166123,False,False
3,1000,8,3,poisson + zip + poisson,-2.7450155361701905,False,False
3,1000,9,3,poisson + nb2 + poisson,-2.746888913148983,False,False
3,1000,10,3,nb2 + poisson + zip,-2.74735355578525,False,False
3,1500,1,2,nb2 + nb2,-2.681152887363883,False,True
3,1500,2,3,nb2 + nb2 + zip,-2.681842656762012,False,False
3,1500,3,3,nb2 + zip + poisson,-2.6831516326666662,False,False
3,1500,4,3,poisson + nb2 + zip,-2.6846306340122736,False,False
3,1500,5,3,nb2 + zip + nb2,-2.6853512956337817,False,False
3,1500,6,3,zip + nb2 + nb2,-2.6880251597336753,False,False
3,1500,7,3,nb2 + nb2 + poisson,-2.6889733874924064,False,False
3,1500,8,3,poisson + nb2 + nb2,-2.689970408806197,False,False
3,1500,9,3,nb2 + poisson + nb2,-2.689977210130329,False,False
3,1500,10,3,poisson + poisson + poisson,-2.694412607191683,False,False
4,500,1,3,poisson + poisson + nb2,-2.437185698186212,False,False
4,500,2,2,poisson + zip,-2.4384777310885997,True,True
4,500,3,2,zip + poisson,-2.4389597173295807,True,True
4,500,4,2,zip + zip,-2.4393423293111596,False,True
4,500,5,2,zip + nb2,-2.440101695655469,False,False
4,500,6,3,poisson + zip + zip,-2.4404399300323156,False,False
4,500,7,3,poisson + nb2 + nb2,-2.441088529466926,False,False
4,500,8,2,nb2 + zip,-2.4415284595299447,False,False
4,500,9,3,poisson + zip + poisson,-2.442168748244355,False,False
4,500,10,3,zip + poisson + poisson,-2.4425728752162814,False,False
4,1000,1,2,nb2 + zip,-2.437047428234432,False,False
4,1000,2,2,zip + nb2,-2.4374210893432404,False,False
4,1000,3,2,zip + poisson,-2.4402633680390755,True,True
4,1000,4,2,poisson + zip,-2.4405001519404883,True,True
4,1000,5,2,zip + zip,-2.440526725293337,False,True
4,1000,6,3,poisson + poisson + nb2,-2.4413631885460694,False,False
4,1000,7,3,zip + poisson + nb2,-2.44190974594828,False,False
4,1000,8,3,zip + poisson + poisson,-2.4424267688290775,False,False
4,1000,9,3,nb2 + zip + poisson,-2.4429509145707233,False,False
4,1000,10,3,zip + nb2 + poisson,-2.442978672004466,False,False
4,1500,1,2,nb2 + zip,-2.3998114861080544,False,False
4,1500,2,3,poisson + nb2 + poisson,-2.399825713006447,False,False
4,1500,3,2,zip + nb2,-2.400345934270516,False,False
4,1500,4,2,zip + poisson,-2.4008830624103177,True,True
4,1500,5,2,poisson + zip,-2.401641734414345,True,True
4,1500,6,3,nb2 + nb2 + poisson,-2.4019457316498496,False,False
4,1500,7,3,poisson + poisson + zip,-2.402816472486281,False,False
4,1500,8,2,zip + zip,-2.4028394709116747,False,True
4,1500,9,3,nb2 + poisson + nb2,-2.4030923782941747,False,False
4,1500,10,3,poisson + zip + zip,-2.403355054317116,False,False
1,500,1,2,student_t + skew_normal,-1.8693422682844834,False,False
1,500,2,2,student_t + gaussian,-1.8693456368122534,True,True
1,500,3,2,student_t + student_t,-1.8710274878149875,False,True
1,500,4,3,student_t + gaussian + student_t,-1.8739211515337355,False,False
1,500,5,3,student_t + gaussian + skew_normal,-1.8751404718887001,False,False
1,500,6,3,student_t + skew_normal + gaussian,-1.875149786908197,False,False
1,500,7,3,student_t + gaussian + gaussian,-1.8751501704414213,False,False
1,500,8,3,student_t + student_t + gaussian,-1.8789061590516265,False,False
1,500,9,2,gaussian + student_t,-1.8846220817206016,True,True
1,500,10,2,skew_normal + student_t,-1.8846386008379141,False,False
1,1000,1,3,student_t + gaussian + skew_normal,-1.8368877849863483,False,False
1,1000,2,3,student_t + gaussian + gaussian,-1.8368881861571817,False,False
1,1000,3,3,student_t + skew_normal + gaussian,-1.8368884177240383,False,False
1,1000,4,2,student_t + skew_normal,-1.8382216016185688,False,False
1,1000,5,2,student_t + gaussian,-1.8382235085047127,True,True
1,1000,6,3,student_t + student_t + gaussian,-1.838735055252705,False,False
1,1000,7,3,student_t + gaussian + student_t,-1.8397230235482631,False,False
1,1000,8,2,student_t + student_t,-1.8405891064764395,False,True
1,1000,9,3,skew_normal + gaussian + skew_normal,-1.8493631410999865,False,False
1,1000,10,3,skew_normal + gaussian + gaussian,-1.849374030399398,False,False
1,1500,1,2,student_t + gaussian,-1.8617126564247652,True,True
1,1500,2,2,student_t + skew_normal,-1.861712859925744,False,False
1,1500,3,2,student_t + student_t,-1.8618114568129867,False,True
1,1500,4,3,student_t + gaussian + student_t,-1.862473747409132,False,False
1,1500,5,3,student_t + skew_normal + student_t,-1.8624767314265573,False,False
1,1500,6,3,student_t + skew_normal + gaussian,-1.8625303189770437,False,False
1,1500,7,3,student_t + skew_normal + skew_normal,-1.8625305518775797,False,False
1,1500,8,3,student_t + gaussian + gaussian,-1.8625329021466646,False,False
1,1500,9,3,student_t + gaussian + skew_normal,-1.8625332829533212,False,False
1,1500,10,3,student_t + student_t + student_t,-1.8625751816771599,False,False
2,500,1,2,lognormal + lognormal,-1.1252444038301135,False,False
2,500,2,2,lognormal + gamma,-1.1268810669532736,True,True
2,500,3,3,lognormal + lognormal + gamma,-1.1335375767640277,False,False
2,500,4,3,lognormal + gamma + lognormal,-1.1335375784622912,False,False
2,500,5,2,inverse_gaussian + lognormal,-1.1366482279552137,False,False
2,500,6,2,lognormal + inverse_gaussian,-1.1366482279552137,False,False
2,500,7,3,lognormal + lognormal + lognormal,-1.13701578891996,False,False
2,500,8,3,lognormal + inverse_gaussian + lognormal,-1.1407241804854709,False,False
2,500,9,3,lognormal + lognormal + inverse_gaussian,-1.1407241828639434,False,False
2,500,10,3,gamma + inverse_gaussian + lognormal,-1.1423167967667374,False,False
2,1000,1,2,lognormal + gamma,-1.0831468770336965,True,True
2,1000,2,2,lognormal + lognormal,-1.084540596911406,False,False
2,1000,3,3,gamma + inverse_gaussian + lognormal,-1.0853823655097024,False,False
2,1000,4,3,lognormal + gamma + inverse_gaussian,-1.0859040399116242,False,False
2,1000,5,3,lognormal + lognormal + gamma,-1.0863054425332743,False,False
2,1000,6,3,gamma + gamma + lognormal,-1.0874952130566324,False,False
2,1000,7,3,lognormal + gamma + gamma,-1.0875037919766941,False,False
2,1000,8,3,gamma + lognormal + lognormal,-1.0889692301367122,False,False
2,1000,9,3,lognormal + gamma + lognormal,-1.0889823710628868,False,False
2,1000,10,3,gamma + lognormal + gamma,-1.0893892263895233,False,False
2,1500,1,2,lognormal + gamma,-1.129922591955064,True,True
2,1500,2,2,lognormal + lognormal,-1.130261593896354,False,False
2,1500,3,2,lognormal + inverse_gaussian,-1.130783904711617,False,False
2,1500,4,3,gamma + lognormal + gamma,-1.1332185810383026,False,False
2,1500,5,3,gamma + lognormal + inverse_gaussian,-1.133434040442246,False,False
2,1500,6,3,lognormal + lognormal + gamma,-1.1334492316705456,False,False
2,1500,7,3,inverse_gaussian + lognormal + lognormal,-1.1336750675112865,False,False
2,1500,8,3,lognormal + lognormal + inverse_gaussian,-1.1337566953334284,False,False
2,1500,9,3,lognormal + inverse_gaussian + lognormal,-1.1337566955654188,False,False
2,1500,10,3,gamma + gamma + inverse_gaussian,-1.1353017670298715,False,False
3,500,1,2,nb2 + nb2,-2.7212579156564707,False,True
3,500,2,3,zip + nb2 + poisson,-2.7346038772616086,False,False
3,500,3,3,zip + nb2 + zip,-2.741051837634925,False,False
3,500,4,3,nb2 + zip + poisson,-2.7417461372931085,False,False
3,500,5,3,nb2 + poisson + poisson,-2.7428260232351573,False,False
3,500,6,2,nb2 + zip,-2.743306067481908,False,False
3,500,7,2,zip + nb2,-2.7433115902866447,False,False
3,500,8,2,zip + poisson,-2.745650273173892,False,False
3,500,9,2,zip + zip,-2.745791525839023,False,False
3,500,10,2,poisson + zip,-2.746330924650567,False,False
3,1000,1,2,nb2 + nb2,-2.6970610403686113,False,True
3,1000,2,3,poisson + nb2 + nb2,-2.6971831387254626,False,False
3,1000,3,3,nb2 + poisson + nb2,-2.7017359415861892,False,False
3,1000,4,3,nb2 + nb2 + poisson,-2.7019072298535134,False,False
3,1000,5,3,poisson + poisson + nb2,-2.715545447494185,False,False
3,1000,6,3,nb2 + poisson + zip,-2.7163739708291317,False,False
3,1000,7,3,zip + nb2 + poisson,-2.717161686168013,False,False
3,1000,8,3,poisson + zip + zip,-2.7188779129114873,False,False
3,1000,9,2,zip + nb2,-2.7212745710476685,False,False
3,1000,10,2,nb2 + zip,-2.7213460779756606,False,False
3,1500,1,2,nb2 + nb2,-2.7161997166130774,False,True
3,1500,2,3,poisson + nb2 + nb2,-2.7182990110534027,False,False
3,1500,3,3,poisson + zip + nb2,-2.7273504284571257,False,False
3,1500,4,3,zip + poisson + nb2,-2.7285004919750993,False,False
3,1500,5,3,poisson + zip + poisson,-2.73107160394484,False,False
3,1500,6,3,poisson + nb2 + zip,-2.7313359149463077,False,False
3,1500,7,2,zip + zip,-2.7313483754553705,False,False
3,1500,8,3,nb2 + zip + poisson,-2.7319921029313097,False,False
3,1500,9,2,nb2 + zip,-2.732026785086236,False,False
3,1500,10,3,zip + poisson + poisson,-2.7323869453607763,False,False
4,500,1,2,zip + nb2,-2.480163699266691,False,False
4,500,2,2,nb2 + zip,-2.4817081615342205,False,False
4,500,3,3,nb2 + zip + poisson,-2.482580284592511,False,False
4,500,4,3,nb2 + poisson + nb2,-2.4855655907667087,False,False
4,500,5,3,poisson + nb2 + nb2,-2.485590694038897,False,False
4,500,6,2,zip + zip,-2.4856006544017517,False,True
4,500,7,3,nb2 + poisson + poisson,-2.4872606145855123,False,False
4,500,8,2,poisson + zip,-2.487831020469591,True,True
4,500,9,3,poisson + poisson + nb2,-2.488132452492843,False,False
4,500,10,3,zip + poisson + zip,-2.489878672838855,False,False
4,1000,1,2,nb2 + zip,-2.4546856207047387,False,False
4,1000,2,3,nb2 + zip + poisson,-2.4548836828271567,False,False
4,1000,3,2,zip + nb2,-2.455504906872403,False,False
4,1000,4,2,poisson + zip,-2.4556837879776157,True,True
4,1000,5,2,zip + poisson,-2.4557561599098245,True,True
4,1000,6,2,zip + zip,-2.4559809679610534,False,True
4,1000,7,3,nb2 + nb2 + poisson,-2.456166856853106,False,False
4,1000,8,3,poisson + zip + poisson,-2.4563270507788046,False,False
4,1000,9,3,nb2 + poisson + nb2,-2.4564838416153196,False,False
4,1000,10,3,zip + poisson + poisson,-2.457977152829785,False,False
4,1500,1,2,zip + poisson,-2.4091762504061793,True,True
4,1500,2,2,zip + nb2,-2.409405184629907,False,False
4,1500,3,2,zip + zip,-2.4101778716038824,False,True
4,1500,4,2,nb2 + zip,-2.410468097064338,False,False
4,1500,5,2,poisson + zip,-2.4104946044715034,True,True
4,1500,6,3,nb2 + zip + nb2,-2.415435325226619,False,False
4,1500,7,3,nb2 + nb2 + poisson,-2.4156492799668556,False,False
4,1500,8,3,poisson + nb2 + nb2,-2.4169961562400295,False,False
4,1500,9,3,nb2 + zip + zip,-2.4174355987122893,False,False
4,1500,10,3,zip + nb2 + poisson,-2.4175551164507367,False,False
1,500,1,2,student_t + gaussian,-1.847590154505641,True,True
1,500,2,2,student_t + student_t,-1.847627795322729,False,True
1,500,3,2,student_t + skew_normal,-1.8476453102932666,False,False
1,500,4,3,student_t + gaussian + student_t,-1.8503771742107564,False,False
1,500,5,3,student_t + skew_normal + student_t,-1.8503788717282528,False,False
1,500,6,3,student_t + skew_normal + gaussian,-1.8506369026122063,False,False
1,500,7,3,student_t + skew_normal + skew_normal,-1.8506369239393612,False,False
1,500,8,3,student_t + gaussian + gaussian,-1.850638007369519,False,False
1,500,9,3,student_t + gaussian + skew_normal,-1.8506380286313016,False,False
1,500,10,3,student_t + student_t + student_t,-1.8507340322151646,False,False
1,1000,1,2,student_t + student_t,-1.8539712658888852,False,True
1,1000,2,2,student_t + gaussian,-1.8540496489446834,True,True
1,1000,3,2,student_t + skew_normal,-1.8540550088139789,False,False
1,1000,4,3,student_t + skew_normal + student_t,-1.856293504317644,False,False
1,1000,5,3,student_t + gaussian + student_t,-1.856293801320624,False,False
1,1000,6,3,student_t + student_t + student_t,-1.8563241436617033,False,False
1,1000,7,3,student_t + student_t + skew_normal,-1.8563366389097762,False,False
1,1000,8,3,student_t + student_t + gaussian,-1.8563410333717625,False,False
1,1000,9,3,student_t + gaussian + skew_normal,-1.8563986850367074,False,False
1,1000,10,3,student_t + skew_normal + skew_normal,-1.8563997279796864,False,False
1,1500,1,3,student_t + skew_normal + gaussian,-1.8520881543644745,False,False
1,1500,2,3,student_t + gaussian + skew_normal,-1.8520889114595092,False,False
1,1500,3,3,student_t + gaussian + gaussian,-1.8520889690818862,False,False
1,1500,4,2,student_t + gaussian,-1.8524750096975637,True,True
1,1500,5,2,student_t + skew_normal,-1.852475264494416,False,False
1,1500,6,3,student_t + student_t + gaussian,-1.8527676466403784,False,False
1,1500,7,3,student_t + student_t + skew_normal,-1.852767823485165,False,False
1,1500,8,3,student_t + gaussian + student_t,-1.8532306527372628,False,False
1,1500,9,3,student_t + skew_normal + student_t,-1.8532314016528366,False,False
1,1500,10,3,student_t + student_t + student_t,-1.853609303839325,False,False
2,500,1,2,lognormal + lognormal,-1.1494199077217802,False,False
2,500,2,2,inverse_gaussian + lognormal,-1.1506456416725077,False,False
2,500,3,2,lognormal + inverse_gaussian,-1.1506456416725077,False,False
2,500,4,2,lognormal + gamma,-1.1510903034335593,True,True
2,500,5,3,lognormal + lognormal + gamma,-1.1709995311642283,False,False
2,500,6,3,lognormal + gamma + gamma,-1.172926659422329,False,False
2,500,7,3,inverse_gaussian + lognormal + gamma,-1.1765708855866015,False,False
2,500,8,3,lognormal + gamma + inverse_gaussian,-1.1765708903840142,False,False
2,500,9,2,inverse_gaussian + gamma,-1.178520377177557,False,False
2,500,10,2,gamma + inverse_gaussian,-1.178520377177557,False,False
2,1000,1,2,gamma + lognormal,-1.1049644259563192,True,True
2,1000,2,3,lognormal + lognormal + gamma,-1.1061340425474078,False,False
2,1000,3,3,gamma + lognormal + lognormal,-1.1061340689807484,False,False
2,1000,4,2,lognormal + lognormal,-1.1062449853151948,False,False
2,1000,5,3,lognormal + lognormal + lognormal,-1.1075936029025661,False,False
2,1000,6,3,gamma + lognormal + gamma,-1.1089459789545857,False,False
2,1000,7,3,lognormal + gamma + gamma,-1.1089459789545857,False,False
2,1000,8,3,lognormal + lognormal + inverse_gaussian,-1.109581544087508,False,False
2,1000,9,2,inverse_gaussian + lognormal,-1.1100387700789598,False,False
2,1000,10,2,lognormal + inverse_gaussian,-1.110041623672903,False,False
2,1500,1,3,inverse_gaussian + gamma + lognormal,-1.1272925825721933,False,False
2,1500,2,3,lognormal + lognormal + gamma,-1.1274625864435597,False,False
2,1500,3,2,lognormal + gamma,-1.127888687368607,True,True
2,1500,4,2,gamma + lognormal,-1.127888687368607,True,True
2,1500,5,3,gamma + inverse_gaussian + lognormal,-1.1283461887590147,False,False
2,1500,6,3,lognormal + inverse_gaussian + gamma,-1.1283461900947893,False,False
2,1500,7,3,lognormal + lognormal + lognormal,-1.1285253689103474,False,False
2,1500,8,2,lognormal + lognormal,-1.1289191664017821,False,False
2,1500,9,3,lognormal + inverse_gaussian + lognormal,-1.1291331118829302,False,False
2,1500,10,3,lognormal + gamma + lognormal,-1.1305075239813005,False,False
3,500,1,2,nb2 + nb2,-2.7181125927103613,False,True
3,500,2,3,zip + poisson + zip,-2.741760704585378,False,False
3,500,3,3,poisson + zip + poisson,-2.742808446589687,False,False
3,500,4,3,poisson + nb2 + zip,-2.7483379751922716,False,False
3,500,5,3,poisson + poisson + poisson,-2.7495883584877765,False,False
3,500,6,3,poisson + poisson + nb2,-2.7497036267075465,False,False
3,500,7,3,poisson + nb2 + poisson,-2.7503274579982007,False,False
3,500,8,3,zip + nb2 + poisson,-2.7507163962494032,False,False
3,500,9,3,poisson + poisson + zip,-2.75088884747493,False,False
3,500,10,3,poisson + zip + zip,-2.752873885526326,False,False
3,1000,1,2,nb2 + nb2,-2.7229516409471843,False,True
3,1000,2,3,poisson + nb2 + nb2,-2.7265644458784295,False,False
3,1000,3,3,poisson + zip + nb2,-2.751834570271872,False,False
3,1000,4,2,nb2 + zip,-2.753495865224473,False,False
3,1000,5,2,zip + zip,-2.7543687030354813,False,False
3,1000,6,2,poisson + zip,-2.7544833617618236,False,False
3,1000,7,3,poisson + poisson + zip,-2.7545778972505746,False,False
3,1000,8,2,zip + nb2,-2.754656590925626,False,False
3,1000,9,2,zip + poisson,-2.7547846779811906,False,False
3,1000,10,3,poisson + zip + poisson,-2.7547877999432187,False,False
3,1500,1,2,nb2 + nb2,-2.701786267766638,False,True
3,1500,2,3,zip + nb2 + poisson,-2.7134564492884916,False,False
3,1500,3,3,zip + poisson + nb2,-2.7136256519525106,False,False
3,1500,4,3,nb2 + poisson + zip,-2.7147218331321774,False,False
3,1500,5,3,poisson + nb2 + nb2,-2.7150182317408116,False,False
3,1500,6,3,nb2 + poisson + poisson,-2.71558674819107,False,False
3,1500,7,3,poisson + nb2 + zip,-2.7157193640373345,False,False
3,1500,8,3,poisson + poisson + poisson,-2.7164318995039745,False,False
3,1500,9,3,nb2 + zip + poisson,-2.717116103670248,False,False
3,1500,10,3,poisson + nb2 + poisson,-2.7177342327467713,False,False
4,500,1,2,poisson + zip,-2.4300930849365394,True,True
4,500,2,2,zip + zip,-2.430321492836458,False,True
4,500,3,2,zip + poisson,-2.43122850157616,True,True
4,500,4,3,zip + poisson + nb2,-2.4319443438695125,False,False
4,500,5,2,zip + nb2,-2.4320171160149213,False,False
4,500,6,3,poisson + poisson + zip,-2.4325653039797634,False,False
4,500,7,3,nb2 + poisson + poisson,-2.434599295847722,False,False
4,500,8,3,zip + poisson + poisson,-2.4376469470703426,False,False
4,500,9,3,poisson + poisson + poisson,-2.4398511390188413,False,False
4,500,10,3,nb2 + nb2 + poisson,-2.441824047263385,False,False
4,1000,1,2,nb2 + zip,-2.413871528254474,False,False
4,1000,2,2,poisson + zip,-2.4143797362880024,True,True
4,1000,3,2,zip + nb2,-2.4144499054032047,False,False
4,1000,4,2,zip + poisson,-2.414997863212762,True,True
4,1000,5,2,zip + zip,-2.415398365285765,False,True
4,1000,6,3,poisson + zip + poisson,-2.4161991789310133,False,False
4,1000,7,3,zip + poisson + zip,-2.416292144824138,False,False
4,1000,8,3,poisson + zip + zip,-2.4165122404279993,False,False
4,1000,9,3,zip + zip + poisson,-2.417320757671627,False,False
4,1000,10,3,poisson + poisson + zip,-2.4173468062388936,False,False
4,1500,1,2,zip + zip,-2.4390085808435504,False,True
4,1500,2,2,poisson + zip,-2.4390860519934274,True,True
4,1500,3,3,zip + poisson + nb2,-2.4393642249389544,False,False
4,1500,4,2,zip + poisson,-2.4396661230157624,True,True
4,1500,5,3,poisson + poisson + zip,-2.4399472596529175,False,False
4,1500,6,2,nb2 + zip,-2.4401393016079806,False,False
4,1500,7,3,poisson + zip + poisson,-2.4401640417870216,False,False
4,1500,8,2,zip + nb2,-2.440420540773246,False,False
4,1500,9,3,nb2 + poisson + zip,-2.440618649228928,False,False
4,1500,10,3,zip + poisson + poisson,-2.44166732455756,False,False
1,500,1,2,student_t + gaussian,-1.851564456017205,True,True
1,500,2,2,student_t + skew_normal,-1.8515664663937623,False,False
1,500,3,2,student_t + student_t,-1.8515791954864076,False,True
1,500,4,3,student_t + student_t + skew_normal,-1.8528760447205872,False,False
1,500,5,3,student_t + student_t + gaussian,-1.8528866491962486,False,False
1,500,6,3,student_t + gaussian + gaussian,-1.8534071810991262,False,False
1,500,7,3,student_t + gaussian + skew_normal,-1.8534096513893097,False,False
1,500,8,3,student_t + skew_normal + gaussian,-1.8534110186308017,False,False
1,500,9,3,student_t + student_t + student_t,-1.854871412628995,False,False
1,500,10,3,student_t + skew_normal + student_t,-1.85591255085388,False,False
1,1000,1,2,student_t + gaussian,-1.8577677042391918,True,True
1,1000,2,2,student_t + skew_normal,-1.8577719578860978,False,False
1,1000,3,2,student_t + student_t,-1.8577853106431408,False,True
1,1000,4,3,student_t + student_t + gaussian,-1.860846924560636,False,False
1,1000,5,3,student_t + gaussian + gaussian,-1.8608948425573748,False,False
1,1000,6,3,student_t + skew_normal + gaussian,-1.8608952596928816,False,False
1,1000,7,3,student_t + gaussian + skew_normal,-1.8608995053758601,False,False
1,1000,8,3,student_t + gaussian + student_t,-1.8610128142821214,False,False
1,1000,9,2,gaussian + gaussian,-1.8650796244325383,False,False
1,1000,10,2,skew_normal + gaussian,-1.865079626653459,False,False
1,1500,1,3,student_t + student_t + skew_normal,-1.8135268307990486,False,False
1,1500,2,3,student_t + student_t + gaussian,-1.8135271339743946,False,False
1,1500,3,3,student_t + gaussian + gaussian,-1.813790453184694,False,False
1,1500,4,3,student_t + gaussian + skew_normal,-1.8137904659976685,False,False
1,1500,5,3,student_t + skew_normal + gaussian,-1.813790771935644,False,False
1,1500,6,3,student_t + skew_normal + skew_normal,-1.8137907925370504,False,False
1,1500,7,3,student_t + skew_normal + student_t,-1.8143725898837024,False,False
1,1500,8,3,student_t + gaussian + student_t,-1.8144178731743605,False,False
1,1500,9,3,student_t + student_t + student_t,-1.8144872340717886,False,False
1,1500,10,2,student_t + skew_normal,-1.8147767369953662,False,False
2,500,1,2,lognormal + gamma,-1.1318813769520075,True,True
2,500,2,2,gamma + lognormal,-1.1318813769520075,True,True
2,500,3,3,lognormal + gamma + lognormal,-1.133176716564827,False,False
2,500,4,3,lognormal + lognormal + gamma,-1.1331767229457914,False,False
2,500,5,2,lognormal + lognormal,-1.1336044484606644,False,False
2,500,6,3,lognormal + gamma + inverse_gaussian,-1.1369910133298449,False,False
2,500,7,3,lognormal + inverse_gaussian + gamma,-1.137545124440884,False,False
2,500,8,3,gamma + inverse_gaussian + lognormal,-1.1375451342062346,False,False
2,500,9,3,inverse_gaussian + gamma + lognormal,-1.1375525378544853,False,False
2,500,10,3,inverse_gaussian + lognormal + lognormal,-1.1382695798599838,False,False
2,1000,1,2,gamma + lognormal,-1.0779419110372706,True,True
2,1000,2,2,lognormal + lognormal,-1.0780505873614492,False,False
2,1000,3,3,lognormal + gamma + lognormal,-1.0787480132617204,False,False
2,1000,4,3,lognormal + lognormal + gamma,-1.078748024246191,False,False
2,1000,5,3,lognormal + inverse_gaussian + gamma,-1.0811473430986247,False,False
2,1000,6,3,lognormal + lognormal + inverse_gaussian,-1.0823920558607865,False,False
2,1000,7,3,lognormal + gamma + gamma,-1.0836245727334968,False,False
2,1000,8,3,gamma + lognormal + gamma,-1.0836363941247078,False,False
2,1000,9,3,gamma + gamma + lognormal,-1.0836364411216652,False,False
2,1000,10,3,gamma + lognormal + lognormal,-1.0839774641598274,False,False
2,1500,1,2,gamma + lognormal,-1.04157014579842,True,True
2,1500,2,2,lognormal + lognormal,-1.0423273868413947,False,False
2,1500,3,3,lognormal + gamma + lognormal,-1.0425367161763517,False,False
2,1500,4,2,inverse_gaussian + lognormal,-1.044481727294703,False,False
2,1500,5,2,lognormal + inverse_gaussian,-1.044481727294703,False,False
2,1500,6,3,gamma + gamma + inverse_gaussian,-1.0448743532367284,False,False
2,1500,7,3,gamma + inverse_gaussian + gamma,-1.0448852759999416,False,False
2,1500,8,3,inverse_gaussian + gamma + gamma,-1.0448852762679322,False,False
2,1500,9,3,gamma + inverse_gaussian + lognormal,-1.0452520084090557,False,False
2,1500,10,3,lognormal + lognormal + gamma,-1.0453699991673941,False,False
3,500,1,2,nb2 + nb2,-2.7169360078263822,False,True
3,500,2,3,poisson + nb2 + nb2,-2.720382832778811,False,False
3,500,3,3,nb2 + poisson + nb2,-2.7213298969587414,False,False
3,500,4,3,nb2 + nb2 + poisson,-2.7242275820132793,False,False
3,500,5,2,zip + nb2,-2.7259747567506403,False,False
3,500,6,3,zip + nb2 + poisson,-2.7260880844983832,False,False
3,500,7,2,nb2 + zip,-2.7261512180804526,False,False
3,500,8,3,poisson + poisson + nb2,-2.727508761241597,False,False
3,500,9,2,zip + poisson,-2.7302524887143895,False,False
3,500,10,3,nb2 + poisson + zip,-2.7305113423217704,False,False
3,1000,1,2,nb2 + nb2,-2.701337259026438,False,True
3,1000,2,3,zip + poisson + zip,-2.7628942344849645,False,False
3,1000,3,3,poisson + nb2 + zip,-2.76739651601612,False,False
3,1000,4,3,poisson + poisson + zip,-2.7702680418895835,False,False
3,1000,5,3,poisson + zip + zip,-2.775828169664277,False,False
3,1000,6,3,zip + poisson + poisson,-2.779483307880285,False,False
3,1000,7,2,zip + poisson,-2.779544489763258,False,False
3,1000,8,3,nb2 + zip + poisson,-2.7822202948952723,False,False
3,1000,9,3,zip + nb2 + poisson,-2.789744775772973,False,False
3,1000,10,3,poisson + zip + poisson,-2.791279490295991,False,False
3,1500,1,2,nb2 + nb2,-2.6706688901590123,False,True
3,1500,2,3,zip + nb2 + nb2,-2.680027868103169,False,False
3,1500,3,3,poisson + nb2 + nb2,-2.682600055001981,False,False
3,1500,4,3,nb2 + poisson + nb2,-2.6827854227074743,False,False
3,1500,5,3,nb2 + nb2 + poisson,-2.683456463746472,False,False
3,1500,6,2,zip + nb2,-2.684349396021963,False,False
3,1500,7,2,nb2 + zip,-2.6847646485924215,False,False
3,1500,8,3,nb2 + zip + poisson,-2.685323873419925,False,False
3,1500,9,3,nb2 + poisson + poisson,-2.6856449176177075,False,False
3,1500,10,2,zip + poisson,-2.686854334385374,False,False
4,500,1,2,nb2 + zip,-2.4791374981201644,False,False
4,500,2,3,poisson + poisson + zip,-2.47915241957183,False,False
4,500,3,3,zip + poisson + poisson,-2.479323246395159,False,False
4,500,4,2,zip + zip,-2.4799899731040442,False,True
4,500,5,2,zip + poisson,-2.4807763097452624,True,True
4,500,6,2,zip + nb2,-2.4813565937003803,False,False
4,500,7,2,poisson + zip,-2.481477118324416,True,True
4,500,8,3,poisson + nb2 + poisson,-2.4838502527421342,False,False
4,500,9,3,nb2 + poisson + zip,-2.4849321775987847,False,False
4,500,10,3,nb2 + zip + poisson,-2.4852134216041177,False,False
4,1000,1,3,poisson + zip + poisson,-2.4579647684717,False,False
4,1000,2,2,zip + zip,-2.458528830448701,False,True
4,1000,3,2,zip + nb2,-2.4586293363230487,False,False
4,1000,4,2,nb2 + zip,-2.4592494223019075,False,False
4,1000,5,3,nb2 + poisson + zip,-2.459687415174229,False,False
4,1000,6,2,poisson + zip,-2.459709855581846,True,True
4,1000,7,2,zip + poisson,-2.459763717342484,True,True
4,1000,8,3,zip + poisson + poisson,-2.4603979359169714,False,False
4,1000,9,3,nb2 + zip + poisson,-2.4607620140358266,False,False
4,1000,10,3,poisson + nb2 + nb2,-2.4608917918884923,False,False
4,1500,1,2,zip + nb2,-2.4076729767047373,False,False
4,1500,2,2,poisson + zip,-2.408079174022422,True,True
4,1500,3,2,zip + zip,-2.4091490673577662,False,True
4,1500,4,2,zip + poisson,-2.4096353306379523,True,True
4,1500,5,2,nb2 + zip,-2.4103968575267762,False,False
4,1500,6,3,zip + nb2 + poisson,-2.4106266470141335,False,False
4,1500,7,3,nb2 + zip + poisson,-2.41262790089382,False,False
4,1500,8,3,zip + poisson + poisson,-2.4129033397969035,False,False
4,1500,9,3,poisson + nb2 + zip,-2.4131413398196973,False,False
4,1500,10,3,poisson + nb2 + nb2,-2.4141534845668886,False,False
1,500,1,2,student_t + student_t,-1.8438892958747948,False,True
1,500,2,2,student_t + gaussian,-1.8453012685846735,True,True
1,500,3,2,student_t + skew_normal,-1.8453026355782753,False,False
1,500,4,3,student_t + gaussian + student_t,-1.8490600851889007,False,False
1,500,5,3,student_t + student_t + gaussian,-1.8503352960313855,False,False
1,500,6,3,student_t + student_t + student_t,-1.8508858863453264,False,False
1,500,7,2,gaussian + student_t,-1.8515922279968824,True,True
1,500,8,2,skew_normal + student_t,-1.851592285247093,False,False
1,500,9,3,student_t + gaussian + skew_normal,-1.8545980738177692,False,False
1,500,10,3,student_t + skew_normal + gaussian,-1.8545998964648291,False,False
1,1000,1,2,student_t + gaussian,-1.8473542650093013,True,True
1,1000,2,2,student_t + skew_normal,-1.8473556862372393,False,False
1,1000,3,2,student_t + student_t,-1.8499080333767128,False,True
1,1000,4,3,student_t + student_t + gaussian,-1.8564199171636693,False,False
1,1000,5,3,student_t + student_t + skew_normal,-1.8564321305248785,False,False
1,1000,6,3,student_t + skew_normal + skew_normal,-1.8568733002862752,False,False
1,1000,7,3,student_t + gaussian + skew_normal,-1.8568745131043596,False,False
1,1000,8,3,student_t + skew_normal + gaussian,-1.856876021498274,False,False
1,1000,9,3,student_t + gaussian + gaussian,-1.8568772353171556,False,False
1,1000,10,3,student_t + student_t + student_t,-1.8590841759050345,False,False
1,1500,1,2,student_t + student_t,-1.873049727989491,False,True
1,1500,2,2,student_t + gaussian,-1.8731128879467613,True,True
1,1500,3,2,student_t + skew_normal,-1.8731129010634842,False,False
1,1500,4,3,student_t + student_t + gaussian,-1.877322675019051,False,False
1,1500,5,3,student_t + skew_normal + skew_normal,-1.8774273063408584,False,False
1,1500,6,3,student_t + skew_normal + gaussian,-1.8774279297669692,False,False
1,1500,7,3,student_t + gaussian + gaussian,-1.8775705564490432,False,False
1,1500,8,3,student_t + gaussian + skew_normal,-1.8776013387529717,False,False
1,1500,9,3,student_t + skew_normal + student_t,-1.882079742147669,False,False
1,1500,10,3,student_t + gaussian + student_t,-1.8820830222385085,False,False
2,500,1,2,lognormal + gamma,-1.1353623290789214,True,True
2,500,2,2,gamma + lognormal,-1.1353623290789214,True,True
2,500,3,2,lognormal + lognormal,-1.136375504087125,False,False
2,500,4,2,inverse_gaussian + lognormal,-1.1371728179432241,False,False
2,500,5,2,lognormal + inverse_gaussian,-1.1371728179432241,False,False
2,500,6,3,lognormal + gamma + inverse_gaussian,-1.1453890135645952,False,False
2,500,7,3,inverse_gaussian + gamma + lognormal,-1.1454410874129224,False,False
2,500,8,3,lognormal + inverse_gaussian + gamma,-1.1454412085908066,False,False
2,500,9,3,inverse_gaussian + lognormal + lognormal,-1.1461935541091597,False,False
2,500,10,3,lognormal + gamma + gamma,-1.1466097344200612,False,False
2,1000,1,3,gamma + inverse_gaussian + lognormal,-1.1550398155510082,False,False
2,1000,2,2,lognormal + gamma,-1.1554419088194605,True,True
2,1000,3,2,lognormal + lognormal,-1.1563590910712052,False,False
2,1000,4,3,lognormal + lognormal + gamma,-1.1580170439886595,False,False
2,1000,5,3,lognormal + lognormal + lognormal,-1.1601748030110484,False,False
2,1000,6,3,inverse_gaussian + lognormal + gamma,-1.1617159741148595,False,False
2,1000,7,3,lognormal + gamma + gamma,-1.1620486168747837,False,False
2,1000,8,3,gamma + gamma + lognormal,-1.162060049443217,False,False
2,1000,9,3,gamma + lognormal + lognormal,-1.1630217812605699,False,False
2,1000,10,2,inverse_gaussian + lognormal,-1.1636998774760832,False,False
2,1500,1,2,gamma + lognormal,-1.1513115560739027,True,True
2,1500,2,2,lognormal + lognormal,-1.1523163116735844,False,False
2,1500,3,3,gamma + lognormal + gamma,-1.1535650008300007,False,False
2,1500,4,3,gamma + inverse_gaussian + lognormal,-1.1547853664097958,False,False
2,1500,5,3,lognormal + inverse_gaussian + lognormal,-1.1561568301930283,False,False
2,1500,6,3,inverse_gaussian + lognormal + lognormal,-1.1562385698195212,False,False
2,1500,7,3,gamma + inverse_gaussian + gamma,-1.159040439597507,False,False
2,1500,8,3,inverse_gaussian + gamma + gamma,-1.1590492632528488,False,False
2,1500,9,3,gamma + gamma + inverse_gaussian,-1.1590597335463222,False,False
2,1500,10,3,inverse_gaussian + gamma + lognormal,-1.1600107458489983,False,False
3,500,1,2,nb2 + nb2,-2.6978006796279916,False,True
3,500,2,3,nb2 + poisson + nb2,-2.7048590996924937,False,False
3,500,3,3,nb2 + poisson + zip,-2.7115212917966773,False,False
3,500,4,3,poisson + poisson + zip,-2.7145254394269616,False,False
3,500,5,3,nb2 + nb2 + poisson,-2.714836190082785,False,False
3,500,6,3,zip + poisson + poisson,-2.715749860675835,False,False
3,500,7,2,zip + poisson,-2.7227252863165696,False,False
3,500,8,2,nb2 + zip,-2.723248522131641,False,False
3,500,9,2,zip + nb2,-2.723925154999334,False,False
3,500,10,3,poisson + nb2 + poisson,-2.726992579810053,False,False
3,1000,1,2,nb2 + nb2,-2.710748871500935,False,True
3,1000,2,3,zip + nb2 + nb2,-2.7165652918581875,False,False
3,1000,3,2,nb2 + zip,-2.7167672897896846,False,False
3,1000,4,3,zip + poisson + nb2,-2.717160376061005,False,False
3,1000,5,2,zip + nb2,-2.7172012579856855,False,False
3,1000,6,3,zip + nb2 + poisson,-2.717866327241365,False,False
3,1000,7,3,poisson + poisson + zip,-2.7182238181539433,False,False
3,1000,8,3,poisson + zip + nb2,-2.718567586614883,False,False
3,1000,9,3,poisson + poisson + poisson,-2.7186729918045094,False,False
3,1000,10,3,nb2 + poisson + zip,-2.721062427062279,False,False
3,1500,1,2,nb2 + nb2,-2.697517998334377,False,True
3,1500,2,3,poisson + nb2 + nb2,-2.7028688280477002,False,False
3,1500,3,3,nb2 + poisson + nb2,-2.7030409521171586,False,False
3,1500,4,3,nb2 + nb2 + zip,-2.703063460732092,False,False
3,1500,5,3,zip + poisson + poisson,-2.703729487784521,False,False
3,1500,6,3,nb2 + zip + nb2,-2.7039317148040865,False,False
3,1500,7,3,poisson + nb2 + zip,-2.704165668739245,False,False
3,1500,8,3,zip + nb2 + nb2,-2.704322514877769,False,False
3,1500,9,3,nb2 + zip + poisson,-2.705425153476464,False,False
3,1500,10,3,nb2 + nb2 + poisson,-2.7076791780743137,False,False
4,500,1,2,zip + zip,-2.4237761745789554,False,True
4,500,2,2,zip + poisson,-2.4239688659517498,True,True
4,500,3,3,poisson + nb2 + nb2,-2.4240251323806317,False,False
4,500,4,2,poisson + zip,-2.424243016658463,True,True
4,500,5,2,nb2 + zip,-2.42427920859938,False,False
4,500,6,3,poisson + poisson + zip,-2.4247848583753786,False,False
4,500,7,2,zip + nb2,-2.424931787013512,False,False
4,500,8,3,poisson + zip + poisson,-2.4252155252492797,False,False
4,500,9,3,nb2 + poisson + poisson,-2.4274927126668255,False,False
4,500,10,3,poisson + nb2 + poisson,-2.428060649352485,False,False
4,1000,1,2,nb2 + zip,-2.4565368775495715,False,False
4,1000,2,2,zip + nb2,-2.4582001141932794,False,False
4,1000,3,3,zip + poisson + nb2,-2.458539896355108,False,False
4,1000,4,2,zip + poisson,-2.458685252236487,True,True
4,1000,5,3,zip + poisson + poisson,-2.4591486090260823,False,False
4,1000,6,2,poisson + zip,-2.4591875971214514,True,True
4,1000,7,3,poisson + poisson + zip,-2.4593179055413903,False,False
4,1000,8,2,zip + zip,-2.4597556945843673,False,True
4,1000,9,3,poisson + poisson + nb2,-2.460726243803656,False,False
4,1000,10,3,nb2 + poisson + poisson,-2.460803592398716,False,False
4,1500,1,2,nb2 + zip,-2.4676767935248565,False,False
4,1500,2,2,zip + zip,-2.467914779366698,False,True
4,1500,3,2,zip + nb2,-2.4684966547434493,False,False
4,1500,4,3,nb2 + poisson + nb2,-2.4685698939287524,False,False
4,1500,5,3,zip + poisson + poisson,-2.46862950004944,False,False
4,1500,6,2,zip + poisson,-2.4690288170057175,True,True
4,1500,7,3,poisson + poisson + zip,-2.4691785761822147,False,False
4,1500,8,3,nb2 + nb2 + poisson,-2.4693744152455,False,False
4,1500,9,2,poisson + zip,-2.4697565702778386,True,True
4,1500,10,3,poisson + zip + poisson,-2.469834056645238,False,False
1,500,1,2,student_t + skew_normal,-1.867269521485747,False,False
1,500,2,2,student_t + gaussian,-1.8673161418819049,True,True
1,500,3,2,student_t + student_t,-1.867364130396808,False,True
1,500,4,3,student_t + skew_normal + skew_normal,-1.8717098197318223,False,False
1,500,5,3,student_t + gaussian + skew_normal,-1.8717099067862046,False,False
1,500,6,3,student_t + skew_normal + gaussian,-1.8717119388013261,False,False
1,500,7,3,student_t + gaussian + gaussian,-1.8717119717718225,False,False
1,500,8,3,student_t + gaussian + student_t,-1.8718174903372569,False,False
1,500,9,3,student_t + student_t + gaussian,-1.8719046944681996,False,False
1,500,10,3,student_t + student_t + skew_normal,-1.8719425758012864,False,False
1,1000,1,2,student_t + gaussian,-1.8378709457801279,True,True
1,1000,2,2,student_t + skew_normal,-1.8378717031274527,False,False
1,1000,3,3,student_t + student_t + gaussian,-1.8379114998326427,False,False
1,1000,4,3,student_t + skew_normal + gaussian,-1.8380655528608183,False,False
1,1000,5,3,student_t + gaussian + skew_normal,-1.838065667617251,False,False
1,1000,6,3,student_t + gaussian + gaussian,-1.8380657426244902,False,False
1,1000,7,2,student_t + student_t,-1.8382117982532056,False,True
1,1000,8,3,student_t + student_t + student_t,-1.839461156277511,False,False
1,1000,9,3,student_t + gaussian + student_t,-1.8399244634513456,False,False
1,1000,10,3,student_t + skew_normal + student_t,-1.8399255265634369,False,False
1,1500,1,2,student_t + skew_normal,-1.8655365265113155,False,False
1,1500,2,2,student_t + gaussian,-1.8655368093072515,True,True
1,1500,3,2,student_t + student_t,-1.865594369826088,False,True
1,1500,4,3,student_t + gaussian + gaussian,-1.8682773393359657,False,False
1,1500,5,3,student_t + gaussian + skew_normal,-1.8682773795721277,False,False
1,1500,6,3,student_t + skew_normal + gaussian,-1.8682782447843906,False,False
1,1500,7,3,student_t + skew_normal + skew_normal,-1.8682782803319153,False,False
1,1500,8,3,student_t + gaussian + student_t,-1.868350328589353,False,False
1,1500,9,3,student_t + skew_normal + student_t,-1.8683511565185396,False,False
1,1500,10,3,student_t + student_t + gaussian,-1.8693322881367345,False,False
2,500,1,2,lognormal + lognormal,-1.0811651007776186,False,False
2,500,2,2,lognormal + gamma,-1.081883147857608,True,True
2,500,3,2,gamma + lognormal,-1.081883147857608,True,True
2,500,4,3,lognormal + lognormal + lognormal,-1.0870430466076408,False,False
2,500,5,3,lognormal + gamma + lognormal,-1.088350389505896,False,False
2,500,6,3,lognormal + lognormal + gamma,-1.088723562657953,False,False
2,500,7,3,inverse_gaussian + gamma + lognormal,-1.0919004600590605,False,False
2,500,8,3,gamma + inverse_gaussian + lognormal,-1.0926623954614703,False,False
2,500,9,3,gamma + gamma + lognormal,-1.0927489346650372,False,False
2,500,10,3,gamma + lognormal + lognormal,-1.0939606758225378,False,False
2,1000,1,2,lognormal + lognormal,-1.236568742461005,False,False
2,1000,2,3,gamma + gamma + lognormal,-1.240851146826437,False,False
2,1000,3,3,lognormal + lognormal + gamma,-1.2415936224599815,False,False
2,1000,4,3,gamma + lognormal + lognormal,-1.2415936237280711,False,False
2,1000,5,3,lognormal + gamma + lognormal,-1.2423763082916992,False,False
2,1000,6,3,gamma + gamma + inverse_gaussian,-1.2431771713922863,False,False
2,1000,7,3,inverse_gaussian + gamma + gamma,-1.2431771730347554,False,False
2,1000,8,3,lognormal + lognormal + lognormal,-1.243223920909791,False,False
2,1000,9,3,lognormal + gamma + inverse_gaussian,-1.2456111678066875,False,False
2,1000,10,2,inverse_gaussian + lognormal,-1.245989773750313,False,False
2,1500,1,2,lognormal + gamma,-1.0826637818896778,True,True
2,1500,2,2,lognormal + lognormal,-1.082971515859386,False,False
2,1500,3,3,lognormal + gamma + lognormal,-1.0830032232400644,False,False
2,1500,4,3,lognormal + lognormal + gamma,-1.0830203561756542,False,False
2,1500,5,3,lognormal + lognormal + lognormal,-1.083564773874346,False,False
2,1500,6,3,lognormal + inverse_gaussian + gamma,-1.0853390317885179,False,False
2,1500,7,3,lognormal + gamma + gamma,-1.0853634953442957,False,False
2,1500,8,3,lognormal + gamma + inverse_gaussian,-1.0854141256471512,False,False
2,1500,9,3,inverse_gaussian + gamma + lognormal,-1.0854773284500174,False,False
2,1500,10,3,gamma + gamma + lognormal,-1.0871411073914656,False,False
3,500,1,2,nb2 + nb2,-2.7317860709205846,False,True
3,500,2,3,poisson + nb2 + zip,-2.7386921028436344,False,False
3,500,3,3,nb2 + zip + poisson,-2.7392388115269086,False,False
3,500,4,3,zip + poisson + nb2,-2.739493697097433,False,False
3,500,5,3,poisson + nb2 + nb2,-2.7395365615633,False,False
3,500,6,2,poisson + zip,-2.746057184969655,False,False
3,500,7,2,zip + poisson,-2.746669505385942,False,False
3,500,8,2,zip + nb2,-2.7467154953762636,False,False
3,500,9,2,nb2 + zip,-2.7468246483158354,False,False
3,500,10,2,zip + zip,-2.748344370349741,False,False
3,1000,1,2,nb2 + nb2,-2.6778542395631524,False,True
3,1000,2,3,nb2 + nb2 + poisson,-2.6803282436513123,False,False
3,1000,3,3,poisson + zip + poisson,-2.6834188150087828,False,False
3,1000,4,3,nb2 + poisson + zip,-2.6870710353435245,False,False
3,1000,5,3,zip + nb2 + poisson,-2.687117943987893,False,False
3,1000,6,2,zip + nb2,-2.6873593108802556,False,False
3,1000,7,2,nb2 + zip,-2.687628485864074,False,False
3,1000,8,2,poisson + zip,-2.6881453288958945,False,False
3,1000,9,2,zip + poisson,-2.688845307242205,False,False
3,1000,10,3,zip + poisson + nb2,-2.6891869853811943,False,False
3,1500,1,2,nb2 + nb2,-2.702624173519242,False,True
3,1500,2,3,poisson + zip + nb2,-2.7056082882391665,False,False
3,1500,3,3,poisson + poisson + zip,-2.7064634700120305,False,False
3,1500,4,3,nb2 + nb2 + poisson,-2.7081183019157336,False,False
3,1500,5,3,nb2 + poisson + nb2,-2.708364052070281,False,False
3,1500,6,2,zip + nb2,-2.7095051328084008,False,False
3,1500,7,3,poisson + nb2 + nb2,-2.709547889035973,False,False
3,1500,8,3,poisson + poisson + poisson,-2.71034343571554,False,False
3,1500,9,2,nb2 + zip,-2.7119100810350427,False,False
3,1500,10,3,nb2 + poisson + zip,-2.7132719205317724,False,False
4,500,1,2,poisson + zip,-2.4066310889228273,True,True
4,500,2,2,zip + poisson,-2.4104087348628465,True,True
4,500,3,2,nb2 + zip,-2.4171281656052868,False,False
4,500,4,3,poisson + poisson + poisson,-2.423572203429064,False,False
4,500,5,3,zip + poisson + nb2,-2.42716958341972,False,False
4,500,6,2,nb2 + nb2,-2.4284527275382453,False,False
4,500,7,2,zip + nb2,-2.4288073950487523,False,False
4,500,8,3,poisson + zip + poisson,-2.4289806895141246,False,False
4,500,9,3,nb2 + nb2 + poisson,-2.431475716079185,False,False
4,500,10,3,zip + poisson + zip,-2.43401871061786,False,False
4,1000,1,2,zip + nb2,-2.4073163983115835,False,False
4,1000,2,2,nb2 + zip,-2.408473090412017,False,False
4,1000,3,2,zip + poisson,-2.408559663004624,True,True
4,1000,4,2,zip + zip,-2.408696825078938,False,True
4,1000,5,2,poisson + zip,-2.408822978414114,True,True
4,1000,6,3,zip + poisson + nb2,-2.409476671172384,False,False
4,1000,7,3,nb2 + zip + poisson,-2.4103636041948673,False,False
4,1000,8,3,nb2 + poisson + poisson,-2.4119996732833306,False,False
4,1000,9,3,poisson + nb2 + zip,-2.412089328238599,False,False
4,1000,10,3,nb2 + poisson + zip,-2.4122625900674235,False,False
4,1500,1,2,zip + zip,-2.412223270438485,False,True
4,1500,2,2,zip + poisson,-2.4122633400964637,True,True
4,1500,3,2,zip + nb2,-2.412336007286771,False,False
4,1500,4,2,poisson + zip,-2.4123963909419524,True,True
4,1500,5,2,nb2 + zip,-2.41256573048588,False,False
4,1500,6,3,poisson + poisson + zip,-2.4130186942270537,False,False
4,1500,7,3,nb2 + zip + nb2,-2.4164015524679874,False,False
4,1500,8,3,nb2 + zip + zip,-2.418344140205868,False,False
4,1500,9,3,zip + poisson + nb2,-2.4194135436491204,False,False
4,1500,10,3,nb2 + poisson + zip,-2.419698846676588,False,False
1,500,1,2,student_t + gaussian,-1.8814682338935522,True,True
1,500,2,2,student_t + skew_normal,-1.881490328294317,False,False
1,500,3,2,student_t + student_t,-1.8816140344389938,False,True
1,500,4,3,student_t + student_t + student_t,-1.886675018609926,False,False
1,500,5,3,student_t + gaussian + student_t,-1.8872596276136804,False,False
1,500,6,3,student_t + student_t + gaussian,-1.8876945739893563,False,False
1,500,7,3,student_t + skew_normal + skew_normal,-1.8899457096225907,False,False
1,500,8,3,student_t + skew_normal + gaussian,-1.8899458287901634,False,False
1,500,9,3,student_t + gaussian + skew_normal,-1.8899462580684403,False,False
1,500,10,3,student_t + gaussian + gaussian,-1.8899463574988367,False,False
1,1000,1,2,student_t + skew_normal,-1.851201829488799,False,False
1,1000,2,2,student_t + gaussian,-1.8512067793266551,True,True
1,1000,3,2,student_t + student_t,-1.8515519167171475,False,True
1,1000,4,3,skew_normal + gaussian + skew_normal,-1.8537593055173855,False,False
1,1000,5,3,gaussian + gaussian + skew_normal,-1.853766158379131,False,False
1,1000,6,3,skew_normal + gaussian + gaussian,-1.8537803279748686,False,False
1,1000,7,3,gaussian + gaussian + gaussian,-1.853780775786197,False,False
1,1000,8,3,gaussian + skew_normal + gaussian,-1.8537913568062572,False,False
1,1000,9,3,student_t + student_t + gaussian,-1.8539833502108762,False,False
1,1000,10,3,student_t + gaussian + skew_normal,-1.8539923358461001,False,False
1,1500,1,2,student_t + gaussian,-1.8414006034686468,True,True
1,1500,2,2,student_t + skew_normal,-1.8414017720069271,False,False
1,1500,3,2,student_t + student_t,-1.841416863820629,False,True
1,1500,4,3,student_t + skew_normal + student_t,-1.8437898637609471,False,False
1,1500,5,3,student_t + gaussian + student_t,-1.843790939228617,False,False
1,1500,6,3,student_t + gaussian + skew_normal,-1.843908057983766,False,False
1,1500,7,3,student_t + skew_normal + skew_normal,-1.8439084075779073,False,False
1,1500,8,3,student_t + gaussian + gaussian,-1.843908535556123,False,False
1,1500,9,3,student_t + skew_normal + gaussian,-1.84390888543213,False,False
1,1500,10,3,student_t + student_t + student_t,-1.8447337889724407,False,False
2,500,1,2,lognormal + lognormal,-1.1677530885671923,False,False
2,500,2,2,lognormal + gamma,-1.1684566540745713,True,True
2,500,3,2,gamma + lognormal,-1.1684566540745713,True,True
2,500,4,2,inverse_gaussian + lognormal,-1.1715336976795636,False,False
2,500,5,2,lognormal + inverse_gaussian,-1.1715336976795636,False,False
2,500,6,3,inverse_gaussian + gamma + lognormal,-1.1836333277748508,False,False
2,500,7,3,gamma + inverse_gaussian + lognormal,-1.1836333277748508,False,False
2,500,8,3,inverse_gaussian + lognormal + gamma,-1.1848608895228496,False,False
2,500,9,3,lognormal + gamma + lognormal,-1.1868374013628917,False,False
2,500,10,3,lognormal + lognormal + gamma,-1.186837416762153,False,False
2,1000,1,2,lognormal + lognormal,-1.1229522549544353,False,False
2,1000,2,2,gamma + lognormal,-1.1239587383718819,True,True
2,1000,3,3,lognormal + gamma + lognormal,-1.1280058666663377,False,False
2,1000,4,3,gamma + lognormal + lognormal,-1.12800587027948,False,False
2,1000,5,3,lognormal + lognormal + gamma,-1.133889685552736,False,False
2,1000,6,3,lognormal + gamma + gamma,-1.1343782192917025,False,False
2,1000,7,3,gamma + lognormal + inverse_gaussian,-1.1355590505366115,False,False
2,1000,8,3,lognormal + inverse_gaussian + lognormal,-1.1358126493297636,False,False
2,1000,9,3,gamma + lognormal + gamma,-1.1362005935616144,False,False
2,1000,10,3,lognormal + gamma + inverse_gaussian,-1.1363413299289664,False,False
2,1500,1,3,lognormal + gamma + gamma,-1.1872186780116398,False,False
2,1500,2,3,gamma + gamma + gamma,-1.189101665966915,False,False
2,1500,3,3,lognormal + gamma + lognormal,-1.1895303186246866,False,False
2,1500,4,3,lognormal + lognormal + gamma,-1.189530369001403,False,False
2,1500,5,2,lognormal + gamma,-1.1897973332808245,True,True
2,1500,6,2,gamma + lognormal,-1.1897973332808245,True,True
2,1500,7,3,gamma + gamma + lognormal,-1.1906395694898146,False,False
2,1500,8,3,lognormal + lognormal + lognormal,-1.1910834559041463,False,False
2,1500,9,2,lognormal + lognormal,-1.1914140160284592,False,False
2,1500,10,3,inverse_gaussian + gamma + gamma,-1.192412513841129,False,False
3,500,1,2,nb2 + nb2,-2.685608216332452,False,True
3,500,2,3,zip + poisson + poisson,-2.710619663497601,False,False
3,500,3,3,poisson + poisson + zip,-2.711595259265381,False,False
3,500,4,3,zip + nb2 + nb2,-2.7129909372943026,False,False
3,500,5,3,nb2 + poisson + zip,-2.7137159716419212,False,False
3,500,6,3,poisson + zip + poisson,-2.7158456024011732,False,False
3,500,7,2,nb2 + zip,-2.71721639340269,False,False
3,500,8,2,poisson + zip,-2.717641185931588,False,False
3,500,9,2,zip + nb2,-2.7177041558447304,False,False
3,500,10,2,zip + zip,-2.718437270401567,False,False
3,1000,1,2,nb2 + nb2,-2.733708475929664,False,True
3,1000,2,3,nb2 + nb2 + nb2,-2.734494831189424,False,False
3,1000,3,3,zip + nb2 + nb2,-2.736501176570319,False,False
3,1000,4,3,nb2 + nb2 + zip,-2.737074928449505,False,False
3,1000,5,3,nb2 + poisson + nb2,-2.7372306803296085,False,False
3,1000,6,3,nb2 + nb2 + poisson,-2.7372387916805025,False,False
3,1000,7,2,nb2 + zip,-2.738178925171084,False,False
3,1000,8,2,zip + nb2,-2.738206233722908,False,False
3,1000,9,3,nb2 + zip + nb2,-2.739496800588634,False,False
3,1000,10,3,poisson + nb2 + nb2,-2.740656399077444,False,False
3,1500,1,3,nb2 + nb2 + poisson,-2.712689187830009,False,False
3,1500,2,3,nb2 + poisson + nb2,-2.712860947245629,False,False
3,1500,3,3,poisson + nb2 + nb2,-2.713405497166002,False,False
3,1500,4,2,nb2 + nb2,-2.713405678760714,False,True
3,1500,5,3,poisson + poisson + poisson,-2.7162245128405473,False,False
3,1500,6,3,zip + poisson + nb2,-2.7205326595712704,False,False
3,1500,7,3,poisson + zip + poisson,-2.7258513644443947,False,False
3,1500,8,3,poisson + zip + nb2,-2.726030232568733,False,False
3,1500,9,3,nb2 + poisson + zip,-2.72924684007464,False,False
3,1500,10,2,zip + nb2,-2.729304543574429,False,False
4,500,1,2,poisson + zip,-2.4312881668670387,True,True
4,500,2,3,poisson + zip + poisson,-2.434012917880978,False,False
4,500,3,2,nb2 + zip,-2.435530209300919,False,False
4,500,4,2,zip + nb2,-2.4363564020864747,False,False
4,500,5,2,zip + zip,-2.4369155875674195,False,True
4,500,6,3,poisson + poisson + zip,-2.4409173577193015,False,False
4,500,7,3,zip + poisson + poisson,-2.445141213403048,False,False
4,500,8,3,nb2 + poisson + nb2,-2.4480681082066242,False,False
4,500,9,2,nb2 + nb2,-2.452080739041161,False,False
4,500,10,3,zip + nb2 + nb2,-2.4544965288178475,False,False
4,1000,1,3,nb2 + nb2 + poisson,-2.4687252313144694,False,False
4,1000,2,3,poisson + nb2 + zip,-2.469502288101774,False,False
4,1000,3,3,nb2 + poisson + poisson,-2.470243948636349,False,False
4,1000,4,3,poisson + zip + nb2,-2.470656234699026,False,False
4,1000,5,2,zip + poisson,-2.4707017942213723,True,True
4,1000,6,2,zip + zip,-2.47113339882799,False,True
4,1000,7,2,poisson + zip,-2.4717079703478584,True,True
4,1000,8,3,poisson + poisson + zip,-2.4717773150303834,False,False
4,1000,9,2,zip + nb2,-2.4721902357040904,False,False
4,1000,10,3,zip + poisson + poisson,-2.472617832005181,False,False
4,1500,1,3,zip + poisson + nb2,-2.453578300780772,False,False
4,1500,2,3,zip + nb2 + poisson,-2.455733290997972,False,False
4,1500,3,3,nb2 + poisson + nb2,-2.4558971676721417,False,False
4,1500,4,3,nb2 + zip + poisson,-2.4559974143954184,False,False
4,1500,5,3,nb2 + poisson + zip,-2.4561598187642564,False,False
4,1500,6,3,nb2 + poisson + poisson,-2.4562023563072226,False,False
4,1500,7,2,zip + zip,-2.456297583331596,False,True
4,1500,8,2,zip + poisson,-2.4563335145943572,True,True
4,1500,9,2,poisson + zip,-2.45696291283242,True,True
4,1500,10,2,nb2 + zip,-2.45747468820836,False,False
1,500,1,2,student_t + skew_normal,-1.882676457357428,False,False
1,500,2,2,student_t + gaussian,-1.8826825855718394,True,True
1,500,3,2,student_t + student_t,-1.883101654769426,False,True
1,500,4,3,student_t + gaussian + student_t,-1.887833390001647,False,False
1,500,5,3,student_t + skew_normal + gaussian,-1.8880834849246817,False,False
1,500,6,3,student_t + gaussian + gaussian,-1.888084122399035,False,False
1,500,7,3,student_t + gaussian + skew_normal,-1.8880862005744747,False,False
1,500,8,2,gaussian + skew_normal,-1.9126766985448393,False,False
1,500,9,2,skew_normal + skew_normal,-1.9126768688150837,False,False
1,500,10,2,gaussian + gaussian,-1.912681831017432,False,False
1,1000,1,2,student_t + student_t,-1.8652334287720926,False,True
1,1000,2,2,student_t + skew_normal,-1.8653580483099077,False,False
1,1000,3,2,student_t + gaussian,-1.8653720242660774,True,True
1,1000,4,3,student_t + student_t + student_t,-1.8674015845936405,False,False
1,1000,5,3,student_t + gaussian + student_t,-1.8676644979617567,False,False
1,1000,6,3,student_t + skew_normal + student_t,-1.8676648426517095,False,False
1,1000,7,3,student_t + student_t + gaussian,-1.8679405274876553,False,False
1,1000,8,3,student_t + student_t + skew_normal,-1.8679502686468539,False,False
1,1000,9,3,student_t + skew_normal + skew_normal,-1.8681765760141202,False,False
1,1000,10,3,student_t + skew_normal + gaussian,-1.8681766472644799,False,False
1,1500,1,2,student_t + student_t,-1.84649048251099,False,True
1,1500,2,2,student_t + gaussian,-1.847216859382479,True,True
1,1500,3,2,student_t + skew_normal,-1.847217292007301,False,False
1,1500,4,3,student_t + student_t + student_t,-1.8473378539036847,False,False
1,1500,5,3,student_t + gaussian + student_t,-1.8475621377433613,False,False
1,1500,6,3,student_t + skew_normal + student_t,-1.8475622018798419,False,False
1,1500,7,3,student_t + student_t + gaussian,-1.8483413984792825,False,False
1,1500,8,3,student_t + student_t + skew_normal,-1.8483436923529397,False,False
1,1500,9,3,student_t + skew_normal + skew_normal,-1.8485485219123965,False,False
1,1500,10,3,student_t + skew_normal + gaussian,-1.8485493745253407,False,False
2,500,1,2,lognormal + gamma,-1.1004821762775325,True,True
2,500,2,2,gamma + lognormal,-1.1004821762775325,True,True
2,500,3,2,lognormal + lognormal,-1.1015749360340354,False,False
2,500,4,3,lognormal + lognormal + inverse_gaussian,-1.1135973498513672,False,False
2,500,5,3,inverse_gaussian + lognormal + lognormal,-1.1135973500114131,False,False
2,500,6,3,gamma + lognormal + lognormal,-1.1157920840811846,False,False
2,500,7,3,lognormal + lognormal + gamma,-1.1159276444389616,False,False
2,500,8,3,lognormal + lognormal + lognormal,-1.1172527561673098,False,False
2,500,9,3,lognormal + gamma + gamma,-1.1210471041290175,False,False
2,500,10,3,lognormal + gamma + lognormal,-1.1224213977487731,False,False
2,1000,1,2,lognormal + gamma,-1.1416497193846102,True,True
2,1000,2,2,gamma + lognormal,-1.1416497193846102,True,True
2,1000,3,2,lognormal + lognormal,-1.1455895298911465,False,False
2,1000,4,3,gamma + lognormal + inverse_gaussian,-1.1499043488283136,False,False
2,1000,5,3,lognormal + lognormal + gamma,-1.1504132758440233,False,False
2,1000,6,3,lognormal + gamma + lognormal,-1.1505632240306163,False,False
2,1000,7,3,gamma + inverse_gaussian + lognormal,-1.1506266964192637,False,False
2,1000,8,3,gamma + lognormal + gamma,-1.1510909655680326,False,False
2,1000,9,2,lognormal + inverse_gaussian,-1.1514955895364296,False,False
2,1000,10,3,lognormal + gamma + gamma,-1.152783179208588,False,False
2,1500,1,2,lognormal + gamma,-1.0919495030481994,True,True
2,1500,2,2,gamma + lognormal,-1.0919495030481994,True,True
2,1500,3,2,lognormal + lognormal,-1.092674923237972,False,False
2,1500,4,3,inverse_gaussian + lognormal + gamma,-1.0932949001378374,False,False
2,1500,5,3,lognormal + gamma + inverse_gaussian,-1.0934802996806656,False,False
2,1500,6,3,lognormal + inverse_gaussian + gamma,-1.0934904220201271,False,False
2,1500,7,3,lognormal + lognormal + lognormal,-1.0937751304560825,False,False
2,1500,8,3,lognormal + lognormal + gamma,-1.094519317072746,False,False
2,1500,9,3,lognormal + inverse_gaussian + lognormal,-1.0948809998436007,False,False
2,1500,10,3,lognormal + gamma + lognormal,-1.0949927219959268,False,False
3,500,1,2,nb2 + nb2,-2.7116395780275004,False,True
3,500,2,3,poisson + nb2 + nb2,-2.7321749858595092,False,False
3,500,3,3,nb2 + zip + poisson,-2.7544669694933517,False,False
3,500,4,3,zip + poisson + zip,-2.754836345850819,False,False
3,500,5,3,poisson + zip + nb2,-2.756741842455882,False,False
3,500,6,3,poisson + nb2 + zip,-2.7571126299739626,False,False
3,500,7,2,zip + nb2,-2.7612108113055,False,False
3,500,8,2,nb2 + zip,-2.761946693592052,False,False
3,500,9,3,poisson + zip + zip,-2.7672552941058917,False,False
3,500,10,3,poisson + poisson + nb2,-2.7692697177242445,False,False
3,1000,1,2,nb2 + nb2,-2.7066697044222834,False,True
3,1000,2,3,poisson + poisson + poisson,-2.7091669749318465,False,False
3,1000,3,3,nb2 + nb2 + poisson,-2.709422815774302,False,False
3,1000,4,3,nb2 + poisson + poisson,-2.7101729877295457,False,False
3,1000,5,3,poisson + nb2 + zip,-2.720910123838814,False,False
3,1000,6,3,poisson + zip + nb2,-2.7213009701666353,False,False
3,1000,7,2,zip + nb2,-2.7215046544364068,False,False
3,1000,8,2,nb2 + zip,-2.721506044810277,False,False
3,1000,9,3,nb2 + poisson + zip,-2.7216985761725154,False,False
3,1000,10,2,zip + poisson,-2.7221776460954925,False,False
3,1500,1,2,nb2 + nb2,-2.7037284788664375,False,True
3,1500,2,3,poisson + nb2 + nb2,-2.7073808715583905,False,False
3,1500,3,3,nb2 + poisson + nb2,-2.7117391088403027,False,False
3,1500,4,3,zip + nb2 + poisson,-2.71215377649782,False,False
3,1500,5,3,nb2 + poisson + zip,-2.7134852924664496,False,False
3,1500,6,3,zip + poisson + nb2,-2.714126877552184,False,False
3,1500,7,3,poisson + poisson + poisson,-2.714199421632914,False,False
3,1500,8,3,poisson + nb2 + zip,-2.714535072363817,False,False
3,1500,9,3,nb2 + zip + poisson,-2.714676527953714,False,False
3,1500,10,2,zip + nb2,-2.7150580575904906,False,False
4,500,1,2,poisson + zip,-2.456905367713738,True,True
4,500,2,2,zip + nb2,-2.4570255088766335,False,False
4,500,3,2,nb2 + zip,-2.457108700790059,False,False
4,500,4,3,poisson + poisson + zip,-2.457673264309923,False,False
4,500,5,2,zip + poisson,-2.458120998229166,True,True
4,500,6,2,zip + zip,-2.4581680008701685,False,True
4,500,7,3,poisson + zip + nb2,-2.459935313341498,False,False
4,500,8,3,zip + poisson + zip,-2.4602815859102325,False,False
4,500,9,3,zip + poisson + poisson,-2.461140896768345,False,False
4,500,10,3,poisson + zip + zip,-2.4628559952844222,False,False
4,1000,1,2,zip + nb2,-2.462996966398783,False,False
4,1000,2,3,poisson + poisson + nb2,-2.4630644638856376,False,False
4,1000,3,3,nb2 + poisson + zip,-2.4639451503471457,False,False
4,1000,4,3,nb2 + poisson + poisson,-2.4640110806004794,False,False
4,1000,5,3,zip + poisson + nb2,-2.464771039516442,False,False
4,1000,6,2,nb2 + zip,-2.4649282190474198,False,False
4,1000,7,3,poisson + nb2 + poisson,-2.465074444188577,False,False
4,1000,8,2,zip + zip,-2.4653511355182287,False,True
4,1000,9,3,poisson + poisson + poisson,-2.465741316884164,False,False
4,1000,10,2,poisson + zip,-2.4660660126117664,True,True
4,1500,1,3,nb2 + nb2 + poisson,-2.438076490532119,False,False
4,1500,2,2,poisson + zip,-2.4392614229728107,True,True
4,1500,3,3,nb2 + poisson + nb2,-2.4392841225049797,False,False
4,1500,4,2,zip + zip,-2.439460943710631,False,True
4,1500,5,2,zip + poisson,-2.4398487352370903,True,True
4,1500,6,2,zip + nb2,-2.440827749634661,False,False
4,1500,7,3,poisson + nb2 + poisson,-2.440933542927308,False,False
4,1500,8,2,nb2 + zip,-2.440983871837,False,False
4,1500,9,3,poisson + zip + poisson,-2.441321583385218,False,False
4,1500,10,3,poisson + poisson + nb2,-2.4415206870817907,False,False
1,500,1,2,student_t + student_t,-1.887337371556538,False,True
1,500,2,2,student_t + gaussian,-1.8873699965035657,True,True
1,500,3,2,student_t + skew_normal,-1.8874827584897276,False,False
1,500,4,2,gaussian + student_t,-1.8875863747790562,True,True
1,500,5,2,skew_normal + student_t,-1.8875884275388934,False,False
1,500,6,2,gaussian + skew_normal,-1.8875897402076534,False,False
1,500,7,2,skew_normal + skew_normal,-1.8875906571216567,False,False
1,500,8,2,gaussian + gaussian,-1.8877228382598845,False,False
1,500,9,2,skew_normal + gaussian,-1.8877238442789404,False,False
1,500,10,3,student_t + gaussian + gaussian,-1.8947628468504751,False,False
1,1000,1,2,student_t + student_t,-1.8474061032018207,False,True
1,1000,2,2,student_t + skew_normal,-1.8475008405959852,False,False
1,1000,3,2,student_t + gaussian,-1.8475033452260734,True,True
1,1000,4,3,student_t + student_t + skew_normal,-1.851878910869228,False,False
1,1000,5,3,student_t + student_t + gaussian,-1.851879800455727,False,False
1,1000,6,3,student_t + skew_normal + skew_normal,-1.8518879189579256,False,False
1,1000,7,3,student_t + skew_normal + gaussian,-1.8518910491835618,False,False
1,1000,8,3,student_t + gaussian + skew_normal,-1.851891305825472,False,False
1,1000,9,3,student_t + gaussian + gaussian,-1.8518914308413572,False,False
1,1000,10,3,student_t + student_t + student_t,-1.852831457648154,False,False
1,1500,1,2,student_t + skew_normal,-1.857393274788724,False,False
1,1500,2,2,student_t + gaussian,-1.8573934072734626,True,True
1,1500,3,3,student_t + gaussian + gaussian,-1.8589632809762484,False,False
1,1500,4,2,student_t + student_t,-1.859207253468618,False,True
1,1500,5,3,student_t + gaussian + student_t,-1.8623785199245466,False,False
1,1500,6,3,student_t + student_t + student_t,-1.8637105318714435,False,False
1,1500,7,3,gaussian + student_t + gaussian,-1.8702336754081734,False,False
1,1500,8,3,skew_normal + student_t + student_t,-1.8704645548692556,False,False
1,1500,9,3,gaussian + student_t + student_t,-1.8704652037702774,False,False
1,1500,10,3,skew_normal + skew_normal + student_t,-1.8705401370713053,False,False
2,500,1,2,lognormal + lognormal,-1.106814050701047,False,False
2,500,2,2,lognormal + gamma,-1.107376712032501,True,True
2,500,3,2,gamma + lognormal,-1.107376712032501,True,True
2,500,4,3,gamma + lognormal + lognormal,-1.1118765008320624,False,False
2,500,5,3,lognormal + gamma + lognormal,-1.1118765042039587,False,False
2,500,6,2,inverse_gaussian + lognormal,-1.1119368477772837,False,False
2,500,7,3,lognormal + lognormal + inverse_gaussian,-1.1159797464788843,False,False
2,500,8,3,lognormal + inverse_gaussian + lognormal,-1.1161241797215284,False,False
2,500,9,3,lognormal + inverse_gaussian + gamma,-1.116879702541234,False,False
2,500,10,3,lognormal + gamma + inverse_gaussian,-1.1194256893805232,False,False
2,1000,1,2,gamma + lognormal,-1.1664195283277814,True,True
2,1000,2,2,lognormal + lognormal,-1.1668804762201572,False,False
2,1000,3,3,gamma + gamma + gamma,-1.1722888443883883,False,False
2,1000,4,3,lognormal + lognormal + lognormal,-1.1725799176206992,False,False
2,1000,5,3,gamma + lognormal + inverse_gaussian,-1.1755735762182753,False,False
2,1000,6,3,inverse_gaussian + lognormal + gamma,-1.1756133620918263,False,False
2,1000,7,3,lognormal + gamma + inverse_gaussian,-1.175623780759698,False,False
2,1000,8,3,lognormal + gamma + gamma,-1.1756740961755938,False,False
2,1000,9,3,lognormal + lognormal + inverse_gaussian,-1.1756896854983794,False,False
2,1000,10,3,lognormal + lognormal + gamma,-1.1760763551802376,False,False
2,1500,1,2,gamma + lognormal,-1.2260219333668743,True,True
2,1500,2,2,lognormal + gamma,-1.2260235891517857,True,True
2,1500,3,3,lognormal + gamma + gamma,-1.2268443622419236,False,False
2,1500,4,3,gamma + lognormal + gamma,-1.2268443622419236,False,False
2,1500,5,2,lognormal + lognormal,-1.2269995245151681,False,False
2,1500,6,3,lognormal + lognormal + lognormal,-1.2276109146788037,False,False
2,1500,7,3,lognormal + gamma + lognormal,-1.2277330222961997,False,False
2,1500,8,3,gamma + lognormal + lognormal,-1.2312013416317678,False,False
2,1500,9,3,inverse_gaussian + lognormal + gamma,-1.2313301726328023,False,False
2,1500,10,3,gamma + inverse_gaussian + lognormal,-1.2313301808459052,False,False
3,500,1,2,nb2 + nb2,-2.710277902373609,False,True
3,500,2,2,zip + nb2,-2.7236289406104435,False,False
3,500,3,2,nb2 + zip,-2.7260729507109627,False,False
3,500,4,2,zip + poisson,-2.7266125700282964,False,False
3,500,5,2,zip + zip,-2.726718103489448,False,False
3,500,6,2,poisson + zip,-2.728417529143854,False,False
3,500,7,3,zip + nb2 + poisson,-2.7312236725989814,False,False
3,500,8,3,nb2 + nb2 + poisson,-2.7315456649205356,False,False
3,500,9,3,poisson + zip + nb2,-2.7315813767862838,False,False
3,500,10,3,poisson + poisson + nb2,-2.7319777275801043,False,False
3,1000,1,2,nb2 + nb2,-2.7380814425961915,False,True
3,1000,2,3,nb2 + nb2 + poisson,-2.739352602302088,False,False
3,1000,3,3,nb2 + poisson + nb2,-2.7404382238626046,False,False
3,1000,4,3,poisson + nb2 + nb2,-2.74144007128611,False,False
3,1000,5,3,poisson + poisson + zip,-2.746822640897521,False,False
3,1000,6,3,poisson + poisson + poisson,-2.751296576244055,False,False
3,1000,7,3,poisson + zip + nb2,-2.75252475790415,False,False
3,1000,8,3,zip + poisson + poisson,-2.753505671570446,False,False
3,1000,9,3,poisson + poisson + nb2,-2.7539113462564164,False,False
3,1000,10,2,nb2 + zip,-2.754682786033256,False,False
3,1500,1,2,nb2 + nb2,-2.7505779430747554,False,True
3,1500,2,2,nb2 + zip,-2.758256144803099,False,False
3,1500,3,2,zip + nb2,-2.758275950514677,False,False
3,1500,4,3,nb2 + zip + zip,-2.7615144091489334,False,False
3,1500,5,3,nb2 + zip + poisson,-2.7621211339079292,False,False
3,1500,6,3,poisson + zip + nb2,-2.7621771444090126,False,False
3,1500,7,3,zip + poisson + zip,-2.762210383970837,False,False
3,1500,8,3,poisson + zip + zip,-2.7623351909537495,False,False
3,1500,9,3,zip + nb2 + poisson,-2.762478340714393,False,False
3,1500,10,3,zip + zip + poisson,-2.7624886086957505,False,False
4,500,1,2,zip + nb2,-2.4248953600949346,False,False
4,500,2,2,zip + poisson,-2.4249378648263584,True,True
4,500,3,2,poisson + zip,-2.4252501727184925,True,True
4,500,4,2,zip + zip,-2.425378249118573,False,True
4,500,5,2,nb2 + zip,-2.4266209937201912,False,False
4,500,6,3,poisson + poisson + zip,-2.427534026189265,False,False
4,500,7,3,poisson + zip + poisson,-2.4288840151375064,False,False
4,500,8,3,zip + poisson + poisson,-2.4313511758824644,False,False
4,500,9,3,poisson + zip + nb2,-2.4359146910741227,False,False
4,500,10,2,nb2 + nb2,-2.444529975131849,False,False
4,1000,1,2,zip + poisson,-2.4040834228553596,True,True
4,1000,2,2,zip + zip,-2.4042805111690395,False,True
4,1000,3,3,poisson + poisson + zip,-2.404956317236929,False,False
4,1000,4,3,poisson + nb2 + poisson,-2.4049934289977233,False,False
4,1000,5,2,zip + nb2,-2.4056964157695053,False,False
4,1000,6,3,poisson + poisson + nb2,-2.4070900241737725,False,False
4,1000,7,3,poisson + zip + poisson,-2.407488181576704,False,False
4,1000,8,3,nb2 + poisson + poisson,-2.4078294193123035,False,False
4,1000,9,3,zip + nb2 + poisson,-2.40804674138195,False,False
4,1000,10,3,zip + poisson + poisson,-2.4084800385721956,False,False
4,1500,1,3,poisson + nb2 + nb2,-2.4538574430636,False,False
4,1500,2,2,zip + zip,-2.455017159294769,False,True
4,1500,3,3,nb2 + nb2 + poisson,-2.4552054165669768,False,False
4,1500,4,3,zip + poisson + poisson,-2.455341351998138,False,False
4,1500,5,3,poisson + zip + nb2,-2.4555286368984937,False,False
4,1500,6,2,zip + poisson,-2.455605036444258,True,True
4,1500,7,2,poisson + zip,-2.456089554248765,True,True
4,1500,8,3,nb2 + poisson + poisson,-2.456307729885705,False,False
4,1500,9,3,poisson + nb2 + poisson,-2.456654146760071,False,False
4,1500,10,3,poisson + poisson + nb2,-2.4567987582196698,False,False
1,500,1,2,student_t + skew_normal,-1.8395038793894056,False,False
1,500,2,2,student_t + gaussian,-1.8395063557484181,True,True
1,500,3,2,student_t + student_t,-1.839978390569564,False,True
1,500,4,3,student_t + student_t + gaussian,-1.8459131679337193,False,False
1,500,5,3,student_t + skew_normal + skew_normal,-1.8466266829523539,False,False
1,500,6,3,student_t + skew_normal + gaussian,-1.8466269025683804,False,False
1,500,7,3,student_t + gaussian + skew_normal,-1.8466270974926513,False,False
1,500,8,3,student_t + gaussian + gaussian,-1.8466273078528004,False,False
1,500,9,3,student_t + student_t + student_t,-1.8470463261490908,False,False
1,500,10,3,student_t + skew_normal + student_t,-1.8471085758517836,False,False
1,1000,1,2,student_t + gaussian,-1.8597607758981163,True,True
1,1000,2,2,student_t + skew_normal,-1.8597609101864332,False,False
1,1000,3,2,student_t + student_t,-1.8601088447365315,False,True
1,1000,4,2,skew_normal + student_t,-1.867644896549061,False,False
1,1000,5,2,gaussian + student_t,-1.8676458363515827,True,True
1,1000,6,3,student_t + student_t + gaussian,-1.868329494527702,False,False
1,1000,7,3,student_t + student_t + skew_normal,-1.868345076992545,False,False
1,1000,8,3,student_t + gaussian + gaussian,-1.8685018084399294,False,False
1,1000,9,3,student_t + skew_normal + gaussian,-1.8685019723418868,False,False
1,1000,10,3,student_t + gaussian + skew_normal,-1.868502188142026,False,False
1,1500,1,2,student_t + skew_normal,-1.8642031913225208,False,False
1,1500,2,2,student_t + gaussian,-1.8642034378675116,True,True
1,1500,3,2,student_t + student_t,-1.8642474964010864,False,True
1,1500,4,3,student_t + student_t + student_t,-1.8672337856236423,False,False
1,1500,5,3,student_t + gaussian + student_t,-1.8672811172161297,False,False
1,1500,6,3,student_t + skew_normal + student_t,-1.867283378725629,False,False
1,1500,7,3,student_t + skew_normal + skew_normal,-1.8677818914828686,False,False
1,1500,8,3,student_t + skew_normal + gaussian,-1.8677826850138886,False,False
1,1500,9,3,student_t + gaussian + skew_normal,-1.867784007673205,False,False
1,1500,10,3,student_t + gaussian + gaussian,-1.8677847992754828,False,False
2,500,1,2,lognormal + gamma,-1.1705470395892617,True,True
2,500,2,2,gamma + lognormal,-1.1705470395892617,True,True
2,500,3,2,lognormal + lognormal,-1.1723125288307323,False,False
2,500,4,3,lognormal + gamma + inverse_gaussian,-1.1777009542435792,False,False
2,500,5,3,inverse_gaussian + gamma + lognormal,-1.1777977221798883,False,False
2,500,6,3,lognormal + inverse_gaussian + gamma,-1.177836852613134,False,False
2,500,7,2,lognormal + inverse_gaussian,-1.1792816836809423,False,False
2,500,8,3,lognormal + inverse_gaussian + lognormal,-1.1794372861462283,False,False
2,500,9,3,inverse_gaussian + lognormal + lognormal,-1.1794372861462283,False,False
2,500,10,3,lognormal + lognormal + inverse_gaussian,-1.1794372870258127,False,False
2,1000,1,2,gamma + lognormal,-1.0888245594873538,True,True
2,1000,2,2,lognormal + lognormal,-1.0897682164245548,False,False
2,1000,3,3,lognormal + gamma + lognormal,-1.0923224137041279,False,False
2,1000,4,3,lognormal + lognormal + gamma,-1.09232242466505,False,False
2,1000,5,3,lognormal + inverse_gaussian + gamma,-1.0938094748366314,False,False
2,1000,6,3,gamma + gamma + lognormal,-1.0946956765117826,False,False
2,1000,7,3,lognormal + gamma + gamma,-1.0946956921568112,False,False
2,1000,8,3,lognormal + inverse_gaussian + lognormal,-1.094993458949909,False,False
2,1000,9,3,lognormal + lognormal + inverse_gaussian,-1.0951069744692272,False,False
2,1000,10,3,gamma + lognormal + lognormal,-1.095626658209688,False,False
2,1500,1,2,lognormal + gamma,-1.162444416534163,True,True
2,1500,2,2,gamma + lognormal,-1.162444416534163,True,True
2,1500,3,3,lognormal + gamma + gamma,-1.163347660675794,False,False
2,1500,4,3,gamma + lognormal + gamma,-1.1633476688848687,False,False
2,1500,5,2,lognormal + lognormal,-1.1635734788362229,False,False
2,1500,6,3,gamma + inverse_gaussian + lognormal,-1.1642590214788375,False,False
2,1500,7,3,lognormal + lognormal + lognormal,-1.1649775607760642,False,False
2,1500,8,3,lognormal + gamma + lognormal,-1.164993312865392,False,False
2,1500,9,3,gamma + lognormal + lognormal,-1.164993312865392,False,False
2,1500,10,3,lognormal + lognormal + gamma,-1.1649933161711232,False,False
3,500,1,2,nb2 + nb2,-2.7123401124753337,False,True
3,500,2,3,poisson + nb2 + nb2,-2.728655626422508,False,False
3,500,3,3,zip + zip + zip,-2.7342446147967965,False,False
3,500,4,2,poisson + zip,-2.7528418530152736,False,False
3,500,5,3,nb2 + poisson + poisson,-2.7533299433577714,False,False
3,500,6,2,zip + zip,-2.7535727893979716,False,False
3,500,7,3,nb2 + zip + poisson,-2.7538187396245863,False,False
3,500,8,2,zip + poisson,-2.754055047925557,False,False
3,500,9,3,zip + zip + poisson,-2.7548470663170406,False,False
3,500,10,2,zip + nb2,-2.7556794378348477,False,False
3,1000,1,2,nb2 + nb2,-2.7148095910671612,False,True
3,1000,2,3,nb2 + poisson + nb2,-2.71487962912522,False,False
3,1000,3,3,poisson + nb2 + nb2,-2.715133001561571,False,False
3,1000,4,3,nb2 + zip + nb2,-2.715307699745529,False,False
3,1000,5,3,zip + nb2 + nb2,-2.7154637112013775,False,False
3,1000,6,3,nb2 + nb2 + nb2,-2.716568997908629,False,False
3,1000,7,3,nb2 + nb2 + zip,-2.7171118161295604,False,False
3,1000,8,3,nb2 + nb2 + poisson,-2.7186415629514724,False,False
3,1000,9,3,zip + zip + poisson,-2.7207496658936945,False,False
3,1000,10,2,nb2 + zip,-2.7441998559879894,False,False
3,1500,1,2,nb2 + nb2,-2.707574337015958,False,True
3,1500,2,3,zip + zip + poisson,-2.7299757515853607,False,False
3,1500,3,3,nb2 + zip + poisson,-2.7349707766859273,False,False
3,1500,4,3,zip + poisson + nb2,-2.7364600734505076,False,False
3,1500,5,3,poisson + nb2 + zip,-2.736538216885225,False,False
3,1500,6,3,poisson + zip + nb2,-2.7367430173626754,False,False
3,1500,7,3,zip + nb2 + poisson,-2.737531768882426,False,False
3,1500,8,3,nb2 + poisson + poisson,-2.7376015278826005,False,False
3,1500,9,2,zip + nb2,-2.7380600363357512,False,False
3,1500,10,2,zip + poisson,-2.738249209582959,False,False
4,500,1,2,zip + zip,-2.4350074086249616,False,True
4,500,2,3,zip + poisson + poisson,-2.4359263178632884,False,False
4,500,3,3,poisson + zip + poisson,-2.4361214138531833,False,False
4,500,4,2,poisson + zip,-2.4370031228715505,True,True
4,500,5,2,zip + poisson,-2.437551833629978,True,True
4,500,6,2,zip + nb2,-2.439699069692725,False,False
4,500,7,3,poisson + zip + zip,-2.442383768289578,False,False
4,500,8,3,zip + zip + poisson,-2.450629677709797,False,False
4,500,9,3,zip + zip + nb2,-2.4524385908365303,False,False
4,500,10,3,zip + nb2 + poisson,-2.4549698343306794,False,False
4,1000,1,2,zip + nb2,-2.4379464220908287,False,False
4,1000,2,2,zip + poisson,-2.4385142393128865,True,True
4,1000,3,2,poisson + zip,-2.4386034258702782,True,True
4,1000,4,2,nb2 + zip,-2.439096209020554,False,False
4,1000,5,2,zip + zip,-2.4391335657757134,False,True
4,1000,6,3,poisson + zip + poisson,-2.4398695781004154,False,False
4,1000,7,3,zip + poisson + poisson,-2.440655470622647,False,False
4,1000,8,3,nb2 + poisson + zip,-2.442211314148581,False,False
4,1000,9,3,zip + poisson + nb2,-2.4423089546673173,False,False
4,1000,10,3,nb2 + zip + poisson,-2.4450019614537983,False,False
4,1500,1,2,nb2 + zip,-2.411351623037172,False,False
4,1500,2,2,zip + nb2,-2.4122048217225047,False,False
4,1500,3,2,poisson + zip,-2.4122278749584103,True,True
4,1500,4,2,zip + zip,-2.412404193578742,False,True
4,1500,5,2,zip + poisson,-2.4124690955725416,True,True
4,1500,6,3,poisson + poisson + poisson,-2.413760375515282,False,False
4,1500,7,3,zip + nb2 + poisson,-2.413765580807241,False,False
4,1500,8,3,poisson + poisson + nb2,-2.413930890970405,False,False
4,1500,9,3,poisson + nb2 + zip,-2.4152304616798608,False,False
4,1500,10,3,poisson + poisson + zip,-2.415861258497097,False,False
1,500,1,3,student_t + gaussian + gaussian,-1.8489368479009618,False,False
1,500,2,2,student_t + gaussian,-1.8494468622180515,True,True
1,500,3,2,student_t + skew_normal,-1.8494500021560933,False,False
1,500,4,2,student_t + student_t,-1.8525908631664325,False,True
1,500,5,3,student_t + student_t + gaussian,-1.8542540158090814,False,False
1,500,6,2,gaussian + student_t,-1.8584127971955888,True,True
1,500,7,2,skew_normal + student_t,-1.8584170708436678,False,False
1,500,8,3,skew_normal + student_t + gaussian,-1.8596777873682453,False,False
1,500,9,3,gaussian + student_t + gaussian,-1.8596809284024265,False,False
1,500,10,3,gaussian + student_t + skew_normal,-1.8596882941213722,False,False
1,1000,1,2,student_t + student_t,-1.8658023975069191,False,True
1,1000,2,2,student_t + skew_normal,-1.8658991332651624,False,False
1,1000,3,2,student_t + gaussian,-1.8659002263798048,True,True
1,1000,4,3,student_t + student_t + student_t,-1.8672537479194355,False,False
1,1000,5,3,student_t + skew_normal + student_t,-1.867376026229987,False,False
1,1000,6,3,student_t + gaussian + student_t,-1.867376742141544,False,False
1,1000,7,3,student_t + student_t + skew_normal,-1.867771272356964,False,False
1,1000,8,3,student_t + student_t + gaussian,-1.867772208702692,False,False
1,1000,9,3,student_t + gaussian + skew_normal,-1.8679589354338915,False,False
1,1000,10,3,student_t + gaussian + gaussian,-1.8679596199091977,False,False
1,1500,1,2,student_t + student_t,-1.8606326591581475,False,True
1,1500,2,2,student_t + skew_normal,-1.8607706646335378,False,False
1,1500,3,2,student_t + gaussian,-1.8607707420615007,True,True
1,1500,4,3,student_t + student_t + gaussian,-1.8620270769385305,False,False
1,1500,5,3,student_t + gaussian + gaussian,-1.8620346268678023,False,False
1,1500,6,3,student_t + skew_normal + gaussian,-1.862035089464468,False,False
1,1500,7,3,student_t + student_t + skew_normal,-1.8620360384977312,False,False
1,1500,8,3,student_t + gaussian + skew_normal,-1.86205487696001,False,False
1,1500,9,3,student_t + skew_normal + skew_normal,-1.8620553850505088,False,False
1,1500,10,3,student_t + gaussian + student_t,-1.8646361495501431,False,False
2,500,1,2,lognormal + lognormal,-1.1289586953783959,False,False
2,500,2,2,gamma + lognormal,-1.1293973930595131,True,True
2,500,3,2,lognormal + gamma,-1.1294028181590816,True,True
2,500,4,3,lognormal + lognormal + inverse_gaussian,-1.1336603374065064,False,False
2,500,5,3,lognormal + gamma + lognormal,-1.1355670824992043,False,False
2,500,6,3,lognormal + lognormal + gamma,-1.135567083326966,False,False
2,500,7,2,inverse_gaussian + lognormal,-1.1380332432551947,False,False
2,500,8,3,lognormal + gamma + inverse_gaussian,-1.1470810061585086,False,False
2,500,9,3,gamma + lognormal + inverse_gaussian,-1.1480196460703977,False,False
2,500,10,3,inverse_gaussian + lognormal + lognormal,-1.1482973321865024,False,False
2,1000,1,2,lognormal + gamma,-1.1149368057210447,True,True
2,1000,2,2,gamma + lognormal,-1.1149368057210447,True,True
2,1000,3,3,lognormal + lognormal + gamma,-1.115330928343555,False,False
2,1000,4,3,lognormal + gamma + lognormal,-1.1153309487361254,False,False
2,1000,5,3,gamma + lognormal + lognormal,-1.1153309487361254,False,False
2,1000,6,2,lognormal + lognormal,-1.1164121283035908,False,False
2,1000,7,3,lognormal + lognormal + lognormal,-1.1170080310139705,False,False
2,1000,8,3,gamma + gamma + lognormal,-1.1184740422708253,False,False
2,1000,9,3,lognormal + inverse_gaussian + gamma,-1.1255129548518148,False,False
2,1000,10,3,inverse_gaussian + gamma + lognormal,-1.125512964051301,False,False
2,1500,1,2,gamma + lognormal,-1.082323444129316,True,True
2,1500,2,2,lognormal + lognormal,-1.0834838785231322,False,False
2,1500,3,3,inverse_gaussian + gamma + lognormal,-1.084005635446691,False,False
2,1500,4,3,lognormal + gamma + inverse_gaussian,-1.0840056570246934,False,False
2,1500,5,3,gamma + lognormal + inverse_gaussian,-1.085075304685171,False,False
2,1500,6,3,inverse_gaussian + lognormal + gamma,-1.0850753256622863,False,False
2,1500,7,3,gamma + lognormal + lognormal,-1.0852965354187798,False,False
2,1500,8,3,lognormal + lognormal + gamma,-1.0852965516369997,False,False
2,1500,9,3,lognormal + lognormal + lognormal,-1.0860517982946356,False,False
2,1500,10,3,lognormal + inverse_gaussian + lognormal,-1.086386063276534,False,False
3,500,1,2,nb2 + nb2,-2.6891382893133304,False,True
3,500,2,3,nb2 + zip + poisson,-2.699434208436352,False,False
3,500,3,3,poisson + poisson + zip,-2.6998248835102787,False,False
3,500,4,3,nb2 + poisson + poisson,-2.7037398552278162,False,False
3,500,5,3,zip + poisson + nb2,-2.7052699842686194,False,False
3,500,6,3,poisson + zip + nb2,-2.708728488180864,False,False
3,500,7,2,nb2 + zip,-2.7087715128835224,False,False
3,500,8,2,zip + zip,-2.7089944636181995,False,False
3,500,9,2,poisson + zip,-2.709136024341557,False,False
3,500,10,2,zip + nb2,-2.709265869911039,False,False
3,1000,1,2,nb2 + nb2,-2.7347755246159293,False,True
3,1000,2,3,zip + nb2 + nb2,-2.7353865030606386,False,False
3,1000,3,3,nb2 + nb2 + zip,-2.73612812833063,False,False
3,1000,4,3,nb2 + zip + nb2,-2.7361305732546617,False,False
3,1000,5,3,nb2 + poisson + nb2,-2.7363217991446374,False,False
3,1000,6,2,nb2 + zip,-2.736736875889048,False,False
3,1000,7,3,poisson + nb2 + nb2,-2.736861262145228,False,False
3,1000,8,3,nb2 + nb2 + poisson,-2.7374146122570853,False,False
3,1000,9,3,zip + poisson + nb2,-2.73784703297125,False,False
3,1000,10,2,zip + nb2,-2.73920579919625,False,False
3,1500,1,2,nb2 + nb2,-2.710167239606129,False,True
3,1500,2,3,nb2 + nb2 + zip,-2.710314846938444,False,False
3,1500,3,3,poisson + poisson + zip,-2.712961542953036,False,False
3,1500,4,3,nb2 + poisson + nb2,-2.7136577115014524,False,False
3,1500,5,3,nb2 + zip + nb2,-2.713761722133315,False,False
3,1500,6,3,zip + nb2 + nb2,-2.713950934153576,False,False
3,1500,7,3,poisson + zip + nb2,-2.715807047104354,False,False
3,1500,8,3,poisson + nb2 + nb2,-2.7162642408395214,False,False
3,1500,9,3,zip + zip + zip,-2.7189181892758487,False,False
3,1500,10,3,nb2 + nb2 + poisson,-2.7207071665964393,False,False
4,500,1,2,zip + poisson,-2.4137801868405506,True,True
4,500,2,2,zip + nb2,-2.4162523883934597,False,False
4,500,3,3,poisson + poisson + nb2,-2.4255378495758695,False,False
4,500,4,2,zip + zip,-2.427508223870136,False,True
4,500,5,3,zip + poisson + zip,-2.4296852541900864,False,False
4,500,6,2,nb2 + zip,-2.430802023733956,False,False
4,500,7,3,poisson + nb2 + nb2,-2.4314694267807515,False,False
4,500,8,3,nb2 + poisson + nb2,-2.4318418796962313,False,False
4,500,9,3,nb2 + nb2 + poisson,-2.4323707193001907,False,False
4,500,10,3,zip + poisson + nb2,-2.4339235150372627,False,False
4,1000,1,3,poisson + zip + poisson,-2.4412989141988355,False,False
4,1000,2,2,zip + zip,-2.441392186820361,False,True
4,1000,3,2,nb2 + zip,-2.44148149352334,False,False
4,1000,4,3,zip + poisson + poisson,-2.441485826169745,False,False
4,1000,5,2,zip + poisson,-2.441588727999457,True,True
4,1000,6,2,zip + nb2,-2.4416332980832505,False,False
4,1000,7,2,poisson + zip,-2.442176729837928,True,True
4,1000,8,3,nb2 + poisson + nb2,-2.444660732713097,False,False
4,1000,9,3,zip + zip + poisson,-2.4468133349707046,False,False
4,1000,10,3,poisson + poisson + zip,-2.4471869677368443,False,False
4,1500,1,2,zip + nb2,-2.4146214884176542,False,False
4,1500,2,2,nb2 + zip,-2.4149575722106076,False,False
4,1500,3,2,zip + zip,-2.4153772633517736,False,True
4,1500,4,3,zip + poisson + poisson,-2.4154853830943246,False,False
4,1500,5,2,poisson + zip,-2.41594941650758,True,True
4,1500,6,2,zip + poisson,-2.4160788072622865,True,True
4,1500,7,3,nb2 + poisson + poisson,-2.4171697169696325,False,False
4,1500,8,3,poisson + nb2 + nb2,-2.4191331001914715,False,False
4,1500,9,3,zip + nb2 + poisson,-2.4193537304869195,False,False
4,1500,10,3,nb2 + zip + poisson,-2.419364260018928,False,False
1,500,1,2,student_t + student_t,-1.8620403805990031,False,True
1,500,2,2,student_t + gaussian,-1.8620989959767398,True,True
1,500,3,2,student_t + skew_normal,-1.8621526580158347,False,False
1,500,4,2,skew_normal + student_t,-1.8658731833822189,False,False
1,500,5,2,gaussian + student_t,-1.8658882797412555,True,True
1,500,6,2,skew_normal + skew_normal,-1.8659401646507743,False,False
1,500,7,2,gaussian + skew_normal,-1.8659401833813194,False,False
1,500,8,2,skew_normal + gaussian,-1.865942982263091,False,False
1,500,9,2,gaussian + gaussian,-1.8659430028837678,False,False
1,500,10,3,student_t + gaussian + gaussian,-1.8668057126529025,False,False
1,1000,1,3,student_t + student_t + student_t,-1.8555064224709275,False,False
1,1000,2,3,student_t + student_t + gaussian,-1.8555237188380689,False,False
1,1000,3,3,student_t + student_t + skew_normal,-1.8555251675100874,False,False
1,1000,4,3,student_t + gaussian + skew_normal,-1.8556509149596168,False,False
1,1000,5,3,student_t + skew_normal + skew_normal,-1.8556509828878003,False,False
1,1000,6,3,student_t + gaussian + gaussian,-1.8556527028698502,False,False
1,1000,7,3,student_t + skew_normal + gaussian,-1.8556527554067153,False,False
1,1000,8,3,student_t + skew_normal + student_t,-1.8558076016599656,False,False
1,1000,9,3,student_t + gaussian + student_t,-1.8558076587617476,False,False
1,1000,10,2,student_t + skew_normal,-1.8561009008555638,False,False
1,1500,1,2,student_t + skew_normal,-1.846928145687187,False,False
1,1500,2,2,student_t + gaussian,-1.8469284060989335,True,True
1,1500,3,2,student_t + student_t,-1.8472241778772636,False,True
1,1500,4,3,student_t + student_t + student_t,-1.8474235680892346,False,False
1,1500,5,3,student_t + skew_normal + student_t,-1.8474857649678198,False,False
1,1500,6,3,student_t + gaussian + student_t,-1.847486913586943,False,False
1,1500,7,3,student_t + gaussian + skew_normal,-1.8479769136945223,False,False
1,1500,8,3,student_t + gaussian + gaussian,-1.8479773045023646,False,False
1,1500,9,3,student_t + skew_normal + gaussian,-1.8479773977807266,False,False
1,1500,10,3,student_t + student_t + skew_normal,-1.847977741056454,False,False
2,500,1,2,gamma + lognormal,-1.172530231120088,True,True
2,500,2,2,lognormal + lognormal,-1.1735393076307263,False,False
2,500,3,3,gamma + gamma + gamma,-1.1774355911316083,False,False
2,500,4,3,lognormal + gamma + gamma,-1.1783961279858954,False,False
2,500,5,2,lognormal + inverse_gaussian,-1.1784737805591896,False,False
2,500,6,2,gamma + gamma,-1.1842672856152918,False,False
2,500,7,3,lognormal + lognormal + gamma,-1.1843300239973118,False,False
2,500,8,3,gamma + lognormal + lognormal,-1.184330024482699,False,False
2,500,9,3,lognormal + gamma + lognormal,-1.184330024482699,False,False
2,500,10,2,lognormal + gamma,-1.1847681128136796,True,True
2,1000,1,2,lognormal + gamma,-1.1513411635191984,True,True
2,1000,2,2,gamma + lognormal,-1.1513411635191984,True,True
2,1000,3,2,lognormal + lognormal,-1.1517691855339098,False,False
2,1000,4,3,gamma + gamma + lognormal,-1.1524187377435742,False,False
2,1000,5,3,lognormal + gamma + lognormal,-1.1543981413366684,False,False
2,1000,6,3,lognormal + lognormal + gamma,-1.1543981742713258,False,False
2,1000,7,3,gamma + lognormal + inverse_gaussian,-1.154529648074455,False,False
2,1000,8,3,lognormal + lognormal + lognormal,-1.155278951461838,False,False
2,1000,9,3,lognormal + gamma + gamma,-1.1567063998325242,False,False
2,1000,10,3,gamma + gamma + gamma,-1.156740381986988,False,False
2,1500,1,2,lognormal + gamma,-1.0234077898062055,True,True
2,1500,2,2,gamma + lognormal,-1.0234077898062055,True,True
2,1500,3,2,lognormal + lognormal,-1.0242116119579454,False,False
2,1500,4,3,lognormal + lognormal + gamma,-1.0244219213890164,False,False
2,1500,5,3,lognormal + lognormal + lognormal,-1.025055661160592,False,False
2,1500,6,3,lognormal + gamma + gamma,-1.0264301082912215,False,False
2,1500,7,3,gamma + gamma + lognormal,-1.0265145113623853,False,False
2,1500,8,3,gamma + lognormal + gamma,-1.0268703090836238,False,False
2,1500,9,3,lognormal + gamma + inverse_gaussian,-1.0269438855896207,False,False
2,1500,10,3,inverse_gaussian + lognormal + gamma,-1.026943886504629,False,False
3,500,1,2,nb2 + nb2,-2.714202162479398,False,True
3,500,2,3,zip + poisson + nb2,-2.7247353672870855,False,False
3,500,3,3,poisson + zip + nb2,-2.7307182514824704,False,False
3,500,4,3,poisson + poisson + zip,-2.7335501969933365,False,False
3,500,5,3,poisson + zip + poisson,-2.736568571481206,False,False
3,500,6,3,zip + poisson + poisson,-2.7367945842129844,False,False
3,500,7,3,nb2 + nb2 + poisson,-2.7431085618924262,False,False
3,500,8,3,poisson + poisson + nb2,-2.7452049382166517,False,False
3,500,9,3,nb2 + poisson + nb2,-2.746003114981799,False,False
3,500,10,2,nb2 + zip,-2.7463379139311592,False,False
3,1000,1,3,nb2 + nb2 + poisson,-2.696734129055165,False,False
3,1000,2,2,nb2 + nb2,-2.698078692589753,False,True
3,1000,3,3,nb2 + poisson + nb2,-2.6995792169402804,False,False
3,1000,4,3,nb2 + zip + nb2,-2.6996736102860535,False,False
3,1000,5,3,poisson + nb2 + nb2,-2.7003071627638766,False,False
3,1000,6,3,zip + nb2 + nb2,-2.7004072041501908,False,False
3,1000,7,3,zip + poisson + nb2,-2.70901926531172,False,False
3,1000,8,3,poisson + nb2 + zip,-2.7106778774789335,False,False
3,1000,9,3,poisson + poisson + poisson,-2.7165666655316154,False,False
3,1000,10,3,zip + nb2 + poisson,-2.716730097222755,False,False
3,1500,1,3,poisson + nb2 + nb2,-2.7098502370650417,False,False
3,1500,2,3,nb2 + poisson + nb2,-2.7118511956113402,False,False
3,1500,3,3,nb2 + nb2 + poisson,-2.711879796775376,False,False
3,1500,4,2,nb2 + nb2,-2.7130205429767456,False,True
3,1500,5,3,zip + poisson + nb2,-2.7163348645477474,False,False
3,1500,6,3,poisson + zip + zip,-2.718467073031465,False,False
3,1500,7,3,poisson + poisson + poisson,-2.7185183684209178,False,False
3,1500,8,3,poisson + zip + nb2,-2.718660567277476,False,False
3,1500,9,3,poisson + zip + poisson,-2.721182896878612,False,False
3,1500,10,2,nb2 + zip,-2.721407730724907,False,False
4,500,1,2,poisson + zip,-2.448901917865853,True,True
4,500,2,2,zip + poisson,-2.4491768314560294,True,True
4,500,3,2,zip + zip,-2.4494892092812,False,True
4,500,4,2,zip + nb2,-2.449890863835557,False,False
4,500,5,2,nb2 + zip,-2.4519973328758407,False,False
4,500,6,3,zip + poisson + poisson,-2.4535296302253555,False,False
4,500,7,3,poisson + poisson + zip,-2.454495780754946,False,False
4,500,8,3,nb2 + nb2 + poisson,-2.455354181024511,False,False
4,500,9,3,nb2 + poisson + zip,-2.457798113312293,False,False
4,500,10,3,poisson + zip + poisson,-2.4578667353932313,False,False
4,1000,1,3,nb2 + poisson + poisson,-2.469705642915728,False,False
4,1000,2,3,poisson + poisson + nb2,-2.4697883368226248,False,False
4,1000,3,2,nb2 + zip,-2.469793146443721,False,False
4,1000,4,2,zip + nb2,-2.470118226591637,False,False
4,1000,5,2,zip + poisson,-2.470816079756152,True,True
4,1000,6,2,zip + zip,-2.471699721061821,False,True
4,1000,7,3,zip + poisson + poisson,-2.4718310495107745,False,False
4,1000,8,2,poisson + zip,-2.4718852747378026,True,True
4,1000,9,3,zip + zip + poisson,-2.4720426344971638,False,False
4,1000,10,3,poisson + nb2 + poisson,-2.472503437852858,False,False
4,1500,1,2,zip + nb2,-2.4593591786461015,False,False
4,1500,2,2,nb2 + zip,-2.459378075414908,False,False
4,1500,3,3,poisson + zip + zip,-2.459437573658438,False,False
4,1500,4,3,zip + zip + poisson,-2.4594426693080282,False,False
4,1500,5,3,nb2 + poisson + poisson,-2.4594857168721043,False,False
4,1500,6,2,poisson + zip,-2.459550973726794,True,True
4,1500,7,2,zip + poisson,-2.4597061697455356,True,True
4,1500,8,2,zip + zip,-2.4601084108675932,False,True
4,1500,9,3,poisson + poisson + zip,-2.460311029230968,False,False
4,1500,10,3,zip + poisson + poisson,-2.460578843113226,False,False
1,500,1,2,student_t + student_t,-1.8528976158454782,False,True
1,500,2,2,student_t + gaussian,-1.854533162136217,True,True
1,500,3,2,student_t + skew_normal,-1.854537358241433,False,False
1,500,4,2,skew_normal + student_t,-1.866043048081024,False,False
1,500,5,2,gaussian + student_t,-1.8660432426719862,True,True
1,500,6,3,student_t + skew_normal + student_t,-1.8730674630376383,False,False
1,500,7,3,student_t + gaussian + student_t,-1.8730704564003298,False,False
1,500,8,3,student_t + gaussian + gaussian,-1.8735497634836333,False,False
1,500,9,3,student_t + skew_normal + gaussian,-1.8735512429557821,False,False
1,500,10,3,student_t + gaussian + skew_normal,-1.8735515310187498,False,False
1,1000,1,2,student_t + student_t,-1.857679636226535,False,True
1,1000,2,2,student_t + gaussian,-1.8577689788284875,True,True
1,1000,3,2,student_t + skew_normal,-1.8577702326221814,False,False
1,1000,4,3,student_t + gaussian + student_t,-1.8619118581113066,False,False
1,1000,5,3,student_t + skew_normal + student_t,-1.8619119842191632,False,False
1,1000,6,3,student_t + skew_normal + skew_normal,-1.8620948227478196,False,False
1,1000,7,3,student_t + gaussian + skew_normal,-1.8620949957267527,False,False
1,1000,8,3,student_t + skew_normal + gaussian,-1.8620986309463934,False,False
1,1000,9,3,student_t + gaussian + gaussian,-1.862098842370045,False,False
1,1000,10,3,student_t + student_t + skew_normal,-1.8624706825059638,False,False
1,1500,1,3,student_t + student_t + skew_normal,-1.8462604100818674,False,False
1,1500,2,3,student_t + student_t + gaussian,-1.846265923023458,False,False
1,1500,3,3,student_t + skew_normal + gaussian,-1.8465496826320236,False,False
1,1500,4,3,student_t + gaussian + gaussian,-1.8465496895675912,False,False
1,1500,5,3,student_t + skew_normal + skew_normal,-1.8465498068003758,False,False
1,1500,6,3,student_t + gaussian + skew_normal,-1.84654981234633,False,False
1,1500,7,3,student_t + student_t + student_t,-1.8467102097290113,False,False
1,1500,8,3,student_t + gaussian + student_t,-1.846839581454664,False,False
1,1500,9,3,student_t + skew_normal + student_t,-1.8468401463037827,False,False
1,1500,10,2,student_t + student_t,-1.847512873290509,False,True
2,500,1,2,lognormal + lognormal,-1.0684006228482268,False,False
2,500,2,2,gamma + lognormal,-1.069702778200803,True,True
2,500,3,2,lognormal + inverse_gaussian,-1.0726506214216212,False,False
2,500,4,3,lognormal + inverse_gaussian + lognormal,-1.0817271577854644,False,False
2,500,5,3,inverse_gaussian + lognormal + lognormal,-1.0817417274913332,False,False
2,500,6,3,gamma + lognormal + inverse_gaussian,-1.0818342147771873,False,False
2,500,7,3,lognormal + gamma + inverse_gaussian,-1.0819721946530678,False,False
2,500,8,3,gamma + gamma + inverse_gaussian,-1.0832768357050018,False,False
2,500,9,3,lognormal + gamma + lognormal,-1.0861613964772592,False,False
2,500,10,3,lognormal + lognormal + inverse_gaussian,-1.0867189191436182,False,False
2,1000,1,2,gamma + lognormal,-1.1074802048664232,True,True
2,1000,2,2,lognormal + lognormal,-1.1079899666071704,False,False
2,1000,3,3,gamma + lognormal + gamma,-1.1110486672486493,False,False
2,1000,4,3,gamma + lognormal + lognormal,-1.112260658849051,False,False
2,1000,5,3,lognormal + gamma + lognormal,-1.1122674278781335,False,False
2,1000,6,3,lognormal + lognormal + gamma,-1.1122812465482808,False,False
2,1000,7,3,lognormal + gamma + inverse_gaussian,-1.1170029618364827,False,False
2,1000,8,3,lognormal + inverse_gaussian + gamma,-1.1170029669452706,False,False
2,1000,9,3,inverse_gaussian + lognormal + gamma,-1.1170029669452706,False,False
2,1000,10,3,lognormal + inverse_gaussian + lognormal,-1.1181264720386244,False,False
2,1500,1,2,lognormal + lognormal,-1.0941916049355571,False,False
2,1500,2,2,gamma + lognormal,-1.0942534811742393,True,True
2,1500,3,3,gamma + lognormal + lognormal,-1.0954320726437636,False,False
2,1500,4,3,lognormal + gamma + lognormal,-1.0954320818963492,False,False
2,1500,5,3,gamma + inverse_gaussian + lognormal,-1.0956892816963655,False,False
2,1500,6,3,gamma + lognormal + inverse_gaussian,-1.0956892926288033,False,False
2,1500,7,3,inverse_gaussian + lognormal + gamma,-1.0958981280362496,False,False
2,1500,8,3,lognormal + lognormal + inverse_gaussian,-1.096317113954804,False,False
2,1500,9,3,lognormal + inverse_gaussian + lognormal,-1.0963270110258723,False,False
2,1500,10,3,gamma + inverse_gaussian + gamma,-1.1000002075926196,False,False
3,500,1,2,nb2 + nb2,-2.7029295557117097,False,True
3,500,2,2,zip + nb2,-2.7086641806866876,False,False
3,500,3,3,poisson + nb2 + nb2,-2.718634538736716,False,False
3,500,4,2,zip + poisson,-2.719457590316007,False,False
3,500,5,3,poisson + nb2 + poisson,-2.720441473841241,False,False
3,500,6,2,nb2 + zip,-2.720627244020894,False,False
3,500,7,2,zip + zip,-2.7207983950065247,False,False
3,500,8,2,poisson + zip,-2.720960769778916,False,False
3,500,9,3,zip + poisson + nb2,-2.72220223211477,False,False
3,500,10,3,nb2 + zip + poisson,-2.7230329120772048,False,False
3,1000,1,2,nb2 + nb2,-2.716953143941151,False,True
3,1000,2,3,nb2 + nb2 + nb2,-2.721062013719363,False,False
3,1000,3,3,nb2 + nb2 + zip,-2.7210819600232843,False,False
3,1000,4,3,zip + nb2 + nb2,-2.72204071009936,False,False
3,1000,5,3,nb2 + poisson + nb2,-2.7222669967025444,False,False
3,1000,6,3,nb2 + zip + nb2,-2.723396622927532,False,False
3,1000,7,3,nb2 + nb2 + poisson,-2.724159607807114,False,False
3,1000,8,3,poisson + nb2 + nb2,-2.7247454493349044,False,False
3,1000,9,3,poisson + nb2 + zip,-2.7311587189407582,False,False
3,1000,10,3,zip + nb2 + poisson,-2.732051193930138,False,False
3,1500,1,3,nb2 + zip + nb2,-2.7382276221093997,False,False
3,1500,2,3,zip + nb2 + nb2,-2.7382550703598807,False,False
3,1500,3,2,nb2 + nb2,-2.738574901506537,False,True
3,1500,4,3,nb2 + nb2 + zip,-2.7417763058497484,False,False
3,1500,5,3,nb2 + poisson + nb2,-2.742063812215633,False,False
3,1500,6,3,poisson + nb2 + nb2,-2.743381448871314,False,False
3,1500,7,3,nb2 + nb2 + poisson,-2.744324924060058,False,False
3,1500,8,3,zip + zip + poisson,-2.758344323226308,False,False
3,1500,9,3,nb2 + zip + zip,-2.7650137624035622,False,False
3,1500,10,2,zip + poisson,-2.767467210926875,False,False
4,500,1,2,zip + zip,-2.4564464749808566,False,True
4,500,2,2,poisson + zip,-2.4570576085233506,True,True
4,500,3,2,zip + poisson,-2.4571949981651877,True,True
4,500,4,2,zip + nb2,-2.4572364999429643,False,False
4,500,5,2,nb2 + zip,-2.458414222727318,False,False
4,500,6,3,zip + poisson + nb2,-2.4668907503240263,False,False
4,500,7,3,zip + nb2 + poisson,-2.467795166063081,False,False
4,500,8,3,nb2 + poisson + zip,-2.4682859811237603,False,False
4,500,9,3,poisson + nb2 + zip,-2.4684692144600113,False,False
4,500,10,3,poisson + zip + nb2,-2.4698484882102103,False,False
4,1000,1,2,zip + nb2,-2.411589193698363,False,False
4,1000,2,2,nb2 + zip,-2.411876856011794,False,False
4,1000,3,2,poisson + zip,-2.412182296735452,True,True
4,1000,4,3,poisson + zip + zip,-2.4124513330247317,False,False
4,1000,5,2,zip + zip,-2.413024061561292,False,True
4,1000,6,3,poisson + zip + poisson,-2.413037738406084,False,False
4,1000,7,3,poisson + nb2 + nb2,-2.413154415622566,False,False
4,1000,8,2,zip + poisson,-2.413178179914387,True,True
4,1000,9,3,poisson + poisson + zip,-2.4134295740570297,False,False
4,1000,10,3,zip + poisson + poisson,-2.4144429241116305,False,False
4,1500,1,3,poisson + zip + nb2,-2.424659327680556,False,False
4,1500,2,2,zip + poisson,-2.4247810888774275,True,True
4,1500,3,2,zip + zip,-2.424832276401331,False,True
4,1500,4,2,poisson + zip,-2.4251379096478294,True,True
4,1500,5,2,zip + nb2,-2.425230265668544,False,False
4,1500,6,3,nb2 + poisson + zip,-2.425623889216451,False,False
4,1500,7,2,nb2 + zip,-2.425746347506952,False,False
4,1500,8,3,zip + poisson + poisson,-2.425817479622893,False,False
4,1500,9,3,nb2 + zip + nb2,-2.427621628928679,False,False
4,1500,10,3,poisson + poisson + zip,-2.4282300039214477,False,False
1,500,1,3,gaussian + student_t + skew_normal,-1.8485292615492463,False,False
1,500,2,3,skew_normal + student_t + gaussian,-1.848533255411674,False,False
1,500,3,3,gaussian + student_t + gaussian,-1.8485368332259624,False,False
1,500,4,2,student_t + student_t,-1.8486308379708885,False,True
1,500,5,2,student_t + gaussian,-1.8487201414449481,True,True
1,500,6,2,student_t + skew_normal,-1.848844626684493,False,False
1,500,7,3,student_t + student_t + gaussian,-1.8551261487703965,False,False
1,500,8,3,student_t + gaussian + gaussian,-1.8573343480893878,False,False
1,500,9,3,student_t + gaussian + skew_normal,-1.8573388110928284,False,False
1,500,10,3,student_t + skew_normal + gaussian,-1.857343572208686,False,False
1,1000,1,2,student_t + skew_normal,-1.8733886531988475,False,False
1,1000,2,2,student_t + gaussian,-1.8733891341127493,True,True
1,1000,3,2,student_t + student_t,-1.8764898292705408,False,True
1,1000,4,3,student_t + gaussian + student_t,-1.8801314494084025,False,False
1,1000,5,3,student_t + gaussian + gaussian,-1.8801514328463822,False,False
1,1000,6,3,gaussian + gaussian + student_t,-1.8858152321615902,False,False
1,1000,7,2,gaussian + student_t,-1.8913624320200384,True,True
1,1000,8,2,skew_normal + student_t,-1.891372708668775,False,False
1,1000,9,3,gaussian + student_t + skew_normal,-1.9004106747524279,False,False
1,1000,10,3,gaussian + student_t + gaussian,-1.900437514293747,False,False
1,1500,1,2,student_t + gaussian,-1.8514437554767633,True,True
1,1500,2,2,student_t + skew_normal,-1.8514440712236124,False,False
1,1500,3,2,student_t + student_t,-1.851957735423171,False,True
1,1500,4,3,student_t + skew_normal + gaussian,-1.85210063064663,False,False
1,1500,5,3,student_t + gaussian + gaussian,-1.852100858898807,False,False
1,1500,6,3,student_t + gaussian + skew_normal,-1.852102843140665,False,False
1,1500,7,3,student_t + student_t + gaussian,-1.8523812184644513,False,False
1,1500,8,3,student_t + skew_normal + student_t,-1.8558191373454571,False,False
1,1500,9,3,student_t + gaussian + student_t,-1.8558192408516145,False,False
1,1500,10,3,student_t + student_t + student_t,-1.8559874943852437,False,False
2,500,1,2,gamma + lognormal,-1.180638687119124,True,True
2,500,2,2,lognormal + lognormal,-1.1807549365110537,False,False
2,500,3,2,inverse_gaussian + lognormal,-1.191607503905421,False,False
2,500,4,3,lognormal + gamma + inverse_gaussian,-1.2036551063889338,False,False
2,500,5,3,lognormal + inverse_gaussian + gamma,-1.2036551764233028,False,False
2,500,6,3,gamma + lognormal + lognormal,-1.2039950924259282,False,False
2,500,7,3,inverse_gaussian + lognormal + lognormal,-1.2044817022002574,False,False
2,500,8,3,lognormal + lognormal + lognormal,-1.2053986829696008,False,False
2,500,9,2,inverse_gaussian + gamma,-1.2056237800571412,False,False
2,500,10,2,gamma + inverse_gaussian,-1.2056237800571412,False,False
2,1000,1,2,lognormal + gamma,-1.1327713977481868,True,True
2,1000,2,2,gamma + lognormal,-1.132838144942059,True,True
2,1000,3,2,lognormal + lognormal,-1.1341504041688186,False,False
2,1000,4,3,inverse_gaussian + lognormal + gamma,-1.1427699945850336,False,False
2,1000,5,3,lognormal + gamma + inverse_gaussian,-1.1427699968245464,False,False
2,1000,6,3,gamma + lognormal + gamma,-1.1438272205306563,False,False
2,1000,7,3,inverse_gaussian + lognormal + lognormal,-1.144413700852986,False,False
2,1000,8,3,gamma + lognormal + lognormal,-1.1446846059286273,False,False
2,1000,9,3,lognormal + lognormal + gamma,-1.1446846062460896,False,False
2,1000,10,3,gamma + gamma + gamma,-1.1450048371231172,False,False
2,1500,1,3,gamma + lognormal + lognormal,-1.0612582334743326,False,False
2,1500,2,3,lognormal + lognormal + gamma,-1.061280012883757,False,False
2,1500,3,2,lognormal + gamma,-1.0612805511820602,True,True
2,1500,4,2,gamma + lognormal,-1.0612805511820602,True,True
2,1500,5,2,lognormal + lognormal,-1.0617446442265859,False,False
2,1500,6,3,lognormal + lognormal + lognormal,-1.0619468112994779,False,False
2,1500,7,3,inverse_gaussian + lognormal + gamma,-1.0620933131600105,False,False
2,1500,8,3,lognormal + lognormal + inverse_gaussian,-1.0622039289656096,False,False
2,1500,9,3,inverse_gaussian + lognormal + lognormal,-1.0623215696043704,False,False
2,1500,10,3,lognormal + inverse_gaussian + lognormal,-1.0638317363004284,False,False
3,500,1,2,nb2 + nb2,-2.731842753754954,False,True
3,500,2,3,poisson + poisson + zip,-2.7378433668721462,False,False
3,500,3,3,nb2 + poisson + zip,-2.7380861596780823,False,False
3,500,4,3,nb2 + zip + poisson,-2.738342614938666,False,False
3,500,5,3,poisson + zip + nb2,-2.740734780130904,False,False
3,500,6,3,poisson + poisson + poisson,-2.742732747088343,False,False
3,500,7,3,poisson + nb2 + zip,-2.742775031465206,False,False
3,500,8,2,poisson + zip,-2.743446793729654,False,False
3,500,9,3,poisson + nb2 + poisson,-2.745144000508847,False,False
3,500,10,2,zip + zip,-2.7472052422340956,False,False
3,1000,1,2,nb2 + nb2,-2.6940738955101837,False,True
3,1000,2,3,zip + nb2 + nb2,-2.696618783194681,False,False
3,1000,3,3,poisson + nb2 + nb2,-2.697706700070394,False,False
3,1000,4,3,nb2 + zip + poisson,-2.697862875687582,False,False
3,1000,5,3,nb2 + zip + nb2,-2.6979636713512014,False,False
3,1000,6,3,nb2 + nb2 + poisson,-2.6983016228511283,False,False
3,1000,7,3,nb2 + poisson + nb2,-2.7003121422921503,False,False
3,1000,8,3,poisson + nb2 + zip,-2.7011131001616344,False,False
3,1000,9,2,zip + zip,-2.704921292612998,False,False
3,1000,10,2,nb2 + zip,-2.705264701717559,False,False
3,1500,1,2,nb2 + nb2,-2.716816738263662,False,True
3,1500,2,3,nb2 + nb2 + poisson,-2.716904362942062,False,False
3,1500,3,3,poisson + nb2 + nb2,-2.7187377752490964,False,False
3,1500,4,3,nb2 + poisson + nb2,-2.7216104491113127,False,False
3,1500,5,3,zip + poisson + nb2,-2.7308943519510653,False,False
3,1500,6,3,poisson + zip + poisson,-2.730909052083479,False,False
3,1500,7,3,poisson + nb2 + zip,-2.731244308006515,False,False
3,1500,8,3,poisson + zip + nb2,-2.731660410492339,False,False
3,1500,9,3,zip + nb2 + poisson,-2.7316778522234393,False,False
3,1500,10,3,nb2 + zip + poisson,-2.7317059834856634,False,False
4,500,1,2,zip + zip,-2.470095493931214,False,True
4,500,2,3,poisson + zip + poisson,-2.470313716622598,False,False
4,500,3,2,zip + poisson,-2.470347474250906,True,True
4,500,4,2,zip + nb2,-2.47073162990228,False,False
4,500,5,3,poisson + poisson + zip,-2.470959207894035,False,False
4,500,6,3,zip + poisson + poisson,-2.4715352826705086,False,False
4,500,7,2,poisson + zip,-2.4728326086552443,True,True
4,500,8,3,nb2 + poisson + nb2,-2.472976700812278,False,False
4,500,9,2,nb2 + zip,-2.473312695162983,False,False
4,500,10,3,poisson + nb2 + nb2,-2.473356543675786,False,False
4,1000,1,3,poisson + poisson + poisson,-2.43674361008146,False,False
4,1000,2,2,poisson + zip,-2.437074443808277,True,True
4,1000,3,3,nb2 + poisson + poisson,-2.4377052491765063,False,False
4,1000,4,3,poisson + nb2 + zip,-2.4397825203393606,False,False
4,1000,5,2,zip + poisson,-2.443167703175225,True,True
4,1000,6,3,poisson + zip + poisson,-2.443248194759243,False,False
4,1000,7,2,zip + nb2,-2.4443621705040113,False,False
4,1000,8,3,nb2 + poisson + nb2,-2.445125415422571,False,False
4,1000,9,2,zip + zip,-2.4456432266729955,False,True
4,1000,10,3,nb2 + nb2 + poisson,-2.445896256763576,False,False
4,1500,1,2,nb2 + zip,-2.457768786616585,False,False
4,1500,2,2,zip + nb2,-2.4587171558989183,False,False
4,1500,3,2,poisson + zip,-2.458993034803925,True,True
4,1500,4,2,zip + zip,-2.4590885624917966,False,True
4,1500,5,3,poisson + zip + poisson,-2.4594108891565223,False,False
4,1500,6,2,zip + poisson,-2.4595774646521287,True,True
4,1500,7,3,poisson + nb2 + nb2,-2.45979833949262,False,False
4,1500,8,3,nb2 + nb2 + poisson,-2.462212642003251,False,False
4,1500,9,3,nb2 + poisson + poisson,-2.4625586866396088,False,False
4,1500,10,3,zip + nb2 + poisson,-2.462896954961524,False,False
1,500,1,2,student_t + student_t,-1.8238618352302625,False,True
1,500,2,2,student_t + skew_normal,-1.8240905954389688,False,False
1,500,3,2,student_t + gaussian,-1.8240906961476775,True,True
1,500,4,3,student_t + gaussian + student_t,-1.831786680030977,False,False
1,500,5,2,gaussian + gaussian,-1.8330890493344394,False,False
1,500,6,2,skew_normal + gaussian,-1.8330895680709332,False,False
1,500,7,2,gaussian + skew_normal,-1.8331004029779865,False,False
1,500,8,2,skew_normal + skew_normal,-1.833100910465232,False,False
1,500,9,3,student_t + gaussian + skew_normal,-1.833686429348992,False,False
1,500,10,3,student_t + gaussian + gaussian,-1.8336929577568017,False,False
1,1000,1,2,student_t + gaussian,-1.823859421550573,True,True
1,1000,2,2,student_t + skew_normal,-1.8238766008020493,False,False
1,1000,3,2,student_t + student_t,-1.8241057865721548,False,True
1,1000,4,3,student_t + student_t + gaussian,-1.8255459912854677,False,False
1,1000,5,3,student_t + skew_normal + gaussian,-1.8257416840025273,False,False
1,1000,6,3,student_t + gaussian + gaussian,-1.8257429168965542,False,False
1,1000,7,3,student_t + gaussian + skew_normal,-1.825743878936587,False,False
1,1000,8,3,student_t + gaussian + student_t,-1.8264783725194205,False,False
1,1000,9,3,gaussian + student_t + gaussian,-1.8345005590896708,False,False
1,1000,10,3,gaussian + gaussian + student_t,-1.8413756785913646,False,False
1,1500,1,2,student_t + gaussian,-1.8710565399232038,True,True
1,1500,2,2,student_t + skew_normal,-1.871056779727146,False,False
1,1500,3,2,student_t + student_t,-1.8710717722214536,False,True
1,1500,4,3,student_t + student_t + gaussian,-1.8746189908554616,False,False
1,1500,5,3,student_t + skew_normal + gaussian,-1.8746256468067457,False,False
1,1500,6,3,student_t + gaussian + gaussian,-1.8746262939122957,False,False
1,1500,7,3,student_t + gaussian + skew_normal,-1.874626364227697,False,False
1,1500,8,3,student_t + gaussian + student_t,-1.8749298345086747,False,False
1,1500,9,3,student_t + student_t + student_t,-1.8751455720651646,False,False
1,1500,10,2,skew_normal + student_t,-1.883571129258688,False,False
2,500,1,2,lognormal + gamma,-1.1002685915410526,True,True
2,500,2,2,gamma + lognormal,-1.1002685915410526,True,True
2,500,3,2,lognormal + lognormal,-1.1004982008084288,False,False
2,500,4,3,lognormal + gamma + lognormal,-1.1095007218453876,False,False
2,500,5,2,inverse_gaussian + lognormal,-1.1125667682457079,False,False
2,500,6,2,lognormal + inverse_gaussian,-1.1125667682457079,False,False
2,500,7,3,inverse_gaussian + lognormal + gamma,-1.1134237365933168,False,False
2,500,8,3,gamma + lognormal + inverse_gaussian,-1.1138330690911267,False,False
2,500,9,3,gamma + lognormal + lognormal,-1.113965825315785,False,False
2,500,10,3,inverse_gaussian + gamma + gamma,-1.1167348881025592,False,False
2,1000,1,2,gamma + lognormal,-1.106952939147722,True,True
2,1000,2,2,lognormal + lognormal,-1.1078562464942268,False,False
2,1000,3,2,inverse_gaussian + lognormal,-1.110140857204406,False,False
2,1000,4,2,lognormal + inverse_gaussian,-1.110140857204406,False,False
2,1000,5,3,gamma + lognormal + inverse_gaussian,-1.112260352041682,False,False
2,1000,6,3,lognormal + gamma + inverse_gaussian,-1.112260352041682,False,False
2,1000,7,3,inverse_gaussian + lognormal + gamma,-1.1122603584426012,False,False
2,1000,8,3,gamma + lognormal + gamma,-1.1126189533627606,False,False
2,1000,9,3,gamma + lognormal + lognormal,-1.1134685822008705,False,False
2,1000,10,3,lognormal + gamma + lognormal,-1.1134685822008705,False,False
2,1500,1,2,lognormal + gamma,-1.1531508964004442,True,True
2,1500,2,2,gamma + lognormal,-1.1531508964004442,True,True
2,1500,3,2,lognormal + lognormal,-1.1538973218275774,False,False
2,1500,4,2,inverse_gaussian + lognormal,-1.154327855201605,False,False
2,1500,5,2,lognormal + inverse_gaussian,-1.154327855201605,False,False
2,1500,6,3,lognormal + gamma + gamma,-1.1564382738575214,False,False
2,1500,7,3,lognormal + lognormal + gamma,-1.1564409711653039,False,False
2,1500,8,3,lognormal + gamma + lognormal,-1.1565261359463899,False,False
2,1500,9,3,lognormal + lognormal + lognormal,-1.1565991272373854,False,False
2,1500,10,3,gamma + lognormal + gamma,-1.1565993141227424,False,False
3,500,1,3,poisson + zip + nb2,-2.709486082205027,False,False
3,500,2,3,poisson + nb2 + zip,-2.710600004372596,False,False
3,500,3,2,nb2 + nb2,-2.711625864376574,False,True
3,500,4,3,nb2 + zip + poisson,-2.721682414005949,False,False
3,500,5,3,nb2 + poisson + zip,-2.7259025625814695,False,False
3,500,6,3,poisson + poisson + poisson,-2.726140723251159,False,False
3,500,7,2,zip + nb2,-2.728705460119331,False,False
3,500,8,3,nb2 + poisson + nb2,-2.729325185589633,False,False
3,500,9,2,zip + zip,-2.7315495365560047,False,False
3,500,10,2,nb2 + zip,-2.7329584833514486,False,False
3,1000,1,2,nb2 + nb2,-2.6858186387668193,False,True
3,1000,2,3,nb2 + poisson + nb2,-2.692372182882526,False,False
3,1000,3,3,nb2 + nb2 + poisson,-2.6960259190400255,False,False
3,1000,4,3,poisson + nb2 + nb2,-2.6976689350058405,False,False
3,1000,5,3,poisson + poisson + poisson,-2.708908365236064,False,False
3,1000,6,3,poisson + nb2 + poisson,-2.710433938589237,False,False
3,1000,7,2,nb2 + zip,-2.712440915685155,False,False
3,1000,8,2,zip + nb2,-2.7124973197994477,False,False
3,1000,9,3,poisson + zip + poisson,-2.712706114155437,False,False
3,1000,10,3,poisson + zip + nb2,-2.712843288520085,False,False
3,1500,1,2,nb2 + nb2,-2.6950244179837046,False,True
3,1500,2,3,poisson + poisson + nb2,-2.7001692929169865,False,False
3,1500,3,3,poisson + poisson + poisson,-2.7014545483506227,False,False
3,1500,4,3,poisson + nb2 + zip,-2.7022581152494545,False,False
3,1500,5,3,zip + poisson + nb2,-2.7029633013875203,False,False
3,1500,6,3,zip + zip + poisson,-2.703939568287368,False,False
3,1500,7,3,zip + poisson + zip,-2.7041903063708626,False,False
3,1500,8,3,poisson + zip + nb2,-2.7042530045530255,False,False
3,1500,9,3,nb2 + zip + poisson,-2.7043566222689424,False,False
3,1500,10,3,nb2 + poisson + zip,-2.704685661624373,False,False
4,500,1,2,poisson + zip,-2.4619838486604912,True,True
4,500,2,2,zip + poisson,-2.4626608934924556,True,True
4,500,3,2,nb2 + zip,-2.463117899756333,False,False
4,500,4,3,zip + poisson + zip,-2.4638863293213236,False,False
4,500,5,3,poisson + poisson + zip,-2.4641609789321666,False,False
4,500,6,3,poisson + zip + zip,-2.465059885346727,False,False
4,500,7,3,poisson + zip + poisson,-2.4678221448364,False,False
4,500,8,3,poisson + zip + nb2,-2.4696383749826545,False,False
4,500,9,3,poisson + nb2 + nb2,-2.4701823151372375,False,False
4,500,10,3,zip + poisson + poisson,-2.47108575230886,False,False
4,1000,1,2,zip + nb2,-2.44905960100275,False,False
4,1000,2,2,nb2 + zip,-2.4492724557459105,False,False
4,1000,3,2,zip + zip,-2.44945864805187,False,True
4,1000,4,2,poisson + zip,-2.449609032217707,True,True
4,1000,5,3,poisson + poisson + zip,-2.449904267443506,False,False
4,1000,6,2,zip + poisson,-2.449927236827819,True,True
4,1000,7,3,nb2 + poisson + nb2,-2.450091482864802,False,False
4,1000,8,3,nb2 + zip + nb2,-2.4503599680500363,False,False
4,1000,9,3,poisson + zip + poisson,-2.450468375424094,False,False
4,1000,10,3,zip + poisson + poisson,-2.450505570332691,False,False
4,1500,1,3,nb2 + poisson + poisson,-2.4383938230530946,False,False
4,1500,2,3,poisson + nb2 + nb2,-2.438422940874775,False,False
4,1500,3,3,nb2 + poisson + zip,-2.439262679003075,False,False
4,1500,4,2,nb2 + zip,-2.439271665620635,False,False
4,1500,5,3,poisson + zip + poisson,-2.439569156236739,False,False
4,1500,6,2,zip + nb2,-2.4396157007485475,False,False
4,1500,7,3,poisson + nb2 + poisson,-2.4401612986310206,False,False
4,1500,8,3,poisson + poisson + nb2,-2.4402977937224395,False,False
4,1500,9,2,zip + zip,-2.4403126988659114,False,True
4,1500,10,2,zip + poisson,-2.4404133955626794,True,True
1,500,1,2,student_t + gaussian,-1.8559853487145552,True,True
1,500,2,2,student_t + skew_normal,-1.8559857079531017,False,False
1,500,3,2,student_t + student_t,-1.8561681561182144,False,True
1,500,4,3,student_t + student_t + gaussian,-1.8634304174760994,False,False
1,500,5,3,student_t + gaussian + skew_normal,-1.8636560286285144,False,False
1,500,6,3,student_t + skew_normal + gaussian,-1.863657588140633,False,False
1,500,7,3,student_t + gaussian + gaussian,-1.8636582436123144,False,False
1,500,8,2,gaussian + student_t,-1.869698825567404,True,True
1,500,9,2,skew_normal + student_t,-1.8697014670334509,False,False
1,500,10,3,gaussian + gaussian + student_t,-1.8709910657010558,False,False
1,1000,1,2,student_t + student_t,-1.8664451844163905,False,True
1,1000,2,2,student_t + gaussian,-1.8665210661029346,True,True
1,1000,3,2,student_t + skew_normal,-1.8665287938058364,False,False
1,1000,4,3,student_t + student_t + student_t,-1.8667559075374924,False,False
1,1000,5,3,student_t + skew_normal + student_t,-1.8668168278331987,False,False
1,1000,6,3,student_t + gaussian + student_t,-1.8668203196278845,False,False
1,1000,7,3,student_t + student_t + skew_normal,-1.8669798849959767,False,False
1,1000,8,3,student_t + student_t + gaussian,-1.8669803852631028,False,False
1,1000,9,3,student_t + skew_normal + gaussian,-1.8672256605465019,False,False
1,1000,10,3,student_t + skew_normal + skew_normal,-1.867225702905786,False,False
1,1500,1,2,student_t + student_t,-1.8983999598754078,False,True
1,1500,2,2,student_t + skew_normal,-1.8990973530290667,False,False
1,1500,3,2,student_t + gaussian,-1.8990977469497212,True,True
1,1500,4,3,student_t + skew_normal + student_t,-1.900159174778247,False,False
1,1500,5,3,student_t + gaussian + student_t,-1.9001592842308277,False,False
1,1500,6,3,student_t + student_t + student_t,-1.9018708865147709,False,False
1,1500,7,3,student_t + skew_normal + gaussian,-1.9018870540429906,False,False
1,1500,8,3,student_t + skew_normal + skew_normal,-1.9018871041099836,False,False
1,1500,9,3,student_t + gaussian + gaussian,-1.9018875308749694,False,False
1,1500,10,3,student_t + gaussian + skew_normal,-1.9018875597391887,False,False
2,500,1,2,lognormal + lognormal,-1.1398160226029845,False,False
2,500,2,2,lognormal + gamma,-1.1401807067987215,True,True
2,500,3,3,lognormal + lognormal + lognormal,-1.1505201456002723,False,False
2,500,4,2,inverse_gaussian + lognormal,-1.1516527830792926,False,False
2,500,5,3,lognormal + gamma + gamma,-1.1516647120861234,False,False
2,500,6,2,lognormal + inverse_gaussian,-1.1516701255972908,False,False
2,500,7,3,gamma + lognormal + lognormal,-1.1531269980998127,False,False
2,500,8,3,lognormal + lognormal + gamma,-1.153126998294569,False,False
2,500,9,3,lognormal + gamma + lognormal,-1.1531608186337874,False,False
2,500,10,3,gamma + gamma + lognormal,-1.1539253358798585,False,False
2,1000,1,2,lognormal + gamma,-1.1070531181966896,True,True
2,1000,2,2,gamma + lognormal,-1.1070531181966896,True,True
2,1000,3,2,lognormal + lognormal,-1.108703478397142,False,False
2,1000,4,3,lognormal + lognormal + lognormal,-1.1114495641974955,False,False
2,1000,5,3,gamma + lognormal + gamma,-1.1154131003040693,False,False
2,1000,6,3,lognormal + gamma + gamma,-1.1154594771484387,False,False
2,1000,7,3,lognormal + lognormal + gamma,-1.116672871831841,False,False
2,1000,8,3,gamma + lognormal + lognormal,-1.1166728751105015,False,False
2,1000,9,2,inverse_gaussian + lognormal,-1.1173942882684924,False,False
2,1000,10,2,lognormal + inverse_gaussian,-1.1173942882684924,False,False
2,1500,1,3,lognormal + lognormal + lognormal,-1.098499791028771,False,False
2,1500,2,2,gamma + lognormal,-1.0987064981416341,True,True
2,1500,3,2,lognormal + lognormal,-1.098916432229004,False,False
2,1500,4,2,lognormal + inverse_gaussian,-1.1004550616981046,False,False
2,1500,5,3,inverse_gaussian + gamma + lognormal,-1.1022652872461554,False,False
2,1500,6,3,lognormal + gamma + inverse_gaussian,-1.1022938804740139,False,False
2,1500,7,3,gamma + inverse_gaussian + lognormal,-1.1023296533251128,False,False
2,1500,8,3,lognormal + gamma + lognormal,-1.1025306383436715,False,False
2,1500,9,3,gamma + lognormal + lognormal,-1.102530640523331,False,False
2,1500,10,3,gamma + gamma + lognormal,-1.1025585770495079,False,False
3,500,1,2,nb2 + nb2,-2.7431767416853954,False,True
3,500,2,3,poisson + zip + poisson,-2.746614051097252,False,False
3,500,3,3,poisson + poisson + zip,-2.747505244848895,False,False
3,500,4,2,zip + poisson,-2.7491517002917925,False,False
3,500,5,2,poisson + zip,-2.7501347306019888,False,False
3,500,6,2,nb2 + zip,-2.7501376003255547,False,False
3,500,7,2,zip + nb2,-2.7513874715084814,False,False
3,500,8,2,zip + zip,-2.753254168644841,False,False
3,500,9,3,nb2 + zip + poisson,-2.754287407581767,False,False
3,500,10,3,nb2 + poisson + zip,-2.756536808699543,False,False
3,1000,1,2,nb2 + nb2,-2.742900735352633,False,True
3,1000,2,3,poisson + zip + poisson,-2.7526592806603,False,False
3,1000,3,2,zip + poisson,-2.755442099949515,False,False
3,1000,4,2,poisson + zip,-2.7560988129017896,False,False
3,1000,5,3,poisson + poisson + poisson,-2.7568175217216173,False,False
3,1000,6,2,zip + zip,-2.757944373601823,False,False
3,1000,7,2,nb2 + zip,-2.7583501411125497,False,False
3,1000,8,2,zip + nb2,-2.7585567146354166,False,False
3,1000,9,3,poisson + poisson + zip,-2.7633208064724033,False,False
3,1000,10,3,poisson + zip + nb2,-2.763603519298809,False,False
3,1500,1,3,poisson + nb2 + nb2,-2.674825446464983,False,False
3,1500,2,2,nb2 + nb2,-2.675382480092935,False,True
3,1500,3,3,zip + nb2 + nb2,-2.6755808649794472,False,False
3,1500,4,3,nb2 + nb2 + zip,-2.6765512039485064,False,False
3,1500,5,3,nb2 + nb2 + nb2,-2.676920748444609,False,False
3,1500,6,3,nb2 + poisson + nb2,-2.6774872835604677,False,False
3,1500,7,3,poisson + poisson + zip,-2.677839300340541,False,False
3,1500,8,3,nb2 + nb2 + poisson,-2.678411185565459,False,False
3,1500,9,3,nb2 + zip + nb2,-2.678480779693544,False,False
3,1500,10,3,zip + poisson + zip,-2.681618803267315,False,False
4,500,1,2,nb2 + zip,-2.443059109326606,False,False
4,500,2,2,zip + poisson,-2.4455465514578627,True,True
4,500,3,2,poisson + zip,-2.4460177559203276,True,True
4,500,4,2,zip + zip,-2.448114385168671,False,True
4,500,5,3,zip + poisson + poisson,-2.451887146756093,False,False
4,500,6,3,nb2 + zip + poisson,-2.4560689538734994,False,False
4,500,7,3,poisson + nb2 + poisson,-2.459501233343475,False,False
4,500,8,3,nb2 + poisson + nb2,-2.4596720751538883,False,False
4,500,9,2,nb2 + nb2,-2.462634843490422,False,False
4,500,10,3,poisson + poisson + poisson,-2.4628303149968622,False,False
4,1000,1,2,poisson + zip,-2.423130933046342,True,True
4,1000,2,2,zip + poisson,-2.4233591605072093,True,True
4,1000,3,2,zip + zip,-2.42352461029404,False,True
4,1000,4,3,poisson + poisson + nb2,-2.423828113656838,False,False
4,1000,5,2,nb2 + zip,-2.424306632314633,False,False
4,1000,6,2,zip + nb2,-2.4244092881687864,False,False
4,1000,7,3,poisson + zip + poisson,-2.4247112493591905,False,False
4,1000,8,3,zip + poisson + poisson,-2.4258096339105397,False,False
4,1000,9,3,nb2 + nb2 + poisson,-2.426193150496961,False,False
4,1000,10,3,poisson + poisson + zip,-2.4269359232548053,False,False
4,1500,1,2,zip + poisson,-2.4549186061251618,True,True
4,1500,2,2,poisson + zip,-2.4551204960595507,True,True
4,1500,3,2,zip + zip,-2.4551895810710196,False,True
4,1500,4,3,poisson + poisson + zip,-2.4556477616788515,False,False
4,1500,5,3,nb2 + poisson + poisson,-2.455755996887955,False,False
4,1500,6,3,poisson + nb2 + zip,-2.4559756856927293,False,False
4,1500,7,3,nb2 + poisson + nb2,-2.456094190460342,False,False
4,1500,8,2,zip + nb2,-2.456208686180709,False,False
4,1500,9,3,zip + poisson + poisson,-2.456214893176937,False,False
4,1500,10,2,nb2 + zip,-2.4567458170855043,False,False
1,500,1,2,student_t + gaussian,-1.8710928135102467,True,True
1,500,2,2,student_t + skew_normal,-1.8711059013994755,False,False
1,500,3,2,student_t + student_t,-1.872372985785843,False,True
1,500,4,3,student_t + student_t + gaussian,-1.874569901229649,False,False
1,500,5,3,student_t + student_t + skew_normal,-1.8745866540200777,False,False
1,500,6,3,student_t + gaussian + skew_normal,-1.8746937848126526,False,False
1,500,7,3,student_t + gaussian + gaussian,-1.874695402273981,False,False
1,500,8,3,student_t + skew_normal + skew_normal,-1.8751017003041233,False,False
1,500,9,3,student_t + skew_normal + gaussian,-1.875103449478339,False,False
1,500,10,3,student_t + student_t + student_t,-1.8801394306095023,False,False
1,1000,1,2,student_t + gaussian,-1.877962846107077,True,True
1,1000,2,2,student_t + skew_normal,-1.8779676564696939,False,False
1,1000,3,2,student_t + student_t,-1.8781752887628622,False,True
1,1000,4,3,student_t + skew_normal + gaussian,-1.8866792137907609,False,False
1,1000,5,3,student_t + gaussian + gaussian,-1.8866798227880286,False,False
1,1000,6,3,student_t + gaussian + skew_normal,-1.8866859741327124,False,False
1,1000,7,3,student_t + gaussian + student_t,-1.8869964116070785,False,False
1,1000,8,2,gaussian + student_t,-1.8890525316482039,True,True
1,1000,9,2,skew_normal + student_t,-1.8890657086211322,False,False
1,1000,10,3,student_t + student_t + skew_normal,-1.8898748477380891,False,False
1,1500,1,3,student_t + gaussian + gaussian,-1.8153353407442068,False,False
1,1500,2,3,student_t + skew_normal + gaussian,-1.8153357132407446,False,False
1,1500,3,3,student_t + gaussian + skew_normal,-1.8153367997820724,False,False
1,1500,4,3,student_t + skew_normal + skew_normal,-1.8153371746017373,False,False
1,1500,5,2,student_t + skew_normal,-1.8159219478591446,False,False
1,1500,6,2,student_t + gaussian,-1.8159224628262833,True,True
1,1500,7,3,student_t + student_t + gaussian,-1.8167197105981223,False,False
1,1500,8,3,student_t + student_t + skew_normal,-1.816721677288126,False,False
1,1500,9,3,student_t + gaussian + student_t,-1.817830859541037,False,False
1,1500,10,3,student_t + skew_normal + student_t,-1.8178311377001932,False,False
2,500,1,2,gamma + lognormal,-1.1954492551530038,True,True
2,500,2,2,lognormal + gamma,-1.1954829108123313,True,True
2,500,3,2,lognormal + lognormal,-1.1959402227818001,False,False
2,500,4,3,lognormal + inverse_gaussian + gamma,-1.2097806641674145,False,False
2,500,5,3,inverse_gaussian + lognormal + gamma,-1.2097806641674145,False,False
2,500,6,3,gamma + inverse_gaussian + lognormal,-1.2097807782690662,False,False
2,500,7,3,lognormal + lognormal + inverse_gaussian,-1.211337503505533,False,False
2,500,8,2,inverse_gaussian + gamma,-1.2151348588243598,False,False
2,500,9,2,gamma + inverse_gaussian,-1.2151348588243598,False,False
2,500,10,2,inverse_gaussian + inverse_gaussian,-1.2161529707014027,False,False
2,1000,1,2,lognormal + gamma,-1.1384613381582425,True,True
2,1000,2,3,gamma + inverse_gaussian + lognormal,-1.1386983834945867,False,False
2,1000,3,3,lognormal + gamma + lognormal,-1.1393114616532716,False,False
2,1000,4,3,gamma + inverse_gaussian + gamma,-1.1398448690320708,False,False
2,1000,5,2,lognormal + lognormal,-1.1399662326050386,False,False
2,1000,6,3,lognormal + lognormal + lognormal,-1.141161023398206,False,False
2,1000,7,3,inverse_gaussian + lognormal + lognormal,-1.1423148706807302,False,False
2,1000,8,3,lognormal + inverse_gaussian + lognormal,-1.1423148707430832,False,False
2,1000,9,3,lognormal + lognormal + inverse_gaussian,-1.1423251869546087,False,False
2,1000,10,3,lognormal + gamma + gamma,-1.143200034245096,False,False
2,1500,1,2,lognormal + lognormal,-1.1391705932710656,False,False
2,1500,2,3,lognormal + lognormal + lognormal,-1.1403416471991672,False,False
2,1500,3,2,lognormal + gamma,-1.140482292547793,True,True
2,1500,4,3,inverse_gaussian + lognormal + lognormal,-1.1425185631392807,False,False
2,1500,5,3,lognormal + inverse_gaussian + lognormal,-1.1426259263880625,False,False
2,1500,6,3,gamma + lognormal + inverse_gaussian,-1.14324995434484,False,False
2,1500,7,3,inverse_gaussian + gamma + lognormal,-1.1434798484302606,False,False
2,1500,8,3,lognormal + gamma + inverse_gaussian,-1.145098650487569,False,False
2,1500,9,3,gamma + inverse_gaussian + lognormal,-1.1452182425186097,False,False
2,1500,10,3,gamma + gamma + lognormal,-1.145312782029127,False,False
3,500,1,2,nb2 + nb2,-2.7454493185951856,False,True
3,500,2,3,nb2 + nb2 + poisson,-2.750265967389245,False,False
3,500,3,3,zip + poisson + zip,-2.7633689540523547,False,False
3,500,4,3,poisson + zip + zip,-2.7648185868758373,False,False
3,500,5,2,zip + nb2,-2.7702576928770988,False,False
3,500,6,3,poisson + poisson + poisson,-2.771105571330805,False,False
3,500,7,3,nb2 + poisson + poisson,-2.771424434909574,False,False
3,500,8,2,poisson + zip,-2.7744098170028546,False,False
3,500,9,2,zip + poisson,-2.7746171461171527,False,False
3,500,10,2,nb2 + zip,-2.7746631359416414,False,False
3,1000,1,3,nb2 + poisson + nb2,-2.7483842470956708,False,False
3,1000,2,3,nb2 + nb2 + nb2,-2.7490493766211,False,False
3,1000,3,3,nb2 + nb2 + poisson,-2.749131312573969,False,False
3,1000,4,3,poisson + nb2 + nb2,-2.749438042624868,False,False
3,1000,5,2,nb2 + nb2,-2.752045790588185,False,True
3,1000,6,3,zip + nb2 + nb2,-2.752459713127851,False,False
3,1000,7,3,nb2 + nb2 + zip,-2.753570530073641,False,False
3,1000,8,3,nb2 + zip + nb2,-2.756883140842305,False,False
3,1000,9,3,nb2 + zip + poisson,-2.758403947999155,False,False
3,1000,10,3,poisson + nb2 + zip,-2.7642238489976005,False,False
3,1500,1,2,nb2 + nb2,-2.7243499435625593,False,True
3,1500,2,3,nb2 + nb2 + poisson,-2.7261573208633503,False,False
3,1500,3,3,nb2 + zip + poisson,-2.7440292444701444,False,False
3,1500,4,3,zip + poisson + nb2,-2.7460347633213145,False,False
3,1500,5,3,nb2 + poisson + zip,-2.7465899576772244,False,False
3,1500,6,3,poisson + zip + nb2,-2.746820551344583,False,False
3,1500,7,3,poisson + nb2 + zip,-2.7474399026338467,False,False
3,1500,8,3,nb2 + zip + zip,-2.748283178825262,False,False
3,1500,9,3,zip + nb2 + poisson,-2.7503181352659465,False,False
3,1500,10,3,nb2 + poisson + poisson,-2.75439067207751,False,False
4,500,1,3,poisson + poisson + nb2,-2.4537124730758815,False,False
4,500,2,2,poisson + zip,-2.4548373371562864,True,True
4,500,3,3,nb2 + poisson + nb2,-2.454969878620509,False,False
4,500,4,2,zip + nb2,-2.455111881367919,False,False
4,500,5,2,zip + poisson,-2.455480887047788,True,True
4,500,6,3,nb2 + poisson + poisson,-2.455532350867404,False,False
4,500,7,2,nb2 + zip,-2.456302092690641,False,False
4,500,8,2,zip + zip,-2.4567584174072516,False,True
4,500,9,3,poisson + nb2 + poisson,-2.4589460947790713,False,False
4,500,10,3,nb2 + zip + poisson,-2.459867853952051,False,False
4,1000,1,2,zip + nb2,-2.4800720228346065,False,False
4,1000,2,3,nb2 + poisson + poisson,-2.4801751360333473,False,False
4,1000,3,2,nb2 + zip,-2.480200037436893,False,False
4,1000,4,2,zip + poisson,-2.480542909432398,True,True
4,1000,5,3,poisson + poisson + zip,-2.4808171082221766,False,False
4,1000,6,2,zip + zip,-2.480848270893083,False,True
4,1000,7,2,poisson + zip,-2.480944511476568,True,True
4,1000,8,3,poisson + poisson + poisson,-2.481241502149546,False,False
4,1000,9,3,poisson + zip + poisson,-2.48129464918799,False,False
4,1000,10,3,zip + poisson + poisson,-2.481686884213402,False,False
4,1500,1,3,nb2 + poisson + nb2,-2.429823528273023,False,False
4,1500,2,3,zip + nb2 + poisson,-2.4299731971109093,False,False
4,1500,3,3,nb2 + zip + poisson,-2.4302511919476326,False,False
4,1500,4,3,nb2 + nb2 + poisson,-2.4306599661263006,False,False
4,1500,5,2,poisson + zip,-2.430725914984218,True,True
4,1500,6,2,zip + zip,-2.430787684367382,False,True
4,1500,7,3,poisson + nb2 + poisson,-2.430888185175335,False,False
4,1500,8,2,zip + poisson,-2.4312521824897075,True,True
4,1500,9,2,zip + nb2,-2.4317490937550224,False,False
4,1500,10,2,nb2 + zip,-2.4318258560797577,False,False
1,500,1,2,student_t + student_t,-1.8467499554337068,False,True
1,500,2,2,student_t + gaussian,-1.8469168659948023,True,True
1,500,3,2,student_t + skew_normal,-1.8469185881315184,False,False
1,500,4,3,student_t + gaussian + gaussian,-1.8603967768570135,False,False
1,500,5,3,student_t + skew_normal + gaussian,-1.8603969598795715,False,False
1,500,6,3,student_t + gaussian + skew_normal,-1.8603995468805246,False,False
1,500,7,3,student_t + student_t + gaussian,-1.861036768056486,False,False
1,500,8,3,student_t + gaussian + student_t,-1.867191042012741,False,False
1,500,9,2,gaussian + student_t,-1.868061294252639,True,True
1,500,10,2,skew_normal + student_t,-1.8680793676770173,False,False
1,1000,1,2,student_t + skew_normal,-1.8459818448207783,False,False
1,1000,2,2,student_t + gaussian,-1.8459978965827608,True,True
1,1000,3,2,student_t + student_t,-1.846006000079643,False,True
1,1000,4,2,skew_normal + student_t,-1.8510599900713074,False,False
1,1000,5,2,gaussian + student_t,-1.851061346117593,True,True
1,1000,6,3,student_t + gaussian + skew_normal,-1.8541969114318855,False,False
1,1000,7,3,student_t + gaussian + gaussian,-1.8542002421958856,False,False
1,1000,8,3,student_t + skew_normal + gaussian,-1.8542015643748835,False,False
1,1000,9,3,student_t + student_t + gaussian,-1.8543401225983285,False,False
1,1000,10,3,student_t + student_t + skew_normal,-1.8543406617883575,False,False
1,1500,1,3,student_t + student_t + gaussian,-1.8616447060647308,False,False
1,1500,2,3,student_t + student_t + skew_normal,-1.8616457540609332,False,False
1,1500,3,2,student_t + skew_normal,-1.8618550451843312,False,False
1,1500,4,2,student_t + gaussian,-1.8618554942876857,True,True
1,1500,5,2,student_t + student_t,-1.8619070610015358,False,True
1,1500,6,3,student_t + student_t + student_t,-1.8620179253171465,False,False
1,1500,7,3,student_t + gaussian + skew_normal,-1.8620960878141193,False,False
1,1500,8,3,student_t + gaussian + gaussian,-1.86209611698849,False,False
1,1500,9,3,student_t + skew_normal + skew_normal,-1.862096739710138,False,False
1,1500,10,3,student_t + skew_normal + gaussian,-1.8620967707446847,False,False
2,500,1,2,lognormal + gamma,-1.1109784114893493,True,True
2,500,2,2,gamma + lognormal,-1.1109784114893493,True,True
2,500,3,2,lognormal + lognormal,-1.1135100824307473,False,False
2,500,4,3,gamma + lognormal + lognormal,-1.1187757549246589,False,False
2,500,5,2,inverse_gaussian + gamma,-1.1246588493344742,False,False
2,500,6,2,gamma + inverse_gaussian,-1.1246588493344742,False,False
2,500,7,3,gamma + inverse_gaussian + gamma,-1.1266197502605915,False,False
2,500,8,3,inverse_gaussian + lognormal + inverse_gaussian,-1.1271336359215811,False,False
2,500,9,2,lognormal + inverse_gaussian,-1.1271730850794266,False,False
2,500,10,2,inverse_gaussian + lognormal,-1.1271733434554108,False,False
2,1000,1,2,lognormal + lognormal,-1.1180392686808918,False,False
2,1000,2,2,lognormal + gamma,-1.1181811752239654,True,True
2,1000,3,2,gamma + lognormal,-1.1181811752239654,True,True
2,1000,4,3,gamma + lognormal + inverse_gaussian,-1.120423230367532,False,False
2,1000,5,3,inverse_gaussian + gamma + lognormal,-1.1204232335237485,False,False
2,1000,6,3,lognormal + lognormal + lognormal,-1.120451060180188,False,False
2,1000,7,3,gamma + lognormal + lognormal,-1.1217012216378301,False,False
2,1000,8,3,lognormal + lognormal + gamma,-1.1217012298691333,False,False
2,1000,9,3,gamma + inverse_gaussian + gamma,-1.1220192252471037,False,False
2,1000,10,3,gamma + inverse_gaussian + lognormal,-1.1229293884503517,False,False
2,1500,1,2,lognormal + lognormal,-1.0347782776695271,False,False
2,1500,2,2,lognormal + gamma,-1.0349481974086976,True,True
2,1500,3,2,gamma + lognormal,-1.0349481974086976,True,True
2,1500,4,3,gamma + lognormal + lognormal,-1.038219162323511,False,False
2,1500,5,3,lognormal + inverse_gaussian + gamma,-1.0384633027233992,False,False
2,1500,6,2,inverse_gaussian + lognormal,-1.043554656120139,False,False
2,1500,7,2,lognormal + inverse_gaussian,-1.043554656120139,False,False
2,1500,8,3,lognormal + lognormal + gamma,-1.0442345231941883,False,False
2,1500,9,3,lognormal + lognormal + lognormal,-1.0448150437177606,False,False
2,1500,10,3,lognormal + gamma + lognormal,-1.0473017113504361,False,False
3,500,1,2,nb2 + nb2,-2.7419730132741256,False,True
3,500,2,3,poisson + zip + poisson,-2.766142336851814,False,False
3,500,3,3,zip + nb2 + poisson,-2.767337295521783,False,False
3,500,4,3,nb2 + zip + poisson,-2.767944110158897,False,False
3,500,5,3,poisson + zip + nb2,-2.76796396173067,False,False
3,500,6,3,nb2 + poisson + zip,-2.76859956680853,False,False
3,500,7,3,zip + poisson + nb2,-2.773157044933089,False,False
3,500,8,3,poisson + nb2 + zip,-2.7738854729264575,False,False
3,500,9,3,zip + poisson + zip,-2.7745495917878937,False,False
3,500,10,3,poisson + nb2 + poisson,-2.7746928060335074,False,False
3,1000,1,2,nb2 + nb2,-2.73893418605755,False,True
3,1000,2,3,poisson + nb2 + nb2,-2.7473132829791904,False,False
3,1000,3,3,poisson + poisson + poisson,-2.7519765244749834,False,False
3,1000,4,3,nb2 + zip + nb2,-2.7639412490742954,False,False
3,1000,5,2,zip + zip,-2.7639786186282524,False,False
3,1000,6,3,poisson + poisson + zip,-2.7646915580535945,False,False
3,1000,7,3,poisson + zip + poisson,-2.76528132328807,False,False
3,1000,8,3,poisson + zip + nb2,-2.7654692741242246,False,False
3,1000,9,2,zip + poisson,-2.7655496149982848,False,False
3,1000,10,2,poisson + zip,-2.765910754507629,False,False
3,1500,1,2,nb2 + nb2,-2.6685820634184445,False,True
3,1500,2,3,zip + nb2 + nb2,-2.67247646295256,False,False
3,1500,3,3,nb2 + nb2 + poisson,-2.672985763857079,False,False
3,1500,4,3,nb2 + poisson + nb2,-2.6730905583167295,False,False
3,1500,5,3,nb2 + zip + poisson,-2.6743120368178404,False,False
3,1500,6,3,poisson + nb2 + nb2,-2.6749932198262187,False,False
3,1500,7,3,zip + poisson + nb2,-2.6752782877167918,False,False
3,1500,8,3,poisson + nb2 + poisson,-2.6757345579158844,False,False
3,1500,9,3,poisson + zip + nb2,-2.6760525590016933,False,False
3,1500,10,2,nb2 + zip,-2.6771131503893644,False,False
4,500,1,2,zip + nb2,-2.440036768313989,False,False
4,500,2,2,zip + zip,-2.4400666118636147,False,True
4,500,3,2,poisson + zip,-2.440084092452671,True,True
4,500,4,2,zip + poisson,-2.440287356325604,True,True
4,500,5,3,nb2 + zip + poisson,-2.440910717105782,False,False
4,500,6,2,nb2 + zip,-2.441648317531176,False,False
4,500,7,3,poisson + zip + poisson,-2.4419696824167203,False,False
4,500,8,3,zip + nb2 + poisson,-2.442123036375906,False,False
4,500,9,3,zip + poisson + nb2,-2.4452234312366636,False,False
4,500,10,3,nb2 + nb2 + poisson,-2.4474731154602267,False,False
4,1000,1,2,zip + nb2,-2.464756226928725,False,False
4,1000,2,2,zip + poisson,-2.4657922962930527,True,True
4,1000,3,2,zip + zip,-2.4660411997017455,False,True
4,1000,4,2,nb2 + zip,-2.466540060887558,False,False
4,1000,5,2,poisson + zip,-2.467394965712015,True,True
4,1000,6,3,zip + nb2 + poisson,-2.4701613735260533,False,False
4,1000,7,3,poisson + nb2 + poisson,-2.470172816212109,False,False
4,1000,8,3,nb2 + zip + poisson,-2.4702328371171705,False,False
4,1000,9,3,poisson + poisson + nb2,-2.4702460216817372,False,False
4,1000,10,3,nb2 + zip + nb2,-2.4703496096653716,False,False
4,1500,1,3,poisson + poisson + zip,-2.430692733759557,False,False
4,1500,2,2,poisson + zip,-2.431591093786411,True,True
4,1500,3,2,zip + zip,-2.431638587981689,False,True
4,1500,4,2,nb2 + zip,-2.432949000697809,False,False
4,1500,5,3,nb2 + zip + poisson,-2.4336247220956158,False,False
4,1500,6,2,zip + nb2,-2.4338715957192503,False,False
4,1500,7,2,zip + poisson,-2.4344376544054747,True,True
4,1500,8,3,poisson + nb2 + poisson,-2.434632277151767,False,False
4,1500,9,3,nb2 + poisson + poisson,-2.435087133764569,False,False
4,1500,10,3,nb2 + poisson + nb2,-2.435484833426435,False,False
1,500,1,2,student_t + student_t,-1.8613405317583196,False,True
1,500,2,2,student_t + skew_normal,-1.8619442955245473,False,False
1,500,3,2,student_t + gaussian,-1.8619473440874899,True,True
1,500,4,2,skew_normal + student_t,-1.867487882001848,False,False
1,500,5,2,gaussian + student_t,-1.8674879977718137,True,True
1,500,6,3,student_t + gaussian + skew_normal,-1.869465969241404,False,False
1,500,7,3,student_t + gaussian + gaussian,-1.8694669514090478,False,False
1,500,8,3,student_t + skew_normal + gaussian,-1.869473072615624,False,False
1,500,9,3,student_t + student_t + student_t,-1.8696437643316763,False,False
1,500,10,3,student_t + student_t + skew_normal,-1.8698865761680303,False,False
1,1000,1,2,gaussian + skew_normal,-1.8741934763814252,False,False
1,1000,2,2,gaussian + gaussian,-1.8741969139090406,False,False
1,1000,3,2,skew_normal + skew_normal,-1.8741975960388937,False,False
1,1000,4,2,skew_normal + gaussian,-1.8742009749754203,False,False
1,1000,5,2,skew_normal + student_t,-1.875551813599129,False,False
1,1000,6,2,gaussian + student_t,-1.875569403218763,True,True
1,1000,7,2,student_t + gaussian,-1.8757487188136606,True,True
1,1000,8,2,student_t + skew_normal,-1.8757516974139476,False,False
1,1000,9,2,student_t + student_t,-1.876429315272466,False,True
1,1000,10,3,student_t + gaussian + student_t,-1.8768123147647295,False,False
1,1500,1,2,student_t + gaussian,-1.8557045680587816,True,True
1,1500,2,2,student_t + skew_normal,-1.855704831441161,False,False
1,1500,3,3,student_t + student_t + gaussian,-1.8560824601270005,False,False
1,1500,4,3,student_t + gaussian + gaussian,-1.8561207973142073,False,False
1,1500,5,3,student_t + skew_normal + gaussian,-1.8561208615804656,False,False
1,1500,6,3,student_t + gaussian + skew_normal,-1.8561209224237647,False,False
1,1500,7,2,student_t + student_t,-1.8564907634280785,False,True
1,1500,8,3,student_t + gaussian + student_t,-1.8583748115227137,False,False
1,1500,9,3,skew_normal + student_t + gaussian,-1.8681556201414415,False,False
1,1500,10,3,gaussian + student_t + gaussian,-1.86815630442249,False,False
2,500,1,2,lognormal + gamma,-1.1781999144230912,True,True
2,500,2,2,gamma + lognormal,-1.1781999144230912,True,True
2,500,3,2,lognormal + lognormal,-1.1808945249027707,False,False
2,500,4,3,lognormal + lognormal + gamma,-1.1832155073315482,False,False
2,500,5,3,lognormal + gamma + lognormal,-1.1832155343804478,False,False
2,500,6,3,lognormal + lognormal + lognormal,-1.186016463450076,False,False
2,500,7,2,lognormal + inverse_gaussian,-1.1865214301935654,False,False
2,500,8,3,lognormal + gamma + gamma,-1.1879974358219954,False,False
2,500,9,3,inverse_gaussian + gamma + gamma,-1.18929261789176,False,False
2,500,10,3,gamma + gamma + lognormal,-1.1901884353811676,False,False
2,1000,1,2,lognormal + gamma,-1.1067487396018127,True,True
2,1000,2,2,gamma + lognormal,-1.1067487396018127,True,True
2,1000,3,2,lognormal + lognormal,-1.1082672688557627,False,False
2,1000,4,3,inverse_gaussian + gamma + lognormal,-1.112341797683653,False,False
2,1000,5,2,inverse_gaussian + lognormal,-1.114066002165981,False,False
2,1000,6,3,lognormal + lognormal + gamma,-1.1149224318957174,False,False
2,1000,7,3,lognormal + gamma + lognormal,-1.1149224469401737,False,False
2,1000,8,3,gamma + inverse_gaussian + gamma,-1.115474231453565,False,False
2,1000,9,3,lognormal + lognormal + lognormal,-1.116303659519441,False,False
2,1000,10,3,lognormal + inverse_gaussian + gamma,-1.1183013305945568,False,False
2,1500,1,2,lognormal + gamma,-1.0935505018132583,True,True
2,1500,2,2,gamma + lognormal,-1.0935505018132583,True,True
2,1500,3,2,lognormal + lognormal,-1.0943052129031967,False,False
2,1500,4,3,lognormal + lognormal + gamma,-1.0987790748865391,False,False
2,1500,5,3,gamma + lognormal + lognormal,-1.0987879471127722,False,False
2,1500,6,3,lognormal + gamma + lognormal,-1.0988762406887385,False,False
2,1500,7,3,lognormal + gamma + inverse_gaussian,-1.0991166039440008,False,False
2,1500,8,3,lognormal + gamma + gamma,-1.100049637049703,False,False
2,1500,9,3,gamma + gamma + gamma,-1.1000754351815658,False,False
2,1500,10,3,gamma + lognormal + gamma,-1.1002317739334977,False,False
3,500,1,2,nb2 + nb2,-2.7335065776758047,False,True
3,500,2,3,poisson + zip + poisson,-2.7361274444017356,False,False
3,500,3,3,poisson + nb2 + nb2,-2.7380861136871317,False,False
3,500,4,3,nb2 + poisson + poisson,-2.745990899578197,False,False
3,500,5,3,nb2 + zip + poisson,-2.746996075511366,False,False
3,500,6,3,zip + nb2 + poisson,-2.7473049243788936,False,False
3,500,7,3,poisson + poisson + poisson,-2.748586444534256,False,False
3,500,8,2,zip + zip,-2.74968531001721,False,False
3,500,9,3,poisson + poisson + nb2,-2.7496958863146705,False,False
3,500,10,3,zip + poisson + zip,-2.7497001965569052,False,False
3,1000,1,2,nb2 + nb2,-2.711249994774706,False,True
3,1000,2,3,poisson + poisson + nb2,-2.716480279843436,False,False
3,1000,3,3,zip + nb2 + poisson,-2.7170087801896563,False,False
3,1000,4,3,poisson + poisson + zip,-2.7194712372048913,False,False
3,1000,5,2,zip + zip,-2.7200562989387334,False,False
3,1000,6,2,zip + poisson,-2.7205567429677924,False,False
3,1000,7,2,nb2 + zip,-2.720803107197458,False,False
3,1000,8,2,poisson + zip,-2.722051408558831,False,False
3,1000,9,2,zip + nb2,-2.7226622982056026,False,False
3,1000,10,3,zip + poisson + nb2,-2.7230895741600283,False,False
3,1500,1,2,nb2 + nb2,-2.7153274235517855,False,True
3,1500,2,3,nb2 + poisson + nb2,-2.717251315244317,False,False
3,1500,3,3,poisson + zip + nb2,-2.7195423852946057,False,False
3,1500,4,3,nb2 + poisson + zip,-2.7200410464700857,False,False
3,1500,5,3,nb2 + nb2 + poisson,-2.7217892521251628,False,False
3,1500,6,3,zip + poisson + nb2,-2.721949911229434,False,False
3,1500,7,3,poisson + nb2 + nb2,-2.7219841628826145,False,False
3,1500,8,3,nb2 + zip + poisson,-2.7245139414756414,False,False
3,1500,9,2,nb2 + zip,-2.72564497301131,False,False
3,1500,10,3,zip + zip + poisson,-2.725705734762782,False,False
4,500,1,2,nb2 + zip,-2.4700659102668587,False,False
4,500,2,2,zip + nb2,-2.470892683635239,False,False
4,500,3,2,poisson + zip,-2.471046877606976,True,True
4,500,4,2,zip + zip,-2.47107446572583,False,True
4,500,5,2,zip + poisson,-2.47121204780041,True,True
4,500,6,3,zip + poisson + poisson,-2.4713948863125124,False,False
4,500,7,3,nb2 + poisson + poisson,-2.4716783768886144,False,False
4,500,8,3,poisson + zip + poisson,-2.4722121644865718,False,False
4,500,9,3,zip + nb2 + poisson,-2.478310013973426,False,False
4,500,10,3,poisson + nb2 + zip,-2.478422863682393,False,False
4,1000,1,2,poisson + zip,-2.431628884339368,True,True
4,1000,2,2,zip + poisson,-2.4327912023464506,True,True
4,1000,3,2,zip + zip,-2.433385402987856,False,True
4,1000,4,3,nb2 + zip + poisson,-2.4355029066630784,False,False
4,1000,5,3,zip + nb2 + poisson,-2.4358515677860297,False,False
4,1000,6,3,zip + poisson + nb2,-2.4368226288559676,False,False
4,1000,7,3,zip + poisson + poisson,-2.437029718845387,False,False
4,1000,8,3,zip + nb2 + zip,-2.4384196017038637,False,False
4,1000,9,3,nb2 + nb2 + poisson,-2.439289373732182,False,False
4,1000,10,3,poisson + zip + poisson,-2.440835177249458,False,False
4,1500,1,2,zip + poisson,-2.458794776326239,True,True
4,1500,2,2,zip + zip,-2.4588428737321464,False,True
4,1500,3,2,zip + nb2,-2.4591761169724733,False,False
4,1500,4,3,zip + poisson + poisson,-2.459372898093309,False,False
4,1500,5,2,nb2 + zip,-2.4598521824603625,False,False
4,1500,6,3,poisson + nb2 + poisson,-2.459932023111257,False,False
4,1500,7,2,poisson + zip,-2.4599560421638134,True,True
4,1500,8,3,poisson + zip + zip,-2.4604270290344656,False,False
4,1500,9,3,poisson + zip + poisson,-2.461499378933492,False,False
4,1500,10,3,nb2 + poisson + nb2,-2.4622893918637536,False,False
1,500,1,2,student_t + gaussian,-1.879271566957188,True,True
1,500,2,2,student_t + skew_normal,-1.8792720117821053,False,False
1,500,3,2,student_t + student_t,-1.8807789884049582,False,True
1,500,4,3,student_t + gaussian + student_t,-1.8820952848641177,False,False
1,500,5,3,student_t + gaussian + gaussian,-1.8823752574167183,False,False
1,500,6,3,student_t + student_t + gaussian,-1.8830803762934119,False,False
1,500,7,3,gaussian + student_t + gaussian,-1.8951886750370828,False,False
1,500,8,2,skew_normal + student_t,-1.8952543179824475,False,False
1,500,9,2,gaussian + student_t,-1.8952863673973792,True,True
1,500,10,3,gaussian + gaussian + student_t,-1.8953458904348415,False,False
1,1000,1,2,student_t + student_t,-1.8579849415207763,False,True
1,1000,2,2,student_t + gaussian,-1.8584662150016782,True,True
1,1000,3,2,student_t + skew_normal,-1.858466588729545,False,False
1,1000,4,3,student_t + gaussian + skew_normal,-1.8586883031023242,False,False
1,1000,5,3,student_t + skew_normal + skew_normal,-1.8586884701895015,False,False
1,1000,6,3,student_t + gaussian + gaussian,-1.8586887838213522,False,False
1,1000,7,3,student_t + skew_normal + gaussian,-1.8586889526611652,False,False
1,1000,8,3,student_t + student_t + gaussian,-1.858731419667904,False,False
1,1000,9,3,student_t + student_t + student_t,-1.859876357842877,False,False
1,1000,10,3,student_t + gaussian + student_t,-1.8599135297376297,False,False
1,1500,1,2,student_t + gaussian,-1.8423308789646127,True,True
1,1500,2,2,student_t + skew_normal,-1.8423309223352995,False,False
1,1500,3,3,student_t + student_t + skew_normal,-1.8424033436466638,False,False
1,1500,4,3,student_t + student_t + gaussian,-1.842404364989911,False,False
1,1500,5,3,student_t + gaussian + skew_normal,-1.8425309796492437,False,False
1,1500,6,3,student_t + skew_normal + skew_normal,-1.8425310735680647,False,False
1,1500,7,3,student_t + gaussian + gaussian,-1.8425325323022346,False,False
1,1500,8,3,student_t + skew_normal + gaussian,-1.8425326258670862,False,False
1,1500,9,2,student_t + student_t,-1.8430344839152912,False,True
1,1500,10,3,student_t + skew_normal + student_t,-1.8439777148930065,False,False
2,500,1,2,gamma + lognormal,-1.0753886229434666,True,True
2,500,2,2,lognormal + gamma,-1.0753952325623795,True,True
2,500,3,2,lognormal + lognormal,-1.0788392373481865,False,False
2,500,4,3,gamma + lognormal + lognormal,-1.084207913249697,False,False
2,500,5,3,lognormal + lognormal + lognormal,-1.086196435467229,False,False
2,500,6,2,inverse_gaussian + lognormal,-1.0885670635222957,False,False
2,500,7,3,inverse_gaussian + gamma + inverse_gaussian,-1.0889881615817127,False,False
2,500,8,3,inverse_gaussian + inverse_gaussian + gamma,-1.0890641629545017,False,False
2,500,9,3,inverse_gaussian + lognormal + lognormal,-1.095660795707121,False,False
2,500,10,3,lognormal + inverse_gaussian + lognormal,-1.0956607962242721,False,False
2,1000,1,2,lognormal + lognormal,-1.1468184237182817,False,False
2,1000,2,2,lognormal + gamma,-1.1472416512619248,True,True
2,1000,3,2,gamma + lognormal,-1.1472416512619248,True,True
2,1000,4,3,lognormal + lognormal + lognormal,-1.1520677744106274,False,False
2,1000,5,3,gamma + lognormal + lognormal,-1.1526593120746047,False,False
2,1000,6,3,lognormal + gamma + lognormal,-1.1526593195260266,False,False
2,1000,7,2,inverse_gaussian + lognormal,-1.1546253178178907,False,False
2,1000,8,2,lognormal + inverse_gaussian,-1.1546253178178907,False,False
2,1000,9,3,gamma + inverse_gaussian + lognormal,-1.1550706327675548,False,False
2,1000,10,3,inverse_gaussian + lognormal + lognormal,-1.156836168304083,False,False
2,1500,1,2,lognormal + gamma,-1.1266960921753484,True,True
2,1500,2,2,gamma + lognormal,-1.1266960921753484,True,True
2,1500,3,3,lognormal + lognormal + gamma,-1.128055786602794,False,False
2,1500,4,3,gamma + lognormal + lognormal,-1.128154695190764,False,False
2,1500,5,3,lognormal + gamma + lognormal,-1.1281719107998123,False,False
2,1500,6,3,inverse_gaussian + lognormal + gamma,-1.12912306071696,False,False
2,1500,7,3,gamma + lognormal + inverse_gaussian,-1.1291278600263315,False,False
2,1500,8,3,inverse_gaussian + gamma + lognormal,-1.1291353270975086,False,False
2,1500,9,3,gamma + inverse_gaussian + lognormal,-1.1291618635779164,False,False
2,1500,10,2,lognormal + lognormal,-1.129361137416718,False,False
3,500,1,2,nb2 + nb2,-2.718432804606834,False,True
3,500,2,3,nb2 + poisson + nb2,-2.721368160602825,False,False
3,500,3,3,poisson + nb2 + nb2,-2.7224455461394106,False,False
3,500,4,3,nb2 + nb2 + poisson,-2.72647716222468,False,False
3,500,5,3,zip + nb2 + poisson,-2.7294442853553216,False,False
3,500,6,3,nb2 + poisson + zip,-2.735153107913502,False,False
3,500,7,3,poisson + zip + nb2,-2.7383326687356493,False,False
3,500,8,2,nb2 + zip,-2.7442853128283002,False,False
3,500,9,2,zip + poisson,-2.745790649020666,False,False
3,500,10,2,poisson + zip,-2.7459572303136373,False,False
3,1000,1,2,nb2 + nb2,-2.70210724160711,False,True
3,1000,2,3,nb2 + nb2 + poisson,-2.7116126855078733,False,False
3,1000,3,3,poisson + zip + nb2,-2.717036322687771,False,False
3,1000,4,2,nb2 + zip,-2.718015255033215,False,False
3,1000,5,2,zip + nb2,-2.7181275805920437,False,False
3,1000,6,3,poisson + nb2 + zip,-2.7189926042962553,False,False
3,1000,7,3,zip + poisson + nb2,-2.7191830120975062,False,False
3,1000,8,2,zip + poisson,-2.7196788525043147,False,False
3,1000,9,2,poisson + zip,-2.719843477904596,False,False
3,1000,10,2,zip + zip,-2.719892948685072,False,False
3,1500,1,2,nb2 + nb2,-2.7215409961096046,False,True
3,1500,2,3,nb2 + nb2 + zip,-2.7248389829787394,False,False
3,1500,3,3,nb2 + nb2 + poisson,-2.7256108865415354,False,False
3,1500,4,3,nb2 + zip + nb2,-2.7257217268695175,False,False
3,1500,5,3,poisson + nb2 + nb2,-2.7271051881855417,False,False
3,1500,6,3,nb2 + poisson + nb2,-2.727204020714892,False,False
3,1500,7,3,poisson + poisson + nb2,-2.7400887785652857,False,False
3,1500,8,3,zip + poisson + poisson,-2.74244444823992,False,False
3,1500,9,3,nb2 + poisson + poisson,-2.742745492671036,False,False
3,1500,10,3,poisson + poisson + poisson,-2.7443014716726855,False,False
4,500,1,2,nb2 + zip,-2.450862956748506,False,False
4,500,2,2,zip + zip,-2.451665914078343,False,True
4,500,3,2,zip + nb2,-2.4518930158563124,False,False
4,500,4,2,poisson + zip,-2.4522507817699735,True,True
4,500,5,3,poisson + nb2 + zip,-2.453966700211956,False,False
4,500,6,3,poisson + poisson + zip,-2.454808837688306,False,False
4,500,7,2,zip + poisson,-2.4549791703361596,True,True
4,500,8,3,poisson + zip + poisson,-2.455500367960016,False,False
4,500,9,3,poisson + poisson + nb2,-2.4573555906637194,False,False
4,500,10,3,nb2 + poisson + poisson,-2.457402527181347,False,False
4,1000,1,2,nb2 + zip,-2.4212386984387995,False,False
4,1000,2,2,zip + nb2,-2.4212878371212514,False,False
4,1000,3,2,zip + zip,-2.4214781272933683,False,True
4,1000,4,2,poisson + zip,-2.4215337793997405,True,True
4,1000,5,3,poisson + poisson + zip,-2.4216112359742947,False,False
4,1000,6,2,zip + poisson,-2.4218425812546664,True,True
4,1000,7,3,poisson + poisson + nb2,-2.4221870180469733,False,False
4,1000,8,3,poisson + zip + poisson,-2.4222348666084037,False,False
4,1000,9,3,zip + zip + poisson,-2.4225316646933415,False,False
4,1000,10,3,poisson + nb2 + poisson,-2.4226179642939343,False,False
4,1500,1,2,nb2 + zip,-2.431520840889766,False,False
4,1500,2,2,poisson + zip,-2.4326746727458683,True,True
4,1500,3,2,zip + zip,-2.4327007582925573,False,True
4,1500,4,2,zip + poisson,-2.4338386053425327,True,True
4,1500,5,2,zip + nb2,-2.4350551431512417,False,False
4,1500,6,3,poisson + poisson + poisson,-2.435268010971442,False,False
4,1500,7,3,zip + nb2 + poisson,-2.4353704487256747,False,False
4,1500,8,3,nb2 + poisson + nb2,-2.4359055859471055,False,False
4,1500,9,3,poisson + nb2 + poisson,-2.4359558949608893,False,False
4,1500,10,3,poisson + poisson + zip,-2.4359977069641974,False,False
1,500,1,2,student_t + skew_normal,-1.8444458275810987,False,False
1,500,2,2,student_t + gaussian,-1.8444463305287078,True,True
1,500,3,2,student_t + student_t,-1.8447246120460923,False,True
1,500,4,3,student_t + skew_normal + gaussian,-1.8490697201393063,False,False
1,500,5,3,student_t + gaussian + gaussian,-1.8490700233096373,False,False
1,500,6,3,student_t + gaussian + skew_normal,-1.8490706140344182,False,False
1,500,7,3,student_t + student_t + gaussian,-1.8492225419127224,False,False
1,500,8,3,student_t + gaussian + student_t,-1.8570344066645341,False,False
1,500,9,2,gaussian + student_t,-1.8599567957591356,True,True
1,500,10,2,skew_normal + student_t,-1.85995761834454,False,False
1,1000,1,2,student_t + student_t,-1.8423200669170001,False,True
1,1000,2,2,student_t + skew_normal,-1.8423630462790264,False,False
1,1000,3,2,student_t + gaussian,-1.842364641631324,True,True
1,1000,4,3,student_t + gaussian + gaussian,-1.8466290271300267,False,False
1,1000,5,3,student_t + skew_normal + gaussian,-1.846629596990947,False,False
1,1000,6,3,student_t + skew_normal + skew_normal,-1.8466708565923569,False,False
1,1000,7,3,student_t + gaussian + skew_normal,-1.8466713440421207,False,False
1,1000,8,3,student_t + student_t + skew_normal,-1.846674638365545,False,False
1,1000,9,3,student_t + student_t + gaussian,-1.8466920513313803,False,False
1,1000,10,3,student_t + skew_normal + student_t,-1.8481104489869984,False,False
1,1500,1,2,student_t + gaussian,-1.8270050215425377,True,True
1,1500,2,2,student_t + skew_normal,-1.8270063962464582,False,False
1,1500,3,2,student_t + student_t,-1.8270834941466447,False,True
1,1500,4,3,student_t + student_t + gaussian,-1.8290035212057723,False,False
1,1500,5,3,student_t + gaussian + gaussian,-1.8290126178963655,False,False
1,1500,6,3,student_t + skew_normal + gaussian,-1.8290247661477153,False,False
1,1500,7,3,gaussian + gaussian + skew_normal,-1.8290831861428338,False,False
1,1500,8,3,skew_normal + gaussian + skew_normal,-1.8290842430605299,False,False
1,1500,9,3,gaussian + gaussian + gaussian,-1.8290910928038433,False,False
1,1500,10,3,skew_normal + gaussian + gaussian,-1.8290921641708608,False,False
2,500,1,2,lognormal + gamma,-1.114864515460682,True,True
2,500,2,2,lognormal + lognormal,-1.1161647431694532,False,False
2,500,3,3,gamma + gamma + lognormal,-1.1193411418292765,False,False
2,500,4,3,gamma + lognormal + gamma,-1.119482658169769,False,False
2,500,5,3,gamma + inverse_gaussian + lognormal,-1.1202584992099183,False,False
2,500,6,3,lognormal + gamma + lognormal,-1.1203444033589103,False,False
2,500,7,3,gamma + lognormal + lognormal,-1.1203444033589103,False,False
2,500,8,2,inverse_gaussian + lognormal,-1.1225849414452278,False,False
2,500,9,2,lognormal + inverse_gaussian,-1.1225849414452278,False,False
2,500,10,3,lognormal + gamma + gamma,-1.1238877707068402,False,False
2,1000,1,2,lognormal + lognormal,-1.095270303569365,False,False
2,1000,2,2,lognormal + gamma,-1.0961312833128456,True,True
2,1000,3,2,gamma + lognormal,-1.0961312833128456,True,True
2,1000,4,3,lognormal + lognormal + lognormal,-1.0962406804815596,False,False
2,1000,5,3,lognormal + gamma + lognormal,-1.0973337297668249,False,False
2,1000,6,3,inverse_gaussian + lognormal + lognormal,-1.0973383502845444,False,False
2,1000,7,3,lognormal + inverse_gaussian + lognormal,-1.0977502282800606,False,False
2,1000,8,3,lognormal + gamma + inverse_gaussian,-1.0984294552358802,False,False
2,1000,9,3,gamma + lognormal + inverse_gaussian,-1.0984991864413227,False,False
2,1000,10,3,gamma + inverse_gaussian + lognormal,-1.0984991914005084,False,False
2,1500,1,2,lognormal + lognormal,-1.073403170797323,False,False
2,1500,2,2,lognormal + gamma,-1.0735389693620543,True,True
2,1500,3,2,gamma + lognormal,-1.0735389693620543,True,True
2,1500,4,3,gamma + lognormal + lognormal,-1.0741542216070583,False,False
2,1500,5,3,lognormal + lognormal + lognormal,-1.0741781236601586,False,False
2,1500,6,3,gamma + inverse_gaussian + lognormal,-1.0745490938403586,False,False
2,1500,7,3,lognormal + gamma + inverse_gaussian,-1.0745491015303033,False,False
2,1500,8,3,lognormal + inverse_gaussian + gamma,-1.0755658530805634,False,False
2,1500,9,3,inverse_gaussian + lognormal + lognormal,-1.0755697630329988,False,False
2,1500,10,3,lognormal + gamma + lognormal,-1.0757189364170012,False,False
3,500,1,2,nb2 + nb2,-2.6606865392404186,False,True
3,500,2,3,poisson + nb2 + nb2,-2.6743049591090076,False,False
3,500,3,3,nb2 + nb2 + poisson,-2.676536545747138,False,False
3,500,4,2,zip + nb2,-2.6774711179026354,False,False
3,500,5,2,nb2 + zip,-2.677482927398847,False,False
3,500,6,3,nb2 + poisson + zip,-2.678035363621654,False,False
3,500,7,3,poisson + zip + nb2,-2.6787293037690785,False,False
3,500,8,2,poisson + zip,-2.6807094599768653,False,False
3,500,9,2,zip + zip,-2.6807431514677003,False,False
3,500,10,3,poisson + poisson + zip,-2.6824569994913885,False,False
3,1000,1,2,nb2 + nb2,-2.706892684448303,False,True
3,1000,2,3,poisson + nb2 + zip,-2.7121312488064047,False,False
3,1000,3,2,nb2 + zip,-2.7124508814267285,False,False
3,1000,4,3,poisson + nb2 + nb2,-2.712848206010741,False,False
3,1000,5,3,nb2 + zip + nb2,-2.7138230920138033,False,False
3,1000,6,2,zip + nb2,-2.714482941905841,False,False
3,1000,7,3,poisson + zip + nb2,-2.716849704718248,False,False
3,1000,8,3,poisson + poisson + nb2,-2.7180770150836024,False,False
3,1000,9,3,nb2 + poisson + poisson,-2.718712615335193,False,False
3,1000,10,2,zip + zip,-2.7199793560387215,False,False
3,1500,1,3,nb2 + poisson + nb2,-2.7206058560824533,False,False
3,1500,2,3,nb2 + nb2 + poisson,-2.7207238495401063,False,False
3,1500,3,3,poisson + nb2 + nb2,-2.7208151046251268,False,False
3,1500,4,2,nb2 + nb2,-2.722494174495466,False,True
3,1500,5,3,zip + nb2 + poisson,-2.7316278959589955,False,False
3,1500,6,3,poisson + zip + nb2,-2.734647002108042,False,False
3,1500,7,3,zip + poisson + poisson,-2.7354287741682017,False,False
3,1500,8,3,poisson + zip + poisson,-2.7364825174370755,False,False
3,1500,9,3,nb2 + poisson + zip,-2.7365361067908287,False,False
3,1500,10,3,zip + poisson + nb2,-2.7371112622757026,False,False
4,500,1,3,poisson + zip + poisson,-2.430522597093641,False,False
4,500,2,2,zip + poisson,-2.4311794516138563,True,True
4,500,3,2,nb2 + zip,-2.4311926950474563,False,False
4,500,4,2,zip + nb2,-2.4321592737519087,False,False
4,500,5,2,zip + zip,-2.432212976752483,False,True
4,500,6,3,poisson + poisson + zip,-2.432628250275797,False,False
4,500,7,2,poisson + zip,-2.432949537210672,True,True
4,500,8,3,zip + poisson + poisson,-2.4350169368024397,False,False
4,500,9,3,poisson + nb2 + poisson,-2.436320299762656,False,False
4,500,10,3,nb2 + poisson + poisson,-2.4417394145572984,False,False
4,1000,1,3,zip + poisson + poisson,-2.421142594306581,False,False
4,1000,2,3,poisson + poisson + nb2,-2.4215568798745,False,False
4,1000,3,2,nb2 + zip,-2.421732355370033,False,False
4,1000,4,3,poisson + zip + poisson,-2.421929295609309,False,False
4,1000,5,2,zip + nb2,-2.4221229207572677,False,False
4,1000,6,2,zip + zip,-2.422652890596484,False,True
4,1000,7,2,zip + poisson,-2.4226541166026307,True,True
4,1000,8,3,poisson + poisson + zip,-2.422743874702679,False,False
4,1000,9,3,zip + poisson + nb2,-2.423677792610735,False,False
4,1000,10,2,poisson + zip,-2.4238052460735378,True,True
4,1500,1,2,zip + poisson,-2.433120141334539,True,True
4,1500,2,2,poisson + zip,-2.433667930511662,True,True
4,1500,3,2,zip + zip,-2.433700267735615,False,True
4,1500,4,2,nb2 + zip,-2.4338798942024598,False,False
4,1500,5,2,zip + nb2,-2.4340546079791268,False,False
4,1500,6,3,nb2 + poisson + nb2,-2.4348684477570686,False,False
4,1500,7,3,poisson + poisson + poisson,-2.4363696808829847,False,False
4,1500,8,3,zip + poisson + poisson,-2.436850010909457,False,False
4,1500,9,3,poisson + zip + poisson,-2.4379096773227564,False,False
4,1500,10,3,poisson + nb2 + poisson,-2.438343104092893,False,False
1,500,1,2,student_t + student_t,-1.865673624615006,False,True
1,500,2,2,student_t + gaussian,-1.866166834274924,True,True
1,500,3,2,student_t + skew_normal,-1.8661672562798608,False,False
1,500,4,3,student_t + student_t + gaussian,-1.8764268435441125,False,False
1,500,5,3,student_t + skew_normal + gaussian,-1.8765743624380675,False,False
1,500,6,3,student_t + gaussian + skew_normal,-1.8765756799311555,False,False
1,500,7,3,student_t + gaussian + gaussian,-1.8765757910577336,False,False
1,500,8,3,student_t + gaussian + student_t,-1.8791031235216926,False,False
1,500,9,3,gaussian + gaussian + student_t,-1.882066790255959,False,False
1,500,10,2,skew_normal + student_t,-1.8832848902845494,False,False
1,1000,1,2,student_t + skew_normal,-1.8593555358760492,False,False
1,1000,2,2,student_t + gaussian,-1.8593568274999857,True,True
1,1000,3,3,student_t + gaussian + student_t,-1.8725488619942297,False,False
1,1000,4,3,skew_normal + gaussian + student_t,-1.8726973676117884,False,False
1,1000,5,3,gaussian + gaussian + student_t,-1.8727016485974521,False,False
1,1000,6,3,gaussian + skew_normal + student_t,-1.8727032517192024,False,False
1,1000,7,3,gaussian + student_t + student_t,-1.8730667987967395,False,False
1,1000,8,3,student_t + student_t + gaussian,-1.8735588689183265,False,False
1,1000,9,3,student_t + student_t + skew_normal,-1.8735780412103225,False,False
1,1000,10,3,skew_normal + student_t + gaussian,-1.8736010370375764,False,False
1,1500,1,3,student_t + student_t + skew_normal,-1.8458033554006432,False,False
1,1500,2,3,student_t + student_t + gaussian,-1.8458038290177976,False,False
1,1500,3,3,student_t + skew_normal + skew_normal,-1.8460057391486564,False,False
1,1500,4,3,student_t + gaussian + skew_normal,-1.84601073751568,False,False
1,1500,5,3,student_t + skew_normal + gaussian,-1.8460114418347968,False,False
1,1500,6,3,student_t + gaussian + gaussian,-1.8460116358715253,False,False
1,1500,7,3,student_t + student_t + student_t,-1.8460565543979297,False,False
1,1500,8,3,student_t + gaussian + student_t,-1.846292613001499,False,False
1,1500,9,3,student_t + skew_normal + student_t,-1.846301305808072,False,False
1,1500,10,2,student_t + student_t,-1.8480356152947037,False,True
2,500,1,2,lognormal + gamma,-1.169662549035487,True,True
2,500,2,2,gamma + lognormal,-1.169662549035487,True,True
2,500,3,2,lognormal + lognormal,-1.1705933636611885,False,False
2,500,4,3,lognormal + gamma + lognormal,-1.1721211486562588,False,False
2,500,5,2,inverse_gaussian + lognormal,-1.1730445469173352,False,False
2,500,6,3,lognormal + lognormal + lognormal,-1.1736661658887424,False,False
2,500,7,3,inverse_gaussian + gamma + lognormal,-1.1758104291955878,False,False
2,500,8,3,gamma + inverse_gaussian + lognormal,-1.1758104291955878,False,False
2,500,9,3,lognormal + lognormal + inverse_gaussian,-1.1779503060901484,False,False
2,500,10,3,gamma + lognormal + gamma,-1.1815238988667298,False,False
2,1000,1,3,gamma + inverse_gaussian + lognormal,-1.1241754595633293,False,False
2,1000,2,3,inverse_gaussian + gamma + lognormal,-1.1241999471293516,False,False
2,1000,3,3,lognormal + gamma + lognormal,-1.1249260657722775,False,False
2,1000,4,2,lognormal + gamma,-1.1251493066165514,True,True
2,1000,5,2,gamma + lognormal,-1.1251493066165514,True,True
2,1000,6,2,lognormal + lognormal,-1.1257142052600202,False,False
2,1000,7,3,lognormal + gamma + gamma,-1.1303759129033666,False,False
2,1000,8,3,gamma + lognormal + gamma,-1.1303759129033666,False,False
2,1000,9,3,gamma + gamma + lognormal,-1.1303759147177876,False,False
2,1000,10,3,gamma + lognormal + lognormal,-1.1306723412164332,False,False
2,1500,1,2,gamma + lognormal,-1.0776171205349392,True,True
2,1500,2,2,lognormal + lognormal,-1.0794681682563807,False,False
2,1500,3,3,lognormal + gamma + lognormal,-1.079656421188045,False,False
2,1500,4,3,gamma + lognormal + lognormal,-1.079656438252351,False,False
2,1500,5,3,gamma + lognormal + gamma,-1.0806433700094966,False,False
2,1500,6,3,lognormal + lognormal + lognormal,-1.0809967342614035,False,False
2,1500,7,3,gamma + lognormal + inverse_gaussian,-1.081930647554895,False,False
2,1500,8,3,lognormal + gamma + inverse_gaussian,-1.081930647554895,False,False
2,1500,9,3,lognormal + lognormal + inverse_gaussian,-1.088532019667137,False,False
2,1500,10,3,inverse_gaussian + lognormal + lognormal,-1.0885320200867736,False,False
3,500,1,2,nb2 + nb2,-2.721394914772929,False,True
3,500,2,2,zip + zip,-2.7563330069621714,False,False
3,500,3,2,nb2 + zip,-2.756576263887856,False,False
3,500,4,2,poisson + zip,-2.7567512699249437,False,False
3,500,5,2,zip + nb2,-2.7568094520786284,False,False
3,500,6,2,zip + poisson,-2.7570494588011756,False,False
3,500,7,3,nb2 + zip + poisson,-2.7607897715006042,False,False
3,500,8,3,zip + poisson + nb2,-2.763545272896618,False,False
3,500,9,3,zip + nb2 + poisson,-2.7635540532177476,False,False
3,500,10,3,zip + nb2 + nb2,-2.7653185471405823,False,False
3,1000,1,2,nb2 + nb2,-2.7046522562368174,False,True
3,1000,2,3,nb2 + zip + poisson,-2.7144177978458863,False,False
3,1000,3,3,poisson + zip + nb2,-2.715150432513862,False,False
3,1000,4,3,zip + nb2 + poisson,-2.715235747825186,False,False
3,1000,5,3,zip + poisson + poisson,-2.7153278497370414,False,False
3,1000,6,3,poisson + nb2 + zip,-2.716136255420159,False,False
3,1000,7,3,nb2 + poisson + zip,-2.7170098947283057,False,False
3,1000,8,3,zip + poisson + nb2,-2.717837662773526,False,False
3,1000,9,3,poisson + zip + poisson,-2.7193124624870646,False,False
3,1000,10,2,zip + poisson,-2.7218671409079986,False,False
3,1500,1,3,poisson + nb2 + zip,-2.7108262797447873,False,False
3,1500,2,3,nb2 + nb2 + zip,-2.7110026461413073,False,False
3,1500,3,2,nb2 + nb2,-2.711600344957814,False,True
3,1500,4,2,nb2 + zip,-2.7116372707547525,False,False
3,1500,5,3,nb2 + nb2 + poisson,-2.711784696108598,False,False
3,1500,6,3,nb2 + zip + nb2,-2.7118425431775814,False,False
3,1500,7,2,zip + nb2,-2.712002634859688,False,False
3,1500,8,3,poisson + nb2 + nb2,-2.712164167262913,False,False
3,1500,9,3,nb2 + poisson + nb2,-2.7143571843460723,False,False
3,1500,10,3,nb2 + poisson + zip,-2.7148063409924235,False,False
4,500,1,2,zip + nb2,-2.404152082263231,False,False
4,500,2,2,nb2 + zip,-2.4058434621549303,False,False
4,500,3,3,poisson + nb2 + poisson,-2.406319185377788,False,False
4,500,4,2,poisson + zip,-2.406956477283636,True,True
4,500,5,2,zip + poisson,-2.407596777398918,True,True
4,500,6,2,zip + zip,-2.4076253040876203,False,True
4,500,7,3,poisson + nb2 + nb2,-2.4110215009711204,False,False
4,500,8,3,poisson + zip + poisson,-2.4111873548840257,False,False
4,500,9,3,nb2 + poisson + poisson,-2.4120723776361466,False,False
4,500,10,3,poisson + poisson + zip,-2.412564113281848,False,False
4,1000,1,2,poisson + zip,-2.433025261880749,True,True
4,1000,2,2,zip + poisson,-2.433235933019264,True,True
4,1000,3,2,zip + zip,-2.4332946398341457,False,True
4,1000,4,2,zip + nb2,-2.434013310277046,False,False
4,1000,5,2,nb2 + zip,-2.4342210474975525,False,False
4,1000,6,3,zip + poisson + nb2,-2.4364555781147845,False,False
4,1000,7,3,nb2 + poisson + nb2,-2.438445033078744,False,False
4,1000,8,3,zip + nb2 + nb2,-2.4385015669542547,False,False
4,1000,9,3,poisson + zip + nb2,-2.4386885342393696,False,False
4,1000,10,3,zip + nb2 + poisson,-2.439658832055574,False,False
4,1500,1,3,nb2 + poisson + poisson,-2.43804189649793,False,False
4,1500,2,2,zip + zip,-2.4386328146448935,False,True
4,1500,3,2,zip + nb2,-2.4388419357861,False,False
4,1500,4,3,poisson + nb2 + nb2,-2.4389367977203418,False,False
4,1500,5,3,poisson + zip + poisson,-2.439023556078016,False,False
4,1500,6,3,nb2 + nb2 + poisson,-2.439070568412711,False,False
4,1500,7,2,poisson + zip,-2.4390990787760853,True,True
4,1500,8,2,zip + poisson,-2.4391375312234644,True,True
4,1500,9,2,nb2 + zip,-2.439149468496622,False,False
4,1500,10,3,nb2 + poisson + nb2,-2.4403691291585563,False,False
1,500,1,2,student_t + student_t,-1.9286461256108482,False,True
1,500,2,2,student_t + skew_normal,-1.928687569693233,False,False
1,500,3,2,student_t + gaussian,-1.928687737817536,True,True
1,500,4,3,student_t + gaussian + gaussian,-1.9526843035205248,False,False
1,500,5,3,gaussian + student_t + gaussian,-1.9557249335514761,False,False
1,500,6,3,gaussian + student_t + skew_normal,-1.9557250527652648,False,False
1,500,7,3,student_t + student_t + gaussian,-1.9558912196925557,False,False
1,500,8,3,gaussian + student_t + student_t,-1.9559575752218665,False,False
1,500,9,2,skew_normal + student_t,-1.9630284585551794,False,False
1,500,10,2,gaussian + student_t,-1.963958076209058,True,True
1,1000,1,3,student_t + gaussian + student_t,-1.8442136684316015,False,False
1,1000,2,2,student_t + gaussian,-1.845816980957287,True,True
1,1000,3,2,student_t + skew_normal,-1.8458276601865373,False,False
1,1000,4,3,student_t + student_t + gaussian,-1.8458976942912835,False,False
1,1000,5,3,student_t + skew_normal + gaussian,-1.846004875601002,False,False
1,1000,6,3,student_t + gaussian + gaussian,-1.8460075009141999,False,False
1,1000,7,3,student_t + gaussian + skew_normal,-1.8460086365035742,False,False
1,1000,8,2,student_t + student_t,-1.8467991233503722,False,True
1,1000,9,2,gaussian + student_t,-1.854789412512221,True,True
1,1000,10,2,skew_normal + student_t,-1.8547894439975294,False,False
1,1500,1,3,student_t + gaussian + skew_normal,-1.8742892347286122,False,False
1,1500,2,3,student_t + gaussian + gaussian,-1.8742895494153637,False,False
1,1500,3,3,student_t + skew_normal + gaussian,-1.8742897508383087,False,False
1,1500,4,3,student_t + student_t + gaussian,-1.8744565283119572,False,False
1,1500,5,2,student_t + gaussian,-1.8748055644159627,True,True
1,1500,6,2,student_t + skew_normal,-1.8748069875651623,False,False
1,1500,7,2,student_t + student_t,-1.8748717072931949,False,True
1,1500,8,3,student_t + gaussian + student_t,-1.8761452874205162,False,False
1,1500,9,2,skew_normal + student_t,-1.89078625998671,False,False
1,1500,10,2,gaussian + student_t,-1.8907863547321992,True,True
2,500,1,2,lognormal + lognormal,-1.1062892150465604,False,False
2,500,2,2,lognormal + gamma,-1.1069414318818627,True,True
2,500,3,2,gamma + lognormal,-1.1069414318818627,True,True
2,500,4,3,lognormal + lognormal + lognormal,-1.1076452803870311,False,False
2,500,5,3,gamma + lognormal + lognormal,-1.108413703465453,False,False
2,500,6,3,lognormal + gamma + lognormal,-1.1084137089797954,False,False
2,500,7,3,lognormal + lognormal + gamma,-1.1084137093185018,False,False
2,500,8,3,gamma + lognormal + inverse_gaussian,-1.1094797688184994,False,False
2,500,9,3,lognormal + gamma + inverse_gaussian,-1.1095279979404236,False,False
2,500,10,3,gamma + inverse_gaussian + lognormal,-1.1095280356825474,False,False
2,1000,1,2,gamma + lognormal,-1.0400329874717487,True,True
2,1000,2,2,lognormal + lognormal,-1.040696690564003,False,False
2,1000,3,3,lognormal + inverse_gaussian + gamma,-1.0429829549838323,False,False
2,1000,4,3,lognormal + inverse_gaussian + lognormal,-1.043438690523424,False,False
2,1000,5,3,lognormal + lognormal + inverse_gaussian,-1.043438690526839,False,False
2,1000,6,3,inverse_gaussian + lognormal + gamma,-1.0451625776197249,False,False
2,1000,7,3,gamma + lognormal + inverse_gaussian,-1.0451625783517715,False,False
2,1000,8,3,lognormal + gamma + inverse_gaussian,-1.0451625783517715,False,False
2,1000,9,3,gamma + lognormal + lognormal,-1.046760057819164,False,False
2,1000,10,3,lognormal + lognormal + gamma,-1.0467600596526403,False,False
2,1500,1,2,lognormal + gamma,-1.1346996407505745,True,True
2,1500,2,2,gamma + lognormal,-1.1346996407505745,True,True
2,1500,3,3,lognormal + gamma + gamma,-1.1348847824663493,False,False
2,1500,4,3,lognormal + gamma + lognormal,-1.1354739541296013,False,False
2,1500,5,2,lognormal + lognormal,-1.1360101679782812,False,False
2,1500,6,3,gamma + gamma + inverse_gaussian,-1.1379800629076375,False,False
2,1500,7,3,gamma + inverse_gaussian + gamma,-1.1379801172240644,False,False
2,1500,8,3,gamma + lognormal + gamma,-1.1387647073008218,False,False
2,1500,9,3,lognormal + gamma + inverse_gaussian,-1.1392485145237092,False,False
2,1500,10,3,gamma + lognormal + inverse_gaussian,-1.1406033160761877,False,False
3,500,1,2,nb2 + nb2,-2.7007162331126646,False,True
3,500,2,3,zip + nb2 + poisson,-2.710799538317143,False,False
3,500,3,3,zip + poisson + nb2,-2.7116979746015812,False,False
3,500,4,3,poisson + zip + poisson,-2.7130164577054394,False,False
3,500,5,2,nb2 + zip,-2.7149407510919903,False,False
3,500,6,3,nb2 + poisson + zip,-2.715192332025991,False,False
3,500,7,3,poisson + nb2 + zip,-2.7160238395622383,False,False
3,500,8,2,zip + poisson,-2.7160336396315787,False,False
3,500,9,2,poisson + zip,-2.71627241327081,False,False
3,500,10,2,zip + nb2,-2.7168597715201974,False,False
3,1000,1,2,nb2 + nb2,-2.6867201359344626,False,True
3,1000,2,3,nb2 + poisson + zip,-2.689851121078172,False,False
3,1000,3,3,poisson + zip + zip,-2.6899232248040517,False,False
3,1000,4,3,zip + nb2 + poisson,-2.6907651325744655,False,False
3,1000,5,3,poisson + nb2 + nb2,-2.69078005266627,False,False
3,1000,6,3,zip + zip + nb2,-2.6916112766905735,False,False
3,1000,7,3,poisson + nb2 + zip,-2.6922616927434184,False,False
3,1000,8,3,nb2 + zip + poisson,-2.6928165631571965,False,False
3,1000,9,2,zip + nb2,-2.694150513122567,False,False
3,1000,10,3,poisson + poisson + zip,-2.69420631756303,False,False
3,1500,1,2,nb2 + nb2,-2.712566893886371,False,True
3,1500,2,3,nb2 + nb2 + poisson,-2.7146336945848373,False,False
3,1500,3,3,nb2 + poisson + nb2,-2.7179298801574494,False,False
3,1500,4,3,poisson + nb2 + nb2,-2.7180958183550743,False,False
3,1500,5,3,nb2 + poisson + zip,-2.7213541051670895,False,False
3,1500,6,3,poisson + zip + nb2,-2.7213646404672116,False,False
3,1500,7,2,zip + zip,-2.7216120231861267,False,False
3,1500,8,2,poisson + zip,-2.721780900485672,False,False
3,1500,9,2,zip + poisson,-2.7219961359104263,False,False
3,1500,10,2,nb2 + zip,-2.7224551194536053,False,False
4,500,1,2,poisson + zip,-2.469961524698233,True,True
4,500,2,2,zip + zip,-2.4707417831098257,False,True
4,500,3,2,nb2 + zip,-2.472103809741978,False,False
4,500,4,2,zip + nb2,-2.472406808497053,False,False
4,500,5,3,nb2 + poisson + poisson,-2.473156285967423,False,False
4,500,6,3,zip + nb2 + poisson,-2.474285252224311,False,False
4,500,7,3,zip + poisson + zip,-2.476789379549125,False,False
4,500,8,3,zip + zip + poisson,-2.476906819143378,False,False
4,500,9,3,zip + poisson + nb2,-2.4781887603975274,False,False
4,500,10,3,poisson + zip + nb2,-2.4824959396954065,False,False
4,1000,1,2,zip + nb2,-2.4842316665049013,False,False
4,1000,2,2,zip + zip,-2.4844499279649286,False,True
4,1000,3,3,poisson + nb2 + zip,-2.484796302924743,False,False
4,1000,4,2,nb2 + zip,-2.484854293915033,False,False
4,1000,5,3,poisson + zip + poisson,-2.4856116101499057,False,False
4,1000,6,3,poisson + poisson + zip,-2.485641430266135,False,False
4,1000,7,3,zip + poisson + poisson,-2.4857427791189686,False,False
4,1000,8,2,poisson + zip,-2.4861713915799295,True,True
4,1000,9,2,zip + poisson,-2.4864443606419093,True,True
4,1000,10,3,nb2 + poisson + nb2,-2.4873120225719756,False,False
4,1500,1,2,zip + nb2,-2.420887619869327,False,False
4,1500,2,2,nb2 + zip,-2.421160182749915,False,False
4,1500,3,2,zip + zip,-2.4223427374549673,False,True
4,1500,4,2,zip + poisson,-2.422808464839979,True,True
4,1500,5,2,poisson + zip,-2.4228517100439846,True,True
4,1500,6,3,zip + poisson + poisson,-2.4236236932062813,False,False
4,1500,7,3,poisson + poisson + nb2,-2.42613977022137,False,False
4,1500,8,3,poisson + nb2 + poisson,-2.4261944518880108,False,False
4,1500,9,3,zip + nb2 + poisson,-2.4266418573576547,False,False
4,1500,10,3,nb2 + poisson + zip,-2.4268141092559943,False,False
1,500,1,3,student_t + gaussian + student_t,-1.862102054209667,False,False
1,500,2,2,student_t + gaussian,-1.8626896807576108,True,True
1,500,3,2,student_t + skew_normal,-1.862692315139826,False,False
1,500,4,2,student_t + student_t,-1.8634398974073687,False,True
1,500,5,3,student_t + student_t + gaussian,-1.8699047324444327,False,False
1,500,6,3,student_t + student_t + skew_normal,-1.8699061696419255,False,False
1,500,7,3,student_t + gaussian + gaussian,-1.8702841985118572,False,False
1,500,8,3,student_t + skew_normal + gaussian,-1.870284272616178,False,False
1,500,9,3,student_t + gaussian + skew_normal,-1.870288147293678,False,False
1,500,10,3,student_t + skew_normal + skew_normal,-1.8702882623969377,False,False
1,1000,1,2,student_t + gaussian,-1.8196984284995765,True,True
1,1000,2,2,student_t + skew_normal,-1.8197282634274685,False,False
1,1000,3,2,student_t + student_t,-1.8197740640317848,False,True
1,1000,4,3,gaussian + gaussian + skew_normal,-1.824419383142018,False,False
1,1000,5,3,gaussian + skew_normal + gaussian,-1.824431377867491,False,False
1,1000,6,3,gaussian + gaussian + gaussian,-1.8244314755648474,False,False
1,1000,7,3,skew_normal + gaussian + gaussian,-1.8244321863432773,False,False
1,1000,8,2,skew_normal + student_t,-1.829517386917261,False,False
1,1000,9,2,gaussian + student_t,-1.8295246762561301,True,True
1,1000,10,3,student_t + gaussian + student_t,-1.8299703278498922,False,False
1,1500,1,2,student_t + skew_normal,-1.8424898250629593,False,False
1,1500,2,2,student_t + gaussian,-1.8424899050532053,True,True
1,1500,3,2,student_t + student_t,-1.8425403748540903,False,True
1,1500,4,3,student_t + skew_normal + student_t,-1.8450277004192357,False,False
1,1500,5,3,student_t + gaussian + student_t,-1.8450279455710212,False,False
1,1500,6,3,student_t + gaussian + gaussian,-1.8453048106193504,False,False
1,1500,7,3,student_t + skew_normal + gaussian,-1.8453049031216222,False,False
1,1500,8,3,student_t + gaussian + skew_normal,-1.8453053289286458,False,False
1,1500,9,3,student_t + skew_normal + skew_normal,-1.8453054189534528,False,False
1,1500,10,3,student_t + student_t + gaussian,-1.8454028540683505,False,False
2,500,1,2,lognormal + gamma,-1.1499763719214506,True,True
2,500,2,2,gamma + lognormal,-1.1499763719214506,True,True
2,500,3,2,lognormal + lognormal,-1.1510353922654228,False,False
2,500,4,2,inverse_gaussian + lognormal,-1.1557880338590854,False,False
2,500,5,2,lognormal + inverse_gaussian,-1.1557880338590854,False,False
2,500,6,3,lognormal + lognormal + gamma,-1.168378372058527,False,False
2,500,7,3,lognormal + gamma + lognormal,-1.1686521706574948,False,False
2,500,8,3,lognormal + lognormal + lognormal,-1.1699765761387093,False,False
2,500,9,2,inverse_gaussian + gamma,-1.177684057273676,False,False
2,500,10,3,lognormal + gamma + gamma,-1.1779226859815783,False,False
2,1000,1,2,lognormal + lognormal,-1.1953408267011965,False,False
2,1000,2,2,gamma + lognormal,-1.1954850487773776,True,True
2,1000,3,3,lognormal + lognormal + inverse_gaussian,-1.202161937410311,False,False
2,1000,4,3,inverse_gaussian + lognormal + lognormal,-1.2021619379046795,False,False
2,1000,5,3,gamma + inverse_gaussian + lognormal,-1.2027134317961823,False,False
2,1000,6,3,inverse_gaussian + gamma + lognormal,-1.2027580544617338,False,False
2,1000,7,3,lognormal + gamma + gamma,-1.2043039587077424,False,False
2,1000,8,3,gamma + gamma + lognormal,-1.2043039801318332,False,False
2,1000,9,2,lognormal + inverse_gaussian,-1.2047047111346305,False,False
2,1000,10,3,gamma + lognormal + gamma,-1.2088886895929867,False,False
2,1500,1,2,lognormal + gamma,-1.0563537364653803,True,True
2,1500,2,2,gamma + lognormal,-1.0563537364653803,True,True
2,1500,3,3,lognormal + gamma + lognormal,-1.0566132675395998,False,False
2,1500,4,3,gamma + lognormal + lognormal,-1.0566535954121428,False,False
2,1500,5,3,lognormal + lognormal + gamma,-1.0566536223582095,False,False
2,1500,6,2,lognormal + lognormal,-1.0573526388653958,False,False
2,1500,7,3,lognormal + lognormal + lognormal,-1.0580086050342734,False,False
2,1500,8,3,gamma + lognormal + inverse_gaussian,-1.05850600643335,False,False
2,1500,9,3,gamma + lognormal + gamma,-1.0590555594822113,False,False
2,1500,10,3,gamma + gamma + gamma,-1.0596661478258298,False,False
3,500,1,2,nb2 + nb2,-2.7506619976903686,False,True
3,500,2,2,nb2 + zip,-2.758428171579148,False,False
3,500,3,3,zip + nb2 + nb2,-2.7848654667925374,False,False
3,500,4,3,poisson + poisson + zip,-2.7857131713917114,False,False
3,500,5,3,nb2 + zip + poisson,-2.7859225692573766,False,False
3,500,6,3,nb2 + poisson + zip,-2.7872103021004206,False,False
3,500,7,3,poisson + nb2 + zip,-2.7877789036468514,False,False
3,500,8,2,zip + nb2,-2.788343237725631,False,False
3,500,9,3,zip + nb2 + poisson,-2.78989216260831,False,False
3,500,10,3,nb2 + nb2 + zip,-2.790247093324396,False,False
3,1000,1,2,nb2 + nb2,-2.691131945679074,False,True
3,1000,2,3,nb2 + poisson + nb2,-2.6926274536082873,False,False
3,1000,3,3,poisson + nb2 + nb2,-2.6938597560355464,False,False
3,1000,4,3,nb2 + nb2 + poisson,-2.6942102480937766,False,False
3,1000,5,3,zip + poisson + poisson,-2.711440352589895,False,False
3,1000,6,3,nb2 + zip + poisson,-2.7127002865639698,False,False
3,1000,7,3,zip + poisson + nb2,-2.7157628404230696,False,False
3,1000,8,2,nb2 + zip,-2.7174381215636316,False,False
3,1000,9,2,zip + poisson,-2.718856512760526,False,False
3,1000,10,2,poisson + zip,-2.7201406017093714,False,False
3,1500,1,2,nb2 + nb2,-2.694082791889178,False,True
3,1500,2,3,nb2 + nb2 + nb2,-2.694761217202372,False,False
3,1500,3,3,nb2 + nb2 + zip,-2.6952132934425257,False,False
3,1500,4,3,nb2 + poisson + nb2,-2.6955565226956852,False,False
3,1500,5,3,poisson + nb2 + nb2,-2.6957756325997835,False,False
3,1500,6,3,nb2 + nb2 + poisson,-2.6968406573653803,False,False
3,1500,7,3,zip + nb2 + nb2,-2.69837848088805,False,False
3,1500,8,3,nb2 + zip + nb2,-2.700399252328106,False,False
3,1500,9,3,zip + poisson + nb2,-2.7088273552059183,False,False
3,1500,10,2,zip + nb2,-2.7162663497583575,False,False
4,500,1,3,poisson + zip + nb2,-2.473427789998346,False,False
4,500,2,3,zip + poisson + nb2,-2.474207389621284,False,False
4,500,3,2,zip + nb2,-2.474980395757825,False,False
4,500,4,3,zip + poisson + poisson,-2.4758006992660824,False,False
4,500,5,3,poisson + poisson + zip,-2.4768076481080885,False,False
4,500,6,2,poisson + zip,-2.476856767465952,True,True
4,500,7,2,zip + zip,-2.4771908932991966,False,True
4,500,8,2,zip + poisson,-2.4775225853601546,True,True
4,500,9,2,nb2 + zip,-2.4785167603201934,False,False
4,500,10,3,zip + nb2 + poisson,-2.482610012001561,False,False
4,1000,1,2,nb2 + zip,-2.4323327141600894,False,False
4,1000,2,2,poisson + zip,-2.4326024281976744,True,True
4,1000,3,2,zip + zip,-2.432710904467988,False,True
4,1000,4,2,zip + poisson,-2.43303898320994,True,True
4,1000,5,3,nb2 + zip + poisson,-2.43679603174127,False,False
4,1000,6,3,poisson + zip + nb2,-2.438617032687398,False,False
4,1000,7,3,zip + poisson + nb2,-2.4387315857377887,False,False
4,1000,8,3,zip + nb2 + poisson,-2.440370462553199,False,False
4,1000,9,3,poisson + poisson + nb2,-2.440447474378374,False,False
4,1000,10,3,poisson + nb2 + poisson,-2.440899793550777,False,False
4,1500,1,3,nb2 + poisson + poisson,-2.4578816922863744,False,False
4,1500,2,2,zip + nb2,-2.459138518295837,False,False
4,1500,3,2,zip + zip,-2.459520346193173,False,True
4,1500,4,2,nb2 + zip,-2.4599818089495575,False,False
4,1500,5,2,poisson + zip,-2.4600532808693023,True,True
4,1500,6,2,zip + poisson,-2.4607726658687517,True,True
4,1500,7,3,zip + zip + poisson,-2.462081951127817,False,False
4,1500,8,3,zip + zip + nb2,-2.4623187411367193,False,False
4,1500,9,3,nb2 + zip + zip,-2.462343854135379,False,False
4,1500,10,3,poisson + nb2 + nb2,-2.4625119079127025,False,False
1,500,1,2,student_t + student_t,-1.8581170571641674,False,True
1,500,2,2,student_t + gaussian,-1.8589342884823874,True,True
1,500,3,2,student_t + skew_normal,-1.8589402790346694,False,False
1,500,4,3,gaussian + gaussian + student_t,-1.8708757133206428,False,False
1,500,5,3,student_t + student_t + gaussian,-1.8717745811333883,False,False
1,500,6,2,gaussian + student_t,-1.8730791923986136,True,True
1,500,7,2,skew_normal + student_t,-1.873079597699377,False,False
1,500,8,3,student_t + gaussian + skew_normal,-1.8740308978124076,False,False
1,500,9,3,student_t + gaussian + gaussian,-1.8740404431770927,False,False
1,500,10,3,student_t + skew_normal + gaussian,-1.874061576915015,False,False
1,1000,1,2,student_t + student_t,-1.8437446919160203,False,True
1,1000,2,2,student_t + skew_normal,-1.8437909445315146,False,False
1,1000,3,2,student_t + gaussian,-1.8437917997419644,True,True
1,1000,4,3,student_t + student_t + student_t,-1.8464850472202194,False,False
1,1000,5,3,student_t + student_t + gaussian,-1.8465398187951116,False,False
1,1000,6,3,student_t + student_t + skew_normal,-1.8465592767121375,False,False
1,1000,7,3,student_t + skew_normal + student_t,-1.8465723238019935,False,False
1,1000,8,3,student_t + gaussian + student_t,-1.8465730254986825,False,False
1,1000,9,3,student_t + gaussian + skew_normal,-1.8466349369344772,False,False
1,1000,10,3,student_t + gaussian + gaussian,-1.8466354009190022,False,False
1,1500,1,2,student_t + gaussian,-1.8322172828275403,True,True
1,1500,2,2,student_t + skew_normal,-1.8322177059249067,False,False
1,1500,3,2,student_t + student_t,-1.8323179290833131,False,True
1,1500,4,3,student_t + student_t + student_t,-1.8331981041921321,False,False
1,1500,5,3,student_t + skew_normal + student_t,-1.8332213103041435,False,False
1,1500,6,3,student_t + gaussian + student_t,-1.8332224531735684,False,False
1,1500,7,3,student_t + skew_normal + gaussian,-1.8334739884771047,False,False
1,1500,8,3,student_t + gaussian + gaussian,-1.833477258640764,False,False
1,1500,9,3,student_t + gaussian + skew_normal,-1.8334774303548207,False,False
1,1500,10,3,student_t + student_t + skew_normal,-1.8335859626969147,False,False
2,500,1,2,lognormal + gamma,-1.0682911503865866,True,True
2,500,2,2,gamma + lognormal,-1.0682911503865866,True,True
2,500,3,2,lognormal + lognormal,-1.0695523645206395,False,False
2,500,4,2,inverse_gaussian + lognormal,-1.0717408214701103,False,False
2,500,5,2,gamma + inverse_gaussian,-1.0963376781020748,False,False
2,500,6,2,gamma + gamma,-1.0969318385285347,False,False
2,500,7,3,lognormal + gamma + inverse_gaussian,-1.0997413533794842,False,False
2,500,8,2,inverse_gaussian + gamma,-1.1002267648469775,False,False
2,500,9,2,lognormal + inverse_gaussian,-1.1013212437284932,False,False
2,500,10,2,inverse_gaussian + inverse_gaussian,-1.1026801611650872,False,False
2,1000,1,2,lognormal + gamma,-1.126097463655943,True,True
2,1000,2,2,lognormal + lognormal,-1.126537443951697,False,False
2,1000,3,3,gamma + lognormal + lognormal,-1.1277026125371095,False,False
2,1000,4,2,inverse_gaussian + lognormal,-1.129506490838215,False,False
2,1000,5,2,lognormal + inverse_gaussian,-1.1295065067566845,False,False
2,1000,6,3,gamma + gamma + lognormal,-1.1312160112678271,False,False
2,1000,7,3,lognormal + gamma + gamma,-1.1312160268229663,False,False
2,1000,8,3,lognormal + gamma + lognormal,-1.131698592038324,False,False
2,1000,9,3,inverse_gaussian + lognormal + lognormal,-1.13341573814982,False,False
2,1000,10,3,lognormal + lognormal + inverse_gaussian,-1.1334157394009554,False,False
2,1500,1,2,lognormal + gamma,-1.07633678667101,True,True
2,1500,2,2,gamma + lognormal,-1.07633678667101,True,True
2,1500,3,3,lognormal + lognormal + gamma,-1.0770533258311976,False,False
2,1500,4,3,lognormal + gamma + lognormal,-1.0770533287888704,False,False
2,1500,5,2,lognormal + lognormal,-1.0770692228913323,False,False
2,1500,6,3,lognormal + gamma + inverse_gaussian,-1.0773722628436513,False,False
2,1500,7,3,inverse_gaussian + lognormal + lognormal,-1.0783619408794518,False,False
2,1500,8,3,lognormal + lognormal + lognormal,-1.0786988740941361,False,False
2,1500,9,3,gamma + inverse_gaussian + lognormal,-1.0812454301344032,False,False
2,1500,10,3,inverse_gaussian + lognormal + gamma,-1.081245431760701,False,False
3,500,1,2,nb2 + nb2,-2.70131651253206,False,True
3,500,2,3,poisson + nb2 + nb2,-2.7212400315503253,False,False
3,500,3,2,nb2 + zip,-2.7252362809172133,False,False
3,500,4,3,zip + poisson + nb2,-2.72572200344412,False,False
3,500,5,2,zip + nb2,-2.726116651163443,False,False
3,500,6,3,nb2 + poisson + poisson,-2.7272512276943517,False,False
3,500,7,3,poisson + poisson + nb2,-2.72803854753817,False,False
3,500,8,2,zip + poisson,-2.7285030815476494,False,False
3,500,9,3,poisson + poisson + poisson,-2.7292803617585464,False,False
3,500,10,2,zip + zip,-2.738059538051273,False,False
3,1000,1,3,nb2 + poisson + nb2,-2.6922300693192454,False,False
3,1000,2,2,nb2 + nb2,-2.693098516501471,False,True
3,1000,3,3,nb2 + nb2 + poisson,-2.693810557945846,False,False
3,1000,4,3,zip + nb2 + nb2,-2.6950655381373436,False,False
3,1000,5,3,nb2 + zip + poisson,-2.6970338320847596,False,False
3,1000,6,3,poisson + nb2 + zip,-2.697656493207349,False,False
3,1000,7,3,nb2 + poisson + zip,-2.6998373979019314,False,False
3,1000,8,3,zip + zip + nb2,-2.7006324081860273,False,False
3,1000,9,3,poisson + zip + nb2,-2.701327316346594,False,False
3,1000,10,3,zip + zip + zip,-2.7039845535602836,False,False
3,1500,1,3,zip + nb2 + nb2,-2.7210463479290605,False,False
3,1500,2,2,nb2 + nb2,-2.7218776999108902,False,True
3,1500,3,3,nb2 + nb2 + nb2,-2.7220135828217793,False,False
3,1500,4,3,nb2 + zip + nb2,-2.724163502342928,False,False
3,1500,5,3,poisson + nb2 + nb2,-2.7243864301741607,False,False
3,1500,6,3,nb2 + nb2 + zip,-2.7269412996906413,False,False
3,1500,7,3,nb2 + nb2 + poisson,-2.728607956912828,False,False
3,1500,8,3,nb2 + poisson + nb2,-2.730026103597779,False,False
3,1500,9,3,zip + poisson + poisson,-2.7324260717277524,False,False
3,1500,10,3,poisson + poisson + zip,-2.736318839618989,False,False
4,500,1,2,nb2 + zip,-2.445868987826051,False,False
4,500,2,2,poisson + zip,-2.4469449090131437,True,True
4,500,3,2,zip + poisson,-2.4471021437637654,True,True
4,500,4,2,zip + zip,-2.4472656048465273,False,True
4,500,5,3,nb2 + nb2 + poisson,-2.448792353234915,False,False
4,500,6,3,nb2 + poisson + nb2,-2.4488016803299644,False,False
4,500,7,3,poisson + zip + poisson,-2.449334821145751,False,False
4,500,8,3,poisson + nb2 + nb2,-2.449574199290362,False,False
4,500,9,3,poisson + poisson + zip,-2.450415865871755,False,False
4,500,10,2,zip + nb2,-2.4518618816226327,False,False
4,1000,1,2,poisson + zip,-2.411045072777644,True,True
4,1000,2,2,zip + zip,-2.411370949185749,False,True
4,1000,3,2,zip + poisson,-2.4115799139165963,True,True
4,1000,4,2,zip + nb2,-2.411671996388902,False,False
4,1000,5,2,nb2 + zip,-2.4117641159916228,False,False
4,1000,6,3,poisson + poisson + zip,-2.4128848797434377,False,False
4,1000,7,3,poisson + poisson + poisson,-2.415149333094647,False,False
4,1000,8,3,zip + poisson + poisson,-2.4184738591377273,False,False
4,1000,9,3,poisson + zip + nb2,-2.418834250083555,False,False
4,1000,10,3,nb2 + poisson + zip,-2.4189835967106332,False,False
4,1500,1,3,poisson + nb2 + zip,-2.425910787200627,False,False
4,1500,2,3,nb2 + poisson + zip,-2.426897361959159,False,False
4,1500,3,2,nb2 + zip,-2.427033097066462,False,False
4,1500,4,3,poisson + poisson + zip,-2.4274723005173184,False,False
4,1500,5,2,poisson + zip,-2.4276361037099354,True,True
4,1500,6,2,zip + poisson,-2.427846152392333,True,True
4,1500,7,2,zip + zip,-2.427990855448373,False,True
4,1500,8,2,zip + nb2,-2.428211133847914,False,False
4,1500,9,3,poisson + zip + poisson,-2.428604517224339,False,False
4,1500,10,3,zip + poisson + poisson,-2.429100662187405,False,False
1,500,1,2,student_t + student_t,-1.8646742245124635,False,True
1,500,2,2,student_t + skew_normal,-1.8660076591584436,False,False
1,500,3,2,student_t + gaussian,-1.866010169196684,True,True
1,500,4,3,student_t + student_t + gaussian,-1.8773930853945224,False,False
1,500,5,3,student_t + gaussian + skew_normal,-1.877604699626894,False,False
1,500,6,3,student_t + skew_normal + gaussian,-1.8776250747744399,False,False
1,500,7,3,student_t + gaussian + gaussian,-1.8776258898758311,False,False
1,500,8,3,student_t + gaussian + student_t,-1.8823482891951748,False,False
1,500,9,2,gaussian + student_t,-1.8856319072012524,True,True
1,500,10,2,skew_normal + student_t,-1.8856400353958602,False,False
1,1000,1,2,student_t + gaussian,-1.8674302037608828,True,True
1,1000,2,2,student_t + skew_normal,-1.8674440510903836,False,False
1,1000,3,2,student_t + student_t,-1.8679870589636576,False,True
1,1000,4,3,student_t + skew_normal + gaussian,-1.8693812541142565,False,False
1,1000,5,3,student_t + gaussian + gaussian,-1.8693821601817773,False,False
1,1000,6,3,student_t + gaussian + skew_normal,-1.8693824140942852,False,False
1,1000,7,3,student_t + gaussian + student_t,-1.8730572832774537,False,False
1,1000,8,3,gaussian + student_t + gaussian,-1.8788171132003701,False,False
1,1000,9,3,gaussian + gaussian + student_t,-1.8796116124248816,False,False
1,1000,10,2,gaussian + student_t,-1.879859472096226,True,True
1,1500,1,2,student_t + student_t,-1.8590940599829147,False,True
1,1500,2,2,student_t + gaussian,-1.8592168288650828,True,True
1,1500,3,2,student_t + skew_normal,-1.859217140707457,False,False
1,1500,4,3,student_t + skew_normal + gaussian,-1.864231409617087,False,False
1,1500,5,3,student_t + gaussian + gaussian,-1.8642322291205593,False,False
1,1500,6,3,student_t + skew_normal + skew_normal,-1.8642372704725116,False,False
1,1500,7,3,student_t + gaussian + skew_normal,-1.8642378509723565,False,False
1,1500,8,3,student_t + student_t + skew_normal,-1.8644379694832989,False,False
1,1500,9,3,student_t + student_t + gaussian,-1.8644415472229188,False,False
1,1500,10,3,student_t + gaussian + student_t,-1.866204294663251,False,False
2,500,1,2,gamma + lognormal,-1.0661129644917675,True,True
2,500,2,2,lognormal + lognormal,-1.0674426614946888,False,False
2,500,3,3,gamma + lognormal + lognormal,-1.079664971085329,False,False
2,500,4,3,gamma + lognormal + inverse_gaussian,-1.080523852233709,False,False
2,500,5,3,lognormal + gamma + inverse_gaussian,-1.080523852233709,False,False
2,500,6,3,lognormal + lognormal + inverse_gaussian,-1.0814601761223874,False,False
2,500,7,3,lognormal + inverse_gaussian + lognormal,-1.0814601772104782,False,False
2,500,8,3,inverse_gaussian + lognormal + lognormal,-1.0814601784237952,False,False
2,500,9,3,inverse_gaussian + lognormal + inverse_gaussian,-1.0843226672255653,False,False
2,500,10,3,lognormal + inverse_gaussian + inverse_gaussian,-1.0843226672255653,False,False
2,1000,1,2,lognormal + gamma,-1.232478788766236,True,True
2,1000,2,2,gamma + lognormal,-1.232478788766236,True,True
2,1000,3,2,lognormal + lognormal,-1.2328834315843686,False,False
2,1000,4,2,inverse_gaussian + lognormal,-1.2409022282843867,False,False
2,1000,5,2,lognormal + inverse_gaussian,-1.2409022282843867,False,False
2,1000,6,3,inverse_gaussian + gamma + gamma,-1.2416952529377285,False,False
2,1000,7,3,lognormal + inverse_gaussian + gamma,-1.2419259447290583,False,False
2,1000,8,3,lognormal + lognormal + lognormal,-1.242444729472366,False,False
2,1000,9,3,lognormal + gamma + gamma,-1.2429199338921135,False,False
2,1000,10,3,gamma + gamma + lognormal,-1.2429199362294332,False,False
2,1500,1,2,lognormal + gamma,-1.0433889930655649,True,True
2,1500,2,2,lognormal + lognormal,-1.0459524293537994,False,False
2,1500,3,3,gamma + gamma + lognormal,-1.0467174722287087,False,False
2,1500,4,3,lognormal + gamma + gamma,-1.0467213593740432,False,False
2,1500,5,3,lognormal + gamma + lognormal,-1.047252982836822,False,False
2,1500,6,3,inverse_gaussian + gamma + lognormal,-1.0486159080437678,False,False
2,1500,7,3,gamma + lognormal + gamma,-1.0487542054047208,False,False
2,1500,8,3,gamma + inverse_gaussian + lognormal,-1.0492832080743248,False,False
2,1500,9,3,lognormal + gamma + inverse_gaussian,-1.0492832116150266,False,False
2,1500,10,3,lognormal + lognormal + lognormal,-1.0499612645139345,False,False
3,500,1,2,nb2 + nb2,-2.6670433461143626,False,True
3,500,2,3,zip + nb2 + poisson,-2.6786453365095166,False,False
3,500,3,3,poisson + zip + zip,-2.6883172787132454,False,False
3,500,4,3,nb2 + zip + zip,-2.689027919493734,False,False
3,500,5,3,nb2 + poisson + poisson,-2.6891598592496972,False,False
3,500,6,3,nb2 + nb2 + poisson,-2.690961913213098,False,False
3,500,7,3,poisson + zip + poisson,-2.691391484137305,False,False
3,500,8,3,nb2 + zip + nb2,-2.6919977821988996,False,False
3,500,9,3,nb2 + nb2 + nb2,-2.692310246987305,False,False
3,500,10,2,zip + poisson,-2.6926763514066114,False,False
3,1000,1,2,nb2 + nb2,-2.718018098979328,False,True
3,1000,2,3,poisson + nb2 + nb2,-2.721819353994298,False,False
3,1000,3,3,nb2 + nb2 + poisson,-2.72194027750202,False,False
3,1000,4,3,nb2 + poisson + nb2,-2.727764060620567,False,False
3,1000,5,2,poisson + zip,-2.7582592695157206,False,False
3,1000,6,2,zip + zip,-2.7583058436835763,False,False
3,1000,7,2,zip + poisson,-2.7587669945553888,False,False
3,1000,8,2,nb2 + zip,-2.7588502119416884,False,False
3,1000,9,2,zip + nb2,-2.7610816817448463,False,False
3,1000,10,3,poisson + poisson + zip,-2.765641062990083,False,False
3,1500,1,2,nb2 + nb2,-2.7072038743501254,False,True
3,1500,2,3,nb2 + zip + nb2,-2.7088788120761325,False,False
3,1500,3,3,zip + nb2 + nb2,-2.709459856063447,False,False
3,1500,4,3,poisson + nb2 + zip,-2.7096427177303184,False,False
3,1500,5,3,nb2 + nb2 + zip,-2.7096596079755426,False,False
3,1500,6,3,zip + poisson + nb2,-2.7096636367726648,False,False
3,1500,7,3,zip + zip + nb2,-2.709865679411537,False,False
3,1500,8,3,zip + nb2 + poisson,-2.710502861274388,False,False
3,1500,9,3,nb2 + zip + zip,-2.7112089320772985,False,False
3,1500,10,3,nb2 + poisson + nb2,-2.711778583014737,False,False
4,500,1,2,zip + nb2,-2.4249738868252075,False,False
4,500,2,2,nb2 + zip,-2.4267156668957197,False,False
4,500,3,2,poisson + zip,-2.4282136334170312,True,True
4,500,4,3,poisson + poisson + nb2,-2.429988716671702,False,False
4,500,5,2,zip + poisson,-2.430354032229873,True,True
4,500,6,2,zip + zip,-2.43055596500403,False,True
4,500,7,3,poisson + poisson + zip,-2.4320824071069738,False,False
4,500,8,3,poisson + nb2 + nb2,-2.4353936932896176,False,False
4,500,9,3,poisson + zip + poisson,-2.435497333765546,False,False
4,500,10,3,nb2 + poisson + nb2,-2.437308800058675,False,False
4,1000,1,2,zip + poisson,-2.441461967417852,True,True
4,1000,2,3,nb2 + nb2 + poisson,-2.4419103747036357,False,False
4,1000,3,2,zip + nb2,-2.4422371570056693,False,False
4,1000,4,2,nb2 + zip,-2.442344525159829,False,False
4,1000,5,3,poisson + poisson + poisson,-2.4427270224537305,False,False
4,1000,6,3,poisson + zip + poisson,-2.443328217868733,False,False
4,1000,7,3,poisson + poisson + zip,-2.4434615845103753,False,False
4,1000,8,2,zip + zip,-2.443538864149469,False,True
4,1000,9,2,poisson + zip,-2.443707599853421,True,True
4,1000,10,3,zip + poisson + nb2,-2.4442349488033863,False,False
4,1500,1,3,nb2 + nb2 + poisson,-2.4471338240514067,False,False
4,1500,2,2,zip + zip,-2.448132609206974,False,True
4,1500,3,2,nb2 + zip,-2.4482397526053714,False,False
4,1500,4,3,poisson + zip + poisson,-2.4482827381510734,False,False
4,1500,5,3,poisson + poisson + zip,-2.4484573153136515,False,False
4,1500,6,2,zip + poisson,-2.448484802128069,True,True
4,1500,7,2,zip + nb2,-2.4486994693504784,False,False
4,1500,8,3,nb2 + poisson + nb2,-2.4488103687311864,False,False
4,1500,9,3,poisson + poisson + poisson,-2.448836491630636,False,False
4,1500,10,2,poisson + zip,-2.448990638151247,True,True
1,500,1,2,student_t + student_t,-1.881966111394218,False,True
1,500,2,2,student_t + skew_normal,-1.8820726283449594,False,False
1,500,3,2,student_t + gaussian,-1.8820826941946116,True,True
1,500,4,3,student_t + student_t + gaussian,-1.8921519413424406,False,False
1,500,5,3,student_t + student_t + skew_normal,-1.8921572185740352,False,False
1,500,6,3,student_t + skew_normal + skew_normal,-1.8925222264456611,False,False
1,500,7,3,student_t + gaussian + skew_normal,-1.8925223950056633,False,False
1,500,8,3,student_t + skew_normal + gaussian,-1.892522964008414,False,False
1,500,9,3,student_t + gaussian + gaussian,-1.8925231504437945,False,False
1,500,10,2,skew_normal + student_t,-1.8927001472569225,False,False
1,1000,1,2,student_t + skew_normal,-1.853056709300053,False,False
1,1000,2,2,student_t + gaussian,-1.853074453318836,True,True
1,1000,3,2,student_t + student_t,-1.8533744608988205,False,True
1,1000,4,3,student_t + gaussian + skew_normal,-1.8546721237687447,False,False
1,1000,5,3,student_t + gaussian + gaussian,-1.8546725679346499,False,False
1,1000,6,3,student_t + skew_normal + skew_normal,-1.854673740750025,False,False
1,1000,7,3,student_t + skew_normal + gaussian,-1.85467418389648,False,False
1,1000,8,3,student_t + student_t + gaussian,-1.8547997773909595,False,False
1,1000,9,3,student_t + student_t + skew_normal,-1.8548080558428457,False,False
1,1000,10,3,student_t + student_t + student_t,-1.8552517567563276,False,False
1,1500,1,3,student_t + gaussian + student_t,-1.8462781389221241,False,False
1,1500,2,3,student_t + skew_normal + student_t,-1.846286723021474,False,False
1,1500,3,3,student_t + skew_normal + gaussian,-1.8463346396965534,False,False
1,1500,4,3,student_t + gaussian + gaussian,-1.8463346949412933,False,False
1,1500,5,3,student_t + skew_normal + skew_normal,-1.8463355445563157,False,False
1,1500,6,3,student_t + gaussian + skew_normal,-1.8463356298902927,False,False
1,1500,7,3,student_t + student_t + gaussian,-1.8467664435221969,False,False
1,1500,8,3,student_t + student_t + skew_normal,-1.8467705529847354,False,False
1,1500,9,3,student_t + student_t + student_t,-1.8468380241977664,False,False
1,1500,10,2,student_t + skew_normal,-1.8470865860751269,False,False
2,500,1,2,lognormal + gamma,-1.139374658626129,True,True
2,500,2,2,gamma + lognormal,-1.139374658626129,True,True
2,500,3,2,lognormal + lognormal,-1.1416247379208453,False,False
2,500,4,2,lognormal + inverse_gaussian,-1.1459194886495148,False,False
2,500,5,3,lognormal + lognormal + inverse_gaussian,-1.1578516535370966,False,False
2,500,6,3,lognormal + inverse_gaussian + lognormal,-1.1578516539339125,False,False
2,500,7,3,inverse_gaussian + lognormal + lognormal,-1.1578516539339125,False,False
2,500,8,3,gamma + gamma + lognormal,-1.1615695344828374,False,False
2,500,9,3,lognormal + gamma + gamma,-1.1615696587545226,False,False
2,500,10,3,lognormal + inverse_gaussian + inverse_gaussian,-1.1621679086818753,False,False
2,1000,1,2,lognormal + gamma,-1.2104022055099461,True,True
2,1000,2,2,gamma + lognormal,-1.2104022055099461,True,True
2,1000,3,3,inverse_gaussian + lognormal + gamma,-1.2105007472501312,False,False
2,1000,4,3,gamma + lognormal + inverse_gaussian,-1.2105884725484672,False,False
2,1000,5,2,lognormal + lognormal,-1.2108947527482612,False,False
2,1000,6,3,lognormal + lognormal + inverse_gaussian,-1.2110917463406117,False,False
2,1000,7,3,lognormal + gamma + lognormal,-1.2147057144880296,False,False
2,1000,8,3,lognormal + gamma + gamma,-1.216928532533918,False,False
2,1000,9,3,gamma + gamma + lognormal,-1.216928566154719,False,False
2,1000,10,3,lognormal + lognormal + gamma,-1.2174944224499356,False,False
2,1500,1,2,lognormal + gamma,-1.2379595686067595,True,True
2,1500,2,2,lognormal + lognormal,-1.239283138234829,False,False
2,1500,3,3,lognormal + lognormal + lognormal,-1.2406075244581547,False,False
2,1500,4,3,gamma + gamma + lognormal,-1.2408191506140105,False,False
2,1500,5,3,lognormal + gamma + gamma,-1.2408191572844107,False,False
2,1500,6,3,lognormal + inverse_gaussian + gamma,-1.242907595421052,False,False
2,1500,7,3,inverse_gaussian + gamma + lognormal,-1.243122123677074,False,False
2,1500,8,3,inverse_gaussian + lognormal + gamma,-1.2431221287133558,False,False
2,1500,9,3,lognormal + gamma + inverse_gaussian,-1.2431221327839794,False,False
2,1500,10,3,lognormal + inverse_gaussian + lognormal,-1.2446472518759197,False,False
3,500,1,2,nb2 + nb2,-2.697455467681896,False,True
3,500,2,3,poisson + nb2 + nb2,-2.7061951736604217,False,False
3,500,3,2,zip + nb2,-2.712440787247484,False,False
3,500,4,3,zip + poisson + poisson,-2.717692709454693,False,False
3,500,5,3,nb2 + nb2 + nb2,-2.7201345524361384,False,False
3,500,6,3,zip + nb2 + nb2,-2.720762473339587,False,False
3,500,7,2,nb2 + poisson,-2.727199562838773,True,True
3,500,8,2,poisson + nb2,-2.72723325562185,True,True
3,500,9,2,poisson + poisson,-2.727471133151269,False,False
3,500,10,3,nb2 + zip + zip,-2.7287600201616944,False,False
3,1000,1,2,nb2 + nb2,-2.6675187863013186,False,True
3,1000,2,3,poisson + nb2 + nb2,-2.676678997491558,False,False
3,1000,3,3,poisson + zip + poisson,-2.67891606227805,False,False
3,1000,4,3,nb2 + nb2 + poisson,-2.679600300698554,False,False
3,1000,5,3,poisson + zip + nb2,-2.680777409360584,False,False
3,1000,6,3,zip + nb2 + poisson,-2.681170196805245,False,False
3,1000,7,3,poisson + nb2 + zip,-2.682453631622717,False,False
3,1000,8,3,poisson + nb2 + poisson,-2.6830115567090536,False,False
3,1000,9,3,nb2 + poisson + poisson,-2.6830992998834033,False,False
3,1000,10,3,poisson + poisson + nb2,-2.6831905274933074,False,False
3,1500,1,3,nb2 + nb2 + poisson,-2.6826586281413576,False,False
3,1500,2,3,nb2 + nb2 + zip,-2.6830354944901464,False,False
3,1500,3,3,poisson + nb2 + nb2,-2.683588708452981,False,False
3,1500,4,3,zip + nb2 + nb2,-2.683896334476145,False,False
3,1500,5,3,nb2 + poisson + nb2,-2.6841974288480643,False,False
3,1500,6,2,nb2 + nb2,-2.6843885934671823,False,True
3,1500,7,3,nb2 + zip + nb2,-2.684785860947969,False,False
3,1500,8,3,nb2 + nb2 + nb2,-2.68594982527088,False,False
3,1500,9,3,zip + poisson + zip,-2.699341515186448,False,False
3,1500,10,3,poisson + zip + zip,-2.7019188914873284,False,False
4,500,1,3,poisson + zip + poisson,-2.4562730610795644,False,False
4,500,2,3,zip + poisson + poisson,-2.45781506648375,False,False
4,500,3,3,nb2 + zip + poisson,-2.459196866556964,False,False
4,500,4,2,zip + nb2,-2.4593108829747305,False,False
4,500,5,2,zip + zip,-2.459929603671309,False,True
4,500,6,3,poisson + poisson + zip,-2.460797076134713,False,False
4,500,7,3,poisson + nb2 + zip,-2.4610792216943054,False,False
4,500,8,2,poisson + zip,-2.4642201042026883,True,True
4,500,9,3,nb2 + poisson + poisson,-2.464753459707427,False,False
4,500,10,3,poisson + zip + nb2,-2.4678663313560736,False,False
4,1000,1,2,zip + poisson,-2.444073185079721,True,True
4,1000,2,2,zip + nb2,-2.444149400682719,False,False
4,1000,3,2,poisson + zip,-2.4446343226072926,True,True
4,1000,4,2,nb2 + zip,-2.444816604455622,False,False
4,1000,5,2,zip + zip,-2.445682529297614,False,True
4,1000,6,3,poisson + nb2 + poisson,-2.4464186894165043,False,False
4,1000,7,3,nb2 + poisson + nb2,-2.4467132707564003,False,False
4,1000,8,3,poisson + nb2 + zip,-2.4475422104130375,False,False
4,1000,9,3,poisson + nb2 + nb2,-2.4481670983372865,False,False
4,1000,10,3,nb2 + poisson + poisson,-2.448418335095233,False,False
4,1500,1,3,nb2 + poisson + poisson,-2.447445094544031,False,False
4,1500,2,3,poisson + poisson + poisson,-2.4482594596066627,False,False
4,1500,3,2,zip + nb2,-2.4484919675859693,False,False
4,1500,4,2,poisson + zip,-2.4485105550838115,True,True
4,1500,5,2,nb2 + zip,-2.448543288700969,False,False
4,1500,6,2,zip + zip,-2.4487563303010647,False,True
4,1500,7,2,zip + poisson,-2.448768656752387,True,True
4,1500,8,3,poisson + poisson + zip,-2.4491307729281604,False,False
4,1500,9,3,poisson + zip + poisson,-2.449340113064044,False,False
4,1500,10,3,zip + poisson + poisson,-2.452667775998959,False,False
1,500,1,2,student_t + gaussian,-1.843799207176659,True,True
1,500,2,2,student_t + skew_normal,-1.8438078454856528,False,False
1,500,3,2,student_t + student_t,-1.8448341431349762,False,True
1,500,4,3,student_t + gaussian + gaussian,-1.8541938543114296,False,False
1,500,5,2,gaussian + student_t,-1.8627059512229336,True,True
1,500,6,2,skew_normal + student_t,-1.8627064052219198,False,False
1,500,7,3,gaussian + skew_normal + skew_normal,-1.8696433740554987,False,False
1,500,8,3,gaussian + skew_normal + gaussian,-1.8696520672834194,False,False
1,500,9,3,skew_normal + gaussian + skew_normal,-1.8696935531934247,False,False
1,500,10,3,gaussian + gaussian + skew_normal,-1.8696940258997565,False,False
1,1000,1,2,student_t + student_t,-1.8479288931745632,False,True
1,1000,2,2,student_t + skew_normal,-1.8480084136985948,False,False
1,1000,3,2,student_t + gaussian,-1.8480330538969139,True,True
1,1000,4,3,gaussian + gaussian + gaussian,-1.8501498854107485,False,False
1,1000,5,3,student_t + skew_normal + skew_normal,-1.8554526430587208,False,False
1,1000,6,3,student_t + skew_normal + gaussian,-1.8554534708635275,False,False
1,1000,7,3,student_t + gaussian + skew_normal,-1.8554562978373346,False,False
1,1000,8,3,student_t + gaussian + gaussian,-1.8554571669448936,False,False
1,1000,9,3,student_t + student_t + skew_normal,-1.8555685441334646,False,False
1,1000,10,3,student_t + student_t + gaussian,-1.8555702005889234,False,False
1,1500,1,2,student_t + student_t,-1.8515848214137867,False,True
1,1500,2,2,student_t + skew_normal,-1.8518148027166748,False,False
1,1500,3,2,student_t + gaussian,-1.8518153756952533,True,True
1,1500,4,3,student_t + gaussian + student_t,-1.8545178712947377,False,False
1,1500,5,3,student_t + skew_normal + student_t,-1.8545185746674622,False,False
1,1500,6,3,student_t + student_t + student_t,-1.85472587738563,False,False
1,1500,7,3,student_t + skew_normal + gaussian,-1.8553629638901534,False,False
1,1500,8,3,student_t + skew_normal + skew_normal,-1.8553643843910481,False,False
1,1500,9,3,student_t + gaussian + gaussian,-1.8553705503007887,False,False
1,1500,10,3,student_t + gaussian + skew_normal,-1.8553719616170554,False,False
2,500,1,2,gamma + lognormal,-1.178142872319936,True,True
2,500,2,2,lognormal + lognormal,-1.1800815295796763,False,False
2,500,3,3,gamma + inverse_gaussian + lognormal,-1.1846945129282467,False,False
2,500,4,3,gamma + lognormal + inverse_gaussian,-1.1846945431812448,False,False
2,500,5,3,lognormal + lognormal + inverse_gaussian,-1.1857180642391354,False,False
2,500,6,3,gamma + gamma + inverse_gaussian,-1.1904455198396566,False,False
2,500,7,3,inverse_gaussian + gamma + gamma,-1.1904455658740971,False,False
2,500,8,3,lognormal + gamma + inverse_gaussian,-1.1921105696771532,False,False
2,500,9,3,inverse_gaussian + gamma + lognormal,-1.1921105700056065,False,False
2,500,10,3,inverse_gaussian + lognormal + gamma,-1.1921105700103458,False,False
2,1000,1,2,lognormal + gamma,-1.0833137705064337,True,True
2,1000,2,2,lognormal + lognormal,-1.0841765804404189,False,False
2,1000,3,3,lognormal + gamma + lognormal,-1.0851671547462254,False,False
2,1000,4,3,gamma + lognormal + lognormal,-1.0851800188656406,False,False
2,1000,5,3,lognormal + lognormal + inverse_gaussian,-1.0921973702340542,False,False
2,1000,6,3,inverse_gaussian + lognormal + lognormal,-1.0922465342051793,False,False
2,1000,7,3,lognormal + gamma + inverse_gaussian,-1.0924737283986008,False,False
2,1000,8,3,gamma + inverse_gaussian + lognormal,-1.0925582718068312,False,False
2,1000,9,3,inverse_gaussian + gamma + lognormal,-1.0925582718068312,False,False
2,1000,10,2,inverse_gaussian + lognormal,-1.0940608329831234,False,False
2,1500,1,3,lognormal + inverse_gaussian + lognormal,-1.1478444065043463,False,False
2,1500,2,3,inverse_gaussian + gamma + lognormal,-1.1486321028159523,False,False
2,1500,3,3,gamma + inverse_gaussian + lognormal,-1.1487151803667297,False,False
2,1500,4,2,lognormal + lognormal,-1.1490742429082152,False,False
2,1500,5,2,lognormal + gamma,-1.1490860199475215,True,True
2,1500,6,2,gamma + lognormal,-1.1490860199475215,True,True
2,1500,7,3,inverse_gaussian + lognormal + lognormal,-1.14982954005596,False,False
2,1500,8,3,lognormal + lognormal + inverse_gaussian,-1.1498812268491467,False,False
2,1500,9,3,lognormal + lognormal + gamma,-1.1505915495741075,False,False
2,1500,10,3,lognormal + lognormal + lognormal,-1.150984730434348,False,False
3,500,1,2,nb2 + nb2,-2.735393214209876,False,True
3,500,2,3,poisson + nb2 + nb2,-2.7367472821458643,False,False
3,500,3,3,nb2 + zip + nb2,-2.7392352882076394,False,False
3,500,4,3,zip + nb2 + nb2,-2.7395257034659624,False,False
3,500,5,3,nb2 + poisson + nb2,-2.7396798313807595,False,False
3,500,6,3,nb2 + nb2 + poisson,-2.7396860003036627,False,False
3,500,7,3,nb2 + nb2 + nb2,-2.743935611808398,False,False
3,500,8,3,poisson + zip + poisson,-2.757303030667795,False,False
3,500,9,3,zip + zip + poisson,-2.7591430591477066,False,False
3,500,10,3,zip + poisson + zip,-2.764880928169686,False,False
3,1000,1,2,nb2 + nb2,-2.712398444365241,False,True
3,1000,2,3,nb2 + nb2 + zip,-2.714863686323891,False,False
3,1000,3,3,nb2 + zip + nb2,-2.7154102609747945,False,False
3,1000,4,3,nb2 + nb2 + poisson,-2.715960889938902,False,False
3,1000,5,3,zip + nb2 + nb2,-2.716198079335544,False,False
3,1000,6,3,nb2 + poisson + nb2,-2.7169130159347614,False,False
3,1000,7,3,nb2 + zip + poisson,-2.7180620743497133,False,False
3,1000,8,3,zip + poisson + zip,-2.7186165462931475,False,False
3,1000,9,3,poisson + nb2 + nb2,-2.719181190190289,False,False
3,1000,10,3,poisson + nb2 + zip,-2.719366409400642,False,False
3,1500,1,2,nb2 + nb2,-2.7158432186560493,False,True
3,1500,2,3,nb2 + poisson + nb2,-2.7164226699943144,False,False
3,1500,3,3,poisson + zip + poisson,-2.71655747744052,False,False
3,1500,4,3,nb2 + nb2 + poisson,-2.716610861761615,False,False
3,1500,5,3,nb2 + poisson + zip,-2.716816271501156,False,False
3,1500,6,3,poisson + zip + nb2,-2.717208597116985,False,False
3,1500,7,3,zip + poisson + nb2,-2.717605770245208,False,False
3,1500,8,3,zip + nb2 + poisson,-2.7182605665209847,False,False
3,1500,9,3,nb2 + zip + poisson,-2.7183180051367763,False,False
3,1500,10,3,poisson + nb2 + poisson,-2.72072651884451,False,False
4,500,1,2,nb2 + zip,-2.413509055350143,False,False
4,500,2,2,zip + poisson,-2.4140231598516517,True,True
4,500,3,2,poisson + zip,-2.414047558114597,True,True
4,500,4,2,zip + zip,-2.414082121704957,False,True
4,500,5,3,poisson + zip + poisson,-2.4144808050655904,False,False
4,500,6,3,zip + poisson + poisson,-2.4146015603593414,False,False
4,500,7,3,poisson + poisson + zip,-2.4153232387671886,False,False
4,500,8,2,zip + nb2,-2.416015352075019,False,False
4,500,9,3,poisson + zip + nb2,-2.417864689565834,False,False
4,500,10,3,poisson + nb2 + nb2,-2.420999785294032,False,False
4,1000,1,2,zip + nb2,-2.440644590114689,False,False
4,1000,2,2,zip + poisson,-2.440833045455698,True,True
4,1000,3,2,poisson + zip,-2.441617952516735,True,True
4,1000,4,2,nb2 + zip,-2.441941502941263,False,False
4,1000,5,2,zip + zip,-2.4430807694718513,False,True
4,1000,6,3,poisson + zip + poisson,-2.4443706156473946,False,False
4,1000,7,3,poisson + poisson + nb2,-2.4456078984164504,False,False
4,1000,8,3,poisson + poisson + zip,-2.4456931591594264,False,False
4,1000,9,3,zip + poisson + poisson,-2.4458389554656113,False,False
4,1000,10,3,poisson + nb2 + zip,-2.447680407530096,False,False
4,1500,1,2,poisson + zip,-2.434237162802092,True,True
4,1500,2,2,zip + zip,-2.434397158041831,False,True
4,1500,3,3,poisson + zip + poisson,-2.434451594703558,False,False
4,1500,4,2,zip + nb2,-2.4345136669376815,False,False
4,1500,5,2,nb2 + zip,-2.4345189361798694,False,False
4,1500,6,2,zip + poisson,-2.4345720466710996,True,True
4,1500,7,3,poisson + poisson + zip,-2.4356594730037013,False,False
4,1500,8,3,poisson + nb2 + zip,-2.4359717492316557,False,False
4,1500,9,3,zip + nb2 + poisson,-2.4360168042099093,False,False
4,1500,10,3,zip + poisson + poisson,-2.4361290806183065,False,False
1,500,1,2,student_t + skew_normal,-1.8392232973721887,False,False
1,500,2,2,student_t + gaussian,-1.8392309825800948,True,True
1,500,3,2,student_t + student_t,-1.840053411073422,False,True
1,500,4,3,student_t + skew_normal + gaussian,-1.8459383296904708,False,False
1,500,5,3,student_t + gaussian + gaussian,-1.8459383869624821,False,False
1,500,6,3,student_t + gaussian + skew_normal,-1.8459385935379318,False,False
1,500,7,2,skew_normal + student_t,-1.8496069541059252,False,False
1,500,8,2,gaussian + student_t,-1.849608767883352,True,True
1,500,9,3,student_t + gaussian + student_t,-1.8498142883081876,False,False
1,500,10,2,gaussian + skew_normal,-1.8544552107210688,False,False
1,1000,1,2,student_t + skew_normal,-1.8660716970336517,False,False
1,1000,2,2,student_t + student_t,-1.8660742135999904,False,True
1,1000,3,2,student_t + gaussian,-1.8660837905291405,True,True
1,1000,4,3,student_t + student_t + gaussian,-1.866333779750848,False,False
1,1000,5,3,student_t + student_t + skew_normal,-1.8663386242097675,False,False
1,1000,6,3,student_t + skew_normal + skew_normal,-1.8666145315433418,False,False
1,1000,7,3,student_t + gaussian + skew_normal,-1.8666147828705388,False,False
1,1000,8,3,student_t + skew_normal + gaussian,-1.8666154055467394,False,False
1,1000,9,3,student_t + gaussian + gaussian,-1.8666156729527195,False,False
1,1000,10,3,student_t + student_t + student_t,-1.8666289311425837,False,False
1,1500,1,2,student_t + student_t,-1.8625947136432746,False,True
1,1500,2,2,student_t + gaussian,-1.8626798049616746,True,True
1,1500,3,2,student_t + skew_normal,-1.8626815786799529,False,False
1,1500,4,3,student_t + student_t + gaussian,-1.864939830027045,False,False
1,1500,5,3,student_t + student_t + skew_normal,-1.864940753884202,False,False
1,1500,6,3,student_t + gaussian + skew_normal,-1.8652735655161905,False,False
1,1500,7,3,student_t + gaussian + gaussian,-1.8652741791380978,False,False
1,1500,8,3,student_t + skew_normal + skew_normal,-1.8652743546440902,False,False
1,1500,9,3,student_t + skew_normal + gaussian,-1.8652749533664337,False,False
1,1500,10,3,student_t + student_t + student_t,-1.866897830918233,False,False
2,500,1,2,lognormal + gamma,-1.1313787176854175,True,True
2,500,2,2,lognormal + lognormal,-1.1330589594167746,False,False
2,500,3,3,gamma + lognormal + lognormal,-1.1366359819868015,False,False
2,500,4,3,lognormal + gamma + lognormal,-1.1366359839263578,False,False
2,500,5,3,lognormal + lognormal + lognormal,-1.1382621276191107,False,False
2,500,6,2,inverse_gaussian + lognormal,-1.140529030972788,False,False
2,500,7,2,lognormal + inverse_gaussian,-1.140529030972788,False,False
2,500,8,3,lognormal + lognormal + inverse_gaussian,-1.1457433492771552,False,False
2,500,9,3,inverse_gaussian + lognormal + lognormal,-1.1457433500623375,False,False
2,500,10,3,lognormal + inverse_gaussian + lognormal,-1.1457433500623375,False,False
2,1000,1,2,lognormal + gamma,-1.1231694070438745,True,True
2,1000,2,2,gamma + lognormal,-1.1231694070438745,True,True
2,1000,3,2,lognormal + lognormal,-1.1253812323350791,False,False
2,1000,4,3,gamma + lognormal + lognormal,-1.132108746560834,False,False
2,1000,5,3,lognormal + gamma + lognormal,-1.1321087738174571,False,False
2,1000,6,3,lognormal + lognormal + gamma,-1.1321087890851034,False,False
2,1000,7,3,lognormal + gamma + gamma,-1.1330848649222527,False,False
2,1000,8,3,gamma + lognormal + inverse_gaussian,-1.1333510964227484,False,False
2,1000,9,3,lognormal + inverse_gaussian + gamma,-1.133351111779321,False,False
2,1000,10,3,inverse_gaussian + gamma + lognormal,-1.1333511126866793,False,False
2,1500,1,2,lognormal + gamma,-1.1690200318410748,True,True
2,1500,2,2,lognormal + lognormal,-1.1692977267906044,False,False
2,1500,3,3,lognormal + lognormal + lognormal,-1.1697845055335019,False,False
2,1500,4,3,gamma + lognormal + lognormal,-1.1703497061955999,False,False
2,1500,5,3,lognormal + gamma + lognormal,-1.1705807048649999,False,False
2,1500,6,3,inverse_gaussian + lognormal + lognormal,-1.1718326748122418,False,False
2,1500,7,3,inverse_gaussian + gamma + lognormal,-1.1723476949199976,False,False
2,1500,8,3,lognormal + inverse_gaussian + lognormal,-1.1729371841650982,False,False
2,1500,9,3,lognormal + lognormal + inverse_gaussian,-1.1729652642095094,False,False
2,1500,10,3,gamma + lognormal + gamma,-1.1744857769161983,False,False
3,500,1,2,nb2 + nb2,-2.694628374606917,False,True
3,500,2,3,poisson + nb2 + nb2,-2.6995220252742658,False,False
3,500,3,3,nb2 + nb2 + poisson,-2.701228561891036,False,False
3,500,4,3,nb2 + poisson + nb2,-2.7094119000638743,False,False
3,500,5,3,poisson + zip + poisson,-2.7154253792787335,False,False
3,500,6,2,poisson + zip,-2.715953336524147,False,False
3,500,7,2,zip + zip,-2.7161118934387947,False,False
3,500,8,2,zip + nb2,-2.7168904126349327,False,False
3,500,9,2,nb2 + zip,-2.7180254372678276,False,False
3,500,10,2,zip + poisson,-2.7185614740317288,False,False
3,1000,1,3,poisson + nb2 + zip,-2.696139376187207,False,False
3,1000,2,3,nb2 + poisson + zip,-2.69719791089178,False,False
3,1000,3,3,nb2 + zip + poisson,-2.697199774878847,False,False
3,1000,4,3,zip + poisson + nb2,-2.697255029870711,False,False
3,1000,5,3,poisson + zip + nb2,-2.6974040030346105,False,False
3,1000,6,2,nb2 + nb2,-2.6985377950967173,False,True
3,1000,7,3,poisson + poisson + nb2,-2.6986632336181837,False,False
3,1000,8,3,poisson + nb2 + nb2,-2.6992882448454734,False,False
3,1000,9,2,zip + nb2,-2.6999797355274895,False,False
3,1000,10,2,nb2 + zip,-2.701628593202345,False,False
3,1500,1,2,nb2 + nb2,-2.69019364162191,False,True
3,1500,2,3,zip + nb2 + nb2,-2.6951209754601972,False,False
3,1500,3,3,nb2 + zip + nb2,-2.6970136487337375,False,False
3,1500,4,3,poisson + nb2 + nb2,-2.6991702498510923,False,False
3,1500,5,3,nb2 + nb2 + zip,-2.700402001596709,False,False
3,1500,6,3,nb2 + nb2 + poisson,-2.7019782972997133,False,False
3,1500,7,3,nb2 + poisson + nb2,-2.7036494711194234,False,False
3,1500,8,3,zip + poisson + nb2,-2.7128223264417923,False,False
3,1500,9,2,zip + poisson,-2.726360604434677,False,False
3,1500,10,2,poisson + zip,-2.726545095761114,False,False
4,500,1,2,nb2 + zip,-2.433246112516833,False,False
4,500,2,2,zip + poisson,-2.435032044321472,True,True
4,500,3,2,zip + nb2,-2.436830492697727,False,False
4,500,4,2,zip + zip,-2.4379282136100495,False,True
4,500,5,2,poisson + zip,-2.4381943681311884,True,True
4,500,6,3,nb2 + poisson + poisson,-2.4408017818863135,False,False
4,500,7,3,poisson + zip + poisson,-2.4408281773558613,False,False
4,500,8,3,zip + poisson + poisson,-2.4413312244143826,False,False
4,500,9,3,zip + zip + poisson,-2.4415663883498246,False,False
4,500,10,3,poisson + poisson + zip,-2.4423491587825965,False,False
4,1000,1,2,nb2 + zip,-2.43359684735868,False,False
4,1000,2,2,zip + nb2,-2.434817918395848,False,False
4,1000,3,2,zip + zip,-2.4348502196655595,False,True
4,1000,4,2,poisson + zip,-2.4350863995855025,True,True
4,1000,5,2,zip + poisson,-2.435744770805033,True,True
4,1000,6,3,nb2 + nb2 + poisson,-2.436868066080094,False,False
4,1000,7,3,poisson + poisson + nb2,-2.4393607266365707,False,False
4,1000,8,3,zip + poisson + poisson,-2.4410321949830864,False,False
4,1000,9,3,zip + poisson + nb2,-2.4424574267539576,False,False
4,1000,10,3,nb2 + nb2 + nb2,-2.445539593583612,False,False
4,1500,1,3,poisson + poisson + poisson,-2.41221740523625,False,False
4,1500,2,3,poisson + nb2 + nb2,-2.4130391818488452,False,False
4,1500,3,2,poisson + zip,-2.413498552365302,True,True
4,1500,4,2,zip + zip,-2.4135098912149977,False,True
4,1500,5,2,zip + poisson,-2.413528867074545,True,True
4,1500,6,3,nb2 + poisson + poisson,-2.415166726366089,False,False
4,1500,7,2,nb2 + zip,-2.4154690742646054,False,False
4,1500,8,2,zip + nb2,-2.4155355555310387,False,False
4,1500,9,3,zip + poisson + poisson,-2.4159543320707706,False,False
4,1500,10,3,zip + poisson + zip,-2.4162800536553206,False,False
1,500,1,2,student_t + gaussian,-1.8651816845802114,True,True
1,500,2,2,student_t + skew_normal,-1.8651841204940858,False,False
1,500,3,2,student_t + student_t,-1.867399540790781,False,True
1,500,4,3,student_t + gaussian + gaussian,-1.874011205777239,False,False
1,500,5,3,student_t + gaussian + skew_normal,-1.8740264039835375,False,False
1,500,6,2,skew_normal + student_t,-1.8757518497404742,False,False
1,500,7,2,gaussian + student_t,-1.8757529932864967,True,True
1,500,8,3,gaussian + student_t + gaussian,-1.8784935339736282,False,False
1,500,9,3,student_t + student_t + student_t,-1.882410027969947,False,False
1,500,10,3,student_t + skew_normal + student_t,-1.8832654731133507,False,False
1,1000,1,2,student_t + student_t,-1.8311027253961252,False,True
1,1000,2,2,student_t + skew_normal,-1.8311955174940946,False,False
1,1000,3,2,student_t + gaussian,-1.8311982465353989,True,True
1,1000,4,3,student_t + student_t + gaussian,-1.8319018988586622,False,False
1,1000,5,3,student_t + student_t + student_t,-1.8319368050872702,False,False
1,1000,6,3,student_t + skew_normal + gaussian,-1.8319639134825374,False,False
1,1000,7,3,student_t + gaussian + gaussian,-1.831963983921245,False,False
1,1000,8,3,student_t + skew_normal + skew_normal,-1.8319647813357116,False,False
1,1000,9,3,student_t + gaussian + skew_normal,-1.8319648752465536,False,False
1,1000,10,3,student_t + skew_normal + student_t,-1.8321219123546466,False,False
1,1500,1,2,student_t + skew_normal,-1.844253483407304,False,False
1,1500,2,2,student_t + gaussian,-1.8442537104990504,True,True
1,1500,3,3,student_t + student_t + student_t,-1.8443974259391849,False,False
1,1500,4,3,student_t + gaussian + student_t,-1.8445558340815322,False,False
1,1500,5,3,student_t + skew_normal + student_t,-1.8445560339823381,False,False
1,1500,6,2,student_t + student_t,-1.8445707996020302,False,True
1,1500,7,3,student_t + gaussian + gaussian,-1.8446232660556494,False,False
1,1500,8,3,student_t + gaussian + skew_normal,-1.8446237036020394,False,False
1,1500,9,3,student_t + skew_normal + gaussian,-1.844624798948654,False,False
1,1500,10,3,student_t + skew_normal + skew_normal,-1.844625192329879,False,False
2,500,1,2,lognormal + lognormal,-1.1602177724387683,False,False
2,500,2,2,lognormal + gamma,-1.1609768968433525,True,True
2,500,3,2,gamma + lognormal,-1.1609768968433525,True,True
2,500,4,3,lognormal + gamma + inverse_gaussian,-1.164148482227312,False,False
2,500,5,3,inverse_gaussian + lognormal + gamma,-1.1641484838913003,False,False
2,500,6,3,lognormal + inverse_gaussian + gamma,-1.1641484838913003,False,False
2,500,7,3,inverse_gaussian + gamma + lognormal,-1.164250421777522,False,False
2,500,8,2,inverse_gaussian + lognormal,-1.166624496553981,False,False
2,500,9,2,lognormal + inverse_gaussian,-1.166624496553981,False,False
2,500,10,3,gamma + lognormal + lognormal,-1.1686372980674815,False,False
2,1000,1,2,gamma + lognormal,-1.0330838730851013,True,True
2,1000,2,2,lognormal + lognormal,-1.0344406294858426,False,False
2,1000,3,2,inverse_gaussian + lognormal,-1.0368829267186221,False,False
2,1000,4,2,lognormal + inverse_gaussian,-1.0368829267186221,False,False
2,1000,5,3,inverse_gaussian + lognormal + gamma,-1.0388700871200804,False,False
2,1000,6,3,inverse_gaussian + lognormal + lognormal,-1.041330861502913,False,False
2,1000,7,3,lognormal + lognormal + inverse_gaussian,-1.0413591515233356,False,False
2,1000,8,3,gamma + gamma + inverse_gaussian,-1.0427776389834107,False,False
2,1000,9,3,gamma + inverse_gaussian + gamma,-1.0427776417298595,False,False
2,1000,10,3,gamma + lognormal + inverse_gaussian,-1.0444393201623283,False,False
2,1500,1,2,lognormal + lognormal,-1.13996158573026,False,False
2,1500,2,2,gamma + lognormal,-1.1405527158393116,True,True
2,1500,3,3,lognormal + gamma + lognormal,-1.1407272572308913,False,False
2,1500,4,3,lognormal + lognormal + gamma,-1.140833251370463,False,False
2,1500,5,3,inverse_gaussian + lognormal + lognormal,-1.1417999984976182,False,False
2,1500,6,3,gamma + lognormal + lognormal,-1.1419873929235247,False,False
2,1500,7,3,lognormal + lognormal + lognormal,-1.142302879489759,False,False
2,1500,8,3,lognormal + gamma + inverse_gaussian,-1.142582732373312,False,False
2,1500,9,3,gamma + inverse_gaussian + gamma,-1.1454101981280906,False,False
2,1500,10,3,gamma + gamma + inverse_gaussian,-1.1455654843127596,False,False
3,500,1,2,nb2 + nb2,-2.7257129271024416,False,True
3,500,2,2,zip + poisson,-2.747303100454265,False,False
3,500,3,2,zip + nb2,-2.7490346598624917,False,False
3,500,4,2,poisson + zip,-2.75056059523111,False,False
3,500,5,2,nb2 + zip,-2.7510800493851906,False,False
3,500,6,3,zip + poisson + nb2,-2.7551524936430765,False,False
3,500,7,3,zip + zip + nb2,-2.7588779804595296,False,False
3,500,8,3,zip + nb2 + poisson,-2.7597488770437595,False,False
3,500,9,2,zip + zip,-2.760080451655742,False,False
3,500,10,3,poisson + zip + nb2,-2.760813565875364,False,False
3,1000,1,2,nb2 + nb2,-2.708914176174384,False,True
3,1000,2,3,nb2 + poisson + nb2,-2.7107046023423687,False,False
3,1000,3,3,poisson + nb2 + nb2,-2.7136036348722357,False,False
3,1000,4,3,nb2 + zip + zip,-2.715742780542675,False,False
3,1000,5,3,poisson + zip + poisson,-2.716476331985704,False,False
3,1000,6,3,poisson + nb2 + zip,-2.716664700764424,False,False
3,1000,7,3,nb2 + nb2 + poisson,-2.717298654747282,False,False
3,1000,8,3,poisson + zip + nb2,-2.7173944602916427,False,False
3,1000,9,3,nb2 + zip + poisson,-2.7181825461795595,False,False
3,1000,10,3,nb2 + poisson + zip,-2.7185960720426845,False,False
3,1500,1,3,nb2 + nb2 + poisson,-2.6746568943198983,False,False
3,1500,2,2,nb2 + nb2,-2.6792120265112875,False,True
3,1500,3,3,nb2 + poisson + zip,-2.719298263379459,False,False
3,1500,4,3,zip + poisson + poisson,-2.723362855505869,False,False
3,1500,5,2,zip + poisson,-2.7278844243825424,False,False
3,1500,6,3,zip + poisson + nb2,-2.727906147944116,False,False
3,1500,7,2,nb2 + zip,-2.7279471095478103,False,False
3,1500,8,3,poisson + poisson + zip,-2.728026552592478,False,False
3,1500,9,3,poisson + nb2 + zip,-2.728097637859626,False,False
3,1500,10,2,zip + zip,-2.7282032721434244,False,False
4,500,1,2,zip + nb2,-2.4223968122136768,False,False
4,500,2,2,zip + poisson,-2.422406040771542,True,True
4,500,3,2,poisson + zip,-2.4247720193202866,True,True
4,500,4,2,zip + zip,-2.424846312566509,False,True
4,500,5,2,nb2 + zip,-2.425408591954767,False,False
4,500,6,3,poisson + nb2 + zip,-2.428346140803497,False,False
4,500,7,3,zip + nb2 + poisson,-2.429885031196109,False,False
4,500,8,3,zip + poisson + nb2,-2.4306166496869777,False,False
4,500,9,3,nb2 + zip + poisson,-2.431986453376776,False,False
4,500,10,3,nb2 + poisson + poisson,-2.4347076755846877,False,False
4,1000,1,2,zip + zip,-2.4288955217017283,False,True
4,1000,2,2,zip + poisson,-2.428898472354312,True,True
4,1000,3,2,poisson + zip,-2.4295444667052464,True,True
4,1000,4,2,nb2 + zip,-2.430042039928474,False,False
4,1000,5,2,zip + nb2,-2.4301493835911385,False,False
4,1000,6,3,nb2 + poisson + nb2,-2.431414711450728,False,False
4,1000,7,3,poisson + nb2 + nb2,-2.4319852751727877,False,False
4,1000,8,3,poisson + zip + poisson,-2.4325060686006323,False,False
4,1000,9,3,poisson + poisson + nb2,-2.4330702426643347,False,False
4,1000,10,3,poisson + poisson + zip,-2.4332373333171837,False,False
4,1500,1,2,zip + nb2,-2.4307200440739263,False,False
4,1500,2,3,poisson + zip + poisson,-2.4319445721977244,False,False
4,1500,3,2,nb2 + zip,-2.432001846387939,False,False
4,1500,4,3,zip + nb2 + poisson,-2.4328365585097806,False,False
4,1500,5,3,zip + poisson + nb2,-2.4337887084182057,False,False
4,1500,6,3,poisson + poisson + nb2,-2.4339193124080665,False,False
4,1500,7,3,nb2 + poisson + nb2,-2.434585726407934,False,False
4,1500,8,2,zip + zip,-2.4347934492821532,False,True
4,1500,9,3,nb2 + nb2 + poisson,-2.434809360165724,False,False
4,1500,10,2,poisson + zip,-2.434834475989128,True,True
1,500,1,2,student_t + gaussian,-1.8628531496758183,True,True
1,500,2,2,student_t + skew_normal,-1.8628537910657395,False,False
1,500,3,2,student_t + student_t,-1.8628832915705913,False,True
1,500,4,3,student_t + gaussian + skew_normal,-1.8674167297521471,False,False
1,500,5,3,student_t + skew_normal + gaussian,-1.8674326667849037,False,False
1,500,6,3,student_t + gaussian + gaussian,-1.867433223262321,False,False
1,500,7,3,student_t + gaussian + student_t,-1.8731702142505586,False,False
1,500,8,2,skew_normal + student_t,-1.8781101246367036,False,False
1,500,9,2,gaussian + student_t,-1.878155873867454,True,True
1,500,10,3,gaussian + gaussian + student_t,-1.878423825170613,False,False
1,1000,1,2,student_t + gaussian,-1.8737549585330615,True,True
1,1000,2,2,student_t + skew_normal,-1.8737727662557868,False,False
1,1000,3,2,student_t + student_t,-1.8739470110679566,False,True
1,1000,4,3,student_t + student_t + gaussian,-1.873981643388349,False,False
1,1000,5,3,student_t + student_t + skew_normal,-1.8739820817444928,False,False
1,1000,6,3,student_t + gaussian + gaussian,-1.8740218919467624,False,False
1,1000,7,3,student_t + gaussian + skew_normal,-1.8740220659921847,False,False
1,1000,8,3,student_t + skew_normal + gaussian,-1.8740220932407579,False,False
1,1000,9,3,student_t + skew_normal + skew_normal,-1.8740222535440185,False,False
1,1000,10,3,student_t + gaussian + student_t,-1.8748283174263198,False,False
1,1500,1,2,student_t + gaussian,-1.8610216230778944,True,True
1,1500,2,2,student_t + skew_normal,-1.8610222811628168,False,False
1,1500,3,2,student_t + student_t,-1.861097803047343,False,True
1,1500,4,3,student_t + student_t + skew_normal,-1.8620804273503235,False,False
1,1500,5,3,student_t + student_t + gaussian,-1.8620807870248082,False,False
1,1500,6,3,student_t + gaussian + skew_normal,-1.8622193448441096,False,False
1,1500,7,3,student_t + skew_normal + skew_normal,-1.862219467630085,False,False
1,1500,8,3,student_t + gaussian + gaussian,-1.8622200612602942,False,False
1,1500,9,3,student_t + skew_normal + gaussian,-1.862220179279146,False,False
1,1500,10,3,student_t + student_t + student_t,-1.8627731475620677,False,False
2,500,1,2,lognormal + gamma,-1.18796658302696,True,True
2,500,2,2,gamma + lognormal,-1.1880296468030151,True,True
2,500,3,2,lognormal + lognormal,-1.1886171208450433,False,False
2,500,4,2,inverse_gaussian + lognormal,-1.1928426797915759,False,False
2,500,5,2,lognormal + inverse_gaussian,-1.1928426797915759,False,False
2,500,6,3,lognormal + inverse_gaussian + lognormal,-1.1952758627375566,False,False
2,500,7,3,lognormal + lognormal + gamma,-1.1961648386402117,False,False
2,500,8,3,lognormal + lognormal + inverse_gaussian,-1.1961819893205812,False,False
2,500,9,3,inverse_gaussian + gamma + gamma,-1.206765035158036,False,False
2,500,10,3,inverse_gaussian + lognormal + gamma,-1.2080503603275714,False,False
2,1000,1,2,lognormal + gamma,-1.1651788679227089,True,True
2,1000,2,2,lognormal + lognormal,-1.1652075824306236,False,False
2,1000,3,3,inverse_gaussian + lognormal + gamma,-1.1694900458856674,False,False
2,1000,4,3,lognormal + inverse_gaussian + gamma,-1.1694900458856674,False,False
2,1000,5,3,lognormal + lognormal + lognormal,-1.170587594611924,False,False
2,1000,6,3,lognormal + gamma + lognormal,-1.1716085735214643,False,False
2,1000,7,2,inverse_gaussian + lognormal,-1.1732410819761299,False,False
2,1000,8,2,lognormal + inverse_gaussian,-1.1732410819761299,False,False
2,1000,9,3,inverse_gaussian + gamma + lognormal,-1.175508745937406,False,False
2,1000,10,3,lognormal + lognormal + gamma,-1.178371368460891,False,False
2,1500,1,2,inverse_gaussian + lognormal,-1.171518066288871,False,False
2,1500,2,2,lognormal + inverse_gaussian,-1.171518066288871,False,False
2,1500,3,2,gamma + lognormal,-1.1718827831386294,True,True
2,1500,4,3,gamma + lognormal + lognormal,-1.1722344175308717,False,False
2,1500,5,3,lognormal + gamma + lognormal,-1.1722344175308717,False,False
2,1500,6,3,lognormal + lognormal + gamma,-1.172234424220371,False,False
2,1500,7,2,lognormal + lognormal,-1.1723116744460922,False,False
2,1500,8,3,gamma + lognormal + inverse_gaussian,-1.1767281490826393,False,False
2,1500,9,3,lognormal + inverse_gaussian + lognormal,-1.1770903800272532,False,False
2,1500,10,3,gamma + inverse_gaussian + lognormal,-1.1774502605378392,False,False
3,500,1,2,nb2 + nb2,-2.7188554209511078,False,True
3,500,2,3,nb2 + poisson + poisson,-2.720444630172753,False,False
3,500,3,3,poisson + nb2 + nb2,-2.7206011609935796,False,False
3,500,4,2,zip + nb2,-2.721688271948342,False,False
3,500,5,2,nb2 + zip,-2.725412270171926,False,False
3,500,6,2,poisson + zip,-2.7261821835144557,False,False
3,500,7,3,poisson + nb2 + zip,-2.727546202306164,False,False
3,500,8,2,zip + poisson,-2.727617375558547,False,False
3,500,9,3,zip + poisson + nb2,-2.7287074768272648,False,False
3,500,10,3,nb2 + poisson + zip,-2.729128323570539,False,False
3,1000,1,2,nb2 + nb2,-2.707248911830556,False,True
3,1000,2,3,nb2 + nb2 + zip,-2.7089469854339887,False,False
3,1000,3,3,nb2 + zip + nb2,-2.71162060377891,False,False
3,1000,4,3,zip + nb2 + nb2,-2.7121468879171235,False,False
3,1000,5,2,poisson + zip,-2.7126722832185304,False,False
3,1000,6,2,zip + poisson,-2.712785937020265,False,False
3,1000,7,2,zip + zip,-2.7128187229276572,False,False
3,1000,8,3,poisson + nb2 + nb2,-2.7129369193020847,False,False
3,1000,9,3,zip + zip + poisson,-2.712987424540069,False,False
3,1000,10,3,nb2 + poisson + nb2,-2.713085541703531,False,False
3,1500,1,2,nb2 + nb2,-2.7221676634739724,False,True
3,1500,2,3,nb2 + nb2 + poisson,-2.7222990428560188,False,False
3,1500,3,3,nb2 + zip + nb2,-2.722865586229175,False,False
3,1500,4,3,nb2 + poisson + nb2,-2.7233079805483222,False,False
3,1500,5,3,nb2 + zip + poisson,-2.723622171786493,False,False
3,1500,6,3,zip + zip + nb2,-2.724668652416007,False,False
3,1500,7,3,zip + nb2 + poisson,-2.7249439871479377,False,False
3,1500,8,3,poisson + nb2 + nb2,-2.7286084345996215,False,False
3,1500,9,3,nb2 + nb2 + zip,-2.7295189751823243,False,False
3,1500,10,3,zip + poisson + poisson,-2.73126928105392,False,False
4,500,1,2,zip + nb2,-2.4266789598106153,False,False
4,500,2,2,nb2 + zip,-2.4267337052480387,False,False
4,500,3,2,poisson + zip,-2.4268297881474625,True,True
4,500,4,2,zip + zip,-2.4289276918925697,False,True
4,500,5,2,zip + poisson,-2.4290720832475006,True,True
4,500,6,3,poisson + zip + poisson,-2.431126120826891,False,False
4,500,7,3,nb2 + poisson + zip,-2.4375856955524458,False,False
4,500,8,3,zip + nb2 + poisson,-2.4395037233309487,False,False
4,500,9,2,nb2 + nb2,-2.4419973523350573,False,False
4,500,10,3,zip + zip + poisson,-2.4458903952229876,False,False
4,1000,1,3,poisson + nb2 + nb2,-2.4423359151318236,False,False
4,1000,2,2,poisson + zip,-2.4435395131807285,True,True
4,1000,3,2,nb2 + zip,-2.443654846686482,False,False
4,1000,4,2,zip + nb2,-2.4439158682526085,False,False
4,1000,5,2,zip + zip,-2.4440198379653566,False,True
4,1000,6,2,zip + poisson,-2.444114082176926,True,True
4,1000,7,3,zip + poisson + poisson,-2.4449282803835497,False,False
4,1000,8,3,poisson + zip + poisson,-2.4451182430454366,False,False
4,1000,9,3,nb2 + poisson + nb2,-2.445784761482305,False,False
4,1000,10,3,nb2 + nb2 + poisson,-2.4460842988081395,False,False
4,1500,1,3,poisson + poisson + poisson,-2.420852164361902,False,False
4,1500,2,2,zip + poisson,-2.420917646297309,True,True
4,1500,3,2,zip + zip,-2.4210689319228003,False,True
4,1500,4,2,poisson + zip,-2.4210723359352806,True,True
4,1500,5,3,nb2 + poisson + nb2,-2.421277973099809,False,False
4,1500,6,3,zip + poisson + poisson,-2.4215692771385173,False,False
4,1500,7,3,nb2 + nb2 + poisson,-2.4218359492066575,False,False
4,1500,8,2,zip + nb2,-2.4220698988508924,False,False
4,1500,9,2,nb2 + zip,-2.422109969590354,False,False
4,1500,10,3,zip + zip + poisson,-2.42279412491125,False,False
1,500,1,2,student_t + student_t,-1.8613720165044203,False,True
1,500,2,2,student_t + skew_normal,-1.8613766544451467,False,False
1,500,3,2,student_t + gaussian,-1.8613768612135568,True,True
1,500,4,2,gaussian + skew_normal,-1.892474187970513,False,False
1,500,5,2,gaussian + student_t,-1.8924749533408285,True,True
1,500,6,2,skew_normal + skew_normal,-1.8924749709867987,False,False
1,500,7,2,gaussian + gaussian,-1.8924766053569895,False,False
1,500,8,2,skew_normal + gaussian,-1.8924773966915729,False,False
1,500,9,2,skew_normal + student_t,-1.892483193282456,False,False
1,500,10,3,student_t + student_t + student_t,-1.895946226351668,False,False
1,1000,1,2,student_t + gaussian,-1.8595149723041462,True,True
1,1000,2,2,student_t + skew_normal,-1.8595174455878383,False,False
1,1000,3,2,student_t + student_t,-1.8619754592640476,False,True
1,1000,4,3,student_t + skew_normal + student_t,-1.869643399158172,False,False
1,1000,5,3,student_t + gaussian + student_t,-1.8696437612409973,False,False
1,1000,6,3,student_t + skew_normal + gaussian,-1.8701393415704353,False,False
1,1000,7,3,student_t + gaussian + gaussian,-1.8701394965585727,False,False
1,1000,8,3,student_t + skew_normal + skew_normal,-1.8701398346468359,False,False
1,1000,9,3,student_t + gaussian + skew_normal,-1.8701400173362708,False,False
1,1000,10,3,student_t + student_t + student_t,-1.8730840005749925,False,False
1,1500,1,3,student_t + student_t + gaussian,-1.7982249129487076,False,False
1,1500,2,3,student_t + student_t + skew_normal,-1.7982321256149454,False,False
1,1500,3,2,student_t + gaussian,-1.7982488547090243,True,True
1,1500,4,2,student_t + skew_normal,-1.7982489229814336,False,False
1,1500,5,3,student_t + skew_normal + gaussian,-1.7982497473736496,False,False
1,1500,6,3,student_t + gaussian + gaussian,-1.798249774078619,False,False
1,1500,7,3,student_t + skew_normal + skew_normal,-1.7982498030272844,False,False
1,1500,8,3,student_t + gaussian + skew_normal,-1.7982498266884666,False,False
1,1500,9,2,student_t + student_t,-1.7984026549845957,False,True
1,1500,10,3,student_t + skew_normal + student_t,-1.7986534311036557,False,False
2,500,1,2,lognormal + gamma,-1.1924241025088467,True,True
2,500,2,2,gamma + lognormal,-1.1924241025088467,True,True
2,500,3,2,lognormal + lognormal,-1.1925032692069804,False,False
2,500,4,3,lognormal + gamma + lognormal,-1.2011148248597634,False,False
2,500,5,2,inverse_gaussian + lognormal,-1.20345322747318,False,False
2,500,6,2,lognormal + inverse_gaussian,-1.20345322747318,False,False
2,500,7,3,lognormal + lognormal + gamma,-1.2055988818194072,False,False
2,500,8,3,gamma + lognormal + lognormal,-1.205598883363862,False,False
2,500,9,3,inverse_gaussian + lognormal + gamma,-1.208785830416259,False,False
2,500,10,3,gamma + lognormal + inverse_gaussian,-1.2087858306356185,False,False
2,1000,1,2,lognormal + gamma,-1.0940682369221504,True,True
2,1000,2,2,gamma + lognormal,-1.0940721488156169,True,True
2,1000,3,3,lognormal + gamma + lognormal,-1.0953158367283946,False,False
2,1000,4,2,lognormal + lognormal,-1.0953667080599185,False,False
2,1000,5,3,gamma + lognormal + inverse_gaussian,-1.0994260272134369,False,False
2,1000,6,3,gamma + inverse_gaussian + lognormal,-1.0996017907656317,False,False
2,1000,7,3,lognormal + inverse_gaussian + gamma,-1.0996017910997988,False,False
2,1000,8,3,lognormal + lognormal + inverse_gaussian,-1.1011126784807923,False,False
2,1000,9,3,lognormal + inverse_gaussian + lognormal,-1.1011126793549093,False,False
2,1000,10,3,lognormal + gamma + inverse_gaussian,-1.101534055997961,False,False
2,1500,1,2,gamma + lognormal,-1.1239062597392588,True,True
2,1500,2,2,lognormal + lognormal,-1.1250462690743692,False,False
2,1500,3,3,gamma + lognormal + lognormal,-1.1275031728202256,False,False
2,1500,4,3,lognormal + lognormal + gamma,-1.1276704334297236,False,False
2,1500,5,3,lognormal + lognormal + lognormal,-1.128979816086606,False,False
2,1500,6,3,inverse_gaussian + gamma + lognormal,-1.1302624800769245,False,False
2,1500,7,3,lognormal + gamma + gamma,-1.1303543341987483,False,False
2,1500,8,3,gamma + gamma + lognormal,-1.1304484373402528,False,False
2,1500,9,3,inverse_gaussian + lognormal + lognormal,-1.1314217992854994,False,False
2,1500,10,3,lognormal + inverse_gaussian + lognormal,-1.1316579623860854,False,False
3,500,1,2,nb2 + nb2,-2.697327652773394,False,True
3,500,2,3,nb2 + poisson + nb2,-2.7017211898918942,False,False
3,500,3,3,nb2 + nb2 + poisson,-2.70271968320131,False,False
3,500,4,3,nb2 + zip + nb2,-2.7028355635942316,False,False
3,500,5,3,poisson + nb2 + nb2,-2.7065677304532967,False,False
3,500,6,3,nb2 + nb2 + zip,-2.7106491488571947,False,False
3,500,7,3,zip + poisson + nb2,-2.723861171609103,False,False
3,500,8,2,zip + zip,-2.725313052123049,False,False
3,500,9,2,poisson + zip,-2.7273130476255756,False,False
3,500,10,2,zip + poisson,-2.7277692449136217,False,False
3,1000,1,2,nb2 + nb2,-2.729079085664264,False,True
3,1000,2,3,nb2 + nb2 + poisson,-2.7328520360836794,False,False
3,1000,3,3,poisson + nb2 + nb2,-2.7351573842683345,False,False
3,1000,4,3,poisson + poisson + nb2,-2.7384517193773252,False,False
3,1000,5,3,nb2 + poisson + poisson,-2.7389360242224683,False,False
3,1000,6,2,zip + nb2,-2.739880515732368,False,False
3,1000,7,2,nb2 + zip,-2.739919066793879,False,False
3,1000,8,2,zip + zip,-2.7413271416870733,False,False
3,1000,9,2,poisson + zip,-2.741910773423584,False,False
3,1000,10,3,poisson + nb2 + poisson,-2.7419556175409268,False,False
3,1500,1,2,nb2 + nb2,-2.732558133840519,False,True
3,1500,2,3,zip + nb2 + nb2,-2.7340042768751665,False,False
3,1500,3,3,nb2 + nb2 + zip,-2.7348948884670836,False,False
3,1500,4,3,poisson + nb2 + nb2,-2.73610967953194,False,False
3,1500,5,3,nb2 + nb2 + nb2,-2.7365457066158494,False,False
3,1500,6,3,nb2 + poisson + nb2,-2.737964102924572,False,False
3,1500,7,3,nb2 + nb2 + poisson,-2.7381684442358636,False,False
3,1500,8,3,poisson + zip + zip,-2.742084330391738,False,False
3,1500,9,3,poisson + nb2 + zip,-2.7468304863558926,False,False
3,1500,10,3,zip + poisson + nb2,-2.7580825176959296,False,False
4,500,1,2,zip + poisson,-2.4344517757971733,True,True
4,500,2,2,zip + nb2,-2.434927677110438,False,False
4,500,3,2,nb2 + zip,-2.4350726522070825,False,False
4,500,4,2,zip + zip,-2.4359577706441007,False,True
4,500,5,2,poisson + zip,-2.4370606016314484,True,True
4,500,6,3,zip + nb2 + poisson,-2.442806185246835,False,False
4,500,7,3,nb2 + zip + poisson,-2.4457516878095604,False,False
4,500,8,3,poisson + poisson + nb2,-2.4502568816657004,False,False
4,500,9,3,nb2 + nb2 + poisson,-2.4503287192740433,False,False
4,500,10,3,zip + poisson + poisson,-2.4507726458676697,False,False
4,1000,1,3,nb2 + nb2 + poisson,-2.434963794714081,False,False
4,1000,2,2,zip + nb2,-2.4362472548251706,False,False
4,1000,3,2,nb2 + nb2,-2.437014068000384,False,False
4,1000,4,2,nb2 + zip,-2.4372531338666477,False,False
4,1000,5,3,nb2 + poisson + poisson,-2.4374811094922815,False,False
4,1000,6,3,poisson + poisson + nb2,-2.4381846152545212,False,False
4,1000,7,3,zip + poisson + zip,-2.4384576223659686,False,False
4,1000,8,2,zip + zip,-2.4387657559816436,False,True
4,1000,9,2,poisson + zip,-2.4388026040555713,True,True
4,1000,10,2,zip + poisson,-2.4388305886904322,True,True
4,1500,1,2,zip + nb2,-2.4651553476226398,False,False
4,1500,2,3,poisson + poisson + nb2,-2.465460774997343,False,False
4,1500,3,2,nb2 + zip,-2.465752113981092,False,False
4,1500,4,3,poisson + zip + poisson,-2.466647481326764,False,False
4,1500,5,3,zip + poisson + poisson,-2.4671742271969634,False,False
4,1500,6,2,zip + zip,-2.4672119120857428,False,True
4,1500,7,2,zip + poisson,-2.4673534756423203,True,True
4,1500,8,2,poisson + zip,-2.467468992247146,True,True
4,1500,9,3,zip + poisson + nb2,-2.4676135577620544,False,False
4,1500,10,3,nb2 + nb2 + poisson,-2.468519523931769,False,False
1,500,1,2,student_t + gaussian,-1.8550806811059617,True,True
1,500,2,2,student_t + skew_normal,-1.8550899968243684,False,False
1,500,3,2,student_t + student_t,-1.8551247009115046,False,True
1,500,4,3,student_t + gaussian + gaussian,-1.8662288256131137,False,False
1,500,5,3,student_t + gaussian + skew_normal,-1.8662296374191598,False,False
1,500,6,3,student_t + skew_normal + gaussian,-1.8662308114487487,False,False
1,500,7,2,skew_normal + student_t,-1.8777196524628366,False,False
1,500,8,2,gaussian + student_t,-1.8777200589949539,True,True
1,500,9,3,gaussian + student_t + student_t,-1.884571742431782,False,False
1,500,10,2,gaussian + skew_normal,-1.8845723528583163,False,False
1,1000,1,2,student_t + student_t,-1.8622395779363519,False,True
1,1000,2,2,student_t + gaussian,-1.862578335854705,True,True
1,1000,3,2,student_t + skew_normal,-1.8626008483212653,False,False
1,1000,4,2,gaussian + student_t,-1.8681771562015448,True,True
1,1000,5,2,skew_normal + student_t,-1.8681783951730797,False,False
1,1000,6,3,student_t + skew_normal + student_t,-1.8690185515801636,False,False
1,1000,7,3,student_t + gaussian + student_t,-1.8690279442655429,False,False
1,1000,8,3,student_t + student_t + student_t,-1.869230878808398,False,False
1,1000,9,3,student_t + student_t + gaussian,-1.8694900024277592,False,False
1,1000,10,3,student_t + student_t + skew_normal,-1.8694902206679573,False,False
1,1500,1,2,student_t + student_t,-1.8629673793609076,False,True
1,1500,2,2,student_t + skew_normal,-1.8635707482310038,False,False
1,1500,3,2,student_t + gaussian,-1.8635743001478327,True,True
1,1500,4,3,student_t + skew_normal + gaussian,-1.8637398495428457,False,False
1,1500,5,3,student_t + student_t + gaussian,-1.8638240378458686,False,False
1,1500,6,3,student_t + gaussian + skew_normal,-1.863856354066788,False,False
1,1500,7,3,student_t + gaussian + gaussian,-1.8638563730061406,False,False
1,1500,8,3,student_t + gaussian + student_t,-1.865792318959887,False,False
1,1500,9,3,gaussian + student_t + gaussian,-1.8754988432309434,False,False
1,1500,10,2,gaussian + skew_normal,-1.8761852200254048,False,False
2,500,1,2,lognormal + gamma,-1.16877337645039,True,True
2,500,2,2,gamma + lognormal,-1.16877337645039,True,True
2,500,3,2,lognormal + lognormal,-1.1699324542233753,False,False
2,500,4,2,inverse_gaussian + lognormal,-1.1742332049812194,False,False
2,500,5,2,lognormal + inverse_gaussian,-1.1742332049812194,False,False
2,500,6,3,gamma + lognormal + lognormal,-1.1756174990187278,False,False
2,500,7,3,lognormal + lognormal + lognormal,-1.1777808669124448,False,False
2,500,8,3,inverse_gaussian + gamma + gamma,-1.1820026019485872,False,False
2,500,9,3,gamma + gamma + inverse_gaussian,-1.1820026077797436,False,False
2,500,10,2,gamma + gamma,-1.185423093941918,False,False
2,1000,1,3,lognormal + lognormal + gamma,-1.1296944016744574,False,False
2,1000,2,2,lognormal + gamma,-1.1311226299747414,True,True
2,1000,3,2,gamma + lognormal,-1.1311226299747414,True,True
2,1000,4,3,lognormal + lognormal + lognormal,-1.1326364765434418,False,False
2,1000,5,2,lognormal + lognormal,-1.1342106732534212,False,False
2,1000,6,3,gamma + inverse_gaussian + lognormal,-1.1351760649343474,False,False
2,1000,7,3,inverse_gaussian + lognormal + gamma,-1.1351760750389182,False,False
2,1000,8,3,inverse_gaussian + gamma + lognormal,-1.1352131620134178,False,False
2,1000,9,3,lognormal + lognormal + inverse_gaussian,-1.1355256831836231,False,False
2,1000,10,3,gamma + gamma + gamma,-1.137916309221533,False,False
2,1500,1,2,lognormal + lognormal,-1.1325667680185099,False,False
2,1500,2,2,lognormal + gamma,-1.1331008823576918,True,True
2,1500,3,2,gamma + lognormal,-1.1331008823576918,True,True
2,1500,4,3,lognormal + gamma + lognormal,-1.1362190609583953,False,False
2,1500,5,3,gamma + lognormal + lognormal,-1.136224550099438,False,False
2,1500,6,3,lognormal + lognormal + gamma,-1.136249489795586,False,False
2,1500,7,3,gamma + gamma + lognormal,-1.1369875809285226,False,False
2,1500,8,3,inverse_gaussian + gamma + lognormal,-1.1375682483089504,False,False
2,1500,9,3,inverse_gaussian + lognormal + gamma,-1.1375691931808425,False,False
2,1500,10,3,lognormal + gamma + inverse_gaussian,-1.1376281969088928,False,False
3,500,1,2,nb2 + nb2,-2.7262871049097077,False,True
3,500,2,3,nb2 + nb2 + poisson,-2.7346827424146327,False,False
3,500,3,3,nb2 + poisson + nb2,-2.7412384718500005,False,False
3,500,4,3,zip + nb2 + poisson,-2.7451098221394976,False,False
3,500,5,3,nb2 + zip + poisson,-2.7492862144153145,False,False
3,500,6,3,nb2 + poisson + poisson,-2.7565369586818007,False,False
3,500,7,3,zip + poisson + nb2,-2.7589364335364515,False,False
3,500,8,3,poisson + nb2 + poisson,-2.7613519546018774,False,False
3,500,9,2,zip + zip,-2.7614518579427796,False,False
3,500,10,2,poisson + zip,-2.7625614857413665,False,False
3,1000,1,2,nb2 + nb2,-2.702261910098472,False,True
3,1000,2,3,nb2 + nb2 + poisson,-2.7102578756284936,False,False
3,1000,3,3,zip + poisson + nb2,-2.7128904607920923,False,False
3,1000,4,3,poisson + poisson + nb2,-2.7135752465298966,False,False
3,1000,5,3,poisson + zip + nb2,-2.714932569974313,False,False
3,1000,6,3,zip + poisson + zip,-2.7188473535513014,False,False
3,1000,7,3,poisson + nb2 + zip,-2.7189696105610097,False,False
3,1000,8,3,zip + nb2 + poisson,-2.719965189751753,False,False
3,1000,9,3,nb2 + zip + poisson,-2.720214479917172,False,False
3,1000,10,2,nb2 + zip,-2.7204832875314455,False,False
3,1500,1,2,nb2 + nb2,-2.6910027433047707,False,True
3,1500,2,3,nb2 + zip + nb2,-2.692998660395422,False,False
3,1500,3,3,zip + nb2 + nb2,-2.694543886563175,False,False
3,1500,4,3,poisson + nb2 + nb2,-2.6946351419037735,False,False
3,1500,5,3,nb2 + nb2 + poisson,-2.6953287614669423,False,False
3,1500,6,3,nb2 + poisson + nb2,-2.695776272105377,False,False
3,1500,7,3,nb2 + nb2 + zip,-2.6958936222114684,False,False
3,1500,8,3,zip + zip + zip,-2.6981529486367934,False,False
3,1500,9,3,poisson + poisson + nb2,-2.700563687302097,False,False
3,1500,10,3,poisson + nb2 + zip,-2.7115677112985774,False,False
4,500,1,2,zip + nb2,-2.4048505823664,False,False
4,500,2,2,zip + zip,-2.406007126094147,False,True
4,500,3,2,poisson + zip,-2.406113125614803,True,True
4,500,4,2,nb2 + zip,-2.4066023602407722,False,False
4,500,5,3,nb2 + zip + poisson,-2.406837118976526,False,False
4,500,6,3,poisson + poisson + zip,-2.4068531476826327,False,False
4,500,7,2,zip + poisson,-2.407136854789397,True,True
4,500,8,3,nb2 + poisson + poisson,-2.4083902986723946,False,False
4,500,9,3,poisson + poisson + nb2,-2.4085307346864635,False,False
4,500,10,3,zip + poisson + poisson,-2.4086766561432214,False,False
4,1000,1,2,poisson + zip,-2.4268542790502794,True,True
4,1000,2,2,zip + poisson,-2.4272504603517655,True,True
4,1000,3,3,nb2 + poisson + zip,-2.4282495019064014,False,False
4,1000,4,2,zip + zip,-2.428622553606782,False,True
4,1000,5,3,zip + poisson + poisson,-2.4293172364100117,False,False
4,1000,6,2,zip + nb2,-2.429857787607416,False,False
4,1000,7,3,zip + poisson + nb2,-2.4302180637618354,False,False
4,1000,8,2,nb2 + zip,-2.4310098087254435,False,False
4,1000,9,3,poisson + poisson + nb2,-2.4310770855884387,False,False
4,1000,10,3,nb2 + poisson + poisson,-2.4311358896479387,False,False
4,1500,1,2,nb2 + zip,-2.439157717423772,False,False
4,1500,2,2,zip + zip,-2.4401789460982277,False,True
4,1500,3,2,zip + nb2,-2.4402137327390836,False,False
4,1500,4,2,poisson + zip,-2.4403492125058994,True,True
4,1500,5,3,poisson + poisson + zip,-2.440527217935524,False,False
4,1500,6,2,zip + poisson,-2.440758136699512,True,True
4,1500,7,3,poisson + zip + poisson,-2.441533299635112,False,False
4,1500,8,3,poisson + nb2 + zip,-2.441966930852952,False,False
4,1500,9,3,nb2 + poisson + zip,-2.4421276929032576,False,False
4,1500,10,3,nb2 + nb2 + poisson,-2.4426237624606637,False,False
1,500,1,2,student_t + skew_normal,-1.8840652586467288,False,False
1,500,2,2,student_t + gaussian,-1.8840653195887611,True,True
1,500,3,2,student_t + student_t,-1.8849693120227782,False,True
1,500,4,3,student_t + skew_normal + gaussian,-1.891301652520829,False,False
1,500,5,3,student_t + gaussian + skew_normal,-1.8913025883454038,False,False
1,500,6,3,student_t + gaussian + gaussian,-1.891303087089026,False,False
1,500,7,3,student_t + gaussian + student_t,-1.8916043985019149,False,False
1,500,8,2,skew_normal + student_t,-1.9008868956881486,False,False
1,500,9,2,gaussian + student_t,-1.900887649906361,True,True
1,500,10,2,gaussian + skew_normal,-1.9066677658264226,False,False
1,1000,1,2,student_t + student_t,-1.8379681097032108,False,True
1,1000,2,2,student_t + gaussian,-1.8380435556317465,True,True
1,1000,3,2,student_t + skew_normal,-1.838043604775607,False,False
1,1000,4,3,student_t + student_t + skew_normal,-1.8382633794968866,False,False
1,1000,5,3,student_t + student_t + gaussian,-1.8382648527466927,False,False
1,1000,6,3,student_t + gaussian + skew_normal,-1.8385160739413997,False,False
1,1000,7,3,student_t + skew_normal + skew_normal,-1.8385161107157295,False,False
1,1000,8,3,student_t + gaussian + gaussian,-1.8385162811379392,False,False
1,1000,9,3,student_t + skew_normal + gaussian,-1.8385163192918816,False,False
1,1000,10,3,student_t + gaussian + student_t,-1.8387053182121118,False,False
1,1500,1,2,student_t + student_t,-1.8335118489832947,False,True
1,1500,2,2,student_t + gaussian,-1.833648699555249,True,True
1,1500,3,2,student_t + skew_normal,-1.8336492519595162,False,False
1,1500,4,3,student_t + gaussian + skew_normal,-1.8344140467683887,False,False
1,1500,5,3,student_t + skew_normal + skew_normal,-1.8344150236601549,False,False
1,1500,6,3,student_t + gaussian + gaussian,-1.8344160792974749,False,False
1,1500,7,3,student_t + skew_normal + gaussian,-1.8344168382098855,False,False
1,1500,8,3,student_t + skew_normal + student_t,-1.8346803728217014,False,False
1,1500,9,3,student_t + gaussian + student_t,-1.8346809208790806,False,False
1,1500,10,3,student_t + student_t + skew_normal,-1.83481346893723,False,False
2,500,1,2,gamma + lognormal,-1.0722070737505098,True,True
2,500,2,2,lognormal + lognormal,-1.0738490018113906,False,False
2,500,3,3,lognormal + inverse_gaussian + gamma,-1.0744490513085048,False,False
2,500,4,3,inverse_gaussian + lognormal + gamma,-1.0744490513085048,False,False
2,500,5,3,lognormal + gamma + lognormal,-1.0822987710705139,False,False
2,500,6,3,inverse_gaussian + gamma + gamma,-1.0826515843668552,False,False
2,500,7,3,gamma + lognormal + lognormal,-1.0826794506406037,False,False
2,500,8,3,lognormal + gamma + inverse_gaussian,-1.0839797758348186,False,False
2,500,9,3,gamma + inverse_gaussian + lognormal,-1.083979787581001,False,False
2,500,10,3,inverse_gaussian + gamma + lognormal,-1.083979787581001,False,False
2,1000,1,2,lognormal + lognormal,-1.247310827100109,False,False
2,1000,2,3,inverse_gaussian + gamma + lognormal,-1.2519990772398837,False,False
2,1000,3,3,lognormal + inverse_gaussian + gamma,-1.252065905444244,False,False
2,1000,4,3,gamma + inverse_gaussian + lognormal,-1.2521811096323268,False,False
2,1000,5,3,lognormal + inverse_gaussian + lognormal,-1.2526018045657852,False,False
2,1000,6,3,lognormal + lognormal + inverse_gaussian,-1.2528066489893617,False,False
2,1000,7,3,inverse_gaussian + lognormal + lognormal,-1.252831251514017,False,False
2,1000,8,3,lognormal + gamma + lognormal,-1.2541745903260026,False,False
2,1000,9,3,gamma + lognormal + lognormal,-1.2541745903260026,False,False
2,1000,10,3,lognormal + lognormal + gamma,-1.254174590366864,False,False
2,1500,1,2,gamma + lognormal,-1.1727968476864685,True,True
2,1500,2,2,lognormal + lognormal,-1.1742009220252898,False,False
2,1500,3,3,gamma + lognormal + lognormal,-1.1745944066102105,False,False
2,1500,4,3,lognormal + lognormal + lognormal,-1.17460855965546,False,False
2,1500,5,3,lognormal + inverse_gaussian + lognormal,-1.1775340101842175,False,False
2,1500,6,3,gamma + inverse_gaussian + gamma,-1.1776723975276182,False,False
2,1500,7,3,gamma + gamma + inverse_gaussian,-1.1779058335465529,False,False
2,1500,8,3,inverse_gaussian + gamma + gamma,-1.1779938316465324,False,False
2,1500,9,3,inverse_gaussian + lognormal + lognormal,-1.1780703548938998,False,False
2,1500,10,3,lognormal + lognormal + inverse_gaussian,-1.1781051463797612,False,False
3,500,1,2,nb2 + nb2,-2.7135008079057488,False,True
3,500,2,2,nb2 + zip,-2.7172202182405907,False,False
3,500,3,2,zip + poisson,-2.718796074724734,False,False
3,500,4,2,zip + nb2,-2.7190523619016616,False,False
3,500,5,3,poisson + nb2 + poisson,-2.719194508075172,False,False
3,500,6,3,nb2 + zip + poisson,-2.721980627720561,False,False
3,500,7,3,zip + poisson + poisson,-2.722108148598218,False,False
3,500,8,2,zip + zip,-2.722220543058034,False,False
3,500,9,3,poisson + poisson + nb2,-2.722647356596754,False,False
3,500,10,3,zip + nb2 + poisson,-2.725932014875094,False,False
3,1000,1,2,nb2 + nb2,-2.7061770881506098,False,True
3,1000,2,3,nb2 + zip + nb2,-2.708258976986464,False,False
3,1000,3,3,poisson + nb2 + nb2,-2.7088061285616734,False,False
3,1000,4,3,nb2 + nb2 + nb2,-2.709995126900182,False,False
3,1000,5,3,nb2 + nb2 + zip,-2.7103722463126996,False,False
3,1000,6,3,zip + nb2 + nb2,-2.71058503598607,False,False
3,1000,7,3,nb2 + zip + poisson,-2.711445915485054,False,False
3,1000,8,3,nb2 + poisson + nb2,-2.712810903267068,False,False
3,1000,9,3,nb2 + nb2 + poisson,-2.714661851295323,False,False
3,1000,10,3,poisson + poisson + zip,-2.719226408852772,False,False
3,1500,1,2,nb2 + nb2,-2.677763093494339,False,True
3,1500,2,3,poisson + poisson + zip,-2.678007197453901,False,False
3,1500,3,3,nb2 + poisson + nb2,-2.6786515904840864,False,False
3,1500,4,2,poisson + zip,-2.6802032817625094,False,False
3,1500,5,2,zip + zip,-2.6803238243138607,False,False
3,1500,6,2,zip + nb2,-2.6810707388043165,False,False
3,1500,7,2,nb2 + zip,-2.6812267583273295,False,False
3,1500,8,3,poisson + nb2 + nb2,-2.681383129172089,False,False
3,1500,9,2,zip + poisson,-2.68185748995618,False,False
3,1500,10,3,zip + poisson + zip,-2.6851173337925487,False,False
4,500,1,2,nb2 + zip,-2.4446333634640993,False,False
4,500,2,2,zip + nb2,-2.4466064769290923,False,False
4,500,3,2,zip + zip,-2.4471001562119334,False,True
4,500,4,2,poisson + zip,-2.447630698190773,True,True
4,500,5,2,zip + poisson,-2.4478245936028853,True,True
4,500,6,3,nb2 + zip + poisson,-2.4479598977929022,False,False
4,500,7,3,nb2 + poisson + nb2,-2.448423111072539,False,False
4,500,8,3,poisson + poisson + nb2,-2.4490440090361227,False,False
4,500,9,3,zip + poisson + poisson,-2.4497003466204594,False,False
4,500,10,3,poisson + nb2 + nb2,-2.4503583244346974,False,False
4,1000,1,3,poisson + nb2 + nb2,-2.4447535118444366,False,False
4,1000,2,3,zip + poisson + zip,-2.4447735103487522,False,False
4,1000,3,2,zip + poisson,-2.4448001031563678,True,True
4,1000,4,3,poisson + poisson + poisson,-2.4451030728670875,False,False
4,1000,5,2,zip + zip,-2.44586090419662,False,True
4,1000,6,2,nb2 + zip,-2.4464910967245865,False,False
4,1000,7,2,zip + nb2,-2.447357663219937,False,False
4,1000,8,3,poisson + poisson + nb2,-2.4478457112810434,False,False
4,1000,9,2,poisson + zip,-2.4483546377685665,True,True
4,1000,10,3,zip + poisson + poisson,-2.448454001618128,False,False
4,1500,1,2,zip + poisson,-2.414072293189703,True,True
4,1500,2,2,poisson + zip,-2.414260263930059,True,True
4,1500,3,2,zip + zip,-2.4146160599928206,False,True
4,1500,4,3,nb2 + zip + poisson,-2.4150492338920984,False,False
4,1500,5,2,nb2 + zip,-2.415820278151049,False,False
4,1500,6,2,zip + nb2,-2.415893772363985,False,False
4,1500,7,3,poisson + nb2 + nb2,-2.416119707860695,False,False
4,1500,8,3,poisson + poisson + nb2,-2.4169410675465706,False,False
4,1500,9,3,poisson + zip + poisson,-2.417131648847372,False,False
4,1500,10,3,zip + poisson + poisson,-2.4172383890411946,False,False
1,500,1,2,student_t + gaussian,-1.8655842464742558,True,True
1,500,2,2,student_t + skew_normal,-1.8655843681588102,False,False
1,500,3,2,student_t + student_t,-1.8665910389415394,False,True
1,500,4,3,student_t + gaussian + gaussian,-1.8712276835047459,False,False
1,500,5,3,student_t + student_t + gaussian,-1.8719956119942136,False,False
1,500,6,2,skew_normal + student_t,-1.8892169800810217,False,False
1,500,7,2,gaussian + student_t,-1.8892470358129205,True,True
1,500,8,3,gaussian + student_t + skew_normal,-1.904014910323249,False,False
1,500,9,3,gaussian + student_t + gaussian,-1.9040152171153484,False,False
1,500,10,3,skew_normal + student_t + skew_normal,-1.904019352859795,False,False
1,1000,1,2,student_t + student_t,-1.8482176511301223,False,True
1,1000,2,3,student_t + student_t + student_t,-1.8482958824504288,False,False
1,1000,3,2,student_t + gaussian,-1.8483678474484837,True,True
1,1000,4,2,student_t + skew_normal,-1.8483699772963753,False,False
1,1000,5,3,student_t + skew_normal + student_t,-1.8484351048211707,False,False
1,1000,6,3,student_t + gaussian + student_t,-1.8484352500777677,False,False
1,1000,7,3,student_t + student_t + skew_normal,-1.8484505406873881,False,False
1,1000,8,3,student_t + student_t + gaussian,-1.8484507335820854,False,False
1,1000,9,3,student_t + skew_normal + skew_normal,-1.8486646870848666,False,False
1,1000,10,3,student_t + skew_normal + gaussian,-1.8486648031597879,False,False
1,1500,1,2,student_t + gaussian,-1.8402652349655242,True,True
1,1500,2,2,student_t + skew_normal,-1.8402659294496524,False,False
1,1500,3,2,student_t + student_t,-1.8404236470774815,False,True
1,1500,4,3,student_t + gaussian + student_t,-1.841306903927506,False,False
1,1500,5,3,student_t + student_t + gaussian,-1.8418078010047225,False,False
1,1500,6,3,student_t + gaussian + gaussian,-1.8418341678421875,False,False
1,1500,7,3,gaussian + gaussian + gaussian,-1.8466460904444215,False,False
1,1500,8,3,gaussian + skew_normal + gaussian,-1.8466467845298544,False,False
1,1500,9,3,gaussian + gaussian + skew_normal,-1.846649253222573,False,False
1,1500,10,3,gaussian + skew_normal + skew_normal,-1.846649265993867,False,False
2,500,1,2,lognormal + gamma,-1.107432866981217,True,True
2,500,2,2,gamma + lognormal,-1.107432866981217,True,True
2,500,3,2,lognormal + lognormal,-1.1080785403910802,False,False
2,500,4,3,lognormal + inverse_gaussian + lognormal,-1.109549084428085,False,False
2,500,5,3,lognormal + lognormal + inverse_gaussian,-1.109567944174878,False,False
2,500,6,3,inverse_gaussian + lognormal + lognormal,-1.1096607975821597,False,False
2,500,7,3,gamma + inverse_gaussian + gamma,-1.1100087929727864,False,False
2,500,8,3,lognormal + gamma + inverse_gaussian,-1.1121723365251914,False,False
2,500,9,3,gamma + gamma + lognormal,-1.1145123931092926,False,False
2,500,10,3,lognormal + gamma + lognormal,-1.1156934449648879,False,False
2,1000,1,2,lognormal + gamma,-1.09718349408659,True,True
2,1000,2,2,lognormal + lognormal,-1.0993129805509136,False,False
2,1000,3,3,lognormal + gamma + lognormal,-1.1000797319268814,False,False
2,1000,4,3,gamma + lognormal + lognormal,-1.1000797319268814,False,False
2,1000,5,3,lognormal + lognormal + gamma,-1.1000797387355254,False,False
2,1000,6,3,lognormal + lognormal + lognormal,-1.1013091591330701,False,False
2,1000,7,2,inverse_gaussian + lognormal,-1.1027499324081156,False,False
2,1000,8,2,lognormal + inverse_gaussian,-1.1027499324081156,False,False
2,1000,9,3,gamma + gamma + lognormal,-1.1038797715811206,False,False
2,1000,10,3,inverse_gaussian + gamma + lognormal,-1.1057119594956064,False,False
2,1500,1,2,lognormal + gamma,-1.1948984391183617,True,True
2,1500,2,2,gamma + lognormal,-1.1948984391183617,True,True
2,1500,3,2,lognormal + lognormal,-1.1954597422202973,False,False
2,1500,4,3,lognormal + lognormal + lognormal,-1.1983826818843692,False,False
2,1500,5,3,gamma + lognormal + gamma,-1.198801237193838,False,False
2,1500,6,3,lognormal + gamma + gamma,-1.1988012771590089,False,False
2,1500,7,3,lognormal + gamma + lognormal,-1.1992577816860008,False,False
2,1500,8,3,gamma + lognormal + lognormal,-1.1992577816860008,False,False
2,1500,9,3,lognormal + lognormal + gamma,-1.199257782356308,False,False
2,1500,10,3,lognormal + lognormal + inverse_gaussian,-1.1992923923850738,False,False
3,500,1,2,nb2 + nb2,-2.6785890286656513,False,True
3,500,2,3,zip + nb2 + nb2,-2.685544869683858,False,False
3,500,3,3,nb2 + nb2 + poisson,-2.6891428315697796,False,False
3,500,4,3,poisson + nb2 + poisson,-2.706709559501674,False,False
3,500,5,3,nb2 + poisson + poisson,-2.7079493747776278,False,False
3,500,6,3,zip + nb2 + poisson,-2.709628590600649,False,False
3,500,7,3,poisson + poisson + zip,-2.718751230956952,False,False
3,500,8,3,poisson + zip + nb2,-2.7226389957566868,False,False
3,500,9,2,poisson + zip,-2.7243876783689083,False,False
3,500,10,2,zip + zip,-2.7253785760822264,False,False
3,1000,1,2,nb2 + nb2,-2.719622314470949,False,True
3,1000,2,3,nb2 + nb2 + poisson,-2.721535800287371,False,False
3,1000,3,3,zip + nb2 + nb2,-2.7222726865596902,False,False
3,1000,4,3,nb2 + nb2 + zip,-2.7228243691823812,False,False
3,1000,5,3,nb2 + zip + nb2,-2.722990937149676,False,False
3,1000,6,3,poisson + nb2 + nb2,-2.723223175451699,False,False
3,1000,7,3,nb2 + poisson + nb2,-2.7244819916101632,False,False
3,1000,8,3,zip + nb2 + poisson,-2.7316523588963,False,False
3,1000,9,3,poisson + poisson + poisson,-2.7321070519085113,False,False
3,1000,10,3,poisson + poisson + zip,-2.7325806599340448,False,False
3,1500,1,2,nb2 + nb2,-2.679259775756231,False,True
3,1500,2,3,nb2 + poisson + nb2,-2.6792988994674105,False,False
3,1500,3,3,poisson + nb2 + nb2,-2.6795791960650086,False,False
3,1500,4,3,nb2 + nb2 + poisson,-2.6796638993795914,False,False
3,1500,5,3,zip + nb2 + poisson,-2.6801402960102836,False,False
3,1500,6,3,nb2 + poisson + poisson,-2.6806072608633658,False,False
3,1500,7,3,nb2 + zip + poisson,-2.681604518072572,False,False
3,1500,8,3,zip + poisson + nb2,-2.6817971187984204,False,False
3,1500,9,3,poisson + nb2 + poisson,-2.6823883135127904,False,False
3,1500,10,3,poisson + poisson + nb2,-2.6824082929869664,False,False
4,500,1,2,nb2 + zip,-2.415063809938336,False,False
4,500,2,2,zip + zip,-2.41661400870505,False,True
4,500,3,2,poisson + zip,-2.417101333751336,True,True
4,500,4,2,zip + nb2,-2.4181317805531446,False,False
4,500,5,2,zip + poisson,-2.418361717528907,True,True
4,500,6,3,poisson + poisson + zip,-2.4199816402067964,False,False
4,500,7,3,poisson + zip + poisson,-2.4200883290581294,False,False
4,500,8,3,zip + poisson + poisson,-2.42055257349714,False,False
4,500,9,3,poisson + poisson + poisson,-2.421057692988826,False,False
4,500,10,3,poisson + zip + zip,-2.4219231319072088,False,False
4,1000,1,2,zip + nb2,-2.4115156637023976,False,False
4,1000,2,2,poisson + zip,-2.4123205417932714,True,True
4,1000,3,2,zip + poisson,-2.4125813335899586,True,True
4,1000,4,2,zip + zip,-2.4128119300569097,False,True
4,1000,5,2,nb2 + zip,-2.4128223973789016,False,False
4,1000,6,3,poisson + zip + poisson,-2.4128565076258828,False,False
4,1000,7,3,poisson + nb2 + nb2,-2.4137764237934034,False,False
4,1000,8,3,zip + poisson + poisson,-2.414280291981694,False,False
4,1000,9,3,poisson + poisson + zip,-2.4156753596960137,False,False
4,1000,10,3,nb2 + poisson + nb2,-2.4158669651917943,False,False
4,1500,1,3,zip + poisson + nb2,-2.4291769680745525,False,False
4,1500,2,2,poisson + zip,-2.4296483325823237,True,True
4,1500,3,2,zip + nb2,-2.429655601603995,False,False
4,1500,4,2,nb2 + zip,-2.4298805719910237,False,False
4,1500,5,2,zip + poisson,-2.4298873257621425,True,True
4,1500,6,2,zip + zip,-2.4300664847374884,False,True
4,1500,7,3,zip + poisson + poisson,-2.4307714400035,False,False
4,1500,8,3,poisson + nb2 + poisson,-2.431917714738139,False,False
4,1500,9,3,poisson + poisson + nb2,-2.4319398063650275,False,False
4,1500,10,3,poisson + poisson + zip,-2.4320509717477696,False,False
1,500,1,2,student_t + student_t,-1.8558942294262184,False,True
1,500,2,2,student_t + skew_normal,-1.8580617233917767,False,False
1,500,3,2,student_t + gaussian,-1.8580789682967278,True,True
1,500,4,3,student_t + student_t + skew_normal,-1.862346287462346,False,False
1,500,5,3,student_t + student_t + gaussian,-1.8623492729155513,False,False
1,500,6,3,student_t + student_t + student_t,-1.8631145680316767,False,False
1,500,7,3,student_t + gaussian + skew_normal,-1.863458578055496,False,False
1,500,8,3,student_t + skew_normal + skew_normal,-1.8634597387942569,False,False
1,500,9,3,student_t + gaussian + gaussian,-1.8634639743997163,False,False
1,500,10,3,student_t + skew_normal + gaussian,-1.8634651410631782,False,False
1,1000,1,2,student_t + gaussian,-1.8301639458982135,True,True
1,1000,2,2,student_t + skew_normal,-1.8301716518342774,False,False
1,1000,3,2,student_t + student_t,-1.8301747059588807,False,True
1,1000,4,3,student_t + gaussian + gaussian,-1.8356682387530139,False,False
1,1000,5,3,student_t + skew_normal + gaussian,-1.8356692742513874,False,False
1,1000,6,3,student_t + gaussian + skew_normal,-1.8356694734535646,False,False
1,1000,7,3,student_t + skew_normal + skew_normal,-1.8356705147182295,False,False
1,1000,8,3,student_t + gaussian + student_t,-1.8356806931707905,False,False
1,1000,9,3,student_t + skew_normal + student_t,-1.835683147491026,False,False
1,1000,10,3,student_t + student_t + gaussian,-1.8359254194995853,False,False
1,1500,1,2,student_t + skew_normal,-1.8673065074696324,False,False
1,1500,2,2,student_t + gaussian,-1.8673069253844878,True,True
1,1500,3,2,student_t + student_t,-1.8673951888428726,False,True
1,1500,4,3,student_t + student_t + gaussian,-1.8674851940904378,False,False
1,1500,5,3,student_t + student_t + skew_normal,-1.8675008126814814,False,False
1,1500,6,3,gaussian + gaussian + gaussian,-1.8676630925952336,False,False
1,1500,7,3,skew_normal + gaussian + gaussian,-1.867664284841224,False,False
1,1500,8,3,gaussian + skew_normal + gaussian,-1.8676654984297494,False,False
1,1500,9,3,gaussian + gaussian + skew_normal,-1.8676768806975872,False,False
1,1500,10,3,student_t + gaussian + skew_normal,-1.8677474984008804,False,False
2,500,1,2,lognormal + gamma,-1.1975043877376546,True,True
2,500,2,2,gamma + lognormal,-1.1975043877376546,True,True
2,500,3,2,lognormal + lognormal,-1.1985355082879636,False,False
2,500,4,2,inverse_gaussian + lognormal,-1.2024731067431007,False,False
2,500,5,2,lognormal + inverse_gaussian,-1.2024731067431007,False,False
2,500,6,3,inverse_gaussian + lognormal + lognormal,-1.2081771122864704,False,False
2,500,7,3,lognormal + lognormal + inverse_gaussian,-1.2085374306097345,False,False
2,500,8,3,gamma + gamma + lognormal,-1.2119357134281838,False,False
2,500,9,3,lognormal + gamma + gamma,-1.2203847198377125,False,False
2,500,10,3,gamma + lognormal + gamma,-1.2203847198377125,False,False
2,1000,1,2,lognormal + lognormal,-1.1457040847513122,False,False
2,1000,2,2,lognormal + gamma,-1.1457700819219536,True,True
2,1000,3,3,lognormal + lognormal + lognormal,-1.1499221478111172,False,False
2,1000,4,3,gamma + gamma + lognormal,-1.1541353597028956,False,False
2,1000,5,3,lognormal + lognormal + gamma,-1.1545645663702422,False,False
2,1000,6,3,lognormal + gamma + lognormal,-1.1545645664814255,False,False
2,1000,7,3,gamma + lognormal + lognormal,-1.1545886227029087,False,False
2,1000,8,2,inverse_gaussian + lognormal,-1.1563397701536287,False,False
2,1000,9,2,lognormal + inverse_gaussian,-1.1563397701536287,False,False
2,1000,10,3,lognormal + inverse_gaussian + lognormal,-1.1608621368429854,False,False
2,1500,1,3,inverse_gaussian + gamma + lognormal,-1.1331480130874334,False,False
2,1500,2,2,lognormal + gamma,-1.1336907695485117,True,True
2,1500,3,2,gamma + lognormal,-1.1336907695485117,True,True
2,1500,4,3,inverse_gaussian + lognormal + lognormal,-1.1364182127344171,False,False
2,1500,5,2,lognormal + lognormal,-1.1365661134533385,False,False
2,1500,6,3,lognormal + lognormal + gamma,-1.1369434110984422,False,False
2,1500,7,3,gamma + lognormal + lognormal,-1.1369553329922972,False,False
2,1500,8,3,lognormal + gamma + gamma,-1.1386602347377772,False,False
2,1500,9,3,gamma + lognormal + gamma,-1.1386602347377772,False,False
2,1500,10,3,lognormal + lognormal + lognormal,-1.1389747952008922,False,False
3,500,1,2,nb2 + nb2,-2.7362497594230226,False,True
3,500,2,3,poisson + nb2 + zip,-2.7371494348286225,False,False
3,500,3,3,poisson + nb2 + nb2,-2.738725430524046,False,False
3,500,4,3,nb2 + poisson + zip,-2.739458579281333,False,False
3,500,5,3,nb2 + poisson + poisson,-2.7407329798213027,False,False
3,500,6,3,poisson + nb2 + poisson,-2.7422802040939276,False,False
3,500,7,3,nb2 + nb2 + poisson,-2.74263843292604,False,False
3,500,8,3,zip + poisson + zip,-2.745265449305012,False,False
3,500,9,3,zip + poisson + poisson,-2.7460625178993574,False,False
3,500,10,2,zip + zip,-2.762183805113645,False,False
3,1000,1,3,nb2 + poisson + nb2,-2.7112536038271124,False,False
3,1000,2,2,nb2 + nb2,-2.7118538320867103,False,True
3,1000,3,3,zip + nb2 + nb2,-2.712473192257919,False,False
3,1000,4,3,nb2 + zip + nb2,-2.7132620154785796,False,False
3,1000,5,3,poisson + nb2 + nb2,-2.7152672175747448,False,False
3,1000,6,3,nb2 + poisson + zip,-2.7154480922511883,False,False
3,1000,7,3,nb2 + nb2 + poisson,-2.7157569604705185,False,False
3,1000,8,3,poisson + zip + zip,-2.716752173033439,False,False
3,1000,9,3,poisson + poisson + zip,-2.7176111874673943,False,False
3,1000,10,3,poisson + poisson + nb2,-2.7211183163227126,False,False
3,1500,1,2,nb2 + nb2,-2.7394197582089275,False,True
3,1500,2,3,nb2 + nb2 + poisson,-2.7418718256365646,False,False
3,1500,3,3,nb2 + poisson + nb2,-2.7448008281497835,False,False
3,1500,4,3,poisson + poisson + poisson,-2.745318434216724,False,False
3,1500,5,3,poisson + nb2 + nb2,-2.746052292175994,False,False
3,1500,6,3,zip + nb2 + poisson,-2.746405696670573,False,False
3,1500,7,3,poisson + zip + nb2,-2.750602155502541,False,False
3,1500,8,3,nb2 + zip + poisson,-2.75270609321148,False,False
3,1500,9,2,nb2 + zip,-2.756200807680369,False,False
3,1500,10,2,zip + nb2,-2.7566497624325743,False,False
4,500,1,2,poisson + zip,-2.4488421988143902,True,True
4,500,2,2,zip + poisson,-2.451560868850598,True,True
4,500,3,2,nb2 + zip,-2.45167987314867,False,False
4,500,4,3,nb2 + nb2 + poisson,-2.4552297784684716,False,False
4,500,5,2,zip + zip,-2.4559783784360465,False,True
4,500,6,3,poisson + zip + poisson,-2.4560669699408106,False,False
4,500,7,2,zip + nb2,-2.4597985467347288,False,False
4,500,8,3,zip + poisson + poisson,-2.460048213853631,False,False
4,500,9,3,zip + nb2 + poisson,-2.4601789121297286,False,False
4,500,10,3,zip + poisson + nb2,-2.4613659581620615,False,False
4,1000,1,3,poisson + poisson + poisson,-2.425210022235716,False,False
4,1000,2,2,zip + zip,-2.4262705628726797,False,True
4,1000,3,2,poisson + zip,-2.4264907606910158,True,True
4,1000,4,3,poisson + poisson + zip,-2.426646775608137,False,False
4,1000,5,2,zip + nb2,-2.4267133298359216,False,False
4,1000,6,2,nb2 + zip,-2.427185525765808,False,False
4,1000,7,3,poisson + zip + nb2,-2.4283999520995456,False,False
4,1000,8,3,zip + poisson + poisson,-2.4285016078087738,False,False
4,1000,9,2,zip + poisson,-2.428718208214392,True,True
4,1000,10,3,zip + nb2 + poisson,-2.4292650246786085,False,False
4,1500,1,2,zip + nb2,-2.427631929842265,False,False
4,1500,2,2,zip + zip,-2.4279430162693365,False,True
4,1500,3,2,nb2 + zip,-2.4279438642221223,False,False
4,1500,4,3,nb2 + poisson + zip,-2.4281986613912694,False,False
4,1500,5,2,poisson + zip,-2.4282040782776377,True,True
4,1500,6,3,poisson + poisson + zip,-2.4286538415485777,False,False
4,1500,7,2,zip + poisson,-2.4287149680131845,True,True
4,1500,8,3,poisson + zip + poisson,-2.4289948056040807,False,False
4,1500,9,3,zip + poisson + poisson,-2.4298083597552105,False,False
4,1500,10,3,zip + poisson + nb2,-2.429836389103357,False,False
1,500,1,3,student_t + student_t + gaussian,-1.8554183535313167,False,False
1,500,2,2,student_t + gaussian,-1.8556530943592924,True,True
1,500,3,2,student_t + skew_normal,-1.8556562448820486,False,False
1,500,4,3,student_t + gaussian + gaussian,-1.8556572676036909,False,False
1,500,5,3,student_t + gaussian + skew_normal,-1.8557325683670347,False,False
1,500,6,3,student_t + skew_normal + gaussian,-1.8557401435280463,False,False
1,500,7,2,student_t + student_t,-1.855924029651524,False,True
1,500,8,3,gaussian + student_t + gaussian,-1.8771783719537731,False,False
1,500,9,2,skew_normal + gaussian,-1.8784179019459522,False,False
1,500,10,2,skew_normal + skew_normal,-1.8784221973289932,False,False
1,1000,1,2,student_t + skew_normal,-1.8862615979627015,False,False
1,1000,2,2,student_t + gaussian,-1.8862729442327784,True,True
1,1000,3,2,student_t + student_t,-1.8864526700715163,False,True
1,1000,4,3,student_t + student_t + gaussian,-1.8888958692153417,False,False
1,1000,5,3,student_t + skew_normal + gaussian,-1.8914780847027663,False,False
1,1000,6,3,student_t + gaussian + skew_normal,-1.891501385500389,False,False
1,1000,7,3,student_t + gaussian + gaussian,-1.8915018695404375,False,False
1,1000,8,2,skew_normal + student_t,-1.8986424208260295,False,False
1,1000,9,2,gaussian + student_t,-1.8986428552881647,True,True
1,1000,10,3,gaussian + student_t + gaussian,-1.9010355189970731,False,False
1,1500,1,2,student_t + student_t,-1.8600674507554311,False,True
1,1500,2,3,student_t + student_t + skew_normal,-1.860103270518259,False,False
1,1500,3,2,student_t + skew_normal,-1.860127231645098,False,False
1,1500,4,2,student_t + gaussian,-1.860127506927543,True,True
1,1500,5,3,student_t + student_t + gaussian,-1.8601516404202254,False,False
1,1500,6,3,student_t + skew_normal + skew_normal,-1.8602315555468327,False,False
1,1500,7,3,student_t + skew_normal + gaussian,-1.860231947679032,False,False
1,1500,8,3,student_t + gaussian + skew_normal,-1.8602326443441406,False,False
1,1500,9,3,student_t + gaussian + gaussian,-1.8602330389630337,False,False
1,1500,10,3,student_t + gaussian + student_t,-1.8607520521181955,False,False
2,500,1,2,lognormal + gamma,-1.129992995173437,True,True
2,500,2,2,lognormal + lognormal,-1.1308568317658991,False,False
2,500,3,3,lognormal + inverse_gaussian + gamma,-1.135049099999382,False,False
2,500,4,3,lognormal + gamma + inverse_gaussian,-1.1351288305326692,False,False
2,500,5,3,lognormal + lognormal + inverse_gaussian,-1.1356963354212188,False,False
2,500,6,3,inverse_gaussian + lognormal + gamma,-1.1365308580473903,False,False
2,500,7,3,inverse_gaussian + gamma + lognormal,-1.1365308581179296,False,False
2,500,8,3,gamma + inverse_gaussian + lognormal,-1.136614662688325,False,False
2,500,9,3,gamma + lognormal + inverse_gaussian,-1.13669773737277,False,False
2,500,10,3,gamma + gamma + gamma,-1.1385997918336468,False,False
2,1000,1,2,gamma + lognormal,-1.1670549217835369,True,True
2,1000,2,2,lognormal + lognormal,-1.1687286035078288,False,False
2,1000,3,3,gamma + lognormal + gamma,-1.1725363853789212,False,False
2,1000,4,3,lognormal + gamma + lognormal,-1.173931358757861,False,False
2,1000,5,3,inverse_gaussian + gamma + gamma,-1.1749641411233391,False,False
2,1000,6,3,lognormal + inverse_gaussian + gamma,-1.1751454556389322,False,False
2,1000,7,3,inverse_gaussian + gamma + lognormal,-1.1765732031719873,False,False
2,1000,8,2,inverse_gaussian + lognormal,-1.1767885893214656,False,False
2,1000,9,2,lognormal + inverse_gaussian,-1.1767885893214656,False,False
2,1000,10,3,gamma + gamma + inverse_gaussian,-1.1773010009023566,False,False
2,1500,1,2,gamma + lognormal,-1.1496225628778167,True,True
2,1500,2,2,lognormal + lognormal,-1.1501052659444921,False,False
2,1500,3,3,gamma + lognormal + lognormal,-1.1507537566145976,False,False
2,1500,4,3,gamma + gamma + lognormal,-1.1511190701686786,False,False
2,1500,5,3,lognormal + lognormal + lognormal,-1.1514363641716,False,False
2,1500,6,3,lognormal + lognormal + gamma,-1.1524184988591686,False,False
2,1500,7,3,lognormal + gamma + lognormal,-1.1524185000564406,False,False
2,1500,8,3,gamma + lognormal + gamma,-1.1524260544588396,False,False
2,1500,9,3,lognormal + gamma + gamma,-1.1524260544588396,False,False
2,1500,10,3,inverse_gaussian + gamma + lognormal,-1.1574836676041849,False,False
3,500,1,2,nb2 + nb2,-2.707456328788426,False,True
3,500,2,3,poisson + nb2 + nb2,-2.7141553638018068,False,False
3,500,3,3,zip + nb2 + poisson,-2.7171771537461575,False,False
3,500,4,3,nb2 + zip + poisson,-2.7179294340885787,False,False
3,500,5,3,nb2 + nb2 + poisson,-2.718934312483779,False,False
3,500,6,3,poisson + nb2 + zip,-2.7206583272090854,False,False
3,500,7,2,zip + zip,-2.725985957886862,False,False
3,500,8,2,poisson + zip,-2.726088329678305,False,False
3,500,9,2,zip + poisson,-2.7281254243502446,False,False
3,500,10,2,nb2 + zip,-2.728357611950406,False,False
3,1000,1,2,nb2 + nb2,-2.714401267160346,False,True
3,1000,2,3,nb2 + nb2 + poisson,-2.7205826397369712,False,False
3,1000,3,3,poisson + zip + poisson,-2.723490880174245,False,False
3,1000,4,3,poisson + nb2 + zip,-2.723767450565152,False,False
3,1000,5,3,poisson + zip + zip,-2.724427823386034,False,False
3,1000,6,3,poisson + poisson + zip,-2.724903038642612,False,False
3,1000,7,2,nb2 + zip,-2.7263595045512106,False,False
3,1000,8,3,zip + poisson + nb2,-2.7267949831978493,False,False
3,1000,9,3,nb2 + zip + zip,-2.730505105211355,False,False
3,1000,10,3,zip + nb2 + poisson,-2.7305268332645496,False,False
3,1500,1,2,nb2 + nb2,-2.714885705708343,False,True
3,1500,2,3,nb2 + nb2 + poisson,-2.719702669782953,False,False
3,1500,3,3,nb2 + poisson + nb2,-2.7199859732715925,False,False
3,1500,4,3,poisson + nb2 + nb2,-2.720991992737642,False,False
3,1500,5,2,zip + poisson,-2.7248714198960293,False,False
3,1500,6,3,poisson + nb2 + poisson,-2.726928155399385,False,False
3,1500,7,2,zip + nb2,-2.727557621331543,False,False
3,1500,8,2,zip + zip,-2.728351267150562,False,False
3,1500,9,2,nb2 + zip,-2.728479747411292,False,False
3,1500,10,2,poisson + zip,-2.7298848093331554,False,False
4,500,1,2,zip + nb2,-2.4289162458222644,False,False
4,500,2,2,zip + poisson,-2.4306057534619456,True,True
4,500,3,2,zip + zip,-2.431381870799528,False,True
4,500,4,2,poisson + zip,-2.431506191197165,True,True
4,500,5,2,nb2 + zip,-2.431782115424041,False,False
4,500,6,3,poisson + nb2 + poisson,-2.43449755914861,False,False
4,500,7,3,nb2 + zip + poisson,-2.4376112072418374,False,False
4,500,8,3,poisson + nb2 + zip,-2.4398082296851675,False,False
4,500,9,3,zip + poisson + poisson,-2.4420169052492766,False,False
4,500,10,3,poisson + nb2 + nb2,-2.442718746657844,False,False
4,1000,1,2,zip + zip,-2.442703933001597,False,True
4,1000,2,2,poisson + zip,-2.4427487294731174,True,True
4,1000,3,2,zip + poisson,-2.4428411227497335,True,True
4,1000,4,2,zip + nb2,-2.4478416116088453,False,False
4,1000,5,2,nb2 + zip,-2.448024113144974,False,False
4,1000,6,3,poisson + nb2 + poisson,-2.4481397416892388,False,False
4,1000,7,3,poisson + poisson + zip,-2.450415837363058,False,False
4,1000,8,3,zip + poisson + zip,-2.451750901467156,False,False
4,1000,9,3,nb2 + poisson + nb2,-2.4534192468920746,False,False
4,1000,10,3,poisson + poisson + nb2,-2.4534595084946322,False,False
4,1500,1,2,zip + nb2,-2.4512934294574515,False,False
4,1500,2,2,nb2 + zip,-2.451414460341106,False,False
4,1500,3,2,poisson + zip,-2.4517705769397162,True,True
4,1500,4,2,zip + poisson,-2.4518723540652343,True,True
4,1500,5,2,zip + zip,-2.452218596271952,False,True
4,1500,6,3,nb2 + poisson + zip,-2.4522312781228073,False,False
4,1500,7,3,poisson + poisson + zip,-2.452308024397791,False,False
4,1500,8,3,poisson + nb2 + zip,-2.45323725681008,False,False
4,1500,9,3,poisson + zip + poisson,-2.45446918157665,False,False
4,1500,10,3,zip + poisson + poisson,-2.455109935420579,False,False
1,500,1,2,student_t + student_t,-1.8742177295683318,False,True
1,500,2,2,student_t + gaussian,-1.8752555197661696,True,True
1,500,3,2,student_t + skew_normal,-1.875275728075722,False,False
1,500,4,2,gaussian + student_t,-1.8819939232434477,True,True
1,500,5,2,skew_normal + student_t,-1.881996900968286,False,False
1,500,6,2,gaussian + gaussian,-1.888410856347803,False,False
1,500,7,2,gaussian + skew_normal,-1.8884108818783152,False,False
1,500,8,2,skew_normal + gaussian,-1.8884113068376387,False,False
1,500,9,2,skew_normal + skew_normal,-1.8884113389212085,False,False
1,500,10,3,student_t + student_t + gaussian,-1.8890253950426665,False,False
1,1000,1,2,student_t + student_t,-1.816662809985588,False,True
1,1000,2,2,student_t + gaussian,-1.8166927384545049,True,True
1,1000,3,2,student_t + skew_normal,-1.8166936114526406,False,False
1,1000,4,3,student_t + gaussian + gaussian,-1.8167578500841746,False,False
1,1000,5,3,student_t + skew_normal + gaussian,-1.8167584710447091,False,False
1,1000,6,3,student_t + gaussian + skew_normal,-1.8167586169535292,False,False
1,1000,7,3,student_t + skew_normal + skew_normal,-1.8167592472065173,False,False
1,1000,8,3,student_t + gaussian + student_t,-1.8168023087376168,False,False
1,1000,9,3,student_t + student_t + gaussian,-1.8168430074932462,False,False
1,1000,10,3,student_t + student_t + skew_normal,-1.816843010051034,False,False
1,1500,1,2,student_t + gaussian,-1.8642659982376808,True,True
1,1500,2,2,student_t + skew_normal,-1.864266735896503,False,False
1,1500,3,3,student_t + skew_normal + gaussian,-1.8661167312221865,False,False
1,1500,4,3,student_t + skew_normal + skew_normal,-1.8661167416012063,False,False
1,1500,5,3,student_t + gaussian + gaussian,-1.866118064358912,False,False
1,1500,6,3,student_t + gaussian + skew_normal,-1.8661180763057235,False,False
1,1500,7,2,student_t + student_t,-1.8664430239727776,False,True
1,1500,8,3,student_t + student_t + skew_normal,-1.866540617461131,False,False
1,1500,9,3,student_t + student_t + gaussian,-1.8665449185564922,False,False
1,1500,10,3,student_t + gaussian + student_t,-1.8670150681330935,False,False
2,500,1,2,lognormal + gamma,-1.1751064943219627,True,True
2,500,2,2,gamma + lognormal,-1.1751064943219627,True,True
2,500,3,2,lognormal + lognormal,-1.1751446228487665,False,False
2,500,4,3,lognormal + lognormal + lognormal,-1.1799089449838949,False,False
2,500,5,3,lognormal + gamma + lognormal,-1.1800436030243582,False,False
2,500,6,3,gamma + lognormal + lognormal,-1.180043603595238,False,False
2,500,7,2,inverse_gaussian + lognormal,-1.182371823139702,False,False
2,500,8,2,lognormal + inverse_gaussian,-1.182371823139702,False,False
2,500,9,3,gamma + gamma + lognormal,-1.1828032047822012,False,False
2,500,10,3,lognormal + gamma + gamma,-1.1828032048725783,False,False
2,1000,1,2,gamma + lognormal,-1.2126693719328008,True,True
2,1000,2,3,lognormal + gamma + lognormal,-1.2130779069531763,False,False
2,1000,3,2,lognormal + lognormal,-1.213292532038304,False,False
2,1000,4,3,gamma + gamma + lognormal,-1.215746161694125,False,False
2,1000,5,3,gamma + lognormal + gamma,-1.2157461714781885,False,False
2,1000,6,3,lognormal + gamma + gamma,-1.216660660527909,False,False
2,1000,7,2,inverse_gaussian + lognormal,-1.2170519969127278,False,False
2,1000,8,2,lognormal + inverse_gaussian,-1.2170519969127278,False,False
2,1000,9,3,inverse_gaussian + gamma + gamma,-1.2174639723379468,False,False
2,1000,10,3,gamma + inverse_gaussian + gamma,-1.2174639755112184,False,False
2,1500,1,2,lognormal + gamma,-1.145406693882938,True,True
2,1500,2,2,gamma + lognormal,-1.145406693882938,True,True
2,1500,3,2,lognormal + lognormal,-1.146931261486954,False,False
2,1500,4,3,lognormal + gamma + gamma,-1.148510745572529,False,False
2,1500,5,3,gamma + gamma + lognormal,-1.1485107583612428,False,False
2,1500,6,3,inverse_gaussian + lognormal + lognormal,-1.1492966053950586,False,False
2,1500,7,3,gamma + lognormal + gamma,-1.1524214060954188,False,False
2,1500,8,3,gamma + lognormal + inverse_gaussian,-1.1537136460725697,False,False
2,1500,9,3,inverse_gaussian + lognormal + gamma,-1.153857655856941,False,False
2,1500,10,3,lognormal + gamma + inverse_gaussian,-1.1538576708587185,False,False
3,500,1,2,nb2 + zip,-2.70693074781917,False,False
3,500,2,3,zip + poisson + poisson,-2.7072368865158016,False,False
3,500,3,3,nb2 + nb2 + poisson,-2.707272222337328,False,False
3,500,4,2,nb2 + nb2,-2.7074179881655773,False,True
3,500,5,3,poisson + zip + nb2,-2.709188257103294,False,False
3,500,6,2,zip + zip,-2.7096506744786937,False,False
3,500,7,2,zip + nb2,-2.710012984333701,False,False
3,500,8,2,zip + poisson,-2.7103191698521885,False,False
3,500,9,3,poisson + zip + zip,-2.713819196956189,False,False
3,500,10,3,nb2 + poisson + zip,-2.7148813170564314,False,False
3,1000,1,2,nb2 + nb2,-2.6992707391596733,False,True
3,1000,2,3,nb2 + poisson + nb2,-2.704890145185952,False,False
3,1000,3,3,zip + poisson + poisson,-2.7055625164154606,False,False
3,1000,4,2,zip + nb2,-2.7060006244355543,False,False
3,1000,5,3,poisson + poisson + poisson,-2.7062711261178425,False,False
3,1000,6,2,zip + poisson,-2.706814213748146,False,False
3,1000,7,2,zip + zip,-2.7070328352654243,False,False
3,1000,8,2,nb2 + zip,-2.7075153673426264,False,False
3,1000,9,2,poisson + zip,-2.7079330711486325,False,False
3,1000,10,3,poisson + nb2 + poisson,-2.7079674339927915,False,False
3,1500,1,2,nb2 + nb2,-2.711248266347789,False,True
3,1500,2,3,nb2 + nb2 + poisson,-2.7125440859160137,False,False
3,1500,3,3,nb2 + poisson + nb2,-2.7125880193851715,False,False
3,1500,4,3,zip + nb2 + nb2,-2.713736365173736,False,False
3,1500,5,3,poisson + nb2 + nb2,-2.7137920838628413,False,False
3,1500,6,3,poisson + poisson + poisson,-2.7181877896535296,False,False
3,1500,7,3,zip + poisson + poisson,-2.7183933990251465,False,False
3,1500,8,3,zip + poisson + nb2,-2.7184858501237215,False,False
3,1500,9,3,poisson + nb2 + zip,-2.719007241640442,False,False
3,1500,10,3,zip + zip + poisson,-2.7214544914025356,False,False
4,500,1,2,zip + nb2,-2.445171943004364,False,False
4,500,2,2,nb2 + zip,-2.4456102419097596,False,False
4,500,3,3,zip + poisson + poisson,-2.445847953890255,False,False
4,500,4,2,zip + poisson,-2.4474053229303876,True,True
4,500,5,2,zip + zip,-2.44763992817617,False,True
4,500,6,3,poisson + poisson + zip,-2.44764170020397,False,False
4,500,7,2,poisson + zip,-2.44769516183043,True,True
4,500,8,3,zip + poisson + nb2,-2.4481511829277136,False,False
4,500,9,3,poisson + zip + nb2,-2.4508944446038337,False,False
4,500,10,3,poisson + poisson + nb2,-2.4509690664049404,False,False
4,1000,1,2,nb2 + zip,-2.455660570266265,False,False
4,1000,2,2,zip + nb2,-2.4558902970098515,False,False
4,1000,3,2,poisson + zip,-2.455934964521632,True,True
4,1000,4,3,zip + poisson + poisson,-2.456529728771598,False,False
4,1000,5,3,poisson + poisson + zip,-2.4578977746807276,False,False
4,1000,6,3,poisson + zip + zip,-2.4588332584988453,False,False
4,1000,7,3,poisson + poisson + nb2,-2.4592801781967664,False,False
4,1000,8,2,zip + poisson,-2.4598960699297403,True,True
4,1000,9,3,poisson + nb2 + poisson,-2.460519559067745,False,False
4,1000,10,3,nb2 + poisson + poisson,-2.4606362440786844,False,False
4,1500,1,3,zip + nb2 + poisson,-2.4418325158344865,False,False
4,1500,2,3,poisson + zip + poisson,-2.4427037661285445,False,False
4,1500,3,2,nb2 + zip,-2.444165194523247,False,False
4,1500,4,2,poisson + zip,-2.444515457434593,True,True
4,1500,5,2,zip + zip,-2.444520726451244,False,True
4,1500,6,3,poisson + poisson + nb2,-2.4446907225572305,False,False
4,1500,7,2,zip + poisson,-2.444732379822796,True,True
4,1500,8,3,nb2 + nb2 + poisson,-2.4453183192245067,False,False
4,1500,9,2,zip + nb2,-2.4455031682557875,False,False
4,1500,10,3,poisson + nb2 + poisson,-2.4456335706564603,False,False
1,500,1,2,student_t + student_t,-1.8287765720004208,False,True
1,500,2,3,student_t + gaussian + skew_normal,-1.828944510698621,False,False
1,500,3,3,student_t + skew_normal + gaussian,-1.828944567473133,False,False
1,500,4,3,student_t + gaussian + gaussian,-1.8289448949979805,False,False
1,500,5,3,student_t + student_t + gaussian,-1.8298075581651139,False,False
1,500,6,2,student_t + skew_normal,-1.829819037282857,False,False
1,500,7,2,student_t + gaussian,-1.8298478846184467,True,True
1,500,8,3,gaussian + gaussian + student_t,-1.8395579434230436,False,False
1,500,9,3,gaussian + skew_normal + gaussian,-1.839929432519597,False,False
1,500,10,3,gaussian + gaussian + gaussian,-1.839930031871985,False,False
1,1000,1,2,student_t + student_t,-1.8207937696450662,False,True
1,1000,2,2,student_t + skew_normal,-1.8208520127805066,False,False
1,1000,3,2,student_t + gaussian,-1.8210127173774109,True,True
1,1000,4,2,skew_normal + student_t,-1.8253849151410921,False,False
1,1000,5,2,gaussian + student_t,-1.8253855023258563,True,True
1,1000,6,3,student_t + skew_normal + gaussian,-1.828400339649177,False,False
1,1000,7,3,student_t + gaussian + gaussian,-1.8284005541911268,False,False
1,1000,8,3,student_t + skew_normal + skew_normal,-1.8284010650963842,False,False
1,1000,9,3,student_t + gaussian + skew_normal,-1.8284012710211506,False,False
1,1000,10,3,student_t + student_t + gaussian,-1.828584217035021,False,False
1,1500,1,2,student_t + student_t,-1.8481210709956672,False,True
1,1500,2,2,student_t + skew_normal,-1.8481440567181722,False,False
1,1500,3,2,student_t + gaussian,-1.8481443162842661,True,True
1,1500,4,3,student_t + skew_normal + student_t,-1.8501281912078233,False,False
1,1500,5,3,student_t + gaussian + student_t,-1.8501284446937842,False,False
1,1500,6,3,student_t + student_t + student_t,-1.8502405964401374,False,False
1,1500,7,3,student_t + gaussian + gaussian,-1.8511394729102142,False,False
1,1500,8,3,student_t + gaussian + skew_normal,-1.851139755869357,False,False
1,1500,9,3,student_t + skew_normal + gaussian,-1.851142651833553,False,False
1,1500,10,3,student_t + skew_normal + skew_normal,-1.8511428675384554,False,False
2,500,1,2,gamma + lognormal,-1.0991278570069445,True,True
2,500,2,2,lognormal + lognormal,-1.1004361425467162,False,False
2,500,3,2,lognormal + inverse_gaussian,-1.1037065200185974,False,False
2,500,4,3,gamma + lognormal + gamma,-1.109674480561926,False,False
2,500,5,3,lognormal + gamma + lognormal,-1.1112990405824765,False,False
2,500,6,3,lognormal + lognormal + gamma,-1.1113610606156323,False,False
2,500,7,3,inverse_gaussian + gamma + lognormal,-1.1129592958068437,False,False
2,500,8,3,inverse_gaussian + lognormal + gamma,-1.1129592963310868,False,False
2,500,9,3,lognormal + gamma + inverse_gaussian,-1.112959299732542,False,False
2,500,10,3,gamma + gamma + gamma,-1.1175722406180455,False,False
2,1000,1,2,lognormal + gamma,-1.1970382093551966,True,True
2,1000,2,2,lognormal + lognormal,-1.197853239552667,False,False
2,1000,3,3,lognormal + gamma + inverse_gaussian,-1.1999146130054636,False,False
2,1000,4,3,lognormal + inverse_gaussian + lognormal,-1.1999818840979646,False,False
2,1000,5,3,lognormal + inverse_gaussian + gamma,-1.1999854394389375,False,False
2,1000,6,3,lognormal + lognormal + inverse_gaussian,-1.19998895164854,False,False
2,1000,7,3,gamma + inverse_gaussian + lognormal,-1.2000263204846888,False,False
2,1000,8,3,lognormal + lognormal + lognormal,-1.201924950283631,False,False
2,1000,9,3,inverse_gaussian + gamma + gamma,-1.20318534030881,False,False
2,1000,10,3,gamma + gamma + inverse_gaussian,-1.2031919001491747,False,False
2,1500,1,2,gamma + lognormal,-1.1344946632467168,True,True
2,1500,2,2,lognormal + lognormal,-1.1352436393761562,False,False
2,1500,3,3,inverse_gaussian + lognormal + gamma,-1.137199959760893,False,False
2,1500,4,3,inverse_gaussian + gamma + lognormal,-1.137199973189488,False,False
2,1500,5,3,lognormal + gamma + inverse_gaussian,-1.137305965979721,False,False
2,1500,6,3,lognormal + gamma + lognormal,-1.1377155508491006,False,False
2,1500,7,3,lognormal + lognormal + gamma,-1.137735365645699,False,False
2,1500,8,3,gamma + inverse_gaussian + lognormal,-1.1400640206957469,False,False
2,1500,9,3,lognormal + lognormal + inverse_gaussian,-1.1412514591031493,False,False
2,1500,10,3,inverse_gaussian + lognormal + lognormal,-1.1414696324051705,False,False
3,500,1,2,nb2 + nb2,-2.700194461584762,False,True
3,500,2,3,nb2 + nb2 + poisson,-2.7048475722454057,False,False
3,500,3,3,poisson + zip + poisson,-2.726925320295043,False,False
3,500,4,3,zip + poisson + nb2,-2.7356400896787125,False,False
3,500,5,3,nb2 + zip + poisson,-2.736433243979662,False,False
3,500,6,2,zip + nb2,-2.739154061297213,False,False
3,500,7,2,zip + poisson,-2.7412275421745824,False,False
3,500,8,2,zip + zip,-2.741239454832035,False,False
3,500,9,2,nb2 + zip,-2.741403124570704,False,False
3,500,10,2,poisson + zip,-2.742063448080372,False,False
3,1000,1,2,nb2 + nb2,-2.687896656598189,False,True
3,1000,2,3,nb2 + nb2 + poisson,-2.688787524606547,False,False
3,1000,3,3,nb2 + poisson + nb2,-2.689483531969011,False,False
3,1000,4,3,poisson + nb2 + nb2,-2.6922178635801433,False,False
3,1000,5,3,zip + nb2 + poisson,-2.696575066138273,False,False
3,1000,6,3,nb2 + zip + poisson,-2.6965875167498212,False,False
3,1000,7,3,nb2 + poisson + zip,-2.696915666092602,False,False
3,1000,8,3,zip + poisson + nb2,-2.6971471458955674,False,False
3,1000,9,3,poisson + poisson + poisson,-2.6976173979846236,False,False
3,1000,10,3,poisson + nb2 + zip,-2.697923010682137,False,False
3,1500,1,2,nb2 + nb2,-2.708841703965677,False,True
3,1500,2,3,nb2 + zip + poisson,-2.7110319199798174,False,False
3,1500,3,3,zip + poisson + nb2,-2.711061952362373,False,False
3,1500,4,3,poisson + zip + nb2,-2.711303388766363,False,False
3,1500,5,3,poisson + nb2 + zip,-2.7120236048632513,False,False
3,1500,6,3,nb2 + poisson + zip,-2.7123964713752104,False,False
3,1500,7,3,zip + nb2 + poisson,-2.712459701791897,False,False
3,1500,8,3,poisson + poisson + nb2,-2.7137758057885137,False,False
3,1500,9,3,nb2 + poisson + poisson,-2.7142762650842616,False,False
3,1500,10,3,poisson + nb2 + poisson,-2.7144905254372205,False,False
4,500,1,2,nb2 + zip,-2.4493548284256104,False,False
4,500,2,2,zip + nb2,-2.450889779321843,False,False
4,500,3,3,zip + poisson + poisson,-2.454466754705317,False,False
4,500,4,3,poisson + zip + poisson,-2.456338689404981,False,False
4,500,5,3,poisson + zip + nb2,-2.4569835761533176,False,False
4,500,6,3,poisson + nb2 + zip,-2.457362381797889,False,False
4,500,7,3,poisson + poisson + nb2,-2.4575556116351462,False,False
4,500,8,2,poisson + zip,-2.457943696423882,True,True
4,500,9,2,zip + poisson,-2.458621719525918,True,True
4,500,10,2,zip + zip,-2.459499763798852,False,True
4,1000,1,3,poisson + poisson + nb2,-2.3966402711531556,False,False
4,1000,2,2,nb2 + zip,-2.3968472013475,False,False
4,1000,3,3,nb2 + poisson + nb2,-2.3969110966013094,False,False
4,1000,4,3,poisson + nb2 + poisson,-2.3969310111082307,False,False
4,1000,5,3,poisson + nb2 + zip,-2.3969398849696604,False,False
4,1000,6,2,zip + nb2,-2.3969977358298653,False,False
4,1000,7,3,zip + poisson + poisson,-2.3975919750847066,False,False
4,1000,8,2,poisson + zip,-2.3981066649815523,True,True
4,1000,9,3,poisson + zip + poisson,-2.3981097415949133,False,False
4,1000,10,3,nb2 + nb2 + poisson,-2.3982569201108843,False,False
4,1500,1,3,poisson + nb2 + nb2,-2.4245245629177052,False,False
4,1500,2,3,poisson + zip + poisson,-2.4250960392652043,False,False
4,1500,3,2,nb2 + zip,-2.425131473116382,False,False
4,1500,4,2,zip + poisson,-2.4252891993357673,True,True
4,1500,5,2,zip + nb2,-2.4261621844927905,False,False
4,1500,6,2,poisson + zip,-2.427026462923287,True,True
4,1500,7,2,zip + zip,-2.42707238498101,False,True
4,1500,8,3,nb2 + nb2 + poisson,-2.42816291975219,False,False
4,1500,9,3,zip + poisson + poisson,-2.4285959657559664,False,False
4,1500,10,3,nb2 + poisson + zip,-2.428723783723648,False,False
1,500,1,2,student_t + skew_normal,-1.8779923944883508,False,False
1,500,2,2,student_t + gaussian,-1.8779999217171857,True,True
1,500,3,2,student_t + student_t,-1.878211660156024,False,True
1,500,4,3,student_t + skew_normal + gaussian,-1.8894513101426764,False,False
1,500,5,3,student_t + gaussian + skew_normal,-1.889451332121036,False,False
1,500,6,3,student_t + gaussian + gaussian,-1.889451785173662,False,False
1,500,7,3,student_t + gaussian + student_t,-1.889870671946868,False,False
1,500,8,2,gaussian + student_t,-1.8907424312968986,True,True
1,500,9,2,skew_normal + student_t,-1.890742749414057,False,False
1,500,10,3,gaussian + skew_normal + gaussian,-1.897606604136839,False,False
1,1000,1,3,student_t + gaussian + gaussian,-1.8476249721176674,False,False
1,1000,2,3,student_t + skew_normal + gaussian,-1.8476250988296399,False,False
1,1000,3,2,student_t + student_t,-1.8477929276876737,False,True
1,1000,4,2,student_t + skew_normal,-1.847989871393659,False,False
1,1000,5,2,student_t + gaussian,-1.8479916313803542,True,True
1,1000,6,3,student_t + gaussian + student_t,-1.8481521399190532,False,False
1,1000,7,2,gaussian + student_t,-1.8641550587514442,True,True
1,1000,8,2,skew_normal + student_t,-1.8641555645656223,False,False
1,1000,9,3,skew_normal + gaussian + skew_normal,-1.8800015787747726,False,False
1,1000,10,3,gaussian + gaussian + skew_normal,-1.8800026782864985,False,False
1,1500,1,3,student_t + student_t + skew_normal,-1.8321518301905393,False,False
1,1500,2,3,student_t + student_t + gaussian,-1.832169991793954,False,False
1,1500,3,3,student_t + skew_normal + gaussian,-1.8323437626200287,False,False
1,1500,4,3,student_t + skew_normal + skew_normal,-1.8323441104251128,False,False
1,1500,5,3,student_t + gaussian + gaussian,-1.8323448367683355,False,False
1,1500,6,3,student_t + gaussian + skew_normal,-1.8323451803339856,False,False
1,1500,7,3,student_t + student_t + student_t,-1.8323794081471427,False,False
1,1500,8,3,student_t + skew_normal + student_t,-1.8324734928393163,False,False
1,1500,9,3,student_t + gaussian + student_t,-1.8324774098717629,False,False
1,1500,10,2,student_t + student_t,-1.832929969852078,False,True
2,500,1,2,lognormal + gamma,-1.1386413475453019,True,True
2,500,2,2,gamma + lognormal,-1.1386413475453019,True,True
2,500,3,2,lognormal + lognormal,-1.140002859406216,False,False
2,500,4,2,inverse_gaussian + lognormal,-1.1480457526418186,False,False
2,500,5,2,lognormal + inverse_gaussian,-1.1480457526418186,False,False
2,500,6,3,gamma + inverse_gaussian + gamma,-1.1514275609805034,False,False
2,500,7,3,lognormal + lognormal + gamma,-1.151583267495795,False,False
2,500,8,3,gamma + inverse_gaussian + lognormal,-1.151585135398933,False,False
2,500,9,3,lognormal + inverse_gaussian + gamma,-1.1519839830915957,False,False
2,500,10,3,inverse_gaussian + lognormal + gamma,-1.1544989380308,False,False
2,1000,1,2,lognormal + gamma,-1.151259697499565,True,True
2,1000,2,2,lognormal + lognormal,-1.1519351271950986,False,False
2,1000,3,3,gamma + lognormal + lognormal,-1.1546800704619462,False,False
2,1000,4,3,lognormal + lognormal + lognormal,-1.1553039590935579,False,False
2,1000,5,3,lognormal + lognormal + inverse_gaussian,-1.1559501204080393,False,False
2,1000,6,3,inverse_gaussian + lognormal + lognormal,-1.1559501239688204,False,False
2,1000,7,3,inverse_gaussian + gamma + lognormal,-1.1582605530056134,False,False
2,1000,8,3,gamma + inverse_gaussian + lognormal,-1.1582605530056134,False,False
2,1000,9,3,gamma + lognormal + inverse_gaussian,-1.1582605552634597,False,False
2,1000,10,3,lognormal + inverse_gaussian + gamma,-1.158260557172805,False,False
2,1500,1,2,lognormal + gamma,-1.1435306037381339,True,True
2,1500,2,2,lognormal + lognormal,-1.1437723175180545,False,False
2,1500,3,3,lognormal + lognormal + lognormal,-1.144059552939406,False,False
2,1500,4,2,lognormal + inverse_gaussian,-1.1443079865056007,False,False
2,1500,5,3,gamma + inverse_gaussian + lognormal,-1.1455407280436962,False,False
2,1500,6,3,lognormal + gamma + gamma,-1.146415258526124,False,False
2,1500,7,3,gamma + gamma + lognormal,-1.146415304834928,False,False
2,1500,8,3,lognormal + lognormal + gamma,-1.1485781824769696,False,False
2,1500,9,3,gamma + lognormal + lognormal,-1.1485781826196584,False,False
2,1500,10,3,gamma + lognormal + gamma,-1.149091017413099,False,False
3,500,1,2,poisson + nb2,-2.7025515244379203,True,True
3,500,2,2,nb2 + poisson,-2.7025575647756086,True,True
3,500,3,2,nb2 + nb2,-2.7029531317746587,False,True
3,500,4,2,nb2 + zip,-2.7223804684666053,False,False
3,500,5,3,poisson + poisson + zip,-2.722989974068596,False,False
3,500,6,2,zip + zip,-2.7234321755714612,False,False
3,500,7,2,zip + poisson,-2.7242985915453,False,False
3,500,8,3,zip + poisson + poisson,-2.724507968042458,False,False
3,500,9,3,poisson + nb2 + zip,-2.724619369074292,False,False
3,500,10,2,zip + nb2,-2.7247359825195105,False,False
3,1000,1,3,nb2 + poisson + nb2,-2.7165512132716008,False,False
3,1000,2,2,nb2 + nb2,-2.718092402043304,False,True
3,1000,3,3,nb2 + nb2 + poisson,-2.720216895615739,False,False
3,1000,4,3,poisson + nb2 + nb2,-2.722081735672355,False,False
3,1000,5,3,nb2 + zip + poisson,-2.724527695472519,False,False
3,1000,6,3,poisson + zip + nb2,-2.7296671459787105,False,False
3,1000,7,3,zip + nb2 + poisson,-2.7323441415437015,False,False
3,1000,8,2,poisson + zip,-2.7324649616441983,False,False
3,1000,9,2,zip + zip,-2.7326398988750675,False,False
3,1000,10,2,zip + nb2,-2.7339164373897993,False,False
3,1500,1,2,nb2 + nb2,-2.73129566457479,False,True
3,1500,2,3,nb2 + nb2 + zip,-2.7319656388214386,False,False
3,1500,3,3,nb2 + poisson + zip,-2.732472693089196,False,False
3,1500,4,3,zip + nb2 + zip,-2.7325690527586075,False,False
3,1500,5,3,poisson + nb2 + nb2,-2.733073127874192,False,False
3,1500,6,3,zip + poisson + nb2,-2.73351599518218,False,False
3,1500,7,3,poisson + nb2 + zip,-2.7343563123475967,False,False
3,1500,8,3,poisson + zip + nb2,-2.734773354458483,False,False
3,1500,9,3,nb2 + nb2 + poisson,-2.7349565908089093,False,False
3,1500,10,2,nb2 + zip,-2.7391814023472394,False,False
4,500,1,2,poisson + zip,-2.4576441393089734,True,True
4,500,2,3,nb2 + poisson + nb2,-2.4620213323447797,False,False
4,500,3,3,poisson + poisson + poisson,-2.4625641447129647,False,False
4,500,4,3,poisson + poisson + zip,-2.4627892533288858,False,False
4,500,5,2,zip + zip,-2.4639172615959732,False,True
4,500,6,3,nb2 + nb2 + poisson,-2.4640161219834966,False,False
4,500,7,2,zip + nb2,-2.4645468034724765,False,False
4,500,8,3,poisson + nb2 + poisson,-2.4645628720543042,False,False
4,500,9,2,nb2 + zip,-2.4654266979564783,False,False
4,500,10,3,zip + zip + poisson,-2.4661531277724924,False,False
4,1000,1,2,zip + nb2,-2.423018953730515,False,False
4,1000,2,3,poisson + nb2 + poisson,-2.4231555674846086,False,False
4,1000,3,2,poisson + zip,-2.4247862017121693,True,True
4,1000,4,2,nb2 + zip,-2.4251227183921067,False,False
4,1000,5,3,poisson + nb2 + nb2,-2.4252594108624415,False,False
4,1000,6,2,zip + zip,-2.4252634871935035,False,True
4,1000,7,2,zip + poisson,-2.4254357971605485,True,True
4,1000,8,3,poisson + zip + poisson,-2.425488447802701,False,False
4,1000,9,3,zip + poisson + poisson,-2.4258816829786753,False,False
4,1000,10,3,nb2 + nb2 + poisson,-2.426899812232612,False,False
4,1500,1,2,nb2 + zip,-2.425783634808574,False,False
4,1500,2,2,zip + nb2,-2.4266773966369284,False,False
4,1500,3,2,poisson + zip,-2.426763267113116,True,True
4,1500,4,3,nb2 + poisson + poisson,-2.4269127253922145,False,False
4,1500,5,2,zip + poisson,-2.4269415043722056,True,True
4,1500,6,3,zip + nb2 + poisson,-2.427157562244155,False,False
4,1500,7,2,zip + zip,-2.427412717213849,False,True
4,1500,8,3,poisson + zip + poisson,-2.4274625453884155,False,False
4,1500,9,3,zip + poisson + poisson,-2.427997622174609,False,False
4,1500,10,3,poisson + poisson + zip,-2.428196708848936,False,False
1,500,1,2,student_t + student_t,-1.8472201676718656,False,True
1,500,2,2,student_t + skew_normal,-1.847490462183644,False,False
1,500,3,2,student_t + gaussian,-1.8474926815504764,True,True
1,500,4,3,student_t + student_t + gaussian,-1.847750573706394,False,False
1,500,5,3,student_t + gaussian + skew_normal,-1.8478705331204301,False,False
1,500,6,3,student_t + skew_normal + gaussian,-1.8478716406379987,False,False
1,500,7,3,student_t + gaussian + gaussian,-1.8478723690682526,False,False
1,500,8,3,student_t + gaussian + student_t,-1.8488096369175213,False,False
1,500,9,3,gaussian + student_t + gaussian,-1.8535994985294846,False,False
1,500,10,2,gaussian + student_t,-1.8587733305190342,True,True
1,1000,1,2,student_t + student_t,-1.846534842995726,False,True
1,1000,2,2,student_t + skew_normal,-1.8467115693041765,False,False
1,1000,3,2,student_t + gaussian,-1.8467227349372297,True,True
1,1000,4,3,student_t + skew_normal + student_t,-1.849093066629188,False,False
1,1000,5,3,student_t + gaussian + student_t,-1.8490931802283792,False,False
1,1000,6,3,student_t + student_t + gaussian,-1.8492100051425941,False,False
1,1000,7,3,student_t + student_t + skew_normal,-1.8492133858532596,False,False
1,1000,8,3,student_t + student_t + student_t,-1.849268912174152,False,False
1,1000,9,3,student_t + skew_normal + skew_normal,-1.8493496890872108,False,False
1,1000,10,3,student_t + gaussian + skew_normal,-1.8493497849521896,False,False
1,1500,1,2,student_t + student_t,-1.8439321799997,False,True
1,1500,2,2,student_t + skew_normal,-1.8440708637860204,False,False
1,1500,3,2,student_t + gaussian,-1.8440709236502921,True,True
1,1500,4,3,student_t + skew_normal + student_t,-1.8444196245461222,False,False
1,1500,5,3,student_t + gaussian + student_t,-1.8444201101962836,False,False
1,1500,6,3,student_t + gaussian + skew_normal,-1.845367946039523,False,False
1,1500,7,3,student_t + gaussian + gaussian,-1.845368216334367,False,False
1,1500,8,3,student_t + skew_normal + skew_normal,-1.845368426480596,False,False
1,1500,9,3,student_t + skew_normal + gaussian,-1.8453686952835624,False,False
1,1500,10,3,student_t + student_t + student_t,-1.8454096662085981,False,False
2,500,1,2,lognormal + gamma,-1.0783651162322148,True,True
2,500,2,2,gamma + lognormal,-1.0783651162322148,True,True
2,500,3,3,gamma + inverse_gaussian + lognormal,-1.0795004061070022,False,False
2,500,4,2,lognormal + lognormal,-1.0796625089338563,False,False
2,500,5,2,inverse_gaussian + lognormal,-1.084104705978884,False,False
2,500,6,3,inverse_gaussian + lognormal + lognormal,-1.0947184570739446,False,False
2,500,7,3,inverse_gaussian + lognormal + gamma,-1.0951979878645939,False,False
2,500,8,3,lognormal + inverse_gaussian + gamma,-1.0951979878645939,False,False
2,500,9,3,lognormal + gamma + gamma,-1.0967079373607567,False,False
2,500,10,3,gamma + gamma + lognormal,-1.096707937469391,False,False
2,1000,1,2,lognormal + lognormal,-1.1200862853829454,False,False
2,1000,2,2,gamma + lognormal,-1.1211357785486797,True,True
2,1000,3,3,lognormal + lognormal + lognormal,-1.121180316783387,False,False
2,1000,4,3,gamma + lognormal + lognormal,-1.1216898102708606,False,False
2,1000,5,3,inverse_gaussian + lognormal + lognormal,-1.1221681020112275,False,False
2,1000,6,3,gamma + gamma + lognormal,-1.1226315297740244,False,False
2,1000,7,3,lognormal + gamma + lognormal,-1.1226337409374756,False,False
2,1000,8,3,lognormal + lognormal + gamma,-1.1231007646636113,False,False
2,1000,9,3,lognormal + gamma + gamma,-1.1237029726079817,False,False
2,1000,10,3,gamma + lognormal + inverse_gaussian,-1.1239498422320024,False,False
2,1500,1,2,lognormal + gamma,-1.0734565569363077,True,True
2,1500,2,2,gamma + lognormal,-1.073457820782021,True,True
2,1500,3,3,lognormal + inverse_gaussian + gamma,-1.074488562029258,False,False
2,1500,4,3,gamma + inverse_gaussian + lognormal,-1.0744885625285543,False,False
2,1500,5,3,gamma + lognormal + inverse_gaussian,-1.0746180065899045,False,False
2,1500,6,3,gamma + gamma + lognormal,-1.0749849655504076,False,False
2,1500,7,2,lognormal + lognormal,-1.0755510834397228,False,False
2,1500,8,3,lognormal + lognormal + gamma,-1.076396458303466,False,False
2,1500,9,3,gamma + lognormal + lognormal,-1.0765172103791327,False,False
2,1500,10,3,inverse_gaussian + lognormal + lognormal,-1.0767462174190172,False,False
3,500,1,2,nb2 + nb2,-2.72241890199692,False,True
3,500,2,3,poisson + zip + nb2,-2.7326161223645173,False,False
3,500,3,2,poisson + zip,-2.7394226037886646,False,False
3,500,4,2,zip + zip,-2.7399913447697073,False,False
3,500,5,3,zip + poisson + poisson,-2.7407392898439418,False,False
3,500,6,3,poisson + nb2 + nb2,-2.7426983480700065,False,False
3,500,7,2,zip + poisson,-2.7449946495689512,False,False
3,500,8,3,poisson + zip + poisson,-2.745456701087697,False,False
3,500,9,2,nb2 + zip,-2.7477109204231303,False,False
3,500,10,3,poisson + nb2 + zip,-2.7488490732680564,False,False
3,1000,1,3,zip + poisson + nb2,-2.689627586549107,False,False
3,1000,2,2,nb2 + nb2,-2.6917827536535617,False,True
3,1000,3,3,nb2 + nb2 + poisson,-2.6924604897035698,False,False
3,1000,4,3,nb2 + poisson + nb2,-2.693930136019038,False,False
3,1000,5,3,nb2 + zip + poisson,-2.6966786659591047,False,False
3,1000,6,3,poisson + poisson + poisson,-2.6966893241017,False,False
3,1000,7,3,zip + nb2 + poisson,-2.697265435912844,False,False
3,1000,8,2,zip + nb2,-2.701764778812391,False,False
3,1000,9,2,poisson + zip,-2.7022825572148776,False,False
3,1000,10,2,nb2 + zip,-2.7038242212510295,False,False
3,1500,1,3,nb2 + zip + nb2,-2.734569481287526,False,False
3,1500,2,3,zip + nb2 + nb2,-2.7346888048817837,False,False
3,1500,3,3,nb2 + nb2 + zip,-2.7347670401519366,False,False
3,1500,4,3,nb2 + nb2 + nb2,-2.7349300334056394,False,False
3,1500,5,3,nb2 + poisson + nb2,-2.7352292066581416,False,False
3,1500,6,3,poisson + nb2 + nb2,-2.735250357548475,False,False
3,1500,7,2,nb2 + nb2,-2.7356089206859586,False,True
3,1500,8,3,nb2 + nb2 + poisson,-2.7374473498418492,False,False
3,1500,9,3,poisson + poisson + poisson,-2.7401853187624545,False,False
3,1500,10,3,poisson + nb2 + poisson,-2.7415921284400975,False,False
4,500,1,2,nb2 + zip,-2.455631201330429,False,False
4,500,2,2,zip + nb2,-2.456699247593909,False,False
4,500,3,3,nb2 + zip + poisson,-2.4590493410738543,False,False
4,500,4,3,poisson + nb2 + zip,-2.4595496548044538,False,False
4,500,5,3,poisson + zip + poisson,-2.46066592228744,False,False
4,500,6,3,zip + poisson + zip,-2.4609697599126186,False,False
4,500,7,2,zip + poisson,-2.46264404805529,True,True
4,500,8,3,poisson + nb2 + poisson,-2.4635336983219958,False,False
4,500,9,3,zip + poisson + poisson,-2.46424160241966,False,False
4,500,10,2,poisson + zip,-2.4668197969518433,True,True
4,1000,1,3,nb2 + zip + poisson,-2.4218581502476373,False,False
4,1000,2,2,zip + poisson,-2.4223378648596925,True,True
4,1000,3,2,poisson + zip,-2.4226795470958478,True,True
4,1000,4,2,zip + zip,-2.42288906282823,False,True
4,1000,5,2,zip + nb2,-2.4250587033728386,False,False
4,1000,6,2,nb2 + zip,-2.425149313484263,False,False
4,1000,7,3,poisson + poisson + nb2,-2.4252675013614287,False,False
4,1000,8,3,poisson + nb2 + poisson,-2.426055539583694,False,False
4,1000,9,3,poisson + nb2 + zip,-2.426394809505397,False,False
4,1000,10,3,nb2 + poisson + poisson,-2.4267289963339445,False,False
4,1500,1,2,zip + poisson,-2.4530915534925115,True,True
4,1500,2,2,zip + zip,-2.453649121295138,False,True
4,1500,3,2,poisson + zip,-2.454538143552124,True,True
4,1500,4,3,nb2 + poisson + zip,-2.4545863521711406,False,False
4,1500,5,3,nb2 + nb2 + poisson,-2.4546304773143475,False,False
4,1500,6,3,poisson + poisson + nb2,-2.45485788937239,False,False
4,1500,7,2,nb2 + zip,-2.4550809290703133,False,False
4,1500,8,3,poisson + nb2 + poisson,-2.4555780989909164,False,False
4,1500,9,2,zip + nb2,-2.455753360337234,False,False
4,1500,10,3,zip + poisson + poisson,-2.4559440062023437,False,False
1,500,1,2,student_t + gaussian,-1.8766294114958069,True,True
1,500,2,2,student_t + skew_normal,-1.876630906541778,False,False
1,500,3,2,student_t + student_t,-1.8770851374791921,False,True
1,500,4,3,student_t + gaussian + student_t,-1.8839397564474194,False,False
1,500,5,3,student_t + skew_normal + gaussian,-1.886567813620818,False,False
1,500,6,3,student_t + gaussian + gaussian,-1.8865726715459328,False,False
1,500,7,3,student_t + gaussian + skew_normal,-1.8865730173446857,False,False
1,500,8,3,student_t + student_t + gaussian,-1.887116177125122,False,False
1,500,9,2,gaussian + student_t,-1.8880393214915452,True,True
1,500,10,2,skew_normal + student_t,-1.8880400322423738,False,False
1,1000,1,3,student_t + skew_normal + student_t,-1.8740769917174922,False,False
1,1000,2,3,student_t + gaussian + student_t,-1.8740772350033787,False,False
1,1000,3,3,student_t + student_t + student_t,-1.8740973083064887,False,False
1,1000,4,3,student_t + student_t + gaussian,-1.8742477807288678,False,False
1,1000,5,3,student_t + student_t + skew_normal,-1.8742541358173839,False,False
1,1000,6,3,student_t + gaussian + gaussian,-1.874257158853829,False,False
1,1000,7,3,student_t + gaussian + skew_normal,-1.8742571597823996,False,False
1,1000,8,3,student_t + skew_normal + gaussian,-1.8742571650803097,False,False
1,1000,9,3,student_t + skew_normal + skew_normal,-1.8742571685402245,False,False
1,1000,10,2,student_t + student_t,-1.8751860215668208,False,True
1,1500,1,2,student_t + gaussian,-1.8627435264620327,True,True
1,1500,2,2,student_t + skew_normal,-1.8627437501683988,False,False
1,1500,3,2,student_t + student_t,-1.863185863137923,False,True
1,1500,4,3,student_t + student_t + gaussian,-1.8664796113517912,False,False
1,1500,5,3,student_t + student_t + skew_normal,-1.8664803814265287,False,False
1,1500,6,3,student_t + gaussian + skew_normal,-1.8666227727869231,False,False
1,1500,7,3,student_t + gaussian + gaussian,-1.8666243083827623,False,False
1,1500,8,3,student_t + skew_normal + skew_normal,-1.8667492732989694,False,False
1,1500,9,3,student_t + skew_normal + gaussian,-1.8667515835891182,False,False
1,1500,10,3,student_t + gaussian + student_t,-1.867483030631032,False,False
2,500,1,2,lognormal + gamma,-1.190769960266955,True,True
2,500,2,2,lognormal + lognormal,-1.192055117503296,False,False
2,500,3,3,gamma + lognormal + lognormal,-1.1936479630595207,False,False
2,500,4,3,lognormal + lognormal + lognormal,-1.1957340947200656,False,False
2,500,5,3,lognormal + gamma + lognormal,-1.1987530072660415,False,False
2,500,6,3,lognormal + lognormal + gamma,-1.198753007380272,False,False
2,500,7,3,gamma + lognormal + inverse_gaussian,-1.2018320645516696,False,False
2,500,8,3,gamma + inverse_gaussian + lognormal,-1.2018321000921182,False,False
2,500,9,3,lognormal + inverse_gaussian + gamma,-1.201832124200574,False,False
2,500,10,3,lognormal + inverse_gaussian + lognormal,-1.2021097635012457,False,False
2,1000,1,2,lognormal + gamma,-1.1168474270315654,True,True
2,1000,2,2,gamma + lognormal,-1.1168474270315654,True,True
2,1000,3,3,lognormal + gamma + lognormal,-1.1173233767043396,False,False
2,1000,4,3,lognormal + lognormal + gamma,-1.117323382888419,False,False
2,1000,5,3,gamma + lognormal + lognormal,-1.117336532711406,False,False
2,1000,6,2,lognormal + lognormal,-1.1178942779202654,False,False
2,1000,7,3,lognormal + lognormal + lognormal,-1.1182003853305686,False,False
2,1000,8,3,lognormal + inverse_gaussian + gamma,-1.1191017834107277,False,False
2,1000,9,3,gamma + inverse_gaussian + lognormal,-1.119101793631081,False,False
2,1000,10,3,lognormal + gamma + inverse_gaussian,-1.120148929700727,False,False
2,1500,1,2,lognormal + gamma,-1.1447465294982495,True,True
2,1500,2,2,gamma + lognormal,-1.1447465294982495,True,True
2,1500,3,2,lognormal + lognormal,-1.1468851873934123,False,False
2,1500,4,2,inverse_gaussian + lognormal,-1.149347321450839,False,False
2,1500,5,2,lognormal + inverse_gaussian,-1.149347321450839,False,False
2,1500,6,3,gamma + lognormal + lognormal,-1.1494534994902341,False,False
2,1500,7,3,gamma + inverse_gaussian + lognormal,-1.1497798922424411,False,False
2,1500,8,3,lognormal + lognormal + lognormal,-1.1508316663007763,False,False
2,1500,9,3,lognormal + gamma + gamma,-1.1510706958885508,False,False
2,1500,10,3,gamma + lognormal + gamma,-1.1510707252541656,False,False
3,500,1,2,nb2 + nb2,-2.7058497480810106,False,True
3,500,2,3,poisson + zip + poisson,-2.717254440151336,False,False
3,500,3,3,poisson + zip + nb2,-2.720517410989107,False,False
3,500,4,3,poisson + poisson + poisson,-2.720595857108556,False,False
3,500,5,3,poisson + poisson + zip,-2.7236051408524857,False,False
3,500,6,3,zip + nb2 + poisson,-2.7256454149269658,False,False
3,500,7,3,nb2 + zip + poisson,-2.7267015049312597,False,False
3,500,8,3,nb2 + poisson + zip,-2.7280070263816136,False,False
3,500,9,2,nb2 + zip,-2.7312249445410255,False,False
3,500,10,2,zip + nb2,-2.732180801327425,False,False
3,1000,1,2,nb2 + nb2,-2.7118005451112475,False,True
3,1000,2,3,poisson + nb2 + nb2,-2.7134191606669043,False,False
3,1000,3,3,nb2 + nb2 + poisson,-2.714361701124767,False,False
3,1000,4,3,nb2 + zip + nb2,-2.7151182723122673,False,False
3,1000,5,3,poisson + nb2 + zip,-2.7194903983531744,False,False
3,1000,6,3,poisson + poisson + nb2,-2.720829909945278,False,False
3,1000,7,3,zip + nb2 + poisson,-2.7209107402910564,False,False
3,1000,8,3,poisson + poisson + poisson,-2.721213895465043,False,False
3,1000,9,3,nb2 + zip + poisson,-2.722241242255793,False,False
3,1000,10,3,poisson + zip + nb2,-2.7228708413975355,False,False
3,1500,1,2,nb2 + nb2,-2.709565774906895,False,True
3,1500,2,3,poisson + nb2 + nb2,-2.709842034776141,False,False
3,1500,3,3,nb2 + nb2 + nb2,-2.711382307165871,False,False
3,1500,4,3,nb2 + zip + nb2,-2.7117603496441522,False,False
3,1500,5,3,zip + nb2 + nb2,-2.7118072738604524,False,False
3,1500,6,3,nb2 + poisson + nb2,-2.712616969616303,False,False
3,1500,7,3,nb2 + nb2 + zip,-2.713299679952088,False,False
3,1500,8,3,nb2 + nb2 + poisson,-2.713621653324687,False,False
3,1500,9,3,poisson + zip + zip,-2.714270810840152,False,False
3,1500,10,3,zip + poisson + poisson,-2.715276150560895,False,False
4,500,1,2,zip + poisson,-2.4457482080988107,True,True
4,500,2,2,zip + nb2,-2.4457887013090702,False,False
4,500,3,2,zip + zip,-2.4465672842473634,False,True
4,500,4,2,nb2 + zip,-2.447788369447908,False,False
4,500,5,2,poisson + zip,-2.4483700665422767,True,True
4,500,6,3,zip + poisson + poisson,-2.4497867324731795,False,False
4,500,7,3,poisson + nb2 + poisson,-2.4522417942730046,False,False
4,500,8,3,nb2 + poisson + poisson,-2.452370495560674,False,False
4,500,9,3,poisson + nb2 + zip,-2.4524347270394062,False,False
4,500,10,3,poisson + poisson + zip,-2.4527446568623956,False,False
4,1000,1,3,nb2 + poisson + nb2,-2.443798638754122,False,False
4,1000,2,2,zip + poisson,-2.445376809458886,True,True
4,1000,3,3,nb2 + poisson + poisson,-2.4454882623596714,False,False
4,1000,4,2,zip + nb2,-2.445776269143495,False,False
4,1000,5,2,poisson + zip,-2.445975474950536,True,True
4,1000,6,3,nb2 + nb2 + poisson,-2.4460239956861924,False,False
4,1000,7,2,zip + zip,-2.4461384559761137,False,True
4,1000,8,2,nb2 + zip,-2.446209475929008,False,False
4,1000,9,3,zip + poisson + poisson,-2.4463741691465675,False,False
4,1000,10,3,poisson + zip + nb2,-2.447120837399167,False,False
4,1500,1,2,poisson + zip,-2.410255653054335,True,True
4,1500,2,2,zip + zip,-2.4104528741245757,False,True
4,1500,3,2,zip + poisson,-2.410524135424319,True,True
4,1500,4,3,nb2 + poisson + poisson,-2.4115482442543676,False,False
4,1500,5,3,poisson + poisson + nb2,-2.4115834342349616,False,False
4,1500,6,2,zip + nb2,-2.411770638562656,False,False
4,1500,7,2,nb2 + zip,-2.4117829287601706,False,False
4,1500,8,3,nb2 + poisson + nb2,-2.4118621407912926,False,False
4,1500,9,3,poisson + zip + poisson,-2.412141635012909,False,False
4,1500,10,3,nb2 + nb2 + poisson,-2.4123983639140305,False,False
1,500,1,2,student_t + skew_normal,-1.8647904693641464,False,False
1,500,2,2,student_t + gaussian,-1.8648314783815276,True,True
1,500,3,2,student_t + student_t,-1.8669901567501406,False,True
1,500,4,2,skew_normal + student_t,-1.8848361735790824,False,False
1,500,5,2,gaussian + student_t,-1.8848385660319986,True,True
1,500,6,3,student_t + gaussian + student_t,-1.8951385526031725,False,False
1,500,7,3,student_t + student_t + gaussian,-1.898318532364648,False,False
1,500,8,3,student_t + gaussian + gaussian,-1.900037575115216,False,False
1,500,9,3,student_t + gaussian + skew_normal,-1.9000387037267725,False,False
1,500,10,3,student_t + skew_normal + gaussian,-1.9000390905456357,False,False
1,1000,1,2,student_t + student_t,-1.8878527691697204,False,True
1,1000,2,2,student_t + skew_normal,-1.8879194462551854,False,False
1,1000,3,2,student_t + gaussian,-1.8879216107899375,True,True
1,1000,4,3,student_t + skew_normal + skew_normal,-1.8916117433400668,False,False
1,1000,5,3,student_t + gaussian + skew_normal,-1.8916123997711702,False,False
1,1000,6,3,student_t + skew_normal + gaussian,-1.8917423026231572,False,False
1,1000,7,3,student_t + gaussian + gaussian,-1.8917430303136333,False,False
1,1000,8,3,student_t + skew_normal + student_t,-1.8919539363434843,False,False
1,1000,9,3,student_t + gaussian + student_t,-1.8919543999764605,False,False
1,1000,10,3,student_t + student_t + gaussian,-1.8922794291021319,False,False
1,1500,1,2,student_t + skew_normal,-1.8356125321322507,False,False
1,1500,2,2,student_t + gaussian,-1.8356125335331681,True,True
1,1500,3,2,student_t + student_t,-1.8363208701154936,False,True
1,1500,4,3,student_t + skew_normal + gaussian,-1.8382343130587715,False,False
1,1500,5,3,student_t + skew_normal + skew_normal,-1.838235711457976,False,False
1,1500,6,3,student_t + gaussian + gaussian,-1.83825711877669,False,False
1,1500,7,3,student_t + gaussian + skew_normal,-1.8382583669976604,False,False
1,1500,8,3,student_t + student_t + gaussian,-1.8390668517769346,False,False
1,1500,9,3,student_t + student_t + skew_normal,-1.8390978562384244,False,False
1,1500,10,3,student_t + student_t + student_t,-1.8393103101067143,False,False
2,500,1,2,lognormal + gamma,-1.1086367948446858,True,True
2,500,2,2,lognormal + lognormal,-1.1096078385102137,False,False
2,500,3,2,inverse_gaussian + lognormal,-1.1121601791509912,False,False
2,500,4,2,lognormal + inverse_gaussian,-1.1121601791509912,False,False
2,500,5,2,inverse_gaussian + gamma,-1.1147348240005284,False,False
2,500,6,2,inverse_gaussian + inverse_gaussian,-1.1190348035093902,False,False
2,500,7,3,lognormal + lognormal + lognormal,-1.130665094776974,False,False
2,500,8,3,lognormal + gamma + lognormal,-1.1306871796372056,False,False
2,500,9,3,inverse_gaussian + lognormal + lognormal,-1.1357844911166515,False,False
2,500,10,3,lognormal + lognormal + inverse_gaussian,-1.1379433357837105,False,False
2,1000,1,2,lognormal + gamma,-1.0953563338491654,True,True
2,1000,2,2,gamma + lognormal,-1.0953563338491654,True,True
2,1000,3,2,lognormal + lognormal,-1.0960328964102957,False,False
2,1000,4,3,lognormal + gamma + lognormal,-1.0992959278514696,False,False
2,1000,5,3,lognormal + lognormal + gamma,-1.0992959291747335,False,False
2,1000,6,3,lognormal + lognormal + lognormal,-1.0999043051124877,False,False
2,1000,7,3,gamma + lognormal + lognormal,-1.100219277568984,False,False
2,1000,8,3,inverse_gaussian + gamma + gamma,-1.100223849390086,False,False
2,1000,9,3,gamma + gamma + inverse_gaussian,-1.1002238495116365,False,False
2,1000,10,3,gamma + inverse_gaussian + gamma,-1.1002254142258165,False,False
2,1500,1,2,gamma + lognormal,-1.0822906744576717,True,True
2,1500,2,3,lognormal + gamma + inverse_gaussian,-1.0833015357574776,False,False
2,1500,3,3,gamma + inverse_gaussian + lognormal,-1.0833015415624365,False,False
2,1500,4,2,lognormal + lognormal,-1.083636349247627,False,False
2,1500,5,3,lognormal + lognormal + gamma,-1.0847190295248257,False,False
2,1500,6,3,lognormal + gamma + lognormal,-1.0847190708235832,False,False
2,1500,7,3,gamma + lognormal + lognormal,-1.0847190729550835,False,False
2,1500,8,3,inverse_gaussian + lognormal + gamma,-1.085045314945349,False,False
2,1500,9,3,lognormal + lognormal + inverse_gaussian,-1.0852770229388333,False,False
2,1500,10,3,inverse_gaussian + lognormal + lognormal,-1.0852770241257927,False,False
3,500,1,2,nb2 + nb2,-2.6946692925332556,False,True
3,500,2,3,nb2 + nb2 + poisson,-2.700690329171142,False,False
3,500,3,2,zip + nb2,-2.7051862309896233,False,False
3,500,4,3,poisson + nb2 + nb2,-2.7071452939454694,False,False
3,500,5,3,nb2 + poisson + nb2,-2.708627131772665,False,False
3,500,6,3,zip + poisson + nb2,-2.7118998258355167,False,False
3,500,7,3,zip + nb2 + poisson,-2.7156706831860293,False,False
3,500,8,3,nb2 + poisson + poisson,-2.7167630587534126,False,False
3,500,9,2,nb2 + zip,-2.7172810589124783,False,False
3,500,10,3,poisson + nb2 + poisson,-2.7174460250680306,False,False
3,1000,1,2,nb2 + nb2,-2.729063455603549,False,True
3,1000,2,3,poisson + nb2 + nb2,-2.7323001057277767,False,False
3,1000,3,3,nb2 + nb2 + poisson,-2.7346747264263884,False,False
3,1000,4,3,nb2 + poisson + nb2,-2.7358347044010927,False,False
3,1000,5,3,nb2 + poisson + zip,-2.7377892556814136,False,False
3,1000,6,3,poisson + zip + poisson,-2.7387102892607835,False,False
3,1000,7,3,poisson + nb2 + zip,-2.739917436242433,False,False
3,1000,8,3,zip + poisson + poisson,-2.7402619359843885,False,False
3,1000,9,3,nb2 + zip + poisson,-2.740373187187385,False,False
3,1000,10,3,poisson + nb2 + poisson,-2.740542126185722,False,False
3,1500,1,2,nb2 + nb2,-2.6826089777766002,False,True
3,1500,2,3,poisson + nb2 + nb2,-2.6828277073451083,False,False
3,1500,3,3,zip + nb2 + nb2,-2.6844995139410948,False,False
3,1500,4,3,nb2 + poisson + nb2,-2.6852649270098996,False,False
3,1500,5,3,nb2 + nb2 + zip,-2.685702828227759,False,False
3,1500,6,3,nb2 + nb2 + poisson,-2.6857809133386845,False,False
3,1500,7,3,nb2 + zip + nb2,-2.687428400232408,False,False
3,1500,8,3,zip + zip + zip,-2.6907690695900857,False,False
3,1500,9,3,poisson + poisson + poisson,-2.691583007966801,False,False
3,1500,10,3,nb2 + poisson + poisson,-2.701085532266702,False,False
4,500,1,3,poisson + poisson + zip,-2.4474097072047942,False,False
4,500,2,2,poisson + zip,-2.4573366495125804,True,True
4,500,3,2,zip + poisson,-2.459845066491629,True,True
4,500,4,2,nb2 + zip,-2.4607776795108802,False,False
4,500,5,2,zip + nb2,-2.4610316907085563,False,False
4,500,6,3,poisson + poisson + nb2,-2.4611905551291664,False,False
4,500,7,2,zip + zip,-2.4617563431592533,False,True
4,500,8,2,nb2 + nb2,-2.463050382862902,False,False
4,500,9,3,nb2 + poisson + poisson,-2.4631168481614596,False,False
4,500,10,3,poisson + zip + poisson,-2.4633251094269144,False,False
4,1000,1,3,nb2 + poisson + poisson,-2.460870114116119,False,False
4,1000,2,2,zip + nb2,-2.4610145164213435,False,False
4,1000,3,3,poisson + zip + nb2,-2.461709129217128,False,False
4,1000,4,2,nb2 + zip,-2.462108631144768,False,False
4,1000,5,3,poisson + zip + poisson,-2.4628001646032036,False,False
4,1000,6,2,poisson + zip,-2.462910519040492,True,True
4,1000,7,2,zip + zip,-2.463040371034602,False,True
4,1000,8,3,poisson + poisson + zip,-2.4631155938064375,False,False
4,1000,9,2,zip + poisson,-2.4631504788661016,True,True
4,1000,10,3,zip + poisson + poisson,-2.4633468254356194,False,False
4,1500,1,2,poisson + zip,-2.4080780303633533,True,True
4,1500,2,2,zip + poisson,-2.4088412807206714,True,True
4,1500,3,3,poisson + poisson + poisson,-2.408856958446703,False,False
4,1500,4,2,zip + zip,-2.4092458890250903,False,True
4,1500,5,3,poisson + poisson + zip,-2.4104551844183515,False,False
4,1500,6,2,nb2 + zip,-2.4105334978526733,False,False
4,1500,7,3,poisson + nb2 + zip,-2.410591925942087,False,False
4,1500,8,3,nb2 + zip + poisson,-2.410888092337319,False,False
4,1500,9,2,zip + nb2,-2.411135107846658,False,False
4,1500,10,3,zip + poisson + nb2,-2.4116481000826133,False,False
1,500,1,3,student_t + gaussian + gaussian,-1.872378342048191,False,False
1,500,2,3,student_t + gaussian + student_t,-1.872974987478893,False,False
1,500,3,2,student_t + student_t,-1.873269931357045,False,True
1,500,4,2,student_t + gaussian,-1.8733414208894956,True,True
1,500,5,3,gaussian + gaussian + student_t,-1.8733551849460832,False,False
1,500,6,3,gaussian + skew_normal + student_t,-1.87335639635978,False,False
1,500,7,2,student_t + skew_normal,-1.8738311231494271,False,False
1,500,8,3,gaussian + student_t + student_t,-1.8740623574507422,False,False
1,500,9,2,skew_normal + gaussian,-1.8741485232747321,False,False
1,500,10,2,gaussian + gaussian,-1.8741493269727156,False,False
1,1000,1,2,student_t + student_t,-1.8363919792206695,False,True
1,1000,2,2,student_t + skew_normal,-1.8367474927039884,False,False
1,1000,3,2,student_t + gaussian,-1.8367681397464035,True,True
1,1000,4,3,student_t + student_t + student_t,-1.8392206880134117,False,False
1,1000,5,3,student_t + student_t + skew_normal,-1.83928175451893,False,False
1,1000,6,3,student_t + student_t + gaussian,-1.8392821630688572,False,False
1,1000,7,3,student_t + gaussian + student_t,-1.8394547902808345,False,False
1,1000,8,3,student_t + skew_normal + student_t,-1.839454846891234,False,False
1,1000,9,3,student_t + skew_normal + gaussian,-1.8396143629739654,False,False
1,1000,10,3,student_t + skew_normal + skew_normal,-1.8396143753157954,False,False
1,1500,1,2,student_t + gaussian,-1.8381810345254854,True,True
1,1500,2,2,student_t + skew_normal,-1.838182380922581,False,False
1,1500,3,2,student_t + student_t,-1.8382129451429305,False,True
1,1500,4,3,student_t + gaussian + skew_normal,-1.8382956362767566,False,False
1,1500,5,3,student_t + gaussian + gaussian,-1.8382958534851723,False,False
1,1500,6,3,student_t + skew_normal + skew_normal,-1.8382958605572117,False,False
1,1500,7,3,student_t + skew_normal + gaussian,-1.8382960503333843,False,False
1,1500,8,3,student_t + skew_normal + student_t,-1.8384317664533436,False,False
1,1500,9,3,student_t + gaussian + student_t,-1.8384319206128161,False,False
1,1500,10,3,student_t + student_t + gaussian,-1.8392345458174486,False,False
2,500,1,2,lognormal + gamma,-1.0679074080702118,True,True
2,500,2,2,gamma + lognormal,-1.0679074080702118,True,True
2,500,3,2,lognormal + lognormal,-1.068361396668508,False,False
2,500,4,2,inverse_gaussian + lognormal,-1.0718855070838262,False,False
2,500,5,2,lognormal + inverse_gaussian,-1.0718855070838262,False,False
2,500,6,2,gamma + inverse_gaussian,-1.090630016528498,False,False
2,500,7,2,inverse_gaussian + inverse_gaussian,-1.0942013892025588,False,False
2,500,8,3,lognormal + lognormal + gamma,-1.094838508002928,False,False
2,500,9,3,lognormal + gamma + lognormal,-1.0951413132508,False,False
2,500,10,3,gamma + lognormal + lognormal,-1.0955565126176274,False,False
2,1000,1,2,lognormal + gamma,-1.101751279492678,True,True
2,1000,2,2,gamma + lognormal,-1.101751279492678,True,True
2,1000,3,2,lognormal + lognormal,-1.1036075160471464,False,False
2,1000,4,3,inverse_gaussian + gamma + lognormal,-1.1039176854123234,False,False
2,1000,5,3,lognormal + gamma + lognormal,-1.1041430812712256,False,False
2,1000,6,3,gamma + inverse_gaussian + gamma,-1.105110573094934,False,False
2,1000,7,3,inverse_gaussian + gamma + gamma,-1.105110573094934,False,False
2,1000,8,3,gamma + gamma + inverse_gaussian,-1.1051105778429673,False,False
2,1000,9,3,gamma + lognormal + gamma,-1.105226195939467,False,False
2,1000,10,3,lognormal + gamma + gamma,-1.1052262274099425,False,False
2,1500,1,2,lognormal + lognormal,-1.2209219415781742,False,False
2,1500,2,2,lognormal + gamma,-1.2219517313259718,True,True
2,1500,3,3,inverse_gaussian + lognormal + lognormal,-1.2229659372554715,False,False
2,1500,4,3,lognormal + lognormal + inverse_gaussian,-1.2231333387461563,False,False
2,1500,5,3,gamma + lognormal + inverse_gaussian,-1.2239174547931753,False,False
2,1500,6,3,lognormal + inverse_gaussian + lognormal,-1.2240044097731348,False,False
2,1500,7,3,lognormal + inverse_gaussian + gamma,-1.2246596057948695,False,False
2,1500,8,3,lognormal + gamma + inverse_gaussian,-1.2249172812851388,False,False
2,1500,9,3,lognormal + lognormal + lognormal,-1.2256976467907779,False,False
2,1500,10,3,lognormal + lognormal + gamma,-1.2265345847454852,False,False
3,500,1,2,nb2 + nb2,-2.737866303450445,False,True
3,500,2,3,poisson + zip + nb2,-2.7614193683704316,False,False
3,500,3,3,zip + poisson + nb2,-2.762137610732463,False,False
3,500,4,3,poisson + poisson + poisson,-2.767330189945981,False,False
3,500,5,2,nb2 + zip,-2.7674090337460293,False,False
3,500,6,2,zip + nb2,-2.767499319642921,False,False
3,500,7,3,nb2 + zip + poisson,-2.7680470542123192,False,False
3,500,8,3,poisson + poisson + nb2,-2.771111906364189,False,False
3,500,9,2,zip + poisson,-2.7722294211459664,False,False
3,500,10,3,poisson + zip + poisson,-2.7722297845360933,False,False
3,1000,1,2,nb2 + nb2,-2.709909564892965,False,True
3,1000,2,3,nb2 + poisson + nb2,-2.712572014216742,False,False
3,1000,3,3,nb2 + nb2 + poisson,-2.717293011125975,False,False
3,1000,4,3,poisson + nb2 + nb2,-2.7219307677644,False,False
3,1000,5,3,poisson + poisson + nb2,-2.725407434406755,False,False
3,1000,6,3,poisson + zip + poisson,-2.726024186110936,False,False
3,1000,7,3,nb2 + zip + poisson,-2.7295241736055527,False,False
3,1000,8,3,nb2 + poisson + poisson,-2.7296315797162807,False,False
3,1000,9,3,poisson + zip + nb2,-2.7316463101110102,False,False
3,1000,10,3,zip + nb2 + poisson,-2.7342746242441516,False,False
3,1500,1,2,nb2 + nb2,-2.692582265130027,False,True
3,1500,2,3,nb2 + nb2 + poisson,-2.6973029664326416,False,False
3,1500,3,3,nb2 + zip + nb2,-2.6976978497923727,False,False
3,1500,4,3,nb2 + poisson + nb2,-2.698535570431855,False,False
3,1500,5,3,poisson + nb2 + nb2,-2.7001290985127833,False,False
3,1500,6,3,zip + zip + zip,-2.705410739901104,False,False
3,1500,7,3,poisson + zip + poisson,-2.7107528227040074,False,False
3,1500,8,3,zip + poisson + nb2,-2.7111473324140443,False,False
3,1500,9,3,nb2 + poisson + zip,-2.7116466129676837,False,False
3,1500,10,2,nb2 + zip,-2.713246149720967,False,False
4,500,1,2,nb2 + zip,-2.405441463411164,False,False
4,500,2,2,zip + nb2,-2.4086477336560352,False,False
4,500,3,2,zip + zip,-2.4109878873256925,False,True
4,500,4,3,zip + poisson + zip,-2.411198772673696,False,False
4,500,5,2,poisson + zip,-2.411440511709829,True,True
4,500,6,3,poisson + zip + nb2,-2.4138053656916245,False,False
4,500,7,3,nb2 + poisson + zip,-2.4176664074205774,False,False
4,500,8,3,poisson + zip + zip,-2.418064131066523,False,False
4,500,9,2,nb2 + nb2,-2.4185798810514036,False,False
4,500,10,3,poisson + zip + poisson,-2.4196552995281007,False,False
4,1000,1,2,poisson + zip,-2.4377551129064012,True,True
4,1000,2,2,zip + zip,-2.4381563760694336,False,True
4,1000,3,2,zip + poisson,-2.438295786748532,True,True
4,1000,4,2,zip + nb2,-2.4383032688759454,False,False
4,1000,5,2,nb2 + zip,-2.438585777333907,False,False
4,1000,6,3,poisson + poisson + nb2,-2.4393574067565114,False,False
4,1000,7,3,poisson + nb2 + poisson,-2.442594644926977,False,False
4,1000,8,3,nb2 + poisson + zip,-2.4468673845527245,False,False
4,1000,9,3,poisson + zip + poisson,-2.448611360393166,False,False
4,1000,10,3,nb2 + nb2 + zip,-2.4487737666236895,False,False
4,1500,1,2,zip + poisson,-2.42717596632823,True,True
4,1500,2,2,poisson + zip,-2.427407891144838,True,True
4,1500,3,2,zip + zip,-2.4274422451657975,False,True
4,1500,4,2,zip + nb2,-2.427880074105189,False,False
4,1500,5,2,nb2 + zip,-2.427939148005794,False,False
4,1500,6,3,nb2 + poisson + nb2,-2.428862624478548,False,False
4,1500,7,3,zip + nb2 + poisson,-2.4302714086124544,False,False
4,1500,8,3,nb2 + zip + poisson,-2.430925037413549,False,False
4,1500,9,3,poisson + zip + nb2,-2.430926116202633,False,False
4,1500,10,3,poisson + nb2 + zip,-2.431444195484261,False,False
1,500,1,2,student_t + skew_normal,-1.8531547456196307,False,False
1,500,2,2,student_t + gaussian,-1.85315525285815,True,True
1,500,3,2,student_t + student_t,-1.853231388367561,False,True
1,500,4,3,student_t + gaussian + gaussian,-1.8621186195056576,False,False
1,500,5,3,gaussian + student_t + gaussian,-1.8656327458414355,False,False
1,500,6,3,gaussian + gaussian + skew_normal,-1.8685887795772396,False,False
1,500,7,3,gaussian + gaussian + gaussian,-1.8686020523419806,False,False
1,500,8,3,skew_normal + gaussian + gaussian,-1.8686023735576769,False,False
1,500,9,3,gaussian + skew_normal + gaussian,-1.8686268677245366,False,False
1,500,10,3,student_t + skew_normal + student_t,-1.8694532783482025,False,False
1,1000,1,2,student_t + student_t,-1.8522484212480517,False,True
1,1000,2,2,student_t + gaussian,-1.8523673725584375,True,True
1,1000,3,2,student_t + skew_normal,-1.8523733078105942,False,False
1,1000,4,3,student_t + gaussian + student_t,-1.8545548575446285,False,False
1,1000,5,3,student_t + gaussian + gaussian,-1.8548276607396124,False,False
1,1000,6,3,student_t + skew_normal + gaussian,-1.854827702930172,False,False
1,1000,7,2,skew_normal + student_t,-1.8575272322259408,False,False
1,1000,8,2,gaussian + student_t,-1.8575280629612023,True,True
1,1000,9,3,gaussian + skew_normal + skew_normal,-1.8596714297443,False,False
1,1000,10,3,gaussian + gaussian + skew_normal,-1.859671691965491,False,False
1,1500,1,2,student_t + student_t,-1.8510751399666356,False,True
1,1500,2,2,student_t + skew_normal,-1.851514463941323,False,False
1,1500,3,2,student_t + gaussian,-1.8515146167463377,True,True
1,1500,4,3,student_t + student_t + skew_normal,-1.8515835382431172,False,False
1,1500,5,3,student_t + student_t + gaussian,-1.8515838557275064,False,False
1,1500,6,3,student_t + gaussian + skew_normal,-1.8515859861904842,False,False
1,1500,7,3,student_t + gaussian + gaussian,-1.851586020087822,False,False
1,1500,8,3,student_t + skew_normal + gaussian,-1.8515871455107877,False,False
1,1500,9,3,student_t + skew_normal + skew_normal,-1.8515873378729828,False,False
1,1500,10,3,student_t + student_t + student_t,-1.851999253035103,False,False
2,500,1,2,lognormal + gamma,-1.1430117403830815,True,True
2,500,2,2,gamma + lognormal,-1.1430117403830815,True,True
2,500,3,2,lognormal + lognormal,-1.1451352684054739,False,False
2,500,4,3,inverse_gaussian + lognormal + gamma,-1.149511148758663,False,False
2,500,5,2,lognormal + inverse_gaussian,-1.1496763573237716,False,False
2,500,6,3,lognormal + inverse_gaussian + inverse_gaussian,-1.1567995408070813,False,False
2,500,7,3,inverse_gaussian + lognormal + inverse_gaussian,-1.1568090560842266,False,False
2,500,8,3,inverse_gaussian + inverse_gaussian + gamma,-1.1576994852130156,False,False
2,500,9,3,lognormal + inverse_gaussian + lognormal,-1.1601049808941988,False,False
2,500,10,3,inverse_gaussian + lognormal + lognormal,-1.1602029980969142,False,False
2,1000,1,3,lognormal + lognormal + gamma,-1.1100920532667204,False,False
2,1000,2,2,lognormal + gamma,-1.111209896806257,True,True
2,1000,3,2,gamma + lognormal,-1.1112207297297643,True,True
2,1000,4,2,lognormal + lognormal,-1.111376978526169,False,False
2,1000,5,3,gamma + lognormal + lognormal,-1.1128054980559992,False,False
2,1000,6,3,gamma + lognormal + inverse_gaussian,-1.1165255514144137,False,False
2,1000,7,3,inverse_gaussian + gamma + lognormal,-1.116667083394472,False,False
2,1000,8,3,lognormal + inverse_gaussian + lognormal,-1.1186191148884619,False,False
2,1000,9,3,inverse_gaussian + lognormal + lognormal,-1.1186191155341307,False,False
2,1000,10,3,inverse_gaussian + gamma + gamma,-1.1201467337867532,False,False
2,1500,1,2,lognormal + gamma,-1.1910904008453922,True,True
2,1500,2,2,gamma + lognormal,-1.1910904008453922,True,True
2,1500,3,2,lognormal + lognormal,-1.1928175625709363,False,False
2,1500,4,3,gamma + lognormal + lognormal,-1.194564051370665,False,False
2,1500,5,3,lognormal + lognormal + gamma,-1.1945640710490406,False,False
2,1500,6,3,lognormal + lognormal + lognormal,-1.1950481026041477,False,False
2,1500,7,2,inverse_gaussian + lognormal,-1.2009211681666279,False,False
2,1500,8,2,lognormal + inverse_gaussian,-1.2009211681666279,False,False
2,1500,9,3,lognormal + gamma + gamma,-1.202313804469146,False,False
2,1500,10,3,gamma + lognormal + gamma,-1.202313804469146,False,False
3,500,1,2,nb2 + nb2,-2.703714283165898,False,True
3,500,2,3,poisson + nb2 + nb2,-2.707496037120704,False,False
3,500,3,2,zip + nb2,-2.7114975936649564,False,False
3,500,4,3,zip + poisson + nb2,-2.715120819200026,False,False
3,500,5,3,poisson + nb2 + zip,-2.7168005934559787,False,False
3,500,6,3,poisson + zip + poisson,-2.7170410182268148,False,False
3,500,7,3,zip + poisson + zip,-2.7193705240943857,False,False
3,500,8,3,zip + poisson + poisson,-2.7211808990310242,False,False
3,500,9,3,nb2 + poisson + poisson,-2.723692307755172,False,False
3,500,10,3,nb2 + zip + poisson,-2.723925442525697,False,False
3,1000,1,2,nb2 + nb2,-2.7055023089364276,False,True
3,1000,2,3,nb2 + poisson + nb2,-2.706694413665965,False,False
3,1000,3,3,nb2 + nb2 + nb2,-2.707717236855898,False,False
3,1000,4,3,nb2 + nb2 + zip,-2.7088780949332776,False,False
3,1000,5,3,zip + nb2 + nb2,-2.7096131731534925,False,False
3,1000,6,3,nb2 + zip + nb2,-2.7116505714926333,False,False
3,1000,7,3,nb2 + nb2 + poisson,-2.7117370753021013,False,False
3,1000,8,3,poisson + nb2 + nb2,-2.7118394179260905,False,False
3,1000,9,3,zip + poisson + poisson,-2.722147481204374,False,False
3,1000,10,3,poisson + zip + poisson,-2.723151008646463,False,False
3,1500,1,2,nb2 + nb2,-2.754515357491426,False,True
3,1500,2,3,zip + nb2 + nb2,-2.755340361729809,False,False
3,1500,3,3,nb2 + nb2 + nb2,-2.7554953132444524,False,False
3,1500,4,3,nb2 + nb2 + zip,-2.7559556117663186,False,False
3,1500,5,3,nb2 + zip + nb2,-2.7561430862974725,False,False
3,1500,6,3,poisson + zip + zip,-2.7566233863309555,False,False
3,1500,7,3,nb2 + poisson + nb2,-2.757189120022261,False,False
3,1500,8,3,nb2 + nb2 + poisson,-2.7573693873595317,False,False
3,1500,9,3,poisson + nb2 + nb2,-2.758203308480027,False,False
3,1500,10,3,zip + poisson + poisson,-2.7600558093211522,False,False
4,500,1,2,poisson + zip,-2.424744308004585,True,True
4,500,2,3,nb2 + nb2 + poisson,-2.424792804635055,False,False
4,500,3,2,zip + zip,-2.4247970378706545,False,True
4,500,4,2,zip + nb2,-2.425317962919501,False,False
4,500,5,2,nb2 + zip,-2.4254632013843147,False,False
4,500,6,2,zip + poisson,-2.4255673839019884,True,True
4,500,7,3,poisson + nb2 + nb2,-2.425996368340082,False,False
4,500,8,3,poisson + zip + poisson,-2.429716419741522,False,False
4,500,9,3,zip + poisson + nb2,-2.4303121043771805,False,False
4,500,10,3,nb2 + poisson + poisson,-2.432568914906921,False,False
4,1000,1,2,nb2 + zip,-2.415234651933322,False,False
4,1000,2,2,zip + nb2,-2.415257902876147,False,False
4,1000,3,3,zip + poisson + nb2,-2.4167008434030697,False,False
4,1000,4,2,zip + poisson,-2.4168898127235745,True,True
4,1000,5,2,zip + zip,-2.4171240861553134,False,True
4,1000,6,2,poisson + zip,-2.4172547714083525,True,True
4,1000,7,3,zip + poisson + poisson,-2.4188544146073894,False,False
4,1000,8,3,poisson + poisson + zip,-2.4192151295860467,False,False
4,1000,9,3,poisson + poisson + poisson,-2.4198619326036894,False,False
4,1000,10,3,poisson + zip + poisson,-2.419967126474683,False,False
4,1500,1,2,zip + nb2,-2.42471015372,False,False
4,1500,2,2,nb2 + zip,-2.42477461734645,False,False
4,1500,3,2,poisson + zip,-2.4253050309882145,True,True
4,1500,4,2,zip + zip,-2.4253840084741696,False,True
4,1500,5,2,zip + poisson,-2.425390114778523,True,True
4,1500,6,3,poisson + nb2 + zip,-2.4261149061639746,False,False
4,1500,7,3,nb2 + poisson + zip,-2.4262800048381457,False,False
4,1500,8,3,zip + nb2 + poisson,-2.426496027879078,False,False
4,1500,9,3,nb2 + nb2 + zip,-2.4271684390578794,False,False
4,1500,10,3,poisson + poisson + zip,-2.427366313679311,False,False
1,500,1,2,student_t + gaussian,-1.853423997895424,True,True
1,500,2,2,student_t + skew_normal,-1.8534240191959823,False,False
1,500,3,2,student_t + student_t,-1.8553292276181756,False,True
1,500,4,3,student_t + gaussian + gaussian,-1.8560888937750069,False,False
1,500,5,3,gaussian + gaussian + student_t,-1.8604537759235504,False,False
1,500,6,3,student_t + student_t + gaussian,-1.8620850720529085,False,False
1,500,7,2,gaussian + student_t,-1.8626299620147724,True,True
1,500,8,2,skew_normal + student_t,-1.8626304799627063,False,False
1,500,9,3,gaussian + skew_normal + gaussian,-1.8658034878238021,False,False
1,500,10,3,gaussian + gaussian + skew_normal,-1.8658057497294729,False,False
1,1000,1,2,student_t + student_t,-1.8420523364657984,False,True
1,1000,2,2,student_t + skew_normal,-1.842140500606808,False,False
1,1000,3,2,student_t + gaussian,-1.8421442956594887,True,True
1,1000,4,3,student_t + student_t + gaussian,-1.8426885853714006,False,False
1,1000,5,3,student_t + gaussian + skew_normal,-1.8427181551949732,False,False
1,1000,6,3,student_t + gaussian + gaussian,-1.8427182206914545,False,False
1,1000,7,3,student_t + skew_normal + gaussian,-1.8427183118524917,False,False
1,1000,8,3,student_t + student_t + student_t,-1.8466813056445988,False,False
1,1000,9,3,student_t + gaussian + student_t,-1.8472434264061668,False,False
1,1000,10,3,gaussian + student_t + gaussian,-1.8557677324621793,False,False
1,1500,1,2,student_t + skew_normal,-1.885486182215876,False,False
1,1500,2,2,student_t + gaussian,-1.8854862130514487,True,True
1,1500,3,3,student_t + skew_normal + gaussian,-1.8866851648338152,False,False
1,1500,4,3,student_t + gaussian + gaussian,-1.8867539274567917,False,False
1,1500,5,2,student_t + student_t,-1.887657802572739,False,True
1,1500,6,3,student_t + student_t + gaussian,-1.889064336263899,False,False
1,1500,7,3,student_t + student_t + skew_normal,-1.8890841021690374,False,False
1,1500,8,3,student_t + gaussian + student_t,-1.8909152255935275,False,False
1,1500,9,3,student_t + student_t + student_t,-1.892334994258279,False,False
1,1500,10,3,skew_normal + student_t + gaussian,-1.8979152521370501,False,False
2,500,1,2,lognormal + gamma,-1.1698093478257674,True,True
2,500,2,2,gamma + lognormal,-1.1698093478257674,True,True
2,500,3,2,lognormal + lognormal,-1.170624363572775,False,False
2,500,4,2,inverse_gaussian + lognormal,-1.179412736347191,False,False
2,500,5,3,lognormal + inverse_gaussian + lognormal,-1.1956157615265324,False,False
2,500,6,3,lognormal + lognormal + inverse_gaussian,-1.1956157636416087,False,False
2,500,7,3,inverse_gaussian + lognormal + gamma,-1.1961697785724155,False,False
2,500,8,3,lognormal + gamma + inverse_gaussian,-1.196457421393844,False,False
2,500,9,3,inverse_gaussian + gamma + lognormal,-1.1964574247633026,False,False
2,500,10,2,gamma + inverse_gaussian,-1.1969842394601238,False,False
2,1000,1,2,lognormal + gamma,-1.1331301494644368,True,True
2,1000,2,2,lognormal + lognormal,-1.1334467657956069,False,False
2,1000,3,3,inverse_gaussian + lognormal + lognormal,-1.1344615495327612,False,False
2,1000,4,3,lognormal + inverse_gaussian + lognormal,-1.1344615495327612,False,False
2,1000,5,3,lognormal + lognormal + inverse_gaussian,-1.134461550363987,False,False
2,1000,6,3,lognormal + gamma + gamma,-1.1359743786692753,False,False
2,1000,7,3,gamma + lognormal + lognormal,-1.1367270527383877,False,False
2,1000,8,3,gamma + gamma + gamma,-1.137256225665727,False,False
2,1000,9,3,gamma + lognormal + gamma,-1.1373755109277153,False,False
2,1000,10,3,gamma + gamma + lognormal,-1.1373755116942061,False,False
2,1500,1,2,gamma + lognormal,-1.0318994125805074,True,True
2,1500,2,3,gamma + lognormal + lognormal,-1.0336178775335274,False,False
2,1500,3,3,lognormal + lognormal + gamma,-1.0337581705763195,False,False
2,1500,4,3,lognormal + inverse_gaussian + gamma,-1.0344514021024236,False,False
2,1500,5,3,inverse_gaussian + gamma + lognormal,-1.0344514021327795,False,False
2,1500,6,2,lognormal + lognormal,-1.0349977649336115,False,False
2,1500,7,3,gamma + gamma + inverse_gaussian,-1.0366948648237084,False,False
2,1500,8,3,inverse_gaussian + lognormal + lognormal,-1.0376687611486595,False,False
2,1500,9,3,lognormal + lognormal + lognormal,-1.0377007494765376,False,False
2,1500,10,3,lognormal + inverse_gaussian + lognormal,-1.038044856358004,False,False
3,500,1,2,nb2 + nb2,-2.7085353990291106,False,True
3,500,2,3,zip + nb2 + nb2,-2.7149991637000017,False,False
3,500,3,3,nb2 + poisson + nb2,-2.7153916416383637,False,False
3,500,4,3,nb2 + nb2 + poisson,-2.7187295935421916,False,False
3,500,5,3,poisson + nb2 + nb2,-2.719003218245356,False,False
3,500,6,3,nb2 + zip + zip,-2.725228146420286,False,False
3,500,7,3,nb2 + poisson + zip,-2.7265676791083977,False,False
3,500,8,3,poisson + zip + nb2,-2.730064509287984,False,False
3,500,9,3,poisson + nb2 + zip,-2.736251345411563,False,False
3,500,10,2,zip + poisson,-2.7399958545128547,False,False
3,1000,1,2,nb2 + nb2,-2.6479227111489436,False,True
3,1000,2,3,nb2 + poisson + nb2,-2.6548886343740477,False,False
3,1000,3,3,nb2 + nb2 + zip,-2.656213697629606,False,False
3,1000,4,3,poisson + nb2 + nb2,-2.6562553076906297,False,False
3,1000,5,3,nb2 + nb2 + poisson,-2.656348260542407,False,False
3,1000,6,2,zip + nb2,-2.661289179469952,False,False
3,1000,7,2,nb2 + zip,-2.6613161144764503,False,False
3,1000,8,2,poisson + zip,-2.6613857090588464,False,False
3,1000,9,2,zip + poisson,-2.6632340592344868,False,False
3,1000,10,3,zip + poisson + poisson,-2.663508055079397,False,False
3,1500,1,2,nb2 + nb2,-2.6376661160090635,False,True
3,1500,2,3,nb2 + nb2 + poisson,-2.6406564629420854,False,False
3,1500,3,3,nb2 + poisson + nb2,-2.640747771340772,False,False
3,1500,4,3,poisson + nb2 + nb2,-2.6411773974300257,False,False
3,1500,5,3,zip + nb2 + nb2,-2.64220370338279,False,False
3,1500,6,3,poisson + zip + nb2,-2.6488540442171273,False,False
3,1500,7,3,poisson + nb2 + poisson,-2.6670543032314873,False,False
3,1500,8,3,poisson + nb2 + zip,-2.6687227262729194,False,False
3,1500,9,3,nb2 + zip + zip,-2.6691071623399893,False,False
3,1500,10,3,zip + poisson + nb2,-2.6697808920638373,False,False
4,500,1,3,poisson + zip + poisson,-2.4514825384460637,False,False
4,500,2,3,poisson + poisson + zip,-2.452330353437587,False,False
4,500,3,2,zip + nb2,-2.454115665426872,False,False
4,500,4,2,nb2 + zip,-2.4551681793171585,False,False
4,500,5,2,poisson + zip,-2.455402467682685,True,True
4,500,6,2,zip + zip,-2.4555074449520222,False,True
4,500,7,2,zip + poisson,-2.4556672296293933,True,True
4,500,8,3,poisson + nb2 + poisson,-2.456747122568375,False,False
4,500,9,3,zip + poisson + poisson,-2.458147431135907,False,False
4,500,10,3,nb2 + poisson + nb2,-2.462408725248482,False,False
4,1000,1,2,zip + nb2,-2.430742726430937,False,False
4,1000,2,2,zip + poisson,-2.4315566606047816,True,True
4,1000,3,2,zip + zip,-2.4318782017421507,False,True
4,1000,4,2,nb2 + zip,-2.4320579374857747,False,False
4,1000,5,3,nb2 + poisson + nb2,-2.432113284868044,False,False
4,1000,6,3,nb2 + poisson + zip,-2.4325384123322418,False,False
4,1000,7,2,poisson + zip,-2.4325990146233893,True,True
4,1000,8,3,poisson + zip + poisson,-2.434157369683571,False,False
4,1000,9,3,zip + poisson + poisson,-2.4364058170827736,False,False
4,1000,10,3,poisson + poisson + zip,-2.4370938794913704,False,False
4,1500,1,3,poisson + poisson + poisson,-2.440240945231695,False,False
4,1500,2,3,poisson + nb2 + nb2,-2.4405980665725426,False,False
4,1500,3,3,poisson + zip + nb2,-2.4414260721817147,False,False
4,1500,4,2,nb2 + zip,-2.441727727029891,False,False
4,1500,5,2,zip + nb2,-2.4418813405490685,False,False
4,1500,6,3,poisson + nb2 + zip,-2.441884827424385,False,False
4,1500,7,2,zip + poisson,-2.4422286370359694,True,True
4,1500,8,2,poisson + zip,-2.442324504048115,True,True
4,1500,9,2,zip + zip,-2.442454597977027,False,True
4,1500,10,3,poisson + zip + poisson,-2.442618188277045,False,False
1,500,1,2,student_t + student_t,-1.8827862950021375,False,True
1,500,2,2,student_t + skew_normal,-1.8830461516216719,False,False
1,500,3,2,student_t + gaussian,-1.8830466081762556,True,True
1,500,4,2,skew_normal + student_t,-1.891502231430674,False,False
1,500,5,2,gaussian + student_t,-1.8915037816371942,True,True
1,500,6,3,student_t + gaussian + gaussian,-1.891661826697042,False,False
1,500,7,2,skew_normal + gaussian,-1.8945009296616062,False,False
1,500,8,2,gaussian + gaussian,-1.8945013451098314,False,False
1,500,9,2,skew_normal + skew_normal,-1.8945050674369928,False,False
1,500,10,2,gaussian + skew_normal,-1.8945054927446954,False,False
1,1000,1,2,student_t + student_t,-1.8731694784158766,False,True
1,1000,2,2,student_t + skew_normal,-1.8736117721509995,False,False
1,1000,3,2,student_t + gaussian,-1.8736154329396864,True,True
1,1000,4,3,student_t + gaussian + skew_normal,-1.8766959818766002,False,False
1,1000,5,3,student_t + skew_normal + gaussian,-1.8766966641974232,False,False
1,1000,6,3,student_t + gaussian + gaussian,-1.8766968978659768,False,False
1,1000,7,3,student_t + student_t + gaussian,-1.8767904466938725,False,False
1,1000,8,3,gaussian + gaussian + student_t,-1.8876255836925275,False,False
1,1000,9,2,skew_normal + student_t,-1.894143180115663,False,False
1,1000,10,2,gaussian + student_t,-1.8959555752004003,True,True
1,1500,1,2,student_t + gaussian,-1.8570955157643148,True,True
1,1500,2,2,student_t + skew_normal,-1.8570956258732723,False,False
1,1500,3,2,student_t + student_t,-1.8571380357464669,False,True
1,1500,4,3,student_t + gaussian + student_t,-1.8575538463579464,False,False
1,1500,5,3,student_t + skew_normal + student_t,-1.8575540518164784,False,False
1,1500,6,3,student_t + student_t + student_t,-1.8577436250668884,False,False
1,1500,7,3,student_t + skew_normal + gaussian,-1.857905833952922,False,False
1,1500,8,3,student_t + skew_normal + skew_normal,-1.8579068102789684,False,False
1,1500,9,3,student_t + gaussian + gaussian,-1.857906846216236,False,False
1,1500,10,3,student_t + gaussian + skew_normal,-1.8579078282927872,False,False
2,500,1,2,lognormal + lognormal,-1.0818603869854724,False,False
2,500,2,2,lognormal + gamma,-1.0831406241744361,True,True
2,500,3,2,gamma + lognormal,-1.0831406241744361,True,True
2,500,4,2,inverse_gaussian + lognormal,-1.0903713426593744,False,False
2,500,5,3,lognormal + inverse_gaussian + lognormal,-1.095989204314814,False,False
2,500,6,3,gamma + lognormal + lognormal,-1.0965870972103362,False,False
2,500,7,3,lognormal + lognormal + gamma,-1.0965870974317466,False,False
2,500,8,3,lognormal + gamma + gamma,-1.0972709042165518,False,False
2,500,9,3,gamma + lognormal + gamma,-1.0972709042165518,False,False
2,500,10,3,inverse_gaussian + inverse_gaussian + gamma,-1.0979175538094883,False,False
2,1000,1,2,lognormal + lognormal,-1.1636852326647191,False,False
2,1000,2,2,gamma + lognormal,-1.1640752643279635,True,True
2,1000,3,2,inverse_gaussian + lognormal,-1.1648739055449682,False,False
2,1000,4,2,lognormal + inverse_gaussian,-1.1648739055449682,False,False
2,1000,5,3,gamma + lognormal + inverse_gaussian,-1.1733956075837055,False,False
2,1000,6,3,lognormal + inverse_gaussian + gamma,-1.1733956083547548,False,False
2,1000,7,3,inverse_gaussian + lognormal + gamma,-1.1790345532073838,False,False
2,1000,8,3,lognormal + gamma + inverse_gaussian,-1.179034555810517,False,False
2,1000,9,3,lognormal + inverse_gaussian + lognormal,-1.1790677138616081,False,False
2,1000,10,3,inverse_gaussian + lognormal + lognormal,-1.1790677141491488,False,False
2,1500,1,2,lognormal + lognormal,-1.074323954859211,False,False
2,1500,2,2,lognormal + gamma,-1.0748951309473842,True,True
2,1500,3,2,gamma + lognormal,-1.0748951309473842,True,True
2,1500,4,3,lognormal + lognormal + lognormal,-1.0750614723760294,False,False
2,1500,5,3,lognormal + gamma + lognormal,-1.07555648073646,False,False
2,1500,6,3,lognormal + lognormal + inverse_gaussian,-1.076917656091755,False,False
2,1500,7,3,inverse_gaussian + lognormal + gamma,-1.077355405624845,False,False
2,1500,8,2,inverse_gaussian + lognormal,-1.0785654643606135,False,False
2,1500,9,2,lognormal + inverse_gaussian,-1.0785654643606135,False,False
2,1500,10,3,lognormal + inverse_gaussian + lognormal,-1.0787897537661768,False,False
3,500,1,2,nb2 + nb2,-2.7018431620990757,False,True
3,500,2,2,zip + nb2,-2.7099181100333882,False,False
3,500,3,3,zip + nb2 + poisson,-2.7122881028424306,False,False
3,500,4,3,poisson + poisson + zip,-2.712448274943387,False,False
3,500,5,3,nb2 + poisson + poisson,-2.712825227818392,False,False
3,500,6,2,nb2 + zip,-2.7131718947422683,False,False
3,500,7,3,zip + poisson + nb2,-2.714091727029293,False,False
3,500,8,3,poisson + zip + nb2,-2.714956209494877,False,False
3,500,9,3,poisson + nb2 + zip,-2.7150995745442277,False,False
3,500,10,2,poisson + zip,-2.715573716588093,False,False
3,1000,1,3,nb2 + zip + nb2,-2.700896844277433,False,False
3,1000,2,2,nb2 + nb2,-2.703397539758328,False,True
3,1000,3,3,nb2 + nb2 + poisson,-2.703830705044284,False,False
3,1000,4,3,poisson + nb2 + nb2,-2.7044135246844188,False,False
3,1000,5,3,nb2 + nb2 + zip,-2.706299342549094,False,False
3,1000,6,3,poisson + zip + zip,-2.706421295253522,False,False
3,1000,7,3,zip + poisson + poisson,-2.7076115514875565,False,False
3,1000,8,3,nb2 + poisson + nb2,-2.7080024866126022,False,False
3,1000,9,2,nb2 + zip,-2.710010292193766,False,False
3,1000,10,2,zip + nb2,-2.710167406375312,False,False
3,1500,1,3,nb2 + nb2 + nb2,-2.703946694137546,False,False
3,1500,2,2,nb2 + nb2,-2.704022039791829,False,True
3,1500,3,3,nb2 + poisson + nb2,-2.705201592107943,False,False
3,1500,4,3,poisson + nb2 + nb2,-2.706701361291991,False,False
3,1500,5,3,nb2 + nb2 + zip,-2.707036351588779,False,False
3,1500,6,3,zip + nb2 + nb2,-2.70716575896165,False,False
3,1500,7,3,nb2 + zip + nb2,-2.7094996176600414,False,False
3,1500,8,3,poisson + zip + zip,-2.7110892565539517,False,False
3,1500,9,3,nb2 + zip + poisson,-2.7151428083126374,False,False
3,1500,10,3,poisson + zip + nb2,-2.7165884300911203,False,False
4,500,1,2,nb2 + zip,-2.4292758740686704,False,False
4,500,2,2,zip + nb2,-2.430730467819705,False,False
4,500,3,2,zip + zip,-2.430818700704195,False,True
4,500,4,3,poisson + zip + poisson,-2.4322773873672294,False,False
4,500,5,2,poisson + zip,-2.4330432215750584,True,True
4,500,6,3,zip + nb2 + poisson,-2.4336726614986244,False,False
4,500,7,3,poisson + poisson + zip,-2.4342565392255793,False,False
4,500,8,3,nb2 + poisson + nb2,-2.4345205878242466,False,False
4,500,9,2,zip + poisson,-2.43593682664692,True,True
4,500,10,3,nb2 + poisson + zip,-2.4359926430076992,False,False
4,1000,1,2,zip + zip,-2.450273511391817,False,True
4,1000,2,2,zip + poisson,-2.4505139287735904,True,True
4,1000,3,3,poisson + nb2 + poisson,-2.451494019633566,False,False
4,1000,4,2,poisson + zip,-2.451870312886661,True,True
4,1000,5,3,zip + zip + poisson,-2.452972752854952,False,False
4,1000,6,3,nb2 + poisson + poisson,-2.4534629135780124,False,False
4,1000,7,2,nb2 + zip,-2.4535007389299803,False,False
4,1000,8,3,zip + nb2 + poisson,-2.4536721831227153,False,False
4,1000,9,2,zip + nb2,-2.454399717997254,False,False
4,1000,10,3,poisson + poisson + poisson,-2.454405222359852,False,False
4,1500,1,2,nb2 + zip,-2.44642061756808,False,False
4,1500,2,2,zip + nb2,-2.446450800480697,False,False
4,1500,3,3,nb2 + poisson + nb2,-2.4464955361355236,False,False
4,1500,4,2,zip + poisson,-2.4473626229422845,True,True
4,1500,5,3,nb2 + nb2 + poisson,-2.447607255982293,False,False
4,1500,6,2,poisson + zip,-2.447729483145845,True,True
4,1500,7,2,zip + zip,-2.448178974946517,False,True
4,1500,8,3,poisson + poisson + zip,-2.448297798854793,False,False
4,1500,9,3,zip + poisson + nb2,-2.448673776014815,False,False
4,1500,10,3,nb2 + nb2 + zip,-2.448764323466015,False,False
1,500,1,2,student_t + student_t,-1.8658287550101615,False,True
1,500,2,2,student_t + gaussian,-1.8660974604387888,True,True
1,500,3,2,student_t + skew_normal,-1.8660981921433026,False,False
1,500,4,2,skew_normal + student_t,-1.8696668215220344,False,False
1,500,5,2,gaussian + student_t,-1.8696680239883585,True,True
1,500,6,3,student_t + student_t + gaussian,-1.8803182929668314,False,False
1,500,7,3,student_t + gaussian + skew_normal,-1.8804558439821586,False,False
1,500,8,3,student_t + gaussian + gaussian,-1.8804642528138569,False,False
1,500,9,3,student_t + skew_normal + gaussian,-1.8804698297464304,False,False
1,500,10,3,gaussian + gaussian + student_t,-1.8909330358763117,False,False
1,1000,1,2,student_t + gaussian,-1.8621962685236255,True,True
1,1000,2,2,student_t + skew_normal,-1.8621984255160633,False,False
1,1000,3,3,student_t + skew_normal + gaussian,-1.863306646068333,False,False
1,1000,4,3,student_t + gaussian + gaussian,-1.8633068115737124,False,False
1,1000,5,3,student_t + gaussian + skew_normal,-1.8633070152278932,False,False
1,1000,6,2,student_t + student_t,-1.86339868760023,False,True
1,1000,7,3,student_t + student_t + gaussian,-1.8640628043610834,False,False
1,1000,8,3,student_t + student_t + skew_normal,-1.864063736396134,False,False
1,1000,9,3,student_t + student_t + student_t,-1.8656968166494463,False,False
1,1000,10,3,student_t + gaussian + student_t,-1.8657610483272824,False,False
1,1500,1,2,student_t + skew_normal,-1.8405107938626788,False,False
1,1500,2,2,student_t + gaussian,-1.8405110221632677,True,True
1,1500,3,2,student_t + student_t,-1.8406048525223335,False,True
1,1500,4,3,student_t + skew_normal + skew_normal,-1.8406519553578722,False,False
1,1500,5,3,student_t + skew_normal + gaussian,-1.8406522418585474,False,False
1,1500,6,3,student_t + gaussian + skew_normal,-1.8406546685091707,False,False
1,1500,7,3,student_t + gaussian + gaussian,-1.8406549201523004,False,False
1,1500,8,3,student_t + student_t + skew_normal,-1.8406694216543618,False,False
1,1500,9,3,student_t + student_t + gaussian,-1.8406704211618374,False,False
1,1500,10,3,student_t + skew_normal + student_t,-1.8418799571952176,False,False
2,500,1,2,lognormal + gamma,-1.1701129193342668,True,True
2,500,2,2,gamma + lognormal,-1.1701129193342668,True,True
2,500,3,2,lognormal + lognormal,-1.172077082468507,False,False
2,500,4,3,gamma + gamma + lognormal,-1.1865167689118867,False,False
2,500,5,3,lognormal + gamma + gamma,-1.1865167704366504,False,False
2,500,6,3,gamma + lognormal + gamma,-1.1865167704366504,False,False
2,500,7,2,lognormal + inverse_gaussian,-1.1885051318766144,False,False
2,500,8,3,lognormal + lognormal + gamma,-1.1887896909567408,False,False
2,500,9,2,gamma + gamma,-1.1888867770677414,False,False
2,500,10,3,lognormal + gamma + lognormal,-1.189272420760189,False,False
2,1000,1,2,lognormal + lognormal,-1.097965735054276,False,False
2,1000,2,2,lognormal + gamma,-1.098218042163884,True,True
2,1000,3,3,lognormal + inverse_gaussian + gamma,-1.0989761591131078,False,False
2,1000,4,3,gamma + lognormal + inverse_gaussian,-1.09901162893946,False,False
2,1000,5,3,lognormal + gamma + inverse_gaussian,-1.1001835952564096,False,False
2,1000,6,2,inverse_gaussian + lognormal,-1.1061554289870055,False,False
2,1000,7,3,inverse_gaussian + lognormal + inverse_gaussian,-1.1077161541925173,False,False
2,1000,8,3,lognormal + inverse_gaussian + inverse_gaussian,-1.1082372449777935,False,False
2,1000,9,3,inverse_gaussian + inverse_gaussian + lognormal,-1.1082372456498155,False,False
2,1000,10,3,lognormal + gamma + lognormal,-1.1095245734678674,False,False
2,1500,1,2,gamma + lognormal,-1.1230566238170423,True,True
2,1500,2,2,lognormal + gamma,-1.1230603921170748,True,True
2,1500,3,2,lognormal + lognormal,-1.1245665536553429,False,False
2,1500,4,3,lognormal + lognormal + gamma,-1.1273930862015278,False,False
2,1500,5,3,inverse_gaussian + lognormal + gamma,-1.1286361697289489,False,False
2,1500,6,3,lognormal + gamma + inverse_gaussian,-1.1286361745546476,False,False
2,1500,7,3,lognormal + lognormal + lognormal,-1.128983741196466,False,False
2,1500,8,3,lognormal + inverse_gaussian + lognormal,-1.1308599851925287,False,False
2,1500,9,3,inverse_gaussian + lognormal + lognormal,-1.1308599851925287,False,False
2,1500,10,3,lognormal + lognormal + inverse_gaussian,-1.1316982967725318,False,False
3,500,1,2,nb2 + nb2,-2.7096865432393216,False,True
3,500,2,3,poisson + nb2 + nb2,-2.715925162152898,False,False
3,500,3,3,nb2 + nb2 + poisson,-2.718899987922619,False,False
3,500,4,3,nb2 + poisson + nb2,-2.7223650095201872,False,False
3,500,5,3,zip + nb2 + poisson,-2.7256544396006186,False,False
3,500,6,3,zip + zip + poisson,-2.7259715549512076,False,False
3,500,7,3,poisson + nb2 + zip,-2.726127619876983,False,False
3,500,8,3,poisson + zip + poisson,-2.726290266084132,False,False
3,500,9,3,poisson + zip + zip,-2.726919580391627,False,False
3,500,10,3,zip + poisson + nb2,-2.7287725671819754,False,False
3,1000,1,3,poisson + zip + zip,-2.7055303869851532,False,False
3,1000,2,3,nb2 + poisson + nb2,-2.705724399434892,False,False
3,1000,3,2,nb2 + nb2,-2.706567336502792,False,True
3,1000,4,3,zip + nb2 + nb2,-2.7070542563177913,False,False
3,1000,5,3,zip + nb2 + poisson,-2.7080036875033713,False,False
3,1000,6,3,poisson + nb2 + zip,-2.708486312867626,False,False
3,1000,7,3,poisson + nb2 + nb2,-2.70901519179853,False,False
3,1000,8,3,zip + poisson + nb2,-2.7097689064574415,False,False
3,1000,9,3,nb2 + poisson + zip,-2.7108530892916987,False,False
3,1000,10,3,nb2 + nb2 + poisson,-2.7118904592901125,False,False
3,1500,1,2,nb2 + nb2,-2.711823578313731,False,True
3,1500,2,3,nb2 + nb2 + zip,-2.712668819554914,False,False
3,1500,3,3,nb2 + nb2 + nb2,-2.7139769537956795,False,False
3,1500,4,3,nb2 + zip + nb2,-2.7154163428689553,False,False
3,1500,5,3,nb2 + nb2 + poisson,-2.7156780714976616,False,False
3,1500,6,3,zip + nb2 + nb2,-2.715778425735447,False,False
3,1500,7,3,poisson + nb2 + nb2,-2.7176274625210146,False,False
3,1500,8,3,nb2 + poisson + nb2,-2.717789281911091,False,False
3,1500,9,2,zip + poisson,-2.7319061463437047,False,False
3,1500,10,2,nb2 + zip,-2.732440013083834,False,False
4,500,1,2,zip + zip,-2.4596186471191475,False,True
4,500,2,2,zip + poisson,-2.459903615863271,True,True
4,500,3,2,poisson + zip,-2.46063581638809,True,True
4,500,4,2,zip + nb2,-2.4637654021125517,False,False
4,500,5,2,nb2 + zip,-2.464147630903698,False,False
4,500,6,3,poisson + zip + poisson,-2.4687424751479896,False,False
4,500,7,3,zip + nb2 + poisson,-2.4704776528999526,False,False
4,500,8,3,poisson + poisson + nb2,-2.4714343827141656,False,False
4,500,9,3,poisson + poisson + zip,-2.4717381739093107,False,False
4,500,10,3,poisson + poisson + poisson,-2.4720919125936316,False,False
4,1000,1,3,poisson + zip + poisson,-2.4129271841005164,False,False
4,1000,2,2,poisson + zip,-2.4131265252802523,True,True
4,1000,3,3,poisson + poisson + poisson,-2.4131593186798175,False,False
4,1000,4,2,zip + poisson,-2.414248970101958,True,True
4,1000,5,2,zip + zip,-2.414250896105802,False,True
4,1000,6,3,nb2 + poisson + zip,-2.417223580804866,False,False
4,1000,7,2,nb2 + zip,-2.4189724917734976,False,False
4,1000,8,3,poisson + poisson + zip,-2.419359515337957,False,False
4,1000,9,3,zip + nb2 + nb2,-2.4208621131087886,False,False
4,1000,10,3,poisson + nb2 + zip,-2.4218228810978486,False,False
4,1500,1,3,nb2 + poisson + zip,-2.4303974033648568,False,False
4,1500,2,3,zip + nb2 + poisson,-2.4311050591415206,False,False
4,1500,3,2,zip + nb2,-2.4316664127947734,False,False
4,1500,4,3,poisson + nb2 + nb2,-2.4317107172782153,False,False
4,1500,5,2,nb2 + zip,-2.4318288989711814,False,False
4,1500,6,2,poisson + zip,-2.4320272424202845,True,True
4,1500,7,3,nb2 + zip + poisson,-2.4322391542799875,False,False
4,1500,8,3,poisson + poisson + zip,-2.4324834748402777,False,False
4,1500,9,2,zip + poisson,-2.4326304419529925,True,True
4,1500,10,3,zip + poisson + nb2,-2.4328929938481716,False,False
1,500,1,2,student_t + student_t,-1.8579880111201856,False,True
1,500,2,2,student_t + skew_normal,-1.8580364315483804,False,False
1,500,3,2,student_t + gaussian,-1.8580367371096764,True,True
1,500,4,3,student_t + student_t + gaussian,-1.8709314130480448,False,False
1,500,5,3,student_t + skew_normal + gaussian,-1.871413566888195,False,False
1,500,6,3,student_t + gaussian + gaussian,-1.8714156695811581,False,False
1,500,7,3,student_t + gaussian + skew_normal,-1.8714158620542631,False,False
1,500,8,2,skew_normal + student_t,-1.873401507216674,False,False
1,500,9,2,gaussian + student_t,-1.8734018797577423,True,True
1,500,10,3,student_t + student_t + student_t,-1.8734033350648849,False,False
1,1000,1,2,student_t + skew_normal,-1.8192613694233049,False,False
1,1000,2,2,student_t + gaussian,-1.8192743926813428,True,True
1,1000,3,2,student_t + student_t,-1.8237337557457354,False,True
1,1000,4,3,student_t + gaussian + skew_normal,-1.8263923154561785,False,False
1,1000,5,3,student_t + gaussian + gaussian,-1.826393233215809,False,False
1,1000,6,3,student_t + skew_normal + gaussian,-1.8264273450559811,False,False
1,1000,7,3,student_t + gaussian + student_t,-1.8271283378945318,False,False
1,1000,8,3,student_t + student_t + skew_normal,-1.830069972252855,False,False
1,1000,9,3,student_t + student_t + gaussian,-1.83007083888495,False,False
1,1000,10,2,gaussian + student_t,-1.8313079772750425,True,True
1,1500,1,2,student_t + gaussian,-1.8349154997243569,True,True
1,1500,2,2,student_t + skew_normal,-1.8349162612937493,False,False
1,1500,3,2,student_t + student_t,-1.8349261411547324,False,True
1,1500,4,3,student_t + gaussian + skew_normal,-1.8375140667304712,False,False
1,1500,5,3,student_t + skew_normal + skew_normal,-1.837514270833852,False,False
1,1500,6,3,student_t + gaussian + gaussian,-1.8375157375098439,False,False
1,1500,7,3,student_t + skew_normal + gaussian,-1.8375159772290854,False,False
1,1500,8,3,student_t + student_t + skew_normal,-1.8375581244849353,False,False
1,1500,9,3,student_t + student_t + gaussian,-1.8375584029178422,False,False
1,1500,10,3,student_t + skew_normal + student_t,-1.837885613125225,False,False
2,500,1,2,gamma + lognormal,-1.1236360139963477,True,True
2,500,2,2,lognormal + lognormal,-1.1238438170899867,False,False
2,500,3,2,inverse_gaussian + lognormal,-1.1302048470046357,False,False
2,500,4,2,lognormal + inverse_gaussian,-1.1302048470046357,False,False
2,500,5,3,inverse_gaussian + lognormal + lognormal,-1.1313864444463897,False,False
2,500,6,3,gamma + lognormal + inverse_gaussian,-1.1331435574747062,False,False
2,500,7,3,inverse_gaussian + lognormal + gamma,-1.1331435593822867,False,False
2,500,8,3,lognormal + inverse_gaussian + lognormal,-1.1339328512489664,False,False
2,500,9,3,lognormal + gamma + lognormal,-1.13425024717394,False,False
2,500,10,3,lognormal + gamma + gamma,-1.1342540031697077,False,False
2,1000,1,2,lognormal + gamma,-1.0979910574153302,True,True
2,1000,2,2,gamma + lognormal,-1.0979910574153302,True,True
2,1000,3,2,lognormal + lognormal,-1.0984870324807507,False,False
2,1000,4,3,lognormal + gamma + lognormal,-1.102963405870622,False,False
2,1000,5,3,gamma + lognormal + lognormal,-1.1031010529211043,False,False
2,1000,6,3,lognormal + lognormal + gamma,-1.1031802688218506,False,False
2,1000,7,3,gamma + lognormal + inverse_gaussian,-1.1052052936241397,False,False
2,1000,8,2,inverse_gaussian + lognormal,-1.105807095757221,False,False
2,1000,9,2,lognormal + inverse_gaussian,-1.105807095757221,False,False
2,1000,10,3,lognormal + gamma + inverse_gaussian,-1.1063565891677034,False,False
2,1500,1,2,lognormal + gamma,-1.1419248590113162,True,True
2,1500,2,2,lognormal + lognormal,-1.1429862629328753,False,False
2,1500,3,3,lognormal + inverse_gaussian + gamma,-1.1485423396564558,False,False
2,1500,4,3,lognormal + lognormal + lognormal,-1.1492120344583416,False,False
2,1500,5,3,lognormal + gamma + lognormal,-1.149831156279278,False,False
2,1500,6,3,gamma + lognormal + lognormal,-1.1500111429367188,False,False
2,1500,7,3,lognormal + lognormal + inverse_gaussian,-1.150112359043559,False,False
2,1500,8,3,lognormal + inverse_gaussian + lognormal,-1.150215116143784,False,False
2,1500,9,3,gamma + lognormal + gamma,-1.1524465937148884,False,False
2,1500,10,3,gamma + gamma + lognormal,-1.1525146042198755,False,False
3,500,1,2,nb2 + nb2,-2.6881585009204483,False,True
3,500,2,3,nb2 + poisson + nb2,-2.692455380405544,False,False
3,500,3,3,poisson + nb2 + nb2,-2.694953061443697,False,False
3,500,4,3,poisson + zip + poisson,-2.696296932417404,False,False
3,500,5,3,zip + poisson + zip,-2.6968473143219565,False,False
3,500,6,3,nb2 + nb2 + poisson,-2.7011867752094965,False,False
3,500,7,3,nb2 + nb2 + nb2,-2.7111236349411367,False,False
3,500,8,3,poisson + zip + zip,-2.712095534615169,False,False
3,500,9,2,zip + zip,-2.713011180065041,False,False
3,500,10,2,poisson + zip,-2.7184676634461833,False,False
3,1000,1,2,nb2 + nb2,-2.701073085182016,False,True
3,1000,2,3,nb2 + nb2 + poisson,-2.709558638321761,False,False
3,1000,3,3,poisson + poisson + poisson,-2.7136674653303894,False,False
3,1000,4,3,nb2 + zip + poisson,-2.7138250414044536,False,False
3,1000,5,3,poisson + nb2 + nb2,-2.713867696328058,False,False
3,1000,6,3,nb2 + poisson + nb2,-2.7143902222955947,False,False
3,1000,7,3,nb2 + poisson + zip,-2.715306210943457,False,False
3,1000,8,3,poisson + nb2 + poisson,-2.715921936546649,False,False
3,1000,9,3,zip + poisson + nb2,-2.7164051402909832,False,False
3,1000,10,3,zip + nb2 + poisson,-2.7168346324430823,False,False
3,1500,1,3,nb2 + poisson + nb2,-2.6892142555235306,False,False
3,1500,2,3,poisson + nb2 + nb2,-2.689315819022594,False,False
3,1500,3,3,nb2 + nb2 + poisson,-2.6895856774955185,False,False
3,1500,4,2,nb2 + nb2,-2.6897321673309844,False,True
3,1500,5,3,zip + poisson + nb2,-2.6979909385864778,False,False
3,1500,6,3,zip + nb2 + poisson,-2.6996846849650815,False,False
3,1500,7,3,nb2 + poisson + zip,-2.700412267465008,False,False
3,1500,8,3,nb2 + zip + poisson,-2.703417459244452,False,False
3,1500,9,3,poisson + nb2 + zip,-2.704062752296069,False,False
3,1500,10,3,nb2 + poisson + poisson,-2.705262616474393,False,False
4,500,1,2,zip + poisson,-2.4403211128746425,True,True
4,500,2,2,zip + zip,-2.4403877061715686,False,True
4,500,3,3,zip + nb2 + poisson,-2.4409460378987258,False,False
4,500,4,2,zip + nb2,-2.4415425754069995,False,False
4,500,5,3,poisson + poisson + zip,-2.4422750824405766,False,False
4,500,6,2,nb2 + zip,-2.442597036964862,False,False
4,500,7,3,zip + poisson + poisson,-2.443067378949724,False,False
4,500,8,2,poisson + zip,-2.4444208878077927,True,True
4,500,9,3,poisson + nb2 + poisson,-2.447863906044066,False,False
4,500,10,3,poisson + zip + poisson,-2.4500843004790314,False,False
4,1000,1,2,zip + zip,-2.4441963602376586,False,True
4,1000,2,2,nb2 + zip,-2.4443460086276025,False,False
4,1000,3,3,poisson + poisson + zip,-2.444736998106812,False,False
4,1000,4,2,poisson + zip,-2.444995366137135,True,True
4,1000,5,2,zip + poisson,-2.4454664092571248,True,True
4,1000,6,3,zip + poisson + poisson,-2.4455932085136336,False,False
4,1000,7,3,poisson + zip + poisson,-2.4457543637315866,False,False
4,1000,8,2,zip + nb2,-2.4466270660468683,False,False
4,1000,9,3,nb2 + nb2 + poisson,-2.450018846214967,False,False
4,1000,10,3,nb2 + poisson + nb2,-2.450380854279374,False,False
4,1500,1,2,nb2 + zip,-2.410613432999083,False,False
4,1500,2,2,zip + nb2,-2.4117693003642438,False,False
4,1500,3,2,zip + poisson,-2.4118349253116973,True,True
4,1500,4,2,poisson + zip,-2.411845917940968,True,True
4,1500,5,2,zip + zip,-2.412093404839071,False,True
4,1500,6,3,poisson + zip + poisson,-2.412753901171968,False,False
4,1500,7,3,poisson + nb2 + nb2,-2.412901449096287,False,False
4,1500,8,3,nb2 + poisson + nb2,-2.4129184701845316,False,False
4,1500,9,3,nb2 + nb2 + poisson,-2.41297326510759,False,False
4,1500,10,3,poisson + nb2 + poisson,-2.413471388594825,False,False
1,500,1,2,student_t + student_t,-1.857106147605165,False,True
1,500,2,2,student_t + skew_normal,-1.8571392106277715,False,False
1,500,3,2,student_t + gaussian,-1.8571402437925157,True,True
1,500,4,3,gaussian + gaussian + skew_normal,-1.860034093496352,False,False
1,500,5,3,gaussian + skew_normal + gaussian,-1.860338333154101,False,False
1,500,6,3,gaussian + gaussian + gaussian,-1.860346040703168,False,False
1,500,7,3,skew_normal + gaussian + gaussian,-1.860354854374394,False,False
1,500,8,3,student_t + student_t + gaussian,-1.8650595195290276,False,False
1,500,9,3,student_t + gaussian + skew_normal,-1.8654458932969273,False,False
1,500,10,3,student_t + skew_normal + gaussian,-1.8654459825424314,False,False
1,1000,1,2,student_t + student_t,-1.855417767978088,False,True
1,1000,2,2,student_t + gaussian,-1.8554387527214053,True,True
1,1000,3,2,student_t + skew_normal,-1.8554414340786165,False,False
1,1000,4,3,student_t + gaussian + student_t,-1.8619844350248054,False,False
1,1000,5,3,student_t + skew_normal + student_t,-1.8619978237543688,False,False
1,1000,6,3,student_t + student_t + skew_normal,-1.8622977227807394,False,False
1,1000,7,3,student_t + student_t + gaussian,-1.8623032289875396,False,False
1,1000,8,3,student_t + skew_normal + skew_normal,-1.8623824018377944,False,False
1,1000,9,3,student_t + gaussian + skew_normal,-1.8623835767494297,False,False
1,1000,10,3,student_t + skew_normal + gaussian,-1.8623888674279838,False,False
1,1500,1,3,student_t + gaussian + skew_normal,-1.8514634616185766,False,False
1,1500,2,3,student_t + skew_normal + skew_normal,-1.8514642995905188,False,False
1,1500,3,3,student_t + gaussian + gaussian,-1.8514657608128726,False,False
1,1500,4,3,student_t + skew_normal + gaussian,-1.851466597851254,False,False
1,1500,5,2,student_t + gaussian,-1.8514834518768484,True,True
1,1500,6,2,student_t + skew_normal,-1.8514836881862773,False,False
1,1500,7,2,student_t + student_t,-1.8524830572350448,False,True
1,1500,8,3,student_t + skew_normal + student_t,-1.8527505311761665,False,False
1,1500,9,3,student_t + gaussian + student_t,-1.852750891649769,False,False
1,1500,10,3,student_t + student_t + gaussian,-1.853380723976032,False,False
2,500,1,2,lognormal + lognormal,-1.0704270318990141,False,False
2,500,2,2,lognormal + gamma,-1.0705072888165887,True,True
2,500,3,3,lognormal + lognormal + inverse_gaussian,-1.0760055403834237,False,False
2,500,4,3,lognormal + gamma + inverse_gaussian,-1.0774780964503257,False,False
2,500,5,3,lognormal + inverse_gaussian + gamma,-1.0774781035869168,False,False
2,500,6,2,inverse_gaussian + lognormal,-1.0778043123936432,False,False
2,500,7,2,lognormal + inverse_gaussian,-1.0778043123936432,False,False
2,500,8,3,gamma + gamma + inverse_gaussian,-1.078633139166826,False,False
2,500,9,3,lognormal + lognormal + lognormal,-1.0812811257933705,False,False
2,500,10,3,lognormal + gamma + gamma,-1.0815612488779467,False,False
2,1000,1,2,lognormal + gamma,-1.0788248445532416,True,True
2,1000,2,2,gamma + lognormal,-1.0788248445532416,True,True
2,1000,3,2,lognormal + lognormal,-1.0806630736726401,False,False
2,1000,4,3,gamma + lognormal + gamma,-1.0907668952597824,False,False
2,1000,5,3,gamma + gamma + lognormal,-1.090767035252749,False,False
2,1000,6,3,inverse_gaussian + gamma + gamma,-1.092533350298179,False,False
2,1000,7,3,gamma + lognormal + lognormal,-1.0925349399398965,False,False
2,1000,8,3,lognormal + lognormal + gamma,-1.092534941601485,False,False
2,1000,9,3,lognormal + inverse_gaussian + lognormal,-1.09358746592442,False,False
2,1000,10,3,inverse_gaussian + lognormal + gamma,-1.0944398614525717,False,False
2,1500,1,2,lognormal + gamma,-1.1167641272488562,True,True
2,1500,2,2,gamma + lognormal,-1.1167641272488562,True,True
2,1500,3,2,lognormal + lognormal,-1.117344437672044,False,False
2,1500,4,3,lognormal + inverse_gaussian + lognormal,-1.1183492989069168,False,False
2,1500,5,3,lognormal + lognormal + gamma,-1.1187477600893152,False,False
2,1500,6,3,lognormal + lognormal + lognormal,-1.1195747897891666,False,False
2,1500,7,3,gamma + inverse_gaussian + lognormal,-1.1212395080137043,False,False
2,1500,8,3,gamma + inverse_gaussian + gamma,-1.121335307682154,False,False
2,1500,9,3,lognormal + gamma + gamma,-1.121534251017557,False,False
2,1500,10,3,lognormal + gamma + inverse_gaussian,-1.12194541868877,False,False
3,500,1,2,nb2 + nb2,-2.748763936266606,False,True
3,500,2,2,zip + nb2,-2.753861709146915,False,False
3,500,3,2,poisson + zip,-2.7541843852345504,False,False
3,500,4,2,nb2 + zip,-2.7552408082189537,False,False
3,500,5,2,zip + zip,-2.755715196312462,False,False
3,500,6,2,zip + poisson,-2.7559743913324235,False,False
3,500,7,3,poisson + zip + poisson,-2.7559987007789335,False,False
3,500,8,3,poisson + poisson + zip,-2.7567555320302493,False,False
3,500,9,3,poisson + nb2 + nb2,-2.7585876059172256,False,False
3,500,10,3,nb2 + zip + poisson,-2.7594356000222193,False,False
3,1000,1,3,nb2 + nb2 + zip,-2.684682216311158,False,False
3,1000,2,3,nb2 + poisson + nb2,-2.686067357651229,False,False
3,1000,3,3,poisson + nb2 + nb2,-2.6868895466216167,False,False
3,1000,4,3,poisson + poisson + nb2,-2.6870439995696933,False,False
3,1000,5,3,nb2 + nb2 + poisson,-2.6870727724468146,False,False
3,1000,6,2,nb2 + nb2,-2.687490184397649,False,True
3,1000,7,3,zip + poisson + zip,-2.6884767805228,False,False
3,1000,8,3,zip + poisson + nb2,-2.6907588318739943,False,False
3,1000,9,3,zip + nb2 + poisson,-2.6913489708986225,False,False
3,1000,10,3,zip + poisson + poisson,-2.691556809504363,False,False
3,1500,1,2,nb2 + nb2,-2.6640994760462946,False,True
3,1500,2,3,poisson + nb2 + nb2,-2.6670503438295086,False,False
3,1500,3,3,nb2 + poisson + nb2,-2.6671920920302172,False,False
3,1500,4,3,nb2 + nb2 + poisson,-2.6673450293935512,False,False
3,1500,5,3,poisson + zip + zip,-2.676337340905886,False,False
3,1500,6,3,poisson + poisson + zip,-2.692085366166863,False,False
3,1500,7,3,poisson + nb2 + poisson,-2.6960875487322054,False,False
3,1500,8,2,poisson + zip,-2.6963851358497566,False,False
3,1500,9,2,zip + zip,-2.697086427871167,False,False
3,1500,10,2,zip + poisson,-2.6971352869583014,False,False
4,500,1,2,zip + nb2,-2.4133072453946385,False,False
4,500,2,2,zip + zip,-2.4139698052067495,False,True
4,500,3,2,zip + poisson,-2.4140130897740493,True,True
4,500,4,2,poisson + zip,-2.4144565016875528,True,True
4,500,5,2,nb2 + zip,-2.414467231941793,False,False
4,500,6,3,poisson + zip + poisson,-2.4152752354215448,False,False
4,500,7,3,zip + poisson + poisson,-2.4194545609301077,False,False
4,500,8,3,nb2 + poisson + nb2,-2.421884419863392,False,False
4,500,9,3,zip + poisson + nb2,-2.423409719673544,False,False
4,500,10,3,poisson + poisson + zip,-2.424520228426095,False,False
4,1000,1,3,nb2 + poisson + poisson,-2.424188898610927,False,False
4,1000,2,2,zip + nb2,-2.424224542476434,False,False
4,1000,3,2,zip + poisson,-2.424692384123493,True,True
4,1000,4,2,poisson + zip,-2.424714732245637,True,True
4,1000,5,2,zip + zip,-2.4253891788559208,False,True
4,1000,6,3,zip + poisson + poisson,-2.425429801614339,False,False
4,1000,7,3,poisson + nb2 + poisson,-2.4255565252803333,False,False
4,1000,8,3,nb2 + poisson + zip,-2.4257228809675735,False,False
4,1000,9,3,poisson + poisson + zip,-2.425894709546472,False,False
4,1000,10,3,poisson + poisson + poisson,-2.4266596522376926,False,False
4,1500,1,3,zip + nb2 + poisson,-2.4464305187332984,False,False
4,1500,2,2,zip + zip,-2.446460586582456,False,True
4,1500,3,2,nb2 + zip,-2.4467830486775664,False,False
4,1500,4,2,poisson + zip,-2.446808248444025,True,True
4,1500,5,2,zip + poisson,-2.4468572202877823,True,True
4,1500,6,2,zip + nb2,-2.447203332673006,False,False
4,1500,7,3,poisson + zip + nb2,-2.4473016635190823,False,False
4,1500,8,3,poisson + poisson + zip,-2.447678515648361,False,False
4,1500,9,3,nb2 + nb2 + poisson,-2.4477405698699,False,False
4,1500,10,3,poisson + nb2 + nb2,-2.4480877158305825,False,False
1,500,1,2,student_t + skew_normal,-1.8770154052935153,False,False
1,500,2,2,student_t + gaussian,-1.877015974979027,True,True
1,500,3,2,student_t + student_t,-1.8774728948714596,False,True
1,500,4,3,student_t + gaussian + skew_normal,-1.878466381024346,False,False
1,500,5,3,student_t + gaussian + gaussian,-1.8784670624054336,False,False
1,500,6,3,student_t + student_t + gaussian,-1.88335782622441,False,False
1,500,7,3,gaussian + student_t + skew_normal,-1.893189114626694,False,False
1,500,8,3,gaussian + student_t + gaussian,-1.8931909161885674,False,False
1,500,9,3,skew_normal + student_t + gaussian,-1.8931923816951932,False,False
1,500,10,2,skew_normal + student_t,-1.894520183654564,False,False
1,1000,1,2,student_t + skew_normal,-1.8300533575914177,False,False
1,1000,2,2,student_t + gaussian,-1.830056366437897,True,True
1,1000,3,2,student_t + student_t,-1.8301238116219039,False,True
1,1000,4,3,student_t + skew_normal + gaussian,-1.8310668366913925,False,False
1,1000,5,3,student_t + gaussian + gaussian,-1.8310670112837493,False,False
1,1000,6,3,student_t + gaussian + skew_normal,-1.8311075614315273,False,False
1,1000,7,3,student_t + gaussian + student_t,-1.8313453061524367,False,False
1,1000,8,3,student_t + student_t + skew_normal,-1.8402303354504832,False,False
1,1000,9,3,student_t + student_t + gaussian,-1.8402814796122722,False,False
1,1000,10,3,student_t + student_t + student_t,-1.8403005271787947,False,False
1,1500,1,2,student_t + student_t,-1.8447102363753345,False,True
1,1500,2,2,student_t + gaussian,-1.8448903974698305,True,True
1,1500,3,2,student_t + skew_normal,-1.8448907553558962,False,False
1,1500,4,3,student_t + skew_normal + gaussian,-1.8544600074252957,False,False
1,1500,5,3,student_t + gaussian + skew_normal,-1.8544608417621924,False,False
1,1500,6,3,student_t + gaussian + gaussian,-1.8544616129657006,False,False
1,1500,7,3,student_t + student_t + skew_normal,-1.8544812817686103,False,False
1,1500,8,3,student_t + student_t + gaussian,-1.8544823955249252,False,False
1,1500,9,3,student_t + gaussian + student_t,-1.8546489955615548,False,False
1,1500,10,3,student_t + skew_normal + student_t,-1.8546512789709029,False,False
2,500,1,2,lognormal + lognormal,-1.1499497727958186,False,False
2,500,2,2,lognormal + gamma,-1.1500435380747323,True,True
2,500,3,2,gamma + lognormal,-1.1500435380747323,True,True
2,500,4,3,inverse_gaussian + lognormal + gamma,-1.1658020979742034,False,False
2,500,5,3,gamma + lognormal + inverse_gaussian,-1.1658021033987838,False,False
2,500,6,3,lognormal + inverse_gaussian + gamma,-1.1658489085685793,False,False
2,500,7,3,lognormal + gamma + lognormal,-1.1742685373812984,False,False
2,500,8,3,gamma + gamma + lognormal,-1.1753130168183998,False,False
2,500,9,3,lognormal + gamma + gamma,-1.1753130459981063,False,False
2,500,10,3,gamma + inverse_gaussian + inverse_gaussian,-1.175404904106477,False,False
2,1000,1,2,gamma + lognormal,-1.0605185513103732,True,True
2,1000,2,2,lognormal + lognormal,-1.0610157364761386,False,False
2,1000,3,2,inverse_gaussian + lognormal,-1.0634132495268322,False,False
2,1000,4,2,lognormal + inverse_gaussian,-1.0634132495268322,False,False
2,1000,5,3,gamma + lognormal + gamma,-1.064056395218925,False,False
2,1000,6,3,gamma + lognormal + lognormal,-1.0646103696459763,False,False
2,1000,7,3,inverse_gaussian + gamma + gamma,-1.0650731373797657,False,False
2,1000,8,3,gamma + inverse_gaussian + gamma,-1.0650731373797657,False,False
2,1000,9,3,gamma + gamma + inverse_gaussian,-1.0650732553852045,False,False
2,1000,10,3,gamma + gamma + lognormal,-1.0673305634956367,False,False
2,1500,1,2,lognormal + lognormal,-1.089813440531341,False,False
2,1500,2,3,gamma + lognormal + lognormal,-1.0903103458984564,False,False
2,1500,3,3,lognormal + gamma + lognormal,-1.0903216537281726,False,False
2,1500,4,3,gamma + inverse_gaussian + lognormal,-1.0906222682799018,False,False
2,1500,5,3,lognormal + lognormal + lognormal,-1.0910972323270918,False,False
2,1500,6,3,lognormal + gamma + inverse_gaussian,-1.0929761296016236,False,False
2,1500,7,3,inverse_gaussian + lognormal + gamma,-1.0929761472692467,False,False
2,1500,8,3,lognormal + inverse_gaussian + gamma,-1.0943704497103948,False,False
2,1500,9,3,lognormal + inverse_gaussian + lognormal,-1.0960803445801994,False,False
2,1500,10,2,inverse_gaussian + lognormal,-1.097399558949302,False,False
3,500,1,2,nb2 + nb2,-2.7004476043851966,False,True
3,500,2,2,nb2 + zip,-2.7066529995375386,False,False
3,500,3,3,poisson + nb2 + nb2,-2.721637577039579,False,False
3,500,4,3,poisson + poisson + poisson,-2.725688550081932,False,False
3,500,5,3,poisson + zip + poisson,-2.730887456519861,False,False
3,500,6,2,zip + zip,-2.731441359086926,False,False
3,500,7,2,zip + poisson,-2.7324604229917706,False,False
3,500,8,2,poisson + zip,-2.7331585837553356,False,False
3,500,9,3,zip + poisson + poisson,-2.734050714567309,False,False
3,500,10,3,poisson + nb2 + poisson,-2.7344373058314333,False,False
3,1000,1,2,nb2 + nb2,-2.706446355607255,False,True
3,1000,2,3,nb2 + nb2 + poisson,-2.708538015775249,False,False
3,1000,3,3,nb2 + poisson + nb2,-2.7105821022105507,False,False
3,1000,4,3,poisson + nb2 + nb2,-2.7146130244118716,False,False
3,1000,5,3,poisson + poisson + poisson,-2.7160592621654094,False,False
3,1000,6,2,zip + poisson,-2.7276403655659913,False,False
3,1000,7,2,poisson + zip,-2.72777124777899,False,False
3,1000,8,2,zip + zip,-2.7286816345256026,False,False
3,1000,9,2,zip + nb2,-2.731424855580537,False,False
3,1000,10,3,poisson + nb2 + zip,-2.735038001338818,False,False
3,1500,1,2,nb2 + nb2,-2.7116625390516003,False,True
3,1500,2,3,nb2 + zip + nb2,-2.715134462394032,False,False
3,1500,3,3,nb2 + nb2 + zip,-2.7167181703183276,False,False
3,1500,4,3,poisson + nb2 + nb2,-2.720386386339958,False,False
3,1500,5,3,zip + poisson + nb2,-2.7212288290487354,False,False
3,1500,6,3,nb2 + nb2 + poisson,-2.7232631882218747,False,False
3,1500,7,3,nb2 + poisson + nb2,-2.7236202165517045,False,False
3,1500,8,3,poisson + nb2 + zip,-2.732344121517231,False,False
3,1500,9,3,poisson + poisson + zip,-2.735822038214654,False,False
3,1500,10,3,nb2 + zip + poisson,-2.736300970822779,False,False
4,500,1,2,nb2 + zip,-2.4739285448351658,False,False
4,500,2,3,poisson + zip + poisson,-2.4741490395361807,False,False
4,500,3,2,zip + nb2,-2.474925288573091,False,False
4,500,4,2,zip + poisson,-2.4753535480781554,True,True
4,500,5,3,zip + poisson + poisson,-2.4756198331271655,False,False
4,500,6,2,poisson + zip,-2.4758456151779873,True,True
4,500,7,3,nb2 + poisson + zip,-2.477010801826363,False,False
4,500,8,3,poisson + nb2 + zip,-2.478843004232626,False,False
4,500,9,3,zip + nb2 + poisson,-2.479190585159294,False,False
4,500,10,3,poisson + zip + zip,-2.4801016024840092,False,False
4,1000,1,2,nb2 + zip,-2.427578331467871,False,False
4,1000,2,2,zip + nb2,-2.427996089082303,False,False
4,1000,3,3,zip + poisson + poisson,-2.429411069514643,False,False
4,1000,4,3,zip + zip + poisson,-2.42948366296624,False,False
4,1000,5,3,poisson + zip + poisson,-2.4297035320047855,False,False
4,1000,6,2,poisson + zip,-2.429737540778085,True,True
4,1000,7,2,zip + poisson,-2.429771297021027,True,True
4,1000,8,3,nb2 + poisson + poisson,-2.429771613952471,False,False
4,1000,9,3,poisson + poisson + zip,-2.430399453081739,False,False
4,1000,10,2,zip + zip,-2.43098068536386,False,True
4,1500,1,3,nb2 + poisson + poisson,-2.3932998417359466,False,False
4,1500,2,2,poisson + zip,-2.393430302495427,True,True
4,1500,3,2,nb2 + zip,-2.393766218216744,False,False
4,1500,4,2,zip + nb2,-2.3940721424590974,False,False
4,1500,5,2,zip + poisson,-2.394255400040689,True,True
4,1500,6,3,poisson + nb2 + nb2,-2.3945995622096405,False,False
4,1500,7,2,zip + zip,-2.3946489341165624,False,True
4,1500,8,3,poisson + zip + poisson,-2.395047926290546,False,False
4,1500,9,3,poisson + poisson + poisson,-2.395220682521583,False,False
4,1500,10,3,poisson + poisson + nb2,-2.395254369018856,False,False
1,500,1,2,student_t + skew_normal,-1.9093725647414082,False,False
1,500,2,2,student_t + gaussian,-1.909372951177754,True,True
1,500,3,2,student_t + student_t,-1.909843106244979,False,True
1,500,4,2,gaussian + student_t,-1.9113053784631158,True,True
1,500,5,2,skew_normal + student_t,-1.9113535326670998,False,False
1,500,6,3,gaussian + student_t + gaussian,-1.9124126782108601,False,False
1,500,7,3,student_t + gaussian + gaussian,-1.9175974721976385,False,False
1,500,8,3,skew_normal + gaussian + student_t,-1.9236962498249086,False,False
1,500,9,3,gaussian + gaussian + student_t,-1.9237011487444087,False,False
1,500,10,3,gaussian + skew_normal + student_t,-1.9237013542691974,False,False
1,1000,1,2,student_t + skew_normal,-1.8306460627269203,False,False
1,1000,2,2,student_t + gaussian,-1.8306497074359886,True,True
1,1000,3,3,student_t + gaussian + skew_normal,-1.8311925966469793,False,False
1,1000,4,3,student_t + skew_normal + gaussian,-1.8311945624571195,False,False
1,1000,5,3,student_t + gaussian + gaussian,-1.8311946449966485,False,False
1,1000,6,3,student_t + student_t + gaussian,-1.831557245452475,False,False
1,1000,7,3,student_t + gaussian + student_t,-1.8334002994367034,False,False
1,1000,8,2,student_t + student_t,-1.8347364471561591,False,True
1,1000,9,3,gaussian + gaussian + student_t,-1.837594196299287,False,False
1,1000,10,2,gaussian + student_t,-1.8407686520794146,True,True
1,1500,1,2,student_t + gaussian,-1.8798541284532302,True,True
1,1500,2,2,student_t + skew_normal,-1.8798556460681135,False,False
1,1500,3,2,student_t + student_t,-1.8809353242985085,False,True
1,1500,4,3,student_t + skew_normal + gaussian,-1.8868073412878004,False,False
1,1500,5,3,student_t + gaussian + gaussian,-1.8868077047223233,False,False
1,1500,6,3,student_t + gaussian + skew_normal,-1.8868081241999126,False,False
1,1500,7,3,student_t + student_t + skew_normal,-1.887077876399057,False,False
1,1500,8,3,student_t + student_t + gaussian,-1.8870781787372048,False,False
1,1500,9,3,student_t + gaussian + student_t,-1.887799948859423,False,False
1,1500,10,3,student_t + student_t + student_t,-1.8881025315546074,False,False
2,500,1,2,lognormal + lognormal,-1.1187028139625315,False,False
2,500,2,2,lognormal + gamma,-1.1202359930305634,True,True
2,500,3,2,gamma + lognormal,-1.1202359930305634,True,True
2,500,4,2,inverse_gaussian + lognormal,-1.1205574324872827,False,False
2,500,5,3,inverse_gaussian + lognormal + gamma,-1.1408781233214769,False,False
2,500,6,3,inverse_gaussian + gamma + lognormal,-1.1408781236327454,False,False
2,500,7,2,inverse_gaussian + inverse_gaussian,-1.1449517999757644,False,False
2,500,8,2,lognormal + inverse_gaussian,-1.1457808598996952,False,False
2,500,9,3,gamma + gamma + inverse_gaussian,-1.1485968473466217,False,False
2,500,10,3,inverse_gaussian + gamma + gamma,-1.1485968534813622,False,False
2,1000,1,3,gamma + lognormal + lognormal,-1.2286370388161518,False,False
2,1000,2,3,lognormal + lognormal + gamma,-1.2286370438648146,False,False
2,1000,3,3,lognormal + gamma + lognormal,-1.228661735008478,False,False
2,1000,4,3,gamma + lognormal + gamma,-1.2288889818634674,False,False
2,1000,5,3,gamma + gamma + lognormal,-1.2289148699620192,False,False
2,1000,6,2,lognormal + gamma,-1.22959949909679,True,True
2,1000,7,2,gamma + lognormal,-1.22959949909679,True,True
2,1000,8,3,gamma + gamma + gamma,-1.2300103116763157,False,False
2,1000,9,3,inverse_gaussian + lognormal + gamma,-1.2303842654928225,False,False
2,1000,10,3,lognormal + lognormal + lognormal,-1.2309082702318717,False,False
2,1500,1,2,lognormal + gamma,-1.1398039727496838,True,True
2,1500,2,2,gamma + lognormal,-1.1398039727496838,True,True
2,1500,3,3,lognormal + gamma + lognormal,-1.1411923712444276,False,False
2,1500,4,3,lognormal + lognormal + gamma,-1.1411924005100218,False,False
2,1500,5,3,gamma + lognormal + lognormal,-1.1411924070332278,False,False
2,1500,6,3,lognormal + gamma + gamma,-1.141235083317782,False,False
2,1500,7,3,inverse_gaussian + gamma + lognormal,-1.1413265077473393,False,False
2,1500,8,3,lognormal + inverse_gaussian + gamma,-1.141382492938496,False,False
2,1500,9,2,lognormal + lognormal,-1.1415519915994818,False,False
2,1500,10,3,lognormal + lognormal + lognormal,-1.1420814146020315,False,False
3,500,1,2,nb2 + nb2,-2.6847061123115186,False,True
3,500,2,2,zip + poisson,-2.689784693124001,False,False
3,500,3,2,zip + zip,-2.6899492631194746,False,False
3,500,4,2,poisson + zip,-2.6925472295109802,False,False
3,500,5,2,nb2 + zip,-2.6930082901948036,False,False
3,500,6,3,zip + poisson + zip,-2.6975224585741713,False,False
3,500,7,3,poisson + poisson + zip,-2.6983771495289366,False,False
3,500,8,2,zip + nb2,-2.698515660109994,False,False
3,500,9,3,poisson + nb2 + poisson,-2.6985280545388552,False,False
3,500,10,3,poisson + zip + poisson,-2.70140001285516,False,False
3,1000,1,2,nb2 + nb2,-2.711538622542209,False,True
3,1000,2,3,nb2 + nb2 + poisson,-2.7174196442382583,False,False
3,1000,3,3,poisson + nb2 + poisson,-2.7203843289238256,False,False
3,1000,4,3,zip + nb2 + zip,-2.7211923190320078,False,False
3,1000,5,3,nb2 + zip + zip,-2.721745185664476,False,False
3,1000,6,3,poisson + zip + nb2,-2.7220800782184487,False,False
3,1000,7,3,zip + poisson + nb2,-2.7227617295429325,False,False
3,1000,8,3,poisson + nb2 + zip,-2.7230593443509514,False,False
3,1000,9,2,nb2 + zip,-2.7248646657765256,False,False
3,1000,10,2,poisson + zip,-2.725149814273603,False,False
3,1500,1,3,nb2 + zip + nb2,-2.7089983893015286,False,False
3,1500,2,3,nb2 + nb2 + zip,-2.709098447712261,False,False
3,1500,3,3,zip + nb2 + nb2,-2.709430298427298,False,False
3,1500,4,3,poisson + nb2 + nb2,-2.7101883110191585,False,False
3,1500,5,3,nb2 + nb2 + poisson,-2.7104125654796674,False,False
3,1500,6,2,nb2 + nb2,-2.710441928637497,False,True
3,1500,7,3,nb2 + poisson + nb2,-2.712600400660657,False,False
3,1500,8,3,poisson + poisson + zip,-2.715827103323172,False,False
3,1500,9,3,zip + zip + zip,-2.7190629032386213,False,False
3,1500,10,3,poisson + zip + poisson,-2.7198912069585437,False,False
4,500,1,2,zip + zip,-2.472856330178254,False,True
4,500,2,2,zip + nb2,-2.47338617429846,False,False
4,500,3,2,poisson + zip,-2.4758013985217997,True,True
4,500,4,3,nb2 + nb2 + poisson,-2.478606585425533,False,False
4,500,5,2,nb2 + zip,-2.479616957099729,False,False
4,500,6,3,poisson + nb2 + zip,-2.4796626242952895,False,False
4,500,7,3,zip + nb2 + poisson,-2.4798990409244634,False,False
4,500,8,2,zip + poisson,-2.48067106729596,True,True
4,500,9,3,poisson + poisson + zip,-2.480691012761507,False,False
4,500,10,3,zip + poisson + poisson,-2.481990460577097,False,False
4,1000,1,2,zip + nb2,-2.4282470275947663,False,False
4,1000,2,2,nb2 + zip,-2.4290623707424417,False,False
4,1000,3,3,poisson + poisson + zip,-2.4293855090533305,False,False
4,1000,4,2,poisson + zip,-2.4297109456191412,True,True
4,1000,5,2,zip + zip,-2.4299751183697387,False,True
4,1000,6,2,zip + poisson,-2.4301347019053328,True,True
4,1000,7,3,zip + nb2 + poisson,-2.43084229594947,False,False
4,1000,8,3,poisson + poisson + nb2,-2.431139451317425,False,False
4,1000,9,3,poisson + zip + nb2,-2.4314088679497847,False,False
4,1000,10,3,zip + poisson + nb2,-2.4314209340623343,False,False
4,1500,1,2,zip + zip,-2.4063467876313887,False,True
4,1500,2,2,poisson + zip,-2.4065353357890844,True,True
4,1500,3,2,zip + poisson,-2.4065404182418897,True,True
4,1500,4,2,zip + nb2,-2.4075408353010075,False,False
4,1500,5,2,nb2 + zip,-2.407566553903851,False,False
4,1500,6,3,poisson + zip + poisson,-2.408263929507656,False,False
4,1500,7,3,poisson + poisson + poisson,-2.4088864450706735,False,False
4,1500,8,3,poisson + poisson + zip,-2.409248706047008,False,False
4,1500,9,3,zip + poisson + poisson,-2.4099039499151984,False,False
4,1500,10,3,zip + nb2 + poisson,-2.4104100383663907,False,False
1,500,1,2,student_t + gaussian,-1.8488431114736408,True,True
1,500,2,2,student_t + skew_normal,-1.8488484819883093,False,False
1,500,3,2,student_t + student_t,-1.8506702245398428,False,True
1,500,4,3,student_t + gaussian + gaussian,-1.8578458708120624,False,False
1,500,5,2,skew_normal + student_t,-1.8586835069603804,False,False
1,500,6,2,gaussian + student_t,-1.8586845228934195,True,True
1,500,7,3,student_t + gaussian + student_t,-1.8636143710194233,False,False
1,500,8,3,gaussian + student_t + gaussian,-1.8648317406324209,False,False
1,500,9,3,gaussian + skew_normal + student_t,-1.8697702713899282,False,False
1,500,10,3,gaussian + gaussian + student_t,-1.869770482843284,False,False
1,1000,1,2,student_t + student_t,-1.8397586616090207,False,True
1,1000,2,2,student_t + gaussian,-1.8403675253007268,True,True
1,1000,3,2,student_t + skew_normal,-1.8403696844757238,False,False
1,1000,4,3,student_t + gaussian + skew_normal,-1.844568090126532,False,False
1,1000,5,3,student_t + skew_normal + skew_normal,-1.8445723273226355,False,False
1,1000,6,3,student_t + gaussian + gaussian,-1.8445784513282866,False,False
1,1000,7,3,student_t + skew_normal + gaussian,-1.8445826764169808,False,False
1,1000,8,3,student_t + student_t + gaussian,-1.844930291809706,False,False
1,1000,9,3,student_t + student_t + skew_normal,-1.8449328868397692,False,False
1,1000,10,3,student_t + gaussian + student_t,-1.8450712574210508,False,False
1,1500,1,2,student_t + student_t,-1.8550578212577722,False,True
1,1500,2,2,student_t + gaussian,-1.855408783358166,True,True
1,1500,3,2,student_t + skew_normal,-1.8554093047694933,False,False
1,1500,4,3,student_t + student_t + skew_normal,-1.8568149154964073,False,False
1,1500,5,3,student_t + student_t + gaussian,-1.8568155177774255,False,False
1,1500,6,3,student_t + skew_normal + skew_normal,-1.856877967033396,False,False
1,1500,7,3,student_t + gaussian + skew_normal,-1.8568779869452556,False,False
1,1500,8,3,student_t + skew_normal + gaussian,-1.8568783251976089,False,False
1,1500,9,3,student_t + gaussian + gaussian,-1.8568783392399493,False,False
1,1500,10,3,student_t + student_t + student_t,-1.8571351826887654,False,False
2,500,1,2,lognormal + gamma,-0.9683565875043364,True,True
2,500,2,2,gamma + lognormal,-0.9683773806046767,True,True
2,500,3,2,lognormal + lognormal,-0.9699247544699874,False,False
2,500,4,2,lognormal + inverse_gaussian,-0.9779948440278318,False,False
2,500,5,3,gamma + lognormal + lognormal,-0.9838680115494168,False,False
2,500,6,3,lognormal + lognormal + lognormal,-0.984169309298512,False,False
2,500,7,3,gamma + gamma + lognormal,-0.9858644964994933,False,False
2,500,8,3,gamma + lognormal + gamma,-0.9858645351010901,False,False
2,500,9,3,inverse_gaussian + gamma + lognormal,-0.986093131626226,False,False
2,500,10,3,lognormal + inverse_gaussian + gamma,-0.9860931694218685,False,False
2,1000,1,2,lognormal + gamma,-1.097559271298023,True,True
2,1000,2,2,gamma + lognormal,-1.097559271298023,True,True
2,1000,3,2,lognormal + lognormal,-1.0992372273243447,False,False
2,1000,4,3,gamma + lognormal + gamma,-1.1005447295487565,False,False
2,1000,5,3,lognormal + gamma + gamma,-1.1005552636317988,False,False
2,1000,6,3,gamma + gamma + lognormal,-1.100555273240142,False,False
2,1000,7,3,lognormal + lognormal + gamma,-1.1008135514478212,False,False
2,1000,8,3,gamma + lognormal + lognormal,-1.1022767061887366,False,False
2,1000,9,3,lognormal + lognormal + lognormal,-1.1029049656979752,False,False
2,1000,10,3,inverse_gaussian + gamma + lognormal,-1.1062637205868127,False,False
2,1500,1,2,gamma + lognormal,-1.0892268337178999,True,True
2,1500,2,2,lognormal + lognormal,-1.0900026720284657,False,False
2,1500,3,3,lognormal + lognormal + gamma,-1.09304889662941,False,False
2,1500,4,3,gamma + lognormal + lognormal,-1.093048899363871,False,False
2,1500,5,3,lognormal + gamma + inverse_gaussian,-1.0932126740490682,False,False
2,1500,6,3,lognormal + inverse_gaussian + gamma,-1.0932126830429358,False,False
2,1500,7,2,lognormal + inverse_gaussian,-1.0932518584400464,False,False
2,1500,8,2,inverse_gaussian + lognormal,-1.0932518584400464,False,False
2,1500,9,3,lognormal + lognormal + lognormal,-1.0937607996015386,False,False
2,1500,10,3,lognormal + lognormal + inverse_gaussian,-1.0940405131753463,False,False
3,500,1,2,nb2 + nb2,-2.6914837534131895,False,True
3,500,2,3,poisson + nb2 + nb2,-2.6951632258968736,False,False
3,500,3,2,nb2 + zip,-2.7037980511235644,False,False
3,500,4,3,zip + poisson + poisson,-2.704450973464375,False,False
3,500,5,3,poisson + poisson + zip,-2.710444414996694,False,False
3,500,6,3,zip + zip + poisson,-2.7117782229144987,False,False
3,500,7,3,zip + nb2 + nb2,-2.717943745370393,False,False
3,500,8,2,zip + poisson,-2.718266883750217,False,False
3,500,9,3,zip + poisson + zip,-2.718920952536734,False,False
3,500,10,3,zip + poisson + nb2,-2.7189435241192346,False,False
3,1000,1,2,nb2 + nb2,-2.677478175636785,False,True
3,1000,2,3,poisson + poisson + zip,-2.6787284096749717,False,False
3,1000,3,3,poisson + nb2 + nb2,-2.6802023572376195,False,False
3,1000,4,3,zip + poisson + poisson,-2.6820016770481745,False,False
3,1000,5,3,nb2 + nb2 + poisson,-2.6825177056368075,False,False
3,1000,6,2,zip + zip,-2.683704631628222,False,False
3,1000,7,3,nb2 + poisson + nb2,-2.6840642723707697,False,False
3,1000,8,2,nb2 + zip,-2.6842480427708484,False,False
3,1000,9,3,poisson + nb2 + zip,-2.6845167095715508,False,False
3,1000,10,2,poisson + zip,-2.6852727232835103,False,False
3,1500,1,2,nb2 + nb2,-2.7339839639764976,False,True
3,1500,2,3,poisson + nb2 + nb2,-2.734687220830721,False,False
3,1500,3,3,nb2 + nb2 + poisson,-2.7352327806056422,False,False
3,1500,4,3,nb2 + poisson + nb2,-2.7357516973272795,False,False
3,1500,5,3,nb2 + nb2 + nb2,-2.7365437102481627,False,False
3,1500,6,3,nb2 + nb2 + zip,-2.736835356230562,False,False
3,1500,7,3,nb2 + zip + nb2,-2.7387315587765912,False,False
3,1500,8,3,zip + nb2 + nb2,-2.7388392944003463,False,False
3,1500,9,3,zip + poisson + zip,-2.744385308875658,False,False
3,1500,10,3,nb2 + zip + poisson,-2.7478266107206037,False,False
4,500,1,2,zip + poisson,-2.4798980099961745,True,True
4,500,2,2,zip + nb2,-2.479902413043481,False,False
4,500,3,2,zip + zip,-2.4799052591510127,False,True
4,500,4,2,poisson + zip,-2.479969728981105,True,True
4,500,5,2,nb2 + zip,-2.4827621665121953,False,False
4,500,6,3,nb2 + poisson + poisson,-2.4827864482392807,False,False
4,500,7,3,zip + poisson + poisson,-2.4840393379905317,False,False
4,500,8,3,nb2 + poisson + zip,-2.4893281251229777,False,False
4,500,9,3,poisson + nb2 + nb2,-2.4894837586367204,False,False
4,500,10,3,zip + nb2 + nb2,-2.4895580128823207,False,False
4,1000,1,2,zip + nb2,-2.399779444804945,False,False
4,1000,2,3,poisson + poisson + zip,-2.4002877699639495,False,False
4,1000,3,3,zip + poisson + poisson,-2.401067225627198,False,False
4,1000,4,2,nb2 + zip,-2.4011554210628083,False,False
4,1000,5,3,poisson + zip + poisson,-2.4015857966708873,False,False
4,1000,6,2,zip + poisson,-2.4018569751274317,True,True
4,1000,7,2,zip + zip,-2.4021694959550786,False,True
4,1000,8,3,poisson + poisson + nb2,-2.4023225531817416,False,False
4,1000,9,3,nb2 + poisson + nb2,-2.402793916048717,False,False
4,1000,10,3,zip + nb2 + poisson,-2.40300468117176,False,False
4,1500,1,3,nb2 + zip + poisson,-2.421875646904291,False,False
4,1500,2,3,poisson + poisson + zip,-2.4218857959687297,False,False
4,1500,3,2,zip + poisson,-2.422599301617565,True,True
4,1500,4,2,nb2 + zip,-2.4227666115376447,False,False
4,1500,5,3,nb2 + nb2 + poisson,-2.4229395150457194,False,False
4,1500,6,3,zip + poisson + poisson,-2.4234136462654527,False,False
4,1500,7,2,zip + nb2,-2.4237703411508655,False,False
4,1500,8,3,poisson + zip + poisson,-2.423877105981457,False,False
4,1500,9,2,poisson + zip,-2.4240258880445356,True,True
4,1500,10,3,poisson + nb2 + poisson,-2.4248971495722964,False,False
1,500,1,2,student_t + gaussian,-1.8558735119880807,True,True
1,500,2,2,student_t + skew_normal,-1.8558756034172301,False,False
1,500,3,2,student_t + student_t,-1.8559325351560456,False,True
1,500,4,3,student_t + gaussian + skew_normal,-1.8631360020916024,False,False
1,500,5,3,student_t + skew_normal + gaussian,-1.8631360311229703,False,False
1,500,6,3,student_t + gaussian + gaussian,-1.863136177602547,False,False
1,500,7,3,student_t + student_t + gaussian,-1.8634596380957122,False,False
1,500,8,3,student_t + gaussian + student_t,-1.8654648780808782,False,False
1,500,9,2,skew_normal + student_t,-1.8716580272142664,False,False
1,500,10,2,gaussian + student_t,-1.8716806918200168,True,True
1,1000,1,2,student_t + gaussian,-1.8432895504315834,True,True
1,1000,2,2,student_t + skew_normal,-1.8432938189965729,False,False
1,1000,3,3,student_t + gaussian + student_t,-1.8434966926616372,False,False
1,1000,4,2,student_t + student_t,-1.8435034742896554,False,True
1,1000,5,3,student_t + student_t + skew_normal,-1.843632077863496,False,False
1,1000,6,3,student_t + student_t + gaussian,-1.8436531497939215,False,False
1,1000,7,3,student_t + gaussian + skew_normal,-1.8437436675342447,False,False
1,1000,8,3,student_t + gaussian + gaussian,-1.8437440556205238,False,False
1,1000,9,3,student_t + skew_normal + gaussian,-1.8437441872579943,False,False
1,1000,10,3,gaussian + student_t + gaussian,-1.8541980115467391,False,False
1,1500,1,2,student_t + gaussian,-1.8741462162297096,True,True
1,1500,2,2,student_t + skew_normal,-1.8741462726549567,False,False
1,1500,3,2,student_t + student_t,-1.8741529409214177,False,True
1,1500,4,3,student_t + student_t + gaussian,-1.8761733287543914,False,False
1,1500,5,3,student_t + student_t + skew_normal,-1.8762082622203538,False,False
1,1500,6,3,student_t + skew_normal + skew_normal,-1.8762293817048203,False,False
1,1500,7,3,student_t + skew_normal + gaussian,-1.876229699644775,False,False
1,1500,8,3,student_t + gaussian + skew_normal,-1.8762308107363288,False,False
1,1500,9,3,student_t + gaussian + gaussian,-1.8762311278424517,False,False
1,1500,10,3,student_t + skew_normal + student_t,-1.8768846280697118,False,False
2,500,1,2,lognormal + gamma,-1.1752136231026709,True,True
2,500,2,2,lognormal + lognormal,-1.1768086499630313,False,False
2,500,3,3,lognormal + lognormal + lognormal,-1.183188923055504,False,False
2,500,4,3,lognormal + lognormal + gamma,-1.1849753775808773,False,False
2,500,5,2,inverse_gaussian + lognormal,-1.1904899237558166,False,False
2,500,6,2,lognormal + inverse_gaussian,-1.1904899237558166,False,False
2,500,7,3,gamma + lognormal + gamma,-1.1947235555480902,False,False
2,500,8,3,lognormal + inverse_gaussian + lognormal,-1.194754518393307,False,False
2,500,9,3,gamma + gamma + lognormal,-1.1982502544593865,False,False
2,500,10,3,lognormal + gamma + lognormal,-1.1997790719695405,False,False
2,1000,1,2,gamma + lognormal,-1.0916655129740005,True,True
2,1000,2,2,lognormal + lognormal,-1.0917511611408146,False,False
2,1000,3,3,gamma + lognormal + lognormal,-1.094578773606082,False,False
2,1000,4,3,lognormal + gamma + lognormal,-1.0947018439325138,False,False
2,1000,5,3,lognormal + inverse_gaussian + gamma,-1.0947442380878627,False,False
2,1000,6,3,lognormal + lognormal + inverse_gaussian,-1.0948222522322266,False,False
2,1000,7,3,lognormal + lognormal + gamma,-1.0949186794018897,False,False
2,1000,8,3,gamma + gamma + lognormal,-1.0960087437142458,False,False
2,1000,9,3,lognormal + lognormal + lognormal,-1.0968327216235079,False,False
2,1000,10,3,gamma + inverse_gaussian + lognormal,-1.097210568469987,False,False
2,1500,1,2,lognormal + lognormal,-1.10735569953006,False,False
2,1500,2,3,lognormal + lognormal + lognormal,-1.1074541840239518,False,False
2,1500,3,2,lognormal + gamma,-1.1082646231199653,True,True
2,1500,4,2,gamma + lognormal,-1.1082646231199653,True,True
2,1500,5,3,lognormal + gamma + lognormal,-1.1083483709968205,False,False
2,1500,6,3,gamma + gamma + lognormal,-1.1100498864661836,False,False
2,1500,7,3,inverse_gaussian + gamma + gamma,-1.1100663357365765,False,False
2,1500,8,3,gamma + inverse_gaussian + gamma,-1.1100663359568501,False,False
2,1500,9,3,gamma + gamma + inverse_gaussian,-1.1101392072044922,False,False
2,1500,10,3,lognormal + lognormal + inverse_gaussian,-1.1125891944907764,False,False
3,500,1,2,nb2 + nb2,-2.7188222304155105,False,True
3,500,2,2,nb2 + zip,-2.729400099679162,False,False
3,500,3,2,poisson + zip,-2.729948452938248,False,False
3,500,4,2,zip + nb2,-2.7301911516217876,False,False
3,500,5,2,zip + poisson,-2.730303197403332,False,False
3,500,6,2,zip + zip,-2.7303472016077577,False,False
3,500,7,3,poisson + nb2 + poisson,-2.7339219240337225,False,False
3,500,8,3,poisson + poisson + zip,-2.735282588016322,False,False
3,500,9,3,zip + poisson + nb2,-2.7363635235511783,False,False
3,500,10,3,zip + poisson + zip,-2.7369322876729516,False,False
3,1000,1,2,nb2 + nb2,-2.723343930605074,False,True
3,1000,2,3,nb2 + poisson + nb2,-2.729189577051475,False,False
3,1000,3,3,zip + poisson + poisson,-2.7310977111932213,False,False
3,1000,4,2,poisson + zip,-2.7311967623585995,False,False
3,1000,5,2,zip + poisson,-2.7313715516677894,False,False
3,1000,6,3,nb2 + nb2 + poisson,-2.7314784222711896,False,False
3,1000,7,2,nb2 + zip,-2.731798742601811,False,False
3,1000,8,3,zip + poisson + nb2,-2.733217735868586,False,False
3,1000,9,2,zip + zip,-2.7332869943905953,False,False
3,1000,10,2,zip + nb2,-2.7335538883172257,False,False
3,1500,1,3,nb2 + zip + nb2,-2.723768175733293,False,False
3,1500,2,3,nb2 + nb2 + zip,-2.7243980107520325,False,False
3,1500,3,3,nb2 + nb2 + poisson,-2.725670768686719,False,False
3,1500,4,3,nb2 + poisson + nb2,-2.7261175713696906,False,False
3,1500,5,3,poisson + nb2 + nb2,-2.7266816488669847,False,False
3,1500,6,2,nb2 + nb2,-2.7269461643818977,False,True
3,1500,7,3,poisson + poisson + nb2,-2.7332018815360417,False,False
3,1500,8,3,nb2 + poisson + zip,-2.733283986503805,False,False
3,1500,9,3,zip + poisson + zip,-2.734586786572867,False,False
3,1500,10,2,nb2 + zip,-2.7360502111219454,False,False
4,500,1,2,zip + poisson,-2.473716645744876,True,True
4,500,2,2,poisson + zip,-2.473909124999066,True,True
4,500,3,2,nb2 + nb2,-2.4748186741569587,False,False
4,500,4,3,poisson + zip + poisson,-2.4755509421270276,False,False
4,500,5,2,zip + zip,-2.475917781163807,False,True
4,500,6,2,zip + nb2,-2.477225941663756,False,False
4,500,7,3,zip + poisson + poisson,-2.4774678102779784,False,False
4,500,8,3,nb2 + zip + poisson,-2.4782039970805405,False,False
4,500,9,2,nb2 + zip,-2.4788036000180487,False,False
4,500,10,3,poisson + poisson + zip,-2.479138066048891,False,False
4,1000,1,2,zip + zip,-2.4337910332595785,False,True
4,1000,2,2,zip + poisson,-2.4350928624542223,True,True
4,1000,3,2,poisson + zip,-2.4354857005432398,True,True
4,1000,4,3,poisson + poisson + zip,-2.438667491983709,False,False
4,1000,5,3,nb2 + zip + poisson,-2.43990473806445,False,False
4,1000,6,3,poisson + zip + poisson,-2.44030714941586,False,False
4,1000,7,3,zip + poisson + zip,-2.441494140034849,False,False
4,1000,8,3,zip + nb2 + zip,-2.442550217665341,False,False
4,1000,9,3,poisson + zip + nb2,-2.442672340027163,False,False
4,1000,10,3,zip + nb2 + poisson,-2.4430074144751526,False,False
4,1500,1,2,zip + zip,-2.4272783003441063,False,True
4,1500,2,2,zip + poisson,-2.427318750965148,True,True
4,1500,3,2,nb2 + zip,-2.4273515294182393,False,False
4,1500,4,2,zip + nb2,-2.427447776034177,False,False
4,1500,5,2,poisson + zip,-2.4281498006136615,True,True
4,1500,6,3,nb2 + poisson + nb2,-2.4293951385042543,False,False
4,1500,7,3,nb2 + nb2 + poisson,-2.4296341515092816,False,False
4,1500,8,3,nb2 + nb2 + zip,-2.429941394022183,False,False
4,1500,9,3,nb2 + zip + poisson,-2.4302190891995434,False,False
4,1500,10,3,poisson + zip + poisson,-2.4309655018438225,False,False
1,500,1,2,student_t + gaussian,-1.9127352436731266,True,True
1,500,2,2,student_t + skew_normal,-1.9127353090620232,False,False
1,500,3,2,student_t + student_t,-1.9137289752337245,False,True
1,500,4,3,student_t + gaussian + skew_normal,-1.920612640613898,False,False
1,500,5,3,student_t + gaussian + gaussian,-1.9209278129812,False,False
1,500,6,3,student_t + student_t + student_t,-1.9290670843190947,False,False
1,500,7,3,student_t + student_t + gaussian,-1.9299599823620475,False,False
1,500,8,3,student_t + student_t + skew_normal,-1.9299673446088208,False,False
1,500,9,2,skew_normal + student_t,-1.9388149545695696,False,False
1,500,10,2,gaussian + student_t,-1.9388168260610945,True,True
1,1000,1,2,student_t + gaussian,-1.8490007961071968,True,True
1,1000,2,2,student_t + skew_normal,-1.8490022336090266,False,False
1,1000,3,2,student_t + student_t,-1.8491815033719512,False,True
1,1000,4,3,student_t + gaussian + gaussian,-1.852584828393379,False,False
1,1000,5,3,student_t + gaussian + skew_normal,-1.8525849166454926,False,False
1,1000,6,3,student_t + skew_normal + gaussian,-1.8525971507694576,False,False
1,1000,7,3,student_t + skew_normal + skew_normal,-1.8525972579768824,False,False
1,1000,8,3,student_t + student_t + skew_normal,-1.8526993049962612,False,False
1,1000,9,3,student_t + student_t + gaussian,-1.852702948798665,False,False
1,1000,10,3,student_t + student_t + student_t,-1.8528791518827652,False,False
1,1500,1,3,student_t + gaussian + student_t,-1.8229377994631475,False,False
1,1500,2,3,student_t + skew_normal + student_t,-1.822954014021102,False,False
1,1500,3,3,student_t + gaussian + gaussian,-1.8230135340000189,False,False
1,1500,4,3,student_t + gaussian + skew_normal,-1.8230136507878985,False,False
1,1500,5,3,student_t + skew_normal + gaussian,-1.8230139992441514,False,False
1,1500,6,3,student_t + skew_normal + skew_normal,-1.8230141173534797,False,False
1,1500,7,3,student_t + student_t + student_t,-1.8230907238140852,False,False
1,1500,8,3,student_t + student_t + gaussian,-1.8232207818755082,False,False
1,1500,9,3,student_t + student_t + skew_normal,-1.8232210554341874,False,False
1,1500,10,2,student_t + gaussian,-1.8232255327541547,True,True
2,500,1,2,gamma + lognormal,-1.1541009844175865,True,True
2,500,2,2,lognormal + lognormal,-1.1547343376718269,False,False
2,500,3,3,gamma + gamma + lognormal,-1.1649386730106244,False,False
2,500,4,3,lognormal + gamma + gamma,-1.164938678965335,False,False
2,500,5,3,lognormal + lognormal + gamma,-1.1655517242369449,False,False
2,500,6,3,lognormal + gamma + lognormal,-1.165551726232238,False,False
2,500,7,3,gamma + gamma + inverse_gaussian,-1.1714627526122665,False,False
2,500,8,3,inverse_gaussian + gamma + gamma,-1.1750562313896311,False,False
2,500,9,3,gamma + inverse_gaussian + gamma,-1.17589446923701,False,False
2,500,10,3,lognormal + gamma + inverse_gaussian,-1.1771827366545957,False,False
2,1000,1,2,lognormal + gamma,-1.1189156696664426,True,True
2,1000,2,2,lognormal + lognormal,-1.1199594771011598,False,False
2,1000,3,3,gamma + lognormal + lognormal,-1.1232468711730061,False,False
2,1000,4,3,lognormal + gamma + lognormal,-1.123280812657517,False,False
2,1000,5,3,gamma + inverse_gaussian + lognormal,-1.1235909531869275,False,False
2,1000,6,3,inverse_gaussian + gamma + lognormal,-1.1241955269901158,False,False
2,1000,7,3,inverse_gaussian + lognormal + gamma,-1.1242296659210036,False,False
2,1000,8,3,gamma + lognormal + inverse_gaussian,-1.1245102277604917,False,False
2,1000,9,3,lognormal + inverse_gaussian + gamma,-1.1245102289337372,False,False
2,1000,10,3,lognormal + lognormal + lognormal,-1.124751418425903,False,False
2,1500,1,2,lognormal + gamma,-1.1344448006860157,True,True
2,1500,2,2,lognormal + lognormal,-1.1345360978915304,False,False
2,1500,3,3,gamma + lognormal + lognormal,-1.1351278023887734,False,False
2,1500,4,3,lognormal + lognormal + lognormal,-1.136169882583174,False,False
2,1500,5,3,gamma + gamma + lognormal,-1.1371681795184008,False,False
2,1500,6,3,gamma + lognormal + gamma,-1.1371721351679798,False,False
2,1500,7,3,lognormal + gamma + gamma,-1.1376482607791416,False,False
2,1500,8,3,inverse_gaussian + lognormal + lognormal,-1.1400978306664638,False,False
2,1500,9,3,inverse_gaussian + gamma + lognormal,-1.1406973336582271,False,False
2,1500,10,3,lognormal + inverse_gaussian + gamma,-1.1406973449526492,False,False
3,500,1,2,nb2 + zip,-2.7133331144769337,False,False
3,500,2,2,zip + nb2,-2.713508075808449,False,False
3,500,3,2,poisson + zip,-2.7153521056005054,False,False
3,500,4,2,nb2 + nb2,-2.7186456269819748,False,True
3,500,5,3,poisson + nb2 + poisson,-2.718863174364852,False,False
3,500,6,3,zip + poisson + nb2,-2.71961502535526,False,False
3,500,7,3,poisson + nb2 + nb2,-2.719680855283197,False,False
3,500,8,3,nb2 + poisson + zip,-2.719879957632396,False,False
3,500,9,3,nb2 + nb2 + poisson,-2.722962905375262,False,False
3,500,10,3,poisson + nb2 + zip,-2.7249354187676675,False,False
3,1000,1,2,nb2 + nb2,-2.737387150990882,False,True
3,1000,2,3,poisson + nb2 + nb2,-2.739747947693601,False,False
3,1000,3,3,nb2 + nb2 + poisson,-2.7399477108127956,False,False
3,1000,4,3,nb2 + zip + nb2,-2.74256881887841,False,False
3,1000,5,3,nb2 + poisson + nb2,-2.7432151520474917,False,False
3,1000,6,3,zip + zip + poisson,-2.7479666347852807,False,False
3,1000,7,3,poisson + poisson + poisson,-2.749028545056621,False,False
3,1000,8,3,poisson + poisson + zip,-2.751639396898856,False,False
3,1000,9,3,poisson + zip + poisson,-2.752735180690169,False,False
3,1000,10,3,zip + poisson + poisson,-2.7587453095997816,False,False
3,1500,1,2,nb2 + nb2,-2.682429743071266,False,True
3,1500,2,3,nb2 + nb2 + poisson,-2.6838289120060086,False,False
3,1500,3,3,nb2 + poisson + nb2,-2.684429326300544,False,False
3,1500,4,3,poisson + nb2 + nb2,-2.6861692437150095,False,False
3,1500,5,3,zip + poisson + nb2,-2.6875495484671448,False,False
3,1500,6,3,nb2 + zip + poisson,-2.6920897659113945,False,False
3,1500,7,3,poisson + poisson + poisson,-2.715604090236696,False,False
3,1500,8,3,poisson + nb2 + poisson,-2.716264980463052,False,False
3,1500,9,2,zip + poisson,-2.718621128619181,False,False
3,1500,10,2,poisson + zip,-2.7195273409987175,False,False
4,500,1,2,nb2 + zip,-2.472713037534934,False,False
4,500,2,2,zip + nb2,-2.4734456548591868,False,False
4,500,3,3,zip + poisson + poisson,-2.4737340571081847,False,False
4,500,4,3,poisson + zip + poisson,-2.474878706103158,False,False
4,500,5,2,zip + zip,-2.4760395957037242,False,True
4,500,6,2,zip + poisson,-2.476784503317382,True,True
4,500,7,2,poisson + zip,-2.4775297507581326,True,True
4,500,8,3,poisson + zip + nb2,-2.4775505641939324,False,False
4,500,9,3,zip + nb2 + poisson,-2.477617009803118,False,False
4,500,10,3,poisson + poisson + zip,-2.4787899156648185,False,False
4,1000,1,2,zip + nb2,-2.4278258412421008,False,False
4,1000,2,2,nb2 + zip,-2.4282782947579715,False,False
4,1000,3,2,poisson + zip,-2.430649434392146,True,True
4,1000,4,2,zip + poisson,-2.4308480549701637,True,True
4,1000,5,2,zip + zip,-2.431244438337976,False,True
4,1000,6,3,nb2 + poisson + zip,-2.4312992257083668,False,False
4,1000,7,3,zip + nb2 + poisson,-2.431811304563798,False,False
4,1000,8,3,poisson + zip + nb2,-2.432065428533903,False,False
4,1000,9,3,poisson + nb2 + poisson,-2.432292488103621,False,False
4,1000,10,3,nb2 + nb2 + poisson,-2.4324140907114926,False,False
4,1500,1,3,zip + zip + poisson,-2.41919057854475,False,False
4,1500,2,3,poisson + zip + zip,-2.41941947249025,False,False
4,1500,3,3,zip + poisson + poisson,-2.420190789944775,False,False
4,1500,4,3,poisson + zip + poisson,-2.420755493652905,False,False
4,1500,5,3,poisson + nb2 + nb2,-2.4209076450343368,False,False
4,1500,6,3,poisson + poisson + zip,-2.4210927412110785,False,False
4,1500,7,2,zip + zip,-2.4213648660765803,False,True
4,1500,8,2,nb2 + zip,-2.4215360012008067,False,False
4,1500,9,2,zip + poisson,-2.4215990169121597,True,True
4,1500,10,2,zip + nb2,-2.421632702227531,False,False
1,500,1,2,student_t + gaussian,-1.8672605192419405,True,True
1,500,2,2,student_t + skew_normal,-1.8673190106984314,False,False
1,500,3,2,student_t + student_t,-1.8673710150329406,False,True
1,500,4,2,gaussian + skew_normal,-1.8718234710381385,False,False
1,500,5,2,skew_normal + skew_normal,-1.8718240055523252,False,False
1,500,6,2,gaussian + gaussian,-1.8718252489704568,False,False
1,500,7,2,skew_normal + gaussian,-1.8718252828288118,False,False
1,500,8,3,student_t + skew_normal + skew_normal,-1.87695447930671,False,False
1,500,9,3,student_t + skew_normal + gaussian,-1.8769547574494563,False,False
1,500,10,3,student_t + student_t + gaussian,-1.876955534975455,False,False
1,1000,1,2,student_t + skew_normal,-1.8649628072235032,False,False
1,1000,2,2,student_t + gaussian,-1.8649828671522815,True,True
1,1000,3,2,student_t + student_t,-1.8650348053693564,False,True
1,1000,4,3,student_t + skew_normal + student_t,-1.8653968336771396,False,False
1,1000,5,3,student_t + gaussian + student_t,-1.8653983738374655,False,False
1,1000,6,3,student_t + student_t + student_t,-1.8655087935781962,False,False
1,1000,7,3,student_t + gaussian + skew_normal,-1.8655487601749368,False,False
1,1000,8,3,student_t + skew_normal + skew_normal,-1.8655495274531244,False,False
1,1000,9,3,student_t + gaussian + gaussian,-1.8655513694676789,False,False
1,1000,10,3,student_t + skew_normal + gaussian,-1.8655517893487503,False,False
1,1500,1,2,student_t + student_t,-1.8426091087223917,False,True
1,1500,2,2,student_t + gaussian,-1.8432958621398325,True,True
1,1500,3,2,student_t + skew_normal,-1.843297598394312,False,False
1,1500,4,3,student_t + student_t + student_t,-1.8444611896511338,False,False
1,1500,5,3,student_t + gaussian + student_t,-1.8448081652720427,False,False
1,1500,6,3,student_t + skew_normal + student_t,-1.8448083627765017,False,False
1,1500,7,3,student_t + student_t + skew_normal,-1.8450687470620972,False,False
1,1500,8,3,student_t + student_t + gaussian,-1.8450697002185579,False,False
1,1500,9,3,student_t + gaussian + gaussian,-1.8454084854311612,False,False
1,1500,10,3,student_t + gaussian + skew_normal,-1.8454088729595326,False,False
2,500,1,2,lognormal + gamma,-1.075065007910724,True,True
2,500,2,2,lognormal + lognormal,-1.0755242977909816,False,False
2,500,3,2,lognormal + inverse_gaussian,-1.0838654234617664,False,False
2,500,4,3,lognormal + lognormal + lognormal,-1.084557104139799,False,False
2,500,5,3,lognormal + gamma + lognormal,-1.0853493681798827,False,False
2,500,6,3,lognormal + lognormal + gamma,-1.0879477414441705,False,False
2,500,7,3,gamma + gamma + lognormal,-1.088198067796235,False,False
2,500,8,3,gamma + lognormal + gamma,-1.0883445330168322,False,False
2,500,9,3,inverse_gaussian + lognormal + gamma,-1.095373099235006,False,False
2,500,10,3,lognormal + gamma + inverse_gaussian,-1.0953921101130968,False,False
2,1000,1,2,gamma + lognormal,-1.1302891865790972,True,True
2,1000,2,2,lognormal + lognormal,-1.1317318549268147,False,False
2,1000,3,2,inverse_gaussian + lognormal,-1.1364401969036864,False,False
2,1000,4,2,lognormal + inverse_gaussian,-1.1364401969036864,False,False
2,1000,5,3,gamma + lognormal + gamma,-1.1384253928774857,False,False
2,1000,6,3,gamma + gamma + lognormal,-1.1389398572584688,False,False
2,1000,7,3,lognormal + gamma + gamma,-1.138968588908302,False,False
2,1000,8,3,lognormal + gamma + inverse_gaussian,-1.1394611370830399,False,False
2,1000,9,3,gamma + inverse_gaussian + lognormal,-1.1394747906015565,False,False
2,1000,10,3,gamma + inverse_gaussian + gamma,-1.1435516577529183,False,False
2,1500,1,2,lognormal + gamma,-1.1555015314822685,True,True
2,1500,2,2,gamma + lognormal,-1.1555015314822685,True,True
2,1500,3,2,lognormal + lognormal,-1.1557300200060499,False,False
2,1500,4,3,inverse_gaussian + lognormal + lognormal,-1.1583756087823083,False,False
2,1500,5,3,lognormal + lognormal + inverse_gaussian,-1.158385231588224,False,False
2,1500,6,3,lognormal + inverse_gaussian + lognormal,-1.158394325434934,False,False
2,1500,7,3,inverse_gaussian + gamma + lognormal,-1.1583968166799918,False,False
2,1500,8,3,lognormal + lognormal + lognormal,-1.1587940918878021,False,False
2,1500,9,3,lognormal + gamma + lognormal,-1.1592019951621442,False,False
2,1500,10,3,lognormal + lognormal + gamma,-1.1592020019713993,False,False
3,500,1,2,nb2 + nb2,-2.754000183197316,False,True
3,500,2,3,zip + nb2 + nb2,-2.7560371457573263,False,False
3,500,3,3,nb2 + nb2 + poisson,-2.756626660573115,False,False
3,500,4,3,nb2 + poisson + nb2,-2.7570488126788124,False,False
3,500,5,3,zip + nb2 + poisson,-2.7583458232417475,False,False
3,500,6,2,zip + zip,-2.759594521147364,False,False
3,500,7,3,poisson + zip + nb2,-2.7598719561107656,False,False
3,500,8,2,zip + poisson,-2.7598869236701766,False,False
3,500,9,2,zip + nb2,-2.7599418397388926,False,False
3,500,10,2,nb2 + zip,-2.759973893721941,False,False
3,1000,1,2,nb2 + nb2,-2.6985662095910983,False,True
3,1000,2,3,poisson + zip + nb2,-2.7046312773622665,False,False
3,1000,3,3,zip + nb2 + poisson,-2.705209630385384,False,False
3,1000,4,3,poisson + nb2 + nb2,-2.7054731101309386,False,False
3,1000,5,3,poisson + zip + zip,-2.7059530134461323,False,False
3,1000,6,3,poisson + poisson + poisson,-2.7063832303962263,False,False
3,1000,7,3,poisson + poisson + zip,-2.708166505994009,False,False
3,1000,8,3,poisson + zip + poisson,-2.709140254474322,False,False
3,1000,9,3,poisson + nb2 + poisson,-2.7093369096481483,False,False
3,1000,10,3,zip + poisson + poisson,-2.7101508736861497,False,False
3,1500,1,2,nb2 + nb2,-2.684573349490232,False,True
3,1500,2,3,nb2 + poisson + zip,-2.6870792219933755,False,False
3,1500,3,3,poisson + nb2 + zip,-2.6874757254419346,False,False
3,1500,4,3,nb2 + zip + poisson,-2.68770669176268,False,False
3,1500,5,3,zip + zip + nb2,-2.687904493773227,False,False
3,1500,6,3,poisson + zip + zip,-2.6894228217648806,False,False
3,1500,7,3,poisson + poisson + zip,-2.689796463708022,False,False
3,1500,8,2,nb2 + zip,-2.690128484449341,False,False
3,1500,9,3,zip + zip + poisson,-2.6901401096194526,False,False
3,1500,10,2,zip + nb2,-2.6916752787218594,False,False
4,500,1,3,poisson + zip + poisson,-2.4496571067440653,False,False
4,500,2,2,poisson + zip,-2.450152074921455,True,True
4,500,3,3,poisson + poisson + zip,-2.4504428096488815,False,False
4,500,4,2,nb2 + zip,-2.450558208035344,False,False
4,500,5,2,zip + poisson,-2.450583476246909,True,True
4,500,6,2,zip + nb2,-2.4506897637173903,False,False
4,500,7,2,zip + zip,-2.451292905739766,False,True
4,500,8,3,zip + poisson + poisson,-2.4515163232747983,False,False
4,500,9,3,zip + poisson + nb2,-2.4564800974427397,False,False
4,500,10,3,nb2 + poisson + zip,-2.45764687217511,False,False
4,1000,1,3,poisson + poisson + zip,-2.437849014402065,False,False
4,1000,2,2,zip + zip,-2.439070658417562,False,True
4,1000,3,2,zip + poisson,-2.4394828395820323,True,True
4,1000,4,3,zip + poisson + poisson,-2.440312431318552,False,False
4,1000,5,2,poisson + zip,-2.4411443763596226,True,True
4,1000,6,2,nb2 + zip,-2.442513553060819,False,False
4,1000,7,3,poisson + zip + poisson,-2.4428530669701822,False,False
4,1000,8,3,poisson + poisson + poisson,-2.442873065394896,False,False
4,1000,9,3,nb2 + poisson + nb2,-2.4446121884717105,False,False
4,1000,10,2,zip + nb2,-2.444694759774033,False,False
4,1500,1,2,zip + poisson,-2.4686945215322096,True,True
4,1500,2,2,poisson + zip,-2.4691799915167882,True,True
4,1500,3,2,zip + zip,-2.4693026061549515,False,True
4,1500,4,3,poisson + zip + zip,-2.4706914530107325,False,False
4,1500,5,3,poisson + zip + poisson,-2.4711139109064004,False,False
4,1500,6,3,zip + zip + poisson,-2.4714137008634736,False,False
4,1500,7,3,nb2 + nb2 + poisson,-2.472339415744016,False,False
4,1500,8,3,zip + poisson + poisson,-2.4729505420651523,False,False
4,1500,9,2,nb2 + zip,-2.473752248252838,False,False
4,1500,10,3,poisson + nb2 + nb2,-2.473887161002503,False,False
1,500,1,2,student_t + student_t,-1.8566621766370124,False,True
1,500,2,2,student_t + skew_normal,-1.8569089081866954,False,False
1,500,3,2,student_t + gaussian,-1.8569150107419872,True,True
1,500,4,3,student_t + student_t + gaussian,-1.859981468509074,False,False
1,500,5,3,student_t + gaussian + skew_normal,-1.860076418165731,False,False
1,500,6,3,student_t + gaussian + gaussian,-1.8600765303761404,False,False
1,500,7,3,student_t + skew_normal + gaussian,-1.8600888420706305,False,False
1,500,8,3,student_t + gaussian + student_t,-1.8638728031373026,False,False
1,500,9,3,gaussian + student_t + student_t,-1.8728783171311165,False,False
1,500,10,3,gaussian + gaussian + student_t,-1.8729163976740077,False,False
1,1000,1,2,student_t + student_t,-1.8614322415493678,False,True
1,1000,2,2,student_t + gaussian,-1.8616379962134824,True,True
1,1000,3,2,student_t + skew_normal,-1.8616542677422196,False,False
1,1000,4,3,student_t + gaussian + student_t,-1.861863126883144,False,False
1,1000,5,3,student_t + gaussian + skew_normal,-1.862034980342623,False,False
1,1000,6,3,student_t + gaussian + gaussian,-1.8620361482614833,False,False
1,1000,7,3,student_t + skew_normal + gaussian,-1.862037783574633,False,False
1,1000,8,3,student_t + student_t + skew_normal,-1.8624612521665327,False,False
1,1000,9,3,student_t + student_t + gaussian,-1.8624620681751585,False,False
1,1000,10,3,gaussian + gaussian + student_t,-1.8739858190505765,False,False
1,1500,1,2,student_t + gaussian,-1.8356590481387542,True,True
1,1500,2,2,student_t + skew_normal,-1.8356591097708124,False,False
1,1500,3,2,student_t + student_t,-1.836031917957765,False,True
1,1500,4,3,student_t + student_t + skew_normal,-1.8361911309816497,False,False
1,1500,5,3,student_t + student_t + gaussian,-1.8361920364224975,False,False
1,1500,6,3,student_t + skew_normal + skew_normal,-1.8365163588569344,False,False
1,1500,7,3,student_t + gaussian + skew_normal,-1.8365170831562003,False,False
1,1500,8,3,student_t + gaussian + gaussian,-1.8365269787024598,False,False
1,1500,9,3,student_t + skew_normal + gaussian,-1.836528865480259,False,False
1,1500,10,3,student_t + student_t + student_t,-1.836616609630652,False,False
2,500,1,2,lognormal + lognormal,-1.1741536532640087,False,False
2,500,2,2,lognormal + gamma,-1.1744510972049107,True,True
2,500,3,2,gamma + lognormal,-1.1744510972049107,True,True
2,500,4,2,inverse_gaussian + lognormal,-1.1838634163936521,False,False
2,500,5,2,lognormal + inverse_gaussian,-1.1838634163936521,False,False
2,500,6,3,gamma + gamma + lognormal,-1.184916618102257,False,False
2,500,7,3,inverse_gaussian + lognormal + gamma,-1.1853576953119314,False,False
2,500,8,3,inverse_gaussian + lognormal + lognormal,-1.1895125946707743,False,False
2,500,9,3,lognormal + gamma + inverse_gaussian,-1.1908072225078008,False,False
2,500,10,3,gamma + inverse_gaussian + gamma,-1.1925463968623926,False,False
2,1000,1,2,lognormal + gamma,-1.1926553441507604,True,True
2,1000,2,2,gamma + lognormal,-1.1926553441507604,True,True
2,1000,3,2,lognormal + lognormal,-1.1956331864697085,False,False
2,1000,4,2,lognormal + inverse_gaussian,-1.202141741363303,False,False
2,1000,5,3,lognormal + inverse_gaussian + inverse_gaussian,-1.20525193706533,False,False
2,1000,6,3,lognormal + inverse_gaussian + lognormal,-1.2060830593058598,False,False
2,1000,7,3,inverse_gaussian + lognormal + inverse_gaussian,-1.2078618096023142,False,False
2,1000,8,3,inverse_gaussian + inverse_gaussian + lognormal,-1.2078772226722467,False,False
2,1000,9,3,gamma + gamma + inverse_gaussian,-1.2091957844628909,False,False
2,1000,10,3,gamma + lognormal + inverse_gaussian,-1.2103000232060515,False,False
2,1500,1,2,lognormal + gamma,-1.153805870686384,True,True
2,1500,2,2,gamma + lognormal,-1.153805870686384,True,True
2,1500,3,2,lognormal + lognormal,-1.155122728121552,False,False
2,1500,4,3,lognormal + lognormal + lognormal,-1.1575402199113567,False,False
2,1500,5,3,lognormal + gamma + gamma,-1.159648206837874,False,False
2,1500,6,3,gamma + lognormal + gamma,-1.1596637272049872,False,False
2,1500,7,3,lognormal + gamma + lognormal,-1.1607874178827546,False,False
2,1500,8,3,gamma + lognormal + lognormal,-1.1608033114214549,False,False
2,1500,9,3,inverse_gaussian + lognormal + gamma,-1.1617975159346903,False,False
2,1500,10,3,gamma + lognormal + inverse_gaussian,-1.161797546252443,False,False
3,500,1,2,nb2 + nb2,-2.7338105557097614,False,True
3,500,2,3,poisson + zip + poisson,-2.7373523532963535,False,False
3,500,3,2,nb2 + zip,-2.740925308718746,False,False
3,500,4,2,zip + nb2,-2.7409419454888573,False,False
3,500,5,3,nb2 + poisson + poisson,-2.741403997190839,False,False
3,500,6,2,zip + zip,-2.7416036984682797,False,False
3,500,7,2,zip + poisson,-2.7416784826421647,False,False
3,500,8,2,poisson + zip,-2.7433019080271124,False,False
3,500,9,3,poisson + poisson + nb2,-2.744549863350648,False,False
3,500,10,3,poisson + zip + nb2,-2.7483041047224823,False,False
3,1000,1,3,nb2 + poisson + nb2,-2.686451405786861,False,False
3,1000,2,2,nb2 + nb2,-2.6871247638698303,False,True
3,1000,3,3,zip + poisson + nb2,-2.6947363115146135,False,False
3,1000,4,3,nb2 + poisson + zip,-2.6979645608675247,False,False
3,1000,5,3,poisson + poisson + zip,-2.698683319579196,False,False
3,1000,6,2,zip + nb2,-2.6987742338954885,False,False
3,1000,7,2,zip + zip,-2.698874838563505,False,False
3,1000,8,2,zip + poisson,-2.699166704898149,False,False
3,1000,9,2,poisson + zip,-2.699207982889251,False,False
3,1000,10,3,poisson + poisson + poisson,-2.700909935545303,False,False
3,1500,1,2,nb2 + nb2,-2.6656229833140204,False,True
3,1500,2,3,nb2 + nb2 + poisson,-2.6670996529875937,False,False
3,1500,3,3,poisson + nb2 + nb2,-2.667944881239874,False,False
3,1500,4,3,zip + poisson + nb2,-2.682346385381544,False,False
3,1500,5,3,nb2 + zip + zip,-2.683325254640003,False,False
3,1500,6,3,zip + zip + nb2,-2.6837328526201376,False,False
3,1500,7,3,poisson + nb2 + zip,-2.6838262422278722,False,False
3,1500,8,2,zip + nb2,-2.6842705373933193,False,False
3,1500,9,3,poisson + zip + nb2,-2.684634659593079,False,False
3,1500,10,2,nb2 + zip,-2.6848474422781305,False,False
4,500,1,2,poisson + zip,-2.433536358781416,True,True
4,500,2,2,zip + poisson,-2.4338213195355602,True,True
4,500,3,2,zip + zip,-2.4341845807380675,False,True
4,500,4,2,nb2 + zip,-2.434509790884217,False,False
4,500,5,2,zip + nb2,-2.4351929059682016,False,False
4,500,6,3,poisson + zip + poisson,-2.444150986229517,False,False
4,500,7,3,poisson + zip + nb2,-2.4445868073226964,False,False
4,500,8,3,poisson + nb2 + poisson,-2.4447720500896937,False,False
4,500,9,3,nb2 + poisson + zip,-2.4449390826558006,False,False
4,500,10,3,poisson + poisson + nb2,-2.4450595567147397,False,False
4,1000,1,3,nb2 + nb2 + poisson,-2.452420025815916,False,False
4,1000,2,2,zip + zip,-2.4526724698349764,False,True
4,1000,3,2,zip + poisson,-2.452728678697203,True,True
4,1000,4,3,poisson + poisson + zip,-2.4530245299005946,False,False
4,1000,5,2,poisson + zip,-2.4530603684458328,True,True
4,1000,6,3,poisson + nb2 + poisson,-2.4532193092183108,False,False
4,1000,7,2,zip + nb2,-2.4538055269068835,False,False
4,1000,8,2,nb2 + zip,-2.4540155606232354,False,False
4,1000,9,3,poisson + zip + nb2,-2.4544002008486423,False,False
4,1000,10,3,nb2 + poisson + nb2,-2.4545583711985053,False,False
4,1500,1,2,nb2 + zip,-2.416700731425308,False,False
4,1500,2,2,zip + nb2,-2.4168187747946166,False,False
4,1500,3,3,poisson + zip + poisson,-2.4179352813413066,False,False
4,1500,4,3,poisson + poisson + zip,-2.4181073365112478,False,False
4,1500,5,2,zip + poisson,-2.418266421348195,True,True
4,1500,6,2,zip + zip,-2.4185152983335056,False,True
4,1500,7,2,poisson + zip,-2.418884914768469,True,True
4,1500,8,3,poisson + poisson + poisson,-2.4193446784890775,False,False
4,1500,9,3,nb2 + nb2 + poisson,-2.419394156500207,False,False
4,1500,10,3,zip + poisson + poisson,-2.419693279560511,False,False
1,500,1,2,student_t + gaussian,-1.8326901614069688,True,True
1,500,2,2,student_t + skew_normal,-1.8326962560005227,False,False
1,500,3,2,student_t + student_t,-1.8333270891300266,False,True
1,500,4,3,student_t + gaussian + student_t,-1.840572790892847,False,False
1,500,5,3,student_t + student_t + gaussian,-1.8427696329595333,False,False
1,500,6,3,student_t + gaussian + skew_normal,-1.842900709782307,False,False
1,500,7,3,student_t + gaussian + gaussian,-1.8429092584709383,False,False
1,500,8,3,student_t + skew_normal + gaussian,-1.8429094156894739,False,False
1,500,9,3,student_t + student_t + student_t,-1.8487403826534865,False,False
1,500,10,2,skew_normal + student_t,-1.8529349226990952,False,False
1,1000,1,2,student_t + skew_normal,-1.8209703611906884,False,False
1,1000,2,2,student_t + gaussian,-1.8209707320328397,True,True
1,1000,3,2,student_t + student_t,-1.8212966748637032,False,True
1,1000,4,3,student_t + gaussian + gaussian,-1.825000312732609,False,False
1,1000,5,3,student_t + student_t + gaussian,-1.828297118501666,False,False
1,1000,6,3,student_t + student_t + skew_normal,-1.828307303008981,False,False
1,1000,7,3,gaussian + skew_normal + skew_normal,-1.833586489265862,False,False
1,1000,8,3,gaussian + gaussian + skew_normal,-1.8335874749829355,False,False
1,1000,9,3,skew_normal + gaussian + skew_normal,-1.833588050228389,False,False
1,1000,10,3,gaussian + skew_normal + gaussian,-1.8335889175747315,False,False
1,1500,1,3,student_t + skew_normal + student_t,-1.8766158586531732,False,False
1,1500,2,3,student_t + gaussian + student_t,-1.8766281256257316,False,False
1,1500,3,3,student_t + student_t + student_t,-1.8766318242598634,False,False
1,1500,4,2,student_t + gaussian,-1.8767934126325914,True,True
1,1500,5,2,student_t + skew_normal,-1.876793992493296,False,False
1,1500,6,3,student_t + student_t + gaussian,-1.8768312085366274,False,False
1,1500,7,3,student_t + student_t + skew_normal,-1.876831342134109,False,False
1,1500,8,3,student_t + gaussian + gaussian,-1.8768517539923033,False,False
1,1500,9,3,student_t + gaussian + skew_normal,-1.8768518439997397,False,False
1,1500,10,3,student_t + skew_normal + gaussian,-1.876851897745403,False,False
2,500,1,2,lognormal + lognormal,-1.088421009981213,False,False
2,500,2,2,inverse_gaussian + lognormal,-1.0919946303254675,False,False
2,500,3,2,lognormal + inverse_gaussian,-1.091998125268034,False,False
2,500,4,3,gamma + lognormal + lognormal,-1.0986887110703238,False,False
2,500,5,3,lognormal + lognormal + gamma,-1.0986887278413238,False,False
2,500,6,3,lognormal + lognormal + lognormal,-1.0993163910740926,False,False
2,500,7,3,gamma + lognormal + gamma,-1.1103092466832805,False,False
2,500,8,3,gamma + gamma + lognormal,-1.1103092484707586,False,False
2,500,9,3,lognormal + gamma + lognormal,-1.11123394642965,False,False
2,500,10,3,gamma + gamma + inverse_gaussian,-1.1120422387172397,False,False
2,1000,1,2,gamma + lognormal,-1.1078272926612482,True,True
2,1000,2,2,lognormal + lognormal,-1.1088009166942738,False,False
2,1000,3,3,lognormal + gamma + lognormal,-1.1173975849716726,False,False
2,1000,4,3,lognormal + lognormal + gamma,-1.1173975861507406,False,False
2,1000,5,2,lognormal + inverse_gaussian,-1.1185213335447133,False,False
2,1000,6,3,lognormal + lognormal + lognormal,-1.1216619509095715,False,False
2,1000,7,3,inverse_gaussian + gamma + lognormal,-1.1228753810342869,False,False
2,1000,8,3,lognormal + lognormal + inverse_gaussian,-1.124166794705904,False,False
2,1000,9,3,inverse_gaussian + lognormal + lognormal,-1.1241789379920848,False,False
2,1000,10,3,gamma + gamma + gamma,-1.1282228750996741,False,False
2,1500,1,3,gamma + lognormal + lognormal,-1.1052426353742208,False,False
2,1500,2,2,lognormal + gamma,-1.1070018782228372,True,True
2,1500,3,3,lognormal + lognormal + lognormal,-1.107254096204987,False,False
2,1500,4,3,lognormal + gamma + gamma,-1.1072774680420265,False,False
2,1500,5,3,gamma + gamma + lognormal,-1.107340737402209,False,False
2,1500,6,2,lognormal + lognormal,-1.1093384796384156,False,False
2,1500,7,3,gamma + lognormal + gamma,-1.1099283322979072,False,False
2,1500,8,3,lognormal + inverse_gaussian + lognormal,-1.1109721245131268,False,False
2,1500,9,3,inverse_gaussian + gamma + lognormal,-1.111754339695066,False,False
2,1500,10,3,gamma + inverse_gaussian + lognormal,-1.111754339695066,False,False
3,500,1,2,nb2 + nb2,-2.7060645642228147,False,True
3,500,2,3,poisson + nb2 + nb2,-2.714058457819583,False,False
3,500,3,3,nb2 + poisson + nb2,-2.7177397901203117,False,False
3,500,4,3,nb2 + nb2 + poisson,-2.7197122364511217,False,False
3,500,5,3,zip + poisson + nb2,-2.729846248420734,False,False
3,500,6,3,nb2 + zip + poisson,-2.731264029691766,False,False
3,500,7,3,zip + nb2 + poisson,-2.7336925999747246,False,False
3,500,8,3,poisson + zip + nb2,-2.7337089285252016,False,False
3,500,9,3,nb2 + poisson + poisson,-2.737754902275531,False,False
3,500,10,2,nb2 + zip,-2.744793407029273,False,False
3,1000,1,2,nb2 + nb2,-2.724423561878827,False,True
3,1000,2,3,nb2 + nb2 + poisson,-2.7272742183796272,False,False
3,1000,3,3,poisson + zip + poisson,-2.730912540578228,False,False
3,1000,4,3,zip + nb2 + poisson,-2.730983854381325,False,False
3,1000,5,3,poisson + nb2 + nb2,-2.7313783066622137,False,False
3,1000,6,2,zip + nb2,-2.733622964793942,False,False
3,1000,7,3,zip + poisson + zip,-2.7336885739912504,False,False
3,1000,8,3,zip + poisson + poisson,-2.7341365963428785,False,False
3,1000,9,2,poisson + zip,-2.734918607090187,False,False
3,1000,10,2,nb2 + zip,-2.7354862108890354,False,False
3,1500,1,2,nb2 + nb2,-2.7126549716562254,False,True
3,1500,2,3,nb2 + nb2 + zip,-2.7158258863135036,False,False
3,1500,3,3,nb2 + zip + nb2,-2.7174332135295725,False,False
3,1500,4,3,nb2 + poisson + nb2,-2.7174707804610754,False,False
3,1500,5,3,zip + nb2 + nb2,-2.7179539605616028,False,False
3,1500,6,3,nb2 + nb2 + poisson,-2.7184117883790795,False,False
3,1500,7,3,poisson + nb2 + nb2,-2.719484346215533,False,False
3,1500,8,3,poisson + nb2 + zip,-2.724172483771466,False,False
3,1500,9,3,zip + poisson + zip,-2.731037928070833,False,False
3,1500,10,3,poisson + zip + poisson,-2.7316719662313527,False,False
4,500,1,2,zip + poisson,-2.420131558184842,True,True
4,500,2,2,poisson + zip,-2.420348289935044,True,True
4,500,3,2,nb2 + zip,-2.4206361701362304,False,False
4,500,4,2,zip + zip,-2.420769680786274,False,True
4,500,5,2,zip + nb2,-2.4218086924643805,False,False
4,500,6,3,nb2 + poisson + zip,-2.4232968076385495,False,False
4,500,7,3,poisson + zip + zip,-2.4240919224896436,False,False
4,500,8,3,zip + poisson + poisson,-2.426034169338938,False,False
4,500,9,3,poisson + nb2 + nb2,-2.4263255125775993,False,False
4,500,10,3,nb2 + nb2 + poisson,-2.427104726384722,False,False
4,1000,1,2,zip + zip,-2.4432671948082683,False,True
4,1000,2,2,poisson + zip,-2.443779028423333,True,True
4,1000,3,3,poisson + zip + nb2,-2.4444128575517734,False,False
4,1000,4,2,zip + poisson,-2.4454632150062214,True,True
4,1000,5,2,nb2 + zip,-2.4465704223710527,False,False
4,1000,6,2,zip + nb2,-2.447083307741202,False,False
4,1000,7,3,zip + poisson + nb2,-2.4470954840032766,False,False
4,1000,8,3,poisson + nb2 + zip,-2.4483844676769895,False,False
4,1000,9,3,nb2 + nb2 + poisson,-2.4488633260634107,False,False
4,1000,10,3,poisson + poisson + zip,-2.4504531981675246,False,False
4,1500,1,2,poisson + zip,-2.407589520109797,True,True
4,1500,2,2,zip + zip,-2.4078056045402345,False,True
4,1500,3,2,zip + nb2,-2.408330797275291,False,False
4,1500,4,2,zip + poisson,-2.40845864535077,True,True
4,1500,5,2,nb2 + zip,-2.4087321217291766,False,False
4,1500,6,3,zip + poisson + poisson,-2.4092643240927547,False,False
4,1500,7,3,poisson + poisson + zip,-2.410777719093095,False,False
4,1500,8,3,poisson + zip + poisson,-2.4114441468049415,False,False
4,1500,9,3,poisson + poisson + nb2,-2.412056766670252,False,False
4,1500,10,3,poisson + poisson + poisson,-2.412689410055153,False,False
1,500,1,2,student_t + student_t,-1.8574887280402799,False,True
1,500,2,2,student_t + gaussian,-1.8575997470741048,True,True
1,500,3,2,student_t + skew_normal,-1.857600354446279,False,False
1,500,4,3,student_t + gaussian + student_t,-1.859135193081392,False,False
1,500,5,3,student_t + skew_normal + student_t,-1.8591536309710064,False,False
1,500,6,3,student_t + gaussian + skew_normal,-1.859671242719754,False,False
1,500,7,3,student_t + skew_normal + skew_normal,-1.8596720461497338,False,False
1,500,8,3,student_t + gaussian + gaussian,-1.8596724752052156,False,False
1,500,9,3,student_t + skew_normal + gaussian,-1.859673261943078,False,False
1,500,10,3,student_t + student_t + student_t,-1.8601860845213614,False,False
1,1000,1,2,student_t + student_t,-1.8898635211888173,False,True
1,1000,2,2,student_t + skew_normal,-1.890063554828051,False,False
1,1000,3,2,student_t + gaussian,-1.8900696036332365,True,True
1,1000,4,3,student_t + student_t + gaussian,-1.8906471123966115,False,False
1,1000,5,3,student_t + gaussian + gaussian,-1.8906574751208864,False,False
1,1000,6,3,student_t + gaussian + skew_normal,-1.890657539923513,False,False
1,1000,7,3,student_t + skew_normal + gaussian,-1.8906582832529593,False,False
1,1000,8,3,student_t + gaussian + student_t,-1.891703479274906,False,False
1,1000,9,2,gaussian + student_t,-1.9044783547097681,True,True
1,1000,10,2,skew_normal + student_t,-1.9044795406814081,False,False
1,1500,1,2,student_t + student_t,-1.8432815702272634,False,True
1,1500,2,2,student_t + skew_normal,-1.843295805966834,False,False
1,1500,3,2,student_t + gaussian,-1.8432973458815514,True,True
1,1500,4,3,student_t + skew_normal + gaussian,-1.8477059593419787,False,False
1,1500,5,3,student_t + gaussian + gaussian,-1.8477095413143312,False,False
1,1500,6,3,student_t + gaussian + skew_normal,-1.8477132374816019,False,False
1,1500,7,3,student_t + student_t + gaussian,-1.848152770751545,False,False
1,1500,8,3,student_t + student_t + skew_normal,-1.8481531070081614,False,False
1,1500,9,3,student_t + gaussian + student_t,-1.848488599185932,False,False
1,1500,10,2,gaussian + student_t,-1.8578333435210024,True,True
2,500,1,2,lognormal + lognormal,-1.1457954310317102,False,False
2,500,2,2,gamma + lognormal,-1.1464508463124548,True,True
2,500,3,2,inverse_gaussian + lognormal,-1.147144658998268,False,False
2,500,4,2,lognormal + inverse_gaussian,-1.147144658998268,False,False
2,500,5,3,gamma + lognormal + lognormal,-1.151389255336671,False,False
2,500,6,3,lognormal + lognormal + gamma,-1.1513892581909082,False,False
2,500,7,3,inverse_gaussian + gamma + lognormal,-1.1529871718922868,False,False
2,500,8,3,lognormal + gamma + gamma,-1.154194594910771,False,False
2,500,9,3,lognormal + gamma + inverse_gaussian,-1.1548535276248162,False,False
2,500,10,3,gamma + gamma + lognormal,-1.1576661533924166,False,False
2,1000,1,2,lognormal + gamma,-1.0824246323782796,True,True
2,1000,2,2,gamma + lognormal,-1.0824246323782796,True,True
2,1000,3,2,lognormal + lognormal,-1.0827783487619917,False,False
2,1000,4,3,lognormal + lognormal + lognormal,-1.0831115180700295,False,False
2,1000,5,3,gamma + lognormal + inverse_gaussian,-1.0877707008735968,False,False
2,1000,6,3,gamma + inverse_gaussian + lognormal,-1.0879813803962397,False,False
2,1000,7,3,lognormal + inverse_gaussian + gamma,-1.0879814090361992,False,False
2,1000,8,3,lognormal + inverse_gaussian + lognormal,-1.0888844015520167,False,False
2,1000,9,2,inverse_gaussian + lognormal,-1.089127230454124,False,False
2,1000,10,2,lognormal + inverse_gaussian,-1.089127230454124,False,False
2,1500,1,2,lognormal + gamma,-1.1043585709419432,True,True
2,1500,2,2,gamma + lognormal,-1.1043585709419432,True,True
2,1500,3,2,lognormal + lognormal,-1.1045704526639368,False,False
2,1500,4,3,lognormal + gamma + lognormal,-1.1067802507916231,False,False
2,1500,5,3,gamma + inverse_gaussian + lognormal,-1.1092704225084848,False,False
2,1500,6,3,inverse_gaussian + lognormal + gamma,-1.1092704340924648,False,False
2,1500,7,3,gamma + lognormal + inverse_gaussian,-1.109270438296487,False,False
2,1500,8,3,lognormal + gamma + inverse_gaussian,-1.1112437523153553,False,False
2,1500,9,3,inverse_gaussian + lognormal + lognormal,-1.1117719099982055,False,False
2,1500,10,3,lognormal + lognormal + inverse_gaussian,-1.1117906175205032,False,False
3,500,1,2,nb2 + nb2,-2.731199356381033,False,True
3,500,2,3,nb2 + poisson + nb2,-2.7424669970342537,False,False
3,500,3,3,nb2 + zip + poisson,-2.7449635162954165,False,False
3,500,4,3,zip + nb2 + poisson,-2.745085334896623,False,False
3,500,5,3,poisson + nb2 + nb2,-2.7470333832173837,False,False
3,500,6,3,nb2 + poisson + zip,-2.7487596109018195,False,False
3,500,7,3,zip + poisson + nb2,-2.748971041107241,False,False
3,500,8,3,poisson + nb2 + poisson,-2.7505399523133636,False,False
3,500,9,3,poisson + poisson + nb2,-2.751014257378355,False,False
3,500,10,2,nb2 + zip,-2.75173528659637,False,False
3,1000,1,2,nb2 + nb2,-2.731715168311129,False,True
3,1000,2,3,nb2 + poisson + nb2,-2.743380398200057,False,False
3,1000,3,3,nb2 + nb2 + poisson,-2.744227297725143,False,False
3,1000,4,3,zip + nb2 + nb2,-2.747786062062573,False,False
3,1000,5,3,poisson + nb2 + nb2,-2.7525936326617555,False,False
3,1000,6,3,poisson + poisson + zip,-2.7572947477509735,False,False
3,1000,7,3,poisson + zip + nb2,-2.766484569785573,False,False
3,1000,8,3,poisson + nb2 + zip,-2.7688071579025806,False,False
3,1000,9,2,zip + poisson,-2.770582853221069,False,False
3,1000,10,2,zip + nb2,-2.7712726672661185,False,False
3,1500,1,2,nb2 + nb2,-2.668275315266981,False,True
3,1500,2,3,poisson + poisson + poisson,-2.6758812030495447,False,False
3,1500,3,3,nb2 + zip + poisson,-2.677144048433407,False,False
3,1500,4,3,poisson + zip + zip,-2.677272689483593,False,False
3,1500,5,3,poisson + zip + nb2,-2.677392610591274,False,False
3,1500,6,3,nb2 + poisson + zip,-2.6784541951526886,False,False
3,1500,7,2,zip + zip,-2.678793897204968,False,False
3,1500,8,2,poisson + zip,-2.6788812448881982,False,False
3,1500,9,3,poisson + poisson + zip,-2.679526685241771,False,False
3,1500,10,2,zip + poisson,-2.6796315716553782,False,False
4,500,1,2,zip + nb2,-2.4266546903839217,False,False
4,500,2,3,nb2 + poisson + nb2,-2.4269006542664573,False,False
4,500,3,2,poisson + zip,-2.4269531570564324,True,True
4,500,4,2,zip + zip,-2.4271297956138076,False,True
4,500,5,3,poisson + zip + zip,-2.4284694484052114,False,False
4,500,6,2,nb2 + zip,-2.4286167057351205,False,False
4,500,7,2,zip + poisson,-2.4288947638177825,True,True
4,500,8,3,zip + poisson + poisson,-2.4310464639427574,False,False
4,500,9,3,poisson + nb2 + poisson,-2.431112076109046,False,False
4,500,10,3,poisson + zip + poisson,-2.431453023396903,False,False
4,1000,1,2,zip + nb2,-2.4284435888814606,False,False
4,1000,2,2,zip + poisson,-2.4290699823306876,True,True
4,1000,3,3,nb2 + poisson + nb2,-2.429954452227643,False,False
4,1000,4,2,poisson + zip,-2.4300030086011373,True,True
4,1000,5,2,nb2 + zip,-2.4301745717341507,False,False
4,1000,6,3,poisson + nb2 + zip,-2.430465598156373,False,False
4,1000,7,2,zip + zip,-2.4305687591155785,False,True
4,1000,8,3,poisson + zip + poisson,-2.4316053605014485,False,False
4,1000,9,3,poisson + zip + nb2,-2.4323112863375753,False,False
4,1000,10,3,zip + nb2 + poisson,-2.4331043887179185,False,False
4,1500,1,3,poisson + nb2 + zip,-2.421019586043428,False,False
4,1500,2,2,nb2 + zip,-2.4213862108672775,False,False
4,1500,3,2,zip + zip,-2.4221460309682805,False,True
4,1500,4,2,zip + nb2,-2.4222681019602423,False,False
4,1500,5,3,poisson + poisson + nb2,-2.42259107728834,False,False
4,1500,6,2,poisson + zip,-2.4226984582936395,True,True
4,1500,7,2,zip + poisson,-2.4228458777624318,True,True
4,1500,8,3,poisson + nb2 + nb2,-2.4235446526171986,False,False
4,1500,9,3,poisson + poisson + poisson,-2.4236679902489824,False,False
4,1500,10,3,poisson + zip + poisson,-2.423751473998761,False,False
1,500,1,2,student_t + skew_normal,-1.8616046085078697,False,False
1,500,2,2,student_t + gaussian,-1.86160557385303,True,True
1,500,3,2,student_t + student_t,-1.8616889288444605,False,True
1,500,4,2,gaussian + student_t,-1.8751584657630165,True,True
1,500,5,2,skew_normal + student_t,-1.87515867782505,False,False
1,500,6,3,student_t + gaussian + skew_normal,-1.8878728519512387,False,False
1,500,7,3,student_t + skew_normal + skew_normal,-1.8878775176243006,False,False
1,500,8,3,student_t + gaussian + student_t,-1.8881235606596096,False,False
1,500,9,3,student_t + gaussian + gaussian,-1.8881248187289612,False,False
1,500,10,3,student_t + skew_normal + gaussian,-1.8881296583228915,False,False
1,1000,1,2,student_t + student_t,-1.9306300481439094,False,True
1,1000,2,3,student_t + gaussian + student_t,-1.9308537277705833,False,False
1,1000,3,2,student_t + gaussian,-1.9315162990859922,True,True
1,1000,4,2,student_t + skew_normal,-1.931587911125931,False,False
1,1000,5,3,student_t + student_t + gaussian,-1.934454626289752,False,False
1,1000,6,3,student_t + gaussian + gaussian,-1.9348551905315712,False,False
1,1000,7,3,student_t + gaussian + skew_normal,-1.9352846699141801,False,False
1,1000,8,2,skew_normal + student_t,-1.9400250100282888,False,False
1,1000,9,2,gaussian + student_t,-1.9400562675284283,True,True
1,1000,10,3,gaussian + gaussian + student_t,-1.9433592288831627,False,False
1,1500,1,2,student_t + skew_normal,-1.8518247768205347,False,False
1,1500,2,2,student_t + gaussian,-1.8518252488890807,True,True
1,1500,3,2,student_t + student_t,-1.8519094159809215,False,True
1,1500,4,3,student_t + student_t + student_t,-1.8520268179870636,False,False
1,1500,5,3,student_t + gaussian + gaussian,-1.8520436852917181,False,False
1,1500,6,3,student_t + gaussian + skew_normal,-1.8520438267700057,False,False
1,1500,7,3,student_t + skew_normal + gaussian,-1.8520440626683794,False,False
1,1500,8,3,student_t + skew_normal + skew_normal,-1.8520441983430247,False,False
1,1500,9,3,student_t + skew_normal + student_t,-1.8520680219823664,False,False
1,1500,10,3,student_t + gaussian + student_t,-1.8520681919416158,False,False
2,500,1,2,gamma + lognormal,-1.2273736251954082,True,True
2,500,2,2,lognormal + lognormal,-1.227783438602256,False,False
2,500,3,2,lognormal + inverse_gaussian,-1.2338969227279009,False,False
2,500,4,3,gamma + lognormal + gamma,-1.2363767992820964,False,False
2,500,5,3,lognormal + gamma + gamma,-1.2363767992820964,False,False
2,500,6,3,inverse_gaussian + gamma + lognormal,-1.2435977208260298,False,False
2,500,7,3,inverse_gaussian + lognormal + gamma,-1.2435977273539365,False,False
2,500,8,3,lognormal + gamma + inverse_gaussian,-1.2436339025439727,False,False
2,500,9,3,inverse_gaussian + gamma + gamma,-1.252864933496823,False,False
2,500,10,2,inverse_gaussian + lognormal,-1.255118832174731,False,False
2,1000,1,2,lognormal + gamma,-1.152860372877968,True,True
2,1000,2,2,gamma + lognormal,-1.152860372877968,True,True
2,1000,3,2,lognormal + lognormal,-1.1540923600372974,False,False
2,1000,4,3,lognormal + lognormal + gamma,-1.1566753761904716,False,False
2,1000,5,3,inverse_gaussian + lognormal + gamma,-1.1569004313953852,False,False
2,1000,6,3,lognormal + lognormal + lognormal,-1.1576499271569585,False,False
2,1000,7,2,inverse_gaussian + lognormal,-1.1584334209858107,False,False
2,1000,8,3,lognormal + lognormal + inverse_gaussian,-1.1587451280536187,False,False
2,1000,9,3,inverse_gaussian + lognormal + lognormal,-1.1587451283327923,False,False
2,1000,10,3,gamma + lognormal + lognormal,-1.160139142982188,False,False
2,1500,1,2,lognormal + gamma,-1.1228537037751392,True,True
2,1500,2,2,gamma + lognormal,-1.1228537037751392,True,True
2,1500,3,3,lognormal + lognormal + gamma,-1.1232351558873692,False,False
2,1500,4,3,gamma + lognormal + lognormal,-1.1232351653222736,False,False
2,1500,5,2,lognormal + lognormal,-1.1232691529434025,False,False
2,1500,6,3,gamma + inverse_gaussian + lognormal,-1.127054264480371,False,False
2,1500,7,3,lognormal + gamma + inverse_gaussian,-1.1270542686093548,False,False
2,1500,8,3,gamma + gamma + lognormal,-1.1272311734377565,False,False
2,1500,9,3,gamma + lognormal + gamma,-1.127231178585814,False,False
2,1500,10,3,lognormal + lognormal + inverse_gaussian,-1.1277570573846842,False,False
3,500,1,2,nb2 + nb2,-2.751645593846204,False,True
3,500,2,2,poisson + zip,-2.7606952097597732,False,False
3,500,3,2,zip + poisson,-2.7609108359804058,False,False
3,500,4,3,zip + poisson + poisson,-2.763972916560246,False,False
3,500,5,2,zip + zip,-2.76405050085122,False,False
3,500,6,2,nb2 + zip,-2.7653622680340706,False,False
3,500,7,2,zip + nb2,-2.765475454061731,False,False
3,500,8,3,nb2 + nb2 + poisson,-2.76734586541083,False,False
3,500,9,3,poisson + poisson + zip,-2.7694738090960103,False,False
3,500,10,3,poisson + nb2 + nb2,-2.774556806692982,False,False
3,1000,1,2,nb2 + nb2,-2.7215332977433238,False,True
3,1000,2,3,nb2 + nb2 + zip,-2.721619487359059,False,False
3,1000,3,3,nb2 + zip + nb2,-2.7220628465217374,False,False
3,1000,4,3,nb2 + poisson + nb2,-2.7225099429209236,False,False
3,1000,5,3,poisson + nb2 + nb2,-2.7226072676755555,False,False
3,1000,6,3,nb2 + nb2 + poisson,-2.7229819897042846,False,False
3,1000,7,3,zip + nb2 + nb2,-2.723300665851826,False,False
3,1000,8,2,nb2 + zip,-2.728238778275183,False,False
3,1000,9,2,zip + nb2,-2.728295533310178,False,False
3,1000,10,2,zip + zip,-2.7293018370272266,False,False
3,1500,1,3,nb2 + nb2 + nb2,-2.7486012044754218,False,False
3,1500,2,2,nb2 + nb2,-2.7488249850753816,False,True
3,1500,3,3,nb2 + zip + nb2,-2.7490568361849363,False,False
3,1500,4,3,nb2 + poisson + nb2,-2.750730414479526,False,False
3,1500,5,3,poisson + nb2 + nb2,-2.7507825281324276,False,False
3,1500,6,3,nb2 + nb2 + poisson,-2.751097189115553,False,False
3,1500,7,3,zip + zip + poisson,-2.7586987455145207,False,False
3,1500,8,2,nb2 + zip,-2.7599970066068407,False,False
3,1500,9,2,zip + nb2,-2.7600106245971907,False,False
3,1500,10,3,zip + nb2 + zip,-2.7601485592529147,False,False
4,500,1,2,nb2 + zip,-2.4416538562783807,False,False
4,500,2,3,poisson + poisson + zip,-2.441948832514466,False,False
4,500,3,2,zip + poisson,-2.443699654792751,True,True
4,500,4,2,zip + zip,-2.4442226473638455,False,True
4,500,5,2,poisson + zip,-2.4444745882704235,True,True
4,500,6,3,poisson + nb2 + zip,-2.446922504659016,False,False
4,500,7,3,nb2 + poisson + nb2,-2.447788278271424,False,False
4,500,8,3,poisson + zip + zip,-2.4512280729988207,False,False
4,500,9,3,nb2 + poisson + zip,-2.4523653600672914,False,False
4,500,10,3,poisson + nb2 + poisson,-2.452641130858982,False,False
4,1000,1,3,zip + poisson + poisson,-2.4662129654852625,False,False
4,1000,2,2,zip + zip,-2.466668121852751,False,True
4,1000,3,2,poisson + zip,-2.4668781902050596,True,True
4,1000,4,2,zip + poisson,-2.46705124094708,True,True
4,1000,5,2,zip + nb2,-2.4676743930935765,False,False
4,1000,6,3,poisson + poisson + zip,-2.468534069558564,False,False
4,1000,7,2,nb2 + zip,-2.469078057022296,False,False
4,1000,8,3,poisson + nb2 + zip,-2.4738350337045096,False,False
4,1000,9,3,zip + poisson + nb2,-2.4749588291744096,False,False
4,1000,10,3,nb2 + poisson + zip,-2.477363950506658,False,False
4,1500,1,2,zip + poisson,-2.4682874623305278,True,True
4,1500,2,3,poisson + zip + zip,-2.4683504227629585,False,False
4,1500,3,2,zip + zip,-2.469550128020912,False,True
4,1500,4,3,zip + poisson + poisson,-2.469735659972404,False,False
4,1500,5,3,poisson + zip + poisson,-2.470208635092182,False,False
4,1500,6,3,zip + zip + poisson,-2.471374625812012,False,False
4,1500,7,2,nb2 + zip,-2.471631628385682,False,False
4,1500,8,2,zip + nb2,-2.471957521674788,False,False
4,1500,9,2,poisson + zip,-2.4721997365377173,True,True
4,1500,10,3,nb2 + poisson + zip,-2.472222974725919,False,False
1,500,1,2,student_t + gaussian,-1.881986141387898,True,True
1,500,2,2,student_t + skew_normal,-1.8819949191759775,False,False
1,500,3,2,student_t + student_t,-1.8829177316443104,False,True
1,500,4,3,student_t + skew_normal + gaussian,-1.8846646373022997,False,False
1,500,5,3,student_t + gaussian + gaussian,-1.8846666199412507,False,False
1,500,6,3,student_t + gaussian + skew_normal,-1.8846678441099358,False,False
1,500,7,3,student_t + gaussian + student_t,-1.8863665707754333,False,False
1,500,8,3,gaussian + gaussian + student_t,-1.9028825516752381,False,False
1,500,9,2,gaussian + student_t,-1.912617848607957,True,True
1,500,10,2,skew_normal + student_t,-1.9126246873491208,False,False
1,1000,1,2,student_t + gaussian,-1.8302065463045682,True,True
1,1000,2,2,student_t + skew_normal,-1.8302369113044834,False,False
1,1000,3,2,student_t + student_t,-1.8304473317809398,False,True
1,1000,4,3,student_t + gaussian + student_t,-1.8334505643395778,False,False
1,1000,5,3,student_t + gaussian + skew_normal,-1.8336934227114134,False,False
1,1000,6,3,student_t + skew_normal + skew_normal,-1.8336935615695924,False,False
1,1000,7,3,student_t + gaussian + gaussian,-1.8336962347998182,False,False
1,1000,8,3,student_t + skew_normal + gaussian,-1.8336964152150403,False,False
1,1000,9,3,student_t + student_t + student_t,-1.8337807041793048,False,False
1,1000,10,3,student_t + student_t + gaussian,-1.8341131607121697,False,False
1,1500,1,2,student_t + skew_normal,-1.8739750913367883,False,False
1,1500,2,2,student_t + gaussian,-1.8739751976329568,True,True
1,1500,3,2,student_t + student_t,-1.8754459189786785,False,True
1,1500,4,3,student_t + student_t + gaussian,-1.8760548482433628,False,False
1,1500,5,3,student_t + student_t + skew_normal,-1.8760571059667546,False,False
1,1500,6,3,student_t + skew_normal + gaussian,-1.8761075945592858,False,False
1,1500,7,3,student_t + gaussian + gaussian,-1.8761077669249087,False,False
1,1500,8,3,student_t + skew_normal + skew_normal,-1.87612795857059,False,False
1,1500,9,3,student_t + gaussian + skew_normal,-1.8761280022213387,False,False
1,1500,10,3,student_t + student_t + student_t,-1.8769381554731877,False,False
2,500,1,2,gamma + lognormal,-1.0586826088283838,True,True
2,500,2,2,lognormal + lognormal,-1.0615395701040922,False,False
2,500,3,3,gamma + inverse_gaussian + lognormal,-1.0673758841535455,False,False
2,500,4,3,gamma + lognormal + inverse_gaussian,-1.0680291395982267,False,False
2,500,5,2,lognormal + inverse_gaussian,-1.0695149255572063,False,False
2,500,6,3,lognormal + lognormal + inverse_gaussian,-1.0700631955597073,False,False
2,500,7,3,lognormal + inverse_gaussian + lognormal,-1.0703282619585748,False,False
2,500,8,3,inverse_gaussian + lognormal + lognormal,-1.0710535684475044,False,False
2,500,9,3,lognormal + gamma + gamma,-1.0717825779326968,False,False
2,500,10,3,lognormal + lognormal + gamma,-1.0745695211197608,False,False
2,1000,1,2,lognormal + lognormal,-1.1755033496991565,False,False
2,1000,2,2,lognormal + gamma,-1.1766056472220423,True,True
2,1000,3,3,lognormal + lognormal + lognormal,-1.1770140686116306,False,False
2,1000,4,3,lognormal + lognormal + inverse_gaussian,-1.1774021914521782,False,False
2,1000,5,3,gamma + lognormal + inverse_gaussian,-1.1783289330013738,False,False
2,1000,6,3,gamma + lognormal + lognormal,-1.18063311315032,False,False
2,1000,7,3,lognormal + lognormal + gamma,-1.1806331139036854,False,False
2,1000,8,3,lognormal + gamma + lognormal,-1.1806331140533701,False,False
2,1000,9,2,inverse_gaussian + lognormal,-1.1813656577064422,False,False
2,1000,10,2,lognormal + inverse_gaussian,-1.1813656577064422,False,False
2,1500,1,2,lognormal + lognormal,-1.107212550209746,False,False
2,1500,2,2,lognormal + gamma,-1.1077798660361136,True,True
2,1500,3,2,gamma + lognormal,-1.1077798660361136,True,True
2,1500,4,3,lognormal + inverse_gaussian + lognormal,-1.1090963290277105,False,False
2,1500,5,3,lognormal + lognormal + inverse_gaussian,-1.1090963296264735,False,False
2,1500,6,3,inverse_gaussian + gamma + lognormal,-1.109851443644039,False,False
2,1500,7,3,gamma + inverse_gaussian + lognormal,-1.109851443644039,False,False
2,1500,8,3,gamma + lognormal + inverse_gaussian,-1.1098514698768456,False,False
2,1500,9,3,lognormal + gamma + lognormal,-1.1100051944945801,False,False
2,1500,10,3,lognormal + gamma + gamma,-1.1104604387724808,False,False
3,500,1,2,nb2 + nb2,-2.728425628291582,False,True
3,500,2,3,zip + poisson + poisson,-2.7322396476278445,False,False
3,500,3,3,poisson + poisson + zip,-2.7341100107936196,False,False
3,500,4,3,poisson + zip + nb2,-2.73743134249815,False,False
3,500,5,3,poisson + nb2 + zip,-2.7398601475009903,False,False
3,500,6,3,nb2 + poisson + zip,-2.743587140054171,False,False
3,500,7,3,nb2 + poisson + poisson,-2.74411786910698,False,False
3,500,8,3,poisson + nb2 + poisson,-2.7448028833084845,False,False
3,500,9,3,zip + poisson + nb2,-2.745817003971223,False,False
3,500,10,3,nb2 + nb2 + poisson,-2.7462667215353322,False,False
3,1000,1,2,nb2 + nb2,-2.7184932239637734,False,True
3,1000,2,3,nb2 + nb2 + poisson,-2.718706001207291,False,False
3,1000,3,3,zip + poisson + poisson,-2.7257776540862637,False,False
3,1000,4,3,poisson + poisson + poisson,-2.729579626777212,False,False
3,1000,5,2,poisson + zip,-2.732531986913018,False,False
3,1000,6,3,zip + poisson + nb2,-2.732631322344458,False,False
3,1000,7,2,zip + zip,-2.732774020983912,False,False
3,1000,8,3,poisson + zip + zip,-2.7335801698788704,False,False
3,1000,9,2,zip + nb2,-2.7336066602372666,False,False
3,1000,10,3,nb2 + zip + poisson,-2.734254314795629,False,False
3,1500,1,2,nb2 + nb2,-2.6930644194361464,False,True
3,1500,2,3,nb2 + nb2 + zip,-2.6931732145276936,False,False
3,1500,3,3,nb2 + nb2 + poisson,-2.693834746541089,False,False
3,1500,4,3,zip + nb2 + nb2,-2.6940397014058295,False,False
3,1500,5,3,nb2 + zip + nb2,-2.694352563263108,False,False
3,1500,6,3,nb2 + poisson + nb2,-2.6948234036483036,False,False
3,1500,7,3,poisson + nb2 + nb2,-2.696077796409927,False,False
3,1500,8,3,nb2 + zip + poisson,-2.7004789484590117,False,False
3,1500,9,3,nb2 + poisson + zip,-2.7008402271234715,False,False
3,1500,10,3,zip + nb2 + zip,-2.701464520831265,False,False
4,500,1,2,zip + poisson,-2.406811813632892,True,True
4,500,2,2,nb2 + zip,-2.409148011782042,False,False
4,500,3,3,nb2 + zip + poisson,-2.4096304979599608,False,False
4,500,4,2,poisson + zip,-2.410511515483635,True,True
4,500,5,3,poisson + nb2 + nb2,-2.4107964801548487,False,False
4,500,6,2,zip + zip,-2.4116314207321503,False,True
4,500,7,2,zip + nb2,-2.4124739098577184,False,False
4,500,8,3,poisson + zip + poisson,-2.4152190069286257,False,False
4,500,9,3,poisson + poisson + nb2,-2.4161093673587093,False,False
4,500,10,3,poisson + poisson + zip,-2.416977591425257,False,False
4,1000,1,3,poisson + nb2 + nb2,-2.4137066005231556,False,False
4,1000,2,3,poisson + poisson + nb2,-2.4139922278974573,False,False
4,1000,3,3,poisson + nb2 + poisson,-2.4140547570019546,False,False
4,1000,4,3,poisson + nb2 + zip,-2.4142556725581787,False,False
4,1000,5,2,zip + nb2,-2.4148905519286132,False,False
4,1000,6,3,zip + poisson + poisson,-2.414965845241788,False,False
4,1000,7,3,poisson + poisson + zip,-2.4155476272217,False,False
4,1000,8,3,poisson + zip + poisson,-2.415607872213649,False,False
4,1000,9,2,nb2 + zip,-2.415687058309767,False,False
4,1000,10,2,poisson + zip,-2.4160265367982556,True,True
4,1500,1,2,nb2 + zip,-2.4328524467277575,False,False
4,1500,2,2,zip + nb2,-2.432890272332237,False,False
4,1500,3,3,nb2 + poisson + nb2,-2.433112225557529,False,False
4,1500,4,2,poisson + zip,-2.43374624358519,True,True
4,1500,5,2,zip + zip,-2.433972198819779,False,True
4,1500,6,2,zip + poisson,-2.434082577726132,True,True
4,1500,7,3,poisson + zip + poisson,-2.434880575585019,False,False
4,1500,8,3,nb2 + nb2 + poisson,-2.4350844652168573,False,False
4,1500,9,3,poisson + nb2 + poisson,-2.4353065703219237,False,False
4,1500,10,3,poisson + poisson + zip,-2.4355744695074497,False,False
1,500,1,2,student_t + gaussian,-1.8407363819287517,True,True
1,500,2,2,student_t + skew_normal,-1.8407393263912681,False,False
1,500,3,2,student_t + student_t,-1.8410225851520727,False,True
1,500,4,3,student_t + student_t + gaussian,-1.8447376429142446,False,False
1,500,5,3,student_t + skew_normal + gaussian,-1.8449693963091223,False,False
1,500,6,3,student_t + gaussian + gaussian,-1.844971555394402,False,False
1,500,7,3,student_t + gaussian + skew_normal,-1.8449720143132786,False,False
1,500,8,3,student_t + gaussian + student_t,-1.8461462736867706,False,False
1,500,9,3,gaussian + gaussian + student_t,-1.8471190026682371,False,False
1,500,10,3,skew_normal + gaussian + student_t,-1.8471260331670234,False,False
1,1000,1,2,student_t + skew_normal,-1.8664723332519195,False,False
1,1000,2,2,student_t + gaussian,-1.866473146910442,True,True
1,1000,3,2,student_t + student_t,-1.867284523771189,False,True
1,1000,4,3,student_t + gaussian + gaussian,-1.8680715068304476,False,False
1,1000,5,3,student_t + skew_normal + gaussian,-1.8680720392095744,False,False
1,1000,6,3,student_t + gaussian + skew_normal,-1.8681582847032248,False,False
1,1000,7,3,student_t + gaussian + student_t,-1.8688312836639251,False,False
1,1000,8,3,student_t + student_t + gaussian,-1.8697404590311488,False,False
1,1000,9,3,gaussian + gaussian + student_t,-1.8748565522400191,False,False
1,1000,10,3,gaussian + student_t + gaussian,-1.8775063561617158,False,False
1,1500,1,2,student_t + skew_normal,-1.8070021785891022,False,False
1,1500,2,2,student_t + gaussian,-1.8070021881002591,True,True
1,1500,3,3,student_t + skew_normal + gaussian,-1.807062108125134,False,False
1,1500,4,3,student_t + gaussian + gaussian,-1.807062140967505,False,False
1,1500,5,3,student_t + skew_normal + skew_normal,-1.8070622134000978,False,False
1,1500,6,3,student_t + gaussian + skew_normal,-1.8070622464977912,False,False
1,1500,7,3,student_t + student_t + gaussian,-1.8080550427783781,False,False
1,1500,8,3,student_t + student_t + skew_normal,-1.808055410013263,False,False
1,1500,9,2,student_t + student_t,-1.808726763263162,False,True
1,1500,10,3,student_t + skew_normal + student_t,-1.8094467580167037,False,False
2,500,1,2,lognormal + gamma,-1.0762259435272679,True,True
2,500,2,2,gamma + lognormal,-1.0762259435272679,True,True
2,500,3,2,lognormal + lognormal,-1.0770194107975362,False,False
2,500,4,3,lognormal + gamma + inverse_gaussian,-1.0841796046584333,False,False
2,500,5,3,gamma + lognormal + inverse_gaussian,-1.0841796046584333,False,False
2,500,6,3,lognormal + inverse_gaussian + lognormal,-1.0850068828691628,False,False
2,500,7,2,inverse_gaussian + lognormal,-1.0865195735051318,False,False
2,500,8,2,lognormal + inverse_gaussian,-1.0865195735051318,False,False
2,500,9,3,inverse_gaussian + lognormal + lognormal,-1.0921166939101357,False,False
2,500,10,3,lognormal + lognormal + inverse_gaussian,-1.0921166947066119,False,False
2,1000,1,2,lognormal + lognormal,-1.0884340369000827,False,False
2,1000,2,2,gamma + lognormal,-1.0889537090588493,True,True
2,1000,3,3,lognormal + lognormal + lognormal,-1.0898300058275892,False,False
2,1000,4,3,gamma + lognormal + lognormal,-1.0901483487160366,False,False
2,1000,5,3,lognormal + inverse_gaussian + gamma,-1.0914499490483744,False,False
2,1000,6,3,lognormal + gamma + inverse_gaussian,-1.0914499533761164,False,False
2,1000,7,3,inverse_gaussian + gamma + lognormal,-1.0914628814926448,False,False
2,1000,8,3,gamma + inverse_gaussian + lognormal,-1.0928375553327387,False,False
2,1000,9,3,lognormal + inverse_gaussian + lognormal,-1.0931951556535835,False,False
2,1000,10,3,lognormal + lognormal + inverse_gaussian,-1.0931951558657784,False,False
2,1500,1,2,lognormal + lognormal,-1.0859169229117869,False,False
2,1500,2,3,lognormal + lognormal + lognormal,-1.0860942816475432,False,False
2,1500,3,3,lognormal + gamma + lognormal,-1.0866379102435806,False,False
2,1500,4,3,lognormal + lognormal + inverse_gaussian,-1.087693666990721,False,False
2,1500,5,3,inverse_gaussian + lognormal + gamma,-1.0877998644975064,False,False
2,1500,6,3,lognormal + inverse_gaussian + gamma,-1.0877998644975064,False,False
2,1500,7,3,inverse_gaussian + lognormal + lognormal,-1.0879577219420566,False,False
2,1500,8,3,lognormal + inverse_gaussian + lognormal,-1.088019278380541,False,False
2,1500,9,3,lognormal + gamma + gamma,-1.0902732247192484,False,False
2,1500,10,3,gamma + lognormal + lognormal,-1.0907884080684949,False,False
3,500,1,2,nb2 + zip,-2.7341738849687807,False,False
3,500,2,2,nb2 + nb2,-2.7493080376281704,False,True
3,500,3,3,poisson + zip + nb2,-2.7574711992921883,False,False
3,500,4,2,zip + poisson,-2.758734782660116,False,False
3,500,5,3,zip + poisson + poisson,-2.7588688365217218,False,False
3,500,6,3,nb2 + zip + poisson,-2.759253551633278,False,False
3,500,7,2,zip + nb2,-2.7600865364816736,False,False
3,500,8,2,poisson + zip,-2.761754423849381,False,False
3,500,9,3,poisson + zip + poisson,-2.7619791850113478,False,False
3,500,10,2,zip + zip,-2.7627343061036127,False,False
3,1000,1,2,nb2 + nb2,-2.7396392387595903,False,True
3,1000,2,2,poisson + zip,-2.7401059597494224,False,False
3,1000,3,2,zip + nb2,-2.7402691997240036,False,False
3,1000,4,3,poisson + nb2 + nb2,-2.7404846730596555,False,False
3,1000,5,3,nb2 + poisson + nb2,-2.740530136996773,False,False
3,1000,6,2,nb2 + zip,-2.7417745634913087,False,False
3,1000,7,2,zip + poisson,-2.7419649814582825,False,False
3,1000,8,2,zip + zip,-2.7422106503624457,False,False
3,1000,9,3,nb2 + poisson + poisson,-2.742795745078666,False,False
3,1000,10,3,nb2 + nb2 + poisson,-2.7453143029203675,False,False
3,1500,1,2,nb2 + nb2,-2.725980819319908,False,True
3,1500,2,3,nb2 + zip + nb2,-2.7292124673351217,False,False
3,1500,3,3,zip + nb2 + nb2,-2.7293713266181774,False,False
3,1500,4,3,nb2 + poisson + nb2,-2.729571284548437,False,False
3,1500,5,3,nb2 + nb2 + poisson,-2.7313847161101394,False,False
3,1500,6,3,nb2 + nb2 + zip,-2.732486486870279,False,False
3,1500,7,2,zip + nb2,-2.7386201344854215,False,False
3,1500,8,2,nb2 + zip,-2.738679707009649,False,False
3,1500,9,2,zip + poisson,-2.7391643335088363,False,False
3,1500,10,2,zip + zip,-2.739862602999659,False,False
4,500,1,2,zip + poisson,-2.431352875376568,True,True
4,500,2,3,poisson + poisson + zip,-2.4314048136085247,False,False
4,500,3,2,zip + nb2,-2.4315816353961326,False,False
4,500,4,2,nb2 + zip,-2.43198312396181,False,False
4,500,5,3,zip + poisson + poisson,-2.4321130472362382,False,False
4,500,6,3,nb2 + nb2 + poisson,-2.433278730834603,False,False
4,500,7,2,poisson + zip,-2.433425995597164,True,True
4,500,8,3,poisson + nb2 + zip,-2.4344443341734094,False,False
4,500,9,2,zip + zip,-2.4346361127257516,False,True
4,500,10,3,poisson + poisson + nb2,-2.4356390704047346,False,False
4,1000,1,2,poisson + zip,-2.430828011284308,True,True
4,1000,2,2,zip + poisson,-2.4309285800699034,True,True
4,1000,3,3,poisson + nb2 + nb2,-2.431427270031867,False,False
4,1000,4,2,zip + zip,-2.431476795593162,False,True
4,1000,5,2,nb2 + zip,-2.432034572533688,False,False
4,1000,6,2,zip + nb2,-2.432040536395153,False,False
4,1000,7,3,poisson + zip + zip,-2.4327631078975647,False,False
4,1000,8,3,nb2 + nb2 + poisson,-2.433037878492804,False,False
4,1000,9,3,zip + nb2 + nb2,-2.4339248495073544,False,False
4,1000,10,3,nb2 + poisson + nb2,-2.433973628501102,False,False
4,1500,1,3,poisson + zip + poisson,-2.4386133461407127,False,False
4,1500,2,3,poisson + poisson + zip,-2.439617241558004,False,False
4,1500,3,2,nb2 + zip,-2.440131281066671,False,False
4,1500,4,3,poisson + nb2 + nb2,-2.440163442246988,False,False
4,1500,5,3,nb2 + nb2 + poisson,-2.440239347046511,False,False
4,1500,6,2,zip + nb2,-2.4402823144808448,False,False
4,1500,7,2,poisson + zip,-2.4403252713461416,True,True
4,1500,8,2,zip + zip,-2.440375173507057,False,True
4,1500,9,2,zip + poisson,-2.440430986802771,True,True
4,1500,10,3,nb2 + poisson + nb2,-2.4407358773417305,False,False
1,500,1,2,student_t + skew_normal,-1.895627752604632,False,False
1,500,2,2,student_t + gaussian,-1.8956311462668294,True,True
1,500,3,2,student_t + student_t,-1.8959544106959765,False,True
1,500,4,3,student_t + gaussian + student_t,-1.899954338042789,False,False
1,500,5,3,student_t + student_t + gaussian,-1.902120887955378,False,False
1,500,6,3,student_t + gaussian + skew_normal,-1.9022409094795505,False,False
1,500,7,3,student_t + gaussian + gaussian,-1.90225022013516,False,False
1,500,8,3,gaussian + gaussian + student_t,-1.9138314967845493,False,False
1,500,9,2,gaussian + student_t,-1.9199580382004364,True,True
1,500,10,2,skew_normal + student_t,-1.9200656350417575,False,False
1,1000,1,2,student_t + student_t,-1.8308232755542535,False,True
1,1000,2,2,student_t + skew_normal,-1.8309647425014424,False,False
1,1000,3,2,student_t + gaussian,-1.831011748405204,True,True
1,1000,4,3,student_t + skew_normal + student_t,-1.8353436419089992,False,False
1,1000,5,3,student_t + gaussian + student_t,-1.835344564135635,False,False
1,1000,6,3,student_t + skew_normal + skew_normal,-1.8354148585476464,False,False
1,1000,7,3,student_t + gaussian + skew_normal,-1.8354153126659747,False,False
1,1000,8,3,student_t + skew_normal + gaussian,-1.8354169215715526,False,False
1,1000,9,3,student_t + gaussian + gaussian,-1.835417370496929,False,False
1,1000,10,3,student_t + student_t + student_t,-1.8356136062993569,False,False
1,1500,1,2,student_t + student_t,-1.8680534675456404,False,True
1,1500,2,2,student_t + skew_normal,-1.868126907984061,False,False
1,1500,3,2,student_t + gaussian,-1.8681269583025142,True,True
1,1500,4,3,student_t + skew_normal + gaussian,-1.8721697527976076,False,False
1,1500,5,3,student_t + skew_normal + skew_normal,-1.8721700414251718,False,False
1,1500,6,3,student_t + gaussian + gaussian,-1.872170450506792,False,False
1,1500,7,3,student_t + gaussian + skew_normal,-1.8721707377729304,False,False
1,1500,8,3,student_t + student_t + gaussian,-1.8722092489301485,False,False
1,1500,9,3,student_t + student_t + skew_normal,-1.8722113806744705,False,False
1,1500,10,3,student_t + skew_normal + student_t,-1.873743440394467,False,False
2,500,1,2,gamma + lognormal,-1.094028722447933,True,True
2,500,2,2,lognormal + lognormal,-1.0949995156114296,False,False
2,500,3,3,gamma + gamma + inverse_gaussian,-1.099435361525957,False,False
2,500,4,3,inverse_gaussian + gamma + gamma,-1.0994353667183587,False,False
2,500,5,3,lognormal + inverse_gaussian + gamma,-1.1007872808716361,False,False
2,500,6,3,gamma + inverse_gaussian + gamma,-1.100842429801634,False,False
2,500,7,2,inverse_gaussian + lognormal,-1.1029077720864973,False,False
2,500,8,2,lognormal + inverse_gaussian,-1.1029077720864973,False,False
2,500,9,3,inverse_gaussian + lognormal + inverse_gaussian,-1.1050862795677048,False,False
2,500,10,3,inverse_gaussian + inverse_gaussian + lognormal,-1.1050862808281476,False,False
2,1000,1,2,gamma + lognormal,-1.1564952036166136,True,True
2,1000,2,2,lognormal + lognormal,-1.1583137303682483,False,False
2,1000,3,3,lognormal + gamma + lognormal,-1.159705528800753,False,False
2,1000,4,3,lognormal + lognormal + gamma,-1.1597055697090655,False,False
2,1000,5,3,lognormal + lognormal + lognormal,-1.1614176199061244,False,False
2,1000,6,3,lognormal + gamma + gamma,-1.1615787427631568,False,False
2,1000,7,3,gamma + lognormal + lognormal,-1.1627434958347125,False,False
2,1000,8,2,lognormal + inverse_gaussian,-1.1669523047039438,False,False
2,1000,9,3,lognormal + inverse_gaussian + lognormal,-1.1702222781441882,False,False
2,1000,10,3,gamma + lognormal + inverse_gaussian,-1.1713614727334967,False,False
2,1500,1,2,lognormal + gamma,-1.0934096943656026,True,True
2,1500,2,2,gamma + lognormal,-1.0934096943656026,True,True
2,1500,3,2,lognormal + lognormal,-1.0939024576699463,False,False
2,1500,4,3,lognormal + lognormal + lognormal,-1.0953850020604068,False,False
2,1500,5,3,lognormal + gamma + inverse_gaussian,-1.0976867793481677,False,False
2,1500,6,3,gamma + lognormal + inverse_gaussian,-1.0976867793481677,False,False
2,1500,7,3,inverse_gaussian + lognormal + lognormal,-1.0986407071591444,False,False
2,1500,8,3,lognormal + inverse_gaussian + lognormal,-1.0986407071591444,False,False
2,1500,9,3,gamma + gamma + lognormal,-1.0991177136498709,False,False
2,1500,10,3,lognormal + lognormal + inverse_gaussian,-1.0991368106721724,False,False
3,500,1,2,nb2 + nb2,-2.700490596678748,False,True
3,500,2,3,poisson + poisson + poisson,-2.7027787849084386,False,False
3,500,3,2,nb2 + zip,-2.712982410007801,False,False
3,500,4,2,poisson + zip,-2.7145492023983913,False,False
3,500,5,2,zip + nb2,-2.714576167917092,False,False
3,500,6,3,zip + poisson + nb2,-2.7145766949581174,False,False
3,500,7,2,zip + zip,-2.714877471847532,False,False
3,500,8,2,zip + poisson,-2.714993403669597,False,False
3,500,9,3,poisson + poisson + zip,-2.7152075488459175,False,False
3,500,10,3,nb2 + zip + poisson,-2.7162778210827785,False,False
3,1000,1,2,nb2 + nb2,-2.698752131743058,False,True
3,1000,2,3,poisson + nb2 + nb2,-2.711417266808541,False,False
3,1000,3,3,poisson + zip + nb2,-2.7139092093096,False,False
3,1000,4,3,nb2 + poisson + zip,-2.717722668359703,False,False
3,1000,5,3,nb2 + zip + poisson,-2.7179867612286817,False,False
3,1000,6,3,poisson + nb2 + zip,-2.718983478578114,False,False
3,1000,7,3,zip + nb2 + poisson,-2.719336896728803,False,False
3,1000,8,3,poisson + poisson + zip,-2.719938139022142,False,False
3,1000,9,3,zip + poisson + poisson,-2.721177509297225,False,False
3,1000,10,3,zip + poisson + nb2,-2.7232817599945705,False,False
3,1500,1,3,poisson + nb2 + nb2,-2.6949495724386123,False,False
3,1500,2,3,nb2 + nb2 + poisson,-2.6952125996075567,False,False
3,1500,3,2,nb2 + nb2,-2.69659104233567,False,True
3,1500,4,3,zip + nb2 + poisson,-2.6986918506849307,False,False
3,1500,5,3,zip + poisson + nb2,-2.6989218623702262,False,False
3,1500,6,3,poisson + nb2 + zip,-2.7004334968984374,False,False
3,1500,7,3,poisson + poisson + nb2,-2.701485608325434,False,False
3,1500,8,3,nb2 + poisson + poisson,-2.701687916785558,False,False
3,1500,9,3,nb2 + poisson + zip,-2.7024879174241496,False,False
3,1500,10,3,zip + poisson + poisson,-2.703228741890609,False,False
4,500,1,2,nb2 + zip,-2.418260964834912,False,False
4,500,2,2,zip + nb2,-2.4186074255625853,False,False
4,500,3,2,poisson + zip,-2.418844871322134,True,True
4,500,4,3,nb2 + poisson + nb2,-2.419336796256664,False,False
4,500,5,3,poisson + zip + poisson,-2.419504953743947,False,False
4,500,6,3,poisson + nb2 + poisson,-2.4198167920369715,False,False
4,500,7,2,zip + zip,-2.419830229324238,False,True
4,500,8,2,zip + poisson,-2.420358145092713,True,True
4,500,9,3,zip + poisson + nb2,-2.420459075057577,False,False
4,500,10,3,poisson + poisson + zip,-2.42175649050287,False,False
4,1000,1,2,zip + poisson,-2.4496576191164405,True,True
4,1000,2,2,poisson + zip,-2.449729757710161,True,True
4,1000,3,2,zip + zip,-2.4498405390163227,False,True
4,1000,4,3,poisson + poisson + poisson,-2.4508235296671694,False,False
4,1000,5,3,poisson + poisson + zip,-2.4510781652495153,False,False
4,1000,6,2,nb2 + zip,-2.451984814330369,False,False
4,1000,7,3,zip + poisson + poisson,-2.4519930627052777,False,False
4,1000,8,3,poisson + zip + zip,-2.452720218354142,False,False
4,1000,9,3,zip + zip + poisson,-2.4528381433434414,False,False
4,1000,10,2,zip + nb2,-2.453830518520249,False,False
4,1500,1,2,zip + nb2,-2.412186217329796,False,False
4,1500,2,2,nb2 + zip,-2.4123556714839793,False,False
4,1500,3,2,poisson + zip,-2.412382637470365,True,True
4,1500,4,2,zip + zip,-2.4124090258397537,False,True
4,1500,5,2,zip + poisson,-2.4125430928690146,True,True
4,1500,6,3,nb2 + nb2 + poisson,-2.412547264135337,False,False
4,1500,7,3,poisson + nb2 + poisson,-2.413122987227437,False,False
4,1500,8,3,poisson + poisson + nb2,-2.4131910800563277,False,False
4,1500,9,3,nb2 + poisson + poisson,-2.4133486114118354,False,False
4,1500,10,3,nb2 + poisson + nb2,-2.414172344187775,False,False
1,500,1,2,student_t + student_t,-1.8111109456921417,False,True
1,500,2,2,student_t + gaussian,-1.811155668759563,True,True
1,500,3,2,student_t + skew_normal,-1.8111762227602375,False,False
1,500,4,3,student_t + student_t + gaussian,-1.817511905006952,False,False
1,500,5,3,student_t + student_t + skew_normal,-1.817526171804946,False,False
1,500,6,3,student_t + skew_normal + skew_normal,-1.8177886051805314,False,False
1,500,7,3,student_t + gaussian + skew_normal,-1.817789349889353,False,False
1,500,8,3,student_t + skew_normal + gaussian,-1.8177895243276134,False,False
1,500,9,3,student_t + gaussian + gaussian,-1.8177902672129658,False,False
1,500,10,3,student_t + gaussian + student_t,-1.8191789478123415,False,False
1,1000,1,2,student_t + student_t,-1.8535162208588254,False,True
1,1000,2,2,student_t + gaussian,-1.8535219704159052,True,True
1,1000,3,2,student_t + skew_normal,-1.8535243747717989,False,False
1,1000,4,3,student_t + gaussian + gaussian,-1.8547761281518682,False,False
1,1000,5,3,student_t + gaussian + skew_normal,-1.8547770989859582,False,False
1,1000,6,3,student_t + skew_normal + gaussian,-1.85477740011619,False,False
1,1000,7,3,student_t + student_t + gaussian,-1.8549205893345069,False,False
1,1000,8,3,student_t + gaussian + student_t,-1.8549320033904675,False,False
1,1000,9,2,gaussian + student_t,-1.8658880834378029,True,True
1,1000,10,2,skew_normal + student_t,-1.8658955180160677,False,False
1,1500,1,3,student_t + gaussian + student_t,-1.8676356783278256,False,False
1,1500,2,3,student_t + skew_normal + student_t,-1.8676371882741891,False,False
1,1500,3,3,student_t + skew_normal + skew_normal,-1.867670148614954,False,False
1,1500,4,3,student_t + skew_normal + gaussian,-1.8676702144448094,False,False
1,1500,5,3,student_t + gaussian + skew_normal,-1.86767123214417,False,False
1,1500,6,3,student_t + gaussian + gaussian,-1.8676712953040624,False,False
1,1500,7,2,student_t + gaussian,-1.8677669259185576,True,True
1,1500,8,2,student_t + skew_normal,-1.8677676933331904,False,False
1,1500,9,3,student_t + student_t + student_t,-1.8684430478694467,False,False
1,1500,10,2,student_t + student_t,-1.868692618946579,False,True
2,500,1,2,lognormal + lognormal,-1.1382762648982645,False,False
2,500,2,2,lognormal + gamma,-1.1388543242819098,True,True
2,500,3,2,gamma + lognormal,-1.1388543242819098,True,True
2,500,4,3,gamma + lognormal + gamma,-1.1456298005971062,False,False
2,500,5,3,lognormal + gamma + gamma,-1.1456298011752684,False,False
2,500,6,3,gamma + gamma + lognormal,-1.1456298020650768,False,False
2,500,7,2,inverse_gaussian + lognormal,-1.1482813166639405,False,False
2,500,8,2,lognormal + inverse_gaussian,-1.1482813166639405,False,False
2,500,9,3,gamma + inverse_gaussian + lognormal,-1.1513583774026466,False,False
2,500,10,3,inverse_gaussian + lognormal + gamma,-1.1513583780503558,False,False
2,1000,1,2,lognormal + gamma,-1.1548723999287125,True,True
2,1000,2,2,gamma + lognormal,-1.1548723999287125,True,True
2,1000,3,2,lognormal + lognormal,-1.1562609189599902,False,False
2,1000,4,3,lognormal + gamma + lognormal,-1.1599128135185897,False,False
2,1000,5,3,gamma + lognormal + lognormal,-1.160008887151105,False,False
2,1000,6,3,lognormal + lognormal + gamma,-1.1600088963321087,False,False
2,1000,7,2,inverse_gaussian + lognormal,-1.1602543418051983,False,False
2,1000,8,2,lognormal + inverse_gaussian,-1.1602543418051983,False,False
2,1000,9,3,inverse_gaussian + lognormal + gamma,-1.1612568088005146,False,False
2,1000,10,3,inverse_gaussian + gamma + lognormal,-1.1612568170687831,False,False
2,1500,1,2,lognormal + lognormal,-1.1425155382577432,False,False
2,1500,2,2,lognormal + gamma,-1.1427785658471745,True,True
2,1500,3,3,inverse_gaussian + gamma + lognormal,-1.146181944069734,False,False
2,1500,4,3,inverse_gaussian + lognormal + gamma,-1.1461819444555645,False,False
2,1500,5,3,lognormal + inverse_gaussian + gamma,-1.1461819444555645,False,False
2,1500,6,3,gamma + gamma + inverse_gaussian,-1.1479534422012498,False,False
2,1500,7,2,inverse_gaussian + lognormal,-1.148490779463887,False,False
2,1500,8,2,lognormal + inverse_gaussian,-1.148490779463887,False,False
2,1500,9,3,lognormal + lognormal + lognormal,-1.1489793449339287,False,False
2,1500,10,3,lognormal + lognormal + gamma,-1.1498525039983891,False,False
3,500,1,2,nb2 + nb2,-2.706787399910447,False,True
3,500,2,3,nb2 + zip + poisson,-2.731949085663677,False,False
3,500,3,3,poisson + poisson + nb2,-2.740333287180313,False,False
3,500,4,3,nb2 + nb2 + poisson,-2.7427690443617285,False,False
3,500,5,2,nb2 + zip,-2.754790323335034,False,False
3,500,6,2,zip + nb2,-2.7553431033552576,False,False
3,500,7,2,poisson + zip,-2.756715267831067,False,False
3,500,8,3,poisson + poisson + zip,-2.7582271052545444,False,False
3,500,9,3,poisson + nb2 + zip,-2.7587310300400434,False,False
3,500,10,2,zip + zip,-2.75882217246791,False,False
3,1000,1,2,zip + nb2,-2.7253310268268773,False,False
3,1000,2,2,zip + zip,-2.7256706034455864,False,False
3,1000,3,2,nb2 + zip,-2.7259517214895457,False,False
3,1000,4,2,nb2 + nb2,-2.7265205483039123,False,True
3,1000,5,3,poisson + zip + nb2,-2.729847982187351,False,False
3,1000,6,3,zip + zip + poisson,-2.7299046681586225,False,False
3,1000,7,3,nb2 + nb2 + poisson,-2.730206612861764,False,False
3,1000,8,3,zip + poisson + poisson,-2.7317574788056,False,False
3,1000,9,3,poisson + nb2 + nb2,-2.731931111438181,False,False
3,1000,10,3,nb2 + poisson + zip,-2.732169044023047,False,False
3,1500,1,3,zip + nb2 + nb2,-2.7027965774562417,False,False
3,1500,2,3,nb2 + zip + nb2,-2.7030155252953083,False,False
3,1500,3,2,nb2 + nb2,-2.7037204115977147,False,True
3,1500,4,3,nb2 + poisson + nb2,-2.7068344197784278,False,False
3,1500,5,3,nb2 + nb2 + poisson,-2.707076785636921,False,False
3,1500,6,3,poisson + nb2 + nb2,-2.708166513298007,False,False
3,1500,7,3,zip + poisson + nb2,-2.708326613735985,False,False
3,1500,8,3,nb2 + zip + poisson,-2.7099983145009383,False,False
3,1500,9,2,nb2 + zip,-2.710149518063921,False,False
3,1500,10,2,zip + poisson,-2.710426346975439,False,False
4,500,1,2,zip + nb2,-2.42583801779411,False,False
4,500,2,3,zip + poisson + poisson,-2.425923606583604,False,False
4,500,3,2,poisson + zip,-2.426357111095517,True,True
4,500,4,2,zip + zip,-2.426565190174493,False,True
4,500,5,2,zip + poisson,-2.426583091417077,True,True
4,500,6,2,nb2 + zip,-2.4266425800799,False,False
4,500,7,3,poisson + poisson + nb2,-2.429926882230257,False,False
4,500,8,3,poisson + zip + nb2,-2.430138339659369,False,False
4,500,9,3,poisson + nb2 + zip,-2.4305580798174216,False,False
4,500,10,3,nb2 + poisson + poisson,-2.4306760515316683,False,False
4,1000,1,2,poisson + zip,-2.4464659612202992,True,True
4,1000,2,2,nb2 + zip,-2.4476056177826395,False,False
4,1000,3,2,zip + poisson,-2.44804997582744,True,True
4,1000,4,2,zip + nb2,-2.4486052767086326,False,False
4,1000,5,3,poisson + nb2 + poisson,-2.449293448873389,False,False
4,1000,6,3,zip + nb2 + nb2,-2.4497635468579655,False,False
4,1000,7,3,poisson + nb2 + nb2,-2.450716000386974,False,False
4,1000,8,2,zip + zip,-2.451502107490127,False,True
4,1000,9,3,poisson + nb2 + zip,-2.4518273938674175,False,False
4,1000,10,3,poisson + zip + nb2,-2.4522137488111158,False,False
4,1500,1,3,poisson + nb2 + nb2,-2.4472632566027794,False,False
4,1500,2,2,poisson + zip,-2.4486218420059243,True,True
4,1500,3,2,zip + zip,-2.4490788667260457,False,True
4,1500,4,3,nb2 + zip + poisson,-2.449541126877469,False,False
4,1500,5,2,zip + nb2,-2.450258132265005,False,False
4,1500,6,2,zip + poisson,-2.4503844571006477,True,True
4,1500,7,3,poisson + zip + poisson,-2.450623042484799,False,False
4,1500,8,3,zip + poisson + poisson,-2.450626316991308,False,False
4,1500,9,2,nb2 + zip,-2.4507430814182958,False,False
4,1500,10,3,nb2 + nb2 + poisson,-2.4509790575930994,False,False
1,500,1,2,student_t + skew_normal,-1.867476387306787,False,False
1,500,2,2,student_t + gaussian,-1.8675893672011676,True,True
1,500,3,2,student_t + student_t,-1.8676963063332228,False,True
1,500,4,3,student_t + skew_normal + gaussian,-1.8775443413037747,False,False
1,500,5,3,student_t + gaussian + skew_normal,-1.8775466135123093,False,False
1,500,6,3,student_t + gaussian + gaussian,-1.8775505724243091,False,False
1,500,7,3,student_t + student_t + gaussian,-1.878868259454049,False,False
1,500,8,3,gaussian + student_t + gaussian,-1.884386647097749,False,False
1,500,9,2,gaussian + student_t,-1.8865475614430642,True,True
1,500,10,2,skew_normal + student_t,-1.886587420974498,False,False
1,1000,1,2,student_t + skew_normal,-1.8503718020209512,False,False
1,1000,2,2,student_t + gaussian,-1.8503764737541273,True,True
1,1000,3,3,gaussian + skew_normal + gaussian,-1.8505111949916195,False,False
1,1000,4,3,gaussian + gaussian + skew_normal,-1.8505175357384815,False,False
1,1000,5,3,gaussian + gaussian + gaussian,-1.8505178941532616,False,False
1,1000,6,3,skew_normal + gaussian + gaussian,-1.8505183545417359,False,False
1,1000,7,2,student_t + student_t,-1.8506732256057163,False,True
1,1000,8,3,student_t + student_t + gaussian,-1.8521523966834939,False,False
1,1000,9,3,student_t + gaussian + skew_normal,-1.8523463335093429,False,False
1,1000,10,3,student_t + skew_normal + skew_normal,-1.8523481084085813,False,False
1,1500,1,3,student_t + student_t + gaussian,-1.8204740794789491,False,False
1,1500,2,3,student_t + gaussian + gaussian,-1.820571996992936,False,False
1,1500,3,3,student_t + skew_normal + gaussian,-1.8205720493425879,False,False
1,1500,4,3,student_t + gaussian + skew_normal,-1.8205721308416283,False,False
1,1500,5,2,student_t + gaussian,-1.8206079031665099,True,True
1,1500,6,2,student_t + skew_normal,-1.820607999463574,False,False
1,1500,7,2,student_t + student_t,-1.8206819386502489,False,True
1,1500,8,3,student_t + gaussian + student_t,-1.8216427783021831,False,False
1,1500,9,3,gaussian + gaussian + student_t,-1.8318875396184449,False,False
1,1500,10,3,gaussian + student_t + gaussian,-1.8400053987056273,False,False
2,500,1,2,gamma + lognormal,-1.2151358713033023,True,True
2,500,2,2,lognormal + lognormal,-1.2174989813199617,False,False
2,500,3,2,inverse_gaussian + lognormal,-1.2246148624279576,False,False
2,500,4,3,inverse_gaussian + gamma + lognormal,-1.22913187032903,False,False
2,500,5,3,inverse_gaussian + lognormal + gamma,-1.2292175882158767,False,False
2,500,6,3,inverse_gaussian + lognormal + lognormal,-1.2313621293692085,False,False
2,500,7,3,lognormal + lognormal + inverse_gaussian,-1.2353379878341102,False,False
2,500,8,3,lognormal + inverse_gaussian + lognormal,-1.2353379878813149,False,False
2,500,9,3,inverse_gaussian + inverse_gaussian + lognormal,-1.2367404621585363,False,False
2,500,10,2,inverse_gaussian + gamma,-1.253041397501815,False,False
2,1000,1,2,lognormal + gamma,-1.2113509425719948,True,True
2,1000,2,2,gamma + lognormal,-1.2113509425719948,True,True
2,1000,3,2,lognormal + lognormal,-1.2115017161586872,False,False
2,1000,4,2,inverse_gaussian + lognormal,-1.21552073146251,False,False
2,1000,5,3,lognormal + lognormal + lognormal,-1.2192192256908838,False,False
2,1000,6,3,gamma + gamma + lognormal,-1.222415572439293,False,False
2,1000,7,3,lognormal + gamma + inverse_gaussian,-1.22327665648856,False,False
2,1000,8,3,gamma + lognormal + inverse_gaussian,-1.22327665648856,False,False
2,1000,9,3,gamma + inverse_gaussian + lognormal,-1.2234150082093196,False,False
2,1000,10,3,inverse_gaussian + gamma + lognormal,-1.2234441597645178,False,False
2,1500,1,2,lognormal + lognormal,-1.0849002329756137,False,False
2,1500,2,2,lognormal + gamma,-1.0850063534441938,True,True
2,1500,3,3,gamma + inverse_gaussian + lognormal,-1.0889024378105414,False,False
2,1500,4,3,inverse_gaussian + lognormal + gamma,-1.091251997729592,False,False
2,1500,5,3,gamma + gamma + lognormal,-1.0913199556154902,False,False
2,1500,6,3,lognormal + gamma + lognormal,-1.0914788765232513,False,False
2,1500,7,3,lognormal + lognormal + gamma,-1.0914788767868042,False,False
2,1500,8,3,gamma + lognormal + lognormal,-1.0914788772607646,False,False
2,1500,9,2,inverse_gaussian + lognormal,-1.0915190696564785,False,False
2,1500,10,2,lognormal + inverse_gaussian,-1.0915190696564785,False,False
3,500,1,2,nb2 + nb2,-2.706044664778604,False,True
3,500,2,2,nb2 + zip,-2.717120413533694,False,False
3,500,3,2,zip + nb2,-2.7171987539721445,False,False
3,500,4,3,zip + poisson + poisson,-2.7173417166686,False,False
3,500,5,2,poisson + zip,-2.7173617543256583,False,False
3,500,6,3,poisson + nb2 + nb2,-2.7175876641883896,False,False
3,500,7,3,nb2 + poisson + nb2,-2.718722899442848,False,False
3,500,8,3,nb2 + poisson + zip,-2.7193144781773584,False,False
3,500,9,2,zip + poisson,-2.719598154236521,False,False
3,500,10,2,zip + zip,-2.7196017343041956,False,False
3,1000,1,2,nb2 + nb2,-2.7210046317614904,False,True
3,1000,2,3,poisson + zip + poisson,-2.7298107328716688,False,False
3,1000,3,3,nb2 + poisson + zip,-2.732134307525681,False,False
3,1000,4,3,nb2 + nb2 + poisson,-2.7321812888054393,False,False
3,1000,5,3,poisson + nb2 + poisson,-2.733441320354982,False,False
3,1000,6,3,nb2 + zip + poisson,-2.7338473827427996,False,False
3,1000,7,3,zip + nb2 + poisson,-2.734170114427296,False,False
3,1000,8,3,zip + poisson + poisson,-2.7341939396960626,False,False
3,1000,9,3,poisson + poisson + nb2,-2.734942518687713,False,False
3,1000,10,3,nb2 + poisson + poisson,-2.735154041285157,False,False
3,1500,1,2,nb2 + nb2,-2.731833467596519,False,True
3,1500,2,3,nb2 + zip + nb2,-2.7351454753439484,False,False
3,1500,3,3,nb2 + nb2 + zip,-2.7365277539674078,False,False
3,1500,4,3,poisson + zip + nb2,-2.7393079742513273,False,False
3,1500,5,3,poisson + poisson + poisson,-2.739584251431513,False,False
3,1500,6,3,zip + nb2 + poisson,-2.740321120943253,False,False
3,1500,7,3,zip + poisson + nb2,-2.740356715668442,False,False
3,1500,8,3,nb2 + poisson + zip,-2.740485360228886,False,False
3,1500,9,3,nb2 + zip + poisson,-2.7474551334166617,False,False
3,1500,10,3,poisson + zip + poisson,-2.749013832669115,False,False
4,500,1,2,poisson + zip,-2.406874264074784,True,True
4,500,2,2,zip + poisson,-2.407288526450653,True,True
4,500,3,3,nb2 + poisson + poisson,-2.407591141473101,False,False
4,500,4,2,zip + zip,-2.4076742874796984,False,True
4,500,5,2,zip + nb2,-2.4078422595757387,False,False
4,500,6,3,zip + poisson + poisson,-2.407982013817199,False,False
4,500,7,3,poisson + poisson + zip,-2.408066978742424,False,False
4,500,8,3,nb2 + poisson + zip,-2.408901332038731,False,False
4,500,9,3,poisson + poisson + nb2,-2.408950299243193,False,False
4,500,10,2,nb2 + zip,-2.4091539912084228,False,False
4,1000,1,2,nb2 + zip,-2.426167333138611,False,False
4,1000,2,2,zip + nb2,-2.4262812651406467,False,False
4,1000,3,3,poisson + zip + poisson,-2.42722289628205,False,False
4,1000,4,3,zip + poisson + poisson,-2.4272272059263993,False,False
4,1000,5,2,zip + zip,-2.42728064745458,False,True
4,1000,6,3,poisson + poisson + zip,-2.42784204074759,False,False
4,1000,7,2,zip + poisson,-2.4289350587958705,True,True
4,1000,8,2,poisson + zip,-2.4291568140262627,True,True
4,1000,9,3,nb2 + zip + poisson,-2.4301723597504017,False,False
4,1000,10,3,nb2 + poisson + poisson,-2.4322916720823677,False,False
4,1500,1,3,nb2 + nb2 + poisson,-2.4566478347209677,False,False
4,1500,2,3,zip + poisson + nb2,-2.4574527713062664,False,False
4,1500,3,2,zip + poisson,-2.457870376163157,True,True
4,1500,4,2,poisson + zip,-2.4581577959026455,True,True
4,1500,5,3,poisson + nb2 + nb2,-2.458281531603254,False,False
4,1500,6,2,zip + zip,-2.458354520608975,False,True
4,1500,7,3,zip + poisson + poisson,-2.458733804743227,False,False
4,1500,8,3,nb2 + poisson + poisson,-2.459175067040683,False,False
4,1500,9,3,zip + nb2 + poisson,-2.4592546338868506,False,False
4,1500,10,2,nb2 + zip,-2.4593229034551998,False,False
1,500,1,2,student_t + skew_normal,-1.8597154294810638,False,False
1,500,2,2,student_t + gaussian,-1.8597155926884765,True,True
1,500,3,2,student_t + student_t,-1.859891978350248,False,True
1,500,4,3,student_t + student_t + gaussian,-1.8616894184592916,False,False
1,500,5,3,student_t + gaussian + gaussian,-1.8620368269326115,False,False
1,500,6,3,student_t + gaussian + student_t,-1.8622453658152383,False,False
1,500,7,2,gaussian + student_t,-1.869437840831896,True,True
1,500,8,2,skew_normal + student_t,-1.869469081474072,False,False
1,500,9,2,gaussian + gaussian,-1.869540341167913,False,False
1,500,10,2,gaussian + skew_normal,-1.86954048158953,False,False
1,1000,1,3,student_t + gaussian + skew_normal,-1.8337664902209354,False,False
1,1000,2,3,student_t + gaussian + gaussian,-1.833766902172794,False,False
1,1000,3,3,student_t + skew_normal + gaussian,-1.8337669392831282,False,False
1,1000,4,2,student_t + student_t,-1.8347082782096626,False,True
1,1000,5,2,student_t + gaussian,-1.834750037088847,True,True
1,1000,6,2,student_t + skew_normal,-1.8347506868964585,False,False
1,1000,7,3,gaussian + skew_normal + gaussian,-1.8364351296794228,False,False
1,1000,8,3,gaussian + gaussian + gaussian,-1.8364371861813087,False,False
1,1000,9,3,skew_normal + skew_normal + gaussian,-1.8364379217235607,False,False
1,1000,10,3,gaussian + skew_normal + skew_normal,-1.8364403844172876,False,False
1,1500,1,3,student_t + skew_normal + student_t,-1.8198582241091963,False,False
1,1500,2,3,student_t + gaussian + student_t,-1.819859145422952,False,False
1,1500,3,3,student_t + student_t + student_t,-1.8199067632045012,False,False
1,1500,4,2,student_t + student_t,-1.8200679825304844,False,True
1,1500,5,2,student_t + gaussian,-1.8200962994648895,True,True
1,1500,6,2,student_t + skew_normal,-1.8200966570686492,False,False
1,1500,7,3,student_t + skew_normal + gaussian,-1.8203219497568461,False,False
1,1500,8,3,student_t + skew_normal + skew_normal,-1.8203221849466074,False,False
1,1500,9,3,student_t + gaussian + skew_normal,-1.8203228775934035,False,False
1,1500,10,3,student_t + gaussian + gaussian,-1.8203231014075627,False,False
2,500,1,2,lognormal + gamma,-1.188858552875818,True,True
2,500,2,2,gamma + lognormal,-1.188858552875818,True,True
2,500,3,2,lognormal + lognormal,-1.1888733549648767,False,False
2,500,4,3,lognormal + lognormal + inverse_gaussian,-1.1910183136621717,False,False
2,500,5,3,inverse_gaussian + lognormal + lognormal,-1.1910183152387546,False,False
2,500,6,3,lognormal + inverse_gaussian + lognormal,-1.1910183152387546,False,False
2,500,7,3,lognormal + gamma + lognormal,-1.192500573261378,False,False
2,500,8,3,lognormal + lognormal + gamma,-1.192500600183858,False,False
2,500,9,3,lognormal + gamma + gamma,-1.195484712426303,False,False
2,500,10,3,inverse_gaussian + lognormal + gamma,-1.1956935464156477,False,False
2,1000,1,2,lognormal + gamma,-1.1062416178184522,True,True
2,1000,2,2,lognormal + lognormal,-1.1066155787324146,False,False
2,1000,3,3,lognormal + lognormal + lognormal,-1.1085860977410487,False,False
2,1000,4,3,lognormal + lognormal + gamma,-1.1123674922493478,False,False
2,1000,5,3,gamma + lognormal + gamma,-1.1150320650056393,False,False
2,1000,6,3,gamma + gamma + lognormal,-1.1150477708404123,False,False
2,1000,7,3,gamma + lognormal + lognormal,-1.1152657713582899,False,False
2,1000,8,3,lognormal + gamma + lognormal,-1.1153142283595099,False,False
2,1000,9,2,inverse_gaussian + lognormal,-1.1159923648533978,False,False
2,1000,10,2,lognormal + inverse_gaussian,-1.1159923648533978,False,False
2,1500,1,3,lognormal + gamma + gamma,-1.1223365810571735,False,False
2,1500,2,3,gamma + gamma + lognormal,-1.1223365841729676,False,False
2,1500,3,3,lognormal + gamma + lognormal,-1.1230935544493854,False,False
2,1500,4,2,lognormal + gamma,-1.1250516142305023,True,True
2,1500,5,3,lognormal + gamma + inverse_gaussian,-1.1259903485260634,False,False
2,1500,6,3,inverse_gaussian + lognormal + gamma,-1.1259903499591575,False,False
2,1500,7,2,lognormal + lognormal,-1.1260615789653383,False,False
2,1500,8,3,inverse_gaussian + lognormal + lognormal,-1.1265522000346253,False,False
2,1500,9,3,gamma + lognormal + inverse_gaussian,-1.1278512332512418,False,False
2,1500,10,3,lognormal + lognormal + inverse_gaussian,-1.1284807374265615,False,False
3,500,1,2,nb2 + nb2,-2.7202872829585196,False,True
3,500,2,3,poisson + zip + nb2,-2.724001169245061,False,False
3,500,3,3,nb2 + poisson + nb2,-2.726843075400133,False,False
3,500,4,3,poisson + poisson + zip,-2.727815829094665,False,False
3,500,5,3,poisson + zip + poisson,-2.7285097491795733,False,False
3,500,6,2,zip + poisson,-2.7294810448255866,False,False
3,500,7,2,zip + nb2,-2.7298179874105926,False,False
3,500,8,2,nb2 + zip,-2.7301626953537843,False,False
3,500,9,2,poisson + zip,-2.7303907807556715,False,False
3,500,10,2,zip + zip,-2.7303999859506156,False,False
3,1000,1,2,nb2 + nb2,-2.691160790793565,False,True
3,1000,2,3,nb2 + nb2 + poisson,-2.6938552396307713,False,False
3,1000,3,3,nb2 + poisson + nb2,-2.695474869869225,False,False
3,1000,4,3,poisson + nb2 + nb2,-2.69693779790937,False,False
3,1000,5,3,poisson + poisson + poisson,-2.697359012021692,False,False
3,1000,6,2,poisson + zip,-2.6997226229463935,False,False
3,1000,7,2,zip + poisson,-2.700417134405955,False,False
3,1000,8,2,zip + zip,-2.7011550972976766,False,False
3,1000,9,3,poisson + zip + zip,-2.701766083196085,False,False
3,1000,10,2,zip + nb2,-2.702036702966855,False,False
3,1500,1,2,nb2 + nb2,-2.72545432134132,False,True
3,1500,2,3,poisson + nb2 + nb2,-2.7282844151775856,False,False
3,1500,3,3,nb2 + poisson + nb2,-2.728716647362684,False,False
3,1500,4,3,nb2 + nb2 + poisson,-2.7311086416306685,False,False
3,1500,5,3,nb2 + nb2 + zip,-2.7354107107315144,False,False
3,1500,6,3,poisson + zip + nb2,-2.736105086568776,False,False
3,1500,7,3,zip + nb2 + poisson,-2.7366293431277517,False,False
3,1500,8,3,nb2 + poisson + zip,-2.7368368507603793,False,False
3,1500,9,3,zip + poisson + poisson,-2.7412659436927242,False,False
3,1500,10,3,poisson + poisson + zip,-2.741474892660217,False,False
4,500,1,2,zip + poisson,-2.431863700477573,True,True
4,500,2,2,poisson + zip,-2.43213108607736,True,True
4,500,3,2,zip + nb2,-2.4321312732419265,False,False
4,500,4,2,zip + zip,-2.432879119047131,False,True
4,500,5,2,nb2 + zip,-2.433765841824002,False,False
4,500,6,3,poisson + zip + nb2,-2.434194379289111,False,False
4,500,7,3,poisson + nb2 + nb2,-2.4342426434276896,False,False
4,500,8,3,poisson + poisson + zip,-2.4349236104699794,False,False
4,500,9,3,zip + nb2 + poisson,-2.436207727001568,False,False
4,500,10,3,poisson + zip + poisson,-2.4364327871986866,False,False
4,1000,1,2,nb2 + zip,-2.4354486846169427,False,False
4,1000,2,2,zip + nb2,-2.435629632755018,False,False
4,1000,3,2,zip + zip,-2.436267893944666,False,True
4,1000,4,2,zip + poisson,-2.4363177391977477,True,True
4,1000,5,3,nb2 + poisson + nb2,-2.437060130790749,False,False
4,1000,6,2,poisson + zip,-2.437154186372151,True,True
4,1000,7,3,poisson + zip + poisson,-2.437203602662687,False,False
4,1000,8,3,poisson + poisson + zip,-2.4374800812315525,False,False
4,1000,9,3,nb2 + poisson + poisson,-2.437710023225731,False,False
4,1000,10,3,poisson + nb2 + poisson,-2.4379504027396632,False,False
4,1500,1,2,zip + nb2,-2.435406567439476,False,False
4,1500,2,3,poisson + nb2 + nb2,-2.4359113334947917,False,False
4,1500,3,3,poisson + zip + poisson,-2.436428986580613,False,False
4,1500,4,3,nb2 + poisson + poisson,-2.436604160776713,False,False
4,1500,5,2,zip + zip,-2.436781262209146,False,True
4,1500,6,2,nb2 + zip,-2.4370212330846317,False,False
4,1500,7,3,zip + nb2 + poisson,-2.4371962941786043,False,False
4,1500,8,2,poisson + zip,-2.4374513295495306,True,True
4,1500,9,2,zip + poisson,-2.4375941687053024,True,True
4,1500,10,3,poisson + poisson + poisson,-2.437703399072179,False,False
1,500,1,2,student_t + gaussian,-1.8783203816540661,True,True
1,500,2,2,student_t + skew_normal,-1.87832405241256,False,False
1,500,3,2,student_t + student_t,-1.8786599610087038,False,True
1,500,4,3,student_t + skew_normal + gaussian,-1.8901738758016478,False,False
1,500,5,3,student_t + gaussian + gaussian,-1.8901744560731235,False,False
1,500,6,3,student_t + gaussian + skew_normal,-1.8901746322762494,False,False
1,500,7,3,student_t + gaussian + student_t,-1.89078291938318,False,False
1,500,8,3,student_t + student_t + gaussian,-1.8934639813890255,False,False
1,500,9,2,gaussian + student_t,-1.8999877195700827,True,True
1,500,10,2,skew_normal + student_t,-1.8999909095367242,False,False
1,1000,1,3,student_t + student_t + skew_normal,-1.8743377677319717,False,False
1,1000,2,3,student_t + student_t + gaussian,-1.8743379100882194,False,False
1,1000,3,3,student_t + gaussian + skew_normal,-1.874429294120449,False,False
1,1000,4,3,student_t + gaussian + gaussian,-1.8744294406198305,False,False
1,1000,5,3,student_t + skew_normal + skew_normal,-1.8744302058064892,False,False
1,1000,6,3,student_t + skew_normal + gaussian,-1.8744303466276344,False,False
1,1000,7,3,student_t + student_t + student_t,-1.8745556018160014,False,False
1,1000,8,3,student_t + skew_normal + student_t,-1.874593553347123,False,False
1,1000,9,3,student_t + gaussian + student_t,-1.8746097688301766,False,False
1,1000,10,2,student_t + student_t,-1.8750522791267126,False,True
1,1500,1,2,student_t + skew_normal,-1.867867798481885,False,False
1,1500,2,2,student_t + gaussian,-1.86786887323093,True,True
1,1500,3,2,student_t + student_t,-1.8686923353320115,False,True
1,1500,4,3,student_t + skew_normal + gaussian,-1.8697598130325948,False,False
1,1500,5,3,student_t + skew_normal + skew_normal,-1.869760045149902,False,False
1,1500,6,3,student_t + gaussian + gaussian,-1.8697612967185404,False,False
1,1500,7,3,student_t + gaussian + skew_normal,-1.8697615220474544,False,False
1,1500,8,3,student_t + skew_normal + student_t,-1.8706248403815176,False,False
1,1500,9,3,student_t + gaussian + student_t,-1.8706252490029611,False,False
1,1500,10,3,student_t + student_t + skew_normal,-1.8720396270926463,False,False
2,500,1,2,gamma + lognormal,-1.1733146789053654,True,True
2,500,2,2,lognormal + lognormal,-1.1733240780623,False,False
2,500,3,2,lognormal + gamma,-1.2076914963873637,True,True
2,500,4,2,gamma + gamma,-1.2080551489202649,False,False
2,500,5,3,lognormal + gamma + lognormal,-1.2102348434532577,False,False
2,500,6,2,inverse_gaussian + lognormal,-1.2213300814215111,False,False
2,500,7,2,lognormal + inverse_gaussian,-1.2213300814215111,False,False
2,500,8,3,gamma + gamma + gamma,-1.2218678565791743,False,False
2,500,9,3,gamma + gamma + lognormal,-1.222695949098541,False,False
2,500,10,2,inverse_gaussian + inverse_gaussian,-1.2242555182779276,False,False
2,1000,1,3,gamma + gamma + lognormal,-1.128136277324529,False,False
2,1000,2,3,lognormal + lognormal + gamma,-1.1281462538858014,False,False
2,1000,3,3,gamma + lognormal + lognormal,-1.1282432457201261,False,False
2,1000,4,2,gamma + lognormal,-1.1288469910113819,True,True
2,1000,5,3,lognormal + gamma + gamma,-1.1297857995493037,False,False
2,1000,6,2,lognormal + lognormal,-1.1303389799337091,False,False
2,1000,7,3,lognormal + lognormal + lognormal,-1.1306101191055173,False,False
2,1000,8,3,lognormal + gamma + inverse_gaussian,-1.1328270960197582,False,False
2,1000,9,3,lognormal + lognormal + inverse_gaussian,-1.1359757932449046,False,False
2,1000,10,3,gamma + inverse_gaussian + lognormal,-1.136200184529513,False,False
2,1500,1,2,lognormal + lognormal,-1.1025074035959193,False,False
2,1500,2,2,gamma + lognormal,-1.1025941088567706,True,True
2,1500,3,3,lognormal + lognormal + lognormal,-1.1041545148869687,False,False
2,1500,4,3,inverse_gaussian + lognormal + lognormal,-1.1059352230628605,False,False
2,1500,5,3,lognormal + inverse_gaussian + lognormal,-1.106526098739002,False,False
2,1500,6,2,inverse_gaussian + lognormal,-1.1067258186328512,False,False
2,1500,7,2,lognormal + inverse_gaussian,-1.1067258186328512,False,False
2,1500,8,3,lognormal + lognormal + inverse_gaussian,-1.1067809622909863,False,False
2,1500,9,3,inverse_gaussian + gamma + lognormal,-1.1068455352476485,False,False
2,1500,10,3,gamma + gamma + inverse_gaussian,-1.1096103599462928,False,False
3,500,1,2,nb2 + nb2,-2.6959579918456185,False,True
3,500,2,2,zip + poisson,-2.7039153667984146,False,False
3,500,3,3,poisson + zip + poisson,-2.713539648409568,False,False
3,500,4,3,zip + poisson + nb2,-2.7141637418840103,False,False
3,500,5,2,zip + zip,-2.7189107809108193,False,False
3,500,6,2,zip + nb2,-2.72006159840615,False,False
3,500,7,2,nb2 + zip,-2.72118379552576,False,False
3,500,8,3,zip + poisson + poisson,-2.722100357026018,False,False
3,500,9,2,poisson + zip,-2.7228794812817454,False,False
3,500,10,3,poisson + poisson + zip,-2.723230062482058,False,False
3,1000,1,2,nb2 + nb2,-2.719035084126132,False,True
3,1000,2,3,nb2 + poisson + nb2,-2.7264091222671896,False,False
3,1000,3,3,nb2 + nb2 + poisson,-2.7267989621591733,False,False
3,1000,4,3,poisson + poisson + poisson,-2.7298039925578403,False,False
3,1000,5,3,poisson + poisson + zip,-2.7322636563996103,False,False
3,1000,6,3,zip + nb2 + poisson,-2.733260801868319,False,False
3,1000,7,3,nb2 + zip + poisson,-2.7337926324035804,False,False
3,1000,8,3,nb2 + poisson + zip,-2.7360756642830983,False,False
3,1000,9,2,zip + poisson,-2.7371085389617957,False,False
3,1000,10,2,zip + zip,-2.7374073538099166,False,False
3,1500,1,2,nb2 + nb2,-2.7179912492098683,False,True
3,1500,2,3,poisson + poisson + zip,-2.7251948461938174,False,False
3,1500,3,3,zip + nb2 + poisson,-2.7252898401430175,False,False
3,1500,4,3,nb2 + poisson + zip,-2.7256098682677266,False,False
3,1500,5,3,zip + poisson + nb2,-2.7273567515908836,False,False
3,1500,6,3,poisson + zip + nb2,-2.727771778867117,False,False
3,1500,7,3,nb2 + poisson + poisson,-2.7284201282101357,False,False
3,1500,8,3,poisson + nb2 + poisson,-2.7296763872466685,False,False
3,1500,9,3,poisson + poisson + nb2,-2.730092182892652,False,False
3,1500,10,2,zip + poisson,-2.730694902248505,False,False
4,500,1,2,zip + poisson,-2.4366264791411676,True,True
4,500,2,2,poisson + zip,-2.437140796566323,True,True
4,500,3,2,zip + zip,-2.4378385609346496,False,True
4,500,4,2,nb2 + zip,-2.43965269398968,False,False
4,500,5,3,zip + poisson + nb2,-2.442541187718329,False,False
4,500,6,3,poisson + poisson + zip,-2.442675572079175,False,False
4,500,7,3,zip + zip + poisson,-2.4497760363698444,False,False
4,500,8,2,nb2 + nb2,-2.4577098131846555,False,False
4,500,9,3,zip + poisson + poisson,-2.46214990164229,False,False
4,500,10,3,poisson + poisson + poisson,-2.468184748750661,False,False
4,1000,1,3,nb2 + poisson + zip,-2.442563295312532,False,False
4,1000,2,2,poisson + zip,-2.444290452183446,True,True
4,1000,3,3,poisson + poisson + nb2,-2.4444268269207203,False,False
4,1000,4,2,zip + poisson,-2.4451997339249356,True,True
4,1000,5,2,zip + nb2,-2.4453279483666157,False,False
4,1000,6,2,nb2 + zip,-2.445519908659027,False,False
4,1000,7,2,zip + zip,-2.4461455366143574,False,True
4,1000,8,3,zip + zip + poisson,-2.4467350390481863,False,False
4,1000,9,3,zip + poisson + poisson,-2.447387519746768,False,False
4,1000,10,3,poisson + zip + zip,-2.4476212689359316,False,False
4,1500,1,3,nb2 + poisson + poisson,-2.4020532811617676,False,False
4,1500,2,2,zip + nb2,-2.402336605720241,False,False
4,1500,3,3,nb2 + poisson + nb2,-2.402616365386795,False,False
4,1500,4,3,poisson + poisson + nb2,-2.4028754204980993,False,False
4,1500,5,3,poisson + poisson + zip,-2.4031526192166304,False,False
4,1500,6,2,nb2 + zip,-2.403160307881524,False,False
4,1500,7,2,poisson + zip,-2.4031910439791884,True,True
4,1500,8,3,nb2 + zip + poisson,-2.4033746198309967,False,False
4,1500,9,2,zip + poisson,-2.4034181338604594,True,True
4,1500,10,3,zip + nb2 + nb2,-2.403428576966822,False,False
1,500,1,2,student_t + gaussian,-1.8465661594835836,True,True
1,500,2,2,student_t + skew_normal,-1.8465756688294634,False,False
1,500,3,2,student_t + student_t,-1.848635605896106,False,True
1,500,4,3,student_t + gaussian + gaussian,-1.8490526465388997,False,False
1,500,5,3,student_t + student_t + gaussian,-1.8518354497566536,False,False
1,500,6,3,gaussian + student_t + gaussian,-1.855029842901354,False,False
1,500,7,2,skew_normal + student_t,-1.865200591909363,False,False
1,500,8,2,gaussian + student_t,-1.8652006805295769,True,True
1,500,9,3,gaussian + gaussian + student_t,-1.8720998526110335,False,False
1,500,10,3,gaussian + skew_normal + student_t,-1.8721018140735732,False,False
1,1000,1,2,student_t + gaussian,-1.8675469543681391,True,True
1,1000,2,2,student_t + skew_normal,-1.8675707734894074,False,False
1,1000,3,2,student_t + student_t,-1.8676327636044603,False,True
1,1000,4,3,student_t + student_t + student_t,-1.8682853473464889,False,False
1,1000,5,3,student_t + skew_normal + student_t,-1.8683559721532266,False,False
1,1000,6,3,student_t + gaussian + student_t,-1.86835684776111,False,False
1,1000,7,3,student_t + student_t + gaussian,-1.8685944851627474,False,False
1,1000,8,3,student_t + student_t + skew_normal,-1.8685948862235002,False,False
1,1000,9,3,student_t + gaussian + skew_normal,-1.868622320661777,False,False
1,1000,10,3,student_t + gaussian + gaussian,-1.8686224020719482,False,False
1,1500,1,3,student_t + student_t + skew_normal,-1.8560319908325038,False,False
1,1500,2,3,student_t + student_t + gaussian,-1.8560324055132278,False,False
1,1500,3,3,student_t + gaussian + skew_normal,-1.856148274280022,False,False
1,1500,4,3,student_t + skew_normal + skew_normal,-1.856148886325281,False,False
1,1500,5,3,student_t + gaussian + gaussian,-1.8561494467730062,False,False
1,1500,6,3,student_t + skew_normal + gaussian,-1.8561500190401221,False,False
1,1500,7,3,student_t + skew_normal + student_t,-1.8569823034545438,False,False
1,1500,8,3,student_t + gaussian + student_t,-1.8569826011080524,False,False
1,1500,9,3,student_t + student_t + student_t,-1.8570823195571133,False,False
1,1500,10,2,student_t + student_t,-1.8581142771664854,False,True
2,500,1,2,gamma + lognormal,-1.2114303010283642,True,True
2,500,2,2,lognormal + lognormal,-1.2126001030061562,False,False
2,500,3,3,lognormal + lognormal + gamma,-1.2173974113002506,False,False
2,500,4,3,lognormal + lognormal + lognormal,-1.2194009224896494,False,False
2,500,5,3,gamma + gamma + lognormal,-1.2221416169847612,False,False
2,500,6,3,lognormal + gamma + inverse_gaussian,-1.222551183935659,False,False
2,500,7,3,gamma + lognormal + lognormal,-1.223237977336405,False,False
2,500,8,3,lognormal + gamma + gamma,-1.2232480233719316,False,False
2,500,9,2,inverse_gaussian + lognormal,-1.2239312538517406,False,False
2,500,10,2,lognormal + inverse_gaussian,-1.2239312538517406,False,False
2,1000,1,2,lognormal + gamma,-1.11624765830536,True,True
2,1000,2,2,gamma + lognormal,-1.11624765830536,True,True
2,1000,3,2,lognormal + lognormal,-1.11720194780758,False,False
2,1000,4,3,lognormal + inverse_gaussian + gamma,-1.1199457856205017,False,False
2,1000,5,3,lognormal + gamma + inverse_gaussian,-1.1199458164417049,False,False
2,1000,6,3,gamma + inverse_gaussian + lognormal,-1.119945828231494,False,False
2,1000,7,3,gamma + lognormal + lognormal,-1.1239221277150617,False,False
2,1000,8,3,gamma + lognormal + inverse_gaussian,-1.123986825531998,False,False
2,1000,9,3,lognormal + gamma + lognormal,-1.1240675757067982,False,False
2,1000,10,3,lognormal + lognormal + gamma,-1.1241448288617146,False,False
2,1500,1,2,gamma + lognormal,-1.2142289953218488,True,True
2,1500,2,2,lognormal + gamma,-1.2142300127007606,True,True
2,1500,3,2,lognormal + lognormal,-1.2145720633212798,False,False
2,1500,4,3,lognormal + inverse_gaussian + gamma,-1.2167593899501041,False,False
2,1500,5,3,inverse_gaussian + lognormal + gamma,-1.2167593899501041,False,False
2,1500,6,3,gamma + lognormal + lognormal,-1.2179693258511803,False,False
2,1500,7,3,lognormal + lognormal + lognormal,-1.2179788165207583,False,False
2,1500,8,3,lognormal + inverse_gaussian + lognormal,-1.2194951320963285,False,False
2,1500,9,3,inverse_gaussian + gamma + lognormal,-1.219632833079186,False,False
2,1500,10,3,inverse_gaussian + gamma + gamma,-1.2197264141958561,False,False
3,500,1,2,nb2 + nb2,-2.7192164338282128,False,True
3,500,2,3,nb2 + poisson + nb2,-2.722144403657748,False,False
3,500,3,3,poisson + nb2 + nb2,-2.7240424638584306,False,False
3,500,4,2,poisson + zip,-2.731072120687953,False,False
3,500,5,3,poisson + zip + poisson,-2.7318302215900223,False,False
3,500,6,3,poisson + nb2 + zip,-2.7349753283699476,False,False
3,500,7,3,zip + poisson + nb2,-2.7470294981407912,False,False
3,500,8,3,poisson + nb2 + poisson,-2.747916718765813,False,False
3,500,9,3,nb2 + poisson + poisson,-2.750142817508578,False,False
3,500,10,3,zip + nb2 + poisson,-2.751310067161676,False,False
3,1000,1,3,nb2 + poisson + nb2,-2.696360251110712,False,False
3,1000,2,2,nb2 + nb2,-2.6977703216702493,False,True
3,1000,3,3,nb2 + nb2 + poisson,-2.7002726044774983,False,False
3,1000,4,3,poisson + nb2 + nb2,-2.7007907050421665,False,False
3,1000,5,3,poisson + nb2 + zip,-2.7051970251625335,False,False
3,1000,6,3,poisson + nb2 + poisson,-2.7062123932050173,False,False
3,1000,7,3,nb2 + zip + poisson,-2.7062500363457174,False,False
3,1000,8,3,poisson + poisson + nb2,-2.708002174366876,False,False
3,1000,9,2,zip + nb2,-2.708255788985789,False,False
3,1000,10,2,zip + zip,-2.7086034145250806,False,False
3,1500,1,2,nb2 + nb2,-2.710628303024514,False,True
3,1500,2,3,poisson + zip + zip,-2.7118432623133293,False,False
3,1500,3,3,nb2 + poisson + nb2,-2.7119157015956845,False,False
3,1500,4,3,poisson + nb2 + zip,-2.7120532965449438,False,False
3,1500,5,3,zip + nb2 + poisson,-2.71214318816204,False,False
3,1500,6,3,poisson + zip + nb2,-2.7122105655618856,False,False
3,1500,7,3,poisson + poisson + zip,-2.712381727891509,False,False
3,1500,8,3,poisson + nb2 + nb2,-2.7125791301009,False,False
3,1500,9,3,nb2 + zip + poisson,-2.7128475742892926,False,False
3,1500,10,3,zip + poisson + nb2,-2.7131853448544336,False,False
4,500,1,2,nb2 + zip,-2.461088668885361,False,False
4,500,2,2,zip + poisson,-2.4612969804350064,True,True
4,500,3,3,poisson + poisson + zip,-2.461424103785652,False,False
4,500,4,2,poisson + zip,-2.461443354690547,True,True
4,500,5,3,nb2 + zip + poisson,-2.4614557787044085,False,False
4,500,6,2,zip + zip,-2.461684733061302,False,True
4,500,7,3,zip + poisson + poisson,-2.46192747768117,False,False
4,500,8,3,poisson + zip + poisson,-2.462176832359362,False,False
4,500,9,2,zip + nb2,-2.4643674236865882,False,False
4,500,10,3,poisson + poisson + poisson,-2.4654293396513394,False,False
4,1000,1,2,zip + poisson,-2.4659172850769826,True,True
4,1000,2,2,poisson + zip,-2.466025626665214,True,True
4,1000,3,2,zip + zip,-2.466249639368995,False,True
4,1000,4,3,poisson + nb2 + poisson,-2.467974000304136,False,False
4,1000,5,2,zip + nb2,-2.4680253266125933,False,False
4,1000,6,2,nb2 + zip,-2.46806516105608,False,False
4,1000,7,3,poisson + poisson + zip,-2.468253603507648,False,False
4,1000,8,3,poisson + zip + poisson,-2.4705978480330333,False,False
4,1000,9,3,zip + poisson + nb2,-2.470715036917947,False,False
4,1000,10,3,nb2 + nb2 + poisson,-2.4708854275788465,False,False
4,1500,1,3,nb2 + zip + poisson,-2.425629761092124,False,False
4,1500,2,3,poisson + poisson + poisson,-2.425934309044217,False,False
4,1500,3,2,nb2 + zip,-2.4260383144344195,False,False
4,1500,4,2,zip + nb2,-2.426139191898311,False,False
4,1500,5,2,poisson + zip,-2.426218653659582,True,True
4,1500,6,2,zip + poisson,-2.4266324665573573,True,True
4,1500,7,2,zip + zip,-2.426966922799641,False,True
4,1500,8,3,poisson + poisson + zip,-2.4282583375453037,False,False
4,1500,9,3,poisson + zip + poisson,-2.428620990711489,False,False
4,1500,10,3,zip + poisson + poisson,-2.4286450800333803,False,False
1,500,1,3,student_t + student_t + gaussian,-1.8568206126832196,False,False
1,500,2,3,student_t + student_t + skew_normal,-1.8568209878816957,False,False
1,500,3,3,student_t + gaussian + skew_normal,-1.8568603329449633,False,False
1,500,4,3,student_t + skew_normal + skew_normal,-1.8568604513304565,False,False
1,500,5,3,student_t + skew_normal + gaussian,-1.8568606907293044,False,False
1,500,6,3,student_t + gaussian + gaussian,-1.8568607249428393,False,False
1,500,7,2,student_t + student_t,-1.8569934578813125,False,True
1,500,8,3,student_t + skew_normal + student_t,-1.8570213235169666,False,False
1,500,9,3,student_t + gaussian + student_t,-1.8570217557714008,False,False
1,500,10,2,student_t + skew_normal,-1.8570359541593129,False,False
1,1000,1,2,student_t + gaussian,-1.824672932519666,True,True
1,1000,2,2,student_t + skew_normal,-1.8246746645279872,False,False
1,1000,3,2,student_t + student_t,-1.8250423870877193,False,True
1,1000,4,3,student_t + gaussian + student_t,-1.8273933072488207,False,False
1,1000,5,3,student_t + gaussian + gaussian,-1.827403785638381,False,False
1,1000,6,3,student_t + skew_normal + gaussian,-1.8274037939158756,False,False
1,1000,7,3,student_t + skew_normal + skew_normal,-1.8274086956039806,False,False
1,1000,8,3,student_t + gaussian + skew_normal,-1.8274087181674181,False,False
1,1000,9,3,student_t + student_t + gaussian,-1.8284246403914508,False,False
1,1000,10,3,student_t + student_t + student_t,-1.8296431609368387,False,False
1,1500,1,2,student_t + gaussian,-1.8793613596467056,True,True
1,1500,2,2,student_t + skew_normal,-1.8793615961373753,False,False
1,1500,3,2,student_t + student_t,-1.8796281077518624,False,True
1,1500,4,3,gaussian + gaussian + gaussian,-1.8805971723877273,False,False
1,1500,5,3,student_t + skew_normal + student_t,-1.8811446460252133,False,False
1,1500,6,3,student_t + gaussian + student_t,-1.8811448832563242,False,False
1,1500,7,3,student_t + skew_normal + skew_normal,-1.881505463658639,False,False
1,1500,8,3,student_t + skew_normal + gaussian,-1.8815062726544383,False,False
1,1500,9,3,student_t + gaussian + skew_normal,-1.8815086067365023,False,False
1,1500,10,3,student_t + gaussian + gaussian,-1.8815093944267998,False,False
2,500,1,2,lognormal + gamma,-1.2068580429594817,True,True
2,500,2,2,gamma + lognormal,-1.2068580429594817,True,True
2,500,3,2,lognormal + lognormal,-1.2090988920410313,False,False
2,500,4,3,gamma + lognormal + lognormal,-1.213186231916899,False,False
2,500,5,3,lognormal + lognormal + gamma,-1.2131862447464434,False,False
2,500,6,3,lognormal + lognormal + lognormal,-1.21458878059991,False,False
2,500,7,2,inverse_gaussian + lognormal,-1.2146850985592803,False,False
2,500,8,3,lognormal + gamma + inverse_gaussian,-1.2175999124456776,False,False
2,500,9,3,gamma + lognormal + gamma,-1.2181698124321712,False,False
2,500,10,3,lognormal + gamma + gamma,-1.2183663165688303,False,False
2,1000,1,2,lognormal + lognormal,-1.17116221976622,False,False
2,1000,2,2,gamma + lognormal,-1.1716542207452072,True,True
2,1000,3,2,inverse_gaussian + lognormal,-1.1757548557718225,False,False
2,1000,4,3,gamma + inverse_gaussian + lognormal,-1.1779418746174255,False,False
2,1000,5,3,lognormal + inverse_gaussian + gamma,-1.1779418816198404,False,False
2,1000,6,3,lognormal + gamma + inverse_gaussian,-1.1779418827056147,False,False
2,1000,7,3,gamma + gamma + lognormal,-1.18218261270867,False,False
2,1000,8,3,lognormal + gamma + gamma,-1.1821826139624652,False,False
2,1000,9,3,gamma + gamma + inverse_gaussian,-1.1821958641895634,False,False
2,1000,10,3,gamma + lognormal + gamma,-1.1822092838945164,False,False
2,1500,1,2,lognormal + gamma,-1.0769499536753455,True,True
2,1500,2,3,lognormal + lognormal + gamma,-1.0772317138743597,False,False
2,1500,3,2,lognormal + lognormal,-1.078290158886579,False,False
2,1500,4,3,lognormal + lognormal + lognormal,-1.0791567367074908,False,False
2,1500,5,3,gamma + lognormal + gamma,-1.0798596061287475,False,False
2,1500,6,3,lognormal + gamma + gamma,-1.0798596119959378,False,False
2,1500,7,3,gamma + lognormal + inverse_gaussian,-1.0798758123543397,False,False
2,1500,8,3,lognormal + inverse_gaussian + gamma,-1.0799522236702823,False,False
2,1500,9,3,inverse_gaussian + lognormal + gamma,-1.0808071422537737,False,False
2,1500,10,3,lognormal + gamma + lognormal,-1.08119573748954,False,False
3,500,1,2,nb2 + nb2,-2.6940029131602095,False,True
3,500,2,3,nb2 + poisson + nb2,-2.7009937539948945,False,False
3,500,3,3,zip + zip + poisson,-2.7017906475625177,False,False
3,500,4,2,zip + nb2,-2.7027665891054466,False,False
3,500,5,2,nb2 + zip,-2.7042046673023514,False,False
3,500,6,2,zip + poisson,-2.704777525562821,False,False
3,500,7,2,poisson + zip,-2.7054496197070703,False,False
3,500,8,2,zip + zip,-2.705965394907336,False,False
3,500,9,3,zip + poisson + nb2,-2.711838209518567,False,False
3,500,10,3,nb2 + poisson + zip,-2.7121306901443076,False,False
3,1000,1,2,nb2 + nb2,-2.7163617678975767,False,True
3,1000,2,3,nb2 + zip + poisson,-2.719945865499903,False,False
3,1000,3,3,poisson + nb2 + zip,-2.7199667350151744,False,False
3,1000,4,2,zip + zip,-2.7200316472644896,False,False
3,1000,5,2,zip + poisson,-2.7202393436792645,False,False
3,1000,6,2,poisson + zip,-2.720400943435816,False,False
3,1000,7,2,zip + nb2,-2.720732608014918,False,False
3,1000,8,3,poisson + zip + nb2,-2.720747980719984,False,False
3,1000,9,2,nb2 + zip,-2.7214861740157468,False,False
3,1000,10,3,zip + poisson + poisson,-2.7216607148357252,False,False
3,1500,1,2,nb2 + nb2,-2.6550318884776782,False,True
3,1500,2,3,poisson + nb2 + nb2,-2.662594936689008,False,False
3,1500,3,3,nb2 + nb2 + poisson,-2.66373690221259,False,False
3,1500,4,3,nb2 + poisson + nb2,-2.6677614257584223,False,False
3,1500,5,3,zip + nb2 + poisson,-2.6754026826348936,False,False
3,1500,6,3,nb2 + poisson + poisson,-2.676159102215951,False,False
3,1500,7,2,zip + zip,-2.677019127875095,False,False
3,1500,8,3,poisson + nb2 + zip,-2.6775150246511834,False,False
3,1500,9,2,zip + poisson,-2.6776085520824573,False,False
3,1500,10,3,zip + poisson + nb2,-2.6795838591908767,False,False
4,500,1,3,zip + poisson + poisson,-2.4302556210426776,False,False
4,500,2,2,nb2 + zip,-2.432900673485827,False,False
4,500,3,2,zip + nb2,-2.4331096149090654,False,False
4,500,4,2,poisson + zip,-2.434542993221019,True,True
4,500,5,2,zip + zip,-2.434552060112079,False,True
4,500,6,2,zip + poisson,-2.4345897871083135,True,True
4,500,7,3,poisson + nb2 + zip,-2.4374196934500567,False,False
4,500,8,3,zip + poisson + nb2,-2.4375067528909375,False,False
4,500,9,2,nb2 + nb2,-2.438004392286057,False,False
4,500,10,3,poisson + nb2 + poisson,-2.4385013430850355,False,False
4,1000,1,2,zip + poisson,-2.4694164290982963,True,True
4,1000,2,2,nb2 + zip,-2.4706181365000126,False,False
4,1000,3,2,poisson + zip,-2.4707078961015374,True,True
4,1000,4,2,zip + nb2,-2.4712659112832096,False,False
4,1000,5,3,nb2 + poisson + poisson,-2.4713201219879877,False,False
4,1000,6,2,zip + zip,-2.4714617627353865,False,True
4,1000,7,3,poisson + zip + poisson,-2.4734843403678006,False,False
4,1000,8,3,poisson + poisson + nb2,-2.473819771033165,False,False
4,1000,9,3,zip + poisson + poisson,-2.4741742185343156,False,False
4,1000,10,3,poisson + poisson + poisson,-2.4766686086246166,False,False
4,1500,1,2,poisson + zip,-2.4646963679058596,True,True
4,1500,2,2,zip + zip,-2.4647853808519566,False,True
4,1500,3,2,zip + poisson,-2.4652019802177016,True,True
4,1500,4,3,poisson + zip + poisson,-2.465982606471001,False,False
4,1500,5,2,nb2 + zip,-2.466227876203662,False,False
4,1500,6,2,zip + nb2,-2.466249569080953,False,False
4,1500,7,3,poisson + nb2 + nb2,-2.467530926383983,False,False
4,1500,8,3,nb2 + poisson + poisson,-2.4683928807228113,False,False
4,1500,9,3,zip + poisson + poisson,-2.468754341454859,False,False
4,1500,10,3,zip + poisson + zip,-2.468760811407766,False,False
1,500,1,2,student_t + gaussian,-1.8302553151513796,True,True
1,500,2,2,student_t + skew_normal,-1.8302599932637038,False,False
1,500,3,2,student_t + student_t,-1.8305452008502308,False,True
1,500,4,3,student_t + skew_normal + gaussian,-1.8351647583975266,False,False
1,500,5,3,student_t + gaussian + gaussian,-1.8351665805422757,False,False
1,500,6,3,student_t + gaussian + skew_normal,-1.8351834402548284,False,False
1,500,7,3,student_t + student_t + gaussian,-1.8356545928028818,False,False
1,500,8,3,gaussian + student_t + gaussian,-1.8585581430625595,False,False
1,500,9,2,gaussian + student_t,-1.8604141405252985,True,True
1,500,10,2,skew_normal + student_t,-1.8604142012905782,False,False
1,1000,1,2,student_t + skew_normal,-1.822364013308124,False,False
1,1000,2,2,student_t + gaussian,-1.822364574792271,True,True
1,1000,3,2,student_t + student_t,-1.8223895331002018,False,True
1,1000,4,3,student_t + student_t + gaussian,-1.8275507024564963,False,False
1,1000,5,3,student_t + gaussian + skew_normal,-1.8276695766796989,False,False
1,1000,6,3,student_t + gaussian + gaussian,-1.827669900639799,False,False
1,1000,7,3,student_t + skew_normal + gaussian,-1.8276710234222628,False,False
1,1000,8,3,skew_normal + gaussian + gaussian,-1.8319562803092329,False,False
1,1000,9,3,gaussian + gaussian + gaussian,-1.8321103977610314,False,False
1,1000,10,3,gaussian + gaussian + skew_normal,-1.8321144904751574,False,False
1,1500,1,2,student_t + student_t,-1.8549747052141674,False,True
1,1500,2,2,student_t + skew_normal,-1.8554648099019204,False,False
1,1500,3,2,student_t + gaussian,-1.855464949002622,True,True
1,1500,4,3,student_t + student_t + skew_normal,-1.8579512295499303,False,False
1,1500,5,3,student_t + student_t + gaussian,-1.8579518204282344,False,False
1,1500,6,3,student_t + gaussian + gaussian,-1.85813661540216,False,False
1,1500,7,3,student_t + gaussian + skew_normal,-1.8581366500079246,False,False
1,1500,8,3,student_t + skew_normal + gaussian,-1.8581385988615926,False,False
1,1500,9,3,student_t + skew_normal + skew_normal,-1.8581386277636416,False,False
1,1500,10,3,student_t + skew_normal + student_t,-1.8586844536892695,False,False
2,500,1,2,gamma + lognormal,-1.055568074250346,True,True
2,500,2,2,lognormal + lognormal,-1.0571497479794643,False,False
2,500,3,2,inverse_gaussian + lognormal,-1.060095978069976,False,False
2,500,4,2,lognormal + inverse_gaussian,-1.060095978069976,False,False
2,500,5,3,lognormal + lognormal + gamma,-1.0705614364324787,False,False
2,500,6,3,gamma + lognormal + inverse_gaussian,-1.0808215180793492,False,False
2,500,7,3,lognormal + gamma + inverse_gaussian,-1.0810865268565808,False,False
2,500,8,3,lognormal + inverse_gaussian + lognormal,-1.0823042090137227,False,False
2,500,9,3,lognormal + lognormal + inverse_gaussian,-1.08332283481504,False,False
2,500,10,3,gamma + gamma + inverse_gaussian,-1.0835540381078312,False,False
2,1000,1,2,lognormal + gamma,-1.2027575109377782,True,True
2,1000,2,2,lognormal + lognormal,-1.2038061270910676,False,False
2,1000,3,2,lognormal + inverse_gaussian,-1.2078991355517137,False,False
2,1000,4,3,lognormal + gamma + lognormal,-1.209089240481177,False,False
2,1000,5,3,lognormal + lognormal + gamma,-1.2091454797405867,False,False
2,1000,6,3,inverse_gaussian + lognormal + gamma,-1.2102578665103247,False,False
2,1000,7,3,inverse_gaussian + gamma + lognormal,-1.2102578867731573,False,False
2,1000,8,3,lognormal + inverse_gaussian + gamma,-1.2105481950033172,False,False
2,1000,9,3,gamma + gamma + inverse_gaussian,-1.2230805270727747,False,False
2,1000,10,3,lognormal + gamma + inverse_gaussian,-1.2239775696760722,False,False
2,1500,1,2,lognormal + lognormal,-1.124597419678793,False,False
2,1500,2,3,gamma + gamma + lognormal,-1.1251073228523747,False,False
2,1500,3,3,lognormal + lognormal + lognormal,-1.125815285065768,False,False
2,1500,4,3,lognormal + lognormal + gamma,-1.1260679191101075,False,False
2,1500,5,3,lognormal + gamma + lognormal,-1.1260679208339228,False,False
2,1500,6,3,gamma + lognormal + lognormal,-1.126067933198383,False,False
2,1500,7,3,gamma + lognormal + inverse_gaussian,-1.1268761148307722,False,False
2,1500,8,3,gamma + inverse_gaussian + lognormal,-1.12690767619933,False,False
2,1500,9,3,lognormal + inverse_gaussian + lognormal,-1.1276007825750674,False,False
2,1500,10,2,inverse_gaussian + lognormal,-1.1343891302207976,False,False
3,500,1,2,nb2 + nb2,-2.699706619218964,False,True
3,500,2,3,nb2 + nb2 + poisson,-2.706812662733055,False,False
3,500,3,3,nb2 + poisson + nb2,-2.715779978227577,False,False
3,500,4,3,poisson + nb2 + nb2,-2.7181352367853013,False,False
3,500,5,3,zip + zip + nb2,-2.725065023548101,False,False
3,500,6,2,nb2 + zip,-2.7285803303095144,False,False
3,500,7,2,zip + zip,-2.729216402072104,False,False
3,500,8,2,poisson + zip,-2.7294572242729105,False,False
3,500,9,3,poisson + zip + poisson,-2.735954572741612,False,False
3,500,10,2,zip + nb2,-2.7385616663627896,False,False
3,1000,1,2,nb2 + nb2,-2.7091170523995207,False,True
3,1000,2,3,nb2 + poisson + zip,-2.711592594438466,False,False
3,1000,3,3,poisson + poisson + poisson,-2.7124238927849476,False,False
3,1000,4,3,poisson + nb2 + zip,-2.7134386572823255,False,False
3,1000,5,3,zip + poisson + poisson,-2.713479861288673,False,False
3,1000,6,3,poisson + poisson + zip,-2.7136219697785857,False,False
3,1000,7,3,zip + poisson + nb2,-2.713642718989312,False,False
3,1000,8,3,poisson + zip + nb2,-2.714148496718118,False,False
3,1000,9,2,zip + poisson,-2.7147004270735664,False,False
3,1000,10,2,zip + zip,-2.7151784215966,False,False
3,1500,1,2,nb2 + nb2,-2.705192171553794,False,True
3,1500,2,3,zip + nb2 + nb2,-2.7053866640514177,False,False
3,1500,3,3,nb2 + nb2 + zip,-2.7070976229218378,False,False
3,1500,4,3,nb2 + zip + nb2,-2.7089205625622945,False,False
3,1500,5,3,nb2 + poisson + nb2,-2.7111597095334767,False,False
3,1500,6,3,zip + poisson + poisson,-2.711343330519971,False,False
3,1500,7,3,nb2 + nb2 + poisson,-2.7126850087262326,False,False
3,1500,8,3,poisson + nb2 + nb2,-2.714699997300576,False,False
3,1500,9,3,nb2 + zip + poisson,-2.7169473498883328,False,False
3,1500,10,3,poisson + poisson + zip,-2.7175207280104132,False,False
4,500,1,3,poisson + nb2 + nb2,-2.446737574528567,False,False
4,500,2,2,zip + zip,-2.447761312169766,False,True
4,500,3,2,poisson + zip,-2.4478908756144317,True,True
4,500,4,2,zip + poisson,-2.4481797803168464,True,True
4,500,5,3,poisson + nb2 + poisson,-2.4497850965184162,False,False
4,500,6,3,nb2 + poisson + nb2,-2.4508990325879356,False,False
4,500,7,2,nb2 + zip,-2.451348275102926,False,False
4,500,8,2,zip + nb2,-2.4513898040362396,False,False
4,500,9,3,zip + poisson + poisson,-2.4514247123602817,False,False
4,500,10,3,zip + nb2 + poisson,-2.4523713151505278,False,False
4,1000,1,2,zip + poisson,-2.4500171900608696,True,True
4,1000,2,2,poisson + zip,-2.450613975574954,True,True
4,1000,3,2,zip + zip,-2.4508468738555407,False,True
4,1000,4,2,nb2 + zip,-2.452132718608751,False,False
4,1000,5,3,poisson + zip + poisson,-2.452504242503775,False,False
4,1000,6,3,zip + nb2 + poisson,-2.4531512334176178,False,False
4,1000,7,2,zip + nb2,-2.4532472390662208,False,False
4,1000,8,3,zip + poisson + poisson,-2.453520015901825,False,False
4,1000,9,3,poisson + poisson + nb2,-2.454895731390542,False,False
4,1000,10,3,poisson + nb2 + poisson,-2.454985498878278,False,False
4,1500,1,3,poisson + poisson + nb2,-2.4327171991687866,False,False
4,1500,2,2,zip + nb2,-2.433597185732561,False,False
4,1500,3,3,poisson + nb2 + nb2,-2.4336047864153847,False,False
4,1500,4,2,poisson + zip,-2.4339022742632146,True,True
4,1500,5,2,nb2 + zip,-2.4344722510258747,False,False
4,1500,6,3,nb2 + poisson + zip,-2.4348652250176386,False,False
4,1500,7,3,poisson + zip + nb2,-2.435171832031343,False,False
4,1500,8,3,poisson + poisson + zip,-2.4353883067474156,False,False
4,1500,9,2,zip + zip,-2.4354542802781487,False,True
4,1500,10,2,zip + poisson,-2.4356774638474663,True,True
