example_id,n,rank,K,families,bic,is_true_structure,is_equiv_structure
1,500,1,2,student_t + gaussian,1902.018793381789,True,True
1,500,2,2,gaussian + gaussian,1907.81764332838,False,False
1,500,3,2,student_t + skew_normal,1908.2334449858604,False,False
1,500,4,2,student_t + student_t,1908.5600920267923,False,True
1,500,5,2,gaussian + student_t,1912.6923232515805,True,True
1,500,6,2,gaussian + skew_normal,1914.0322441335013,False,False
1,500,7,2,skew_normal + gaussian,1914.0322451689499,False,False
1,500,8,2,skew_normal + student_t,1918.9069346177118,False,False
1,500,9,2,skew_normal + skew_normal,1920.2468456982508,False,False
1,500,10,3,student_t + gaussian + gaussian,1937.630171744277,False,False
1,1000,1,2,student_t + gaussian,3814.0892283138614,True,True
1,1000,2,2,student_t + skew_normal,3820.9970355138785,False,False
1,1000,3,2,student_t + student_t,3821.143743624439,False,True
1,1000,4,2,gaussian + student_t,3833.542170577087,True,True
1,1000,5,2,gaussian + gaussian,3836.476653946798,False,False
1,1000,6,2,skew_normal + student_t,3840.450207053831,False,False
1,1000,7,2,gaussian + skew_normal,3843.383494534416,False,False
1,1000,8,2,skew_normal + gaussian,3843.3842810730707,False,False
1,1000,9,2,skew_normal + skew_normal,3850.29111859421,False,False
1,1000,10,3,student_t + gaussian + gaussian,3859.287151068376,False,False
1,1500,1,2,student_t + gaussian,5619.215186274474,True,True
1,1500,2,2,student_t + skew_normal,5626.528602357892,False,False
1,1500,3,2,student_t + student_t,5626.604523250976,False,True
1,1500,4,2,gaussian + gaussian,5647.15421742093,False,False
1,1500,5,2,gaussian + student_t,5651.412583913983,True,True
1,1500,6,2,skew_normal + gaussian,5654.467445497239,False,False
1,1500,7,2,gaussian + skew_normal,5654.467470948792,False,False
1,1500,8,3,student_t + gaussian + gaussian,5654.944924585374,False,False
1,1500,9,2,skew_normal + student_t,5658.72551187448,False,False
1,1500,10,2,skew_normal + skew_normal,5661.78069928168,False,False
2,500,1,2,lognormal + gamma,1239.1432870479973,True,True
2,500,2,2,gamma + lognormal,1239.1432870479973,True,True
2,500,3,2,lognormal + lognormal,1239.9833453815397,False,False
2,500,4,2,inverse_gaussian + lognormal,1241.9060280247134,False,False
2,500,5,2,lognormal + inverse_gaussian,1241.9060280247134,False,False
2,500,6,2,gamma + gamma,1249.4299547663752,False,False
2,500,7,2,gamma + inverse_gaussian,1249.901409162915,False,False
2,500,8,3,inverse_gaussian + inverse_gaussian + inverse_gaussian,1270.826351715892,False,False
2,500,9,3,inverse_gaussian + inverse_gaussian + gamma,1272.1028502275722,False,False
2,500,10,3,inverse_gaussian + gamma + inverse_gaussian,1272.4096887882529,False,False
2,1000,1,2,lognormal + gamma,2416.849523070933,True,True
2,1000,2,2,gamma + lognormal,2416.849523070933,True,True
2,1000,3,2,lognormal + lognormal,2417.0940683208073,False,False
2,1000,4,2,inverse_gaussian + lognormal,2428.7073606258223,False,False
2,1000,5,2,lognormal + inverse_gaussian,2428.7073606258223,False,False
2,1000,6,3,inverse_gaussian + lognormal + lognormal,2439.8300866855384,False,False
2,1000,7,3,gamma + lognormal + inverse_gaussian,2439.92520247533,False,False
2,1000,8,3,inverse_gaussian + lognormal + inverse_gaussian,2451.4733849121603,False,False
2,1000,9,3,lognormal + inverse_gaussian + inverse_gaussian,2451.5193862914375,False,False
2,1000,10,3,inverse_gaussian + inverse_gaussian + lognormal,2451.519387224212,False,False
2,1500,1,2,gamma + lognormal,3436.6247152803917,True,True
2,1500,2,2,lognormal + lognormal,3444.359568362558,False,False
2,1500,3,2,inverse_gaussian + lognormal,3466.018249615442,False,False
2,1500,4,3,lognormal + inverse_gaussian + gamma,3474.8174454850287,False,False
2,1500,5,3,inverse_gaussian + gamma + lognormal,3474.8414140596956,False,False
2,1500,6,3,gamma + lognormal + lognormal,3479.998464765977,False,False
2,1500,7,3,lognormal + gamma + lognormal,3479.998464765977,False,False
2,1500,8,3,inverse_gaussian + lognormal + gamma,3482.5570371633003,False,False
2,1500,9,3,lognormal + lognormal + inverse_gaussian,3482.722041526014,False,False
2,1500,10,3,inverse_gaussian + gamma + gamma,3482.947991812002,False,False
3,500,1,2,poisson + zip,2744.9627717248904,False,False
3,500,2,2,zip + poisson,2744.9940690123117,False,False
3,500,3,2,nb2 + zip,2750.00465668391,False,False
3,500,4,2,zip + zip,2750.9373810077595,False,False
3,500,5,2,zip + nb2,2751.158264982544,False,False
3,500,6,2,nb2 + nb2,2757.6047423908276,False,True
3,500,7,3,poisson + poisson + nb2,2769.433394990128,False,False
3,500,8,3,poisson + poisson + zip,2773.037178335016,False,False
3,500,9,3,poisson + nb2 + poisson,2774.83774096514,False,False
3,500,10,3,nb2 + poisson + poisson,2774.983874727071,False,False
3,1000,1,2,nb2 + nb2,5480.4368214088345,False,True
3,1000,2,3,poisson + nb2 + nb2,5507.04081149564,False,False
3,1000,3,3,zip + poisson + poisson,5511.63533351761,False,False
3,1000,4,3,poisson + zip + poisson,5512.909531053165,False,False
3,1000,5,3,nb2 + nb2 + poisson,5513.744962703301,False,False
3,1000,6,3,nb2 + nb2 + zip,5515.531093224621,False,False
3,1000,7,3,nb2 + poisson + nb2,5517.03638440635,False,False
3,1000,8,3,poisson + poisson + nb2,5517.1004690810805,False,False
3,1000,9,3,poisson + nb2 + poisson,5517.184243562895,False,False
3,1000,10,3,poisson + zip + zip,5519.023753767453,False,False
3,1500,1,2,nb2 + nb2,8300.028161012358,False,True
3,1500,2,2,zip + poisson,8309.577365597306,False,False
3,1500,3,2,poisson + zip,8309.625224559319,False,False
3,1500,4,2,nb2 + zip,8313.717074061513,False,False
3,1500,5,2,zip + nb2,8314.093922214477,False,False
3,1500,6,2,zip + zip,8316.687031743637,False,False
3,1500,7,3,zip + poisson + poisson,8330.05852989324,False,False
3,1500,8,3,poisson + poisson + zip,8332.907979037556,False,False
3,1500,9,3,poisson + zip + nb2,8334.74568941803,False,False
3,1500,10,3,poisson + nb2 + poisson,8334.786843360946,False,False
4,500,1,2,zip + poisson,2460.727258078729,True,True
4,500,2,2,poisson + zip,2460.7416033519776,True,True
4,500,3,2,zip + nb2,2466.0074284615894,False,False
4,500,4,2,zip + zip,2466.9199374570962,False,True
4,500,5,2,nb2 + zip,2466.946814012369,False,False
4,500,6,3,poisson + poisson + nb2,2486.152251188547,False,False
4,500,7,3,poisson + nb2 + poisson,2487.281057020103,False,False
4,500,8,3,poisson + poisson + poisson,2487.737637908646,False,False
4,500,9,3,poisson + poisson + zip,2490.9850058084353,False,False
4,500,10,3,zip + poisson + poisson,2493.079611840038,False,False
4,1000,1,2,poisson + zip,4946.422096716249,True,True
4,1000,2,2,zip + poisson,4946.558956387903,True,True
4,1000,3,2,zip + nb2,4953.415823793074,False,False
4,1000,4,2,zip + zip,4953.42560545997,False,True
4,1000,5,2,nb2 + zip,4954.923568763188,False,False
4,1000,6,3,poisson + poisson + poisson,4969.215879181682,False,False
4,1000,7,2,nb2 + nb2,4969.901249517766,False,False
4,1000,8,3,poisson + poisson + nb2,4972.621213147506,False,False
4,1000,9,3,zip + poisson + nb2,4978.458306998337,False,False
4,1000,10,3,zip + nb2 + poisson,4981.238515409195,False,False
4,1500,1,2,zip + poisson,7407.656215524829,True,True
4,1500,2,2,poisson + zip,7408.115420817837,True,True
4,1500,3,2,nb2 + zip,7413.538558071174,False,False
4,1500,4,2,zip + nb2,7413.76886391717,False,False
4,1500,5,2,zip + zip,7415.217952185325,False,True
4,1500,6,3,poisson + poisson + zip,7439.614477124099,False,False
4,1500,7,3,poisson + zip + poisson,7439.937054369009,False,False
4,1500,8,3,nb2 + poisson + poisson,7443.796485009145,False,False
4,1500,9,3,zip + poisson + poisson,7445.726779151554,False,False
4,1500,10,3,poisson + zip + zip,7447.614198163122,False,False
1,500,1,2,gaussian + gaussian,1916.2138389598983,False,False
1,500,2,2,student_t + gaussian,1919.3521515011732,True,True
1,500,3,2,gaussian + student_t,1922.408783824302,True,True
1,500,4,2,skew_normal + gaussian,1922.4278298038669,False,False
1,500,5,2,gaussian + skew_normal,1922.4285432648542,False,False
1,500,6,2,student_t + student_t,1925.513291546866,False,True
1,500,7,2,student_t + skew_normal,1925.566560278224,False,False
1,500,8,2,skew_normal + student_t,1928.6244611660497,False,False
1,500,9,2,skew_normal + skew_normal,1928.642535946772,False,False
1,500,10,3,gaussian + gaussian + gaussian,1952.739549836143,False,False
1,1000,1,2,student_t + gaussian,3816.6819840407634,True,True
1,1000,2,2,student_t + student_t,3822.696138571016,False,True
1,1000,3,2,student_t + skew_normal,3823.5900473409147,False,False
1,1000,4,2,gaussian + student_t,3834.1877532813987,True,True
1,1000,5,2,skew_normal + student_t,3841.0961435271233,False,False
1,1000,6,3,student_t + gaussian + gaussian,3865.2859564283544,False,False
1,1000,7,3,gaussian + student_t + gaussian,3865.8477432633613,False,False
1,1000,8,3,gaussian + gaussian + gaussian,3867.515335992715,False,False
1,1000,9,3,student_t + student_t + gaussian,3870.5714958663684,False,False
1,1000,10,3,student_t + gaussian + student_t,3871.59115332976,False,False
1,1500,1,2,student_t + gaussian,5691.872580632608,True,True
1,1500,2,2,student_t + student_t,5699.109469333677,False,True
1,1500,3,2,student_t + skew_normal,5699.18583030411,False,False
1,1500,4,2,gaussian + student_t,5723.376415811286,True,True
1,1500,5,2,skew_normal + student_t,5730.689924536948,False,False
1,1500,6,3,student_t + gaussian + gaussian,5739.972508255749,False,False
1,1500,7,3,student_t + student_t + gaussian,5746.463401367655,False,False
1,1500,8,3,student_t + gaussian + student_t,5747.267724412177,False,False
1,1500,9,3,student_t + gaussian + skew_normal,5747.28534117036,False,False
1,1500,10,3,student_t + skew_normal + gaussian,5747.285708287029,False,False
2,500,1,2,lognormal + gamma,1239.396367383167,True,True
2,500,2,2,lognormal + lognormal,1242.4998072862402,False,False
2,500,3,2,inverse_gaussian + lognormal,1250.2675195817762,False,False
2,500,4,2,lognormal + inverse_gaussian,1250.2675195817762,False,False
2,500,5,2,gamma + gamma,1267.5146581349575,False,False
2,500,6,2,gamma + lognormal,1270.0035193998333,True,True
2,500,7,2,gamma + inverse_gaussian,1272.2098980520725,False,False
2,500,8,2,inverse_gaussian + gamma,1272.2100834379291,False,False
2,500,9,3,inverse_gaussian + gamma + gamma,1273.2198909691779,False,False
2,500,10,3,gamma + inverse_gaussian + gamma,1273.2198920827143,False,False
2,1000,1,2,lognormal + gamma,2242.6413161219884,True,True
2,1000,2,2,gamma + lognormal,2242.6413161219884,True,True
2,1000,3,2,lognormal + lognormal,2244.844535290387,False,False
2,1000,4,2,inverse_gaussian + lognormal,2259.8259802591883,False,False
2,1000,5,2,lognormal + inverse_gaussian,2259.8259802591883,False,False
2,1000,6,3,gamma + inverse_gaussian + lognormal,2283.5769666484684,False,False
2,1000,7,3,lognormal + gamma + inverse_gaussian,2283.5769680847216,False,False
2,1000,8,3,inverse_gaussian + lognormal + gamma,2283.576968667115,False,False
2,1000,9,3,lognormal + inverse_gaussian + gamma,2283.6094778216175,False,False
2,1000,10,3,gamma + lognormal + gamma,2284.8459164255682,False,False
2,1500,1,2,gamma + lognormal,3388.974293767282,True,True
2,1500,2,2,lognormal + lognormal,3392.2873562465443,False,False
2,1500,3,2,inverse_gaussian + lognormal,3416.1918329690448,False,False
2,1500,4,2,lognormal + inverse_gaussian,3416.1918329690448,False,False
2,1500,5,3,lognormal + gamma + gamma,3433.7470567326195,False,False
2,1500,6,3,gamma + lognormal + gamma,3433.747058350274,False,False
2,1500,7,3,lognormal + lognormal + gamma,3436.682032551499,False,False
2,1500,8,3,gamma + lognormal + lognormal,3436.6820334105364,False,False
2,1500,9,3,gamma + lognormal + inverse_gaussian,3441.1429910184215,False,False
2,1500,10,3,lognormal + gamma + inverse_gaussian,3441.1429910184215,False,False
3,500,1,2,poisson + zip,2757.5405341271,False,False
3,500,2,2,zip + poisson,2757.74655344203,False,False
3,500,3,2,nb2 + nb2,2763.2653596180817,False,True
3,500,4,2,zip + nb2,2763.7633256562485,False,False
3,500,5,2,zip + zip,2763.808050248983,False,False
3,500,6,2,nb2 + zip,2766.053968333823,False,False
3,500,7,2,poisson + poisson,2771.551700450758,False,False
3,500,8,2,nb2 + poisson,2771.8440328607494,True,True
3,500,9,2,poisson + nb2,2771.890221675262,True,True
3,500,10,3,poisson + nb2 + poisson,2776.222069705455,False,False
3,1000,1,2,nb2 + nb2,5529.631596447949,False,True
3,1000,2,2,poisson + zip,5531.443138159494,False,False
3,1000,3,2,zip + poisson,5531.506352287298,False,False
3,1000,4,2,zip + nb2,5537.187010235673,False,False
3,1000,5,2,nb2 + zip,5538.16122212074,False,False
3,1000,6,2,zip + zip,5538.35093385864,False,False
3,1000,7,3,zip + poisson + zip,5554.504958406742,False,False
3,1000,8,2,poisson + poisson,5558.058774966502,False,False
3,1000,9,3,poisson + nb2 + poisson,5563.669860115104,False,False
3,1000,10,3,nb2 + nb2 + poisson,5563.705957163057,False,False
3,1500,1,2,nb2 + nb2,8193.789119083729,False,True
3,1500,2,2,poisson + zip,8207.224124602371,False,False
3,1500,3,2,zip + poisson,8207.495841333313,False,False
3,1500,4,2,zip + nb2,8213.305474660223,False,False
3,1500,5,2,zip + zip,8214.434680575236,False,False
3,1500,6,2,nb2 + zip,8214.63872637904,False,False
3,1500,7,3,zip + poisson + poisson,8221.097055909358,False,False
3,1500,8,3,nb2 + poisson + nb2,8238.722269506361,False,False
3,1500,9,3,poisson + nb2 + nb2,8238.86239302889,False,False
3,1500,10,3,nb2 + nb2 + poisson,8239.397814370055,False,False
4,500,1,2,poisson + zip,2462.550959558095,True,True
4,500,2,2,zip + poisson,2462.59470030378,True,True
4,500,3,2,nb2 + zip,2468.348036815878,False,False
4,500,4,2,zip + nb2,2468.417326582745,False,False
4,500,5,2,zip + zip,2468.76569141892,False,True
4,500,6,2,nb2 + nb2,2481.7392105178196,False,False
4,500,7,2,poisson + poisson,2483.1524149669804,False,False
4,500,8,2,poisson + nb2,2487.006934370375,False,False
4,500,9,2,nb2 + poisson,2487.0808115720233,False,False
4,500,10,3,poisson + nb2 + nb2,2493.1815992983143,False,False
4,1000,1,2,zip + poisson,4921.707005184935,True,True
4,1000,2,2,poisson + zip,4921.77501778116,True,True
4,1000,3,2,nb2 + zip,4928.548432069489,False,False
4,1000,4,2,zip + zip,4928.563991743215,False,True
4,1000,5,2,zip + nb2,4928.618513771742,False,False
4,1000,6,3,poisson + poisson + nb2,4950.235356016368,False,False
4,1000,7,3,nb2 + poisson + poisson,4955.61190104916,False,False
4,1000,8,3,zip + poisson + poisson,4963.513296496534,False,False
4,1000,9,3,poisson + zip + poisson,4963.908576422702,False,False
4,1000,10,3,poisson + poisson + zip,4964.031346581443,False,False
4,1500,1,2,zip + poisson,7373.684071168717,True,True
4,1500,2,2,poisson + zip,7373.794052713184,True,True
4,1500,3,2,nb2 + zip,7380.7624079001225,False,False
4,1500,4,2,zip + nb2,7380.824613223229,False,False
4,1500,5,2,zip + zip,7380.9989448771685,False,True
4,1500,6,3,poisson + poisson + poisson,7407.853401282374,False,False
4,1500,7,3,poisson + poisson + zip,7415.082249008231,False,False
4,1500,8,3,poisson + zip + poisson,7415.150348978253,False,False
4,1500,9,3,zip + poisson + poisson,7417.149685174046,False,False
4,1500,10,3,poisson + poisson + nb2,7417.294981540893,False,False
1,500,1,2,student_t + gaussian,1913.7580539623798,True,True
1,500,2,2,gaussian + student_t,1916.6398681323578,True,True
1,500,3,2,student_t + skew_normal,1919.9726174534774,False,False
1,500,4,2,student_t + student_t,1921.6956081373382,False,True
1,500,5,2,skew_normal + student_t,1922.8543385206224,False,False
1,500,6,3,student_t + gaussian + gaussian,1944.8471968234865,False,False
1,500,7,3,gaussian + gaussian + student_t,1945.2218519526978,False,False
1,500,8,3,gaussian + student_t + gaussian,1948.4312996567655,False,False
1,500,9,3,student_t + student_t + gaussian,1948.5597048820564,False,False
1,500,10,3,gaussian + student_t + student_t,1950.2570321486844,False,False
1,1000,1,2,student_t + gaussian,3712.8822385238163,True,True
1,1000,2,2,student_t + student_t,3717.9793729733988,False,True
1,1000,3,2,gaussian + gaussian,3718.0362266736024,False,False
1,1000,4,2,student_t + skew_normal,3719.790484250308,False,False
1,1000,5,2,gaussian + student_t,3722.213705188434,True,True
1,1000,6,2,skew_normal + gaussian,3724.9439021642934,False,False
1,1000,7,2,gaussian + skew_normal,3724.9450248662943,False,False
1,1000,8,2,skew_normal + student_t,3729.121450604181,False,False
1,1000,9,2,skew_normal + skew_normal,3731.8527003528134,False,False
1,1000,10,3,student_t + gaussian + gaussian,3756.5108223087973,False,False
1,1500,1,2,student_t + gaussian,5687.1103187212975,True,True
1,1500,2,2,student_t + student_t,5692.749099319854,False,True
1,1500,3,2,student_t + skew_normal,5694.423592602915,False,False
1,1500,4,2,gaussian + student_t,5720.836075465908,True,True
1,1500,5,2,skew_normal + student_t,5728.14846150457,False,False
1,1500,6,3,student_t + gaussian + gaussian,5736.303049545688,False,False
1,1500,7,3,student_t + student_t + gaussian,5738.279409825153,False,False
1,1500,8,3,student_t + gaussian + student_t,5740.068042330204,False,False
1,1500,9,3,student_t + skew_normal + gaussian,5743.575086293653,False,False
1,1500,10,3,student_t + gaussian + skew_normal,5743.616314861845,False,False
2,500,1,3,lognormal + inverse_gaussian + gamma,1175.2706528326148,False,False
2,500,2,3,inverse_gaussian + lognormal + gamma,1175.270755558398,False,False
2,500,3,3,lognormal + lognormal + gamma,1176.274658722591,False,False
2,500,4,2,inverse_gaussian + lognormal,1194.0529603665925,False,False
2,500,5,2,lognormal + inverse_gaussian,1194.0529603665925,False,False
2,500,6,2,lognormal + gamma,1194.5805911978514,True,True
2,500,7,2,gamma + lognormal,1194.5805911978514,True,True
2,500,8,2,lognormal + lognormal,1195.2442686629422,False,False
2,500,9,2,inverse_gaussian + inverse_gaussian,1214.0602890781547,False,False
2,500,10,2,inverse_gaussian + gamma,1214.5197738819872,False,False
2,1000,1,2,lognormal + gamma,2200.092179610431,True,True
2,1000,2,2,gamma + lognormal,2200.092179610431,True,True
2,1000,3,2,lognormal + lognormal,2206.253439282444,False,False
2,1000,4,2,gamma + inverse_gaussian,2237.425567718834,False,False
2,1000,5,2,inverse_gaussian + gamma,2237.4357273693154,False,False
2,1000,6,3,lognormal + gamma + lognormal,2243.5362349810066,False,False
2,1000,7,3,gamma + lognormal + lognormal,2243.5362349810066,False,False
2,1000,8,3,lognormal + lognormal + gamma,2243.536236452637,False,False
2,1000,9,2,inverse_gaussian + lognormal,2244.1085953035054,False,False
2,1000,10,2,lognormal + inverse_gaussian,2244.1085953035054,False,False
2,1500,1,2,gamma + lognormal,3547.0989203415447,True,True
2,1500,2,2,lognormal + gamma,3547.101102805401,True,True
2,1500,3,2,lognormal + lognormal,3548.045476332805,False,False
2,1500,4,2,inverse_gaussian + lognormal,3564.66883615753,False,False
2,1500,5,2,lognormal + inverse_gaussian,3564.66883615753,False,False
2,1500,6,3,gamma + lognormal + lognormal,3591.7672546299646,False,False
2,1500,7,3,lognormal + inverse_gaussian + lognormal,3592.8639718400577,False,False
2,1500,8,3,gamma + gamma + lognormal,3593.9293315300733,False,False
2,1500,9,3,lognormal + lognormal + gamma,3595.087617691279,False,False
2,1500,10,3,lognormal + gamma + lognormal,3595.2597560879076,False,False
3,500,1,2,poisson + zip,2750.0466429669164,False,False
3,500,2,2,zip + poisson,2750.4273912135322,False,False
3,500,3,2,nb2 + nb2,2751.094957259197,False,True
3,500,4,2,nb2 + zip,2755.3147114959347,False,False
3,500,5,2,zip + nb2,2755.316361788711,False,False
3,500,6,2,zip + zip,2756.167822899558,False,False
3,500,7,2,poisson + poisson,2760.8274565785932,False,False
3,500,8,3,poisson + poisson + poisson,2764.690617668687,False,False
3,500,9,2,poisson + nb2,2765.994620496026,True,True
3,500,10,2,nb2 + poisson,2767.0448044111668,True,True
3,1000,1,2,nb2 + nb2,5417.987808378949,False,True
3,1000,2,2,zip + poisson,5428.890473601719,False,False
3,1000,3,2,poisson + zip,5428.890835049254,False,False
3,1000,4,2,zip + nb2,5434.087037345557,False,False
3,1000,5,2,nb2 + zip,5434.547092223459,False,False
3,1000,6,2,zip + zip,5435.706182798268,False,False
3,1000,7,3,zip + poisson + poisson,5444.695788413539,False,False
3,1000,8,3,poisson + poisson + poisson,5444.889789596713,False,False
3,1000,9,3,zip + poisson + nb2,5449.076270950133,False,False
3,1000,10,3,nb2 + poisson + zip,5449.86280105114,False,False
3,1500,1,2,nb2 + nb2,8181.364488463047,False,True
3,1500,2,2,poisson + zip,8187.620256480492,False,False
3,1500,3,2,zip + poisson,8187.779346539647,False,False
3,1500,4,2,nb2 + zip,8190.562598454309,False,False
3,1500,5,2,zip + nb2,8193.979251324696,False,False
3,1500,6,2,zip + zip,8194.825445621105,False,False
3,1500,7,3,zip + poisson + poisson,8212.143519787565,False,False
3,1500,8,3,poisson + poisson + zip,8219.417460096838,False,False
3,1500,9,3,poisson + zip + poisson,8219.932857571697,False,False
3,1500,10,3,poisson + zip + nb2,8220.722037182786,False,False
4,500,1,2,zip + poisson,2474.225856196995,True,True
4,500,2,2,poisson + zip,2474.3092385507366,True,True
4,500,3,2,zip + zip,2480.4446232468326,False,True
4,500,4,2,zip + nb2,2480.453144993601,False,False
4,500,5,2,nb2 + zip,2480.5224264805884,False,False
4,500,6,2,nb2 + nb2,2497.6053482653742,False,False
4,500,7,3,poisson + poisson + nb2,2503.6568567003274,False,False
4,500,8,3,poisson + nb2 + poisson,2504.573889014089,False,False
4,500,9,3,zip + poisson + poisson,2506.624980944321,False,False
4,500,10,3,poisson + poisson + zip,2506.6727957434496,False,False
4,1000,1,2,zip + poisson,4928.73152565435,True,True
4,1000,2,2,poisson + zip,4928.808996304605,True,True
4,1000,3,2,nb2 + zip,4935.185350794164,False,False
4,1000,4,2,zip + zip,4935.701649213903,False,True
4,1000,5,2,zip + nb2,4935.783508299231,False,False
4,1000,6,2,nb2 + nb2,4962.935546867736,False,False
4,1000,7,3,nb2 + poisson + poisson,4962.993229973371,False,False
4,1000,8,3,poisson + poisson + nb2,4964.076458694848,False,False
4,1000,9,3,poisson + nb2 + poisson,4966.217047297018,False,False
4,1000,10,3,zip + poisson + poisson,4967.619420710404,False,False
4,1500,1,2,zip + poisson,7247.864886225902,True,True
4,1500,2,2,poisson + zip,7247.998552001109,True,True
4,1500,3,2,nb2 + zip,7252.67838211954,False,False
4,1500,4,2,zip + nb2,7252.743396282759,False,False
4,1500,5,2,zip + zip,7255.235155811166,False,True
4,1500,6,3,poisson + poisson + poisson,7277.086208657389,False,False
4,1500,7,3,nb2 + poisson + poisson,7278.978722060797,False,False
4,1500,8,3,poisson + nb2 + poisson,7283.872186405987,False,False
4,1500,9,3,poisson + nb2 + nb2,7285.650704416499,False,False
4,1500,10,3,nb2 + poisson + nb2,7287.0436205635815,False,False
1,500,1,2,student_t + gaussian,1958.1864932763576,True,True
1,500,2,2,gaussian + student_t,1963.6961612453836,True,True
1,500,3,2,student_t + student_t,1964.3329474393538,False,True
1,500,4,2,student_t + skew_normal,1964.40081091015,False,False
1,500,5,2,skew_normal + student_t,1969.9114632011542,False,False
1,500,6,2,gaussian + gaussian,1971.9686078533348,False,False
1,500,7,2,skew_normal + gaussian,1978.183205949374,False,False
1,500,8,2,gaussian + skew_normal,1978.1840451862884,False,False
1,500,9,2,skew_normal + skew_normal,1984.3986460894791,False,False
1,500,10,3,gaussian + gaussian + gaussian,1988.8520128295902,False,False
1,1000,1,2,student_t + gaussian,3784.7225705291794,True,True
1,1000,2,2,student_t + student_t,3791.6193668594665,False,True
1,1000,3,2,student_t + skew_normal,3791.6290849020456,False,False
1,1000,4,2,gaussian + student_t,3799.9925471553347,True,True
1,1000,5,2,gaussian + gaussian,3802.6902896113615,False,False
1,1000,6,2,skew_normal + student_t,3806.900158794631,False,False
1,1000,7,2,gaussian + skew_normal,3809.596575841969,False,False
1,1000,8,2,skew_normal + gaussian,3809.5979762183542,False,False
1,1000,9,2,skew_normal + skew_normal,3816.504261060678,False,False
1,1000,10,3,student_t + gaussian + gaussian,3821.1349572771956,False,False
1,1500,1,2,student_t + gaussian,5611.9711578167535,True,True
1,1500,2,2,student_t + skew_normal,5619.284314773333,False,False
1,1500,3,2,student_t + student_t,5619.332106413154,False,True
1,1500,4,2,gaussian + gaussian,5646.236304043041,False,False
1,1500,5,2,gaussian + student_t,5653.516608412045,True,True
1,1500,6,2,skew_normal + gaussian,5653.549209965367,False,False
1,1500,7,2,gaussian + skew_normal,5653.549442915749,False,False
1,1500,8,3,student_t + gaussian + gaussian,5659.108204975539,False,False
1,1500,9,2,skew_normal + student_t,5660.836332287792,False,False
1,1500,10,2,skew_normal + skew_normal,5660.862347602376,False,False
2,500,1,2,lognormal + gamma,1010.3001360020647,True,True
2,500,2,2,lognormal + lognormal,1011.760681771604,False,False
2,500,3,2,inverse_gaussian + lognormal,1015.1131497150182,False,False
2,500,4,2,lognormal + inverse_gaussian,1015.1131497150182,False,False
2,500,5,2,gamma + gamma,1029.456154608172,False,False
2,500,6,2,gamma + lognormal,1030.6346433200904,True,True
2,500,7,2,inverse_gaussian + gamma,1031.415257390871,False,False
2,500,8,2,gamma + inverse_gaussian,1031.415257390871,False,False
2,500,9,2,inverse_gaussian + inverse_gaussian,1039.561410031249,False,False
2,500,10,3,lognormal + lognormal + lognormal,1041.254223295218,False,False
2,1000,1,2,lognormal + lognormal,2563.2871741339322,False,False
2,1000,2,2,lognormal + gamma,2564.2433378587966,True,True
2,1000,3,2,gamma + lognormal,2564.2433378587966,True,True
2,1000,4,2,inverse_gaussian + lognormal,2565.582233207079,False,False
2,1000,5,2,lognormal + inverse_gaussian,2565.582233207079,False,False
2,1000,6,2,inverse_gaussian + gamma,2591.5203284732497,False,False
2,1000,7,2,gamma + gamma,2594.867032547596,False,False
2,1000,8,3,inverse_gaussian + lognormal + lognormal,2604.256228743797,False,False
2,1000,9,3,inverse_gaussian + inverse_gaussian + lognormal,2606.08162947887,False,False
2,1000,10,3,lognormal + gamma + lognormal,2607.30040394833,False,False
2,1500,1,2,gamma + lognormal,3258.459716530853,True,True
2,1500,2,2,lognormal + gamma,3258.4602188691965,True,True
2,1500,3,2,lognormal + lognormal,3261.9530748400794,False,False
2,1500,4,2,inverse_gaussian + lognormal,3295.7829612649602,False,False
2,1500,5,2,lognormal + inverse_gaussian,3295.7829612649602,False,False
2,1500,6,3,gamma + lognormal + lognormal,3299.032892751435,False,False
2,1500,7,3,lognormal + gamma + gamma,3299.4941962830503,False,False
2,1500,8,3,gamma + lognormal + gamma,3299.5532253806537,False,False
2,1500,9,3,inverse_gaussian + gamma + lognormal,3300.0667863500403,False,False
2,1500,10,3,lognormal + inverse_gaussian + gamma,3300.5034074499063,False,False
3,500,1,2,zip + poisson,2780.3369544545485,False,False
3,500,2,2,poisson + zip,2780.3824882989165,False,False
3,500,3,2,nb2 + nb2,2783.8407450771874,False,True
3,500,4,2,nb2 + zip,2786.007494804903,False,False
3,500,5,2,zip + nb2,2786.5253599231173,False,False
3,500,6,2,zip + zip,2786.5397079102095,False,False
3,500,7,2,poisson + poisson,2801.8092381074325,False,False
3,500,8,3,poisson + poisson + nb2,2802.125119344922,False,False
3,500,9,3,poisson + poisson + poisson,2802.405002117859,False,False
3,500,10,3,poisson + nb2 + poisson,2802.539085909929,False,False
3,1000,1,2,nb2 + nb2,5458.9240774140935,False,True
3,1000,2,3,zip + poisson + poisson,5479.571810667212,False,False
3,1000,3,3,poisson + poisson + zip,5479.961543018222,False,False
3,1000,4,3,nb2 + poisson + nb2,5484.495301339904,False,False
3,1000,5,3,nb2 + nb2 + poisson,5485.457738627535,False,False
3,1000,6,3,poisson + zip + nb2,5486.453068946665,False,False
3,1000,7,3,nb2 + zip + nb2,5489.458471176886,False,False
3,1000,8,3,poisson + nb2 + nb2,5490.167041092142,False,False
3,1000,9,3,poisson + nb2 + zip,5492.308513858132,False,False
3,1000,10,3,zip + zip + nb2,5493.48621766155,False,False
3,1500,1,2,nb2 + nb2,8181.680918289658,False,True
3,1500,2,2,zip + poisson,8204.647937786089,False,False
3,1500,3,2,poisson + zip,8204.668040129965,False,False
3,1500,4,2,zip + nb2,8210.843998820468,False,False
3,1500,5,2,zip + zip,8211.851963736097,False,False
3,1500,6,3,poisson + poisson + zip,8217.963987511945,False,False
3,1500,7,3,poisson + poisson + poisson,8218.512359845761,False,False
3,1500,8,2,nb2 + zip,8223.537492633028,False,False
3,1500,9,3,zip + poisson + poisson,8224.134163495435,False,False
3,1500,10,3,poisson + nb2 + nb2,8225.917925140227,False,False
4,500,1,2,poisson + zip,2534.2104374585215,True,True
4,500,2,2,zip + poisson,2534.463341893448,True,True
4,500,3,2,zip + nb2,2539.3677810612835,False,False
4,500,4,2,zip + zip,2540.5163868187046,False,True
4,500,5,2,nb2 + zip,2548.1781118103727,False,False
4,500,6,2,nb2 + nb2,2561.156970933919,False,False
4,500,7,3,poisson + poisson + nb2,2563.729476293547,False,False
4,500,8,2,poisson + poisson,2565.3542567535765,False,False
4,500,9,3,nb2 + poisson + poisson,2567.186167022642,False,False
4,500,10,3,poisson + poisson + poisson,2567.2211290188807,False,False
4,1000,1,2,zip + poisson,4981.770523928498,True,True
4,1000,2,2,poisson + zip,4982.1200005891305,True,True
4,1000,3,2,zip + nb2,4985.341425882334,False,False
4,1000,4,2,nb2 + zip,4985.42714460479,False,False
4,1000,5,2,zip + zip,4988.905646918293,False,True
4,1000,6,3,poisson + poisson + zip,5008.797860554949,False,False
4,1000,7,3,zip + poisson + poisson,5008.799032363095,False,False
4,1000,8,3,poisson + zip + poisson,5011.3725415755125,False,False
4,1000,9,3,nb2 + poisson + poisson,5013.15007278303,False,False
4,1000,10,3,poisson + poisson + nb2,5014.3657753529515,False,False
4,1500,1,2,poisson + zip,7472.145011039031,True,True
4,1500,2,2,zip + poisson,7472.156236033744,True,True
4,1500,3,2,zip + nb2,7479.4378890392545,False,False
4,1500,4,2,nb2 + zip,7479.454445817026,False,False
4,1500,5,2,zip + zip,7479.641319269812,False,True
4,1500,6,3,poisson + poisson + nb2,7505.216047522478,False,False
4,1500,7,3,poisson + nb2 + poisson,7505.404697371358,False,False
4,1500,8,3,zip + poisson + poisson,7506.077666352924,False,False
4,1500,9,3,nb2 + poisson + poisson,7508.2030320127315,False,False
4,1500,10,2,nb2 + nb2,7509.270218488915,False,False
1,500,1,2,student_t + gaussian,1925.23630982486,True,True
1,500,2,2,gaussian + gaussian,1927.4752922621594,False,False
1,500,3,2,student_t + skew_normal,1931.4509830116835,False,False
1,500,4,2,student_t + student_t,1931.4868433539673,False,True
1,500,5,2,skew_normal + gaussian,1933.6898118317524,False,False
1,500,6,2,gaussian + skew_normal,1933.690052553992,False,False
1,500,7,2,gaussian + student_t,1936.2717633342718,True,True
1,500,8,2,skew_normal + skew_normal,1939.9045719985563,False,False
1,500,9,2,skew_normal + student_t,1942.4865754161601,False,False
1,500,10,3,gaussian + gaussian + gaussian,1964.651163747944,False,False
1,1000,1,2,student_t + gaussian,3704.5966703291965,True,True
1,1000,2,2,gaussian + gaussian,3709.021209320943,False,False
1,1000,3,2,student_t + student_t,3711.4914329093785,False,True
1,1000,4,2,student_t + skew_normal,3711.5071548426586,False,False
1,1000,5,2,gaussian + student_t,3715.8958516267708,True,True
1,1000,6,2,skew_normal + gaussian,3715.9282265361494,False,False
1,1000,7,2,gaussian + skew_normal,3715.9290790244618,False,False
1,1000,8,2,skew_normal + skew_normal,3722.8361626133224,False,False
1,1000,9,2,skew_normal + student_t,3722.840445833747,False,False
1,1000,10,3,student_t + gaussian + gaussian,3744.5423353975666,False,False
1,1500,1,2,student_t + gaussian,5653.5697768493355,True,True
1,1500,2,2,student_t + student_t,5659.467402647437,False,True
1,1500,3,2,student_t + skew_normal,5660.88338329538,False,False
1,1500,4,2,gaussian + student_t,5680.484675039396,True,True
1,1500,5,2,skew_normal + student_t,5687.797987385113,False,False
1,1500,6,3,student_t + gaussian + gaussian,5700.964036044385,False,False
1,1500,7,3,student_t + student_t + gaussian,5704.766799469129,False,False
1,1500,8,3,student_t + gaussian + student_t,5707.881206237461,False,False
1,1500,9,3,student_t + skew_normal + gaussian,5708.277206238521,False,False
1,1500,10,3,student_t + gaussian + skew_normal,5708.277645235541,False,False
2,500,1,2,lognormal + gamma,1066.2811380857465,True,True
2,500,2,2,gamma + lognormal,1066.2811380857465,True,True
2,500,3,2,lognormal + lognormal,1068.3125518954064,False,False
2,500,4,2,inverse_gaussian + lognormal,1071.6802350565806,False,False
2,500,5,2,lognormal + inverse_gaussian,1071.6802350565806,False,False
2,500,6,2,gamma + inverse_gaussian,1075.0377815213178,False,False
2,500,7,2,inverse_gaussian + inverse_gaussian,1080.2674834182205,False,False
2,500,8,2,gamma + gamma,1092.1047640372449,False,False
2,500,9,2,inverse_gaussian + gamma,1095.2410728116586,False,False
2,500,10,3,lognormal + gamma + lognormal,1104.6044966136349,False,False
2,1000,1,2,lognormal + gamma,2184.1783104999713,True,True
2,1000,2,2,gamma + lognormal,2184.1783104999713,True,True
2,1000,3,2,lognormal + lognormal,2185.925166342841,False,False
2,1000,4,2,inverse_gaussian + lognormal,2191.9270330325794,False,False
2,1000,5,2,lognormal + inverse_gaussian,2191.9270330325794,False,False
2,1000,6,2,gamma + gamma,2216.5969113305846,False,False
2,1000,7,2,inverse_gaussian + gamma,2218.952996531165,False,False
2,1000,8,2,gamma + inverse_gaussian,2218.952996531165,False,False
2,1000,9,3,lognormal + gamma + lognormal,2223.4024971669714,False,False
2,1000,10,3,lognormal + lognormal + gamma,2223.4024978578946,False,False
2,1500,1,2,lognormal + gamma,3537.5771999112176,True,True
2,1500,2,2,gamma + lognormal,3537.5771999112176,True,True
2,1500,3,2,lognormal + lognormal,3542.0233266122063,False,False
2,1500,4,2,inverse_gaussian + lognormal,3575.616199764056,False,False
2,1500,5,2,lognormal + inverse_gaussian,3575.616199764056,False,False
2,1500,6,2,inverse_gaussian + gamma,3584.8254403876904,False,False
2,1500,7,2,gamma + inverse_gaussian,3584.8254403876904,False,False
2,1500,8,3,lognormal + gamma + lognormal,3587.1762627829326,False,False
2,1500,9,3,gamma + lognormal + lognormal,3587.1762627829326,False,False
2,1500,10,3,gamma + lognormal + inverse_gaussian,3591.8206849750636,False,False
3,500,1,2,zip + poisson,2733.5191052097207,False,False
3,500,2,2,poisson + zip,2733.7464967955884,False,False
3,500,3,2,nb2 + nb2,2737.442545941555,False,True
3,500,4,2,zip + nb2,2738.561532645417,False,False
3,500,5,2,nb2 + zip,2738.5642571667067,False,False
3,500,6,2,zip + zip,2739.767917091097,False,False
3,500,7,2,poisson + poisson,2757.7546378222137,False,False
3,500,8,3,poisson + zip + poisson,2758.1865756917973,False,False
3,500,9,3,poisson + poisson + nb2,2759.339889339301,False,False
3,500,10,2,poisson + nb2,2759.675952122624,True,True
3,1000,1,2,nb2 + nb2,5510.861451477925,False,True
3,1000,2,2,zip + nb2,5514.961325204536,False,False
3,1000,3,2,nb2 + zip,5515.015091999804,False,False
3,1000,4,2,zip + poisson,5517.219503587318,False,False
3,1000,5,2,poisson + zip,5517.224673812737,False,False
3,1000,6,2,zip + zip,5524.1322168367915,False,False
3,1000,7,3,poisson + zip + poisson,5532.462325453925,False,False
3,1000,8,3,zip + poisson + poisson,5532.858373519515,False,False
3,1000,9,3,zip + poisson + zip,5538.777402314614,False,False
3,1000,10,3,zip + zip + poisson,5539.052737990809,False,False
3,1500,1,2,nb2 + nb2,8103.544498022352,False,True
3,1500,2,2,poisson + zip,8111.333801080916,False,False
3,1500,3,2,zip + poisson,8111.8687515666725,False,False
3,1500,4,2,nb2 + zip,8116.3296452814775,False,False
3,1500,5,2,zip + nb2,8116.588927885714,False,False
3,1500,6,2,zip + zip,8118.708880409567,False,False
3,1500,7,3,nb2 + poisson + poisson,8123.528125013003,False,False
3,1500,8,3,poisson + nb2 + poisson,8125.452154951513,False,False
3,1500,9,3,nb2 + nb2 + poisson,8128.789902586693,False,False
3,1500,10,3,nb2 + zip + poisson,8131.414336663419,False,False
4,500,1,2,poisson + zip,2463.1114445977664,True,True
4,500,2,2,zip + poisson,2463.179264572507,True,True
4,500,3,2,zip + zip,2469.3465918109277,False,True
4,500,4,2,nb2 + zip,2469.36722915263,False,False
4,500,5,2,zip + nb2,2469.3744762145216,False,False
4,500,6,3,poisson + poisson + poisson,2491.0027917558327,False,False
4,500,7,2,nb2 + nb2,2491.305733849317,False,False
4,500,8,3,poisson + nb2 + poisson,2493.81676167911,False,False
4,500,9,3,poisson + poisson + nb2,2495.6516902468197,False,False
4,500,10,3,zip + poisson + poisson,2499.209072164217,False,False
4,1000,1,2,zip + poisson,5003.192222159801,True,True
4,1000,2,2,nb2 + zip,5003.9185527343325,False,False
4,1000,3,2,zip + nb2,5003.961876377124,False,False
4,1000,4,2,zip + zip,5010.101204085187,False,True
4,1000,5,2,poisson + zip,5020.089933675404,True,True
4,1000,6,2,nb2 + nb2,5025.151582981823,False,False
4,1000,7,3,poisson + poisson + zip,5026.012055557649,False,False
4,1000,8,3,nb2 + poisson + zip,5033.44165564405,False,False
4,1000,9,3,poisson + nb2 + zip,5033.6895985099545,False,False
4,1000,10,3,poisson + poisson + poisson,5033.789058987011,False,False
4,1500,1,2,zip + poisson,7449.74712532034,True,True
4,1500,2,2,poisson + zip,7449.78260492854,True,True
4,1500,3,2,nb2 + zip,7456.65969061425,False,False
4,1500,4,2,zip + nb2,7456.672204095479,False,False
4,1500,5,2,zip + zip,7457.08101148646,False,True
4,1500,6,3,poisson + poisson + nb2,7481.393331661834,False,False
4,1500,7,3,nb2 + poisson + zip,7482.579183062989,False,False
4,1500,8,3,zip + poisson + nb2,7483.032345611251,False,False
4,1500,9,3,nb2 + zip + poisson,7484.471730779499,False,False
4,1500,10,3,poisson + nb2 + zip,7484.55387369333,False,False
1,500,1,2,student_t + gaussian,1894.4689580731454,True,True
1,500,2,2,student_t + skew_normal,1900.6835866606295,False,False
1,500,3,2,student_t + student_t,1900.7589736683965,False,True
1,500,4,2,gaussian + student_t,1903.037725906486,True,True
1,500,5,2,skew_normal + student_t,1909.2526639198848,False,False
1,500,6,3,gaussian + gaussian + gaussian,1929.7407780292654,False,False
1,500,7,2,gaussian + gaussian,1931.3923555326317,False,False
1,500,8,3,gaussian + skew_normal + gaussian,1935.9531176367143,False,False
1,500,9,3,gaussian + gaussian + skew_normal,1935.9533960839276,False,False
1,500,10,3,skew_normal + gaussian + gaussian,1935.9546932035723,False,False
1,1000,1,2,student_t + gaussian,3815.9443765452825,True,True
1,1000,2,2,student_t + student_t,3821.3438820990827,False,True
1,1000,3,2,student_t + skew_normal,3822.852738831724,False,False
1,1000,4,2,gaussian + student_t,3834.0212568836714,True,True
1,1000,5,2,skew_normal + student_t,3840.9290729195322,False,False
1,1000,6,2,gaussian + gaussian,3853.628417757147,False,False
1,1000,7,2,gaussian + skew_normal,3860.5359145122643,False,False
1,1000,8,2,skew_normal + gaussian,3860.5361521773107,False,False
1,1000,9,3,student_t + gaussian + gaussian,3862.555659730281,False,False
1,1000,10,2,skew_normal + skew_normal,3867.443648239354,False,False
1,1500,1,2,student_t + gaussian,5672.204652379036,True,True
1,1500,2,2,student_t + skew_normal,5679.517957459755,False,False
1,1500,3,2,student_t + student_t,5679.542333950349,False,True
1,1500,4,2,gaussian + student_t,5705.0641164934,True,True
1,1500,5,2,skew_normal + student_t,5712.377327035391,False,False
1,1500,6,3,student_t + gaussian + gaussian,5715.086623492567,False,False
1,1500,7,3,student_t + gaussian + student_t,5721.9429557886315,False,False
1,1500,8,3,student_t + gaussian + skew_normal,5722.3978317328365,False,False
1,1500,9,3,student_t + skew_normal + gaussian,5722.399800414187,False,False
1,1500,10,3,student_t + student_t + gaussian,5722.531762765069,False,False
2,500,1,2,lognormal + gamma,1167.8052886179232,True,True
2,500,2,2,lognormal + lognormal,1171.1816135965767,False,False
2,500,3,2,inverse_gaussian + lognormal,1177.1607357480261,False,False
2,500,4,2,lognormal + inverse_gaussian,1177.1607357480261,False,False
2,500,5,2,inverse_gaussian + gamma,1184.0659630132116,False,False
2,500,6,2,gamma + inverse_gaussian,1184.0659630132116,False,False
2,500,7,2,inverse_gaussian + inverse_gaussian,1188.649895096554,False,False
2,500,8,3,inverse_gaussian + inverse_gaussian + gamma,1194.4717575080235,False,False
2,500,9,3,lognormal + gamma + inverse_gaussian,1196.5955734870404,False,False
2,500,10,3,inverse_gaussian + inverse_gaussian + lognormal,1198.09431393283,False,False
2,1000,1,2,lognormal + lognormal,2462.716158157812,False,False
2,1000,2,2,lognormal + gamma,2463.2723740616893,True,True
2,1000,3,2,gamma + lognormal,2463.2723740616893,True,True
2,1000,4,2,lognormal + inverse_gaussian,2478.2114555128337,False,False
2,1000,5,2,gamma + inverse_gaussian,2504.747644046045,False,False
2,1000,6,2,inverse_gaussian + lognormal,2505.196327276357,False,False
2,1000,7,3,gamma + lognormal + gamma,2506.7164817700473,False,False
2,1000,8,3,gamma + gamma + lognormal,2506.8232079719864,False,False
2,1000,9,3,lognormal + gamma + gamma,2506.8672540807274,False,False
2,1000,10,3,gamma + lognormal + inverse_gaussian,2507.7309563998947,False,False
2,1500,1,2,lognormal + lognormal,3557.699666165145,False,False
2,1500,2,2,lognormal + gamma,3566.3069005647208,True,True
2,1500,3,2,gamma + lognormal,3566.3069005647208,True,True
2,1500,4,2,inverse_gaussian + lognormal,3573.4394799589636,False,False
2,1500,5,2,lognormal + inverse_gaussian,3573.4394799589636,False,False
2,1500,6,3,lognormal + lognormal + lognormal,3598.1405894054838,False,False
2,1500,7,3,inverse_gaussian + lognormal + lognormal,3599.736188956181,False,False
2,1500,8,3,lognormal + inverse_gaussian + lognormal,3599.736188956181,False,False
2,1500,9,3,lognormal + lognormal + inverse_gaussian,3599.736189071661,False,False
2,1500,10,3,lognormal + gamma + lognormal,3603.4051413540237,False,False
3,500,1,2,zip + poisson,2804.3121471311015,False,False
3,500,2,2,poisson + zip,2804.329841165025,False,False
3,500,3,2,nb2 + zip,2809.0819273573925,False,False
3,500,4,2,zip + nb2,2810.0136643478654,False,False
3,500,5,2,zip + zip,2810.443482157598,False,False
3,500,6,2,nb2 + nb2,2810.693245991677,False,True
3,500,7,2,poisson + poisson,2817.7208897162836,False,False
3,500,8,2,poisson + nb2,2823.1610152484063,True,True
3,500,9,2,nb2 + poisson,2823.9299826312895,True,True
3,500,10,3,poisson + poisson + poisson,2824.971361666702,False,False
3,1000,1,2,nb2 + nb2,5527.741201879996,False,True
3,1000,2,3,poisson + nb2 + nb2,5560.058918341226,False,False
3,1000,3,3,nb2 + nb2 + poisson,5566.814627830536,False,False
3,1000,4,3,nb2 + poisson + nb2,5566.858683537099,False,False
3,1000,5,3,nb2 + nb2 + nb2,5567.27729487975,False,False
3,1000,6,2,zip + poisson,5570.772550763321,False,False
3,1000,7,3,zip + zip + poisson,5570.943610518103,False,False
3,1000,8,3,zip + nb2 + nb2,5571.0649606661555,False,False
3,1000,9,3,nb2 + zip + nb2,5572.003779933724,False,False
3,1000,10,3,nb2 + nb2 + zip,5572.926922186587,False,False
3,1500,1,2,nb2 + nb2,8156.175321162325,False,True
3,1500,2,3,poisson + poisson + zip,8180.970863164627,False,False
3,1500,3,3,zip + poisson + poisson,8181.45122471547,False,False
3,1500,4,3,zip + poisson + nb2,8184.246225572905,False,False
3,1500,5,3,poisson + poisson + poisson,8185.581841617645,False,False
3,1500,6,3,zip + poisson + zip,8187.527448210588,False,False
3,1500,7,3,nb2 + poisson + nb2,8187.571866159159,False,False
3,1500,8,3,poisson + zip + zip,8188.486451628719,False,False
3,1500,9,3,nb2 + nb2 + poisson,8188.494447205173,False,False
3,1500,10,3,zip + zip + poisson,8189.200947071071,False,False
4,500,1,2,zip + poisson,2455.9431012460473,True,True
4,500,2,2,poisson + zip,2456.0007374423503,True,True
4,500,3,2,nb2 + zip,2461.0682760900054,False,False
4,500,4,2,zip + nb2,2461.2751844296063,False,False
4,500,5,2,zip + zip,2462.1985175308755,False,True
4,500,6,3,poisson + poisson + nb2,2483.039354587684,False,False
4,500,7,3,zip + poisson + poisson,2485.9274501449586,False,False
4,500,8,2,nb2 + nb2,2489.718869085378,False,False
4,500,9,3,poisson + poisson + zip,2490.661292904321,False,False
4,500,10,3,poisson + zip + poisson,2492.189038252894,False,False
4,1000,1,2,zip + poisson,4867.32807777398,True,True
4,1000,2,2,poisson + zip,4867.373995784915,True,True
4,1000,3,2,zip + nb2,4872.201343838238,False,False
4,1000,4,2,nb2 + zip,4874.136104647006,False,False
4,1000,5,2,zip + zip,4874.212585156799,False,True
4,1000,6,3,poisson + poisson + poisson,4890.078608441543,False,False
4,1000,7,3,poisson + nb2 + poisson,4896.791180522309,False,False
4,1000,8,3,poisson + poisson + nb2,4899.226919643051,False,False
4,1000,9,3,nb2 + poisson + poisson,4900.035799654825,False,False
4,1000,10,2,nb2 + nb2,4900.042901470111,False,False
4,1500,1,2,zip + poisson,7459.437551339185,True,True
4,1500,2,2,poisson + zip,7459.638510919574,True,True
4,1500,3,2,nb2 + zip,7466.691141909514,False,False
4,1500,4,2,zip + nb2,7466.703714787269,False,False
4,1500,5,2,zip + zip,7467.126808675524,False,True
4,1500,6,3,poisson + poisson + nb2,7488.013698922412,False,False
4,1500,7,3,poisson + nb2 + poisson,7488.845979691677,False,False
4,1500,8,3,nb2 + nb2 + poisson,7491.23007370912,False,False
4,1500,9,3,poisson + nb2 + nb2,7491.392051424636,False,False
4,1500,10,3,nb2 + poisson + nb2,7492.182366002712,False,False
1,500,1,2,gaussian + gaussian,1849.729532799759,False,False
1,500,2,2,student_t + gaussian,1854.1786060029551,True,True
1,500,3,2,gaussian + student_t,1855.8923932503608,True,True
1,500,4,2,skew_normal + gaussian,1855.9440713055317,False,False
1,500,5,2,gaussian + skew_normal,1855.9442631378438,False,False
1,500,6,2,student_t + student_t,1860.3875738796269,False,True
1,500,7,2,student_t + skew_normal,1860.3932301935088,False,False
1,500,8,2,skew_normal + student_t,1862.1093480342493,False,False
1,500,9,2,skew_normal + skew_normal,1862.1588015686111,False,False
1,500,10,3,gaussian + gaussian + gaussian,1879.4066418232583,False,False
1,1000,1,2,student_t + gaussian,3817.7194760611505,True,True
1,1000,2,2,student_t + skew_normal,3824.6279782495126,False,False
1,1000,3,2,student_t + student_t,3824.6791954588466,False,True
1,1000,4,2,gaussian + student_t,3847.395149626497,True,True
1,1000,5,2,skew_normal + student_t,3854.302936783936,False,False
1,1000,6,3,student_t + gaussian + gaussian,3862.1429438579516,False,False
1,1000,7,2,gaussian + gaussian,3863.365249330776,False,False
1,1000,8,3,student_t + gaussian + student_t,3868.430194052069,False,False
1,1000,9,3,student_t + student_t + gaussian,3868.995979859533,False,False
1,1000,10,3,student_t + gaussian + skew_normal,3869.0503552985165,False,False
1,1500,1,2,student_t + gaussian,5581.838859657037,True,True
1,1500,2,2,student_t + student_t,5584.396767029226,False,True
1,1500,3,2,student_t + skew_normal,5589.152290953138,False,False
1,1500,4,2,gaussian + student_t,5590.801979498214,True,True
1,1500,5,2,skew_normal + student_t,5598.1146226399,False,False
1,1500,6,2,gaussian + gaussian,5603.8601688219815,False,False
1,1500,7,2,skew_normal + gaussian,5611.173182875125,False,False
1,1500,8,2,gaussian + skew_normal,5611.174107037718,False,False
1,1500,9,2,skew_normal + skew_normal,5618.487121400145,False,False
1,1500,10,3,student_t + gaussian + gaussian,5631.117560446112,False,False
2,500,1,2,lognormal + gamma,1264.158427880079,True,True
2,500,2,2,gamma + lognormal,1264.158427880079,True,True
2,500,3,2,lognormal + lognormal,1265.5802243492965,False,False
2,500,4,2,inverse_gaussian + lognormal,1277.7464048960753,False,False
2,500,5,2,lognormal + inverse_gaussian,1277.7464048960753,False,False
2,500,6,2,gamma + inverse_gaussian,1285.377032349207,False,False
2,500,7,2,inverse_gaussian + inverse_gaussian,1298.713397723163,False,False
2,500,8,3,lognormal + lognormal + gamma,1299.188048194109,False,False
2,500,9,3,lognormal + lognormal + lognormal,1301.080080437036,False,False
2,500,10,3,gamma + lognormal + inverse_gaussian,1301.1354590012684,False,False
2,1000,1,2,lognormal + gamma,2208.7963035960465,True,True
2,1000,2,2,gamma + lognormal,2208.7963035960465,True,True
2,1000,3,2,lognormal + lognormal,2215.146143373158,False,False
2,1000,4,2,inverse_gaussian + lognormal,2216.2384181611587,False,False
2,1000,5,2,lognormal + inverse_gaussian,2216.2384181611587,False,False
2,1000,6,2,inverse_gaussian + gamma,2242.862753390281,False,False
2,1000,7,2,gamma + inverse_gaussian,2242.862753390281,False,False
2,1000,8,3,gamma + gamma + inverse_gaussian,2244.3913772810265,False,False
2,1000,9,3,inverse_gaussian + gamma + gamma,2244.391378107325,False,False
2,1000,10,3,gamma + inverse_gaussian + lognormal,2245.339012813508,False,False
2,1500,1,2,lognormal + gamma,3490.3159936405004,True,True
2,1500,2,2,gamma + lognormal,3490.3159936405004,True,True
2,1500,3,2,lognormal + lognormal,3492.7188139749283,False,False
2,1500,4,2,inverse_gaussian + lognormal,3517.517780308483,False,False
2,1500,5,2,lognormal + inverse_gaussian,3517.517780308483,False,False
2,1500,6,3,gamma + lognormal + lognormal,3540.2124189186575,False,False
2,1500,7,3,lognormal + lognormal + gamma,3540.2124201548518,False,False
2,1500,8,3,inverse_gaussian + lognormal + lognormal,3543.0078941347897,False,False
2,1500,9,3,lognormal + inverse_gaussian + lognormal,3543.016620230108,False,False
2,1500,10,3,lognormal + lognormal + inverse_gaussian,3543.0166218926074,False,False
3,500,1,2,nb2 + nb2,2760.123333555848,False,True
3,500,2,2,zip + poisson,2775.9571584448267,False,False
3,500,3,2,poisson + zip,2775.9911571295443,False,False
3,500,4,2,nb2 + zip,2778.3841682616603,False,False
3,500,5,2,zip + nb2,2778.4332759943627,False,False
3,500,6,2,poisson + poisson,2779.2276598118415,False,False
3,500,7,2,nb2 + poisson,2781.0454354758785,True,True
3,500,8,2,poisson + nb2,2781.0864211860385,True,True
3,500,9,3,nb2 + poisson + poisson,2785.625783487422,False,False
3,500,10,3,poisson + poisson + poisson,2785.7130417076814,False,False
3,1000,1,2,nb2 + nb2,5477.054875980865,False,True
3,1000,2,2,poisson + zip,5487.556253916798,False,False
3,1000,3,2,zip + poisson,5488.616018556626,False,False
3,1000,4,2,zip + zip,5494.297537855181,False,False
3,1000,5,2,zip + nb2,5494.982038007122,False,False
3,1000,6,2,nb2 + zip,5496.06632468397,False,False
3,1000,7,3,poisson + poisson + poisson,5506.151060646713,False,False
3,1000,8,3,zip + poisson + poisson,5506.688029672065,False,False
3,1000,9,3,poisson + poisson + zip,5507.247099290059,False,False
3,1000,10,3,nb2 + nb2 + poisson,5512.003723180035,False,False
3,1500,1,2,nb2 + nb2,8179.323501423476,False,True
3,1500,2,2,poisson + zip,8206.208144961494,False,False
3,1500,3,2,zip + poisson,8206.316888332007,False,False
3,1500,4,2,nb2 + zip,8212.276140976599,False,False
3,1500,5,2,zip + zip,8213.22800917924,False,False
3,1500,6,2,zip + nb2,8213.331778625135,False,False
3,1500,7,3,nb2 + nb2 + poisson,8222.189220436137,False,False
3,1500,8,3,poisson + nb2 + nb2,8223.160399135275,False,False
3,1500,9,3,nb2 + poisson + nb2,8223.284323752365,False,False
3,1500,10,3,nb2 + poisson + poisson,8228.295557433588,False,False
4,500,1,2,zip + poisson,2459.6255905638077,True,True
4,500,2,2,poisson + zip,2459.7667455070177,True,True
4,500,3,2,nb2 + zip,2465.7727922145505,False,False
4,500,4,2,zip + zip,2466.012067511135,False,True
4,500,5,2,zip + nb2,2466.743322393778,False,False
4,500,6,2,nb2 + poisson,2481.8472537640423,False,False
4,500,7,2,nb2 + nb2,2486.854885414713,False,False
4,500,8,3,nb2 + nb2 + poisson,2493.683298371867,False,False
4,500,9,3,zip + poisson + poisson,2495.297568955451,False,False
4,500,10,3,poisson + poisson + zip,2495.4377885416766,False,False
4,1000,1,2,poisson + zip,4907.423046999381,True,True
4,1000,2,2,zip + poisson,4907.593253778313,True,True
4,1000,3,2,zip + nb2,4912.444182061921,False,False
4,1000,4,2,nb2 + zip,4913.832089830367,False,False
4,1000,5,2,zip + zip,4914.318144565638,False,True
4,1000,6,3,poisson + poisson + poisson,4935.729397654118,False,False
4,1000,7,3,poisson + nb2 + poisson,4940.562488978634,False,False
4,1000,8,3,poisson + zip + poisson,4943.350272454711,False,False
4,1000,9,3,nb2 + nb2 + poisson,4944.474042482243,False,False
4,1000,10,3,zip + poisson + nb2,4944.797072157531,False,False
4,1500,1,2,zip + poisson,7363.0616901541225,True,True
4,1500,2,2,poisson + zip,7363.134691841205,True,True
4,1500,3,2,zip + nb2,7369.9786832825575,False,False
4,1500,4,2,nb2 + zip,7370.220205655428,False,False
4,1500,5,2,zip + zip,7370.535643956086,False,True
4,1500,6,3,poisson + poisson + poisson,7397.094764107577,False,False
4,1500,7,3,poisson + zip + nb2,7399.771406361446,False,False
4,1500,8,3,nb2 + poisson + poisson,7402.661032906005,False,False
4,1500,9,3,poisson + poisson + nb2,7403.175108352603,False,False
4,1500,10,3,poisson + nb2 + poisson,7403.362328243189,False,False
1,500,1,2,gaussian + gaussian,1931.8992273655979,False,False
1,500,2,2,student_t + gaussian,1936.988778965094,True,True
1,500,3,2,gaussian + skew_normal,1938.113127306445,False,False
1,500,4,2,skew_normal + gaussian,1938.113783041713,False,False
1,500,5,2,gaussian + student_t,1938.1231810652557,True,True
1,500,6,2,student_t + skew_normal,1943.2027104087515,False,False
1,500,7,2,student_t + student_t,1943.2067357020946,False,True
1,500,8,2,skew_normal + skew_normal,1944.3276823677243,False,False
1,500,9,2,skew_normal + student_t,1944.3441208627619,False,False
1,500,10,3,gaussian + gaussian + gaussian,1972.8635768472693,False,False
1,1000,1,2,student_t + gaussian,3796.3593384081246,True,True
1,1000,2,2,student_t + student_t,3803.170113817344,False,True
1,1000,3,2,student_t + skew_normal,3803.267555466377,False,False
1,1000,4,2,gaussian + gaussian,3825.741467532249,False,False
1,1000,5,2,gaussian + skew_normal,3832.6490351633734,False,False
1,1000,6,2,skew_normal + gaussian,3832.649153270585,False,False
1,1000,7,2,gaussian + student_t,3832.9767233204097,True,True
1,1000,8,3,student_t + gaussian + gaussian,3837.5366397242706,False,False
1,1000,9,2,skew_normal + skew_normal,3839.5567213377535,False,False
1,1000,10,2,skew_normal + student_t,3839.8843642645734,False,False
1,1500,1,2,student_t + gaussian,5653.301110988809,True,True
1,1500,2,2,student_t + skew_normal,5660.614487696226,False,False
1,1500,3,2,student_t + student_t,5660.653762384723,False,True
1,1500,4,2,gaussian + gaussian,5668.815455996112,False,False
1,1500,5,2,gaussian + student_t,5676.019516400772,True,True
1,1500,6,2,skew_normal + gaussian,5676.128643671172,False,False
1,1500,7,2,gaussian + skew_normal,5676.129278808599,False,False
1,1500,8,2,skew_normal + student_t,5683.29232203088,False,False
1,1500,9,2,skew_normal + skew_normal,5683.44246943987,False,False
1,1500,10,3,student_t + gaussian + gaussian,5703.02791137053,False,False
2,500,1,2,lognormal + gamma,1209.062123171669,True,True
2,500,2,2,gamma + lognormal,1209.066130187545,True,True
2,500,3,2,lognormal + inverse_gaussian,1209.1070653308188,False,False
2,500,4,2,inverse_gaussian + lognormal,1209.110212246993,False,False
2,500,5,2,lognormal + lognormal,1209.7668821991213,False,False
2,500,6,2,gamma + inverse_gaussian,1231.5474970653793,False,False
2,500,7,2,inverse_gaussian + inverse_gaussian,1233.1204619800178,False,False
2,500,8,2,inverse_gaussian + gamma,1235.8033618010438,False,False
2,500,9,2,gamma + gamma,1238.0319142114101,False,False
2,500,10,3,inverse_gaussian + gamma + lognormal,1244.8392183616138,False,False
2,1000,1,2,lognormal + inverse_gaussian,2413.649677976993,False,False
2,1000,2,2,lognormal + lognormal,2415.2836773474774,False,False
2,1000,3,2,lognormal + gamma,2415.5695030575785,True,True
2,1000,4,3,inverse_gaussian + inverse_gaussian + lognormal,2452.2415294935777,False,False
2,1000,5,3,lognormal + inverse_gaussian + inverse_gaussian,2452.2415314408054,False,False
2,1000,6,3,inverse_gaussian + lognormal + lognormal,2454.7695097648616,False,False
2,1000,7,3,lognormal + inverse_gaussian + lognormal,2454.943081400167,False,False
2,1000,8,3,lognormal + gamma + inverse_gaussian,2455.121756750662,False,False
2,1000,9,3,gamma + inverse_gaussian + lognormal,2455.1286050594113,False,False
2,1000,10,3,inverse_gaussian + lognormal + gamma,2455.6795538741208,False,False
2,1500,1,2,gamma + lognormal,3487.4672099265986,True,True
2,1500,2,2,lognormal + gamma,3487.4706889606987,True,True
2,1500,3,2,lognormal + lognormal,3489.526380313437,False,False
2,1500,4,2,inverse_gaussian + lognormal,3508.333493306,False,False
2,1500,5,2,lognormal + inverse_gaussian,3508.333493306,False,False
2,1500,6,3,inverse_gaussian + lognormal + gamma,3520.0601819563713,False,False
2,1500,7,3,lognormal + inverse_gaussian + gamma,3520.0601819563713,False,False
2,1500,8,3,gamma + inverse_gaussian + lognormal,3520.060200542668,False,False
2,1500,9,3,lognormal + gamma + lognormal,3520.6635545483737,False,False
2,1500,10,3,gamma + lognormal + lognormal,3520.6689288655352,False,False
3,500,1,2,nb2 + nb2,2775.198611941092,False,True
3,500,2,2,zip + poisson,2779.517639286112,False,False
3,500,3,2,poisson + zip,2781.4368047437365,False,False
3,500,4,2,zip + zip,2785.803231209001,False,False
3,500,5,2,nb2 + zip,2786.773003229583,False,False
3,500,6,2,zip + nb2,2786.8383869966174,False,False
3,500,7,3,poisson + zip + poisson,2790.2273326201985,False,False
3,500,8,3,poisson + poisson + zip,2794.140093629059,False,False
3,500,9,3,poisson + nb2 + nb2,2796.454358672916,False,False
3,500,10,3,poisson + nb2 + poisson,2796.585649024129,False,False
3,1000,1,2,nb2 + nb2,5544.560066148521,False,True
3,1000,2,3,poisson + zip + poisson,5567.1377321337895,False,False
3,1000,3,3,poisson + poisson + poisson,5567.36743876979,False,False
3,1000,4,3,zip + poisson + poisson,5567.958267625737,False,False
3,1000,5,3,nb2 + poisson + poisson,5571.353075163596,False,False
3,1000,6,3,poisson + nb2 + poisson,5572.128452261128,False,False
3,1000,7,3,zip + nb2 + zip,5572.648646811701,False,False
3,1000,8,3,zip + zip + nb2,5572.848049563413,False,False
3,1000,9,3,nb2 + zip + zip,5573.072934292276,False,False
3,1000,10,3,nb2 + poisson + zip,5574.031593374746,False,False
3,1500,1,2,nb2 + nb2,8187.533715704154,False,True
3,1500,2,3,nb2 + poisson + nb2,8226.38875715133,False,False
3,1500,3,3,nb2 + nb2 + poisson,8226.712801479021,False,False
3,1500,4,3,poisson + nb2 + nb2,8227.749220218311,False,False
3,1500,5,3,zip + nb2 + nb2,8234.174789797878,False,False
3,1500,6,3,nb2 + nb2 + zip,8234.532848553128,False,False
3,1500,7,3,nb2 + zip + nb2,8235.287342265421,False,False
3,1500,8,3,nb2 + nb2 + nb2,8235.763878905447,False,False
3,1500,9,3,poisson + zip + nb2,8236.933047645944,False,False
3,1500,10,3,nb2 + zip + poisson,8237.015224021165,False,False
4,500,1,2,zip + poisson,2431.73476141472,True,True
4,500,2,2,poisson + zip,2431.7612886342076,True,True
4,500,3,2,zip + nb2,2437.0261851579717,False,False
4,500,4,2,nb2 + zip,2437.041903764509,False,False
4,500,5,2,zip + zip,2437.934563304736,False,True
4,500,6,3,poisson + poisson + poisson,2459.667067847932,False,False
4,500,7,2,poisson + nb2,2460.267615864374,False,False
4,500,8,3,poisson + nb2 + poisson,2463.2823357567845,False,False
4,500,9,2,nb2 + nb2,2466.4684929637706,False,False
4,500,10,3,poisson + zip + poisson,2467.0307857685325,False,False
4,1000,1,2,zip + poisson,4982.266718831549,True,True
4,1000,2,2,poisson + zip,4982.493501313491,True,True
4,1000,3,2,zip + zip,4989.347807886171,False,True
4,1000,4,2,zip + nb2,4989.45212836355,False,False
4,1000,5,2,nb2 + zip,4989.884365455829,False,False
4,1000,6,3,nb2 + poisson + poisson,5008.161117103368,False,False
4,1000,7,2,nb2 + nb2,5008.234835219338,False,False
4,1000,8,3,poisson + poisson + poisson,5014.113399997897,False,False
4,1000,9,3,poisson + nb2 + poisson,5014.320629143137,False,False
4,1000,10,3,nb2 + poisson + nb2,5014.633611061318,False,False
4,1500,1,2,zip + poisson,7463.213762023149,True,True
4,1500,2,2,poisson + zip,7463.341211661032,True,True
4,1500,3,2,zip + zip,7470.710264006034,False,True
4,1500,4,2,zip + nb2,7470.776791998032,False,False
4,1500,5,2,nb2 + zip,7470.831932739532,False,False
4,1500,6,3,poisson + nb2 + poisson,7498.6874080149455,False,False
4,1500,7,3,zip + poisson + poisson,7500.687130295581,False,False
4,1500,8,3,nb2 + poisson + poisson,7502.054744279575,False,False
4,1500,9,3,poisson + poisson + nb2,7502.259851599781,False,False
4,1500,10,3,nb2 + nb2 + poisson,7502.510223973982,False,False
1,500,1,2,gaussian + gaussian,1921.432979715335,False,False
1,500,2,2,student_t + gaussian,1924.9066379645128,True,True
1,500,3,2,gaussian + student_t,1927.5899875869816,True,True
1,500,4,2,gaussian + skew_normal,1927.6475258532294,False,False
1,500,5,2,skew_normal + gaussian,1927.6475910062925,False,False
1,500,6,2,student_t + skew_normal,1931.1212834396738,False,False
1,500,7,2,student_t + student_t,1931.1500631957479,False,True
1,500,8,2,skew_normal + student_t,1933.805101276388,False,False
1,500,9,2,skew_normal + skew_normal,1933.8621377365212,False,False
1,500,10,3,gaussian + gaussian + gaussian,1955.8323923643334,False,False
1,1000,1,2,student_t + gaussian,3853.646227568152,True,True
1,1000,2,2,student_t + skew_normal,3860.5536145159995,False,False
1,1000,3,2,student_t + student_t,3860.6129372084747,False,True
1,1000,4,2,gaussian + student_t,3865.7932983824744,True,True
1,1000,5,2,skew_normal + student_t,3872.7015000810657,False,False
1,1000,6,2,gaussian + gaussian,3876.5361363315155,False,False
1,1000,7,2,skew_normal + gaussian,3883.442596076713,False,False
1,1000,8,2,gaussian + skew_normal,3883.443142242753,False,False
1,1000,9,2,skew_normal + skew_normal,3890.3495974112034,False,False
1,1000,10,3,gaussian + gaussian + gaussian,3893.627151193542,False,False
1,1500,1,2,student_t + gaussian,5542.6484035127505,True,True
1,1500,2,2,student_t + student_t,5549.317098166928,False,True
1,1500,3,2,student_t + skew_normal,5549.961686302473,False,False
1,1500,4,2,gaussian + student_t,5567.8585262264905,True,True
1,1500,5,2,skew_normal + student_t,5575.171587497491,False,False
1,1500,6,3,student_t + gaussian + gaussian,5588.854978889482,False,False
1,1500,7,2,gaussian + gaussian,5593.055240305335,False,False
1,1500,8,3,student_t + gaussian + student_t,5595.409096489988,False,False
1,1500,9,3,student_t + student_t + gaussian,5595.955178406348,False,False
1,1500,10,3,student_t + gaussian + skew_normal,5596.168658444741,False,False
2,500,1,2,lognormal + gamma,1281.6259414668395,True,True
2,500,2,2,gamma + lognormal,1281.6259414668395,True,True
2,500,3,2,lognormal + lognormal,1284.6156377843129,False,False
2,500,4,2,lognormal + inverse_gaussian,1294.0712798308825,False,False
2,500,5,2,inverse_gaussian + gamma,1310.9486741044827,False,False
2,500,6,2,gamma + inverse_gaussian,1310.9486741044827,False,False
2,500,7,3,gamma + inverse_gaussian + gamma,1311.9109690069167,False,False
2,500,8,3,gamma + gamma + inverse_gaussian,1311.9109691059111,False,False
2,500,9,3,inverse_gaussian + gamma + gamma,1311.9109693369048,False,False
2,500,10,3,gamma + gamma + gamma,1312.7337865301229,False,False
2,1000,1,2,lognormal + lognormal,2184.38312859671,False,False
2,1000,2,2,gamma + lognormal,2184.3918305281104,True,True
2,1000,3,2,inverse_gaussian + lognormal,2196.86457647941,False,False
2,1000,4,2,lognormal + inverse_gaussian,2196.86457647941,False,False
2,1000,5,2,inverse_gaussian + gamma,2222.5858782290275,False,False
2,1000,6,2,gamma + inverse_gaussian,2222.5858782290275,False,False
2,1000,7,3,lognormal + gamma + gamma,2229.148846436252,False,False
2,1000,8,3,lognormal + gamma + lognormal,2230.998489607167,False,False
2,1000,9,2,inverse_gaussian + inverse_gaussian,2231.4185217094155,False,False
2,1000,10,3,lognormal + lognormal + lognormal,2231.6828052081937,False,False
2,1500,1,2,gamma + lognormal,3051.54263932324,True,True
2,1500,2,2,lognormal + gamma,3051.5429069378347,True,True
2,1500,3,2,lognormal + lognormal,3055.9558033531243,False,False
2,1500,4,2,lognormal + inverse_gaussian,3077.7740290937686,False,False
2,1500,5,3,gamma + inverse_gaussian + lognormal,3097.5713255106643,False,False
2,1500,6,3,inverse_gaussian + gamma + lognormal,3097.571638602594,False,False
2,1500,7,3,lognormal + inverse_gaussian + gamma,3097.8612083747025,False,False
2,1500,8,3,gamma + lognormal + inverse_gaussian,3101.287175105153,False,False
2,1500,9,3,gamma + inverse_gaussian + gamma,3103.0104674774643,False,False
2,1500,10,3,gamma + gamma + inverse_gaussian,3103.0378959026016,False,False
3,500,1,2,poisson + zip,2742.7577514079926,False,False
3,500,2,2,zip + poisson,2743.152270036012,False,False
3,500,3,2,poisson + poisson,2746.973247455161,False,False
3,500,4,2,zip + nb2,2747.542517050333,False,False
3,500,5,2,nb2 + nb2,2747.9478490737056,False,True
3,500,6,2,nb2 + zip,2748.362589852959,False,False
3,500,7,2,zip + zip,2748.986861850505,False,False
3,500,8,2,nb2 + poisson,2751.296137088755,True,True
3,500,9,2,poisson + nb2,2752.557098605325,True,True
3,500,10,3,poisson + poisson + nb2,2767.9254874536014,False,False
3,1000,1,2,nb2 + nb2,5476.157092814338,False,True
3,1000,2,2,zip + poisson,5484.081326854733,False,False
3,1000,3,2,poisson + zip,5484.44514849648,False,False
3,1000,4,2,zip + nb2,5489.2592014746415,False,False
3,1000,5,2,nb2 + zip,5489.347850590945,False,False
3,1000,6,2,zip + zip,5490.971261727097,False,False
3,1000,7,3,poisson + poisson + poisson,5502.553499655042,False,False
3,1000,8,3,poisson + poisson + zip,5504.841594664318,False,False
3,1000,9,3,nb2 + nb2 + poisson,5509.341729589886,False,False
3,1000,10,3,poisson + nb2 + zip,5510.154204070574,False,False
3,1500,1,2,nb2 + nb2,8162.658827205789,False,True
3,1500,2,2,zip + poisson,8193.854628337194,False,False
3,1500,3,2,poisson + zip,8193.93326224599,False,False
3,1500,4,2,zip + nb2,8198.243305383003,False,False
3,1500,5,2,nb2 + zip,8199.268054141136,False,False
3,1500,6,3,poisson + zip + poisson,8199.32237431819,False,False
3,1500,7,3,poisson + poisson + zip,8199.858135546172,False,False
3,1500,8,2,zip + zip,8200.902783372645,False,False
3,1500,9,3,poisson + nb2 + nb2,8202.1867936101,False,False
3,1500,10,3,nb2 + nb2 + poisson,8203.18512833543,False,False
4,500,1,2,poisson + zip,2536.9105730953356,True,True
4,500,2,2,zip + poisson,2536.925886559279,True,True
4,500,3,2,zip + nb2,2542.1167249758664,False,False
4,500,4,2,nb2 + zip,2542.2247513218463,False,False
4,500,5,2,zip + zip,2543.048632973876,False,True
4,500,6,3,nb2 + poisson + poisson,2562.156046491094,False,False
4,500,7,3,poisson + poisson + nb2,2564.18598880043,False,False
4,500,8,2,nb2 + nb2,2564.210858579635,False,False
4,500,9,3,poisson + poisson + poisson,2564.7741866766582,False,False
4,500,10,3,poisson + nb2 + poisson,2567.0824527083773,False,False
4,1000,1,2,zip + poisson,4923.969010934011,True,True
4,1000,2,2,poisson + zip,4924.507379621426,True,True
4,1000,3,2,zip + nb2,4930.6050551409835,False,False
4,1000,4,2,nb2 + zip,4930.61003209575,False,False
4,1000,5,2,zip + zip,4930.780845587836,False,True
4,1000,6,3,poisson + poisson + nb2,4955.115474487398,False,False
4,1000,7,3,poisson + zip + poisson,4955.344806959538,False,False
4,1000,8,3,poisson + poisson + zip,4956.020405035079,False,False
4,1000,9,3,poisson + nb2 + poisson,4956.542880756024,False,False
4,1000,10,3,zip + poisson + poisson,4956.694187489851,False,False
4,1500,1,2,zip + poisson,7427.495930307572,True,True
4,1500,2,2,poisson + zip,7427.542468950979,True,True
4,1500,3,2,zip + nb2,7431.461724654657,False,False
4,1500,4,2,nb2 + zip,7432.525665620994,False,False
4,1500,5,2,zip + zip,7434.804644589256,False,True
4,1500,6,3,poisson + nb2 + poisson,7467.712681367629,False,False
4,1500,7,3,poisson + poisson + poisson,7468.098161641293,False,False
4,1500,8,3,nb2 + nb2 + poisson,7469.50284258965,False,False
4,1500,9,3,poisson + zip + poisson,7469.785467625947,False,False
4,1500,10,3,zip + poisson + poisson,7471.182722976934,False,False
1,500,1,2,student_t + gaussian,2021.4732665767226,True,True
1,500,2,2,student_t + student_t,2026.3902084913616,False,True
1,500,3,2,student_t + skew_normal,2027.6878531402974,False,False
1,500,4,2,gaussian + student_t,2033.9308839975622,True,True
1,500,5,2,gaussian + gaussian,2035.992481729951,False,False
1,500,6,2,skew_normal + student_t,2040.1458738967663,False,False
1,500,7,2,gaussian + skew_normal,2042.205928627279,False,False
1,500,8,2,skew_normal + gaussian,2042.207083425307,False,False
1,500,9,3,student_t + gaussian + gaussian,2046.426650898702,False,False
1,500,10,2,skew_normal + skew_normal,2048.420528348742,False,False
1,1000,1,2,gaussian + gaussian,3767.5641637727867,False,False
1,1000,2,2,student_t + gaussian,3770.230154033687,True,True
1,1000,3,2,gaussian + student_t,3771.6798241144234,True,True
1,1000,4,2,skew_normal + gaussian,3774.4719124027692,False,False
1,1000,5,2,gaussian + skew_normal,3774.472316851779,False,False
1,1000,6,2,student_t + student_t,3775.343855394255,False,True
1,1000,7,2,student_t + skew_normal,3777.137466984255,False,False
1,1000,8,2,skew_normal + student_t,3778.587550083154,False,False
1,1000,9,2,skew_normal + skew_normal,3781.3800643265336,False,False
1,1000,10,3,gaussian + gaussian + gaussian,3793.630328559279,False,False
1,1500,1,2,student_t + gaussian,5672.62214165075,True,True
1,1500,2,2,student_t + student_t,5679.860491810138,False,True
1,1500,3,2,student_t + skew_normal,5679.935326271077,False,False
1,1500,4,2,gaussian + gaussian,5707.9844569925735,False,False
1,1500,5,2,gaussian + student_t,5713.840562961327,True,True
1,1500,6,2,skew_normal + gaussian,5715.296606360783,False,False
1,1500,7,2,gaussian + skew_normal,5715.297724975794,False,False
1,1500,8,3,student_t + gaussian + gaussian,5718.515607867987,False,False
1,1500,9,2,skew_normal + student_t,5721.1511243173245,False,False
1,1500,10,2,skew_normal + skew_normal,5722.609898775927,False,False
2,500,1,2,lognormal + gamma,1191.2942826829124,True,True
2,500,2,2,lognormal + lognormal,1192.1703350695618,False,False
2,500,3,2,inverse_gaussian + lognormal,1199.3424417037018,False,False
2,500,4,2,lognormal + inverse_gaussian,1199.3424417037018,False,False
2,500,5,2,gamma + lognormal,1211.146139268027,True,True
2,500,6,2,gamma + gamma,1212.383255347131,False,False
2,500,7,2,inverse_gaussian + gamma,1215.738752953631,False,False
2,500,8,2,gamma + inverse_gaussian,1215.738752953631,False,False
2,500,9,3,lognormal + lognormal + inverse_gaussian,1219.5607467315463,False,False
2,500,10,3,inverse_gaussian + lognormal + lognormal,1219.5869668734385,False,False
2,1000,1,2,lognormal + lognormal,2254.408673206205,False,False
2,1000,2,2,lognormal + gamma,2254.913994641915,True,True
2,1000,3,2,gamma + lognormal,2254.913994641915,True,True
2,1000,4,2,lognormal + inverse_gaussian,2266.617036253798,False,False
2,1000,5,2,inverse_gaussian + gamma,2293.5059707924374,False,False
2,1000,6,2,gamma + inverse_gaussian,2293.5059707924374,False,False
2,1000,7,2,inverse_gaussian + lognormal,2295.1362976790083,False,False
2,1000,8,3,lognormal + inverse_gaussian + gamma,2296.3126461470183,False,False
2,1000,9,3,gamma + inverse_gaussian + lognormal,2296.3126465305304,False,False
2,1000,10,3,lognormal + gamma + inverse_gaussian,2296.3126493757463,False,False
2,1500,1,2,gamma + lognormal,3734.127050331094,True,True
2,1500,2,2,lognormal + lognormal,3741.618920878193,False,False
2,1500,3,2,inverse_gaussian + lognormal,3766.4166262410886,False,False
2,1500,4,3,gamma + lognormal + inverse_gaussian,3782.0310722725617,False,False
2,1500,5,3,lognormal + gamma + inverse_gaussian,3782.0310722725617,False,False
2,1500,6,3,gamma + inverse_gaussian + lognormal,3783.069209149087,False,False
2,1500,7,3,gamma + gamma + lognormal,3784.1730297799318,False,False
2,1500,8,3,gamma + lognormal + gamma,3784.1730311559927,False,False
2,1500,9,3,gamma + gamma + gamma,3786.616193501411,False,False
2,1500,10,3,gamma + inverse_gaussian + gamma,3787.1624617820403,False,False
3,500,1,2,nb2 + nb2,2839.114399199635,False,True
3,500,2,2,poisson + zip,2850.7059011960146,False,False
3,500,3,2,zip + poisson,2855.887656221207,False,False
3,500,4,2,nb2 + zip,2856.7295066767238,False,False
3,500,5,2,zip + nb2,2856.7597021341408,False,False
3,500,6,3,poisson + poisson + poisson,2860.1166261709955,False,False
3,500,7,2,zip + zip,2861.953171203946,False,False
3,500,8,3,zip + poisson + nb2,2864.9403243061306,False,False
3,500,9,3,poisson + zip + zip,2865.1884434330354,False,False
3,500,10,3,nb2 + zip + poisson,2866.130195866637,False,False
3,1000,1,2,nb2 + nb2,5466.307695243506,False,True
3,1000,2,3,poisson + poisson + poisson,5484.926741829951,False,False
3,1000,3,3,poisson + poisson + nb2,5489.931067023612,False,False
3,1000,4,3,poisson + nb2 + nb2,5496.25980399689,False,False
3,1000,5,3,poisson + poisson + zip,5497.731641256452,False,False
3,1000,6,3,poisson + zip + poisson,5498.620374221264,False,False
3,1000,7,2,zip + poisson,5499.303985933155,False,False
3,1000,8,3,poisson + zip + zip,5501.330663046335,False,False
3,1000,9,3,nb2 + nb2 + poisson,5502.0861407108405,False,False
3,1000,10,3,nb2 + poisson + nb2,5502.461005856161,False,False
3,1500,1,2,nb2 + nb2,8248.14188518189,False,True
3,1500,2,2,poisson + zip,8267.55967270021,False,False
3,1500,3,2,zip + poisson,8267.907346296692,False,False
3,1500,4,2,zip + nb2,8272.258995872886,False,False
3,1500,5,2,nb2 + zip,8273.550823453541,False,False
3,1500,6,2,zip + zip,8274.6110288906,False,False
3,1500,7,3,poisson + poisson + poisson,8280.061046717627,False,False
3,1500,8,3,poisson + zip + poisson,8284.08109977799,False,False
3,1500,9,3,poisson + poisson + zip,8285.820894493218,False,False
3,1500,10,3,nb2 + nb2 + poisson,8285.88864778355,False,False
4,500,1,2,poisson + zip,2484.6478184865937,True,True
4,500,2,2,zip + poisson,2484.651145652466,True,True
4,500,3,2,nb2 + zip,2489.948020330371,False,False
4,500,4,2,zip + nb2,2490.8432756941766,False,False
4,500,5,2,zip + zip,2490.8964159518155,False,True
4,500,6,2,nb2 + nb2,2506.6489834156137,False,False
4,500,7,3,poisson + poisson + poisson,2509.7401951989054,False,False
4,500,8,3,zip + poisson + poisson,2514.5515204115504,False,False
4,500,9,3,nb2 + poisson + poisson,2514.8477307904245,False,False
4,500,10,3,poisson + poisson + zip,2514.874331470641,False,False
4,1000,1,2,poisson + zip,5007.428632875842,True,True
4,1000,2,2,zip + poisson,5007.489608663872,True,True
4,1000,3,2,zip + nb2,5009.651962236913,False,False
4,1000,4,2,nb2 + zip,5009.872083621881,False,False
4,1000,5,2,zip + zip,5014.274012898147,False,True
4,1000,6,3,poisson + poisson + nb2,5032.338651292528,False,False
4,1000,7,2,nb2 + nb2,5034.156282296957,False,False
4,1000,8,3,nb2 + poisson + poisson,5037.650914960785,False,False
4,1000,9,3,poisson + nb2 + zip,5039.625322998166,False,False
4,1000,10,3,poisson + poisson + poisson,5039.684791220863,False,False
4,1500,1,2,poisson + zip,7349.089437575546,True,True
4,1500,2,2,zip + poisson,7349.115318400858,True,True
4,1500,3,2,nb2 + zip,7353.243368348395,False,False
4,1500,4,2,zip + nb2,7353.953508417217,False,False
4,1500,5,2,zip + zip,7356.523598796466,False,True
4,1500,6,3,poisson + poisson + poisson,7378.944506517774,False,False
4,1500,7,3,poisson + poisson + nb2,7381.319202601495,False,False
4,1500,8,3,poisson + nb2 + nb2,7385.950537141215,False,False
4,1500,9,3,nb2 + poisson + poisson,7386.211481903033,False,False
4,1500,10,3,nb2 + nb2 + poisson,7386.486649695219,False,False
1,500,1,2,student_t + gaussian,1889.3974693265743,True,True
1,500,2,2,student_t + skew_normal,1895.6121011005562,False,False
1,500,3,2,student_t + student_t,1895.617260791808,False,True
1,500,4,2,gaussian + student_t,1901.9859458674343,True,True
1,500,5,2,skew_normal + student_t,1908.2004863942784,False,False
1,500,6,2,gaussian + gaussian,1918.1663558225512,False,False
1,500,7,2,skew_normal + gaussian,1924.380931459408,False,False
1,500,8,2,gaussian + skew_normal,1924.3809539360877,False,False
1,500,9,3,student_t + gaussian + gaussian,1926.5706203588093,False,False
1,500,10,3,student_t + gaussian + student_t,1926.990850040885,False,False
1,1000,1,2,student_t + gaussian,3736.4220526816794,True,True
1,1000,2,2,student_t + student_t,3738.968336448233,False,True
1,1000,3,2,gaussian + student_t,3743.170224331379,True,True
1,1000,4,2,student_t + skew_normal,3743.338602275407,False,False
1,1000,5,2,skew_normal + student_t,3750.0781401376253,False,False
1,1000,6,2,gaussian + gaussian,3752.198794089628,False,False
1,1000,7,2,gaussian + skew_normal,3759.106505244967,False,False
1,1000,8,2,skew_normal + gaussian,3759.1066650112393,False,False
1,1000,9,2,skew_normal + skew_normal,3766.0143754178366,False,False
1,1000,10,3,student_t + student_t + gaussian,3778.9849605755617,False,False
1,1500,1,2,student_t + gaussian,5698.9745965038055,True,True
1,1500,2,2,student_t + student_t,5703.418343044895,False,True
1,1500,3,2,student_t + skew_normal,5706.287713536372,False,False
1,1500,4,2,gaussian + student_t,5712.83363673175,True,True
1,1500,5,2,skew_normal + student_t,5720.147177337887,False,False
1,1500,6,3,student_t + student_t + gaussian,5744.263028472709,False,False
1,1500,7,2,gaussian + gaussian,5746.249189511216,False,False
1,1500,8,3,student_t + gaussian + gaussian,5746.872703562067,False,False
1,1500,9,3,gaussian + student_t + gaussian,5748.506336905384,False,False
1,1500,10,3,student_t + gaussian + student_t,5750.708519000424,False,False
2,500,1,2,lognormal + lognormal,1200.4774775908684,False,False
2,500,2,2,gamma + lognormal,1201.5400431080354,True,True
2,500,3,2,lognormal + inverse_gaussian,1210.511880046326,False,False
2,500,4,2,inverse_gaussian + gamma,1221.1969224049003,False,False
2,500,5,2,gamma + inverse_gaussian,1221.1969224049003,False,False
2,500,6,2,inverse_gaussian + lognormal,1221.9482865447349,False,False
2,500,7,2,inverse_gaussian + inverse_gaussian,1229.538477021837,False,False
2,500,8,3,inverse_gaussian + gamma + gamma,1237.4755936274862,False,False
2,500,9,3,gamma + gamma + inverse_gaussian,1237.4755939371448,False,False
2,500,10,3,lognormal + lognormal + inverse_gaussian,1238.4277117490988,False,False
2,1000,1,2,lognormal + gamma,2382.336416598222,True,True
2,1000,2,2,lognormal + lognormal,2384.200022865977,False,False
2,1000,3,2,inverse_gaussian + lognormal,2398.2924447509354,False,False
2,1000,4,2,lognormal + inverse_gaussian,2398.2924447509354,False,False
2,1000,5,2,inverse_gaussian + gamma,2427.5391922202866,False,False
2,1000,6,3,lognormal + gamma + lognormal,2428.5813668646742,False,False
2,1000,7,3,lognormal + lognormal + gamma,2428.621748546437,False,False
2,1000,8,3,gamma + gamma + lognormal,2428.9723364463184,False,False
2,1000,9,3,gamma + lognormal + gamma,2429.0949121429785,False,False
2,1000,10,3,lognormal + gamma + gamma,2429.105306243655,False,False
2,1500,1,2,lognormal + gamma,3393.4161718331047,True,True
2,1500,2,2,gamma + lognormal,3393.4161718331047,True,True
2,1500,3,2,lognormal + lognormal,3396.6967075178536,False,False
2,1500,4,2,inverse_gaussian + lognormal,3413.3152136286594,False,False
2,1500,5,2,lognormal + inverse_gaussian,3413.3152136286594,False,False
2,1500,6,3,lognormal + inverse_gaussian + gamma,3423.7635560138556,False,False
2,1500,7,3,lognormal + gamma + inverse_gaussian,3423.7635591666935,False,False
2,1500,8,3,gamma + gamma + lognormal,3424.1686685630134,False,False
2,1500,9,3,gamma + gamma + inverse_gaussian,3426.1116812029036,False,False
2,1500,10,3,inverse_gaussian + lognormal + lognormal,3426.9332788009983,False,False
3,500,1,2,nb2 + nb2,2774.4716034232297,False,True
3,500,2,2,poisson + zip,2791.7033014592544,False,False
3,500,3,2,zip + poisson,2791.796465520163,False,False
3,500,4,3,poisson + poisson + poisson,2793.305035373384,False,False
3,500,5,2,zip + nb2,2793.7367850190094,False,False
3,500,6,2,nb2 + zip,2793.7501734698226,False,False
3,500,7,2,zip + zip,2798.019184267875,False,False
3,500,8,3,nb2 + nb2 + poisson,2799.3400941104605,False,False
3,500,9,3,nb2 + poisson + zip,2800.178686019777,False,False
3,500,10,3,poisson + poisson + zip,2800.4821280744686,False,False
3,1000,1,2,nb2 + nb2,5428.725848254452,False,True
3,1000,2,2,poisson + zip,5455.247854407646,False,False
3,1000,3,2,zip + poisson,5459.050162635874,False,False
3,1000,4,3,nb2 + poisson + nb2,5459.718070954829,False,False
3,1000,5,3,poisson + nb2 + nb2,5460.01292530373,False,False
3,1000,6,3,nb2 + nb2 + poisson,5460.834747020324,False,False
3,1000,7,3,poisson + poisson + zip,5461.146606414581,False,False
3,1000,8,2,nb2 + zip,5461.500145265116,False,False
3,1000,9,2,zip + nb2,5461.944679735757,False,False
3,1000,10,3,zip + poisson + poisson,5463.06580756628,False,False
3,1500,1,2,nb2 + nb2,8257.073350133523,False,True
3,1500,2,2,poisson + zip,8292.490271926705,False,False
3,1500,3,2,zip + poisson,8292.718422349899,False,False
3,1500,4,3,nb2 + poisson + nb2,8298.56185632609,False,False
3,1500,5,3,poisson + nb2 + nb2,8299.770420099834,False,False
3,1500,6,2,zip + zip,8300.135587143795,False,False
3,1500,7,3,zip + nb2 + nb2,8304.639028314888,False,False
3,1500,8,3,nb2 + nb2 + zip,8305.353642218255,False,False
3,1500,9,3,nb2 + zip + nb2,8306.48187974744,False,False
3,1500,10,3,poisson + zip + poisson,8307.231163678023,False,False
4,500,1,2,poisson + zip,2588.548002311185,True,True
4,500,2,2,zip + poisson,2588.8694004788167,True,True
4,500,3,2,zip + nb2,2593.159303678827,False,False
4,500,4,2,nb2 + zip,2593.4449883024263,False,False
4,500,5,2,zip + zip,2595.316923069363,False,True
4,500,6,2,nb2 + nb2,2604.1440426032877,False,False
4,500,7,3,poisson + poisson + poisson,2615.2958239713266,False,False
4,500,8,3,poisson + zip + poisson,2617.6188086880693,False,False
4,500,9,3,poisson + poisson + zip,2618.8867024968677,False,False
4,500,10,3,poisson + poisson + nb2,2619.1355299554534,False,False
4,1000,1,2,poisson + zip,4853.259833966163,True,True
4,1000,2,2,zip + poisson,4853.26586057307,True,True
4,1000,3,2,nb2 + zip,4859.444929543757,False,False
4,1000,4,2,zip + zip,4860.171186757812,False,True
4,1000,5,2,zip + nb2,4860.727607834321,False,False
4,1000,6,3,poisson + nb2 + poisson,4882.425189240807,False,False
4,1000,7,3,poisson + poisson + poisson,4883.275084070576,False,False
4,1000,8,3,nb2 + poisson + zip,4890.476908768824,False,False
4,1000,9,3,zip + nb2 + poisson,4892.837016103689,False,False
4,1000,10,2,nb2 + nb2,4892.853558315724,False,False
4,1500,1,2,poisson + zip,7436.673651198987,True,True
4,1500,2,2,zip + poisson,7436.802517444926,True,True
4,1500,3,2,nb2 + zip,7443.693216612022,False,False
4,1500,4,2,zip + nb2,7443.700615049933,False,False
4,1500,5,2,zip + zip,7444.108679538759,False,True
4,1500,6,3,poisson + poisson + poisson,7468.542659541593,False,False
4,1500,7,3,nb2 + poisson + nb2,7469.875753004931,False,False
4,1500,8,3,nb2 + poisson + poisson,7470.5193092545205,False,False
4,1500,9,3,poisson + nb2 + nb2,7470.736772109824,False,False
4,1500,10,3,zip + poisson + poisson,7473.993740398993,False,False
1,500,1,2,student_t + gaussian,1871.641460389563,True,True
1,500,2,2,student_t + skew_normal,1877.8560742473064,False,False
1,500,3,2,student_t + student_t,1877.9437750898678,False,True
1,500,4,2,gaussian + gaussian,1881.1087194007366,False,False
1,500,5,2,gaussian + skew_normal,1887.3233488536728,False,False
1,500,6,2,skew_normal + gaussian,1887.3235865050617,False,False
1,500,7,2,gaussian + student_t,1887.4235956671143,True,True
1,500,8,2,skew_normal + skew_normal,1893.5382157300521,False,False
1,500,9,2,skew_normal + student_t,1893.642289228691,False,False
1,500,10,3,student_t + gaussian + gaussian,1908.8521489033221,False,False
1,1000,1,2,student_t + gaussian,3750.930428486355,True,True
1,1000,2,2,student_t + skew_normal,3757.836508718457,False,False
1,1000,3,2,student_t + student_t,3757.840732797192,False,True
1,1000,4,2,gaussian + gaussian,3783.5220105178887,False,False
1,1000,5,2,gaussian + skew_normal,3790.4274253948015,False,False
1,1000,6,2,skew_normal + gaussian,3790.429773518143,False,False
1,1000,7,2,gaussian + student_t,3790.532637220694,True,True
1,1000,8,3,student_t + gaussian + gaussian,3797.303400585147,False,False
1,1000,9,2,skew_normal + skew_normal,3797.3351882782263,False,False
1,1000,10,2,skew_normal + student_t,3797.4049464609466,False,False
1,1500,1,2,student_t + gaussian,5650.297300646632,True,True
1,1500,2,2,student_t + student_t,5655.949993810097,False,True
1,1500,3,2,gaussian + student_t,5656.047390391435,True,True
1,1500,4,2,student_t + skew_normal,5657.610562892121,False,False
1,1500,5,2,skew_normal + student_t,5663.360553070639,False,False
1,1500,6,2,gaussian + gaussian,5688.019461398257,False,False
1,1500,7,2,skew_normal + gaussian,5695.332815848833,False,False
1,1500,8,2,gaussian + skew_normal,5695.332940619875,False,False
1,1500,9,3,gaussian + student_t + gaussian,5696.254423488521,False,False
1,1500,10,3,student_t + gaussian + gaussian,5698.368497443408,False,False
2,500,1,2,lognormal + inverse_gaussian,1277.486227175468,False,False
2,500,2,2,gamma + lognormal,1278.5716237231677,True,True
2,500,3,2,lognormal + lognormal,1278.9205243434183,False,False
2,500,4,2,inverse_gaussian + gamma,1296.5202086230572,False,False
2,500,5,2,gamma + inverse_gaussian,1296.5226715348306,False,False
2,500,6,2,inverse_gaussian + inverse_gaussian,1297.0105628617289,False,False
2,500,7,2,inverse_gaussian + lognormal,1297.9870292105172,False,False
2,500,8,3,lognormal + inverse_gaussian + lognormal,1301.5126389137304,False,False
2,500,9,3,inverse_gaussian + lognormal + lognormal,1301.5494859186238,False,False
2,500,10,3,lognormal + inverse_gaussian + inverse_gaussian,1305.3621278474525,False,False
2,1000,1,2,gamma + lognormal,2446.665291369232,True,True
2,1000,2,2,lognormal + gamma,2446.6710129544063,True,True
2,1000,3,2,lognormal + lognormal,2450.7452336223087,False,False
2,1000,4,2,lognormal + inverse_gaussian,2452.0954673545066,False,False
2,1000,5,3,inverse_gaussian + lognormal + gamma,2490.9492223220814,False,False
2,1000,6,3,gamma + inverse_gaussian + lognormal,2491.0369504405026,False,False
2,1000,7,3,gamma + lognormal + inverse_gaussian,2491.0369542045773,False,False
2,1000,8,3,lognormal + gamma + inverse_gaussian,2491.0369542045773,False,False
2,1000,9,3,lognormal + inverse_gaussian + gamma,2491.03695454466,False,False
2,1000,10,3,gamma + gamma + inverse_gaussian,2492.3729052156377,False,False
2,1500,1,2,lognormal + gamma,3703.4648042182953,True,True
2,1500,2,2,gamma + lognormal,3703.4648042182953,True,True
2,1500,3,2,lognormal + lognormal,3706.9010994161854,False,False
2,1500,4,2,lognormal + inverse_gaussian,3715.800814375251,False,False
2,1500,5,3,gamma + gamma + inverse_gaussian,3742.241872432742,False,False
2,1500,6,3,gamma + inverse_gaussian + gamma,3742.2418849565206,False,False
2,1500,7,3,inverse_gaussian + gamma + lognormal,3743.5815251255676,False,False
2,1500,8,3,lognormal + gamma + lognormal,3744.3661016779174,False,False
2,1500,9,3,gamma + lognormal + lognormal,3744.3661016779174,False,False
2,1500,10,3,lognormal + lognormal + gamma,3744.3661026672776,False,False
3,500,1,2,zip + poisson,2737.1399344222264,False,False
3,500,2,2,poisson + zip,2737.186169705016,False,False
3,500,3,2,nb2 + nb2,2740.107221109357,False,True
3,500,4,2,zip + nb2,2742.48709931557,False,False
3,500,5,2,nb2 + zip,2742.8167852675697,False,False
3,500,6,2,zip + zip,2743.360479540185,False,False
3,500,7,3,poisson + poisson + poisson,2753.356883819449,False,False
3,500,8,2,poisson + poisson,2757.246226744085,False,False
3,500,9,3,poisson + poisson + zip,2762.5773847943497,False,False
3,500,10,2,nb2 + poisson,2763.4832254493394,True,True
3,1000,1,2,nb2 + nb2,5490.613794175712,False,True
3,1000,2,3,poisson + poisson + zip,5516.71817022647,False,False
3,1000,3,2,zip + poisson,5519.5030290374225,False,False
3,1000,4,3,nb2 + poisson + nb2,5524.763227353984,False,False
3,1000,5,3,poisson + zip + nb2,5525.569998045058,False,False
3,1000,6,2,zip + zip,5526.194398562824,False,False
3,1000,7,3,poisson + poisson + poisson,5526.656582994319,False,False
3,1000,8,3,nb2 + zip + poisson,5526.711462682013,False,False
3,1000,9,3,zip + poisson + nb2,5526.734073915222,False,False
3,1000,10,3,nb2 + nb2 + poisson,5526.919966881171,False,False
3,1500,1,2,nb2 + nb2,8194.855388590986,False,True
3,1500,2,3,poisson + nb2 + nb2,8231.365178414808,False,False
3,1500,3,3,nb2 + nb2 + poisson,8231.861921282076,False,False
3,1500,4,3,nb2 + poisson + nb2,8234.155558108909,False,False
3,1500,5,3,zip + poisson + poisson,8235.54150143927,False,False
3,1500,6,3,nb2 + nb2 + zip,8239.349967927692,False,False
3,1500,7,3,zip + poisson + nb2,8239.77979270196,False,False
3,1500,8,3,nb2 + zip + poisson,8240.517611805539,False,False
3,1500,9,3,zip + nb2 + nb2,8241.874934876263,False,False
3,1500,10,3,nb2 + zip + nb2,8241.93591005125,False,False
4,500,1,2,zip + poisson,2456.252603178622,True,True
4,500,2,2,poisson + zip,2456.3212175421368,True,True
4,500,3,2,zip + nb2,2461.462681832587,False,False
4,500,4,2,zip + zip,2462.409467647708,False,True
4,500,5,2,nb2 + zip,2462.5380827462723,False,False
4,500,6,2,nb2 + nb2,2480.0984534097497,False,False
4,500,7,3,poisson + nb2 + zip,2480.9915396453016,False,False
4,500,8,3,zip + poisson + poisson,2482.155634178066,False,False
4,500,9,3,poisson + zip + poisson,2483.087026299738,False,False
4,500,10,3,nb2 + poisson + poisson,2483.5370768870903,False,False
4,1000,1,2,zip + poisson,4987.011350678932,True,True
4,1000,2,2,poisson + zip,4987.115667625426,True,True
4,1000,3,2,zip + nb2,4992.099190163774,False,False
4,1000,4,2,nb2 + zip,4992.243380446623,False,False
4,1000,5,2,zip + zip,4993.9808927685835,False,True
4,1000,6,3,poisson + nb2 + nb2,5023.802265637539,False,False
4,1000,7,3,zip + poisson + poisson,5025.66928222378,False,False
4,1000,8,3,poisson + zip + poisson,5026.023164771638,False,False
4,1000,9,3,poisson + poisson + zip,5026.242145620521,False,False
4,1000,10,3,nb2 + poisson + nb2,5028.029394545709,False,False
4,1500,1,2,poisson + zip,7391.660319985516,True,True
4,1500,2,2,zip + poisson,7391.756330005907,True,True
4,1500,3,2,zip + nb2,7395.671732272208,False,False
4,1500,4,2,nb2 + zip,7395.7598539637165,False,False
4,1500,5,2,zip + zip,7399.141429316944,False,True
4,1500,6,3,poisson + poisson + nb2,7424.383110113708,False,False
4,1500,7,3,poisson + nb2 + poisson,7426.863700646457,False,False
4,1500,8,3,nb2 + poisson + poisson,7428.087560066696,False,False
4,1500,9,3,nb2 + nb2 + poisson,7432.547199431426,False,False
4,1500,10,3,poisson + poisson + zip,7435.044966191112,False,False
1,500,1,2,gaussian + gaussian,1879.1537057702976,False,False
1,500,2,2,student_t + gaussian,1883.34580826345,True,True
1,500,3,2,gaussian + student_t,1885.3634568778737,True,True
1,500,4,2,gaussian + skew_normal,1885.3683322505433,False,False
1,500,5,2,skew_normal + gaussian,1885.3684108342889,False,False
1,500,6,2,student_t + skew_normal,1889.5602858204913,False,False
1,500,7,2,student_t + student_t,1889.567227069459,False,True
1,500,8,2,skew_normal + student_t,1891.5766492604337,False,False
1,500,9,2,skew_normal + skew_normal,1891.583038408005,False,False
1,500,10,3,gaussian + gaussian + gaussian,1921.5200772220583,False,False
1,1000,1,2,student_t + gaussian,3860.536690343534,True,True
1,1000,2,2,student_t + student_t,3867.20952100299,False,True
1,1000,3,2,student_t + skew_normal,3867.4443852320505,False,False
1,1000,4,2,gaussian + gaussian,3881.021253820976,False,False
1,1000,5,2,gaussian + student_t,3881.233501620923,True,True
1,1000,6,2,gaussian + skew_normal,3887.928954604091,False,False
1,1000,7,2,skew_normal + gaussian,3887.9290416658087,False,False
1,1000,8,2,skew_normal + student_t,3888.1417022959845,False,False
1,1000,9,2,skew_normal + skew_normal,3894.8367425761276,False,False
1,1000,10,3,student_t + gaussian + gaussian,3905.6112161882456,False,False
1,1500,1,2,student_t + gaussian,5589.555698658625,True,True
1,1500,2,2,student_t + student_t,5591.765399240327,False,True
1,1500,3,2,student_t + skew_normal,5596.868981655306,False,False
1,1500,4,2,gaussian + student_t,5598.890934579707,True,True
1,1500,5,2,skew_normal + student_t,5606.204699022281,False,False
1,1500,6,3,student_t + gaussian + gaussian,5630.783340610442,False,False
1,1500,7,3,student_t + gaussian + student_t,5633.988081738378,False,False
1,1500,8,3,student_t + student_t + gaussian,5638.094243883308,False,False
1,1500,9,3,student_t + gaussian + skew_normal,5638.095707167775,False,False
1,1500,10,3,student_t + skew_normal + gaussian,5638.097313415636,False,False
2,500,1,2,lognormal + lognormal,1048.4739541346903,False,False
2,500,2,2,lognormal + gamma,1051.2424882468333,True,True
2,500,3,2,gamma + lognormal,1051.2430008233187,True,True
2,500,4,2,inverse_gaussian + lognormal,1056.8439167248946,False,False
2,500,5,2,lognormal + inverse_gaussian,1056.8439167248946,False,False
2,500,6,2,inverse_gaussian + gamma,1069.6261981915707,False,False
2,500,7,2,gamma + inverse_gaussian,1069.6261981915707,False,False
2,500,8,3,lognormal + lognormal + lognormal,1075.1294164177368,False,False
2,500,9,2,inverse_gaussian + inverse_gaussian,1075.4892737197138,False,False
2,500,10,3,gamma + lognormal + lognormal,1078.4931939766848,False,False
2,1000,1,2,lognormal + gamma,2560.855306758699,True,True
2,1000,2,2,gamma + lognormal,2560.857913060606,True,True
2,1000,3,2,lognormal + lognormal,2561.9822696811725,False,False
2,1000,4,2,inverse_gaussian + lognormal,2586.0654182895655,False,False
2,1000,5,2,lognormal + inverse_gaussian,2586.0654182895655,False,False
2,1000,6,3,lognormal + gamma + lognormal,2599.128163109197,False,False
2,1000,7,3,gamma + lognormal + gamma,2599.300220495681,False,False
2,1000,8,3,lognormal + lognormal + gamma,2599.5311490813174,False,False
2,1000,9,3,lognormal + lognormal + lognormal,2599.9722080922934,False,False
2,1000,10,3,inverse_gaussian + gamma + lognormal,2602.13500425086,False,False
2,1500,1,2,lognormal + lognormal,3471.7619646123944,False,False
2,1500,2,2,lognormal + gamma,3471.8450599774123,True,True
2,1500,3,2,gamma + lognormal,3471.8450599774123,True,True
2,1500,4,2,lognormal + inverse_gaussian,3479.9234519253546,False,False
2,1500,5,2,inverse_gaussian + lognormal,3479.9234519253546,False,False
2,1500,6,3,lognormal + lognormal + lognormal,3513.3902182028583,False,False
2,1500,7,3,lognormal + lognormal + gamma,3514.2901256927266,False,False
2,1500,8,3,lognormal + gamma + lognormal,3514.3807563144355,False,False
2,1500,9,3,lognormal + lognormal + inverse_gaussian,3520.6289817599895,False,False
2,1500,10,3,inverse_gaussian + lognormal + lognormal,3520.8865292193773,False,False
3,500,1,2,zip + poisson,2762.7950253906606,False,False
3,500,2,2,poisson + zip,2763.356590219923,False,False
3,500,3,2,nb2 + zip,2764.983844074536,False,False
3,500,4,2,zip + nb2,2765.0482514940486,False,False
3,500,5,2,poisson + poisson,2765.2458932153445,False,False
3,500,6,2,nb2 + nb2,2765.3330152511953,False,True
3,500,7,2,nb2 + poisson,2766.428101825605,True,True
3,500,8,2,poisson + nb2,2766.448270123442,True,True
3,500,9,2,zip + zip,2769.053413221296,False,False
3,500,10,3,poisson + poisson + poisson,2781.6672496545534,False,False
3,1000,1,2,nb2 + nb2,5430.2093557613725,False,True
3,1000,2,2,poisson + zip,5432.4463960281855,False,False
3,1000,3,2,zip + poisson,5432.674413770274,False,False
3,1000,4,2,zip + nb2,5436.967703818579,False,False
3,1000,5,2,zip + zip,5438.756639803804,False,False
3,1000,6,2,nb2 + zip,5439.459730922844,False,False
3,1000,7,2,poisson + poisson,5456.428855542433,False,False
3,1000,8,3,nb2 + poisson + poisson,5459.809709362659,False,False
3,1000,9,2,poisson + nb2,5461.788228688013,True,True
3,1000,10,2,nb2 + poisson,5462.58730794707,True,True
3,1500,1,2,nb2 + nb2,8183.388415935812,False,True
3,1500,2,2,zip + poisson,8194.574917025802,False,False
3,1500,3,2,poisson + zip,8194.819785898691,False,False
3,1500,4,2,nb2 + zip,8199.526016144111,False,False
3,1500,5,2,zip + nb2,8200.826854877285,False,False
3,1500,6,2,zip + zip,8201.648995375517,False,False
3,1500,7,3,poisson + poisson + poisson,8205.547662633337,False,False
3,1500,8,3,poisson + poisson + zip,8206.060417822777,False,False
3,1500,9,3,poisson + nb2 + zip,8208.395867468618,False,False
3,1500,10,3,nb2 + poisson + zip,8208.630502667711,False,False
4,500,1,2,poisson + zip,2472.0050756135633,True,True
4,500,2,2,zip + poisson,2472.020505221356,True,True
4,500,3,2,nb2 + zip,2478.17708240758,False,False
4,500,4,2,zip + nb2,2478.237809902781,False,False
4,500,5,2,zip + zip,2478.254917391436,False,True
4,500,6,2,nb2 + nb2,2494.2615401328276,False,False
4,500,7,3,poisson + poisson + nb2,2496.679212137066,False,False
4,500,8,3,nb2 + nb2 + poisson,2502.454045536948,False,False
4,500,9,3,poisson + nb2 + nb2,2503.082642530422,False,False
4,500,10,3,nb2 + poisson + poisson,2503.9849934719296,False,False
4,1000,1,2,zip + poisson,4913.511184782071,True,True
4,1000,2,2,poisson + zip,4913.547172953885,True,True
4,1000,3,2,nb2 + zip,4918.2884866897575,False,False
4,1000,4,2,zip + nb2,4920.03974290803,False,False
4,1000,5,2,zip + zip,4920.35526993603,False,True
4,1000,6,3,poisson + nb2 + poisson,4942.319226993721,False,False
4,1000,7,3,poisson + poisson + nb2,4943.359664266677,False,False
4,1000,8,3,zip + poisson + poisson,4946.780511120823,False,False
4,1000,9,3,poisson + nb2 + zip,4949.352575583192,False,False
4,1000,10,3,nb2 + poisson + nb2,4949.375244560746,False,False
4,1500,1,2,zip + poisson,7265.8959384690725,True,True
4,1500,2,2,poisson + zip,7265.991899157748,True,True
4,1500,3,2,zip + nb2,7273.107701881145,False,False
4,1500,4,2,nb2 + zip,7273.158534740176,False,False
4,1500,5,2,zip + zip,7273.281844138405,False,True
4,1500,6,3,nb2 + poisson + poisson,7288.431523289396,False,False
4,1500,7,3,poisson + poisson + nb2,7291.167400601041,False,False
4,1500,8,3,nb2 + nb2 + poisson,7295.203322397874,False,False
4,1500,9,3,poisson + nb2 + nb2,7295.5621934219425,False,False
4,1500,10,3,nb2 + poisson + nb2,7295.564208059324,False,False
1,500,1,2,student_t + gaussian,1919.0833278829994,True,True
1,500,2,2,student_t + student_t,1925.2808640845956,False,True
1,500,3,2,student_t + skew_normal,1925.2978581837388,False,False
1,500,4,2,gaussian + student_t,1943.2789254176494,True,True
1,500,5,2,gaussian + gaussian,1945.6156782033493,False,False
1,500,6,2,skew_normal + student_t,1949.4934334906413,False,False
1,500,7,3,student_t + gaussian + gaussian,1951.671717958581,False,False
1,500,8,2,skew_normal + gaussian,1951.8302238111244,False,False
1,500,9,2,gaussian + skew_normal,1951.830314301362,False,False
1,500,10,3,student_t + gaussian + student_t,1956.8160410102687,False,False
1,1000,1,2,student_t + gaussian,3805.4006438248593,True,True
1,1000,2,2,gaussian + gaussian,3811.531065687161,False,False
1,1000,3,2,student_t + skew_normal,3812.307458770853,False,False
1,1000,4,2,student_t + student_t,3812.358467133992,False,True
1,1000,5,2,gaussian + student_t,3818.3435334097335,True,True
1,1000,6,2,skew_normal + gaussian,3818.4388147676696,False,False
1,1000,7,2,gaussian + skew_normal,3818.439366333879,False,False
1,1000,8,2,skew_normal + student_t,3825.242381261783,False,False
1,1000,9,2,skew_normal + skew_normal,3825.3471151692343,False,False
1,1000,10,3,student_t + gaussian + gaussian,3846.9357985566576,False,False
1,1500,1,2,student_t + gaussian,5748.793159629595,True,True
1,1500,2,2,student_t + skew_normal,5756.106352651176,False,False
1,1500,3,2,student_t + student_t,5756.206595250359,False,True
1,1500,4,2,gaussian + student_t,5781.475258708633,True,True
1,1500,5,2,skew_normal + student_t,5788.788361022011,False,False
1,1500,6,2,gaussian + gaussian,5793.790794914994,False,False
1,1500,7,3,student_t + gaussian + gaussian,5795.616152340886,False,False
1,1500,8,2,gaussian + skew_normal,5801.104017315383,False,False
1,1500,9,2,skew_normal + gaussian,5801.104051733071,False,False
1,1500,10,3,student_t + skew_normal + gaussian,5802.929187646394,False,False
2,500,1,2,lognormal + gamma,1109.6205521373622,True,True
2,500,2,2,gamma + lognormal,1109.6205521373622,True,True
2,500,3,2,inverse_gaussian + lognormal,1109.9571441332248,False,False
2,500,4,2,lognormal + lognormal,1111.7145482546903,False,False
2,500,5,2,inverse_gaussian + inverse_gaussian,1113.344074158232,False,False
2,500,6,2,inverse_gaussian + gamma,1113.7200617142407,False,False
2,500,7,2,gamma + inverse_gaussian,1113.7200617142407,False,False
2,500,8,2,lognormal + inverse_gaussian,1116.772608223277,False,False
2,500,9,2,gamma + gamma,1123.490809485351,False,False
2,500,10,3,gamma + inverse_gaussian + inverse_gaussian,1143.0714262501153,False,False
2,1000,1,2,lognormal + lognormal,2508.1476428278866,False,False
2,1000,2,2,gamma + lognormal,2508.852398428816,True,True
2,1000,3,2,inverse_gaussian + lognormal,2523.50638007853,False,False
2,1000,4,2,lognormal + inverse_gaussian,2523.50638007853,False,False
2,1000,5,3,inverse_gaussian + lognormal + lognormal,2547.8814191138686,False,False
2,1000,6,3,lognormal + lognormal + inverse_gaussian,2548.001234494131,False,False
2,1000,7,3,gamma + lognormal + lognormal,2548.2756132789773,False,False
2,1000,8,3,gamma + lognormal + gamma,2548.41240164569,False,False
2,1000,9,3,inverse_gaussian + lognormal + gamma,2548.507608082944,False,False
2,1000,10,3,inverse_gaussian + gamma + lognormal,2548.783673567801,False,False
2,1500,1,2,lognormal + gamma,3301.851081945521,True,True
2,1500,2,2,gamma + lognormal,3301.851081945521,True,True
2,1500,3,2,lognormal + lognormal,3310.136628395971,False,False
2,1500,4,2,inverse_gaussian + lognormal,3333.8237773611613,False,False
2,1500,5,2,lognormal + inverse_gaussian,3333.8237773611613,False,False
2,1500,6,3,gamma + gamma + lognormal,3344.517519005445,False,False
2,1500,7,3,lognormal + gamma + gamma,3344.5175206361896,False,False
2,1500,8,3,gamma + lognormal + gamma,3344.5175206361896,False,False
2,1500,9,3,lognormal + gamma + lognormal,3345.6619959907653,False,False
2,1500,10,3,gamma + lognormal + lognormal,3345.6619982774787,False,False
3,500,1,2,nb2 + nb2,2781.1970131533053,False,True
3,500,2,2,poisson + zip,2783.6502082907928,False,False
3,500,3,2,zip + nb2,2789.549919600454,False,False
3,500,4,2,nb2 + zip,2789.828340757368,False,False
3,500,5,2,poisson + poisson,2793.4900979491617,False,False
3,500,6,3,zip + poisson + zip,2794.432584481058,False,False
3,500,7,3,poisson + zip + nb2,2794.6884798660117,False,False
3,500,8,3,zip + nb2 + poisson,2797.410162027839,False,False
3,500,9,2,poisson + nb2,2797.885336806914,True,True
3,500,10,2,nb2 + poisson,2797.9081862745065,True,True
3,1000,1,2,nb2 + nb2,5510.768153094916,False,True
3,1000,2,2,zip + poisson,5515.633051711784,False,False
3,1000,3,2,poisson + zip,5515.723908752966,False,False
3,1000,4,2,zip + nb2,5520.866262993996,False,False
3,1000,5,2,nb2 + zip,5520.903715467218,False,False
3,1000,6,2,zip + zip,5522.424331250103,False,False
3,1000,7,3,zip + poisson + poisson,5530.315649831373,False,False
3,1000,8,3,poisson + poisson + poisson,5534.2354997313605,False,False
3,1000,9,3,poisson + poisson + nb2,5535.394413291614,False,False
3,1000,10,3,poisson + nb2 + poisson,5536.532469838109,False,False
3,1500,1,2,zip + poisson,8205.389387596932,False,False
3,1500,2,2,poisson + zip,8205.511033383254,False,False
3,1500,3,2,nb2 + nb2,8209.804602126589,False,True
3,1500,4,2,zip + nb2,8209.810001903174,False,False
3,1500,5,2,nb2 + zip,8210.280342414855,False,False
3,1500,6,2,zip + zip,8212.780089423288,False,False
3,1500,7,3,poisson + poisson + poisson,8234.499799260053,False,False
3,1500,8,3,poisson + nb2 + poisson,8235.101069654687,False,False
3,1500,9,3,nb2 + poisson + poisson,8235.632105049166,False,False
3,1500,10,3,poisson + poisson + nb2,8236.673574097174,False,False
4,500,1,2,zip + poisson,2481.382817676578,True,True
4,500,2,2,poisson + zip,2481.4072903290985,True,True
4,500,3,2,nb2 + zip,2486.6911441289585,False,False
4,500,4,2,zip + nb2,2486.6937398982845,False,False
4,500,5,2,zip + zip,2487.649318388135,False,True
4,500,6,2,nb2 + nb2,2508.525643163607,False,False
4,500,7,3,poisson + poisson + nb2,2510.3811124371978,False,False
4,500,8,3,zip + poisson + poisson,2512.259021947348,False,False
4,500,9,3,poisson + nb2 + zip,2515.1253752203847,False,False
4,500,10,3,poisson + nb2 + nb2,2515.157650900241,False,False
4,1000,1,2,poisson + zip,4957.354637553388,True,True
4,1000,2,2,zip + poisson,4957.483331638755,True,True
4,1000,3,2,zip + zip,4964.150847292069,False,True
4,1000,4,2,nb2 + zip,4964.371500168271,False,False
4,1000,5,2,zip + nb2,4964.401785106477,False,False
4,1000,6,3,poisson + nb2 + poisson,4989.832233286645,False,False
4,1000,7,3,poisson + poisson + nb2,4990.833795508149,False,False
4,1000,8,3,nb2 + poisson + poisson,4991.273328860321,False,False
4,1000,9,3,poisson + zip + poisson,4993.382706538155,False,False
4,1000,10,3,zip + poisson + poisson,4993.468791042382,False,False
4,1500,1,2,zip + poisson,7404.239311388638,True,True
4,1500,2,2,poisson + zip,7404.240566086909,True,True
4,1500,3,2,nb2 + zip,7411.407774848218,False,False
4,1500,4,2,zip + zip,7411.463831662712,False,True
4,1500,5,2,zip + nb2,7411.498313219845,False,False
4,1500,6,3,nb2 + poisson + poisson,7438.04501071426,False,False
4,1500,7,3,poisson + poisson + poisson,7439.299655594706,False,False
4,1500,8,3,poisson + zip + poisson,7441.60289811124,False,False
4,1500,9,3,poisson + nb2 + poisson,7441.886964393768,False,False
4,1500,10,3,poisson + nb2 + nb2,7444.514093833844,False,False
1,500,1,2,student_t + gaussian,1929.0453100169696,True,True
1,500,2,2,student_t + student_t,1935.2559653802477,False,True
1,500,3,2,student_t + skew_normal,1935.2601470196742,False,False
1,500,4,2,gaussian + student_t,1956.8751861488838,True,True
1,500,5,2,skew_normal + student_t,1963.089517493137,False,False
1,500,6,3,gaussian + gaussian + gaussian,1963.3401389594803,False,False
1,500,7,3,student_t + gaussian + gaussian,1965.3410455712708,False,False
1,500,8,3,gaussian + gaussian + skew_normal,1969.5469670969087,False,False
1,500,9,3,skew_normal + gaussian + gaussian,1969.5547990126406,False,False
1,500,10,3,gaussian + skew_normal + gaussian,1969.556992360842,False,False
1,1000,1,2,student_t + gaussian,3822.803795494688,True,True
1,1000,2,2,student_t + skew_normal,3829.710967809428,False,False
1,1000,3,2,student_t + student_t,3830.7192750879935,False,True
1,1000,4,2,gaussian + student_t,3835.993215842062,True,True
1,1000,5,2,skew_normal + student_t,3842.9007076430566,False,False
1,1000,6,3,student_t + gaussian + gaussian,3869.702632158212,False,False
1,1000,7,3,gaussian + gaussian + student_t,3869.828285108555,False,False
1,1000,8,3,gaussian + student_t + gaussian,3870.5688066874077,False,False
1,1000,9,3,student_t + gaussian + student_t,3872.9893368752164,False,False
1,1000,10,3,gaussian + student_t + student_t,3874.000324104177,False,False
1,1500,1,2,student_t + gaussian,5593.820424568114,True,True
1,1500,2,2,student_t + skew_normal,5601.13368509148,False,False
1,1500,3,2,student_t + student_t,5601.140579301285,False,True
1,1500,4,2,gaussian + gaussian,5620.310702904877,False,False
1,1500,5,2,gaussian + skew_normal,5627.623223909186,False,False
1,1500,6,2,skew_normal + gaussian,5627.623995025739,False,False
1,1500,7,2,gaussian + student_t,5634.537691449609,True,True
1,1500,8,2,skew_normal + skew_normal,5634.936516389799,False,False
1,1500,9,3,student_t + gaussian + gaussian,5640.314903448811,False,False
1,1500,10,2,skew_normal + student_t,5641.8511075724155,False,False
2,500,1,2,lognormal + gamma,1367.0729411064,True,True
2,500,2,2,gamma + lognormal,1367.075153945799,True,True
2,500,3,2,lognormal + lognormal,1369.3323513152584,False,False
2,500,4,2,inverse_gaussian + lognormal,1372.3074527548301,False,False
2,500,5,2,lognormal + inverse_gaussian,1372.3074527548301,False,False
2,500,6,3,gamma + lognormal + inverse_gaussian,1392.0231694170075,False,False
2,500,7,3,inverse_gaussian + gamma + gamma,1392.8039830738587,False,False
2,500,8,3,gamma + inverse_gaussian + gamma,1392.8039830738587,False,False
2,500,9,3,inverse_gaussian + gamma + lognormal,1395.7742669155527,False,False
2,500,10,3,gamma + inverse_gaussian + lognormal,1395.7742669155527,False,False
2,1000,1,2,lognormal + lognormal,2289.7976092680083,False,False
2,1000,2,2,lognormal + gamma,2290.481982545295,True,True
2,1000,3,2,gamma + lognormal,2290.488982212653,True,True
2,1000,4,3,lognormal + lognormal + lognormal,2327.119149961046,False,False
2,1000,5,3,lognormal + gamma + inverse_gaussian,2327.895301841889,False,False
2,1000,6,3,lognormal + inverse_gaussian + gamma,2327.8953021218367,False,False
2,1000,7,2,inverse_gaussian + gamma,2330.125190634215,False,False
2,1000,8,2,gamma + inverse_gaussian,2330.125190634215,False,False
2,1000,9,2,inverse_gaussian + lognormal,2330.723140219446,False,False
2,1000,10,2,lognormal + inverse_gaussian,2330.723140219446,False,False
2,1500,1,2,gamma + lognormal,3373.1230483940703,True,True
2,1500,2,2,lognormal + lognormal,3377.371644210383,False,False
2,1500,3,2,inverse_gaussian + lognormal,3396.5899742502397,False,False
2,1500,4,3,gamma + gamma + lognormal,3411.0564824491867,False,False
2,1500,5,3,lognormal + gamma + gamma,3411.332094928456,False,False
2,1500,6,3,gamma + lognormal + gamma,3411.4923793595435,False,False
2,1500,7,3,lognormal + lognormal + gamma,3415.713308884252,False,False
2,1500,8,3,gamma + lognormal + lognormal,3415.7133091675505,False,False
2,1500,9,3,lognormal + gamma + lognormal,3415.721843929931,False,False
2,1500,10,3,gamma + gamma + inverse_gaussian,3419.6512878317776,False,False
3,500,1,2,nb2 + nb2,2775.758121048194,False,True
3,500,2,2,poisson + zip,2777.670858166165,False,False
3,500,3,2,zip + poisson,2777.703788117041,False,False
3,500,4,2,zip + nb2,2783.4979442159056,False,False
3,500,5,2,zip + zip,2783.8641988852523,False,False
3,500,6,2,nb2 + zip,2784.1409375270605,False,False
3,500,7,3,poisson + poisson + poisson,2795.493652029107,False,False
3,500,8,2,poisson + poisson,2796.481809503578,False,False
3,500,9,3,nb2 + poisson + poisson,2799.931418411545,False,False
3,500,10,2,nb2 + poisson,2800.548337181464,True,True
3,1000,1,2,nb2 + nb2,5479.7410540106885,False,True
3,1000,2,2,zip + poisson,5492.55752167267,False,False
3,1000,3,2,poisson + zip,5492.727109457951,False,False
3,1000,4,2,zip + nb2,5498.520707856121,False,False
3,1000,5,2,nb2 + zip,5498.568591595776,False,False
3,1000,6,2,zip + zip,5499.667018229632,False,False
3,1000,7,3,poisson + zip + poisson,5503.5169338768,False,False
3,1000,8,3,zip + poisson + nb2,5509.208128034172,False,False
3,1000,9,3,zip + nb2 + poisson,5509.838524485856,False,False
3,1000,10,3,zip + poisson + poisson,5510.694735682806,False,False
3,1500,1,2,nb2 + nb2,8161.242166948572,False,True
3,1500,2,2,poisson + zip,8184.053915379977,False,False
3,1500,3,2,zip + poisson,8184.1302774403475,False,False
3,1500,4,2,zip + nb2,8189.295378184772,False,False
3,1500,5,2,nb2 + zip,8190.3701470962615,False,False
3,1500,6,2,zip + zip,8191.686163108169,False,False
3,1500,7,3,zip + poisson + poisson,8193.178641441946,False,False
3,1500,8,3,nb2 + poisson + zip,8198.815753134604,False,False
3,1500,9,3,zip + poisson + nb2,8199.794625707511,False,False
3,1500,10,3,zip + nb2 + poisson,8199.833599634088,False,False
4,500,1,2,zip + poisson,2482.5791820426125,True,True
4,500,2,2,poisson + zip,2482.5831443629313,True,True
4,500,3,2,nb2 + zip,2487.3968172144923,False,False
4,500,4,2,zip + nb2,2487.7704053834414,False,False
4,500,5,2,zip + zip,2488.7762438119216,False,True
4,500,6,2,nb2 + nb2,2493.9751688399847,False,False
4,500,7,2,poisson + poisson,2502.9906697694723,False,False
4,500,8,3,zip + poisson + poisson,2507.696809405073,False,False
4,500,9,2,nb2 + poisson,2508.9422255790846,False,False
4,500,10,2,poisson + nb2,2508.9437168278973,False,False
4,1000,1,2,zip + poisson,4933.711554828007,True,True
4,1000,2,2,poisson + zip,4933.719130503219,True,True
4,1000,3,2,nb2 + zip,4939.8685689023705,False,False
4,1000,4,2,zip + nb2,4939.9970567673245,False,False
4,1000,5,2,zip + zip,4940.42343518719,False,True
4,1000,6,3,poisson + poisson + poisson,4963.809469643033,False,False
4,1000,7,3,poisson + poisson + zip,4967.562787379614,False,False
4,1000,8,3,zip + poisson + poisson,4968.178505304115,False,False
4,1000,9,3,poisson + zip + poisson,4972.323620832554,False,False
4,1000,10,3,poisson + poisson + nb2,4972.5707396287435,False,False
4,1500,1,2,zip + poisson,7387.371704617089,True,True
4,1500,2,2,poisson + zip,7387.4196270978755,True,True
4,1500,3,2,nb2 + zip,7394.754512000269,False,False
4,1500,4,2,zip + nb2,7394.8445288157445,False,False
4,1500,5,2,zip + zip,7394.874517691556,False,True
4,1500,6,2,nb2 + nb2,7414.277229397542,False,False
4,1500,7,3,poisson + nb2 + poisson,7418.054929117211,False,False
4,1500,8,3,poisson + poisson + nb2,7419.187265096319,False,False
4,1500,9,3,nb2 + poisson + nb2,7422.788497200299,False,False
4,1500,10,3,poisson + poisson + poisson,7425.5062382251845,False,False
1,500,1,2,gaussian + gaussian,1858.2104747019296,False,False
1,500,2,2,student_t + gaussian,1859.8327717149537,True,True
1,500,3,2,gaussian + student_t,1862.7771437368385,True,True
1,500,4,2,gaussian + skew_normal,1864.424348860494,False,False
1,500,5,2,skew_normal + gaussian,1864.4251291264482,False,False
1,500,6,2,student_t + student_t,1864.5626914085528,False,True
1,500,7,2,student_t + skew_normal,1866.0476601665716,False,False
1,500,8,2,skew_normal + student_t,1868.9917204926078,False,False
1,500,9,2,skew_normal + skew_normal,1870.639003434429,False,False
1,500,10,3,gaussian + gaussian + gaussian,1896.140509215158,False,False
1,1000,1,2,student_t + gaussian,3848.450352927488,True,True
1,1000,2,2,student_t + student_t,3855.109957094162,False,True
1,1000,3,2,student_t + skew_normal,3855.356580641295,False,False
1,1000,4,2,gaussian + gaussian,3862.8816172455345,False,False
1,1000,5,2,gaussian + skew_normal,3869.789129426879,False,False
1,1000,6,2,skew_normal + gaussian,3869.789360597341,False,False
1,1000,7,2,gaussian + student_t,3869.8619498631438,True,True
1,1000,8,2,skew_normal + skew_normal,3876.696872222781,False,False
1,1000,9,2,skew_normal + student_t,3876.7695899829646,False,False
1,1000,10,3,student_t + gaussian + gaussian,3888.178856091132,False,False
1,1500,1,2,student_t + gaussian,5612.09922099773,True,True
1,1500,2,2,student_t + student_t,5619.277360496372,False,True
1,1500,3,2,student_t + skew_normal,5619.41240826252,False,False
1,1500,4,2,gaussian + student_t,5637.632975560722,True,True
1,1500,5,2,gaussian + gaussian,5642.941609403254,False,False
1,1500,6,2,skew_normal + student_t,5644.946295273584,False,False
1,1500,7,2,gaussian + skew_normal,5650.254820307662,False,False
1,1500,8,2,skew_normal + gaussian,5650.255013396136,False,False
1,1500,9,2,skew_normal + skew_normal,5657.568223958106,False,False
1,1500,10,3,student_t + gaussian + gaussian,5661.424866967926,False,False
2,500,1,2,lognormal + inverse_gaussian,1116.4003419132184,False,False
2,500,2,2,lognormal + lognormal,1117.7802587036522,False,False
2,500,3,2,lognormal + gamma,1118.5710413815307,True,True
2,500,4,2,inverse_gaussian + inverse_gaussian,1127.599727674565,False,False
2,500,5,2,inverse_gaussian + gamma,1128.6511335300363,False,False
2,500,6,2,gamma + inverse_gaussian,1128.6511335300363,False,False
2,500,7,2,inverse_gaussian + lognormal,1128.8470964014562,False,False
2,500,8,3,inverse_gaussian + lognormal + lognormal,1155.0357242919883,False,False
2,500,9,3,lognormal + inverse_gaussian + lognormal,1155.0357242994096,False,False
2,500,10,3,inverse_gaussian + lognormal + inverse_gaussian,1155.62416410402,False,False
2,1000,1,2,lognormal + lognormal,2356.714562671522,False,False
2,1000,2,2,lognormal + gamma,2357.854894011039,True,True
2,1000,3,2,gamma + lognormal,2357.866629084376,True,True
2,1000,4,2,lognormal + inverse_gaussian,2368.0119941507137,False,False
2,1000,5,2,inverse_gaussian + lognormal,2368.0694718962955,False,False
2,1000,6,3,inverse_gaussian + lognormal + lognormal,2388.3183347594345,False,False
2,1000,7,3,lognormal + inverse_gaussian + lognormal,2389.041033683676,False,False
2,1000,8,3,lognormal + lognormal + inverse_gaussian,2389.2263628912906,False,False
2,1000,9,3,lognormal + lognormal + gamma,2390.528681180118,False,False
2,1000,10,3,lognormal + lognormal + lognormal,2390.5671309548734,False,False
2,1500,1,2,lognormal + lognormal,3283.604785020126,False,False
2,1500,2,2,gamma + lognormal,3284.3947619180103,True,True
2,1500,3,2,inverse_gaussian + lognormal,3295.675651161507,False,False
2,1500,4,2,lognormal + inverse_gaussian,3295.675651161507,False,False
2,1500,5,3,lognormal + gamma + lognormal,3322.27419281178,False,False
2,1500,6,3,lognormal + lognormal + lognormal,3324.1258606823562,False,False
2,1500,7,3,lognormal + lognormal + gamma,3325.0126667497807,False,False
2,1500,8,3,gamma + lognormal + lognormal,3325.9685439012846,False,False
2,1500,9,3,lognormal + lognormal + inverse_gaussian,3326.3753813840563,False,False
2,1500,10,3,lognormal + inverse_gaussian + lognormal,3330.796934392042,False,False
3,500,1,2,nb2 + nb2,2820.278398963268,False,True
3,500,2,2,zip + poisson,2826.48553896699,False,False
3,500,3,2,poisson + zip,2826.6072197064523,False,False
3,500,4,2,nb2 + zip,2832.029600358047,False,False
3,500,5,2,zip + zip,2832.659662066937,False,False
3,500,6,3,poisson + poisson + poisson,2832.8619337120285,False,False
3,500,7,3,nb2 + poisson + poisson,2837.6636712799204,False,False
3,500,8,3,poisson + nb2 + poisson,2838.265341991247,False,False
3,500,9,3,poisson + poisson + nb2,2839.7765916651897,False,False
3,500,10,3,poisson + nb2 + nb2,2840.523551144656,False,False
3,1000,1,2,nb2 + nb2,5491.980839639194,False,True
3,1000,2,2,zip + poisson,5497.838279090221,False,False
3,1000,3,2,poisson + zip,5497.9584589804135,False,False
3,1000,4,2,nb2 + zip,5503.120381324491,False,False
3,1000,5,2,zip + nb2,5503.755602166954,False,False
3,1000,6,2,zip + zip,5504.819562033551,False,False
3,1000,7,3,poisson + poisson + zip,5516.125399656903,False,False
3,1000,8,3,nb2 + poisson + zip,5520.739146407101,False,False
3,1000,9,3,poisson + zip + nb2,5521.771495736119,False,False
3,1000,10,3,poisson + nb2 + zip,5521.997926103271,False,False
3,1500,1,2,nb2 + nb2,8214.4476389704,False,True
3,1500,2,2,poisson + zip,8228.105407167459,False,False
3,1500,3,2,zip + poisson,8228.230983308318,False,False
3,1500,4,2,nb2 + zip,8234.231895748811,False,False
3,1500,5,2,zip + nb2,8234.378484514438,False,False
3,1500,6,2,zip + zip,8235.075557030987,False,False
3,1500,7,3,poisson + poisson + poisson,8247.059764119993,False,False
3,1500,8,3,poisson + nb2 + poisson,8249.31990840951,False,False
3,1500,9,3,poisson + nb2 + nb2,8249.518051473377,False,False
3,1500,10,3,nb2 + poisson + nb2,8250.40398737716,False,False
4,500,1,2,zip + poisson,2422.3754963258216,True,True
4,500,2,2,poisson + zip,2422.4668295963006,True,True
4,500,3,2,zip + nb2,2428.1019669883844,False,False
4,500,4,2,zip + zip,2428.5649946454096,False,True
4,500,5,2,nb2 + zip,2428.606933009023,False,False
4,500,6,3,poisson + poisson + poisson,2447.2817179523413,False,False
4,500,7,3,poisson + poisson + nb2,2450.2509840615453,False,False
4,500,8,3,nb2 + poisson + poisson,2452.9017793194066,False,False
4,500,9,3,poisson + nb2 + poisson,2454.4420406874583,False,False
4,500,10,3,nb2 + nb2 + poisson,2457.3082127646453,False,False
4,1000,1,2,poisson + zip,4955.650926417727,True,True
4,1000,2,2,zip + poisson,4955.784372387961,True,True
4,1000,3,2,zip + nb2,4961.903858419521,False,False
4,1000,4,2,nb2 + zip,4961.976397003155,False,False
4,1000,5,2,zip + zip,4962.594968192536,False,True
4,1000,6,3,poisson + poisson + poisson,4983.138949918102,False,False
4,1000,7,3,poisson + zip + nb2,4992.309594659353,False,False
4,1000,8,3,nb2 + zip + poisson,4992.524563050933,False,False
4,1000,9,3,poisson + poisson + zip,4993.636116524989,False,False
4,1000,10,3,nb2 + poisson + zip,4995.07389732067,False,False
4,1500,1,2,zip + poisson,7505.397603790415,True,True
4,1500,2,2,poisson + zip,7505.515321737425,True,True
4,1500,3,2,zip + nb2,7512.487721054478,False,False
4,1500,4,2,nb2 + zip,7512.497007902167,False,False
4,1500,5,2,zip + zip,7512.67768718815,False,True
4,1500,6,3,poisson + poisson + poisson,7538.407643545976,False,False
4,1500,7,3,poisson + poisson + nb2,7539.151807036192,False,False
4,1500,8,3,nb2 + poisson + poisson,7543.555846166703,False,False
4,1500,9,3,poisson + nb2 + poisson,7543.7655965143085,False,False
4,1500,10,3,poisson + poisson + zip,7545.918126217894,False,False
1,500,1,2,student_t + gaussian,1921.3792700200506,True,True
1,500,2,2,gaussian + gaussian,1924.4744461682058,False,False
1,500,3,2,gaussian + student_t,1927.1463706406585,True,True
1,500,4,2,student_t + student_t,1927.230222967636,False,True
1,500,5,2,student_t + skew_normal,1927.59269724336,False,False
1,500,6,2,skew_normal + gaussian,1930.6890299600923,False,False
1,500,7,2,gaussian + skew_normal,1930.6892923132916,False,False
1,500,8,2,skew_normal + student_t,1933.3609631968893,False,False
1,500,9,2,skew_normal + skew_normal,1936.9038764429852,False,False
1,500,10,3,student_t + gaussian + student_t,1959.3820824984275,False,False
1,1000,1,2,student_t + gaussian,3841.057453092272,True,True
1,1000,2,2,student_t + skew_normal,3847.965941071799,False,False
1,1000,3,2,student_t + student_t,3848.0506471831873,False,True
1,1000,4,2,gaussian + student_t,3879.0726920161837,True,True
1,1000,5,3,student_t + gaussian + gaussian,3880.0897584498343,False,False
1,1000,6,2,skew_normal + student_t,3885.980398106129,False,False
1,1000,7,3,student_t + student_t + gaussian,3886.4924250357894,False,False
1,1000,8,3,student_t + gaussian + skew_normal,3886.997728790522,False,False
1,1000,9,3,student_t + skew_normal + gaussian,3886.998210874323,False,False
1,1000,10,3,student_t + gaussian + student_t,3887.3585246654648,False,False
1,1500,1,2,student_t + gaussian,5698.512380330706,True,True
1,1500,2,2,student_t + student_t,5705.787286849606,False,True
1,1500,3,2,student_t + skew_normal,5705.825604917471,False,False
1,1500,4,3,student_t + gaussian + gaussian,5745.836584555707,False,False
1,1500,5,2,gaussian + student_t,5747.58976364567,True,True
1,1500,6,3,student_t + student_t + gaussian,5750.9969720397,False,False
1,1500,7,3,student_t + gaussian + skew_normal,5753.149122459558,False,False
1,1500,8,3,student_t + skew_normal + gaussian,5753.149933257071,False,False
1,1500,9,2,skew_normal + student_t,5754.902606926957,False,False
1,1500,10,3,student_t + gaussian + student_t,5757.0079126490655,False,False
2,500,1,2,lognormal + lognormal,1132.8027602877075,False,False
2,500,2,2,inverse_gaussian + lognormal,1133.48495226183,False,False
2,500,3,2,lognormal + inverse_gaussian,1133.48495226183,False,False
2,500,4,2,lognormal + gamma,1135.020887692266,True,True
2,500,5,2,gamma + lognormal,1135.020887692266,True,True
2,500,6,3,lognormal + lognormal + gamma,1149.1008121427278,False,False
2,500,7,3,inverse_gaussian + gamma + lognormal,1149.7437727273625,False,False
2,500,8,3,gamma + lognormal + inverse_gaussian,1149.7438080951947,False,False
2,500,9,3,lognormal + lognormal + inverse_gaussian,1155.463722410731,False,False
2,500,10,3,inverse_gaussian + lognormal + lognormal,1156.215287672513,False,False
2,1000,1,2,lognormal + inverse_gaussian,2457.636703704794,False,False
2,1000,2,2,lognormal + gamma,2458.1623082737624,True,True
2,1000,3,2,gamma + lognormal,2458.1623082737624,True,True
2,1000,4,2,lognormal + lognormal,2459.293585569717,False,False
2,1000,5,3,inverse_gaussian + inverse_gaussian + lognormal,2497.035577844791,False,False
2,1000,6,3,inverse_gaussian + lognormal + inverse_gaussian,2497.1392568323363,False,False
2,1000,7,3,gamma + lognormal + inverse_gaussian,2498.8470147319154,False,False
2,1000,8,3,inverse_gaussian + lognormal + gamma,2498.8470165019353,False,False
2,1000,9,3,lognormal + inverse_gaussian + gamma,2498.8812455656466,False,False
2,1000,10,3,lognormal + inverse_gaussian + lognormal,2499.0797566423607,False,False
2,1500,1,2,lognormal + lognormal,3554.022133836368,False,False
2,1500,2,2,lognormal + gamma,3554.319758687244,True,True
2,1500,3,2,gamma + lognormal,3554.319758687244,True,True
2,1500,4,2,lognormal + inverse_gaussian,3575.136148588441,False,False
2,1500,5,2,inverse_gaussian + lognormal,3575.136148588441,False,False
2,1500,6,3,lognormal + lognormal + lognormal,3599.5007060394482,False,False
2,1500,7,3,lognormal + gamma + lognormal,3599.8178942033246,False,False
2,1500,8,3,lognormal + lognormal + gamma,3599.867691905762,False,False
2,1500,9,3,gamma + lognormal + gamma,3604.0631667746547,False,False
2,1500,10,3,lognormal + inverse_gaussian + lognormal,3605.4344966084363,False,False
3,500,1,2,poisson + zip,2815.016090383305,False,False
3,500,2,2,zip + poisson,2815.1030147442807,False,False
3,500,3,2,nb2 + zip,2819.9635133542442,False,False
3,500,4,2,nb2 + nb2,2820.4078808978493,False,True
3,500,5,2,zip + zip,2821.3824749467085,False,False
3,500,6,2,zip + nb2,2822.054790921189,False,False
3,500,7,3,poisson + poisson + zip,2838.2500438742627,False,False
3,500,8,2,poisson + poisson,2839.530184618186,False,False
3,500,9,3,poisson + poisson + nb2,2840.1214655885747,False,False
3,500,10,2,nb2 + poisson,2840.4300827740376,True,True
3,1000,1,2,nb2 + nb2,5539.87742776387,False,True
3,1000,2,2,zip + poisson,5546.286064309643,False,False
3,1000,3,2,poisson + zip,5546.366970060696,False,False
3,1000,4,2,nb2 + zip,5552.280909340317,False,False
3,1000,5,2,zip + nb2,5553.046486418173,False,False
3,1000,6,2,zip + zip,5553.100205020534,False,False
3,1000,7,3,zip + poisson + poisson,5560.677458131405,False,False
3,1000,8,3,zip + nb2 + poisson,5564.535050070471,False,False
3,1000,9,3,nb2 + poisson + poisson,5565.31987624863,False,False
3,1000,10,3,poisson + nb2 + poisson,5565.947214171132,False,False
3,1500,1,2,nb2 + nb2,8247.438663889903,False,True
3,1500,2,2,zip + poisson,8247.851602986615,False,False
3,1500,3,2,poisson + zip,8248.111127772334,False,False
3,1500,4,2,zip + nb2,8251.42289811592,False,False
3,1500,5,2,nb2 + zip,8254.701415781927,False,False
3,1500,6,2,zip + zip,8255.180420864484,False,False
3,1500,7,3,poisson + zip + nb2,8279.821650505459,False,False
3,1500,8,3,poisson + zip + zip,8280.31797706553,False,False
3,1500,9,3,zip + poisson + nb2,8281.04022136333,False,False
3,1500,10,3,zip + poisson + poisson,8281.073480411547,False,False
4,500,1,2,zip + poisson,2476.9876702870465,True,True
4,500,2,2,poisson + zip,2477.078979494619,True,True
4,500,3,2,zip + nb2,2482.2785324144297,False,False
4,500,4,2,nb2 + zip,2482.3838807221155,False,False
4,500,5,2,zip + zip,2483.188644262489,False,True
4,500,6,3,nb2 + poisson + poisson,2502.32477530984,False,False
4,500,7,3,poisson + nb2 + poisson,2503.3436911966096,False,False
4,500,8,3,zip + poisson + poisson,2509.7031608690945,False,False
4,500,9,3,poisson + poisson + nb2,2510.0766319892286,False,False
4,500,10,3,nb2 + poisson + zip,2511.153635660454,False,False
4,1000,1,2,zip + poisson,4978.427848617182,True,True
4,1000,2,2,poisson + zip,4978.429930280466,True,True
4,1000,3,2,zip + nb2,4983.769293253993,False,False
4,1000,4,2,nb2 + zip,4984.415763996221,False,False
4,1000,5,2,zip + zip,4985.245646452378,False,True
4,1000,6,3,poisson + nb2 + poisson,5012.304046618375,False,False
4,1000,7,3,nb2 + poisson + poisson,5013.367291064892,False,False
4,1000,8,3,zip + nb2 + poisson,5013.523851856902,False,False
4,1000,9,3,poisson + poisson + zip,5014.894443511516,False,False
4,1000,10,3,zip + poisson + nb2,5015.086374451039,False,False
4,1500,1,2,poisson + zip,7372.005787825515,True,True
4,1500,2,2,zip + poisson,7372.053956955196,True,True
4,1500,3,2,zip + nb2,7376.26934055961,False,False
4,1500,4,2,nb2 + zip,7376.343052398641,False,False
4,1500,5,2,zip + zip,7379.209663902397,False,True
4,1500,6,3,nb2 + poisson + poisson,7406.031479991751,False,False
4,1500,7,3,poisson + poisson + nb2,7409.544976626977,False,False
4,1500,8,3,poisson + nb2 + poisson,7411.57049457244,False,False
4,1500,9,3,poisson + zip + poisson,7411.819235843987,False,False
4,1500,10,3,poisson + nb2 + nb2,7413.394149620044,False,False
1,500,1,2,gaussian + gaussian,1962.4667732547362,False,False
1,500,2,2,student_t + gaussian,1966.1903910161038,True,True
1,500,3,2,gaussian + student_t,1966.7971042112079,True,True
1,500,4,2,skew_normal + gaussian,1968.6813777532777,False,False
1,500,5,2,gaussian + skew_normal,1968.6820223681282,False,False
1,500,6,2,student_t + student_t,1972.2192670524505,False,True
1,500,7,2,student_t + skew_normal,1972.4053545344914,False,False
1,500,8,2,skew_normal + student_t,1973.0116896645657,False,False
1,500,9,2,skew_normal + skew_normal,1974.896627279107,False,False
1,500,10,3,gaussian + gaussian + gaussian,2001.497989265368,False,False
1,1000,1,2,student_t + gaussian,3785.7988925598447,True,True
1,1000,2,2,student_t + skew_normal,3792.706495813751,False,False
1,1000,3,2,student_t + student_t,3792.926265819838,False,True
1,1000,4,2,gaussian + student_t,3805.162649348003,True,True
1,1000,5,2,skew_normal + student_t,3812.070324075977,False,False
1,1000,6,3,gaussian + gaussian + gaussian,3823.946216156626,False,False
1,1000,7,3,student_t + gaussian + gaussian,3828.699030568794,False,False
1,1000,8,3,gaussian + gaussian + skew_normal,3830.851746730164,False,False
1,1000,9,3,gaussian + skew_normal + gaussian,3830.8538998061413,False,False
1,1000,10,3,skew_normal + gaussian + gaussian,3830.8539114430855,False,False
1,1500,1,2,student_t + gaussian,5702.692284774003,True,True
1,1500,2,2,student_t + student_t,5705.543006913727,False,True
1,1500,3,2,student_t + skew_normal,5710.0056627718905,False,False
1,1500,4,2,gaussian + student_t,5711.719582580288,True,True
1,1500,5,2,skew_normal + student_t,5719.032367969593,False,False
1,1500,6,3,student_t + gaussian + gaussian,5750.813248829755,False,False
1,1500,7,3,gaussian + gaussian + gaussian,5751.156593168325,False,False
1,1500,8,3,student_t + gaussian + student_t,5754.043825472159,False,False
1,1500,9,3,student_t + student_t + gaussian,5756.126120026239,False,False
1,1500,10,3,gaussian + gaussian + student_t,5756.160002970547,False,False
2,500,1,2,lognormal + lognormal,1292.210686531282,False,False
2,500,2,2,lognormal + gamma,1292.4035802437677,True,True
2,500,3,2,gamma + lognormal,1292.4035802437677,True,True
2,500,4,2,inverse_gaussian + lognormal,1303.5164278744294,False,False
2,500,5,2,lognormal + inverse_gaussian,1303.5164278744294,False,False
2,500,6,3,gamma + gamma + lognormal,1315.402447048808,False,False
2,500,7,3,gamma + gamma + gamma,1315.7236026373864,False,False
2,500,8,2,gamma + gamma,1321.142926670434,False,False
2,500,9,2,inverse_gaussian + gamma,1328.8364555567493,False,False
2,500,10,2,gamma + inverse_gaussian,1328.8364555567493,False,False
2,1000,1,2,gamma + lognormal,2568.141249152354,True,True
2,1000,2,2,lognormal + lognormal,2568.852762492621,False,False
2,1000,3,2,gamma + gamma,2615.1799441190956,False,False
2,1000,4,3,lognormal + lognormal + gamma,2615.272084306272,False,False
2,1000,5,2,lognormal + gamma,2615.4021439266426,True,True
2,1000,6,3,lognormal + gamma + lognormal,2616.355561516149,False,False
2,1000,7,3,lognormal + lognormal + lognormal,2617.1741363331985,False,False
2,1000,8,3,gamma + lognormal + inverse_gaussian,2618.3116041859644,False,False
2,1000,9,3,gamma + gamma + lognormal,2618.339634056051,False,False
2,1000,10,3,inverse_gaussian + lognormal + gamma,2618.4042102692533,False,False
2,1500,1,2,gamma + lognormal,3512.0051641844166,True,True
2,1500,2,2,lognormal + lognormal,3519.1397236771586,False,False
2,1500,3,2,inverse_gaussian + lognormal,3543.100984454965,False,False
2,1500,4,3,inverse_gaussian + lognormal + gamma,3555.904841540629,False,False
2,1500,5,3,inverse_gaussian + gamma + lognormal,3555.9048418116395,False,False
2,1500,6,3,gamma + inverse_gaussian + lognormal,3555.9048418116395,False,False
2,1500,7,3,lognormal + gamma + inverse_gaussian,3555.9048427323564,False,False
2,1500,8,3,gamma + lognormal + lognormal,3560.7245273200456,False,False
2,1500,9,3,lognormal + gamma + lognormal,3560.7245273200456,False,False
2,1500,10,3,lognormal + lognormal + inverse_gaussian,3563.016067294426,False,False
3,500,1,2,poisson + zip,2797.27313520514,False,False
3,500,2,2,zip + poisson,2797.337006442252,False,False
3,500,3,2,zip + nb2,2799.8806081724715,False,False
3,500,4,2,nb2 + zip,2799.908036985027,False,False
3,500,5,2,nb2 + nb2,2801.5182767460383,False,True
3,500,6,2,zip + zip,2803.5107397001057,False,False
3,500,7,3,poisson + nb2 + poisson,2810.923575728787,False,False
3,500,8,3,nb2 + poisson + poisson,2818.00770075062,False,False
3,500,9,3,nb2 + poisson + nb2,2819.542447398032,False,False
3,500,10,3,poisson + poisson + nb2,2819.628619367671,False,False
3,1000,1,2,poisson + zip,5550.551293241952,False,False
3,1000,2,2,zip + poisson,5551.088373469075,False,False
3,1000,3,2,nb2 + nb2,5555.545781505344,False,True
3,1000,4,2,nb2 + zip,5557.382116848964,False,False
3,1000,5,2,zip + nb2,5557.565691197041,False,False
3,1000,6,2,zip + zip,5557.641798488287,False,False
3,1000,7,3,nb2 + poisson + zip,5583.14706715323,False,False
3,1000,8,3,nb2 + zip + poisson,5583.345988335661,False,False
3,1000,9,3,poisson + zip + nb2,5584.2487164975555,False,False
3,1000,10,3,poisson + zip + poisson,5584.528737415729,False,False
3,1500,1,2,nb2 + nb2,8227.665090001827,False,True
3,1500,2,3,zip + poisson + poisson,8254.34739457934,False,False
3,1500,3,3,zip + nb2 + nb2,8265.595939762376,False,False
3,1500,4,3,nb2 + poisson + nb2,8266.211400206394,False,False
3,1500,5,3,zip + poisson + nb2,8266.871546937047,False,False
3,1500,6,3,nb2 + nb2 + zip,8267.74050416377,False,False
3,1500,7,3,nb2 + zip + nb2,8269.28926934457,False,False
3,1500,8,3,zip + zip + zip,8269.826132869854,False,False
3,1500,9,2,poisson + zip,8271.562592826183,False,False
3,1500,10,3,nb2 + nb2 + poisson,8272.623079386041,False,False
4,500,1,2,poisson + zip,2569.069059478259,True,True
4,500,2,2,zip + poisson,2569.130496799784,True,True
4,500,3,2,nb2 + zip,2575.205347985525,False,False
4,500,4,2,zip + nb2,2575.2792193779615,False,False
4,500,5,2,zip + zip,2575.286128797279,False,True
4,500,6,3,poisson + poisson + poisson,2592.054166939521,False,False
4,500,7,2,nb2 + nb2,2597.1803757190955,False,False
4,500,8,3,poisson + zip + poisson,2598.2720565618047,False,False
4,500,9,3,poisson + nb2 + poisson,2602.183398333832,False,False
4,500,10,3,nb2 + nb2 + poisson,2602.621056135922,False,False
4,1000,1,2,poisson + zip,4883.851569725967,True,True
4,1000,2,2,zip + poisson,4883.90051296881,True,True
4,1000,3,2,zip + nb2,4889.204824227957,False,False
4,1000,4,2,zip + zip,4890.790229147032,False,True
4,1000,5,2,nb2 + zip,4890.94671012239,False,False
4,1000,6,3,poisson + poisson + poisson,4911.791227361161,False,False
4,1000,7,3,poisson + nb2 + poisson,4916.355399677791,False,False
4,1000,8,3,nb2 + poisson + poisson,4917.625363699689,False,False
4,1000,9,3,poisson + poisson + zip,4922.0957966597725,False,False
4,1000,10,3,nb2 + poisson + nb2,4922.839805434659,False,False
4,1500,1,2,poisson + zip,7296.707427761215,True,True
4,1500,2,2,zip + poisson,7296.812936774521,True,True
4,1500,3,2,zip + nb2,7301.8644856089095,False,False
4,1500,4,2,zip + zip,7304.065828635028,False,True
4,1500,5,2,nb2 + zip,7304.126648444273,False,False
4,1500,6,3,poisson + poisson + nb2,7331.693141312285,False,False
4,1500,7,3,poisson + nb2 + poisson,7332.405474011651,False,False
4,1500,8,3,nb2 + poisson + poisson,7332.7479985218415,False,False
4,1500,9,3,poisson + nb2 + nb2,7334.3747871448895,False,False
4,1500,10,3,nb2 + poisson + nb2,7335.926398228462,False,False
1,500,1,2,student_t + gaussian,1819.053730735913,True,True
1,500,2,2,student_t + skew_normal,1825.269038828208,False,False
1,500,3,2,student_t + student_t,1825.2701550600545,False,True
1,500,4,2,gaussian + gaussian,1840.0307776255622,False,False
1,500,5,2,gaussian + student_t,1846.2115279279194,True,True
1,500,6,2,gaussian + skew_normal,1846.2407950363142,False,False
1,500,7,2,skew_normal + gaussian,1846.245581385769,False,False
1,500,8,2,skew_normal + student_t,1848.4647106195644,False,False
1,500,9,2,skew_normal + skew_normal,1852.455618502261,False,False
1,500,10,3,student_t + gaussian + gaussian,1856.1071012653715,False,False
1,1000,1,2,student_t + gaussian,3717.254291007766,True,True
1,1000,2,2,student_t + student_t,3724.129419746288,False,True
1,1000,3,2,student_t + skew_normal,3724.1599092222673,False,False
1,1000,4,2,gaussian + gaussian,3731.0104424007995,False,False
1,1000,5,2,gaussian + student_t,3735.6981613264124,True,True
1,1000,6,2,skew_normal + gaussian,3737.918234421483,False,False
1,1000,7,2,gaussian + skew_normal,3737.9230107297312,False,False
1,1000,8,2,skew_normal + student_t,3742.605871793568,False,False
1,1000,9,2,skew_normal + skew_normal,3744.8305724683664,False,False
1,1000,10,3,student_t + gaussian + gaussian,3760.958154008771,False,False
1,1500,1,2,student_t + gaussian,5628.402749453837,True,True
1,1500,2,2,student_t + skew_normal,5635.715856010496,False,False
1,1500,3,2,student_t + student_t,5635.7858319939405,False,True
1,1500,4,2,gaussian + student_t,5652.9463603097265,True,True
1,1500,5,2,skew_normal + student_t,5660.259562817269,False,False
1,1500,6,2,gaussian + gaussian,5669.585600528348,False,False
1,1500,7,3,student_t + gaussian + gaussian,5673.862474277158,False,False
1,1500,8,2,skew_normal + gaussian,5676.898705130194,False,False
1,1500,9,2,gaussian + skew_normal,5676.898735553987,False,False
1,1500,10,3,student_t + skew_normal + gaussian,5681.175259766259,False,False
2,500,1,2,lognormal + lognormal,1102.370737179278,False,False
2,500,2,2,gamma + lognormal,1103.5861187407295,True,True
2,500,3,2,lognormal + inverse_gaussian,1111.359814462771,False,False
2,500,4,2,lognormal + gamma,1123.6338654818753,True,True
2,500,5,2,inverse_gaussian + lognormal,1124.5046096740928,False,False
2,500,6,2,gamma + gamma,1125.483341489201,False,False
2,500,7,2,inverse_gaussian + gamma,1130.649687892083,False,False
2,500,8,2,gamma + inverse_gaussian,1130.649687892083,False,False
2,500,9,2,inverse_gaussian + inverse_gaussian,1132.6263270648444,False,False
2,500,10,3,gamma + inverse_gaussian + lognormal,1136.2907257523107,False,False
2,1000,1,2,lognormal + inverse_gaussian,2328.8824494252794,False,False
2,1000,2,2,lognormal + gamma,2330.331346857426,True,True
2,1000,3,2,gamma + lognormal,2330.331346857426,True,True
2,1000,4,2,lognormal + lognormal,2330.767006374923,False,False
2,1000,5,2,inverse_gaussian + gamma,2350.376046495123,False,False
2,1000,6,2,gamma + inverse_gaussian,2350.376046495123,False,False
2,1000,7,2,gamma + gamma,2355.217337868534,False,False
2,1000,8,3,lognormal + inverse_gaussian + inverse_gaussian,2368.4465289678883,False,False
2,1000,9,3,inverse_gaussian + lognormal + inverse_gaussian,2368.4465289678883,False,False
2,1000,10,3,inverse_gaussian + inverse_gaussian + lognormal,2369.0003894488555,False,False
2,1500,1,2,lognormal + gamma,3651.658998902376,True,True
2,1500,2,2,gamma + lognormal,3651.658998902376,True,True
2,1500,3,2,lognormal + lognormal,3651.853579871224,False,False
2,1500,4,2,lognormal + inverse_gaussian,3672.05330400541,False,False
2,1500,5,3,lognormal + gamma + inverse_gaussian,3695.761527399551,False,False
2,1500,6,3,gamma + inverse_gaussian + lognormal,3695.7761235575863,False,False
2,1500,7,3,gamma + lognormal + inverse_gaussian,3695.7761288328043,False,False
2,1500,8,3,lognormal + lognormal + gamma,3695.8565624849975,False,False
2,1500,9,3,lognormal + lognormal + inverse_gaussian,3695.8579257333263,False,False
2,1500,10,3,lognormal + inverse_gaussian + lognormal,3695.857926088444,False,False
3,500,1,2,zip + poisson,2742.303689049322,False,False
3,500,2,2,poisson + zip,2743.1035124615023,False,False
3,500,3,2,zip + zip,2748.4549717130394,False,False
3,500,4,2,nb2 + zip,2749.234121873935,False,False
3,500,5,2,nb2 + nb2,2749.387339140013,False,True
3,500,6,2,zip + nb2,2750.060054343012,False,False
3,500,7,2,poisson + poisson,2764.22367028007,False,False
3,500,8,3,poisson + poisson + nb2,2765.8874667339983,False,False
3,500,9,3,zip + poisson + poisson,2765.948178033864,False,False
3,500,10,3,poisson + nb2 + poisson,2766.234919763739,False,False
3,1000,1,2,zip + nb2,5577.674728722468,False,False
3,1000,2,2,nb2 + zip,5577.765838903744,False,False
3,1000,3,2,nb2 + nb2,5578.6839992971045,False,True
3,1000,4,2,zip + poisson,5579.463479785643,False,False
3,1000,5,2,poisson + zip,5579.683524034696,False,False
3,1000,6,2,zip + zip,5586.519768145433,False,False
3,1000,7,3,zip + poisson + nb2,5595.230880662216,False,False
3,1000,8,3,zip + nb2 + poisson,5595.454621140935,False,False
3,1000,9,3,poisson + zip + poisson,5597.1378119059955,False,False
3,1000,10,3,nb2 + poisson + zip,5597.794437643049,False,False
3,1500,1,2,nb2 + nb2,8318.12934272953,False,True
3,1500,2,2,nb2 + zip,8343.416273819188,False,False
3,1500,3,2,zip + poisson,8343.473536507996,False,False
3,1500,4,2,poisson + zip,8344.055974710162,False,False
3,1500,5,2,zip + nb2,8347.707149947595,False,False
3,1500,6,2,zip + zip,8351.344984862382,False,False
3,1500,7,3,nb2 + nb2 + poisson,8351.683757270188,False,False
3,1500,8,3,poisson + nb2 + nb2,8352.11481010545,False,False
3,1500,9,3,nb2 + poisson + nb2,8355.118812438988,False,False
3,1500,10,3,poisson + poisson + zip,8355.949375306678,False,False
4,500,1,2,poisson + zip,2495.345386174039,True,True
4,500,2,2,zip + poisson,2495.896029016235,True,True
4,500,3,2,zip + zip,2501.7906736965224,False,True
4,500,4,2,zip + nb2,2502.1957618794368,False,False
4,500,5,2,nb2 + zip,2502.2049212253296,False,False
4,500,6,2,nb2 + nb2,2509.4828569997435,False,False
4,500,7,2,poisson + poisson,2522.1505841118815,False,False
4,500,8,3,poisson + nb2 + poisson,2523.8990920906986,False,False
4,500,9,3,poisson + poisson + poisson,2523.9994160306596,False,False
4,500,10,3,nb2 + poisson + poisson,2525.113810513191,False,False
4,1000,1,2,poisson + zip,4851.391854384555,True,True
4,1000,2,2,zip + poisson,4851.43400007408,True,True
4,1000,3,2,nb2 + zip,4856.215713839162,False,False
4,1000,4,2,zip + nb2,4856.332968254431,False,False
4,1000,5,2,zip + zip,4858.347611285432,False,True
4,1000,6,3,nb2 + poisson + poisson,4885.21570688731,False,False
4,1000,7,3,poisson + poisson + poisson,4885.698911970445,False,False
4,1000,8,3,poisson + nb2 + nb2,4888.895571608215,False,False
4,1000,9,3,nb2 + zip + poisson,4890.39855039943,False,False
4,1000,10,3,poisson + poisson + zip,4890.399086166841,False,False
4,1500,1,2,zip + poisson,7373.581137464235,True,True
4,1500,2,2,poisson + zip,7373.669226913152,True,True
4,1500,3,2,zip + nb2,7377.704003669922,False,False
4,1500,4,2,nb2 + zip,7377.759622909538,False,False
4,1500,5,2,zip + zip,7380.849392463646,False,True
4,1500,6,3,poisson + poisson + poisson,7401.0237229672,False,False
4,1500,7,3,poisson + zip + poisson,7408.713390491443,False,False
4,1500,8,3,nb2 + nb2 + poisson,7412.467631116425,False,False
4,1500,9,3,poisson + poisson + zip,7413.841074223813,False,False
4,1500,10,3,poisson + zip + zip,7415.301719029306,False,False
1,500,1,2,student_t + gaussian,1939.08251971322,True,True
1,500,2,2,gaussian + gaussian,1943.5647679400215,False,False
1,500,3,2,student_t + skew_normal,1945.2965346819499,False,False
1,500,4,2,student_t + student_t,1945.3537119764264,False,True
1,500,5,2,gaussian + skew_normal,1949.7790721104082,False,False
1,500,6,2,skew_normal + gaussian,1949.7798588364471,False,False
1,500,7,2,gaussian + student_t,1949.7871474656918,True,True
1,500,8,2,skew_normal + skew_normal,1955.994167228312,False,False
1,500,9,2,skew_normal + student_t,1956.013464785866,False,False
1,500,10,3,student_t + gaussian + gaussian,1973.954272457733,False,False
1,1000,1,2,student_t + gaussian,3734.6286698515,True,True
1,1000,2,2,gaussian + gaussian,3739.2471775141203,False,False
1,1000,3,2,gaussian + student_t,3739.4335309895027,True,True
1,1000,4,2,student_t + student_t,3741.519919060931,False,True
1,1000,5,2,student_t + skew_normal,3741.536244661913,False,False
1,1000,6,2,gaussian + skew_normal,3746.15276407983,False,False
1,1000,7,2,skew_normal + gaussian,3746.154712721722,False,False
1,1000,8,2,skew_normal + student_t,3746.3412768023622,False,False
1,1000,9,2,skew_normal + skew_normal,3753.0602896736777,False,False
1,1000,10,3,student_t + gaussian + gaussian,3773.049489222807,False,False
1,1500,1,2,student_t + gaussian,5645.205627561334,True,True
1,1500,2,2,student_t + student_t,5651.506958993711,False,True
1,1500,3,2,student_t + skew_normal,5652.519012240058,False,False
1,1500,4,2,gaussian + student_t,5666.590419329663,True,True
1,1500,5,2,skew_normal + student_t,5673.903861766041,False,False
1,1500,6,2,gaussian + gaussian,5688.394928604005,False,False
1,1500,7,3,student_t + gaussian + gaussian,5693.934415913143,False,False
1,1500,8,2,gaussian + skew_normal,5695.70798206867,False,False
1,1500,9,2,skew_normal + gaussian,5695.708352988722,False,False
1,1500,10,3,student_t + student_t + gaussian,5699.770282785961,False,False
2,500,1,2,lognormal + lognormal,1166.1437140013852,False,False
2,500,2,2,lognormal + gamma,1166.772197091296,True,True
2,500,3,2,inverse_gaussian + lognormal,1168.9872621978338,False,False
2,500,4,2,lognormal + inverse_gaussian,1168.9881534457984,False,False
2,500,5,2,gamma + lognormal,1183.7620269076567,True,True
2,500,6,2,inverse_gaussian + gamma,1184.5088370940964,False,False
2,500,7,2,gamma + inverse_gaussian,1184.5088370940964,False,False
2,500,8,2,gamma + gamma,1184.6733525327113,False,False
2,500,9,3,lognormal + lognormal + lognormal,1190.9292872700507,False,False
2,500,10,3,gamma + lognormal + gamma,1191.1932630393462,False,False
2,1000,1,2,lognormal + gamma,2313.0966178962535,True,True
2,1000,2,2,gamma + lognormal,2313.0966178962535,True,True
2,1000,3,2,lognormal + lognormal,2314.664464859778,False,False
2,1000,4,3,lognormal + lognormal + gamma,2353.6167809925546,False,False
2,1000,5,3,lognormal + gamma + lognormal,2353.6167836428294,False,False
2,1000,6,3,inverse_gaussian + lognormal + gamma,2353.969279882367,False,False
2,1000,7,3,lognormal + gamma + inverse_gaussian,2353.9692806473317,False,False
2,1000,8,3,lognormal + inverse_gaussian + lognormal,2355.3291354195003,False,False
2,1000,9,3,inverse_gaussian + lognormal + lognormal,2355.3291360251997,False,False
2,1000,10,3,lognormal + lognormal + inverse_gaussian,2355.3291360563258,False,False
2,1500,1,2,lognormal + gamma,3313.768070675392,True,True
2,1500,2,2,lognormal + lognormal,3318.6225521016663,False,False
2,1500,3,2,inverse_gaussian + lognormal,3346.3242218708133,False,False
2,1500,4,2,lognormal + inverse_gaussian,3346.3242218708133,False,False
2,1500,5,2,gamma + inverse_gaussian,3353.6819954163425,False,False
2,1500,6,3,inverse_gaussian + gamma + lognormal,3360.013730624508,False,False
2,1500,7,3,lognormal + gamma + inverse_gaussian,3360.0137311077992,False,False
2,1500,8,3,lognormal + gamma + lognormal,3360.2957656687513,False,False
2,1500,9,3,gamma + lognormal + lognormal,3360.2957656687513,False,False
2,1500,10,3,lognormal + lognormal + gamma,3360.295769608457,False,False
3,500,1,2,zip + poisson,2797.64927964059,False,False
3,500,2,2,poisson + zip,2797.7739949676643,False,False
3,500,3,2,nb2 + nb2,2798.909623647851,False,True
3,500,4,2,zip + nb2,2803.8369670072752,False,False
3,500,5,2,zip + zip,2803.9892650781376,False,False
3,500,6,2,nb2 + zip,2805.4196825663385,False,False
3,500,7,2,poisson + poisson,2812.736094069267,False,False
3,500,8,2,nb2 + poisson,2817.2837553015033,True,True
3,500,9,2,poisson + nb2,2818.783144059007,True,True
3,500,10,3,poisson + poisson + poisson,2820.170434570516,False,False
3,1000,1,2,nb2 + nb2,5342.4436556514565,False,True
3,1000,2,3,nb2 + poisson + nb2,5373.047098147903,False,False
3,1000,3,3,poisson + nb2 + nb2,5373.1577991600325,False,False
3,1000,4,3,zip + poisson + poisson,5379.661892711265,False,False
3,1000,5,2,zip + poisson,5379.826240411353,False,False
3,1000,6,3,nb2 + nb2 + poisson,5380.975010956152,False,False
3,1000,7,3,zip + nb2 + nb2,5383.483164779381,False,False
3,1000,8,3,nb2 + zip + nb2,5383.665822794517,False,False
3,1000,9,2,poisson + zip,5385.064595173596,False,False
3,1000,10,2,zip + zip,5386.8264663822565,False,False
3,1500,1,2,nb2 + nb2,8102.742086490452,False,True
3,1500,2,3,poisson + nb2 + nb2,8139.010904989509,False,False
3,1500,3,3,nb2 + nb2 + poisson,8140.328058965439,False,False
3,1500,4,2,zip + poisson,8141.030495783976,False,False
3,1500,5,2,poisson + zip,8141.365402773731,False,False
3,1500,6,3,nb2 + poisson + nb2,8143.157269761375,False,False
3,1500,7,2,zip + nb2,8145.144125007945,False,False
3,1500,8,2,nb2 + zip,8145.751754189063,False,False
3,1500,9,3,nb2 + zip + nb2,8147.08583985744,False,False
3,1500,10,2,zip + zip,8147.396543650611,False,False
4,500,1,2,zip + poisson,2491.891824053687,True,True
4,500,2,2,poisson + zip,2491.9091467138105,True,True
4,500,3,2,zip + nb2,2497.683290169706,False,False
4,500,4,2,zip + zip,2498.079865903046,False,True
4,500,5,2,nb2 + zip,2498.0988279861167,False,False
4,500,6,3,poisson + poisson + poisson,2522.57240737987,False,False
4,500,7,3,poisson + poisson + zip,2524.3651963783695,False,False
4,500,8,3,poisson + zip + poisson,2524.8723088753204,False,False
4,500,9,3,poisson + poisson + nb2,2526.41897582174,False,False
4,500,10,3,zip + poisson + poisson,2526.6263943443646,False,False
4,1000,1,2,poisson + zip,4866.57968239122,True,True
4,1000,2,2,zip + poisson,4866.651435665554,True,True
4,1000,3,2,zip + zip,4873.507021068971,False,True
4,1000,4,2,nb2 + zip,4873.593501411961,False,False
4,1000,5,2,zip + nb2,4873.781577342671,False,False
4,1000,6,3,poisson + poisson + poisson,4888.271363427735,False,False
4,1000,7,3,poisson + poisson + nb2,4895.136050575531,False,False
4,1000,8,3,nb2 + nb2 + poisson,4899.818925560561,False,False
4,1000,9,3,nb2 + poisson + nb2,4899.877457236977,False,False
4,1000,10,3,poisson + zip + poisson,4901.844361360885,False,False
4,1500,1,2,poisson + zip,7347.575548641823,True,True
4,1500,2,2,zip + poisson,7347.691838140795,True,True
4,1500,3,2,zip + nb2,7352.238504283711,False,False
4,1500,4,2,nb2 + zip,7354.157105868306,False,False
4,1500,5,2,zip + zip,7354.774149480653,False,True
4,1500,6,3,nb2 + poisson + zip,7386.685064173033,False,False
4,1500,7,3,poisson + nb2 + nb2,7388.71588204003,False,False
4,1500,8,3,poisson + nb2 + poisson,7389.53661250793,False,False
4,1500,9,3,nb2 + nb2 + poisson,7389.731081848972,False,False
4,1500,10,3,poisson + zip + poisson,7390.324120872173,False,False
1,500,1,2,student_t + gaussian,1891.395523564234,True,True
1,500,2,2,student_t + skew_normal,1897.6110286800817,False,False
1,500,3,2,student_t + student_t,1897.6116455658225,False,True
1,500,4,2,gaussian + gaussian,1897.904556809611,False,False
1,500,5,2,skew_normal + gaussian,1904.119153231238,False,False
1,500,6,2,gaussian + skew_normal,1904.1191741351615,False,False
1,500,7,2,gaussian + student_t,1904.2964517546009,True,True
1,500,8,2,skew_normal + skew_normal,1910.333770668874,False,False
1,500,9,2,skew_normal + student_t,1910.5110995450702,False,False
1,500,10,3,student_t + gaussian + gaussian,1925.2138187313844,False,False
1,1000,1,2,student_t + gaussian,3743.5301696011006,True,True
1,1000,2,2,student_t + student_t,3750.3660008184725,False,True
1,1000,3,2,student_t + skew_normal,3750.4369571787297,False,False
1,1000,4,2,gaussian + student_t,3755.144848155091,True,True
1,1000,5,2,skew_normal + student_t,3762.0527033287763,False,False
1,1000,6,2,gaussian + gaussian,3764.299113942604,False,False
1,1000,7,2,gaussian + skew_normal,3771.2061187589525,False,False
1,1000,8,2,skew_normal + gaussian,3771.206786309213,False,False
1,1000,9,2,skew_normal + skew_normal,3778.1137910763073,False,False
1,1000,10,3,student_t + gaussian + gaussian,3786.1296494305616,False,False
1,1500,1,2,student_t + gaussian,5720.08485905073,True,True
1,1500,2,2,student_t + skew_normal,5727.398124711285,False,False
1,1500,3,2,student_t + student_t,5727.410964475102,False,True
1,1500,4,2,gaussian + gaussian,5753.806116638301,False,False
1,1500,5,2,gaussian + student_t,5760.540360548926,True,True
1,1500,6,2,gaussian + skew_normal,5761.119426916171,False,False
1,1500,7,2,skew_normal + gaussian,5761.119515335664,False,False
1,1500,8,3,student_t + gaussian + gaussian,5765.260298459805,False,False
1,1500,9,2,skew_normal + student_t,5767.854050404782,False,False
1,1500,10,2,skew_normal + skew_normal,5768.432826008056,False,False
2,500,1,2,lognormal + lognormal,1206.9012519805112,False,False
2,500,2,2,lognormal + gamma,1207.6688608881805,True,True
2,500,3,2,gamma + lognormal,1207.6688608881805,True,True
2,500,4,2,lognormal + inverse_gaussian,1209.746173750698,False,False
2,500,5,2,inverse_gaussian + gamma,1221.2933507517262,False,False
2,500,6,2,gamma + inverse_gaussian,1221.2933507517262,False,False
2,500,7,2,inverse_gaussian + lognormal,1221.4858338778263,False,False
2,500,8,2,inverse_gaussian + inverse_gaussian,1223.83775367266,False,False
2,500,9,3,lognormal + lognormal + lognormal,1231.3598762333065,False,False
2,500,10,3,lognormal + lognormal + gamma,1232.180280973445,False,False
2,1000,1,2,lognormal + gamma,2257.0708249102354,True,True
2,1000,2,2,gamma + lognormal,2257.0708249102354,True,True
2,1000,3,2,lognormal + lognormal,2259.0106275512926,False,False
2,1000,4,2,gamma + gamma,2264.865863717818,False,False
2,1000,5,2,inverse_gaussian + lognormal,2277.9715067991838,False,False
2,1000,6,2,lognormal + inverse_gaussian,2277.9715067991838,False,False
2,1000,7,2,inverse_gaussian + gamma,2279.571827690523,False,False
2,1000,8,2,gamma + inverse_gaussian,2279.571827690523,False,False
2,1000,9,3,gamma + gamma + lognormal,2286.768078607844,False,False
2,1000,10,3,gamma + lognormal + gamma,2286.768079076329,False,False
2,1500,1,2,lognormal + gamma,3581.0797304826797,True,True
2,1500,2,2,lognormal + lognormal,3585.309187245209,False,False
2,1500,3,2,inverse_gaussian + lognormal,3614.2975392996345,False,False
2,1500,4,3,gamma + gamma + gamma,3620.4751854277215,False,False
2,1500,5,3,inverse_gaussian + lognormal + gamma,3624.0493884438993,False,False
2,1500,6,3,lognormal + inverse_gaussian + gamma,3624.0493884438993,False,False
2,1500,7,3,inverse_gaussian + gamma + lognormal,3624.049389132702,False,False
2,1500,8,3,lognormal + gamma + gamma,3624.327718016962,False,False
2,1500,9,3,gamma + lognormal + gamma,3624.9734028060507,False,False
2,1500,10,3,gamma + gamma + lognormal,3625.01247757641,False,False
3,500,1,2,poisson + zip,2794.7355461929437,False,False
3,500,2,2,zip + poisson,2794.8106927565505,False,False
3,500,3,2,nb2 + nb2,2796.8833046800473,False,True
3,500,4,3,poisson + poisson + poisson,2799.2329505379907,False,False
3,500,5,2,nb2 + zip,2800.835157256817,False,False
3,500,6,2,zip + zip,2800.8543830128074,False,False
3,500,7,2,zip + nb2,2800.9512140771667,False,False
3,500,8,3,nb2 + poisson + poisson,2804.6027607195824,False,False
3,500,9,3,poisson + poisson + nb2,2805.01168284594,False,False
3,500,10,2,poisson + poisson,2805.202323240285,False,False
3,1000,1,2,nb2 + nb2,5474.664352444029,False,True
3,1000,2,2,zip + poisson,5481.502168900947,False,False
3,1000,3,2,poisson + zip,5481.650272128142,False,False
3,1000,4,2,zip + nb2,5488.351250214661,False,False
3,1000,5,2,zip + zip,5488.463557953156,False,False
3,1000,6,2,nb2 + zip,5488.516361018675,False,False
3,1000,7,3,zip + poisson + poisson,5497.113693663989,False,False
3,1000,8,3,poisson + zip + poisson,5501.339467555443,False,False
3,1000,9,3,nb2 + poisson + zip,5502.779064732428,False,False
3,1000,10,3,poisson + nb2 + zip,5503.26882082601,False,False
3,1500,1,2,nb2 + nb2,8051.227836933425,False,True
3,1500,2,2,poisson + zip,8054.36541861239,False,False
3,1500,3,2,zip + poisson,8054.476784243421,False,False
3,1500,4,2,nb2 + zip,8057.93032835395,False,False
3,1500,5,2,zip + nb2,8059.044104646167,False,False
3,1500,6,2,zip + zip,8061.64864909063,False,False
3,1500,7,3,poisson + nb2 + poisson,8073.424036937279,False,False
3,1500,8,3,poisson + poisson + nb2,8073.490589592793,False,False
3,1500,9,3,nb2 + poisson + poisson,8073.636459535329,False,False
3,1500,10,3,poisson + nb2 + nb2,8079.971248174113,False,False
4,500,1,2,poisson + zip,2503.0296665715478,True,True
4,500,2,2,zip + poisson,2503.0506137403354,True,True
4,500,3,2,zip + zip,2509.2286810602363,False,True
4,500,4,2,nb2 + zip,2509.26735364012,False,False
4,500,5,2,zip + nb2,2509.2934361094804,False,False
4,500,6,3,nb2 + poisson + poisson,2530.5350373579736,False,False
4,500,7,2,nb2 + poisson,2531.6244627371043,False,False
4,500,8,3,poisson + poisson + nb2,2533.6748711470113,False,False
4,500,9,3,poisson + nb2 + poisson,2533.8634947128726,False,False
4,500,10,3,poisson + poisson + poisson,2534.0724927939295,False,False
4,1000,1,2,zip + poisson,5001.339415724727,True,True
4,1000,2,2,poisson + zip,5001.377784049707,True,True
4,1000,3,2,nb2 + zip,5007.0494567414125,False,False
4,1000,4,2,zip + nb2,5007.1253544702595,False,False
4,1000,5,2,zip + zip,5008.107225625915,False,True
4,1000,6,3,poisson + zip + poisson,5035.790442790211,False,False
4,1000,7,3,zip + poisson + poisson,5036.532883159418,False,False
4,1000,8,3,poisson + poisson + zip,5037.575515858289,False,False
4,1000,9,3,nb2 + poisson + poisson,5038.414040292269,False,False
4,1000,10,3,poisson + nb2 + poisson,5039.971288132302,False,False
4,1500,1,2,zip + poisson,7428.226363224539,True,True
4,1500,2,2,poisson + zip,7428.356773681025,True,True
4,1500,3,2,nb2 + zip,7435.408931937277,False,False
4,1500,4,2,zip + zip,7435.471727125612,False,True
4,1500,5,2,zip + nb2,7435.531772860964,False,False
4,1500,6,3,nb2 + poisson + poisson,7458.252172694641,False,False
4,1500,7,3,poisson + nb2 + poisson,7460.899652924566,False,False
4,1500,8,3,poisson + zip + poisson,7467.49892258379,False,False
4,1500,9,3,poisson + poisson + zip,7467.82642914785,False,False
4,1500,10,3,zip + poisson + poisson,7467.974375940322,False,False
1,500,1,2,student_t + gaussian,1872.3865666579338,True,True
1,500,2,2,student_t + student_t,1878.5937074449646,False,True
1,500,3,2,student_t + skew_normal,1878.5981755280022,False,False
1,500,4,2,gaussian + gaussian,1882.8260544166092,False,False
1,500,5,2,gaussian + student_t,1888.9356952694873,True,True
1,500,6,2,gaussian + skew_normal,1889.038445900437,False,False
1,500,7,2,skew_normal + gaussian,1889.040440224397,False,False
1,500,8,2,skew_normal + student_t,1895.1391011227606,False,False
1,500,9,2,skew_normal + skew_normal,1895.2528320079641,False,False
1,500,10,3,student_t + gaussian + gaussian,1908.0269652790826,False,False
1,1000,1,2,gaussian + student_t,3811.4500657653157,True,True
1,1000,2,2,student_t + gaussian,3815.4255946511726,True,True
1,1000,3,2,student_t + student_t,3816.9694865258825,False,True
1,1000,4,2,skew_normal + student_t,3818.357752505893,False,False
1,1000,5,2,student_t + skew_normal,3822.3299215524526,False,False
1,1000,6,3,gaussian + student_t + gaussian,3854.4007057551917,False,False
1,1000,7,3,gaussian + gaussian + student_t,3857.484778815021,False,False
1,1000,8,3,gaussian + gaussian + gaussian,3857.662295549204,False,False
1,1000,9,3,student_t + student_t + gaussian,3859.6100754611493,False,False
1,1000,10,3,skew_normal + student_t + gaussian,3861.3085073054863,False,False
1,1500,1,2,student_t + gaussian,5733.555186877394,True,True
1,1500,2,2,student_t + student_t,5740.8243161184,False,True
1,1500,3,2,student_t + skew_normal,5740.868436816979,False,False
1,1500,4,2,gaussian + student_t,5758.439602021077,True,True
1,1500,5,2,gaussian + gaussian,5759.301601484166,False,False
1,1500,6,2,skew_normal + student_t,5765.750117687898,False,False
1,1500,7,2,gaussian + skew_normal,5766.614755846107,False,False
1,1500,8,2,skew_normal + gaussian,5766.615399609123,False,False
1,1500,9,2,skew_normal + skew_normal,5773.928555990189,False,False
1,1500,10,3,student_t + gaussian + gaussian,5778.392929358004,False,False
2,500,1,2,lognormal + gamma,1256.9463910591398,True,True
2,500,2,2,gamma + lognormal,1256.947062189546,True,True
2,500,3,2,lognormal + lognormal,1258.4525863583442,False,False
2,500,4,2,gamma + gamma,1263.166979265881,False,False
2,500,5,2,inverse_gaussian + gamma,1272.2253153215017,False,False
2,500,6,2,gamma + inverse_gaussian,1272.2253153215017,False,False
2,500,7,3,gamma + inverse_gaussian + gamma,1284.1849025982592,False,False
2,500,8,3,gamma + gamma + inverse_gaussian,1284.2076401098057,False,False
2,500,9,3,inverse_gaussian + gamma + gamma,1284.2076407212942,False,False
2,500,10,3,inverse_gaussian + gamma + inverse_gaussian,1285.5554455557917,False,False
2,1000,1,2,lognormal + gamma,2274.5202270650325,True,True
2,1000,2,2,gamma + lognormal,2274.5202270650325,True,True
2,1000,3,2,lognormal + lognormal,2277.4908285673264,False,False
2,1000,4,3,lognormal + gamma + gamma,2301.5959938436467,False,False
2,1000,5,3,gamma + gamma + lognormal,2301.6447446002057,False,False
2,1000,6,3,gamma + lognormal + lognormal,2304.9364863196743,False,False
2,1000,7,3,lognormal + gamma + lognormal,2304.936487831867,False,False
2,1000,8,3,lognormal + gamma + inverse_gaussian,2307.430205487699,False,False
2,1000,9,3,lognormal + inverse_gaussian + lognormal,2310.3030695125685,False,False
2,1000,10,3,inverse_gaussian + lognormal + lognormal,2310.3531757150017,False,False
2,1500,1,2,lognormal + gamma,3627.732276004212,True,True
2,1500,2,2,gamma + lognormal,3627.732276004212,True,True
2,1500,3,2,lognormal + lognormal,3634.554877842503,False,False
2,1500,4,2,inverse_gaussian + lognormal,3650.6259581474055,False,False
2,1500,5,2,lognormal + inverse_gaussian,3650.626888745409,False,False
2,1500,6,3,gamma + lognormal + lognormal,3670.5905192704686,False,False
2,1500,7,3,lognormal + lognormal + gamma,3670.649243075344,False,False
2,1500,8,3,inverse_gaussian + lognormal + gamma,3674.829825449892,False,False
2,1500,9,3,lognormal + gamma + gamma,3676.065125907619,False,False
2,1500,10,3,gamma + lognormal + gamma,3676.0651303805985,False,False
3,500,1,2,poisson + zip,2758.957662232041,False,False
3,500,2,2,zip + poisson,2759.120457214133,False,False
3,500,3,2,nb2 + nb2,2759.2901779988006,False,True
3,500,4,2,nb2 + zip,2765.0229895749962,False,False
3,500,5,2,zip + nb2,2765.1193779479054,False,False
3,500,6,2,zip + zip,2765.3148593555925,False,False
3,500,7,2,poisson + poisson,2768.9709841340964,False,False
3,500,8,2,nb2 + poisson,2775.1375401451096,True,True
3,500,9,2,poisson + nb2,2775.1665645183757,True,True
3,500,10,3,poisson + zip + poisson,2781.3131015658923,False,False
3,1000,1,2,nb2 + nb2,5500.988156137429,False,True
3,1000,2,3,zip + nb2 + poisson,5523.803314223259,False,False
3,1000,3,3,poisson + poisson + poisson,5526.392576022871,False,False
3,1000,4,3,zip + poisson + nb2,5531.882165383832,False,False
3,1000,5,3,poisson + nb2 + zip,5531.887843073984,False,False
3,1000,6,3,nb2 + nb2 + poisson,5533.554647487428,False,False
3,1000,7,3,nb2 + zip + poisson,5534.093461043033,False,False
3,1000,8,2,poisson + zip,5535.757971253871,False,False
3,1000,9,2,zip + poisson,5535.959251619756,False,False
3,1000,10,3,poisson + nb2 + nb2,5536.6650329047425,False,False
3,1500,1,2,nb2 + nb2,8291.908794371131,False,True
3,1500,2,3,nb2 + nb2 + zip,8324.8779837628,False,False
3,1500,3,3,nb2 + poisson + nb2,8326.36205656117,False,False
3,1500,4,3,poisson + nb2 + nb2,8326.468457578949,False,False
3,1500,5,3,nb2 + nb2 + poisson,8329.126361644583,False,False
3,1500,6,3,poisson + zip + zip,8332.447837265889,False,False
3,1500,7,3,nb2 + zip + nb2,8334.238368436812,False,False
3,1500,8,3,zip + nb2 + nb2,8334.71342559125,False,False
3,1500,9,3,nb2 + nb2 + nb2,8335.733738590507,False,False
3,1500,10,3,poisson + poisson + poisson,8336.188102045999,False,False
4,500,1,2,zip + poisson,2504.6881174788527,True,True
4,500,2,2,poisson + zip,2504.6891400262407,True,True
4,500,3,2,zip + nb2,2510.6685254190397,False,False
4,500,4,2,zip + zip,2510.8732489665417,False,True
4,500,5,2,nb2 + zip,2515.2300430006653,False,False
4,500,6,2,nb2 + nb2,2520.198157112819,False,False
4,500,7,2,poisson + nb2,2526.052773096594,False,False
4,500,8,2,poisson + poisson,2526.817992231862,False,False
4,500,9,2,nb2 + poisson,2531.992495276316,False,False
4,500,10,3,poisson + nb2 + poisson,2533.3419877479178,False,False
4,1000,1,2,poisson + zip,4980.86959248135,True,True
4,1000,2,2,zip + poisson,4981.107445823268,True,True
4,1000,3,2,nb2 + zip,4985.603290395299,False,False
4,1000,4,2,zip + nb2,4985.836358606562,False,False
4,1000,5,2,zip + zip,4987.74629735683,False,True
4,1000,6,3,poisson + poisson + poisson,5012.014833052832,False,False
4,1000,7,3,nb2 + poisson + poisson,5014.88222393176,False,False
4,1000,8,3,poisson + poisson + nb2,5015.287697177469,False,False
4,1000,9,3,poisson + nb2 + poisson,5016.692191238803,False,False
4,1000,10,3,zip + poisson + nb2,5020.315119458445,False,False
4,1500,1,2,poisson + zip,7359.804306738409,True,True
4,1500,2,2,zip + poisson,7359.87711917289,True,True
4,1500,3,2,zip + nb2,7364.242915996092,False,False
4,1500,4,2,nb2 + zip,7366.990694878412,False,False
4,1500,5,2,zip + zip,7367.24608974593,False,True
4,1500,6,3,poisson + nb2 + poisson,7392.20357765471,False,False
4,1500,7,3,poisson + poisson + poisson,7396.054450028548,False,False
4,1500,8,3,poisson + nb2 + nb2,7399.467932259128,False,False
4,1500,9,3,nb2 + zip + poisson,7401.418939505727,False,False
4,1500,10,3,poisson + zip + poisson,7402.253371477966,False,False
1,500,1,2,student_t + gaussian,1931.5408199118067,True,True
1,500,2,2,gaussian + student_t,1933.8094278257433,True,True
1,500,3,2,student_t + student_t,1936.4086491643095,False,True
1,500,4,2,student_t + skew_normal,1937.7550396807824,False,False
1,500,5,2,skew_normal + student_t,1940.0241294546765,False,False
1,500,6,2,gaussian + gaussian,1960.311315406442,False,False
1,500,7,3,student_t + gaussian + gaussian,1960.7268180683363,False,False
1,500,8,3,gaussian + student_t + gaussian,1964.6114598916624,False,False
1,500,9,3,student_t + student_t + gaussian,1966.0706463320705,False,False
1,500,10,2,gaussian + skew_normal,1966.5238482723532,False,False
1,1000,1,2,student_t + gaussian,3795.171858988744,True,True
1,1000,2,2,student_t + student_t,3801.960036285793,False,True
1,1000,3,2,student_t + skew_normal,3802.0794417091315,False,False
1,1000,4,2,gaussian + student_t,3823.100860691459,True,True
1,1000,5,2,skew_normal + student_t,3830.010679361883,False,False
1,1000,6,3,student_t + gaussian + gaussian,3833.414814910946,False,False
1,1000,7,3,student_t + student_t + gaussian,3840.178100188291,False,False
1,1000,8,3,student_t + skew_normal + gaussian,3840.321076940085,False,False
1,1000,9,3,student_t + gaussian + skew_normal,3840.32270221648,False,False
1,1000,10,3,student_t + gaussian + student_t,3840.5202541207227,False,False
1,1500,1,2,student_t + gaussian,5661.614863881616,True,True
1,1500,2,2,student_t + skew_normal,5668.927901447978,False,False
1,1500,3,2,student_t + student_t,5668.934901888128,False,True
1,1500,4,3,student_t + gaussian + gaussian,5705.433830822874,False,False
1,1500,5,3,student_t + gaussian + student_t,5712.06962985481,False,False
1,1500,6,3,student_t + gaussian + skew_normal,5712.746167862739,False,False
1,1500,7,3,student_t + skew_normal + gaussian,5712.746474703882,False,False
1,1500,8,3,student_t + student_t + gaussian,5712.812436597438,False,False
1,1500,9,3,student_t + student_t + student_t,5718.965089294165,False,False
1,1500,10,3,student_t + skew_normal + student_t,5719.382392651746,False,False
2,500,1,2,gamma + lognormal,1243.1637552240074,True,True
2,500,2,2,lognormal + lognormal,1245.2199283192085,False,False
2,500,3,2,inverse_gaussian + lognormal,1256.4920117023842,False,False
2,500,4,2,lognormal + inverse_gaussian,1256.4920117023842,False,False
2,500,5,2,inverse_gaussian + gamma,1256.756629012195,False,False
2,500,6,2,gamma + inverse_gaussian,1256.756629012195,False,False
2,500,7,3,lognormal + gamma + gamma,1259.7809878690564,False,False
2,500,8,2,inverse_gaussian + inverse_gaussian,1270.4512898222204,False,False
2,500,9,3,gamma + gamma + lognormal,1273.3473987576538,False,False
2,500,10,3,inverse_gaussian + lognormal + lognormal,1275.1928960919472,False,False
2,1000,1,2,lognormal + lognormal,2193.7626499418443,False,False
2,1000,2,2,lognormal + gamma,2193.783021223041,True,True
2,1000,3,2,gamma + lognormal,2193.783021223041,True,True
2,1000,4,2,inverse_gaussian + lognormal,2203.293494579396,False,False
2,1000,5,2,lognormal + inverse_gaussian,2203.293494579396,False,False
2,1000,6,2,gamma + inverse_gaussian,2232.7521913724477,False,False
2,1000,7,3,lognormal + gamma + lognormal,2234.8916782533474,False,False
2,1000,8,3,lognormal + lognormal + gamma,2235.353957827533,False,False
2,1000,9,3,lognormal + gamma + gamma,2236.259958650614,False,False
2,1000,10,3,gamma + lognormal + lognormal,2236.282044627058,False,False
2,1500,1,2,gamma + lognormal,3289.861579796997,True,True
2,1500,2,2,lognormal + lognormal,3293.7121137238187,False,False
2,1500,3,2,inverse_gaussian + lognormal,3296.9027080352557,False,False
2,1500,4,2,lognormal + inverse_gaussian,3296.9027080352557,False,False
2,1500,5,3,lognormal + gamma + lognormal,3337.274753825053,False,False
2,1500,6,3,gamma + lognormal + inverse_gaussian,3337.6956927127426,False,False
2,1500,7,3,lognormal + gamma + inverse_gaussian,3337.6956927127426,False,False
2,1500,8,3,gamma + gamma + lognormal,3339.473951286812,False,False
2,1500,9,3,gamma + lognormal + gamma,3339.4739513618456,False,False
2,1500,10,3,lognormal + inverse_gaussian + gamma,3340.3335255838506,False,False
3,500,1,2,nb2 + nb2,2754.522155781464,False,True
3,500,2,2,poisson + zip,2770.1975339668306,False,False
3,500,3,2,zip + poisson,2770.2086700246373,False,False
3,500,4,2,poisson + poisson,2773.308639885244,False,False
3,500,5,2,zip + nb2,2776.1396154046124,False,False
3,500,6,2,nb2 + zip,2776.3643920626973,False,False
3,500,7,2,poisson + nb2,2777.8260402741666,True,True
3,500,8,2,nb2 + poisson,2779.5078026880874,True,True
3,500,9,3,zip + poisson + nb2,2783.3977816979486,False,False
3,500,10,3,nb2 + zip + zip,2785.2532161100557,False,False
3,1000,1,2,nb2 + nb2,5413.076489329544,False,True
3,1000,2,2,zip + poisson,5446.859992623878,False,False
3,1000,3,2,poisson + zip,5447.220986016281,False,False
3,1000,4,2,zip + nb2,5452.064755854322,False,False
3,1000,5,2,nb2 + zip,5452.660669520111,False,False
3,1000,6,3,nb2 + nb2 + poisson,5453.509501736047,False,False
3,1000,7,2,zip + zip,5453.901987648119,False,False
3,1000,8,3,poisson + nb2 + nb2,5454.3564492358855,False,False
3,1000,9,3,nb2 + poisson + nb2,5454.714274666142,False,False
3,1000,10,3,nb2 + zip + nb2,5458.418020302535,False,False
3,1500,1,2,nb2 + nb2,8162.3730445654255,False,True
3,1500,2,2,poisson + zip,8185.731180344977,False,False
3,1500,3,2,zip + poisson,8186.458375523979,False,False
3,1500,4,2,nb2 + zip,8190.34930152296,False,False
3,1500,5,2,zip + nb2,8191.96342596308,False,False
3,1500,6,2,zip + zip,8193.028634245225,False,False
3,1500,7,3,nb2 + nb2 + poisson,8193.889132527669,False,False
3,1500,8,3,poisson + poisson + poisson,8194.068943280707,False,False
3,1500,9,3,poisson + poisson + nb2,8195.745779238747,False,False
3,1500,10,3,poisson + nb2 + nb2,8197.284572531069,False,False
4,500,1,2,zip + poisson,2471.3254457297385,True,True
4,500,2,2,poisson + zip,2471.3283476135243,True,True
4,500,3,2,nb2 + zip,2476.834433561982,False,False
4,500,4,2,zip + nb2,2477.5548257414257,False,False
4,500,5,2,zip + zip,2477.55714222154,False,True
4,500,6,2,poisson + poisson,2490.6737240393113,False,False
4,500,7,2,nb2 + nb2,2490.779644067392,False,False
4,500,8,2,poisson + nb2,2493.343622076767,False,False
4,500,9,2,nb2 + poisson,2493.402713719802,False,False
4,500,10,3,poisson + nb2 + nb2,2498.766868946772,False,False
4,1000,1,2,poisson + zip,4879.497731707709,True,True
4,1000,2,2,zip + poisson,4879.665089425494,True,True
4,1000,3,2,zip + nb2,4884.45939246684,False,False
4,1000,4,2,nb2 + zip,4884.724972830056,False,False
4,1000,5,2,zip + zip,4886.777749862936,False,True
4,1000,6,3,poisson + poisson + poisson,4907.358151415698,False,False
4,1000,7,2,nb2 + nb2,4910.234495298925,False,False
4,1000,8,3,nb2 + poisson + poisson,4912.155997252331,False,False
4,1000,9,3,nb2 + poisson + nb2,4915.256157825164,False,False
4,1000,10,3,poisson + nb2 + zip,4917.158546127057,False,False
4,1500,1,2,zip + poisson,7228.65899734291,True,True
4,1500,2,2,poisson + zip,7228.805866328694,True,True
4,1500,3,2,zip + nb2,7232.782654609946,False,False
4,1500,4,2,nb2 + zip,7233.371784595318,False,False
4,1500,5,2,zip + zip,7236.008241673077,False,True
4,1500,6,3,nb2 + poisson + poisson,7262.467578615514,False,False
4,1500,7,3,poisson + poisson + nb2,7265.11703564162,False,False
4,1500,8,3,poisson + nb2 + poisson,7265.267701294314,False,False
4,1500,9,3,nb2 + poisson + zip,7268.774991499756,False,False
4,1500,10,3,zip + nb2 + poisson,7269.127473232506,False,False
1,500,1,2,student_t + gaussian,1968.8966447423772,True,True
1,500,2,2,student_t + skew_normal,1975.1111489085913,False,False
1,500,3,2,student_t + student_t,1976.7823789213637,False,True
1,500,4,2,gaussian + student_t,1983.249461375451,True,True
1,500,5,2,skew_normal + student_t,1989.4641669731927,False,False
1,500,6,3,student_t + gaussian + gaussian,2004.5223510869037,False,False
1,500,7,3,student_t + student_t + gaussian,2009.2016569462717,False,False
1,500,8,3,gaussian + student_t + gaussian,2009.721613282829,False,False
1,500,9,3,student_t + gaussian + skew_normal,2010.7371700480558,False,False
1,500,10,3,student_t + skew_normal + gaussian,2010.7375737763114,False,False
1,1000,1,2,student_t + gaussian,3760.487896571665,True,True
1,1000,2,2,student_t + student_t,3767.3239684155546,False,True
1,1000,3,2,student_t + skew_normal,3767.3985929086816,False,False
1,1000,4,2,gaussian + student_t,3788.1123510074262,True,True
1,1000,5,3,gaussian + gaussian + gaussian,3793.8415947395943,False,False
1,1000,6,2,skew_normal + student_t,3795.0202453295756,False,False
1,1000,7,3,gaussian + gaussian + skew_normal,3800.749211708169,False,False
1,1000,8,3,skew_normal + gaussian + gaussian,3800.749909698877,False,False
1,1000,9,3,gaussian + skew_normal + gaussian,3800.7508668369733,False,False
1,1000,10,3,student_t + gaussian + gaussian,3803.558262240291,False,False
1,1500,1,2,student_t + gaussian,5635.076371501713,True,True
1,1500,2,2,student_t + skew_normal,5642.389680181187,False,False
1,1500,3,2,student_t + student_t,5642.434932480897,False,True
1,1500,4,2,gaussian + gaussian,5678.759230715363,False,False
1,1500,5,3,student_t + gaussian + gaussian,5685.380589900423,False,False
1,1500,6,2,gaussian + skew_normal,5686.072468807852,False,False
1,1500,7,2,skew_normal + gaussian,5686.072675582921,False,False
1,1500,8,2,gaussian + student_t,5689.030287765104,True,True
1,1500,9,3,student_t + student_t + gaussian,5692.049928102283,False,False
1,1500,10,3,student_t + skew_normal + gaussian,5692.690732497452,False,False
2,500,1,2,lognormal + gamma,1138.8246451603488,True,True
2,500,2,2,lognormal + lognormal,1143.1551923155043,False,False
2,500,3,2,lognormal + inverse_gaussian,1151.0670585246337,False,False
2,500,4,2,inverse_gaussian + lognormal,1151.0683241484005,False,False
2,500,5,2,gamma + inverse_gaussian,1151.4644259722083,False,False
2,500,6,2,inverse_gaussian + inverse_gaussian,1163.1688761615303,False,False
2,500,7,2,gamma + gamma,1169.8181420766616,False,False
2,500,8,2,gamma + lognormal,1172.1232253649428,True,True
2,500,9,2,inverse_gaussian + gamma,1175.1989301460612,False,False
2,500,10,3,lognormal + gamma + gamma,1175.4003282598328,False,False
2,1000,1,2,lognormal + gamma,2497.122320622473,True,True
2,1000,2,2,gamma + lognormal,2497.122320622473,True,True
2,1000,3,2,lognormal + lognormal,2500.147929867774,False,False
2,1000,4,2,inverse_gaussian + lognormal,2505.8013576895464,False,False
2,1000,5,2,lognormal + inverse_gaussian,2505.8013576895464,False,False
2,1000,6,2,gamma + gamma,2535.5328668406764,False,False
2,1000,7,2,inverse_gaussian + gamma,2539.040942115944,False,False
2,1000,8,2,gamma + inverse_gaussian,2539.040942115944,False,False
2,1000,9,3,inverse_gaussian + gamma + lognormal,2541.260508247321,False,False
2,1000,10,3,gamma + inverse_gaussian + lognormal,2541.5180925867285,False,False
2,1500,1,2,lognormal + gamma,3426.3279159849976,True,True
2,1500,2,2,gamma + lognormal,3426.3279159849976,True,True
2,1500,3,2,lognormal + lognormal,3428.041082755271,False,False
2,1500,4,2,lognormal + inverse_gaussian,3458.0385323981886,False,False
2,1500,5,3,inverse_gaussian + gamma + gamma,3470.6149930447723,False,False
2,1500,6,3,gamma + gamma + inverse_gaussian,3470.81997401938,False,False
2,1500,7,3,inverse_gaussian + lognormal + gamma,3470.86178617627,False,False
2,1500,8,3,gamma + inverse_gaussian + lognormal,3470.8656974802752,False,False
2,1500,9,3,inverse_gaussian + gamma + lognormal,3470.9152715976775,False,False
2,1500,10,3,lognormal + gamma + inverse_gaussian,3471.3827343983635,False,False
3,500,1,2,zip + poisson,2738.092512904677,False,False
3,500,2,2,poisson + zip,2738.409918131851,False,False
3,500,3,2,nb2 + nb2,2743.0193834698894,False,True
3,500,4,2,zip + nb2,2743.971136271619,False,False
3,500,5,2,nb2 + zip,2744.307424939422,False,False
3,500,6,2,zip + zip,2744.323545011438,False,False
3,500,7,3,poisson + poisson + zip,2761.217541131888,False,False
3,500,8,3,zip + poisson + poisson,2762.7454341419434,False,False
3,500,9,2,poisson + poisson,2763.3280826546134,False,False
3,500,10,3,poisson + zip + poisson,2764.0901425228208,False,False
3,1000,1,2,nb2 + nb2,5439.048116611087,False,True
3,1000,2,2,zip + poisson,5456.145161433596,False,False
3,1000,3,2,poisson + zip,5456.324264627568,False,False
3,1000,4,2,nb2 + zip,5461.281437242407,False,False
3,1000,5,2,zip + nb2,5461.62526124023,False,False
3,1000,6,2,zip + zip,5462.873049628784,False,False
3,1000,7,3,nb2 + poisson + poisson,5469.391408587966,False,False
3,1000,8,3,poisson + nb2 + poisson,5470.829493995403,False,False
3,1000,9,3,poisson + nb2 + nb2,5471.196542064155,False,False
3,1000,10,3,nb2 + poisson + nb2,5472.418690826222,False,False
3,1500,1,2,nb2 + nb2,8229.028642676989,False,True
3,1500,2,3,poisson + poisson + poisson,8264.367577334013,False,False
3,1500,3,3,nb2 + nb2 + zip,8266.497328183052,False,False
3,1500,4,3,poisson + poisson + zip,8267.338008764951,False,False
3,1500,5,3,nb2 + nb2 + poisson,8271.540866651603,False,False
3,1500,6,3,poisson + nb2 + nb2,8272.401906412446,False,False
3,1500,7,3,nb2 + poisson + nb2,8275.08163809431,False,False
3,1500,8,3,nb2 + nb2 + nb2,8275.297980724243,False,False
3,1500,9,3,zip + poisson + zip,8275.499768096215,False,False
3,1500,10,3,zip + nb2 + nb2,8276.657079215323,False,False
4,500,1,2,zip + poisson,2455.69881358345,True,True
4,500,2,2,poisson + zip,2455.6990153191946,True,True
4,500,3,2,nb2 + zip,2461.2056852291353,False,False
4,500,4,2,zip + zip,2461.828617621509,False,True
4,500,5,2,zip + nb2,2462.134070964403,False,False
4,500,6,2,nb2 + nb2,2481.6149914544103,False,False
4,500,7,3,poisson + poisson + zip,2482.6715163093754,False,False
4,500,8,3,zip + poisson + poisson,2489.496466528729,False,False
4,500,9,3,poisson + zip + nb2,2489.6560524385623,False,False
4,500,10,3,poisson + poisson + nb2,2491.688608404627,False,False
4,1000,1,2,zip + poisson,4934.341968919375,True,True
4,1000,2,2,poisson + zip,4934.411995403645,True,True
4,1000,3,2,zip + nb2,4939.1770585410395,False,False
4,1000,4,2,nb2 + zip,4939.873173101942,False,False
4,1000,5,2,zip + zip,4941.340579723845,False,True
4,1000,6,3,zip + poisson + poisson,4957.933293452073,False,False
4,1000,7,3,zip + poisson + nb2,4962.881190551519,False,False
4,1000,8,3,poisson + nb2 + poisson,4966.659988458637,False,False
4,1000,9,3,poisson + poisson + nb2,4968.800791134514,False,False
4,1000,10,3,poisson + nb2 + zip,4970.484884978615,False,False
4,1500,1,2,zip + poisson,7255.569205337747,True,True
4,1500,2,2,poisson + zip,7255.709493318617,True,True
4,1500,3,2,nb2 + zip,7259.7206109690815,False,False
4,1500,4,2,zip + nb2,7260.466814675686,False,False
4,1500,5,2,zip + zip,7263.044770110351,False,True
4,1500,6,3,poisson + nb2 + poisson,7290.803029807364,False,False
4,1500,7,3,nb2 + zip + poisson,7294.5566252975605,False,False
4,1500,8,3,nb2 + poisson + nb2,7294.909697376394,False,False
4,1500,9,3,nb2 + poisson + zip,7294.963034537111,False,False
4,1500,10,3,poisson + nb2 + zip,7297.289814762916,False,False
1,500,1,2,student_t + gaussian,1937.0492472411877,True,True
1,500,2,2,student_t + student_t,1943.2619805269212,False,True
1,500,3,2,student_t + skew_normal,1943.263752225435,False,False
1,500,4,2,gaussian + student_t,1951.0422912913225,True,True
1,500,5,2,skew_normal + student_t,1957.2568363227247,False,False
1,500,6,3,gaussian + gaussian + student_t,1975.5246621893111,False,False
1,500,7,3,student_t + gaussian + gaussian,1978.756208112491,False,False
1,500,8,3,gaussian + student_t + student_t,1981.6692790175034,False,False
1,500,9,3,gaussian + skew_normal + student_t,1981.7342594273264,False,False
1,500,10,3,skew_normal + gaussian + student_t,1981.7343633375754,False,False
1,1000,1,2,student_t + gaussian,3807.0867590647263,True,True
1,1000,2,2,student_t + student_t,3813.936392867393,False,True
1,1000,3,2,student_t + skew_normal,3813.995895432001,False,False
1,1000,4,2,gaussian + student_t,3840.270628106699,True,True
1,1000,5,2,skew_normal + student_t,3847.1784329758043,False,False
1,1000,6,3,student_t + gaussian + gaussian,3850.7279824571715,False,False
1,1000,7,3,student_t + student_t + gaussian,3857.035420832224,False,False
1,1000,8,3,student_t + gaussian + student_t,3857.43438694003,False,False
1,1000,9,3,student_t + gaussian + skew_normal,3857.6356831220905,False,False
1,1000,10,3,student_t + skew_normal + gaussian,3857.6358299051963,False,False
1,1500,1,2,student_t + gaussian,5604.963072681512,True,True
1,1500,2,2,student_t + student_t,5612.0627452153385,False,True
1,1500,3,2,student_t + skew_normal,5612.276126488599,False,False
1,1500,4,2,gaussian + student_t,5641.236417803927,True,True
1,1500,5,2,skew_normal + student_t,5648.549717871341,False,False
1,1500,6,3,student_t + gaussian + gaussian,5650.0170900487665,False,False
1,1500,7,2,gaussian + gaussian,5653.29792859762,False,False
1,1500,8,3,student_t + gaussian + student_t,5656.485112181812,False,False
1,1500,9,3,student_t + gaussian + skew_normal,5657.329998860359,False,False
1,1500,10,3,student_t + skew_normal + gaussian,5657.330904448163,False,False
2,500,1,2,lognormal + lognormal,1260.5278301554051,False,False
2,500,2,2,lognormal + gamma,1261.0624266674636,True,True
2,500,3,2,gamma + lognormal,1261.0624266674636,True,True
2,500,4,2,inverse_gaussian + lognormal,1264.8300135449915,False,False
2,500,5,2,lognormal + inverse_gaussian,1264.8300135449915,False,False
2,500,6,2,inverse_gaussian + gamma,1271.9730410501904,False,False
2,500,7,2,gamma + inverse_gaussian,1271.9730410501904,False,False
2,500,8,2,inverse_gaussian + inverse_gaussian,1276.3693252513258,False,False
2,500,9,3,lognormal + lognormal + gamma,1283.3372258493714,False,False
2,500,10,3,lognormal + gamma + lognormal,1283.3372261566851,False,False
2,1000,1,2,lognormal + gamma,2468.050452442795,True,True
2,1000,2,2,gamma + lognormal,2468.050452442795,True,True
2,1000,3,2,lognormal + lognormal,2472.568366394235,False,False
2,1000,4,2,lognormal + inverse_gaussian,2481.392226448671,False,False
2,1000,5,2,inverse_gaussian + lognormal,2481.3951840646805,False,False
2,1000,6,3,lognormal + lognormal + gamma,2507.1679517197153,False,False
2,1000,7,3,gamma + lognormal + lognormal,2507.1679517596217,False,False
2,1000,8,3,gamma + inverse_gaussian + gamma,2507.4552376858637,False,False
2,1000,9,3,inverse_gaussian + gamma + gamma,2507.554750032778,False,False
2,1000,10,3,gamma + lognormal + inverse_gaussian,2509.2972181928826,False,False
2,1500,1,2,gamma + lognormal,3398.684828043026,True,True
2,1500,2,2,lognormal + lognormal,3404.1886633747085,False,False
2,1500,3,2,lognormal + inverse_gaussian,3439.700312305709,False,False
2,1500,4,3,gamma + lognormal + gamma,3440.104794150832,False,False
2,1500,5,3,gamma + lognormal + lognormal,3444.5980039499063,False,False
2,1500,6,3,lognormal + lognormal + gamma,3445.129093402356,False,False
2,1500,7,3,lognormal + gamma + lognormal,3445.214996364034,False,False
2,1500,8,3,lognormal + lognormal + lognormal,3445.751586531639,False,False
2,1500,9,3,lognormal + gamma + gamma,3446.4757691479103,False,False
2,1500,10,3,gamma + gamma + lognormal,3446.546239549037,False,False
3,500,1,2,nb2 + nb2,2766.4274459450116,False,True
3,500,2,2,zip + poisson,2774.25425375976,False,False
3,500,3,2,poisson + zip,2776.1984471710325,False,False
3,500,4,2,zip + nb2,2779.134438893465,False,False
3,500,5,2,zip + zip,2780.341783378615,False,False
3,500,6,3,poisson + poisson + poisson,2781.9404105898475,False,False
3,500,7,2,nb2 + zip,2783.733321038999,False,False
3,500,8,3,nb2 + poisson + poisson,2787.587084237718,False,False
3,500,9,3,nb2 + poisson + nb2,2794.2272162699555,False,False
3,500,10,3,poisson + zip + nb2,2794.601698107893,False,False
3,1000,1,2,nb2 + nb2,5477.10511158096,False,True
3,1000,2,2,zip + poisson,5486.8118991987585,False,False
3,1000,3,2,poisson + zip,5487.044316017235,False,False
3,1000,4,2,nb2 + zip,5492.026812595137,False,False
3,1000,5,2,zip + nb2,5493.409747378489,False,False
3,1000,6,2,zip + zip,5493.725279212049,False,False
3,1000,7,3,poisson + zip + poisson,5505.294031417963,False,False
3,1000,8,3,nb2 + zip + poisson,5506.447889018668,False,False
3,1000,9,3,poisson + nb2 + nb2,5506.920687736115,False,False
3,1000,10,3,zip + poisson + zip,5507.80072161962,False,False
3,1500,1,2,nb2 + nb2,8206.873041055786,False,True
3,1500,2,3,zip + poisson + poisson,8237.624796162843,False,False
3,1500,3,3,nb2 + zip + poisson,8242.461112428573,False,False
3,1500,4,3,zip + nb2 + poisson,8243.5139071882,False,False
3,1500,5,3,poisson + zip + nb2,8243.534135163798,False,False
3,1500,6,3,zip + poisson + nb2,8243.544792244918,False,False
3,1500,7,3,poisson + nb2 + zip,8244.40578990504,False,False
3,1500,8,3,zip + nb2 + zip,8247.782751319295,False,False
3,1500,9,3,poisson + zip + poisson,8249.46163476472,False,False
3,1500,10,3,poisson + poisson + zip,8249.767087596856,False,False
4,500,1,2,poisson + zip,2564.4013163272557,True,True
4,500,2,2,zip + poisson,2564.4629354828094,True,True
4,500,3,2,zip + nb2,2570.347931901544,False,False
4,500,4,2,nb2 + zip,2570.624572768367,False,False
4,500,5,2,zip + zip,2570.7040648066286,False,True
4,500,6,2,nb2 + nb2,2588.046452316299,False,False
4,500,7,3,poisson + nb2 + poisson,2589.3321710607142,False,False
4,500,8,3,poisson + poisson + poisson,2592.404614818542,False,False
4,500,9,3,poisson + poisson + zip,2593.783104935357,False,False
4,500,10,3,zip + poisson + poisson,2594.8999516892186,False,False
4,1000,1,2,zip + poisson,4890.539709683569,True,True
4,1000,2,2,poisson + zip,4890.54576867821,True,True
4,1000,3,2,zip + nb2,4895.56689419932,False,False
4,1000,4,2,nb2 + zip,4897.49475014196,False,False
4,1000,5,2,zip + zip,4897.505523587366,False,True
4,1000,6,3,poisson + poisson + poisson,4916.4285756544705,False,False
4,1000,7,3,nb2 + poisson + poisson,4923.259807269768,False,False
4,1000,8,3,poisson + poisson + nb2,4923.266204055746,False,False
4,1000,9,3,poisson + nb2 + poisson,4926.844052917829,False,False
4,1000,10,3,nb2 + nb2 + poisson,4929.2901325983175,False,False
4,1500,1,2,zip + poisson,7364.885947764779,True,True
4,1500,2,2,poisson + zip,7365.192441218352,True,True
4,1500,3,2,nb2 + zip,7371.927974042474,False,False
4,1500,4,2,zip + nb2,7371.988278020341,False,False
4,1500,5,2,zip + zip,7372.139302861906,False,True
4,1500,6,3,poisson + nb2 + poisson,7396.85520950392,False,False
4,1500,7,3,poisson + poisson + poisson,7398.92411082683,False,False
4,1500,8,3,nb2 + poisson + nb2,7399.097671098031,False,False
4,1500,9,3,nb2 + nb2 + poisson,7401.0927729821415,False,False
4,1500,10,3,zip + poisson + nb2,7402.728555546464,False,False
1,500,1,2,student_t + gaussian,1948.9419349448892,True,True
1,500,2,2,student_t + student_t,1955.1410380303055,False,True
1,500,3,2,student_t + skew_normal,1955.153371343244,False,False
1,500,4,2,gaussian + student_t,1957.2453399996855,True,True
1,500,5,2,gaussian + gaussian,1960.4100672311931,False,False
1,500,6,2,skew_normal + student_t,1963.45995132514,False,False
1,500,7,2,gaussian + skew_normal,1966.6236139247012,False,False
1,500,8,2,skew_normal + gaussian,1966.6246573486658,False,False
1,500,9,2,skew_normal + skew_normal,1972.8382037247434,False,False
1,500,10,3,gaussian + student_t + gaussian,1989.070544076583,False,False
1,1000,1,2,student_t + gaussian,3797.932669090766,True,True
1,1000,2,2,student_t + skew_normal,3804.838047630816,False,False
1,1000,3,2,student_t + student_t,3805.030200683444,False,True
1,1000,4,2,gaussian + gaussian,3811.363784613648,False,False
1,1000,5,2,gaussian + student_t,3817.8869949457753,True,True
1,1000,6,2,gaussian + skew_normal,3818.2707593265527,False,False
1,1000,7,2,skew_normal + gaussian,3818.2711363152052,False,False
1,1000,8,2,skew_normal + student_t,3824.795082688521,False,False
1,1000,9,2,skew_normal + skew_normal,3825.178081822199,False,False
1,1000,10,3,student_t + gaussian + gaussian,3832.698397730414,False,False
1,1500,1,2,student_t + gaussian,5585.520097231505,True,True
1,1500,2,2,student_t + student_t,5592.725010689463,False,True
1,1500,3,2,student_t + skew_normal,5592.833282183714,False,False
1,1500,4,2,gaussian + student_t,5627.668128925134,True,True
1,1500,5,3,student_t + gaussian + gaussian,5633.441444787922,False,False
1,1500,6,2,skew_normal + student_t,5634.981200415301,False,False
1,1500,7,3,student_t + student_t + gaussian,5640.365564656852,False,False
1,1500,8,3,student_t + skew_normal + gaussian,5640.747695461439,False,False
1,1500,9,3,student_t + gaussian + skew_normal,5640.754340434845,False,False
1,1500,10,3,student_t + gaussian + student_t,5641.904603310727,False,False
2,500,1,2,lognormal + lognormal,1173.095118875777,False,False
2,500,2,2,inverse_gaussian + gamma,1184.3827847525936,False,False
2,500,3,2,gamma + gamma,1184.9636166503585,False,False
2,500,4,2,lognormal + gamma,1187.898403074646,True,True
2,500,5,2,gamma + lognormal,1187.898403074646,True,True
2,500,6,3,lognormal + gamma + lognormal,1196.92758839726,False,False
2,500,7,3,gamma + lognormal + lognormal,1196.927588902763,False,False
2,500,8,3,lognormal + lognormal + gamma,1196.9275890503748,False,False
2,500,9,3,inverse_gaussian + lognormal + lognormal,1196.9802439905598,False,False
2,500,10,3,lognormal + inverse_gaussian + inverse_gaussian,1197.2490599113833,False,False
2,1000,1,2,lognormal + lognormal,2311.586103872753,False,False
2,1000,2,2,lognormal + gamma,2313.93442937728,True,True
2,1000,3,2,gamma + lognormal,2313.93442937728,True,True
2,1000,4,2,inverse_gaussian + lognormal,2323.5882063300614,False,False
2,1000,5,2,gamma + gamma,2349.347510247842,False,False
2,1000,6,2,gamma + inverse_gaussian,2350.6031580035697,False,False
2,1000,7,2,inverse_gaussian + gamma,2350.605586600875,False,False
2,1000,8,3,lognormal + lognormal + lognormal,2354.9985326113783,False,False
2,1000,9,3,gamma + lognormal + inverse_gaussian,2356.4441411775006,False,False
2,1000,10,3,lognormal + inverse_gaussian + lognormal,2358.082477164785,False,False
2,1500,1,2,lognormal + gamma,3298.4400446448926,True,True
2,1500,2,2,gamma + lognormal,3298.4400446448926,True,True
2,1500,3,2,lognormal + lognormal,3302.4200166620935,False,False
2,1500,4,2,lognormal + inverse_gaussian,3327.301580685073,False,False
2,1500,5,3,lognormal + gamma + lognormal,3344.6775915382073,False,False
2,1500,6,3,gamma + lognormal + lognormal,3344.6775915382073,False,False
2,1500,7,3,gamma + lognormal + gamma,3346.0811846843417,False,False
2,1500,8,3,lognormal + inverse_gaussian + gamma,3346.266259248306,False,False
2,1500,9,3,lognormal + lognormal + inverse_gaussian,3346.8416847861604,False,False
2,1500,10,3,inverse_gaussian + lognormal + lognormal,3346.841684829489,False,False
3,500,1,2,zip + poisson,2778.054829825438,False,False
3,500,2,2,poisson + zip,2778.0728232632255,False,False
3,500,3,2,nb2 + nb2,2781.1287297346553,False,True
3,500,4,2,nb2 + zip,2784.216854120831,False,False
3,500,5,2,zip + nb2,2784.2626921733645,False,False
3,500,6,2,zip + zip,2784.3045447188097,False,False
3,500,7,2,poisson + poisson,2804.7591913170572,False,False
3,500,8,3,poisson + nb2 + poisson,2807.287234302867,False,False
3,500,9,3,nb2 + poisson + poisson,2807.8147718049345,False,False
3,500,10,3,poisson + zip + poisson,2808.370496930175,False,False
3,1000,1,2,nb2 + nb2,5543.8440986180185,False,True
3,1000,2,2,poisson + zip,5564.081289785508,False,False
3,1000,3,2,zip + poisson,5564.300269550681,False,False
3,1000,4,2,nb2 + zip,5568.296030168962,False,False
3,1000,5,2,zip + nb2,5568.381700698253,False,False
3,1000,6,3,poisson + zip + poisson,5569.982233166862,False,False
3,1000,7,3,poisson + poisson + zip,5570.793006325462,False,False
3,1000,8,2,zip + zip,5570.9314942996725,False,False
3,1000,9,3,zip + poisson + poisson,5573.65284315246,False,False
3,1000,10,3,zip + zip + poisson,5576.438858257679,False,False
3,1500,1,2,nb2 + nb2,8148.414138792363,False,True
3,1500,2,3,nb2 + poisson + nb2,8185.364233575854,False,False
3,1500,3,3,poisson + nb2 + nb2,8186.3388955990395,False,False
3,1500,4,3,zip + poisson + poisson,8187.2971994012005,False,False
3,1500,5,3,nb2 + nb2 + poisson,8187.33647533483,False,False
3,1500,6,3,nb2 + poisson + zip,8189.4789284012595,False,False
3,1500,7,3,zip + nb2 + nb2,8189.488379155656,False,False
3,1500,8,3,poisson + nb2 + zip,8189.588726882931,False,False
3,1500,9,3,nb2 + zip + poisson,8189.6464170185145,False,False
3,1500,10,2,zip + poisson,8190.69107179394,False,False
4,500,1,2,poisson + zip,2512.936318798199,True,True
4,500,2,2,zip + poisson,2512.940744797768,True,True
4,500,3,2,zip + nb2,2518.3968303372403,False,False
4,500,4,2,nb2 + zip,2519.154351603608,False,False
4,500,5,2,zip + zip,2519.1924198743636,False,True
4,500,6,3,poisson + nb2 + poisson,2538.248236647865,False,False
4,500,7,3,nb2 + poisson + poisson,2543.5448878506863,False,False
4,500,8,3,poisson + poisson + nb2,2546.191945119747,False,False
4,500,9,2,nb2 + nb2,2546.963708222778,False,False
4,500,10,3,zip + poisson + poisson,2547.0199968664333,False,False
4,1000,1,2,zip + poisson,4937.811341144366,True,True
4,1000,2,2,poisson + zip,4937.88471247303,True,True
4,1000,3,2,nb2 + zip,4942.785852117358,False,False
4,1000,4,2,zip + nb2,4942.813630358219,False,False
4,1000,5,2,zip + zip,4944.734153185861,False,True
4,1000,6,3,poisson + nb2 + poisson,4972.726811533314,False,False
4,1000,7,3,nb2 + poisson + poisson,4973.3555461173,False,False
4,1000,8,3,poisson + zip + poisson,4977.62557666517,False,False
4,1000,9,3,poisson + poisson + nb2,4978.145849229537,False,False
4,1000,10,3,poisson + nb2 + nb2,4978.771668467718,False,False
4,1500,1,2,poisson + zip,7355.8842185612275,True,True
4,1500,2,2,zip + poisson,7355.911866183191,True,True
4,1500,3,2,nb2 + zip,7360.439529105379,False,False
4,1500,4,2,zip + nb2,7363.107345489958,False,False
4,1500,5,2,zip + zip,7363.257104960565,False,True
4,1500,6,3,poisson + poisson + poisson,7393.169184170557,False,False
4,1500,7,3,poisson + poisson + nb2,7395.826804039624,False,False
4,1500,8,3,nb2 + poisson + poisson,7396.289085253577,False,False
4,1500,9,3,nb2 + poisson + nb2,7398.800872349079,False,False
4,1500,10,3,poisson + zip + poisson,7399.307741585998,False,False
1,500,1,2,gaussian + gaussian,1860.1885064337168,False,False
1,500,2,2,student_t + gaussian,1864.4071964339114,True,True
1,500,3,2,gaussian + student_t,1866.2091820507492,True,True
1,500,4,2,gaussian + skew_normal,1866.4026171570392,False,False
1,500,5,2,skew_normal + gaussian,1866.4031935890082,False,False
1,500,6,2,student_t + student_t,1870.5946930936898,False,True
1,500,7,2,student_t + skew_normal,1870.621240056982,False,False
1,500,8,2,skew_normal + student_t,1872.4236164168105,False,False
1,500,9,2,skew_normal + skew_normal,1872.6173050982013,False,False
1,500,10,3,gaussian + gaussian + gaussian,1902.166601029106,False,False
1,1000,1,2,student_t + gaussian,3809.770195605029,True,True
1,1000,2,2,student_t + skew_normal,3816.67821784491,False,False
1,1000,3,2,student_t + student_t,3816.705238066698,False,True
1,1000,4,2,gaussian + student_t,3844.369688499122,True,True
1,1000,5,2,gaussian + gaussian,3846.3702589046425,False,False
1,1000,6,2,skew_normal + student_t,3851.2776401578485,False,False
1,1000,7,3,student_t + gaussian + gaussian,3852.66272229752,False,False
1,1000,8,2,skew_normal + gaussian,3853.2779855996873,False,False
1,1000,9,2,gaussian + skew_normal,3853.298638258069,False,False
1,1000,10,3,student_t + gaussian + student_t,3858.484302246986,False,False
1,1500,1,2,student_t + gaussian,5670.024308185213,True,True
1,1500,2,2,student_t + student_t,5677.321913014429,False,True
1,1500,3,2,student_t + skew_normal,5677.337509822097,False,False
1,1500,4,2,gaussian + student_t,5708.758937741399,True,True
1,1500,5,2,skew_normal + student_t,5716.071972496924,False,False
1,1500,6,3,student_t + gaussian + gaussian,5719.938566092116,False,False
1,1500,7,3,student_t + student_t + gaussian,5726.704650882522,False,False
1,1500,8,3,student_t + gaussian + skew_normal,5727.251667636126,False,False
1,1500,9,3,student_t + skew_normal + gaussian,5727.251817610111,False,False
1,1500,10,3,student_t + gaussian + student_t,5727.543755685381,False,False
2,500,1,2,lognormal + gamma,1052.0727537519285,True,True
2,500,2,2,gamma + lognormal,1052.0727537519285,True,True
2,500,3,2,lognormal + lognormal,1052.693258267864,False,False
2,500,4,2,lognormal + inverse_gaussian,1054.5702225704206,False,False
2,500,5,2,gamma + gamma,1064.0434636327705,False,False
2,500,6,2,inverse_gaussian + gamma,1064.6713616674147,False,False
2,500,7,2,gamma + inverse_gaussian,1064.6713616674147,False,False
2,500,8,3,gamma + gamma + inverse_gaussian,1083.3979135541763,False,False
2,500,9,3,inverse_gaussian + gamma + gamma,1083.3979136147582,False,False
2,500,10,3,gamma + inverse_gaussian + gamma,1083.40686503404,False,False
2,1000,1,2,gamma + lognormal,2395.7250476958216,True,True
2,1000,2,2,lognormal + lognormal,2399.876205125124,False,False
2,1000,3,2,inverse_gaussian + lognormal,2409.02010579116,False,False
2,1000,4,3,inverse_gaussian + gamma + lognormal,2425.611210804497,False,False
2,1000,5,3,gamma + lognormal + inverse_gaussian,2425.750430342856,False,False
2,1000,6,3,inverse_gaussian + lognormal + lognormal,2429.533941731143,False,False
2,1000,7,3,lognormal + lognormal + gamma,2432.2648637368393,False,False
2,1000,8,3,gamma + gamma + gamma,2433.8668720490814,False,False
2,1000,9,3,gamma + gamma + inverse_gaussian,2435.059667108747,False,False
2,1000,10,3,lognormal + gamma + gamma,2436.7719267376574,False,False
2,1500,1,2,lognormal + lognormal,3169.124974299319,False,False
2,1500,2,2,inverse_gaussian + lognormal,3181.560859528809,False,False
2,1500,3,3,lognormal + lognormal + inverse_gaussian,3201.8311587291787,False,False
2,1500,4,3,gamma + lognormal + lognormal,3203.1780718140367,False,False
2,1500,5,3,lognormal + lognormal + lognormal,3204.3059011230594,False,False
2,1500,6,3,lognormal + gamma + gamma,3206.3723628789826,False,False
2,1500,7,3,gamma + gamma + lognormal,3206.767975237294,False,False
2,1500,8,3,lognormal + lognormal + gamma,3207.0913143982607,False,False
2,1500,9,3,gamma + lognormal + gamma,3207.4745800257683,False,False
2,1500,10,3,lognormal + gamma + lognormal,3207.7797613815733,False,False
3,500,1,2,poisson + zip,2754.2454163221614,False,False
3,500,2,2,zip + poisson,2754.2565900034588,False,False
3,500,3,2,nb2 + zip,2755.884693186299,False,False
3,500,4,2,zip + nb2,2755.9129811945686,False,False
3,500,5,2,nb2 + nb2,2755.934459633573,False,True
3,500,6,2,zip + zip,2760.4227198721082,False,False
3,500,7,3,poisson + zip + poisson,2768.8964625887807,False,False
3,500,8,3,zip + poisson + poisson,2769.1806579359104,False,False
3,500,9,3,poisson + poisson + zip,2769.222872432217,False,False
3,500,10,2,poisson + nb2,2770.6528446912657,True,True
3,1000,1,2,nb2 + nb2,5448.082718901095,False,True
3,1000,2,2,zip + poisson,5452.742481692735,False,False
3,1000,3,2,poisson + zip,5452.762257949394,False,False
3,1000,4,2,zip + nb2,5459.227713525776,False,False
3,1000,5,2,nb2 + zip,5459.5005804046095,False,False
3,1000,6,2,zip + zip,5459.912467031145,False,False
3,1000,7,3,poisson + nb2 + poisson,5475.429809488208,False,False
3,1000,8,3,poisson + poisson + poisson,5479.579765928558,False,False
3,1000,9,3,zip + poisson + poisson,5480.157739513135,False,False
3,1000,10,3,zip + nb2 + poisson,5484.468943140606,False,False
3,1500,1,2,nb2 + nb2,8097.1524793536,False,True
3,1500,2,3,nb2 + poisson + nb2,8133.016722672862,False,False
3,1500,3,3,poisson + nb2 + nb2,8134.0420059997305,False,False
3,1500,4,3,nb2 + nb2 + poisson,8134.2619480824205,False,False
3,1500,5,3,poisson + poisson + poisson,8134.324899782109,False,False
3,1500,6,3,zip + poisson + poisson,8134.627781251369,False,False
3,1500,7,3,nb2 + poisson + poisson,8135.420921946933,False,False
3,1500,8,3,poisson + zip + nb2,8137.81962318711,False,False
3,1500,9,3,nb2 + nb2 + zip,8140.132658332772,False,False
3,1500,10,3,poisson + nb2 + zip,8140.369708103689,False,False
4,500,1,2,zip + poisson,2457.87274616546,True,True
4,500,2,2,poisson + zip,2457.9000897290407,True,True
4,500,3,2,zip + zip,2463.6310511806614,False,True
4,500,4,2,zip + nb2,2464.018306057019,False,False
4,500,5,2,nb2 + zip,2464.1227775389107,False,False
4,500,6,2,nb2 + nb2,2480.0755978304333,False,False
4,500,7,3,poisson + poisson + nb2,2489.821040670508,False,False
4,500,8,3,nb2 + poisson + poisson,2489.8256418990145,False,False
4,500,9,3,zip + poisson + poisson,2492.267546591559,False,False
4,500,10,3,poisson + poisson + zip,2493.748038734119,False,False
4,1000,1,2,zip + poisson,4934.170274886429,True,True
4,1000,2,2,poisson + zip,4934.337702416026,True,True
4,1000,3,2,zip + nb2,4935.249777983724,False,False
4,1000,4,2,nb2 + zip,4935.487273204541,False,False
4,1000,5,2,zip + zip,4940.964881270954,False,True
4,1000,6,3,zip + poisson + poisson,4961.495373579987,False,False
4,1000,7,3,poisson + poisson + zip,4962.646841844428,False,False
4,1000,8,3,poisson + zip + poisson,4965.568083421991,False,False
4,1000,9,2,nb2 + nb2,4965.9270523614005,False,False
4,1000,10,3,zip + zip + poisson,4965.971445263898,False,False
4,1500,1,2,poisson + zip,7496.836001390509,True,True
4,1500,2,2,zip + poisson,7496.924657846583,True,True
4,1500,3,2,nb2 + zip,7503.57901121426,False,False
4,1500,4,2,zip + nb2,7503.932684479327,False,False
4,1500,5,2,zip + zip,7504.012371647443,False,True
4,1500,6,3,zip + poisson + poisson,7522.396972070274,False,False
4,1500,7,2,nb2 + nb2,7522.605858632094,False,False
4,1500,8,3,poisson + zip + nb2,7524.223195906016,False,False
4,1500,9,3,zip + nb2 + poisson,7526.285459934747,False,False
4,1500,10,3,nb2 + zip + poisson,7526.308279879134,False,False
1,500,1,2,student_t + gaussian,1900.325047748374,True,True
1,500,2,2,gaussian + student_t,1904.3669437498822,True,True
1,500,3,2,student_t + skew_normal,1906.5384517550428,False,False
1,500,4,2,gaussian + gaussian,1908.5343140959428,False,False
1,500,5,2,student_t + student_t,1908.7147951022591,False,True
1,500,6,2,skew_normal + student_t,1910.581453904695,False,False
1,500,7,2,gaussian + skew_normal,1914.758698902637,False,False
1,500,8,2,skew_normal + gaussian,1914.7591213596804,False,False
1,500,9,2,skew_normal + skew_normal,1920.973644032218,False,False
1,500,10,3,gaussian + gaussian + gaussian,1937.6128757154484,False,False
1,1000,1,2,student_t + gaussian,3720.988822325256,True,True
1,1000,2,2,student_t + student_t,3727.6087593395796,False,True
1,1000,3,2,student_t + skew_normal,3727.892284128039,False,False
1,1000,4,2,gaussian + student_t,3732.035084033675,True,True
1,1000,5,2,skew_normal + student_t,3738.9425780753013,False,False
1,1000,6,3,gaussian + gaussian + gaussian,3751.381374221422,False,False
1,1000,7,3,gaussian + gaussian + skew_normal,3758.2867108164082,False,False
1,1000,8,3,skew_normal + gaussian + gaussian,3758.2884396419695,False,False
1,1000,9,3,gaussian + skew_normal + gaussian,3758.2933825181426,False,False
1,1000,10,3,student_t + gaussian + gaussian,3764.487537053099,False,False
1,1500,1,2,student_t + gaussian,5479.054864803572,True,True
1,1500,2,2,student_t + student_t,5486.244893349114,False,True
1,1500,3,2,student_t + skew_normal,5486.367779354125,False,False
1,1500,4,2,gaussian + gaussian,5509.018816142143,False,False
1,1500,5,2,gaussian + skew_normal,5516.331643327641,False,False
1,1500,6,2,skew_normal + gaussian,5516.332240547388,False,False
1,1500,7,2,gaussian + student_t,5518.8797422751295,True,True
1,1500,8,2,skew_normal + skew_normal,5523.645066193404,False,False
1,1500,9,2,skew_normal + student_t,5526.193031415669,False,False
1,1500,10,3,student_t + gaussian + gaussian,5527.722800915475,False,False
2,500,1,2,lognormal + gamma,1226.5233526153477,True,True
2,500,2,2,gamma + lognormal,1226.5233526153477,True,True
2,500,3,2,lognormal + lognormal,1228.5337202054627,False,False
2,500,4,2,gamma + gamma,1230.6989150459044,False,False
2,500,5,2,inverse_gaussian + lognormal,1239.9241113111443,False,False
2,500,6,2,lognormal + inverse_gaussian,1239.9241113111443,False,False
2,500,7,3,inverse_gaussian + lognormal + gamma,1240.8563142597802,False,False
2,500,8,3,inverse_gaussian + gamma + lognormal,1240.8563142676949,False,False
2,500,9,3,gamma + lognormal + inverse_gaussian,1240.856314455084,False,False
2,500,10,3,inverse_gaussian + lognormal + lognormal,1242.8952005245667,False,False
2,1000,1,2,lognormal + gamma,2495.661811079914,True,True
2,1000,2,2,gamma + lognormal,2495.661811079914,True,True
2,1000,3,2,lognormal + lognormal,2497.1008703030498,False,False
2,1000,4,2,inverse_gaussian + lognormal,2523.2110478027753,False,False
2,1000,5,3,gamma + lognormal + inverse_gaussian,2538.9983681448007,False,False
2,1000,6,3,gamma + inverse_gaussian + lognormal,2538.9983698601463,False,False
2,1000,7,3,gamma + gamma + gamma,2539.0209276685,False,False
2,1000,8,3,lognormal + lognormal + inverse_gaussian,2540.4477192474656,False,False
2,1000,9,3,inverse_gaussian + lognormal + lognormal,2540.4477196098896,False,False
2,1000,10,3,lognormal + inverse_gaussian + lognormal,2540.4477196098896,False,False
2,1500,1,2,lognormal + gamma,3310.920492071821,True,True
2,1500,2,2,lognormal + lognormal,3312.3267892514227,False,False
2,1500,3,2,lognormal + inverse_gaussian,3329.307323683546,False,False
2,1500,4,2,inverse_gaussian + lognormal,3329.3107957598495,False,False
2,1500,5,3,gamma + gamma + inverse_gaussian,3343.6495639378536,False,False
2,1500,6,3,gamma + inverse_gaussian + gamma,3343.649569896151,False,False
2,1500,7,3,inverse_gaussian + gamma + lognormal,3345.3155916208375,False,False
2,1500,8,3,gamma + inverse_gaussian + lognormal,3345.3155916208375,False,False
2,1500,9,3,lognormal + gamma + inverse_gaussian,3345.315592694986,False,False
2,1500,10,3,gamma + lognormal + inverse_gaussian,3345.315592694986,False,False
3,500,1,2,poisson + zip,2704.786847141275,False,False
3,500,2,2,zip + poisson,2704.9723295049134,False,False
3,500,3,2,zip + nb2,2710.441806676492,False,False
3,500,4,2,nb2 + zip,2710.55874420304,False,False
3,500,5,2,zip + zip,2711.0836792444106,False,False
3,500,6,2,nb2 + nb2,2714.6958162188976,False,True
3,500,7,3,zip + poisson + poisson,2731.8292809103646,False,False
3,500,8,3,poisson + poisson + zip,2732.361618508677,False,False
3,500,9,3,poisson + zip + poisson,2732.7144603756965,False,False
3,500,10,3,zip + zip + nb2,2735.928941721163,False,False
3,1000,1,2,nb2 + nb2,5459.344510638295,False,True
3,1000,2,2,poisson + zip,5477.359868725769,False,False
3,1000,3,2,zip + poisson,5477.5097719152855,False,False
3,1000,4,2,zip + zip,5484.270294469044,False,False
3,1000,5,3,nb2 + poisson + nb2,5484.992433338929,False,False
3,1000,6,3,poisson + nb2 + nb2,5486.838555812245,False,False
3,1000,7,3,nb2 + nb2 + poisson,5487.176200693506,False,False
3,1000,8,2,zip + nb2,5489.856310573619,False,False
3,1000,9,2,nb2 + zip,5489.937869110213,False,False
3,1000,10,3,poisson + nb2 + zip,5490.236412234786,False,False
3,1500,1,2,nb2 + nb2,8350.083643139586,False,True
3,1500,2,3,nb2 + poisson + nb2,8391.243200408697,False,False
3,1500,3,3,poisson + nb2 + nb2,8391.288541130107,False,False
3,1500,4,3,nb2 + nb2 + poisson,8391.692696488939,False,False
3,1500,5,3,poisson + zip + nb2,8395.266845352187,False,False
3,1500,6,3,nb2 + nb2 + zip,8397.060035912647,False,False
3,1500,7,3,zip + poisson + nb2,8397.107214081047,False,False
3,1500,8,3,nb2 + poisson + zip,8397.614306612042,False,False
3,1500,9,3,nb2 + zip + nb2,8400.76656384512,False,False
3,1500,10,3,zip + nb2 + nb2,8400.80707268814,False,False
4,500,1,2,zip + poisson,2500.7123882232327,True,True
4,500,2,2,poisson + zip,2500.719208501754,True,True
4,500,3,2,nb2 + zip,2506.899722245,False,False
4,500,4,2,zip + zip,2506.918324312921,False,True
4,500,5,2,nb2 + nb2,2523.4416338346773,False,False
4,500,6,3,poisson + poisson + poisson,2526.877206281919,False,False
4,500,7,3,nb2 + poisson + poisson,2532.7067944442692,False,False
4,500,8,3,zip + poisson + poisson,2534.7962046556713,False,False
4,500,9,3,zip + nb2 + poisson,2536.29959562365,False,False
4,500,10,3,nb2 + poisson + zip,2537.1376161688486,False,False
4,1000,1,2,zip + poisson,4879.726861809798,True,True
4,1000,2,2,poisson + zip,4879.878829398993,True,True
4,1000,3,2,nb2 + zip,4884.966509296311,False,False
4,1000,4,2,zip + nb2,4884.98089661539,False,False
4,1000,5,2,zip + zip,4886.69667511717,False,True
4,1000,6,3,nb2 + poisson + poisson,4911.830673394802,False,False
4,1000,7,3,poisson + nb2 + poisson,4916.86434005367,False,False
4,1000,8,3,zip + poisson + poisson,4917.302419155588,False,False
4,1000,9,2,nb2 + nb2,4921.320926108554,False,False
4,1000,10,3,poisson + zip + poisson,4921.487253130577,False,False
4,1500,1,2,poisson + zip,7316.501269490974,True,True
4,1500,2,2,zip + poisson,7316.538126738826,True,True
4,1500,3,2,zip + nb2,7320.714392552023,False,False
4,1500,4,2,zip + zip,7323.721723608069,False,True
4,1500,5,2,nb2 + zip,7323.74580714209,False,False
4,1500,6,3,poisson + poisson + nb2,7355.840891287309,False,False
4,1500,7,3,nb2 + poisson + poisson,7356.594969532897,False,False
4,1500,8,3,nb2 + poisson + nb2,7358.810434099747,False,False
4,1500,9,3,poisson + nb2 + poisson,7359.16654677689,False,False
4,1500,10,3,poisson + zip + poisson,7359.71641388052,False,False
1,500,1,2,student_t + gaussian,1839.6030193603046,True,True
1,500,2,2,student_t + skew_normal,1845.8176571755941,False,False
1,500,3,2,student_t + student_t,1845.842562558521,False,True
1,500,4,2,gaussian + gaussian,1850.3534793405145,False,False
1,500,5,2,gaussian + student_t,1856.538818339928,True,True
1,500,6,2,skew_normal + gaussian,1856.5681087965156,False,False
1,500,7,2,gaussian + skew_normal,1856.5681650106292,False,False
1,500,8,2,skew_normal + student_t,1862.7584726301966,False,False
1,500,9,2,skew_normal + skew_normal,1862.7827944586338,False,False
1,500,10,3,student_t + gaussian + gaussian,1875.1593916181912,False,False
1,1000,1,2,student_t + gaussian,3702.024991184404,True,True
1,1000,2,2,student_t + skew_normal,3708.930519598542,False,False
1,1000,3,2,student_t + student_t,3708.945021576383,False,True
1,1000,4,2,gaussian + gaussian,3710.1892098927315,False,False
1,1000,5,2,gaussian + student_t,3717.089387843426,True,True
1,1000,6,2,gaussian + skew_normal,3717.096393736159,False,False
1,1000,7,2,skew_normal + gaussian,3717.0970243495517,False,False
1,1000,8,2,skew_normal + student_t,3723.962229250086,False,False
1,1000,9,2,skew_normal + skew_normal,3724.004214317455,False,False
1,1000,10,3,student_t + gaussian + gaussian,3749.980176027999,False,False
1,1500,1,2,student_t + gaussian,5623.875876715676,True,True
1,1500,2,2,student_t + skew_normal,5631.189192402387,False,False
1,1500,3,2,student_t + student_t,5632.056066621122,False,True
1,1500,4,2,gaussian + student_t,5636.46705520492,True,True
1,1500,5,2,gaussian + gaussian,5639.113840309468,False,False
1,1500,6,2,skew_normal + student_t,5643.7802236155,False,False
1,1500,7,2,gaussian + skew_normal,5646.42691147752,False,False
1,1500,8,2,skew_normal + gaussian,5646.427022476377,False,False
1,1500,9,2,skew_normal + skew_normal,5653.740095995994,False,False
1,1500,10,3,student_t + gaussian + gaussian,5667.309163803646,False,False
2,500,1,2,lognormal + lognormal,1263.845738727643,False,False
2,500,2,2,lognormal + gamma,1264.4505599496326,True,True
2,500,3,2,inverse_gaussian + lognormal,1275.4838960649033,False,False
2,500,4,2,lognormal + inverse_gaussian,1275.4838960649033,False,False
2,500,5,2,inverse_gaussian + gamma,1277.870359042239,False,False
2,500,6,2,gamma + inverse_gaussian,1277.870359042239,False,False
2,500,7,2,gamma + lognormal,1279.7860472514321,True,True
2,500,8,2,gamma + gamma,1280.559974440838,False,False
2,500,9,2,inverse_gaussian + inverse_gaussian,1289.5049574905127,False,False
2,500,10,3,gamma + lognormal + inverse_gaussian,1295.7057714644159,False,False
2,1000,1,2,lognormal + gamma,2578.551341599372,True,True
2,1000,2,2,gamma + lognormal,2578.551341599372,True,True
2,1000,3,2,lognormal + lognormal,2580.595605766189,False,False
2,1000,4,2,lognormal + inverse_gaussian,2608.411728551878,False,False
2,1000,5,3,lognormal + lognormal + gamma,2621.061956416058,False,False
2,1000,6,3,lognormal + lognormal + lognormal,2622.6005417515453,False,False
2,1000,7,3,gamma + inverse_gaussian + lognormal,2623.8817841820146,False,False
2,1000,8,3,inverse_gaussian + lognormal + lognormal,2625.98887215775,False,False
2,1000,9,3,gamma + lognormal + gamma,2626.0592181599113,False,False
2,1000,10,3,lognormal + gamma + gamma,2626.0592183462386,False,False
2,1500,1,2,lognormal + gamma,3675.7258717342643,True,True
2,1500,2,2,lognormal + inverse_gaussian,3681.665096234307,False,False
2,1500,3,2,lognormal + lognormal,3685.529837509101,False,False
2,1500,4,3,lognormal + gamma + gamma,3722.688093957608,False,False
2,1500,5,3,lognormal + lognormal + gamma,3724.2610062926406,False,False
2,1500,6,3,lognormal + gamma + lognormal,3724.2656333006134,False,False
2,1500,7,3,lognormal + gamma + inverse_gaussian,3724.9690644993593,False,False
2,1500,8,3,inverse_gaussian + lognormal + gamma,3726.91100335533,False,False
2,1500,9,3,inverse_gaussian + gamma + lognormal,3726.923986597538,False,False
2,1500,10,3,gamma + lognormal + inverse_gaussian,3727.0988047305777,False,False
3,500,1,2,nb2 + nb2,2867.8951974337033,False,True
3,500,2,3,poisson + poisson + poisson,2890.0995868353243,False,False
3,500,3,2,poisson + zip,2890.216011717141,False,False
3,500,4,2,zip + poisson,2890.3561560835005,False,False
3,500,5,2,zip + nb2,2891.605789905934,False,False
3,500,6,2,nb2 + zip,2891.6242408288435,False,False
3,500,7,3,nb2 + nb2 + poisson,2894.841208956234,False,False
3,500,8,3,poisson + nb2 + nb2,2894.851257307866,False,False
3,500,9,3,zip + poisson + zip,2894.9452980828155,False,False
3,500,10,3,nb2 + poisson + nb2,2895.0153420294682,False,False
3,1000,1,2,nb2 + nb2,5526.290424311432,False,True
3,1000,2,2,zip + poisson,5546.078395694849,False,False
3,1000,3,2,poisson + zip,5546.37305044571,False,False
3,1000,4,2,zip + nb2,5548.286228423791,False,False
3,1000,5,2,nb2 + zip,5548.310497385984,False,False
3,1000,6,3,poisson + nb2 + nb2,5552.845380362944,False,False
3,1000,7,2,zip + zip,5553.375140912242,False,False
3,1000,8,3,nb2 + nb2 + poisson,5555.638700330683,False,False
3,1000,9,3,nb2 + poisson + nb2,5557.140893778151,False,False
3,1000,10,3,poisson + poisson + nb2,5559.229489375549,False,False
3,1500,1,2,nb2 + nb2,8188.50299697063,False,True
3,1500,2,2,zip + poisson,8224.31624492242,False,False
3,1500,3,2,poisson + zip,8224.369336698619,False,False
3,1500,4,3,nb2 + nb2 + poisson,8227.111953816438,False,False
3,1500,5,3,nb2 + poisson + nb2,8227.20152320394,False,False
3,1500,6,3,poisson + nb2 + nb2,8227.277225069798,False,False
3,1500,7,3,poisson + poisson + nb2,8227.86205845231,False,False
3,1500,8,3,zip + nb2 + poisson,8229.28747373359,False,False
3,1500,9,3,poisson + nb2 + zip,8229.658407327453,False,False
3,1500,10,3,zip + poisson + nb2,8230.912838440863,False,False
4,500,1,2,zip + poisson,2446.300495135072,True,True
4,500,2,2,poisson + zip,2446.3399634619273,True,True
4,500,3,2,nb2 + zip,2451.3391692418054,False,False
4,500,4,2,zip + nb2,2451.355825487981,False,False
4,500,5,2,zip + zip,2452.5058578329763,False,True
4,500,6,3,poisson + poisson + poisson,2472.1459549608403,False,False
4,500,7,3,poisson + poisson + nb2,2472.6207109746906,False,False
4,500,8,3,poisson + poisson + zip,2473.8388105263916,False,False
4,500,9,3,zip + zip + poisson,2476.0738435242974,False,False
4,500,10,3,poisson + zip + zip,2476.9422141356536,False,False
4,1000,1,2,zip + poisson,4929.673982240048,True,True
4,1000,2,2,poisson + zip,4929.704574206377,True,True
4,1000,3,2,nb2 + zip,4935.769480197005,False,False
4,1000,4,2,zip + nb2,4936.525598802528,False,False
4,1000,5,2,zip + zip,4936.552850607944,False,True
4,1000,6,3,nb2 + poisson + poisson,4963.125371880687,False,False
4,1000,7,3,poisson + poisson + poisson,4963.185767671726,False,False
4,1000,8,3,poisson + nb2 + poisson,4964.382971872935,False,False
4,1000,9,3,poisson + poisson + nb2,4966.235885397238,False,False
4,1000,10,3,nb2 + poisson + nb2,4969.1063569822045,False,False
4,1500,1,2,zip + poisson,7322.269862860549,True,True
4,1500,2,2,poisson + zip,7322.411829750258,True,True
4,1500,3,2,zip + nb2,7326.84770843244,False,False
4,1500,4,2,zip + zip,7329.703210972493,False,True
4,1500,5,2,nb2 + zip,7329.712896239553,False,False
4,1500,6,3,poisson + poisson + poisson,7352.5348241606935,False,False
4,1500,7,3,poisson + poisson + nb2,7356.479798904523,False,False
4,1500,8,3,poisson + nb2 + nb2,7360.633355076535,False,False
4,1500,9,3,nb2 + poisson + poisson,7363.164992708854,False,False
4,1500,10,3,nb2 + poisson + nb2,7363.771236356037,False,False
1,500,1,2,student_t + gaussian,1887.586129037728,True,True
1,500,2,2,student_t + student_t,1893.7739382514615,False,True
1,500,3,2,student_t + skew_normal,1893.8008024625574,False,False
1,500,4,2,gaussian + gaussian,1912.9578228491366,False,False
1,500,5,2,gaussian + skew_normal,1919.1722439697048,False,False
1,500,6,2,skew_normal + gaussian,1919.1724195386694,False,False
1,500,7,2,gaussian + student_t,1920.2819640713963,True,True
1,500,8,3,student_t + gaussian + gaussian,1923.6334587479053,False,False
1,500,9,2,skew_normal + skew_normal,1925.3868406605786,False,False
1,500,10,2,skew_normal + student_t,1926.4964722804848,False,False
1,1000,1,2,student_t + gaussian,3752.118239430148,True,True
1,1000,2,2,student_t + student_t,3758.878382630341,False,True
1,1000,3,2,student_t + skew_normal,3759.0275152624895,False,False
1,1000,4,2,gaussian + student_t,3772.532268466645,True,True
1,1000,5,2,gaussian + gaussian,3777.5061524695384,False,False
1,1000,6,2,skew_normal + student_t,3779.439916455283,False,False
1,1000,7,2,skew_normal + gaussian,3784.4139171597917,False,False
1,1000,8,2,gaussian + skew_normal,3784.415108432067,False,False
1,1000,9,2,skew_normal + skew_normal,3791.3228725605427,False,False
1,1000,10,3,student_t + gaussian + gaussian,3793.464706220161,False,False
1,1500,1,2,student_t + gaussian,5534.800566169828,True,True
1,1500,2,2,gaussian + gaussian,5538.0518049858565,False,False
1,1500,3,2,student_t + student_t,5538.307224529229,False,True
1,1500,4,2,gaussian + student_t,5540.146917460297,True,True
1,1500,5,2,student_t + skew_normal,5542.114095793005,False,False
1,1500,6,2,skew_normal + gaussian,5545.364627291858,False,False
1,1500,7,2,gaussian + skew_normal,5545.36545045416,False,False
1,1500,8,2,skew_normal + student_t,5547.4594269204335,False,False
1,1500,9,2,skew_normal + skew_normal,5552.678273629459,False,False
1,1500,10,3,student_t + student_t + gaussian,5583.566412041088,False,False
2,500,1,2,lognormal + lognormal,1080.5432743489819,False,False
2,500,2,2,lognormal + gamma,1081.9621142780652,True,True
2,500,3,2,gamma + lognormal,1081.9621142780652,True,True
2,500,4,2,lognormal + inverse_gaussian,1092.9216033742537,False,False
2,500,5,2,inverse_gaussian + lognormal,1092.9221596933521,False,False
2,500,6,2,inverse_gaussian + gamma,1097.9433530320666,False,False
2,500,7,2,gamma + inverse_gaussian,1097.9433530320666,False,False
2,500,8,2,inverse_gaussian + inverse_gaussian,1107.9402163571792,False,False
2,500,9,3,lognormal + inverse_gaussian + lognormal,1108.4142966800528,False,False
2,500,10,3,inverse_gaussian + lognormal + lognormal,1108.4142966800528,False,False
2,1000,1,2,lognormal + gamma,2503.2573108605206,True,True
2,1000,2,2,gamma + lognormal,2503.2573108605206,True,True
2,1000,3,2,lognormal + lognormal,2503.343332012417,False,False
2,1000,4,2,inverse_gaussian + lognormal,2524.124908194076,False,False
2,1000,5,2,lognormal + inverse_gaussian,2524.124908194076,False,False
2,1000,6,3,lognormal + lognormal + gamma,2541.324606594554,False,False
2,1000,7,2,gamma + gamma,2541.614043415758,False,False
2,1000,8,3,lognormal + lognormal + lognormal,2541.860136624403,False,False
2,1000,9,3,lognormal + inverse_gaussian + gamma,2543.493286082492,False,False
2,1000,10,3,gamma + inverse_gaussian + lognormal,2543.493286459231,False,False
2,1500,1,2,lognormal + lognormal,3507.1137480807656,False,False
2,1500,2,2,inverse_gaussian + lognormal,3533.343825984815,False,False
2,1500,3,2,lognormal + inverse_gaussian,3533.343825984815,False,False
2,1500,4,3,lognormal + lognormal + lognormal,3555.3746885816304,False,False
2,1500,5,3,gamma + lognormal + lognormal,3558.7274723126816,False,False
2,1500,6,3,inverse_gaussian + lognormal + lognormal,3559.0994321819358,False,False
2,1500,7,3,lognormal + lognormal + inverse_gaussian,3560.288837108831,False,False
2,1500,8,3,lognormal + gamma + lognormal,3560.7741673559276,False,False
2,1500,9,3,lognormal + lognormal + gamma,3560.842671215713,False,False
2,1500,10,3,lognormal + inverse_gaussian + lognormal,3563.039495958473,False,False
3,500,1,2,nb2 + nb2,2724.9413113412993,False,True
3,500,2,2,poisson + zip,2727.2286732555895,False,False
3,500,3,2,zip + poisson,2727.54882622235,False,False
3,500,4,2,zip + nb2,2733.3646863518297,False,False
3,500,5,2,nb2 + zip,2733.434876582677,False,False
3,500,6,2,zip + zip,2733.537125229066,False,False
3,500,7,3,poisson + zip + poisson,2741.2341494341804,False,False
3,500,8,2,poisson + poisson,2741.8750815029516,False,False
3,500,9,3,poisson + poisson + nb2,2742.819484213294,False,False
3,500,10,3,poisson + nb2 + nb2,2747.1161706002285,False,False
3,1000,1,2,zip + poisson,5451.30013425405,False,False
3,1000,2,2,poisson + zip,5452.039068134944,False,False
3,1000,3,2,nb2 + nb2,5456.916686134476,False,True
3,1000,4,2,nb2 + zip,5457.029213084606,False,False
3,1000,5,2,zip + nb2,5457.338640016803,False,False
3,1000,6,2,zip + zip,5458.506089382653,False,False
3,1000,7,2,poisson + poisson,5473.290489482858,False,False
3,1000,8,2,nb2 + poisson,5478.781700488572,True,True
3,1000,9,2,poisson + nb2,5485.11522401945,True,True
3,1000,10,3,nb2 + poisson + poisson,5485.853553697421,False,False
3,1500,1,2,nb2 + nb2,8254.435627916597,False,True
3,1500,2,3,poisson + poisson + poisson,8283.108572863212,False,False
3,1500,3,2,poisson + zip,8286.180470229752,False,False
3,1500,4,2,zip + poisson,8286.259597984497,False,False
3,1500,5,3,poisson + nb2 + poisson,8289.105493965955,False,False
3,1500,6,3,poisson + nb2 + nb2,8291.034816543279,False,False
3,1500,7,3,poisson + poisson + nb2,8291.40468368988,False,False
3,1500,8,3,nb2 + poisson + poisson,8291.533911455983,False,False
3,1500,9,3,poisson + poisson + zip,8291.785802681536,False,False
3,1500,10,3,nb2 + poisson + nb2,8292.284077726541,False,False
4,500,1,2,zip + poisson,2482.0068705582657,True,True
4,500,2,2,poisson + zip,2482.091952213217,True,True
4,500,3,2,zip + nb2,2487.9961868673436,False,False
4,500,4,3,poisson + poisson + poisson,2488.1128226663336,False,False
4,500,5,2,nb2 + zip,2488.1523777649536,False,False
4,500,6,2,zip + zip,2488.197735112286,False,True
4,500,7,3,poisson + poisson + nb2,2494.337848798372,False,False
4,500,8,2,nb2 + nb2,2496.3908672646894,False,False
4,500,9,3,nb2 + poisson + nb2,2500.8482672396194,False,False
4,500,10,3,nb2 + poisson + poisson,2501.3199125773635,False,False
4,1000,1,2,poisson + zip,4994.5710144932045,True,True
4,1000,2,2,zip + poisson,4994.591652938915,True,True
4,1000,3,2,nb2 + zip,5001.251413517127,False,False
4,1000,4,2,zip + nb2,5001.323231463775,False,False
4,1000,5,2,zip + zip,5001.556919162428,False,True
4,1000,6,3,poisson + poisson + nb2,5024.386150952347,False,False
4,1000,7,3,nb2 + poisson + poisson,5024.420704216607,False,False
4,1000,8,3,poisson + zip + poisson,5028.267946346276,False,False
4,1000,9,3,poisson + nb2 + nb2,5029.459947583175,False,False
4,1000,10,3,zip + poisson + poisson,5032.915634489953,False,False
4,1500,1,2,zip + poisson,7385.504857213509,True,True
4,1500,2,2,poisson + zip,7385.596425162433,True,True
4,1500,3,2,zip + nb2,7389.633453782364,False,False
4,1500,4,2,nb2 + zip,7391.403422278136,False,False
4,1500,5,2,zip + zip,7392.870305213955,False,True
4,1500,6,3,nb2 + poisson + nb2,7425.546652268883,False,False
4,1500,7,3,poisson + poisson + nb2,7426.713620619953,False,False
4,1500,8,3,nb2 + poisson + poisson,7427.069906901826,False,False
4,1500,9,3,poisson + poisson + poisson,7428.4756602181815,False,False
4,1500,10,3,poisson + zip + poisson,7428.997517533903,False,False
1,500,1,2,student_t + gaussian,1832.7037017796713,True,True
1,500,2,2,student_t + skew_normal,1838.9182718218394,False,False
1,500,3,2,student_t + student_t,1838.935080082244,False,True
1,500,4,2,gaussian + student_t,1848.862998294083,True,True
1,500,5,2,skew_normal + student_t,1855.077592162338,False,False
1,500,6,2,gaussian + gaussian,1869.5867457365202,False,False
1,500,7,3,student_t + gaussian + gaussian,1872.0713005769153,False,False
1,500,8,2,skew_normal + gaussian,1875.8013604499047,False,False
1,500,9,2,gaussian + skew_normal,1875.8045421896124,False,False
1,500,10,3,student_t + gaussian + student_t,1877.2057949569771,False,False
1,1000,1,2,student_t + gaussian,3719.384486507684,True,True
1,1000,2,2,student_t + student_t,3726.163417833244,False,True
1,1000,3,2,student_t + skew_normal,3726.295428260808,False,False
1,1000,4,2,gaussian + student_t,3733.49623473523,True,True
1,1000,5,2,skew_normal + student_t,3740.4040694181326,False,False
1,1000,6,3,student_t + gaussian + gaussian,3761.9813675859805,False,False
1,1000,7,2,gaussian + gaussian,3762.276094835587,False,False
1,1000,8,3,student_t + student_t + gaussian,3766.3754610584397,False,False
1,1000,9,3,gaussian + student_t + gaussian,3766.4627798465526,False,False
1,1000,10,3,student_t + gaussian + skew_normal,3768.8874179769286,False,False
1,1500,1,2,student_t + gaussian,5667.041054725192,True,True
1,1500,2,2,student_t + skew_normal,5674.354383018739,False,False
1,1500,3,2,student_t + student_t,5674.38652624078,False,True
1,1500,4,3,student_t + gaussian + gaussian,5711.0605571322885,False,False
1,1500,5,3,student_t + gaussian + student_t,5718.1059135434525,False,False
1,1500,6,3,student_t + student_t + gaussian,5718.304753790555,False,False
1,1500,7,3,student_t + skew_normal + gaussian,5718.373655844559,False,False
1,1500,8,3,student_t + gaussian + skew_normal,5718.373657066845,False,False
1,1500,9,3,student_t + skew_normal + student_t,5725.436948382315,False,False
1,1500,10,3,student_t + student_t + student_t,5725.55168397081,False,False
2,500,1,2,lognormal + lognormal,1203.4537312459463,False,False
2,500,2,2,lognormal + gamma,1204.5475639416047,True,True
2,500,3,2,gamma + lognormal,1204.5475639416047,True,True
2,500,4,2,inverse_gaussian + lognormal,1211.2332620027682,False,False
2,500,5,2,lognormal + inverse_gaussian,1211.2332620027682,False,False
2,500,6,3,inverse_gaussian + lognormal + lognormal,1226.1870397233142,False,False
2,500,7,3,inverse_gaussian + lognormal + gamma,1227.186074861233,False,False
2,500,8,2,gamma + gamma,1228.4240070024318,False,False
2,500,9,3,lognormal + lognormal + lognormal,1231.2012458160802,False,False
2,500,10,2,inverse_gaussian + gamma,1231.9038640976235,False,False
2,1000,1,2,lognormal + lognormal,2530.180971179096,False,False
2,1000,2,2,lognormal + gamma,2532.551956457478,True,True
2,1000,3,2,inverse_gaussian + lognormal,2550.950897296412,False,False
2,1000,4,2,lognormal + inverse_gaussian,2550.950897296412,False,False
2,1000,5,2,gamma + lognormal,2565.3267994434527,True,True
2,1000,6,2,gamma + gamma,2570.332801743871,False,False
2,1000,7,3,lognormal + lognormal + lognormal,2570.3821278837067,False,False
2,1000,8,3,lognormal + lognormal + gamma,2571.384378880716,False,False
2,1000,9,3,lognormal + gamma + lognormal,2571.3843792032994,False,False
2,1000,10,3,lognormal + gamma + inverse_gaussian,2573.8242176191793,False,False
2,1500,1,2,lognormal + lognormal,3412.498286669493,False,False
2,1500,2,2,lognormal + gamma,3412.6157129236913,True,True
2,1500,3,2,gamma + lognormal,3412.6157129236913,True,True
2,1500,4,2,lognormal + inverse_gaussian,3435.7957892139707,False,False
2,1500,5,3,lognormal + lognormal + lognormal,3454.6094405594617,False,False
2,1500,6,3,lognormal + gamma + lognormal,3454.621018559327,False,False
2,1500,7,3,lognormal + lognormal + gamma,3454.6988608713154,False,False
2,1500,8,3,gamma + lognormal + lognormal,3454.702661244008,False,False
2,1500,9,3,inverse_gaussian + lognormal + lognormal,3456.083849773125,False,False
2,1500,10,3,lognormal + inverse_gaussian + lognormal,3456.309110187795,False,False
3,500,1,2,poisson + zip,2743.8008252986065,False,False
3,500,2,2,zip + poisson,2743.845843347246,False,False
3,500,3,2,poisson + poisson,2744.8720092179046,False,False
3,500,4,2,zip + nb2,2749.2561164943318,False,False
3,500,5,2,nb2 + nb2,2749.5993357197776,False,True
3,500,6,2,zip + zip,2750.0088814847586,False,False
3,500,7,2,nb2 + zip,2750.0737629111445,False,False
3,500,8,2,poisson + nb2,2750.149398163241,True,True
3,500,9,2,nb2 + poisson,2750.761981665003,True,True
3,500,10,3,nb2 + poisson + poisson,2775.5924581162003,False,False
3,1000,1,2,nb2 + nb2,5426.245581367617,False,True
3,1000,2,2,zip + poisson,5438.597792148582,False,False
3,1000,3,2,poisson + zip,5438.700262757219,False,False
3,1000,4,2,zip + nb2,5444.250373512966,False,False
3,1000,5,2,nb2 + zip,5444.709316814759,False,False
3,1000,6,2,zip + zip,5446.0154357795145,False,False
3,1000,7,3,poisson + zip + poisson,5456.075170749789,False,False
3,1000,8,3,poisson + zip + nb2,5459.696557810155,False,False
3,1000,9,3,nb2 + poisson + zip,5459.877583564424,False,False
3,1000,10,3,poisson + nb2 + zip,5460.4846546971,False,False
3,1500,1,2,nb2 + nb2,8188.999241800865,False,True
3,1500,2,3,poisson + nb2 + nb2,8217.38685647059,False,False
3,1500,3,3,nb2 + poisson + nb2,8217.49456171443,False,False
3,1500,4,3,nb2 + nb2 + poisson,8218.118709835078,False,False
3,1500,5,3,zip + nb2 + nb2,8224.33758565686,False,False
3,1500,6,3,nb2 + zip + nb2,8230.150501016573,False,False
3,1500,7,3,nb2 + zip + poisson,8230.857403395123,False,False
3,1500,8,3,poisson + nb2 + zip,8232.162098661136,False,False
3,1500,9,3,poisson + poisson + zip,8234.69331787239,False,False
3,1500,10,3,nb2 + nb2 + zip,8235.345109021475,False,False
4,500,1,2,zip + poisson,2497.0873712430803,True,True
4,500,2,2,poisson + zip,2497.3240548190174,True,True
4,500,3,2,zip + nb2,2502.2200711639853,False,False
4,500,4,2,nb2 + zip,2502.4423744046635,False,False
4,500,5,2,zip + zip,2503.3381454816354,False,True
4,500,6,2,nb2 + nb2,2521.3351937980287,False,False
4,500,7,3,nb2 + poisson + poisson,2526.494038345462,False,False
4,500,8,3,poisson + poisson + nb2,2527.113342985672,False,False
4,500,9,3,poisson + poisson + zip,2529.450593782612,False,False
4,500,10,3,zip + poisson + poisson,2529.822938950239,False,False
4,1000,1,2,zip + poisson,4987.276055414325,True,True
4,1000,2,2,poisson + zip,4987.293089051535,True,True
4,1000,3,2,nb2 + zip,4992.378812309472,False,False
4,1000,4,2,zip + nb2,4992.505975650285,False,False
4,1000,5,2,zip + zip,4994.346825487743,False,True
4,1000,6,3,poisson + poisson + zip,5015.811508180519,False,False
4,1000,7,3,poisson + zip + poisson,5015.959369527096,False,False
4,1000,8,3,zip + poisson + poisson,5018.243022084822,False,False
4,1000,9,3,poisson + poisson + nb2,5020.566170273392,False,False
4,1000,10,3,nb2 + poisson + poisson,5020.944471312091,False,False
4,1500,1,2,poisson + zip,7367.647959501139,True,True
4,1500,2,2,zip + poisson,7367.91740536922,True,True
4,1500,3,2,zip + zip,7375.133021918222,False,True
4,1500,4,2,zip + nb2,7375.471956388534,False,False
4,1500,5,2,nb2 + zip,7375.640314991266,False,False
4,1500,6,3,poisson + poisson + nb2,7396.674777302028,False,False
4,1500,7,3,nb2 + poisson + nb2,7401.289382092492,False,False
4,1500,8,3,poisson + poisson + poisson,7401.567199023034,False,False
4,1500,9,3,nb2 + nb2 + poisson,7401.888986711468,False,False
4,1500,10,3,zip + poisson + poisson,7403.19597621512,False,False
1,500,1,2,student_t + gaussian,1910.5309011550892,True,True
1,500,2,2,gaussian + student_t,1911.588042402653,True,True
1,500,3,2,student_t + student_t,1915.0254076744159,False,True
1,500,4,2,student_t + skew_normal,1916.7451867342634,False,False
1,500,5,2,skew_normal + student_t,1917.8029814519475,False,False
1,500,6,2,gaussian + gaussian,1927.1763285922636,False,False
1,500,7,2,skew_normal + gaussian,1933.3911070212855,False,False
1,500,8,2,gaussian + skew_normal,1933.392079587176,False,False
1,500,9,2,skew_normal + skew_normal,1939.6068559694424,False,False
1,500,10,3,student_t + gaussian + gaussian,1949.8206217712789,False,False
1,1000,1,2,student_t + gaussian,3811.979256047,True,True
1,1000,2,2,student_t + student_t,3818.436481170473,False,True
1,1000,3,2,student_t + skew_normal,3818.8881655347723,False,False
1,1000,4,2,gaussian + student_t,3829.6593065332368,True,True
1,1000,5,2,skew_normal + student_t,3836.5670532667564,False,False
1,1000,6,3,gaussian + gaussian + gaussian,3853.6770853568405,False,False
1,1000,7,3,student_t + gaussian + gaussian,3856.149383777981,False,False
1,1000,8,3,skew_normal + gaussian + gaussian,3860.576651633226,False,False
1,1000,9,3,gaussian + gaussian + skew_normal,3860.5823256242556,False,False
1,1000,10,3,gaussian + skew_normal + gaussian,3860.583599861096,False,False
1,1500,1,2,student_t + gaussian,5688.825312523715,True,True
1,1500,2,2,student_t + student_t,5696.1310042409095,False,True
1,1500,3,2,student_t + skew_normal,5696.138561929942,False,False
1,1500,4,2,gaussian + gaussian,5713.537965306741,False,False
1,1500,5,2,gaussian + skew_normal,5720.851128028776,False,False
1,1500,6,2,skew_normal + gaussian,5720.851245542161,False,False
1,1500,7,2,gaussian + student_t,5722.284847002097,True,True
1,1500,8,2,skew_normal + skew_normal,5728.164409038647,False,False
1,1500,9,2,skew_normal + student_t,5729.5979564089685,False,False
1,1500,10,3,student_t + gaussian + gaussian,5731.317226646059,False,False
2,500,1,2,lognormal + gamma,1319.5221291137798,True,True
2,500,2,2,lognormal + lognormal,1320.933644919245,False,False
2,500,3,2,inverse_gaussian + lognormal,1336.1924798764483,False,False
2,500,4,2,lognormal + inverse_gaussian,1336.1924798764483,False,False
2,500,5,3,gamma + inverse_gaussian + lognormal,1355.581661644571,False,False
2,500,6,3,lognormal + gamma + gamma,1355.7188608411927,False,False
2,500,7,3,gamma + lognormal + gamma,1355.7188608411927,False,False
2,500,8,3,lognormal + lognormal + lognormal,1356.539112859431,False,False
2,500,9,3,gamma + lognormal + lognormal,1356.7830849205093,False,False
2,500,10,3,lognormal + lognormal + inverse_gaussian,1356.871586325674,False,False
2,1000,1,2,lognormal + gamma,2167.202810167716,True,True
2,1000,2,2,lognormal + lognormal,2167.88160907394,False,False
2,1000,3,2,inverse_gaussian + lognormal,2185.3387779289687,False,False
2,1000,4,2,lognormal + inverse_gaussian,2185.3387779289687,False,False
2,1000,5,3,gamma + gamma + lognormal,2206.398008874891,False,False
2,1000,6,3,lognormal + gamma + gamma,2206.4519474330345,False,False
2,1000,7,3,gamma + lognormal + lognormal,2207.5510629859236,False,False
2,1000,8,3,lognormal + gamma + lognormal,2207.602325725489,False,False
2,1000,9,3,lognormal + gamma + inverse_gaussian,2207.8580732708365,False,False
2,1000,10,3,gamma + inverse_gaussian + gamma,2207.9066547202465,False,False
2,1500,1,2,lognormal + gamma,3607.7540349597307,True,True
2,1500,2,2,lognormal + lognormal,3609.38491952224,False,False
2,1500,3,2,lognormal + inverse_gaussian,3649.7790703891565,False,False
2,1500,4,3,gamma + lognormal + inverse_gaussian,3650.003681476483,False,False
2,1500,5,3,gamma + lognormal + gamma,3651.0561181005473,False,False
2,1500,6,3,gamma + inverse_gaussian + lognormal,3651.6945078735766,False,False
2,1500,7,3,lognormal + gamma + inverse_gaussian,3651.694509705608,False,False
2,1500,8,3,gamma + gamma + inverse_gaussian,3652.279138966944,False,False
2,1500,9,3,gamma + inverse_gaussian + gamma,3652.3667956913027,False,False
2,1500,10,3,inverse_gaussian + lognormal + lognormal,3652.8191063764143,False,False
3,500,1,2,nb2 + nb2,2788.05997479083,False,True
3,500,2,2,poisson + zip,2793.92656827793,False,False
3,500,3,2,zip + poisson,2798.551953347867,False,False
3,500,4,2,zip + nb2,2799.9299362647116,False,False
3,500,5,2,zip + zip,2800.0148938751845,False,False
3,500,6,2,nb2 + zip,2800.0603568744436,False,False
3,500,7,3,poisson + zip + poisson,2804.445152627352,False,False
3,500,8,3,nb2 + poisson + poisson,2806.428865546968,False,False
3,500,9,3,nb2 + poisson + zip,2809.586320848406,False,False
3,500,10,3,poisson + nb2 + zip,2810.08284670472,False,False
3,1000,1,2,nb2 + nb2,5538.258593292338,False,True
3,1000,2,2,zip + poisson,5546.333647867591,False,False
3,1000,3,2,poisson + zip,5546.952282102356,False,False
3,1000,4,2,zip + nb2,5548.8388346095935,False,False
3,1000,5,2,nb2 + zip,5548.980159382631,False,False
3,1000,6,2,zip + zip,5553.840401232095,False,False
3,1000,7,3,poisson + poisson + zip,5566.648158181488,False,False
3,1000,8,3,poisson + zip + poisson,5570.664834803732,False,False
3,1000,9,3,poisson + zip + zip,5572.563683094821,False,False
3,1000,10,3,nb2 + nb2 + poisson,5575.903885866127,False,False
3,1500,1,2,nb2 + nb2,8080.795313000293,False,True
3,1500,2,2,zip + poisson,8088.02597739206,False,False
3,1500,3,2,poisson + zip,8088.216628275479,False,False
3,1500,4,2,nb2 + zip,8093.343220250517,False,False
3,1500,5,2,zip + nb2,8094.302536584386,False,False
3,1500,6,2,zip + zip,8095.578109803453,False,False
3,1500,7,3,nb2 + zip + poisson,8121.245843443428,False,False
3,1500,8,3,poisson + zip + poisson,8121.456173370921,False,False
3,1500,9,3,zip + poisson + nb2,8121.492553756534,False,False
3,1500,10,3,poisson + zip + nb2,8121.763607885951,False,False
4,500,1,2,poisson + zip,2471.5719729862385,True,True
4,500,2,2,zip + poisson,2471.8035614530345,True,True
4,500,3,2,zip + nb2,2477.377097306723,False,False
4,500,4,2,nb2 + zip,2477.4332204630728,False,False
4,500,5,2,zip + zip,2477.726803030404,False,True
4,500,6,3,zip + poisson + poisson,2503.783164372749,False,False
4,500,7,3,poisson + zip + poisson,2503.8542167610663,False,False
4,500,8,3,poisson + poisson + zip,2504.3044789882747,False,False
4,500,9,3,poisson + poisson + nb2,2506.0826106802506,False,False
4,500,10,3,nb2 + zip + poisson,2508.7654169053503,False,False
4,1000,1,2,poisson + zip,4842.88282182807,True,True
4,1000,2,2,zip + poisson,4843.258023201337,True,True
4,1000,3,2,nb2 + zip,4847.601185831766,False,False
4,1000,4,2,zip + nb2,4849.756000130815,False,False
4,1000,5,2,zip + zip,4849.809302993987,False,True
4,1000,6,3,poisson + poisson + poisson,4873.4935917036855,False,False
4,1000,7,3,nb2 + poisson + poisson,4877.317952582729,False,False
4,1000,8,3,poisson + nb2 + poisson,4882.113189088965,False,False
4,1000,9,3,poisson + poisson + zip,4882.330451807891,False,False
4,1000,10,3,poisson + zip + poisson,4882.559758731094,False,False
4,1500,1,2,poisson + zip,7426.112107220594,True,True
4,1500,2,2,zip + poisson,7426.326716425231,True,True
4,1500,3,2,nb2 + zip,7430.247646996292,False,False
4,1500,4,2,zip + nb2,7431.046120631235,False,False
4,1500,5,2,zip + zip,7433.297440881879,False,True
4,1500,6,3,poisson + poisson + nb2,7453.162843622131,False,False
4,1500,7,3,poisson + nb2 + poisson,7454.140496496007,False,False
4,1500,8,3,poisson + nb2 + zip,7457.155606152636,False,False
4,1500,9,3,nb2 + zip + poisson,7457.4515041669165,False,False
4,1500,10,3,zip + nb2 + poisson,7458.95839883071,False,False
1,500,1,2,student_t + gaussian,1890.7575922053486,True,True
1,500,2,2,student_t + skew_normal,1896.9719933788078,False,False
1,500,3,2,student_t + student_t,1896.9852737160368,False,True
1,500,4,2,gaussian + gaussian,1897.63427886057,False,False
1,500,5,2,skew_normal + gaussian,1903.8487026878604,False,False
1,500,6,2,gaussian + skew_normal,1903.848810278216,False,False
1,500,7,2,gaussian + student_t,1903.852867320491,True,True
1,500,8,2,skew_normal + skew_normal,1910.0632328566749,False,False
1,500,9,2,skew_normal + student_t,1910.0751186129678,False,False
1,500,10,3,student_t + gaussian + gaussian,1930.0461156498916,False,False
1,1000,1,2,student_t + gaussian,3825.234958289019,True,True
1,1000,2,2,student_t + student_t,3832.1243679658323,False,True
1,1000,3,2,student_t + skew_normal,3832.1435104367088,False,False
1,1000,4,2,gaussian + student_t,3853.7758810297228,True,True
1,1000,5,2,skew_normal + student_t,3860.6837092738147,False,False
1,1000,6,3,student_t + gaussian + gaussian,3861.6563713613677,False,False
1,1000,7,3,student_t + gaussian + student_t,3868.3030263269866,False,False
1,1000,8,3,student_t + skew_normal + gaussian,3868.562686465867,False,False
1,1000,9,3,student_t + gaussian + skew_normal,3868.563957396333,False,False
1,1000,10,3,student_t + student_t + gaussian,3868.635905246139,False,False
1,1500,1,2,student_t + gaussian,5677.489844766749,True,True
1,1500,2,2,student_t + student_t,5682.864915471306,False,True
1,1500,3,2,student_t + skew_normal,5684.803074474943,False,False
1,1500,4,2,gaussian + student_t,5693.0139909573245,True,True
1,1500,5,2,skew_normal + student_t,5700.327110041129,False,False
1,1500,6,3,student_t + gaussian + gaussian,5728.877720553133,False,False
1,1500,7,2,gaussian + gaussian,5729.859643761607,False,False
1,1500,8,3,student_t + gaussian + student_t,5734.385557290165,False,False
1,1500,9,3,student_t + student_t + gaussian,5735.452484824404,False,False
1,1500,10,3,student_t + gaussian + skew_normal,5736.191011387144,False,False
2,500,1,2,lognormal + lognormal,1043.3906582757825,False,False
2,500,2,2,lognormal + gamma,1044.3246940361262,True,True
2,500,3,2,gamma + lognormal,1048.3801178905064,True,True
2,500,4,2,gamma + gamma,1049.628097356517,False,False
2,500,5,2,inverse_gaussian + lognormal,1056.2599340774618,False,False
2,500,6,2,lognormal + inverse_gaussian,1056.2599340774618,False,False
2,500,7,3,inverse_gaussian + gamma + gamma,1058.4912012313127,False,False
2,500,8,3,gamma + inverse_gaussian + gamma,1058.5015838872641,False,False
2,500,9,3,inverse_gaussian + gamma + inverse_gaussian,1063.2302332071863,False,False
2,500,10,3,lognormal + inverse_gaussian + lognormal,1069.230785592404,False,False
2,1000,1,2,gamma + lognormal,2248.486311301557,True,True
2,1000,2,2,lognormal + lognormal,2249.307096985289,False,False
2,1000,3,2,lognormal + inverse_gaussian,2253.38587411633,False,False
2,1000,4,2,inverse_gaussian + lognormal,2253.3873258052154,False,False
2,1000,5,2,lognormal + gamma,2281.402888229505,True,True
2,1000,6,2,gamma + gamma,2281.9945220735876,False,False
2,1000,7,2,inverse_gaussian + gamma,2282.001039168733,False,False
2,1000,8,2,gamma + inverse_gaussian,2282.001039168733,False,False
2,1000,9,3,gamma + lognormal + gamma,2291.3760576037325,False,False
2,1000,10,3,lognormal + gamma + gamma,2291.3760576037325,False,False
2,1500,1,2,lognormal + gamma,3441.8644966880634,True,True
2,1500,2,2,gamma + lognormal,3441.8644966880634,True,True
2,1500,3,2,inverse_gaussian + lognormal,3442.9195747227527,False,False
2,1500,4,2,lognormal + inverse_gaussian,3442.9195747227527,False,False
2,1500,5,2,lognormal + lognormal,3443.3174729816183,False,False
2,1500,6,3,lognormal + lognormal + gamma,3491.962941937425,False,False
2,1500,7,3,gamma + gamma + lognormal,3492.017827494213,False,False
2,1500,8,3,gamma + lognormal + inverse_gaussian,3493.0829311534258,False,False
2,1500,9,3,lognormal + inverse_gaussian + gamma,3493.2126550740054,False,False
2,1500,10,3,gamma + inverse_gaussian + lognormal,3493.212655166977,False,False
3,500,1,2,zip + poisson,2786.576473283283,False,False
3,500,2,2,poisson + zip,2786.5825425056537,False,False
3,500,3,2,zip + nb2,2791.961774918568,False,False
3,500,4,2,nb2 + zip,2791.971696522598,False,False
3,500,5,2,nb2 + nb2,2792.0557727287687,False,True
3,500,6,2,zip + zip,2792.7839091847763,False,False
3,500,7,3,zip + poisson + poisson,2804.1196704730614,False,False
3,500,8,3,poisson + poisson + poisson,2808.586702398439,False,False
3,500,9,3,poisson + nb2 + poisson,2813.130533055191,False,False
3,500,10,3,poisson + zip + zip,2813.1471254789203,False,False
3,1000,1,2,nb2 + nb2,5380.294745130064,False,True
3,1000,2,2,zip + poisson,5382.236244631466,False,False
3,1000,3,2,poisson + zip,5382.250258634207,False,False
3,1000,4,2,zip + nb2,5387.322302149419,False,False
3,1000,5,2,nb2 + zip,5387.884866630825,False,False
3,1000,6,2,zip + zip,5389.097247570807,False,False
3,1000,7,3,poisson + zip + poisson,5406.774008521816,False,False
3,1000,8,3,nb2 + poisson + poisson,5407.103075473513,False,False
3,1000,9,3,zip + poisson + nb2,5410.7931113780505,False,False
3,1000,10,3,poisson + nb2 + poisson,5411.294735913397,False,False
3,1500,1,2,nb2 + nb2,8213.393926829664,False,True
3,1500,2,2,zip + poisson,8232.093756588432,False,False
3,1500,3,2,poisson + zip,8234.076407219809,False,False
3,1500,4,3,poisson + poisson + poisson,8236.000938375091,False,False
3,1500,5,3,poisson + poisson + nb2,8239.331941126482,False,False
3,1500,6,2,zip + zip,8239.52776660812,False,False
3,1500,7,3,poisson + nb2 + poisson,8240.437119932498,False,False
3,1500,8,3,nb2 + poisson + poisson,8240.459309025066,False,False
3,1500,9,2,zip + nb2,8244.359903489833,False,False
3,1500,10,3,zip + nb2 + poisson,8244.930138050047,False,False
4,500,1,2,poisson + zip,2523.0632140651996,True,True
4,500,2,2,zip + poisson,2523.0665211045743,True,True
4,500,3,2,zip + nb2,2527.807984427536,False,False
4,500,4,2,zip + zip,2529.224212073953,False,True
4,500,5,3,poisson + poisson + poisson,2545.5300916397377,False,False
4,500,6,2,nb2 + nb2,2549.1526502699608,False,False
4,500,7,3,poisson + nb2 + poisson,2549.984183197391,False,False
4,500,8,3,zip + poisson + poisson,2552.080235541912,False,False
4,500,9,3,zip + zip + poisson,2553.3646731580775,False,False
4,500,10,3,nb2 + poisson + poisson,2554.3915191588053,False,False
4,1000,1,2,zip + poisson,4931.092050116308,True,True
4,1000,2,2,poisson + zip,4931.550822949815,True,True
4,1000,3,2,zip + zip,4937.806312057207,False,True
4,1000,4,2,zip + nb2,4938.131170482983,False,False
4,1000,5,2,nb2 + zip,4938.632829127462,False,False
4,1000,6,3,poisson + zip + poisson,4961.8126343198965,False,False
4,1000,7,3,zip + poisson + nb2,4964.778216333688,False,False
4,1000,8,3,poisson + poisson + zip,4965.433953173935,False,False
4,1000,9,3,zip + poisson + poisson,4966.030048100542,False,False
4,1000,10,3,zip + nb2 + poisson,4966.545014991882,False,False
4,1500,1,2,zip + poisson,7310.454786668658,True,True
4,1500,2,2,poisson + zip,7310.4973078480425,True,True
4,1500,3,2,zip + zip,7317.847085322887,False,True
4,1500,4,2,nb2 + zip,7317.861361305114,False,False
4,1500,5,2,zip + nb2,7317.953559784346,False,False
4,1500,6,3,poisson + nb2 + poisson,7336.710370938692,False,False
4,1500,7,3,nb2 + poisson + nb2,7344.846720725423,False,False
4,1500,8,3,zip + nb2 + poisson,7346.814168923553,False,False
4,1500,9,3,poisson + zip + poisson,7346.912337874582,False,False
4,1500,10,3,zip + poisson + poisson,7346.9137157550485,False,False
1,500,1,2,student_t + gaussian,1960.9076402197381,True,True
1,500,2,2,student_t + skew_normal,1967.1221274993322,False,False
1,500,3,2,student_t + student_t,1967.129931528962,False,True
1,500,4,2,gaussian + gaussian,1972.9601302930223,False,False
1,500,5,2,gaussian + skew_normal,1979.174608951916,False,False
1,500,6,2,skew_normal + gaussian,1979.174908440625,False,False
1,500,7,2,gaussian + student_t,1979.2246648595558,True,True
1,500,8,2,skew_normal + skew_normal,1985.3893869902233,False,False
1,500,9,2,skew_normal + student_t,1985.4394381280451,False,False
1,500,10,3,student_t + gaussian + gaussian,2004.5104374670673,False,False
1,1000,1,2,student_t + gaussian,3825.282544739937,True,True
1,1000,2,2,gaussian + gaussian,3825.8464283292233,False,False
1,1000,3,2,student_t + skew_normal,3832.190303904848,False,False
1,1000,4,2,student_t + student_t,3832.212597768132,False,True
1,1000,5,2,gaussian + student_t,3832.739547060747,True,True
1,1000,6,2,gaussian + skew_normal,3832.753820556909,False,False
1,1000,7,2,skew_normal + gaussian,3832.754189072874,False,False
1,1000,8,2,skew_normal + student_t,3839.6499969401957,False,False
1,1000,9,2,skew_normal + skew_normal,3839.6615821530113,False,False
1,1000,10,3,student_t + gaussian + gaussian,3870.814862520814,False,False
1,1500,1,2,student_t + gaussian,5563.339742732991,True,True
1,1500,2,2,student_t + student_t,5570.263207627116,False,True
1,1500,3,2,student_t + skew_normal,5570.652735109543,False,False
1,1500,4,2,gaussian + student_t,5585.59880579164,True,True
1,1500,5,2,skew_normal + student_t,5592.911863776149,False,False
1,1500,6,2,gaussian + gaussian,5596.332100116255,False,False
1,1500,7,2,gaussian + skew_normal,5603.645392437076,False,False
1,1500,8,2,skew_normal + gaussian,5603.645478043288,False,False
1,1500,9,3,student_t + gaussian + gaussian,5610.389811360703,False,False
1,1500,10,2,skew_normal + skew_normal,5610.958767687346,False,False
2,500,1,2,lognormal + gamma,1189.3316340023891,True,True
2,500,2,2,gamma + lognormal,1189.3316340023891,True,True
2,500,3,2,lognormal + lognormal,1190.3957422027888,False,False
2,500,4,2,inverse_gaussian + lognormal,1197.7617356656544,False,False
2,500,5,2,lognormal + inverse_gaussian,1197.7617356656544,False,False
2,500,6,2,inverse_gaussian + gamma,1213.6770822371775,False,False
2,500,7,2,gamma + inverse_gaussian,1213.6770822371775,False,False
2,500,8,2,gamma + gamma,1217.8260899618224,False,False
2,500,9,2,inverse_gaussian + inverse_gaussian,1221.6457124478995,False,False
2,500,10,3,lognormal + gamma + inverse_gaussian,1226.3821325632111,False,False
2,1000,1,2,lognormal + lognormal,2445.302720046747,False,False
2,1000,2,2,gamma + lognormal,2447.2857024119503,True,True
2,1000,3,2,inverse_gaussian + lognormal,2448.3420338504698,False,False
2,1000,4,2,lognormal + inverse_gaussian,2448.3420338504698,False,False
2,1000,5,3,gamma + lognormal + lognormal,2483.202194772329,False,False
2,1000,6,3,gamma + gamma + lognormal,2485.0053703805693,False,False
2,1000,7,3,gamma + lognormal + gamma,2485.0053720428546,False,False
2,1000,8,3,lognormal + gamma + gamma,2485.0143975526144,False,False
2,1000,9,3,lognormal + lognormal + inverse_gaussian,2486.002522536355,False,False
2,1000,10,3,gamma + lognormal + inverse_gaussian,2486.3478791700027,False,False
2,1500,1,2,gamma + lognormal,3129.6502553190962,True,True
2,1500,2,2,lognormal + lognormal,3133.7535779844243,False,False
2,1500,3,2,inverse_gaussian + lognormal,3147.2231041735736,False,False
2,1500,4,2,lognormal + inverse_gaussian,3147.2231041735736,False,False
2,1500,5,3,lognormal + gamma + lognormal,3177.6696983691445,False,False
2,1500,6,3,gamma + gamma + lognormal,3179.0350871984933,False,False
2,1500,7,3,gamma + gamma + inverse_gaussian,3180.7489875253937,False,False
2,1500,8,3,gamma + inverse_gaussian + gamma,3180.7503496503364,False,False
2,1500,9,3,inverse_gaussian + gamma + gamma,3180.7503512364387,False,False
2,1500,10,3,gamma + inverse_gaussian + lognormal,3181.3786890089186,False,False
3,500,1,2,nb2 + nb2,2764.864097725833,False,True
3,500,2,2,zip + poisson,2773.5841964950832,False,False
3,500,3,2,poisson + zip,2773.641592878506,False,False
3,500,4,2,zip + nb2,2779.4057388272704,False,False
3,500,5,2,nb2 + zip,2779.574316923701,False,False
3,500,6,2,zip + zip,2779.779375587271,False,False
3,500,7,3,poisson + nb2 + poisson,2786.2327401951497,False,False
3,500,8,3,poisson + poisson + nb2,2786.271923956709,False,False
3,500,9,2,poisson + poisson,2786.5835905549893,False,False
3,500,10,2,nb2 + poisson,2789.513238182528,True,True
3,1000,1,2,zip + poisson,5478.0613726968795,False,False
3,1000,2,2,poisson + zip,5478.4162252833785,False,False
3,1000,3,2,nb2 + zip,5483.580736378921,False,False
3,1000,4,2,zip + nb2,5484.109707823872,False,False
3,1000,5,2,zip + zip,5485.271356875313,False,False
3,1000,6,2,nb2 + nb2,5486.839127297532,False,True
3,1000,7,3,zip + poisson + poisson,5505.233346715777,False,False
3,1000,8,3,zip + nb2 + poisson,5510.736175453858,False,False
3,1000,9,3,poisson + poisson + nb2,5510.853207967673,False,False
3,1000,10,3,poisson + zip + poisson,5511.723405219387,False,False
3,1500,1,2,nb2 + nb2,8111.688315899318,False,True
3,1500,2,2,poisson + zip,8124.582385422979,False,False
3,1500,3,2,zip + poisson,8124.842676152251,False,False
3,1500,4,2,nb2 + zip,8128.965312570508,False,False
3,1500,5,2,zip + nb2,8130.876787488577,False,False
3,1500,6,2,zip + zip,8131.6460055476055,False,False
3,1500,7,3,nb2 + poisson + poisson,8142.901620542753,False,False
3,1500,8,3,poisson + poisson + nb2,8146.068750260826,False,False
3,1500,9,3,zip + poisson + poisson,8146.837907097467,False,False
3,1500,10,3,poisson + nb2 + nb2,8147.711536853017,False,False
4,500,1,2,zip + poisson,2507.672270262692,True,True
4,500,2,2,poisson + zip,2507.725749082935,True,True
4,500,3,2,nb2 + zip,2512.9592904809906,False,False
4,500,4,2,zip + zip,2513.9276905959878,False,True
4,500,5,2,zip + nb2,2514.0747226056274,False,False
4,500,6,2,nb2 + nb2,2530.022950678851,False,False
4,500,7,3,poisson + poisson + poisson,2533.1651593517104,False,False
4,500,8,3,nb2 + poisson + poisson,2539.0991144843892,False,False
4,500,9,3,poisson + poisson + nb2,2539.4197453506754,False,False
4,500,10,3,poisson + nb2 + poisson,2540.5379263786085,False,False
4,1000,1,2,poisson + zip,4957.932124539912,True,True
4,1000,2,2,zip + poisson,4958.202830797721,True,True
4,1000,3,2,zip + nb2,4962.631180921889,False,False
4,1000,4,2,nb2 + zip,4962.89848733806,False,False
4,1000,5,2,zip + zip,4965.180313244128,False,True
4,1000,6,3,poisson + poisson + nb2,4983.926450837131,False,False
4,1000,7,2,nb2 + nb2,4985.695545422269,False,False
4,1000,8,3,poisson + poisson + poisson,4987.471508910512,False,False
4,1000,9,3,zip + poisson + poisson,4996.169594768802,False,False
4,1000,10,3,poisson + zip + poisson,4996.714922197387,False,False
4,1500,1,2,zip + poisson,7359.028101350604,True,True
4,1500,2,2,poisson + zip,7359.259259858547,True,True
4,1500,3,2,zip + nb2,7363.460968204385,False,False
4,1500,4,2,zip + zip,7366.345612296096,False,True
4,1500,5,2,nb2 + zip,7366.491054357511,False,False
4,1500,6,3,poisson + poisson + poisson,7382.9677634171685,False,False
4,1500,7,3,poisson + poisson + nb2,7388.737527723469,False,False
4,1500,8,3,poisson + nb2 + poisson,7389.321065981309,False,False
4,1500,9,3,nb2 + poisson + poisson,7390.745492862075,False,False
4,1500,10,3,poisson + nb2 + zip,7394.323648010922,False,False
1,500,1,2,student_t + gaussian,1942.0866050519996,True,True
1,500,2,2,student_t + student_t,1948.1741179447813,False,True
1,500,3,2,student_t + skew_normal,1948.3019963905672,False,False
1,500,4,2,gaussian + student_t,1949.8435519327702,True,True
1,500,5,2,skew_normal + student_t,1956.0583109608688,False,False
1,500,6,3,gaussian + student_t + gaussian,1973.8119261000343,False,False
1,500,7,3,student_t + gaussian + gaussian,1974.787327200228,False,False
1,500,8,3,student_t + student_t + gaussian,1975.580301169036,False,False
1,500,9,3,student_t + gaussian + student_t,1976.5436232377567,False,False
1,500,10,3,gaussian + student_t + skew_normal,1980.0264395095646,False,False
1,1000,1,2,student_t + gaussian,3744.172431661969,True,True
1,1000,2,2,student_t + student_t,3750.958746986421,False,True
1,1000,3,2,student_t + skew_normal,3751.0803203230116,False,False
1,1000,4,2,gaussian + student_t,3760.2670182041497,True,True
1,1000,5,2,skew_normal + student_t,3767.174812344017,False,False
1,1000,6,2,gaussian + gaussian,3776.2926151572838,False,False
1,1000,7,3,student_t + gaussian + gaussian,3781.467813539183,False,False
1,1000,8,2,gaussian + skew_normal,3783.2001658919417,False,False
1,1000,9,2,skew_normal + gaussian,3783.200323429875,False,False
1,1000,10,3,student_t + skew_normal + gaussian,3788.3751004275546,False,False
1,1500,1,2,student_t + gaussian,5625.879887078709,True,True
1,1500,2,2,student_t + skew_normal,5633.193012079557,False,False
1,1500,3,2,student_t + student_t,5633.229172367277,False,True
1,1500,4,2,gaussian + gaussian,5636.618565666999,False,False
1,1500,5,2,gaussian + student_t,5643.874994706954,True,True
1,1500,6,2,skew_normal + gaussian,5643.931782221383,False,False
1,1500,7,2,gaussian + skew_normal,5643.93184083251,False,False
1,1500,8,2,skew_normal + student_t,5651.191161773856,False,False
1,1500,9,2,skew_normal + skew_normal,5651.24505762829,False,False
1,1500,10,3,student_t + gaussian + gaussian,5672.418686423511,False,False
2,500,1,2,lognormal + lognormal,1085.2064448986707,False,False
2,500,2,2,lognormal + gamma,1086.1906192585716,True,True
2,500,3,2,gamma + lognormal,1086.1906192585716,True,True
2,500,4,2,inverse_gaussian + lognormal,1096.7359345200152,False,False
2,500,5,2,lognormal + inverse_gaussian,1096.7359345200152,False,False
2,500,6,2,gamma + gamma,1112.411754165478,False,False
2,500,7,3,gamma + lognormal + lognormal,1113.4787822993928,False,False
2,500,8,3,lognormal + lognormal + gamma,1113.4787825272042,False,False
2,500,9,3,lognormal + gamma + lognormal,1113.5421017926963,False,False
2,500,10,3,inverse_gaussian + lognormal + lognormal,1113.8591997741287,False,False
2,1000,1,2,lognormal + gamma,2391.979141577942,True,True
2,1000,2,2,lognormal + lognormal,2395.42974978414,False,False
2,1000,3,2,inverse_gaussian + lognormal,2408.678291759992,False,False
2,1000,4,2,lognormal + inverse_gaussian,2408.678291759992,False,False
2,1000,5,2,gamma + gamma,2422.861435726999,False,False
2,1000,6,2,gamma + lognormal,2424.9108774542915,True,True
2,1000,7,2,inverse_gaussian + gamma,2431.585283790873,False,False
2,1000,8,3,inverse_gaussian + lognormal + gamma,2434.196907020819,False,False
2,1000,9,3,lognormal + lognormal + gamma,2436.4999474777796,False,False
2,1000,10,3,gamma + lognormal + gamma,2437.0870864288263,False,False
2,1500,1,2,gamma + lognormal,3472.146060237695,True,True
2,1500,2,2,lognormal + lognormal,3477.577281700304,False,False
2,1500,3,3,gamma + inverse_gaussian + lognormal,3506.8632297080617,False,False
2,1500,4,3,gamma + gamma + inverse_gaussian,3507.233293253626,False,False
2,1500,5,3,inverse_gaussian + gamma + gamma,3507.3140045580517,False,False
2,1500,6,3,gamma + inverse_gaussian + gamma,3507.3816057335043,False,False
2,1500,7,2,inverse_gaussian + lognormal,3509.3609150925327,False,False
2,1500,8,2,lognormal + inverse_gaussian,3509.3609150925327,False,False
2,1500,9,3,inverse_gaussian + lognormal + lognormal,3511.283449508943,False,False
2,1500,10,3,lognormal + inverse_gaussian + lognormal,3511.3435383132255,False,False
3,500,1,2,zip + poisson,2716.014575600798,False,False
3,500,2,2,poisson + zip,2716.061986327886,False,False
3,500,3,2,nb2 + zip,2721.6227765293816,False,False
3,500,4,2,nb2 + nb2,2721.83052954551,False,True
3,500,5,2,zip + zip,2722.0836089924933,False,False
3,500,6,2,zip + nb2,2722.1752390040883,False,False
3,500,7,2,poisson + poisson,2747.0096891938324,False,False
3,500,8,3,poisson + poisson + zip,2748.0446383012795,False,False
3,500,9,3,poisson + zip + poisson,2748.1732959292794,False,False
3,500,10,3,poisson + nb2 + poisson,2749.268459135165,False,False
3,1000,1,2,nb2 + nb2,5486.173071538099,False,True
3,1000,2,2,poisson + zip,5492.772808284576,False,False
3,1000,3,2,zip + poisson,5492.912305393763,False,False
3,1000,4,2,zip + nb2,5499.0508852836665,False,False
3,1000,5,2,nb2 + zip,5499.692539029212,False,False
3,1000,6,2,zip + zip,5499.79720995651,False,False
3,1000,7,3,poisson + poisson + zip,5502.330720907013,False,False
3,1000,8,3,nb2 + poisson + zip,5504.473841175923,False,False
3,1000,9,3,zip + poisson + nb2,5504.896984412409,False,False
3,1000,10,3,nb2 + zip + poisson,5504.988972789607,False,False
3,1500,1,2,nb2 + nb2,8080.768503476693,False,True
3,1500,2,3,zip + poisson + poisson,8112.342589508814,False,False
3,1500,3,3,poisson + poisson + zip,8118.020427083634,False,False
3,1500,4,2,zip + poisson,8118.419017599478,False,False
3,1500,5,2,poisson + zip,8118.6277573066245,False,False
3,1500,6,3,nb2 + zip + poisson,8121.278077442076,False,False
3,1500,7,3,poisson + nb2 + zip,8123.026330167385,False,False
3,1500,8,3,nb2 + zip + nb2,8123.365055908644,False,False
3,1500,9,2,zip + nb2,8123.608574947488,False,False
3,1500,10,3,nb2 + nb2 + zip,8123.958328014765,False,False
4,500,1,2,zip + poisson,2451.0795140570044,True,True
4,500,2,2,poisson + zip,2451.196436625649,True,True
4,500,3,2,zip + nb2,2456.3337920692993,False,False
4,500,4,2,zip + zip,2457.1565580160295,False,True
4,500,5,2,nb2 + zip,2457.2837200562617,False,False
4,500,6,3,poisson + poisson + poisson,2476.8677012535804,False,False
4,500,7,3,nb2 + poisson + poisson,2484.4758779852914,False,False
4,500,8,3,poisson + poisson + nb2,2485.002352973167,False,False
4,500,9,3,poisson + nb2 + poisson,2485.3891832398012,False,False
4,500,10,3,poisson + nb2 + nb2,2487.370342870412,False,False
4,1000,1,2,poisson + zip,4965.338279342764,True,True
4,1000,2,2,zip + poisson,4965.437058613483,True,True
4,1000,3,2,nb2 + zip,4971.244005058867,False,False
4,1000,4,2,zip + zip,4972.277488084254,False,True
4,1000,5,2,zip + nb2,4972.290980939975,False,False
4,1000,6,3,poisson + poisson + poisson,4989.274494565582,False,False
4,1000,7,3,poisson + poisson + nb2,4999.86474784454,False,False
4,1000,8,3,poisson + nb2 + nb2,5000.956752417784,False,False
4,1000,9,3,poisson + nb2 + poisson,5001.0999220586655,False,False
4,1000,10,3,nb2 + poisson + poisson,5002.442482535847,False,False
4,1500,1,2,zip + poisson,7316.111286912812,True,True
4,1500,2,2,poisson + zip,7316.170500566382,True,True
4,1500,3,2,nb2 + zip,7320.166609250837,False,False
4,1500,4,2,zip + nb2,7320.208858828346,False,False
4,1500,5,2,zip + zip,7323.381583986222,False,True
4,1500,6,3,nb2 + poisson + poisson,7338.043488775561,False,False
4,1500,7,3,poisson + nb2 + poisson,7338.662495217684,False,False
4,1500,8,3,poisson + poisson + poisson,7343.548835795608,False,False
4,1500,9,3,poisson + poisson + nb2,7346.441871355756,False,False
4,1500,10,3,nb2 + poisson + nb2,7352.8772165577075,False,False
1,500,1,2,student_t + gaussian,1904.054941322413,True,True
1,500,2,2,student_t + skew_normal,1910.268260859125,False,False
1,500,3,2,student_t + student_t,1910.2732771401365,False,True
1,500,4,2,gaussian + student_t,1919.6897103474319,True,True
1,500,5,2,skew_normal + student_t,1925.9029156799106,False,False
1,500,6,2,gaussian + gaussian,1932.7880950542278,False,False
1,500,7,2,gaussian + skew_normal,1939.0013756745136,False,False
1,500,8,2,skew_normal + gaussian,1939.002697750922,False,False
1,500,9,3,student_t + gaussian + gaussian,1942.7338176595536,False,False
1,500,10,2,skew_normal + skew_normal,1945.2159788548497,False,False
1,1000,1,2,student_t + gaussian,3737.6142242239894,True,True
1,1000,2,2,student_t + student_t,3743.7718652502094,False,True
1,1000,3,2,student_t + skew_normal,3744.5220068241383,False,False
1,1000,4,2,gaussian + gaussian,3748.626984369671,False,False
1,1000,5,2,gaussian + student_t,3749.6318249779683,True,True
1,1000,6,2,gaussian + skew_normal,3755.527579877114,False,False
1,1000,7,2,skew_normal + gaussian,3755.534729297563,False,False
1,1000,8,2,skew_normal + student_t,3756.5394104207176,False,False
1,1000,9,2,skew_normal + skew_normal,3762.4353142608784,False,False
1,1000,10,3,student_t + gaussian + gaussian,3785.1127952540037,False,False
1,1500,1,2,student_t + gaussian,5644.852805807003,True,True
1,1500,2,2,student_t + student_t,5652.024450271932,False,True
1,1500,3,2,student_t + skew_normal,5652.16604060536,False,False
1,1500,4,2,gaussian + student_t,5669.788143395298,True,True
1,1500,5,2,skew_normal + student_t,5677.101384477717,False,False
1,1500,6,2,gaussian + gaussian,5681.823818923465,False,False
1,1500,7,2,skew_normal + gaussian,5689.136159976674,False,False
1,1500,8,2,gaussian + skew_normal,5689.136613703474,False,False
1,1500,9,3,student_t + gaussian + gaussian,5690.490390172449,False,False
1,1500,10,2,skew_normal + skew_normal,5696.4489541513285,False,False
2,500,1,2,lognormal + gamma,1196.22632163119,True,True
2,500,2,2,gamma + lognormal,1196.22632163119,True,True
2,500,3,2,lognormal + lognormal,1196.464618482633,False,False
2,500,4,2,inverse_gaussian + lognormal,1201.9567878465418,False,False
2,500,5,2,lognormal + inverse_gaussian,1201.9567878465418,False,False
2,500,6,2,gamma + gamma,1222.4568041249743,False,False
2,500,7,2,inverse_gaussian + gamma,1226.3445716897945,False,False
2,500,8,2,gamma + inverse_gaussian,1226.3445716897945,False,False
2,500,9,3,lognormal + gamma + gamma,1229.7933572974964,False,False
2,500,10,3,gamma + lognormal + gamma,1229.7933584705356,False,False
2,1000,1,2,lognormal + lognormal,2407.4432568147818,False,False
2,1000,2,2,inverse_gaussian + lognormal,2420.4347341615407,False,False
2,1000,3,2,lognormal + inverse_gaussian,2420.4376735967753,False,False
2,1000,4,2,inverse_gaussian + gamma,2434.931551695925,False,False
2,1000,5,2,gamma + inverse_gaussian,2434.931551695925,False,False
2,1000,6,3,lognormal + gamma + lognormal,2446.336315164499,False,False
2,1000,7,3,gamma + gamma + lognormal,2447.5665633556314,False,False
2,1000,8,3,lognormal + gamma + inverse_gaussian,2447.747069468298,False,False
2,1000,9,3,lognormal + lognormal + lognormal,2450.065813491822,False,False
2,1000,10,3,lognormal + gamma + gamma,2450.423046268007,False,False
2,1500,1,2,lognormal + gamma,3821.5528813467613,True,True
2,1500,2,2,lognormal + lognormal,3826.2669955482193,False,False
2,1500,3,2,lognormal + inverse_gaussian,3848.736009639658,False,False
2,1500,4,2,inverse_gaussian + lognormal,3848.736009639658,False,False
2,1500,5,3,lognormal + gamma + lognormal,3870.8759317851677,False,False
2,1500,6,3,lognormal + lognormal + gamma,3870.9451845180447,False,False
2,1500,7,3,inverse_gaussian + gamma + lognormal,3871.3645148424616,False,False
2,1500,8,3,gamma + gamma + gamma,3873.022385066276,False,False
2,1500,9,3,lognormal + gamma + gamma,3873.974394569956,False,False
2,1500,10,3,lognormal + inverse_gaussian + gamma,3874.218507307293,False,False
3,500,1,2,nb2 + nb2,2731.9621562407438,False,True
3,500,2,2,zip + poisson,2734.871025220089,False,False
3,500,3,2,poisson + zip,2735.0628425397285,False,False
3,500,4,2,zip + nb2,2738.9722475731724,False,False
3,500,5,2,nb2 + zip,2739.071786502568,False,False
3,500,6,2,zip + zip,2740.9073108035454,False,False
3,500,7,2,poisson + poisson,2753.171271650644,False,False
3,500,8,2,nb2 + poisson,2755.726961596658,True,True
3,500,9,2,poisson + nb2,2755.7646485825917,True,True
3,500,10,3,poisson + poisson + zip,2759.4392759986254,False,False
3,1000,1,2,poisson + zip,5474.035110904548,False,False
3,1000,2,2,zip + poisson,5474.118291148151,False,False
3,1000,3,2,nb2 + nb2,5474.280369896864,False,True
3,1000,4,2,zip + nb2,5479.057861519672,False,False
3,1000,5,2,nb2 + zip,5479.4649750216595,False,False
3,1000,6,2,zip + zip,5480.717386929202,False,False
3,1000,7,2,poisson + poisson,5505.6813984481,False,False
3,1000,8,3,poisson + nb2 + poisson,5505.850977908354,False,False
3,1000,9,3,zip + poisson + poisson,5508.415716619146,False,False
3,1000,10,3,nb2 + poisson + zip,5508.722068441521,False,False
3,1500,1,2,nb2 + nb2,8265.894618409031,False,True
3,1500,2,3,poisson + poisson + poisson,8286.005331263897,False,False
3,1500,3,3,poisson + nb2 + nb2,8293.190911070775,False,False
3,1500,4,3,zip + poisson + poisson,8293.940778248727,False,False
3,1500,5,3,zip + nb2 + poisson,8296.130220072562,False,False
3,1500,6,3,poisson + poisson + zip,8296.77332035011,False,False
3,1500,7,3,poisson + nb2 + zip,8297.927313617634,False,False
3,1500,8,3,nb2 + poisson + zip,8297.984609490451,False,False
3,1500,9,3,nb2 + nb2 + poisson,8298.291598164773,False,False
3,1500,10,3,nb2 + poisson + nb2,8298.774017233027,False,False
4,500,1,2,zip + poisson,2601.6994869471328,True,True
4,500,2,2,poisson + zip,2601.889997452226,True,True
4,500,3,2,nb2 + zip,2607.1229597387055,False,False
4,500,4,2,zip + nb2,2607.3396171213108,False,False
4,500,5,2,nb2 + nb2,2621.5477677610043,False,False
4,500,6,3,poisson + poisson + zip,2624.9202387317923,False,False
4,500,7,3,poisson + zip + poisson,2626.8537271181917,False,False
4,500,8,3,nb2 + poisson + zip,2632.0062185795323,False,False
4,500,9,3,zip + zip + poisson,2633.896953486196,False,False
4,500,10,3,poisson + poisson + poisson,2636.0145421181587,False,False
4,1000,1,2,zip + poisson,4938.462651707559,True,True
4,1000,2,2,poisson + zip,4938.502145446747,True,True
4,1000,3,2,zip + nb2,4943.271843424874,False,False
4,1000,4,2,zip + zip,4945.47839415846,False,True
4,1000,5,2,nb2 + zip,4945.578365633618,False,False
4,1000,6,3,poisson + poisson + poisson,4965.100555199621,False,False
4,1000,7,3,nb2 + poisson + poisson,4967.663097813271,False,False
4,1000,8,3,poisson + nb2 + poisson,4967.923666956245,False,False
4,1000,9,3,nb2 + nb2 + poisson,4970.9996562620345,False,False
4,1000,10,3,poisson + poisson + nb2,4972.13662672009,False,False
4,1500,1,2,poisson + zip,7460.836099789175,True,True
4,1500,2,2,zip + poisson,7460.848711546986,True,True
4,1500,3,2,zip + nb2,7464.968780130792,False,False
4,1500,4,2,nb2 + zip,7465.4557451024875,False,False
4,1500,5,2,zip + zip,7468.202022941266,False,True
4,1500,6,3,nb2 + poisson + zip,7490.97371870487,False,False
4,1500,7,3,zip + poisson + nb2,7491.023326146377,False,False
4,1500,8,3,zip + nb2 + poisson,7491.035230043808,False,False
4,1500,9,3,poisson + nb2 + zip,7491.208536737865,False,False
4,1500,10,3,zip + nb2 + nb2,7498.556921033924,False,False
1,500,1,2,student_t + gaussian,1896.6367815530618,True,True
1,500,2,2,student_t + student_t,1901.5266834590627,False,True
1,500,3,2,gaussian + student_t,1902.087954843222,True,True
1,500,4,2,student_t + skew_normal,1902.8489652246462,False,False
1,500,5,2,skew_normal + student_t,1908.3024614092747,False,False
1,500,6,3,student_t + gaussian + gaussian,1933.5769588848334,False,False
1,500,7,3,student_t + gaussian + skew_normal,1939.7916780785804,False,False
1,500,8,3,student_t + skew_normal + gaussian,1939.7920372973367,False,False
1,500,9,3,student_t + student_t + gaussian,1939.7952403740774,False,False
1,500,10,3,gaussian + gaussian + student_t,1939.857223528973,False,False
1,1000,1,2,student_t + gaussian,3895.15202706927,True,True
1,1000,2,2,student_t + skew_normal,3902.058539290646,False,False
1,1000,3,2,student_t + student_t,3902.059067113323,False,True
1,1000,4,2,gaussian + student_t,3925.457945374872,True,True
1,1000,5,2,skew_normal + student_t,3932.365867084231,False,False
1,1000,6,3,gaussian + gaussian + gaussian,3934.9611904109674,False,False
1,1000,7,2,gaussian + gaussian,3936.410584222087,False,False
1,1000,8,3,student_t + gaussian + gaussian,3939.84797098114,False,False
1,1000,9,3,gaussian + gaussian + skew_normal,3941.8539999506265,False,False
1,1000,10,3,skew_normal + gaussian + gaussian,3941.867096140319,False,False
1,1500,1,2,student_t + gaussian,5539.106695221332,True,True
1,1500,2,2,student_t + student_t,5546.2088590849535,False,True
1,1500,3,2,student_t + skew_normal,5546.420383474089,False,False
1,1500,4,2,gaussian + student_t,5566.496078573458,True,True
1,1500,5,2,skew_normal + student_t,5573.808943275649,False,False
1,1500,6,3,student_t + gaussian + gaussian,5584.780496090121,False,False
1,1500,7,3,student_t + gaussian + student_t,5591.839952843964,False,False
1,1500,8,3,student_t + student_t + gaussian,5592.011536048694,False,False
1,1500,9,3,student_t + gaussian + skew_normal,5592.093577982505,False,False
1,1500,10,3,student_t + skew_normal + gaussian,5592.094410582371,False,False
2,500,1,2,lognormal + gamma,1333.448920628148,True,True
2,500,2,2,gamma + lognormal,1333.448920628148,True,True
2,500,3,2,lognormal + lognormal,1334.77959375936,False,False
2,500,4,2,inverse_gaussian + lognormal,1338.253987274423,False,False
2,500,5,2,lognormal + inverse_gaussian,1338.253987274423,False,False
2,500,6,3,lognormal + gamma + lognormal,1355.9144161836289,False,False
2,500,7,3,lognormal + lognormal + gamma,1355.914416243333,False,False
2,500,8,3,gamma + inverse_gaussian + gamma,1358.8860568866824,False,False
2,500,9,2,inverse_gaussian + gamma,1359.8773470495687,False,False
2,500,10,3,lognormal + inverse_gaussian + gamma,1360.4674752165256,False,False
2,1000,1,2,gamma + lognormal,2362.5888245364777,True,True
2,1000,2,2,lognormal + lognormal,2365.837871202319,False,False
2,1000,3,3,gamma + lognormal + inverse_gaussian,2396.216091149824,False,False
2,1000,4,3,lognormal + gamma + inverse_gaussian,2396.7433045607877,False,False
2,1000,5,3,gamma + inverse_gaussian + lognormal,2396.7433056755413,False,False
2,1000,6,2,gamma + inverse_gaussian,2398.4333654511265,False,False
2,1000,7,3,lognormal + inverse_gaussian + lognormal,2398.9277831901836,False,False
2,1000,8,3,lognormal + gamma + gamma,2401.399940858241,False,False
2,1000,9,3,inverse_gaussian + inverse_gaussian + gamma,2401.7327188652107,False,False
2,1000,10,3,gamma + lognormal + gamma,2401.773053175401,False,False
2,1500,1,2,lognormal + gamma,3393.43096859132,True,True
2,1500,2,2,gamma + lognormal,3393.43096859132,True,True
2,1500,3,2,lognormal + lognormal,3394.344198239404,False,False
2,1500,4,2,inverse_gaussian + lognormal,3395.162563970883,False,False
2,1500,5,2,lognormal + inverse_gaussian,3395.162563970883,False,False
2,1500,6,3,lognormal + lognormal + gamma,3435.348924207456,False,False
2,1500,7,3,lognormal + gamma + lognormal,3435.3489598305646,False,False
2,1500,8,3,lognormal + lognormal + lognormal,3436.2913779806013,False,False
2,1500,9,3,lognormal + inverse_gaussian + lognormal,3436.8138472166597,False,False
2,1500,10,3,gamma + gamma + gamma,3440.2674571455677,False,False
3,500,1,2,poisson + zip,2830.6145871980734,False,False
3,500,2,2,zip + poisson,2830.6541450245077,False,False
3,500,3,2,zip + nb2,2835.149515261218,False,False
3,500,4,2,nb2 + zip,2835.184177040215,False,False
3,500,5,2,zip + zip,2836.8379813663605,False,False
3,500,6,2,nb2 + nb2,2845.22689024759,False,True
3,500,7,3,poisson + poisson + zip,2848.5005379702634,False,False
3,500,8,3,poisson + zip + poisson,2849.116745276225,False,False
3,500,9,3,poisson + poisson + poisson,2849.9551706735115,False,False
3,500,10,3,zip + poisson + poisson,2850.4077469709946,False,False
3,1000,1,2,nb2 + nb2,5568.375932416998,False,True
3,1000,2,3,nb2 + nb2 + poisson,5599.905474769079,False,False
3,1000,3,3,poisson + nb2 + nb2,5600.655560876639,False,False
3,1000,4,3,nb2 + poisson + nb2,5601.003761485251,False,False
3,1000,5,3,nb2 + nb2 + zip,5606.6744160988765,False,False
3,1000,6,3,zip + nb2 + nb2,5606.707075671169,False,False
3,1000,7,3,nb2 + zip + nb2,5607.12142846323,False,False
3,1000,8,2,zip + nb2,5609.458231938991,False,False
3,1000,9,2,nb2 + zip,5609.459413546816,False,False
3,1000,10,2,zip + poisson,5610.777979708347,False,False
3,1500,1,2,nb2 + nb2,8345.046655648805,False,True
3,1500,2,3,poisson + zip + poisson,8376.743404661165,False,False
3,1500,3,3,zip + poisson + poisson,8376.98432994518,False,False
3,1500,4,3,poisson + poisson + poisson,8379.608284486038,False,False
3,1500,5,3,nb2 + poisson + zip,8380.680109743862,False,False
3,1500,6,3,nb2 + nb2 + poisson,8381.369597257633,False,False
3,1500,7,3,zip + poisson + nb2,8381.50356452896,False,False
3,1500,8,3,nb2 + poisson + nb2,8382.684164125529,False,False
3,1500,9,2,poisson + zip,8382.714369906233,False,False
3,1500,10,2,zip + poisson,8382.86197401923,False,False
4,500,1,2,poisson + zip,2500.5037233035887,True,True
4,500,2,2,nb2 + zip,2502.108526314257,False,False
4,500,3,2,zip + zip,2502.1757827852116,False,True
4,500,4,2,zip + nb2,2506.500756354758,False,False
4,500,5,2,nb2 + nb2,2510.66171976802,False,False
4,500,6,3,poisson + poisson + poisson,2517.0843712684223,False,False
4,500,7,3,poisson + nb2 + poisson,2523.797408468629,False,False
4,500,8,3,nb2 + poisson + nb2,2525.4154760289325,False,False
4,500,9,2,poisson + poisson,2526.561300242147,False,False
4,500,10,3,nb2 + nb2 + poisson,2527.38907861833,False,False
4,1000,1,2,poisson + zip,4834.263215231843,True,True
4,1000,2,2,zip + poisson,4834.31903460143,True,True
4,1000,3,2,zip + nb2,4840.291572299303,False,False
4,1000,4,2,nb2 + zip,4840.89677047839,False,False
4,1000,5,2,zip + zip,4841.246052267024,False,True
4,1000,6,3,poisson + nb2 + poisson,4863.4212806049845,False,False
4,1000,7,3,nb2 + poisson + poisson,4866.625213515856,False,False
4,1000,8,3,nb2 + poisson + nb2,4869.29624501031,False,False
4,1000,9,3,poisson + poisson + nb2,4869.674299692696,False,False
4,1000,10,3,nb2 + nb2 + poisson,4873.527453838145,False,False
4,1500,1,2,zip + poisson,7424.025989391347,True,True
4,1500,2,2,poisson + zip,7424.197248842291,True,True
4,1500,3,2,zip + nb2,7428.642430999002,False,False
4,1500,4,2,nb2 + zip,7429.45441714518,False,False
4,1500,5,2,zip + zip,7431.334504024571,False,True
4,1500,6,3,poisson + poisson + poisson,7455.619433313442,False,False
4,1500,7,3,nb2 + poisson + poisson,7456.485906645835,False,False
4,1500,8,3,poisson + poisson + nb2,7460.217543993828,False,False
4,1500,9,3,nb2 + poisson + nb2,7461.550284465996,False,False
4,1500,10,3,zip + nb2 + poisson,7462.868793026356,False,False
1,500,1,2,gaussian + gaussian,1962.7405806527952,False,False
1,500,2,2,student_t + gaussian,1964.4807913664138,True,True
1,500,3,2,gaussian + skew_normal,1968.9549427895518,False,False
1,500,4,2,skew_normal + gaussian,1968.955186848085,False,False
1,500,5,2,gaussian + student_t,1968.996227474027,True,True
1,500,6,2,student_t + skew_normal,1970.695085387062,False,False
1,500,7,2,student_t + student_t,1970.7439869875668,False,True
1,500,8,2,skew_normal + skew_normal,1975.169549001721,False,False
1,500,9,2,skew_normal + student_t,1975.2126773597672,False,False
1,500,10,3,gaussian + gaussian + gaussian,2000.543572403241,False,False
1,1000,1,2,student_t + gaussian,3729.037849063429,True,True
1,1000,2,2,student_t + student_t,3735.902741189576,False,True
1,1000,3,2,student_t + skew_normal,3735.948300785986,False,False
1,1000,4,2,gaussian + student_t,3758.1563168718144,True,True
1,1000,5,2,gaussian + gaussian,3759.7726835590006,False,False
1,1000,6,2,skew_normal + student_t,3765.0639134944618,False,False
1,1000,7,2,gaussian + skew_normal,3766.680413367013,False,False
1,1000,8,2,skew_normal + gaussian,3766.6810374154843,False,False
1,1000,9,3,student_t + gaussian + gaussian,3772.373968862592,False,False
1,1000,10,2,skew_normal + skew_normal,3773.5887714669743,False,False
1,1500,1,2,student_t + gaussian,5597.691759500636,True,True
1,1500,2,2,student_t + skew_normal,5605.005050486117,False,False
1,1500,3,2,student_t + student_t,5605.281736661277,False,True
1,1500,4,2,gaussian + student_t,5628.3151932192495,True,True
1,1500,5,2,gaussian + gaussian,5633.3339029887775,False,False
1,1500,6,2,skew_normal + student_t,5635.628246502824,False,False
1,1500,7,2,gaussian + skew_normal,5640.646925604744,False,False
1,1500,8,2,skew_normal + gaussian,5640.647002665442,False,False
1,1500,9,3,student_t + gaussian + gaussian,5647.138318862307,False,False
1,1500,10,2,skew_normal + skew_normal,5647.960026566764,False,False
2,500,1,2,lognormal + gamma,1044.657790545432,True,True
2,500,2,2,gamma + lognormal,1044.657790545432,True,True
2,500,3,2,lognormal + lognormal,1044.6588218679606,False,False
2,500,4,2,gamma + inverse_gaussian,1046.9278337715093,False,False
2,500,5,2,inverse_gaussian + lognormal,1047.2892993774637,False,False
2,500,6,2,lognormal + inverse_gaussian,1047.2892993774637,False,False
2,500,7,2,inverse_gaussian + inverse_gaussian,1056.2839472627857,False,False
2,500,8,3,gamma + inverse_gaussian + gamma,1072.020620405228,False,False
2,500,9,3,lognormal + gamma + gamma,1073.0359818442612,False,False
2,500,10,3,lognormal + gamma + lognormal,1073.5393568987213,False,False
2,1000,1,2,lognormal + gamma,2359.881085903956,True,True
2,1000,2,2,gamma + lognormal,2359.881085903956,True,True
2,1000,3,2,lognormal + lognormal,2362.456285618426,False,False
2,1000,4,2,lognormal + inverse_gaussian,2388.1668929970565,False,False
2,1000,5,2,gamma + gamma,2390.753166487023,False,False
2,1000,6,3,lognormal + gamma + lognormal,2391.472335026064,False,False
2,1000,7,3,lognormal + lognormal + gamma,2391.59451408461,False,False
2,1000,8,3,lognormal + gamma + gamma,2393.883408162523,False,False
2,1000,9,3,gamma + gamma + lognormal,2394.2463731805938,False,False
2,1000,10,3,gamma + lognormal + inverse_gaussian,2395.8346771106517,False,False
2,1500,1,2,lognormal + gamma,3328.5414678355783,True,True
2,1500,2,2,gamma + lognormal,3328.5414678355783,True,True
2,1500,3,2,lognormal + lognormal,3330.6730912873813,False,False
2,1500,4,2,inverse_gaussian + lognormal,3343.595963840584,False,False
2,1500,5,2,lognormal + inverse_gaussian,3343.595963840584,False,False
2,1500,6,3,lognormal + gamma + gamma,3372.7930061950915,False,False
2,1500,7,3,gamma + lognormal + lognormal,3373.312160377461,False,False
2,1500,8,3,lognormal + gamma + lognormal,3373.418500009537,False,False
2,1500,9,3,lognormal + lognormal + gamma,3373.623010661945,False,False
2,1500,10,3,lognormal + lognormal + lognormal,3376.3608131924398,False,False
3,500,1,2,zip + poisson,2830.794174497645,False,False
3,500,2,2,poisson + zip,2830.805113193893,False,False
3,500,3,2,zip + zip,2836.920355612897,False,False
3,500,4,2,nb2 + zip,2837.0016648731525,False,False
3,500,5,2,zip + nb2,2837.0204310305926,False,False
3,500,6,2,nb2 + nb2,2837.783629981981,False,True
3,500,7,3,nb2 + poisson + poisson,2844.9721557050866,False,False
3,500,8,3,poisson + nb2 + poisson,2845.0246316709427,False,False
3,500,9,3,poisson + poisson + nb2,2846.795393427187,False,False
3,500,10,3,poisson + poisson + poisson,2850.3457798250624,False,False
3,1000,1,2,zip + poisson,5343.221089459656,False,False
3,1000,2,2,poisson + zip,5343.266316717335,False,False
3,1000,3,2,zip + nb2,5347.95402172984,False,False
3,1000,4,2,nb2 + zip,5347.955785994013,False,False
3,1000,5,2,zip + zip,5350.349441793901,False,False
3,1000,6,2,nb2 + nb2,5354.572252228657,False,True
3,1000,7,3,poisson + poisson + poisson,5368.2986058380975,False,False
3,1000,8,3,poisson + poisson + zip,5372.306100100518,False,False
3,1000,9,3,nb2 + poisson + poisson,5372.715059661607,False,False
3,1000,10,3,poisson + zip + poisson,5373.172895771494,False,False
3,1500,1,2,nb2 + nb2,8110.5775203897865,False,True
3,1500,2,2,poisson + zip,8123.6198858208145,False,False
3,1500,3,2,zip + poisson,8123.870502284433,False,False
3,1500,4,2,zip + nb2,8128.658894339346,False,False
3,1500,5,2,zip + zip,8131.085286202399,False,False
3,1500,6,2,nb2 + zip,8131.6019868830335,False,False
3,1500,7,3,poisson + poisson + poisson,8137.895048544297,False,False
3,1500,8,3,zip + poisson + poisson,8143.92228185165,False,False
3,1500,9,3,nb2 + zip + poisson,8146.450442050614,False,False
3,1500,10,3,poisson + nb2 + zip,8147.109633690739,False,False
4,500,1,2,poisson + zip,2461.4871537978215,True,True
4,500,2,2,zip + poisson,2461.551790836311,True,True
4,500,3,2,zip + nb2,2467.424141728846,False,False
4,500,4,2,nb2 + zip,2467.443930382805,False,False
4,500,5,2,zip + zip,2467.781117583305,False,True
4,500,6,3,poisson + nb2 + poisson,2488.8703400523277,False,False
4,500,7,3,nb2 + poisson + poisson,2489.4193188572503,False,False
4,500,8,2,nb2 + nb2,2490.1996218680324,False,False
4,500,9,3,poisson + zip + poisson,2493.7603713219373,False,False
4,500,10,3,poisson + poisson + nb2,2493.781435491501,False,False
4,1000,1,2,zip + poisson,5007.5298371336,True,True
4,1000,2,2,poisson + zip,5007.544413930623,True,True
4,1000,3,2,zip + nb2,5013.236493285248,False,False
4,1000,4,2,zip + zip,5014.395778461277,False,True
4,1000,5,2,nb2 + zip,5014.484535746079,False,False
4,1000,6,3,poisson + poisson + poisson,5040.752161948097,False,False
4,1000,7,3,poisson + poisson + zip,5043.524183303766,False,False
4,1000,8,3,poisson + nb2 + poisson,5044.783220372993,False,False
4,1000,9,3,nb2 + poisson + poisson,5044.877786582739,False,False
4,1000,10,3,poisson + zip + poisson,5045.191393151408,False,False
4,1500,1,2,poisson + zip,7447.520033537544,True,True
4,1500,2,2,zip + poisson,7447.641137819671,True,True
4,1500,3,2,zip + nb2,7451.543442690405,False,False
4,1500,4,2,nb2 + zip,7451.570215725043,False,False
4,1500,5,2,zip + zip,7454.696574767441,False,True
4,1500,6,3,poisson + poisson + poisson,7480.226590486466,False,False
4,1500,7,3,poisson + nb2 + poisson,7483.12549112861,False,False
4,1500,8,3,poisson + poisson + nb2,7483.784123336504,False,False
4,1500,9,3,poisson + poisson + zip,7485.281356844893,False,False
4,1500,10,3,zip + poisson + poisson,7486.540259106368,False,False
1,500,1,2,gaussian + gaussian,1883.5124090538322,False,False
1,500,2,2,gaussian + skew_normal,1889.7230151516071,False,False
1,500,3,2,skew_normal + gaussian,1889.7269891670605,False,False
1,500,4,2,gaussian + student_t,1889.7475548609,True,True
1,500,5,2,student_t + gaussian,1889.752417740481,True,True
1,500,6,2,skew_normal + skew_normal,1895.9375967666697,False,False
1,500,7,2,student_t + skew_normal,1895.9509579558812,False,False
1,500,8,2,skew_normal + student_t,1895.9614676965214,False,False
1,500,9,2,student_t + student_t,1895.9852162825368,False,True
1,500,10,3,gaussian + gaussian + gaussian,1922.1391772147012,False,False
1,1000,1,2,student_t + gaussian,3818.8106490490163,True,True
1,1000,2,2,student_t + student_t,3825.690437458064,False,True
1,1000,3,2,student_t + skew_normal,3825.7173841269746,False,False
1,1000,4,2,gaussian + gaussian,3845.1365374640727,False,False
1,1000,5,2,gaussian + student_t,3848.714159409267,True,True
1,1000,6,2,gaussian + skew_normal,3852.0434783320275,False,False
1,1000,7,2,skew_normal + gaussian,3852.0443163295345,False,False
1,1000,8,3,student_t + gaussian + gaussian,3852.392302792651,False,False
1,1000,9,2,skew_normal + student_t,3855.621481082663,False,False
1,1000,10,2,skew_normal + skew_normal,3858.951257240009,False,False
1,1500,1,2,student_t + gaussian,5614.607948381512,True,True
1,1500,2,2,student_t + student_t,5619.076466287772,False,True
1,1500,3,2,gaussian + student_t,5620.532745645749,True,True
1,1500,4,2,student_t + skew_normal,5621.921362312609,False,False
1,1500,5,2,skew_normal + student_t,5627.845761669606,False,False
1,1500,6,3,gaussian + gaussian + student_t,5653.4559295940635,False,False
1,1500,7,3,gaussian + student_t + student_t,5660.3402216517225,False,False
1,1500,8,3,gaussian + skew_normal + student_t,5660.7687307786555,False,False
1,1500,9,3,skew_normal + gaussian + student_t,5660.769259825476,False,False
1,1500,10,3,student_t + gaussian + student_t,5662.819233535987,False,False
2,500,1,2,lognormal + lognormal,1266.1697032016207,False,False
2,500,2,2,lognormal + gamma,1266.8298000864725,True,True
2,500,3,2,gamma + lognormal,1266.8298000864725,True,True
2,500,4,2,lognormal + inverse_gaussian,1269.764983385707,False,False
2,500,5,2,inverse_gaussian + gamma,1269.8740404239336,False,False
2,500,6,2,inverse_gaussian + lognormal,1273.5746006008637,False,False
2,500,7,2,inverse_gaussian + inverse_gaussian,1276.3281702591937,False,False
2,500,8,3,inverse_gaussian + inverse_gaussian + gamma,1299.213624194591,False,False
2,500,9,3,inverse_gaussian + inverse_gaussian + lognormal,1299.7330775879032,False,False
2,500,10,3,lognormal + lognormal + gamma,1300.5288242252745,False,False
2,1000,1,2,gamma + lognormal,2270.852217507497,True,True
2,1000,2,2,lognormal + lognormal,2271.7337961367966,False,False
2,1000,3,2,inverse_gaussian + lognormal,2280.1948156263825,False,False
2,1000,4,2,lognormal + inverse_gaussian,2280.1948156263825,False,False
2,1000,5,3,lognormal + gamma + inverse_gaussian,2307.1547928163445,False,False
2,1000,6,3,inverse_gaussian + lognormal + gamma,2307.1760797680877,False,False
2,1000,7,3,gamma + lognormal + inverse_gaussian,2307.2773456963173,False,False
2,1000,8,3,lognormal + lognormal + inverse_gaussian,2310.7197029218473,False,False
2,1000,9,3,lognormal + gamma + gamma,2312.8640451895517,False,False
2,1000,10,3,lognormal + gamma + lognormal,2313.257623046743,False,False
2,1500,1,2,lognormal + lognormal,3372.7309307173914,False,False
2,1500,2,2,lognormal + gamma,3374.8270291347885,True,True
2,1500,3,2,gamma + lognormal,3374.831791341761,True,True
2,1500,4,2,gamma + inverse_gaussian,3414.9344370714566,False,False
2,1500,5,2,inverse_gaussian + lognormal,3415.046369057268,False,False
2,1500,6,2,lognormal + inverse_gaussian,3415.1841483338094,False,False
2,1500,7,3,gamma + lognormal + lognormal,3415.5513469826187,False,False
2,1500,8,3,inverse_gaussian + gamma + gamma,3415.5810069415093,False,False
2,1500,9,3,lognormal + gamma + lognormal,3417.4064643627503,False,False
2,1500,10,3,lognormal + gamma + gamma,3418.4795464858475,False,False
3,500,1,2,poisson + zip,2693.647637312293,False,False
3,500,2,2,zip + poisson,2693.656601743465,False,False
3,500,3,2,nb2 + nb2,2695.101072329693,False,True
3,500,4,2,poisson + poisson,2697.1601468792705,False,False
3,500,5,2,zip + nb2,2699.7620985363083,False,False
3,500,6,2,zip + zip,2699.885134744076,False,False
3,500,7,2,nb2 + zip,2700.482699997474,False,False
3,500,8,2,poisson + nb2,2702.522738093286,True,True
3,500,9,2,nb2 + poisson,2703.346169012175,True,True
3,500,10,3,nb2 + poisson + poisson,2706.495113433995,False,False
3,1000,1,2,nb2 + nb2,5527.934060533736,False,True
3,1000,2,2,zip + poisson,5542.43587418258,False,False
3,1000,3,2,poisson + zip,5543.387825865207,False,False
3,1000,4,2,zip + nb2,5546.846478604463,False,False
3,1000,5,2,nb2 + zip,5547.31329747453,False,False
3,1000,6,2,zip + zip,5550.206712395262,False,False
3,1000,7,3,zip + poisson + poisson,5555.644926687534,False,False
3,1000,8,3,poisson + zip + nb2,5560.739156211734,False,False
3,1000,9,3,poisson + poisson + nb2,5563.568004753438,False,False
3,1000,10,3,nb2 + nb2 + poisson,5564.078395873389,False,False
3,1500,1,2,nb2 + nb2,8181.529037996093,False,True
3,1500,2,3,zip + poisson + poisson,8198.06759957379,False,False
3,1500,3,3,poisson + zip + poisson,8198.95937303909,False,False
3,1500,4,3,poisson + poisson + zip,8199.21949547995,False,False
3,1500,5,3,nb2 + zip + poisson,8203.115996220004,False,False
3,1500,6,3,poisson + zip + nb2,8203.479606042085,False,False
3,1500,7,3,zip + nb2 + poisson,8203.823620404995,False,False
3,1500,8,3,zip + zip + poisson,8205.27394692858,False,False
3,1500,9,3,zip + poisson + zip,8205.320187596188,False,False
3,1500,10,3,poisson + zip + zip,8205.829028600743,False,False
4,500,1,2,poisson + zip,2509.7204593119245,True,True
4,500,2,2,zip + poisson,2509.7362873159927,True,True
4,500,3,2,nb2 + zip,2515.2157791083064,False,False
4,500,4,2,zip + nb2,2515.293650749415,False,False
4,500,5,2,zip + zip,2516.1197021151866,False,True
4,500,6,3,poisson + poisson + poisson,2527.8537779602016,False,False
4,500,7,2,nb2 + nb2,2528.3558182610586,False,False
4,500,8,3,poisson + nb2 + poisson,2533.0409747152803,False,False
4,500,9,3,nb2 + poisson + poisson,2533.4972196726753,False,False
4,500,10,3,nb2 + nb2 + poisson,2537.6021558072143,False,False
4,1000,1,2,poisson + zip,4883.939847327043,True,True
4,1000,2,2,zip + poisson,4884.173544588811,True,True
4,1000,3,2,zip + nb2,4890.220887668003,False,False
4,1000,4,2,nb2 + zip,4890.710794119543,False,False
4,1000,5,2,zip + zip,4891.142817792121,False,True
4,1000,6,2,nb2 + nb2,4912.862850821982,False,False
4,1000,7,3,poisson + poisson + poisson,4913.315535039146,False,False
4,1000,8,3,poisson + poisson + nb2,4917.308279130373,False,False
4,1000,9,3,poisson + nb2 + poisson,4919.428001753877,False,False
4,1000,10,3,nb2 + poisson + poisson,4919.911330017349,False,False
4,1500,1,2,poisson + zip,7346.798089868984,True,True
4,1500,2,2,zip + poisson,7346.859473113414,True,True
4,1500,3,2,zip + nb2,7353.000894960282,False,False
4,1500,4,2,nb2 + zip,7353.191368857274,False,False
4,1500,5,2,zip + zip,7354.02963745433,False,True
4,1500,6,3,nb2 + poisson + poisson,7378.788574445826,False,False
4,1500,7,3,poisson + nb2 + poisson,7379.03237215728,False,False
4,1500,8,3,poisson + poisson + nb2,7381.9365847880945,False,False
4,1500,9,2,nb2 + nb2,7382.467499903215,False,False
4,1500,10,3,poisson + zip + poisson,7385.0873489789155,False,False
1,500,1,2,student_t + gaussian,1895.6880241266038,True,True
1,500,2,2,student_t + skew_normal,1901.902049259375,False,False
1,500,3,2,student_t + student_t,1901.9990471139854,False,True
1,500,4,2,gaussian + student_t,1903.5107832461242,True,True
1,500,5,2,skew_normal + student_t,1909.7254430615303,False,False
1,500,6,2,gaussian + gaussian,1918.0192154572958,False,False
1,500,7,2,gaussian + skew_normal,1924.2335890922445,False,False
1,500,8,2,skew_normal + gaussian,1924.23371916266,False,False
1,500,9,2,skew_normal + skew_normal,1930.4480927441064,False,False
1,500,10,3,student_t + gaussian + gaussian,1931.4207366935095,False,False
1,1000,1,2,student_t + gaussian,3880.0257214167864,True,True
1,1000,2,2,student_t + student_t,3886.8892533090475,False,True
1,1000,3,2,student_t + skew_normal,3886.932977557479,False,False
1,1000,4,2,gaussian + gaussian,3893.4307243083053,False,False
1,1000,5,2,gaussian + student_t,3895.340039717125,True,True
1,1000,6,2,gaussian + skew_normal,3900.3380564264303,False,False
1,1000,7,2,skew_normal + gaussian,3900.33842282819,False,False
1,1000,8,2,skew_normal + student_t,3902.247836702601,False,False
1,1000,9,2,skew_normal + skew_normal,3907.2457551663633,False,False
1,1000,10,3,student_t + gaussian + gaussian,3916.6870193596924,False,False
1,1500,1,2,student_t + gaussian,5627.544731951613,True,True
1,1500,2,2,student_t + skew_normal,5634.858080136657,False,False
1,1500,3,2,student_t + student_t,5634.858240177442,False,True
1,1500,4,2,gaussian + gaussian,5645.829146221597,False,False
1,1500,5,2,gaussian + student_t,5652.784979961339,True,True
1,1500,6,2,skew_normal + gaussian,5653.141690670565,False,False
1,1500,7,2,gaussian + skew_normal,5653.142276332044,False,False
1,1500,8,2,skew_normal + student_t,5660.09785811271,False,False
1,1500,9,2,skew_normal + skew_normal,5660.4548218249665,False,False
1,1500,10,3,student_t + gaussian + gaussian,5675.566080122462,False,False
2,500,1,2,lognormal + gamma,1290.1733045711546,True,True
2,500,2,2,gamma + lognormal,1290.1733045711546,True,True
2,500,3,2,lognormal + inverse_gaussian,1290.4794911002384,False,False
2,500,4,2,lognormal + lognormal,1291.4453283902305,False,False
2,500,5,2,inverse_gaussian + gamma,1313.3111506665457,False,False
2,500,6,2,gamma + inverse_gaussian,1313.335144410029,False,False
2,500,7,2,gamma + gamma,1314.960933896444,False,False
2,500,8,2,inverse_gaussian + lognormal,1319.498457798459,False,False
2,500,9,2,inverse_gaussian + inverse_gaussian,1319.892911032144,False,False
2,500,10,3,inverse_gaussian + lognormal + inverse_gaussian,1323.728802779698,False,False
2,1000,1,2,gamma + lognormal,2287.4199625166325,True,True
2,1000,2,2,lognormal + lognormal,2288.129559892711,False,False
2,1000,3,2,inverse_gaussian + lognormal,2291.0172778731057,False,False
2,1000,4,3,lognormal + inverse_gaussian + gamma,2330.9751782768476,False,False
2,1000,5,3,lognormal + gamma + gamma,2331.3920639841463,False,False
2,1000,6,3,gamma + gamma + lognormal,2331.3920646345155,False,False
2,1000,7,3,lognormal + inverse_gaussian + lognormal,2331.628368524024,False,False
2,1000,8,3,lognormal + lognormal + inverse_gaussian,2331.7437728873983,False,False
2,1000,9,3,lognormal + lognormal + gamma,2332.82623191298,False,False
2,1000,10,3,lognormal + gamma + lognormal,2332.826233520305,False,False
2,1500,1,2,lognormal + gamma,3341.251673200433,True,True
2,1500,2,2,gamma + lognormal,3341.251673200433,True,True
2,1500,3,2,lognormal + lognormal,3344.0580138367254,False,False
2,1500,4,2,inverse_gaussian + lognormal,3365.896073428433,False,False
2,1500,5,2,lognormal + inverse_gaussian,3365.896073428433,False,False
2,1500,6,3,lognormal + gamma + lognormal,3386.836761944083,False,False
2,1500,7,3,gamma + lognormal + lognormal,3386.836761944083,False,False
2,1500,8,3,lognormal + lognormal + gamma,3386.8367624976163,False,False
2,1500,9,3,lognormal + lognormal + lognormal,3387.5966178422086,False,False
2,1500,10,3,gamma + inverse_gaussian + lognormal,3389.210147732152,False,False
3,500,1,2,nb2 + nb2,2761.0627603728635,False,True
3,500,2,2,poisson + zip,2768.0072408561073,False,False
3,500,3,2,zip + poisson,2768.1984747733177,False,False
3,500,4,2,zip + zip,2774.1889778856057,False,False
3,500,5,2,zip + nb2,2775.2436057881423,False,False
3,500,6,3,poisson + poisson + poisson,2777.0262800664436,False,False
3,500,7,3,zip + poisson + poisson,2778.4053397214234,False,False
3,500,8,3,nb2 + zip + poisson,2783.431250163907,False,False
3,500,9,2,nb2 + zip,2783.5005841370685,False,False
3,500,10,3,poisson + nb2 + zip,2784.412368204024,False,False
3,1000,1,2,nb2 + nb2,5528.613564510977,False,True
3,1000,2,2,poisson + zip,5549.272239799278,False,False
3,1000,3,2,zip + poisson,5549.364556812587,False,False
3,1000,4,2,nb2 + zip,5554.842106449505,False,False
3,1000,5,2,zip + nb2,5556.021722888412,False,False
3,1000,6,2,zip + zip,5556.190396656598,False,False
3,1000,7,3,poisson + nb2 + nb2,5561.3661264030525,False,False
3,1000,8,3,nb2 + nb2 + poisson,5562.290377514013,False,False
3,1000,9,3,nb2 + poisson + nb2,5564.411142577933,False,False
3,1000,10,3,nb2 + zip + nb2,5568.015058103164,False,False
3,1500,1,2,nb2 + nb2,8148.622774633375,False,True
3,1500,2,2,poisson + zip,8154.05299233435,False,False
3,1500,3,2,zip + poisson,8154.388293131663,False,False
3,1500,4,2,zip + nb2,8159.278213487228,False,False
3,1500,5,2,nb2 + zip,8161.257616068493,False,False
3,1500,6,2,zip + zip,8161.40336423304,False,False
3,1500,7,3,poisson + poisson + poisson,8183.02347397856,False,False
3,1500,8,3,nb2 + poisson + poisson,8188.875537449355,False,False
3,1500,9,3,zip + poisson + nb2,8188.9414661749715,False,False
3,1500,10,3,nb2 + zip + poisson,8189.427631632637,False,False
4,500,1,2,zip + poisson,2514.8018645033753,True,True
4,500,2,2,poisson + zip,2514.833493494073,True,True
4,500,3,2,zip + nb2,2519.867472981384,False,False
4,500,4,2,zip + zip,2521.0373259762036,False,True
4,500,5,2,nb2 + zip,2524.5281024237147,False,False
4,500,6,2,nb2 + nb2,2533.2618801841254,False,False
4,500,7,2,nb2 + poisson,2536.5834147309056,False,False
4,500,8,2,poisson + nb2,2537.346476734069,False,False
4,500,9,3,poisson + poisson + zip,2542.464672531423,False,False
4,500,10,2,poisson + poisson,2543.466349166774,False,False
4,1000,1,2,poisson + zip,4990.65690399739,True,True
4,1000,2,2,zip + poisson,4990.8145556257905,True,True
4,1000,3,2,zip + nb2,4995.793104970734,False,False
4,1000,4,2,zip + zip,4997.461834377242,False,True
4,1000,5,2,nb2 + zip,4997.489870514512,False,False
4,1000,6,3,poisson + poisson + nb2,5022.46624555495,False,False
4,1000,7,2,nb2 + nb2,5022.470339871591,False,False
4,1000,8,3,poisson + zip + poisson,5023.349272932543,False,False
4,1000,9,3,zip + poisson + nb2,5028.571255229897,False,False
4,1000,10,3,nb2 + poisson + zip,5029.459059679074,False,False
4,1500,1,2,poisson + zip,7296.3669848149975,True,True
4,1500,2,2,zip + poisson,7296.898618293795,True,True
4,1500,3,2,nb2 + zip,7300.729879502036,False,False
4,1500,4,2,zip + nb2,7304.094712084485,False,False
4,1500,5,2,zip + zip,7304.287238546836,False,True
4,1500,6,3,poisson + nb2 + zip,7332.438732530932,False,False
4,1500,7,3,poisson + poisson + nb2,7333.831380173563,False,False
4,1500,8,3,poisson + poisson + zip,7334.038631519224,False,False
4,1500,9,3,poisson + poisson + poisson,7334.06162182501,False,False
4,1500,10,3,zip + nb2 + poisson,7335.85389744117,False,False
1,500,1,2,gaussian + student_t,1924.472386329667,True,True
1,500,2,2,student_t + student_t,1928.865966429853,False,True
1,500,3,2,student_t + gaussian,1930.658434128153,True,True
1,500,4,2,skew_normal + student_t,1930.6978823108107,False,False
1,500,5,2,gaussian + gaussian,1934.5555989013362,False,False
1,500,6,2,student_t + skew_normal,1936.8735239577163,False,False
1,500,7,2,skew_normal + gaussian,1940.7702743214784,False,False
1,500,8,2,gaussian + skew_normal,1940.7703067240443,False,False
1,500,9,2,skew_normal + skew_normal,1946.9849818412379,False,False
1,500,10,3,gaussian + gaussian + student_t,1960.1675323284699,False,False
1,1000,1,2,student_t + gaussian,3815.2511458596723,True,True
1,1000,2,2,student_t + skew_normal,3822.1586257175727,False,False
1,1000,3,2,student_t + student_t,3822.1851012165343,False,True
1,1000,4,2,gaussian + gaussian,3842.6974572835243,False,False
1,1000,5,2,gaussian + student_t,3849.5269056662064,True,True
1,1000,6,2,gaussian + skew_normal,3849.6048507746823,False,False
1,1000,7,2,skew_normal + gaussian,3849.6053531623193,False,False
1,1000,8,3,student_t + gaussian + gaussian,3854.606212662994,False,False
1,1000,9,2,skew_normal + student_t,3856.4134673390977,False,False
1,1000,10,2,skew_normal + skew_normal,3856.5127467506863,False,False
1,1500,1,2,student_t + gaussian,5682.1297890152,True,True
1,1500,2,2,student_t + student_t,5689.309836671434,False,True
1,1500,3,2,student_t + skew_normal,5689.442996671431,False,False
1,1500,4,2,gaussian + student_t,5711.493047794353,True,True
1,1500,5,2,skew_normal + student_t,5718.806386344274,False,False
1,1500,6,3,student_t + gaussian + gaussian,5729.822115465579,False,False
1,1500,7,3,student_t + skew_normal + gaussian,5737.134830328991,False,False
1,1500,8,3,student_t + gaussian + skew_normal,5737.136028266376,False,False
1,1500,9,3,student_t + student_t + gaussian,5737.1414013454205,False,False
1,1500,10,3,student_t + gaussian + student_t,5738.852728755452,False,False
2,500,1,2,lognormal + lognormal,1090.0537858755129,False,False
2,500,2,2,gamma + lognormal,1092.1321536325413,True,True
2,500,3,2,lognormal + gamma,1092.1335701662144,True,True
2,500,4,2,inverse_gaussian + lognormal,1101.49346019704,False,False
2,500,5,2,lognormal + inverse_gaussian,1117.597516794075,False,False
2,500,6,2,inverse_gaussian + gamma,1118.8073041363346,False,False
2,500,7,2,gamma + inverse_gaussian,1118.8073041363346,False,False
2,500,8,2,gamma + gamma,1121.0464979921003,False,False
2,500,9,3,lognormal + inverse_gaussian + lognormal,1126.2912457755751,False,False
2,500,10,3,inverse_gaussian + lognormal + lognormal,1126.2912457917475,False,False
2,1000,1,2,lognormal + gamma,2234.9924994754906,True,True
2,1000,2,2,gamma + lognormal,2234.9924994754906,True,True
2,1000,3,2,lognormal + lognormal,2236.9886415097085,False,False
2,1000,4,2,inverse_gaussian + lognormal,2266.4525020079445,False,False
2,1000,5,2,lognormal + inverse_gaussian,2266.4525020079445,False,False
2,1000,6,3,lognormal + gamma + inverse_gaussian,2270.280750020662,False,False
2,1000,7,3,lognormal + inverse_gaussian + gamma,2270.2968998010124,False,False
2,1000,8,3,inverse_gaussian + gamma + lognormal,2270.296901552557,False,False
2,1000,9,3,gamma + lognormal + inverse_gaussian,2270.5138351340756,False,False
2,1000,10,3,inverse_gaussian + lognormal + lognormal,2272.291374751292,False,False
2,1500,1,2,gamma + lognormal,3437.576286105098,True,True
2,1500,2,2,lognormal + lognormal,3439.1099819721467,False,False
2,1500,3,2,inverse_gaussian + lognormal,3463.818721405541,False,False
2,1500,4,2,lognormal + inverse_gaussian,3463.818721405541,False,False
2,1500,5,3,lognormal + lognormal + gamma,3482.7050078045036,False,False
2,1500,6,3,gamma + lognormal + lognormal,3482.7050162619976,False,False
2,1500,7,3,lognormal + lognormal + lognormal,3484.1681097974483,False,False
2,1500,8,3,lognormal + gamma + inverse_gaussian,3486.4707974324933,False,False
2,1500,9,3,inverse_gaussian + gamma + lognormal,3486.4708067147067,False,False
2,1500,10,3,gamma + lognormal + inverse_gaussian,3487.7006673617047,False,False
3,500,1,2,zip + poisson,2766.92408787021,False,False
3,500,2,2,poisson + zip,2767.05742081006,False,False
3,500,3,2,zip + nb2,2772.7393390083644,False,False
3,500,4,2,nb2 + zip,2772.8988057231727,False,False
3,500,5,2,zip + zip,2773.166688933512,False,False
3,500,6,2,nb2 + nb2,2775.11094252944,False,True
3,500,7,3,poisson + poisson + poisson,2787.1633315701793,False,False
3,500,8,2,poisson + poisson,2793.837435814593,False,False
3,500,9,3,poisson + nb2 + poisson,2794.2259753939757,False,False
3,500,10,3,poisson + poisson + nb2,2794.227272107873,False,False
3,1000,1,2,nb2 + nb2,5516.0430407231415,False,True
3,1000,2,2,poisson + zip,5538.731473699115,False,False
3,1000,3,2,zip + poisson,5539.1627611978665,False,False
3,1000,4,2,nb2 + zip,5540.495279596054,False,False
3,1000,5,2,zip + nb2,5542.602977409557,False,False
3,1000,6,2,zip + zip,5543.313124248281,False,False
3,1000,7,3,poisson + poisson + nb2,5549.580441611008,False,False
3,1000,8,3,nb2 + nb2 + poisson,5552.4620917051525,False,False
3,1000,9,3,nb2 + poisson + nb2,5552.561182704561,False,False
3,1000,10,3,poisson + nb2 + nb2,5552.655419447611,False,False
3,1500,1,2,nb2 + nb2,8191.081096814545,False,True
3,1500,2,3,poisson + poisson + zip,8223.387695332985,False,False
3,1500,3,3,poisson + nb2 + nb2,8227.537142764519,False,False
3,1500,4,3,nb2 + poisson + nb2,8227.859109600884,False,False
3,1500,5,3,nb2 + nb2 + poisson,8227.960786635373,False,False
3,1500,6,3,nb2 + zip + nb2,8232.25619808657,False,False
3,1500,7,3,zip + nb2 + nb2,8233.116740164733,False,False
3,1500,8,3,poisson + zip + nb2,8233.185000603069,False,False
3,1500,9,3,zip + zip + zip,8233.915197788816,False,False
3,1500,10,3,nb2 + poisson + zip,8235.809104193726,False,False
4,500,1,2,zip + poisson,2536.9037927966783,True,True
4,500,2,2,zip + nb2,2541.560548161924,False,False
4,500,3,2,nb2 + zip,2541.598480237185,False,False
4,500,4,2,zip + zip,2542.579920590557,False,True
4,500,5,2,nb2 + nb2,2548.5313071068013,False,False
4,500,6,2,poisson + zip,2548.8101102454934,True,True
4,500,7,3,poisson + poisson + nb2,2557.8039160222174,False,False
4,500,8,3,zip + poisson + poisson,2564.4185752721773,False,False
4,500,9,2,poisson + nb2,2564.6850492125805,False,False
4,500,10,2,nb2 + poisson,2564.963736400481,False,False
4,1000,1,2,poisson + zip,4973.137355665266,True,True
4,1000,2,2,zip + poisson,4973.285796967262,True,True
4,1000,3,2,nb2 + zip,4979.836319285169,False,False
4,1000,4,2,zip + zip,4979.863130342533,False,True
4,1000,5,2,zip + nb2,4979.954020194023,False,False
4,1000,6,3,poisson + nb2 + poisson,5004.145133959537,False,False
4,1000,7,3,poisson + poisson + nb2,5004.396326147952,False,False
4,1000,8,3,nb2 + poisson + poisson,5004.472285163136,False,False
4,1000,9,3,nb2 + poisson + nb2,5004.604748468113,False,False
4,1000,10,3,poisson + poisson + zip,5009.856134537864,False,False
4,1500,1,2,poisson + zip,7454.898253747565,True,True
4,1500,2,2,zip + poisson,7454.902844054841,True,True
4,1500,3,2,nb2 + zip,7459.036805085372,False,False
4,1500,4,2,zip + nb2,7460.613505610223,False,False
4,1500,5,2,zip + zip,7462.136691534995,False,True
4,1500,6,3,nb2 + poisson + poisson,7485.581845039479,False,False
4,1500,7,3,poisson + poisson + poisson,7486.672046286144,False,False
4,1500,8,3,poisson + poisson + zip,7494.733205501966,False,False
4,1500,9,3,poisson + nb2 + nb2,7495.439681941796,False,False
4,1500,10,3,nb2 + nb2 + poisson,7495.614231765555,False,False
1,500,1,2,gaussian + gaussian,1890.8883363286766,False,False
1,500,2,2,student_t + gaussian,1896.362074848358,True,True
1,500,3,2,gaussian + student_t,1897.099310490369,True,True
1,500,4,2,skew_normal + gaussian,1897.1028666977934,False,False
1,500,5,2,gaussian + skew_normal,1897.102985340987,False,False
1,500,6,2,student_t + skew_normal,1902.5741973186425,False,False
1,500,7,2,student_t + student_t,1902.5967241999472,False,True
1,500,8,2,skew_normal + student_t,1903.3133657525282,False,False
1,500,9,2,skew_normal + skew_normal,1903.3175158239071,False,False
1,500,10,3,gaussian + gaussian + gaussian,1924.4585401450345,False,False
1,1000,1,2,student_t + gaussian,3768.9319625464695,True,True
1,1000,2,2,student_t + skew_normal,3775.840910210901,False,False
1,1000,3,2,student_t + student_t,3775.9497376927357,False,True
1,1000,4,2,gaussian + student_t,3801.880399332112,True,True
1,1000,5,2,skew_normal + student_t,3808.7880644165843,False,False
1,1000,6,2,gaussian + gaussian,3812.3417082506076,False,False
1,1000,7,3,student_t + gaussian + gaussian,3816.977250680956,False,False
1,1000,8,2,gaussian + skew_normal,3819.249327214961,False,False
1,1000,9,2,skew_normal + gaussian,3819.2494412729225,False,False
1,1000,10,3,student_t + skew_normal + gaussian,3823.884990423283,False,False
1,1500,1,2,student_t + gaussian,5520.865262921836,True,True
1,1500,2,2,student_t + student_t,5527.621188359817,False,True
1,1500,3,2,student_t + skew_normal,5528.178564351729,False,False
1,1500,4,2,gaussian + student_t,5539.307479404777,True,True
1,1500,5,2,skew_normal + student_t,5546.620667569442,False,False
1,1500,6,2,gaussian + gaussian,5563.811303676623,False,False
1,1500,7,2,gaussian + skew_normal,5571.124563642976,False,False
1,1500,8,2,skew_normal + gaussian,5571.124735296962,False,False
1,1500,9,3,student_t + gaussian + gaussian,5571.749974308879,False,False
1,1500,10,2,skew_normal + skew_normal,5578.437994995615,False,False
2,500,1,2,lognormal + lognormal,1201.3045396991442,False,False
2,500,2,2,gamma + lognormal,1202.1851734106724,True,True
2,500,3,2,lognormal + inverse_gaussian,1211.070666309552,False,False
2,500,4,2,lognormal + gamma,1226.711288992404,True,True
2,500,5,2,gamma + gamma,1228.207216380114,False,False
2,500,6,2,inverse_gaussian + gamma,1233.7069024923305,False,False
2,500,7,2,gamma + inverse_gaussian,1233.7069024923305,False,False
2,500,8,3,lognormal + inverse_gaussian + lognormal,1234.130530125596,False,False
2,500,9,3,inverse_gaussian + lognormal + lognormal,1234.130530125596,False,False
2,500,10,3,lognormal + lognormal + gamma,1234.697006319378,False,False
2,1000,1,2,lognormal + gamma,2576.000810147415,True,True
2,1000,2,2,gamma + lognormal,2576.000810147415,True,True
2,1000,3,2,lognormal + lognormal,2582.2883310962015,False,False
2,1000,4,2,inverse_gaussian + lognormal,2597.8881560257105,False,False
2,1000,5,2,lognormal + inverse_gaussian,2597.8881560257105,False,False
2,1000,6,3,lognormal + gamma + gamma,2620.231280802573,False,False
2,1000,7,3,lognormal + gamma + lognormal,2620.3836614830434,False,False
2,1000,8,3,lognormal + lognormal + gamma,2620.3836664941946,False,False
2,1000,9,3,gamma + gamma + gamma,2620.5179786097806,False,False
2,1000,10,2,gamma + gamma,2621.2953992740886,False,False
2,1500,1,2,lognormal + gamma,3170.5648590203045,True,True
2,1500,2,2,gamma + lognormal,3170.5648590203045,True,True
2,1500,3,2,lognormal + lognormal,3179.127055856428,False,False
2,1500,4,2,lognormal + inverse_gaussian,3216.675526271065,False,False
2,1500,5,3,lognormal + lognormal + gamma,3216.8578215797775,False,False
2,1500,6,3,lognormal + inverse_gaussian + gamma,3218.7800457593753,False,False
2,1500,7,3,lognormal + gamma + gamma,3220.200679429194,False,False
2,1500,8,3,gamma + gamma + lognormal,3220.517675880231,False,False
2,1500,9,3,inverse_gaussian + lognormal + gamma,3220.9178513654138,False,False
2,1500,10,3,lognormal + gamma + inverse_gaussian,3220.9178518585218,False,False
3,500,1,2,zip + poisson,2757.9899356602873,False,False
3,500,2,2,poisson + zip,2758.097719647987,False,False
3,500,3,2,zip + nb2,2764.1898177443936,False,False
3,500,4,2,zip + zip,2764.297546961352,False,False
3,500,5,2,nb2 + zip,2764.3979749337796,False,False
3,500,6,2,nb2 + nb2,2769.0756242538937,False,True
3,500,7,3,nb2 + poisson + poisson,2787.189144110946,False,False
3,500,8,3,poisson + nb2 + poisson,2787.279623636389,False,False
3,500,9,3,poisson + poisson + zip,2790.446752165694,False,False
3,500,10,3,zip + poisson + poisson,2791.0743796586207,False,False
3,1000,1,2,nb2 + nb2,5467.927303108141,False,True
3,1000,2,2,zip + poisson,5488.167272476155,False,False
3,1000,3,2,poisson + zip,5488.615627536243,False,False
3,1000,4,2,nb2 + zip,5495.347766174296,False,False
3,1000,5,2,zip + zip,5496.092508041251,False,False
3,1000,6,2,zip + nb2,5496.445063697828,False,False
3,1000,7,3,zip + poisson + nb2,5500.573452041621,False,False
3,1000,8,3,poisson + nb2 + zip,5500.960687575274,False,False
3,1000,9,3,nb2 + poisson + nb2,5502.078422945278,False,False
3,1000,10,3,poisson + poisson + poisson,5502.613089625231,False,False
3,1500,1,2,nb2 + nb2,8142.080196715093,False,True
3,1500,2,2,poisson + zip,8168.132365823233,False,False
3,1500,3,2,zip + poisson,8168.187996297117,False,False
3,1500,4,2,nb2 + zip,8173.374925576398,False,False
3,1500,5,2,zip + nb2,8174.29227187894,False,False
3,1500,6,3,poisson + poisson + poisson,8174.585527255709,False,False
3,1500,7,2,zip + zip,8175.364292403497,False,False
3,1500,8,3,poisson + zip + zip,8179.78437115163,False,False
3,1500,9,3,poisson + zip + poisson,8180.7112697048315,False,False
3,1500,10,3,poisson + poisson + zip,8181.149106766028,False,False
4,500,1,2,zip + poisson,2514.5750364518217,True,True
4,500,2,2,poisson + zip,2514.692657732368,True,True
4,500,3,2,zip + nb2,2520.5321777070676,False,False
4,500,4,2,nb2 + zip,2520.6448614808487,False,False
4,500,5,2,zip + zip,2520.884761801475,False,True
4,500,6,2,nb2 + poisson,2538.973037055594,False,False
4,500,7,2,poisson + nb2,2539.0112243503463,False,False
4,500,8,3,poisson + nb2 + poisson,2539.067401295925,False,False
4,500,9,2,nb2 + nb2,2539.3854598536273,False,False
4,500,10,2,poisson + poisson,2541.853882185965,False,False
4,1000,1,2,zip + poisson,4903.8048019031,True,True
4,1000,2,2,poisson + zip,4903.861070608103,True,True
4,1000,3,2,nb2 + zip,4910.428583956168,False,False
4,1000,4,2,zip + nb2,4910.466736375612,False,False
4,1000,5,2,zip + zip,4910.704106499133,False,True
4,1000,6,3,nb2 + poisson + poisson,4928.034882022004,False,False
4,1000,7,3,poisson + poisson + nb2,4928.092900560325,False,False
4,1000,8,3,poisson + zip + poisson,4936.289122325148,False,False
4,1000,9,3,zip + poisson + poisson,4936.707236685831,False,False
4,1000,10,3,poisson + nb2 + poisson,4938.234009418718,False,False
4,1500,1,2,poisson + zip,7433.431803604438,True,True
4,1500,2,2,zip + poisson,7433.511084354434,True,True
4,1500,3,2,nb2 + zip,7438.795572227531,False,False
4,1500,4,2,zip + nb2,7438.859214527116,False,False
4,1500,5,2,zip + zip,7440.821154805999,False,True
4,1500,6,3,zip + poisson + poisson,7466.534578834066,False,False
4,1500,7,3,poisson + poisson + zip,7466.6677919885615,False,False
4,1500,8,3,poisson + zip + poisson,7467.029747222942,False,False
4,1500,9,3,poisson + poisson + poisson,7468.940286287724,False,False
4,1500,10,3,poisson + poisson + nb2,7469.229867344305,False,False
1,500,1,2,student_t + gaussian,1978.1419275409469,True,True
1,500,2,2,student_t + skew_normal,1984.3563513772651,False,False
1,500,3,2,student_t + student_t,1984.4852985874134,False,True
1,500,4,2,gaussian + gaussian,1986.9588651233025,False,False
1,500,5,2,gaussian + student_t,1991.7890897637405,True,True
1,500,6,2,gaussian + skew_normal,1993.1734568922113,False,False
1,500,7,2,skew_normal + gaussian,1993.1736857771728,False,False
1,500,8,2,skew_normal + student_t,1998.0036380379854,False,False
1,500,9,2,skew_normal + skew_normal,1999.3882785428968,False,False
1,500,10,3,student_t + gaussian + gaussian,2003.7879541335012,False,False
1,1000,1,2,student_t + gaussian,3700.3837181384934,True,True
1,1000,2,2,student_t + student_t,3707.238021508439,False,True
1,1000,3,2,student_t + skew_normal,3707.2922474675843,False,False
1,1000,4,2,gaussian + gaussian,3724.140559443871,False,False
1,1000,5,2,gaussian + student_t,3729.5611725893586,True,True
1,1000,6,2,skew_normal + gaussian,3731.048258272341,False,False
1,1000,7,2,gaussian + skew_normal,3731.048367059751,False,False
1,1000,8,3,student_t + gaussian + gaussian,3731.684015136231,False,False
1,1000,9,2,skew_normal + student_t,3736.4686102168575,False,False
1,1000,10,2,skew_normal + skew_normal,3737.956067132755,False,False
1,1500,1,2,student_t + gaussian,5603.253678011037,True,True
1,1500,2,2,student_t + student_t,5610.427911638879,False,True
1,1500,3,2,student_t + skew_normal,5610.566690812524,False,False
1,1500,4,2,gaussian + gaussian,5629.751164564388,False,False
1,1500,5,2,skew_normal + gaussian,5637.064062104329,False,False
1,1500,6,2,gaussian + skew_normal,5637.0642476230105,False,False
1,1500,7,2,gaussian + student_t,5641.320620329443,True,True
1,1500,8,2,skew_normal + skew_normal,5644.3771443302085,False,False
1,1500,9,2,skew_normal + student_t,5648.632970120202,False,False
1,1500,10,3,student_t + gaussian + gaussian,5651.976800244391,False,False
2,500,1,2,gamma + lognormal,1211.0589867814083,True,True
2,500,2,2,lognormal + lognormal,1214.4009466513724,False,False
2,500,3,2,lognormal + inverse_gaussian,1224.9613695604146,False,False
2,500,4,3,inverse_gaussian + gamma + lognormal,1233.0850493335795,False,False
2,500,5,3,lognormal + inverse_gaussian + gamma,1233.1646882352707,False,False
2,500,6,3,lognormal + lognormal + inverse_gaussian,1236.1973356288,False,False
2,500,7,3,lognormal + gamma + gamma,1238.7067550066968,False,False
2,500,8,3,lognormal + gamma + inverse_gaussian,1239.1175770863658,False,False
2,500,9,3,gamma + lognormal + inverse_gaussian,1239.4444157074804,False,False
2,500,10,3,gamma + gamma + inverse_gaussian,1241.2354916555018,False,False
2,1000,1,2,gamma + lognormal,2308.812579053496,True,True
2,1000,2,2,lognormal + lognormal,2312.54139436477,False,False
2,1000,3,2,lognormal + inverse_gaussian,2330.5229197762537,False,False
2,1000,4,3,lognormal + inverse_gaussian + gamma,2341.9119698019126,False,False
2,1000,5,3,inverse_gaussian + lognormal + gamma,2341.9119698019126,False,False
2,1000,6,3,lognormal + gamma + inverse_gaussian,2341.9119700680185,False,False
2,1000,7,3,gamma + lognormal + lognormal,2345.358496310563,False,False
2,1000,8,3,lognormal + gamma + lognormal,2345.3904362749254,False,False
2,1000,9,3,lognormal + lognormal + gamma,2345.473636510006,False,False
2,1000,10,3,lognormal + lognormal + inverse_gaussian,2346.415304276238,False,False
2,1500,1,2,gamma + lognormal,3188.2453704962095,True,True
2,1500,2,2,lognormal + lognormal,3193.9563824049114,False,False
2,1500,3,2,inverse_gaussian + lognormal,3200.518440911021,False,False
2,1500,4,2,lognormal + inverse_gaussian,3200.518440911021,False,False
2,1500,5,3,gamma + lognormal + inverse_gaussian,3235.5554131747726,False,False
2,1500,6,3,gamma + inverse_gaussian + lognormal,3235.555416699987,False,False
2,1500,7,3,inverse_gaussian + lognormal + gamma,3235.675538047232,False,False
2,1500,8,3,lognormal + gamma + lognormal,3236.8457297490727,False,False
2,1500,9,3,gamma + lognormal + lognormal,3236.8457330861306,False,False
2,1500,10,3,gamma + inverse_gaussian + gamma,3239.57038855161,False,False
3,500,1,2,poisson + zip,2730.705317854022,False,False
3,500,2,2,zip + poisson,2730.811324779297,False,False
3,500,3,2,nb2 + nb2,2732.258180307549,False,True
3,500,4,2,zip + nb2,2733.87824369165,False,False
3,500,5,2,nb2 + zip,2736.692161159488,False,False
3,500,6,2,zip + zip,2736.868871147134,False,False
3,500,7,3,poisson + nb2 + poisson,2754.3126629351364,False,False
3,500,8,3,poisson + poisson + nb2,2754.3387854870816,False,False
3,500,9,3,nb2 + poisson + poisson,2754.587666539365,False,False
3,500,10,3,poisson + poisson + zip,2758.9583821423757,False,False
3,1000,1,2,nb2 + nb2,5477.003347073541,False,True
3,1000,2,3,zip + nb2 + poisson,5495.968596663419,False,False
3,1000,3,3,poisson + nb2 + zip,5496.541739113243,False,False
3,1000,4,2,zip + poisson,5499.373961956014,False,False
3,1000,5,2,poisson + zip,5499.515129555143,False,False
3,1000,6,3,nb2 + nb2 + poisson,5502.356606414214,False,False
3,1000,7,3,poisson + nb2 + nb2,5502.3655777063595,False,False
3,1000,8,3,nb2 + poisson + nb2,5502.659419856953,False,False
3,1000,9,2,zip + nb2,5504.227405390193,False,False
3,1000,10,2,nb2 + zip,5505.15274996106,False,False
3,1500,1,2,nb2 + nb2,8075.207889696525,False,True
3,1500,2,3,zip + nb2 + poisson,8110.454474894596,False,False
3,1500,3,3,nb2 + poisson + nb2,8114.838944858089,False,False
3,1500,4,3,nb2 + nb2 + poisson,8115.037734022876,False,False
3,1500,5,3,poisson + zip + zip,8115.533913895895,False,False
3,1500,6,3,poisson + nb2 + nb2,8116.310614746881,False,False
3,1500,7,3,nb2 + zip + zip,8119.143120379766,False,False
3,1500,8,2,poisson + zip,8119.474971122284,False,False
3,1500,9,2,zip + poisson,8119.836584670377,False,False
3,1500,10,3,nb2 + nb2 + zip,8120.713445715266,False,False
4,500,1,2,poisson + zip,2499.617069866048,True,True
4,500,2,2,zip + poisson,2499.690171367707,True,True
4,500,3,2,zip + nb2,2505.746975945114,False,False
4,500,4,2,zip + zip,2505.7808582296166,False,True
4,500,5,2,nb2 + zip,2505.8125259443013,False,False
4,500,6,2,nb2 + nb2,2515.1574242161087,False,False
4,500,7,3,poisson + nb2 + poisson,2519.8482028655053,False,False
4,500,8,3,poisson + poisson + poisson,2524.5132942335126,False,False
4,500,9,3,poisson + nb2 + zip,2526.506246019775,False,False
4,500,10,3,zip + nb2 + poisson,2526.7412571157083,False,False
4,1000,1,2,zip + poisson,4931.510210616569,True,True
4,1000,2,2,poisson + zip,4931.526882231538,True,True
4,1000,3,2,zip + nb2,4936.863641866919,False,False
4,1000,4,2,nb2 + zip,4938.3014604100745,False,False
4,1000,5,2,zip + zip,4938.354545977342,False,True
4,1000,6,3,nb2 + poisson + poisson,4964.670999769014,False,False
4,1000,7,3,poisson + poisson + nb2,4966.797061433905,False,False
4,1000,8,3,poisson + zip + poisson,4968.145740880853,False,False
4,1000,9,3,nb2 + poisson + nb2,4969.347421652465,False,False
4,1000,10,3,poisson + poisson + zip,4969.640332835252,False,False
4,1500,1,2,poisson + zip,7317.554165999811,True,True
4,1500,2,2,zip + poisson,7318.000592586251,True,True
4,1500,3,2,nb2 + zip,7322.426624843754,False,False
4,1500,4,2,zip + nb2,7322.660013289489,False,False
4,1500,5,2,zip + zip,7324.953863857314,False,True
4,1500,6,3,poisson + poisson + poisson,7342.5072507351715,False,False
4,1500,7,3,nb2 + poisson + poisson,7346.892062919259,False,False
4,1500,8,3,poisson + poisson + nb2,7350.164949001109,False,False
4,1500,9,3,poisson + nb2 + poisson,7350.956755954068,False,False
4,1500,10,3,nb2 + poisson + zip,7358.978104046205,False,False
1,500,1,2,student_t + gaussian,1866.3691637750587,True,True
1,500,2,2,gaussian + gaussian,1870.7367518906287,False,False
1,500,3,2,student_t + student_t,1872.5625264721825,False,True
1,500,4,2,student_t + skew_normal,1872.5779135397859,False,False
1,500,5,2,gaussian + skew_normal,1876.9478317160747,False,False
1,500,6,2,skew_normal + gaussian,1876.9513361798997,False,False
1,500,7,2,gaussian + student_t,1879.4149096922376,True,True
1,500,8,2,skew_normal + skew_normal,1883.1624151639026,False,False
1,500,9,2,skew_normal + student_t,1885.6297027954888,False,False
1,500,10,3,gaussian + student_t + gaussian,1905.4125072060451,False,False
1,1000,1,2,student_t + gaussian,3744.6352111640995,True,True
1,1000,2,2,student_t + student_t,3747.0718259948558,False,True
1,1000,3,2,gaussian + student_t,3750.8096362654383,True,True
1,1000,4,2,student_t + skew_normal,3751.5422277552584,False,False
1,1000,5,2,skew_normal + student_t,3757.718491624608,False,False
1,1000,6,2,gaussian + gaussian,3760.360328291762,False,False
1,1000,7,2,skew_normal + gaussian,3767.268100588084,False,False
1,1000,8,2,gaussian + skew_normal,3767.268297655069,False,False
1,1000,9,2,skew_normal + skew_normal,3774.1760709157156,False,False
1,1000,10,3,gaussian + gaussian + gaussian,3777.6529328673737,False,False
1,1500,1,2,student_t + gaussian,5591.343094396003,True,True
1,1500,2,2,student_t + student_t,5598.191320606604,False,True
1,1500,3,2,student_t + skew_normal,5598.656468818365,False,False
1,1500,4,2,gaussian + gaussian,5602.449216779879,False,False
1,1500,5,2,gaussian + student_t,5604.820374607063,True,True
1,1500,6,2,skew_normal + gaussian,5609.752398772922,False,False
1,1500,7,2,gaussian + skew_normal,5609.762484717736,False,False
1,1500,8,2,skew_normal + student_t,5612.127864445966,False,False
1,1500,9,2,skew_normal + skew_normal,5617.065659854205,False,False
1,1500,10,3,student_t + gaussian + gaussian,5638.267951762424,False,False
2,500,1,2,gamma + lognormal,1104.9185364583007,True,True
2,500,2,2,lognormal + lognormal,1105.7584348306598,False,False
2,500,3,2,inverse_gaussian + lognormal,1116.872602571525,False,False
2,500,4,2,inverse_gaussian + gamma,1130.806471503586,False,False
2,500,5,2,gamma + inverse_gaussian,1130.806471503586,False,False
2,500,6,2,lognormal + inverse_gaussian,1132.2393437235326,False,False
2,500,7,3,lognormal + inverse_gaussian + gamma,1134.0457323667417,False,False
2,500,8,3,lognormal + gamma + inverse_gaussian,1134.0457332478775,False,False
2,500,9,3,inverse_gaussian + lognormal + lognormal,1134.669107616024,False,False
2,500,10,3,gamma + lognormal + gamma,1135.0324851053283,False,False
2,1000,1,2,gamma + lognormal,2148.063448257303,True,True
2,1000,2,2,lognormal + gamma,2148.0900089739775,True,True
2,1000,3,2,lognormal + lognormal,2151.312756006167,False,False
2,1000,4,3,inverse_gaussian + gamma + gamma,2177.60021759745,False,False
2,1000,5,3,gamma + lognormal + gamma,2178.1944696801725,False,False
2,1000,6,3,lognormal + gamma + inverse_gaussian,2181.1427565362615,False,False
2,1000,7,3,inverse_gaussian + lognormal + gamma,2181.1427576358165,False,False
2,1000,8,3,gamma + gamma + gamma,2181.5003424667625,False,False
2,1000,9,3,inverse_gaussian + gamma + lognormal,2182.1733800230086,False,False
2,1000,10,3,gamma + inverse_gaussian + lognormal,2182.1733800230086,False,False
2,1500,1,2,lognormal + gamma,3586.392929760168,True,True
2,1500,2,2,gamma + lognormal,3586.392929760168,True,True
2,1500,3,2,lognormal + lognormal,3588.6230603301497,False,False
2,1500,4,2,lognormal + inverse_gaussian,3598.603471569354,False,False
2,1500,5,3,inverse_gaussian + lognormal + gamma,3629.3703356690385,False,False
2,1500,6,3,lognormal + lognormal + gamma,3630.5535136447684,False,False
2,1500,7,3,gamma + lognormal + lognormal,3630.5692714768225,False,False
2,1500,8,3,inverse_gaussian + lognormal + lognormal,3630.6189886154007,False,False
2,1500,9,3,lognormal + lognormal + inverse_gaussian,3630.7337404242494,False,False
2,1500,10,3,gamma + lognormal + inverse_gaussian,3632.028857370892,False,False
3,500,1,2,zip + poisson,2718.0774799444484,False,False
3,500,2,2,poisson + zip,2718.4333210267087,False,False
3,500,3,2,nb2 + nb2,2721.759397076342,False,True
3,500,4,2,nb2 + zip,2724.0970472362305,False,False
3,500,5,2,poisson + poisson,2724.192065942295,False,False
3,500,6,2,zip + zip,2724.3770982660144,False,False
3,500,7,2,zip + nb2,2725.3271058061327,False,False
3,500,8,2,nb2 + poisson,2729.9795687589735,True,True
3,500,9,2,poisson + nb2,2730.0651808938937,True,True
3,500,10,3,poisson + poisson + poisson,2742.7565957445713,False,False
3,1000,1,2,nb2 + nb2,5566.643245987482,False,True
3,1000,2,2,zip + poisson,5591.608389665277,False,False
3,1000,3,2,poisson + zip,5591.783013795868,False,False
3,1000,4,2,nb2 + zip,5597.535635090484,False,False
3,1000,5,2,zip + zip,5598.788587403024,False,False
3,1000,6,2,zip + nb2,5600.4058884293545,False,False
3,1000,7,3,poisson + nb2 + nb2,5602.946166981737,False,False
3,1000,8,3,nb2 + nb2 + poisson,5603.467395378859,False,False
3,1000,9,3,nb2 + poisson + nb2,5605.129235443455,False,False
3,1000,10,3,nb2 + poisson + poisson,5606.0925490481295,False,False
3,1500,1,2,nb2 + nb2,8243.398262824894,False,True
3,1500,2,3,poisson + zip + poisson,8274.33938964372,False,False
3,1500,3,3,poisson + nb2 + zip,8276.414454984566,False,False
3,1500,4,3,zip + poisson + nb2,8276.486505433582,False,False
3,1500,5,3,poisson + zip + nb2,8277.358751659705,False,False
3,1500,6,3,nb2 + zip + poisson,8277.758337257104,False,False
3,1500,7,3,zip + nb2 + poisson,8279.169407342322,False,False
3,1500,8,3,nb2 + poisson + zip,8279.388544003983,False,False
3,1500,9,3,nb2 + poisson + nb2,8280.658873170643,False,False
3,1500,10,3,poisson + nb2 + nb2,8280.938790728269,False,False
4,500,1,2,zip + poisson,2458.647033371708,True,True
4,500,2,2,poisson + zip,2458.768871197529,True,True
4,500,3,2,zip + nb2,2463.78391945563,False,False
4,500,4,2,nb2 + zip,2464.0034944045165,False,False
4,500,5,2,zip + zip,2464.838090597982,False,True
4,500,6,3,nb2 + poisson + poisson,2487.777362229392,False,False
4,500,7,2,nb2 + poisson,2492.206917388554,False,False
4,500,8,3,nb2 + poisson + zip,2493.7031962055908,False,False
4,500,9,3,poisson + nb2 + nb2,2493.9901678206074,False,False
4,500,10,3,zip + poisson + poisson,2495.0945454830457,False,False
4,1000,1,2,zip + poisson,4844.255252755617,True,True
4,1000,2,2,poisson + zip,4845.230722331907,True,True
4,1000,3,2,zip + zip,4850.819417246316,False,True
4,1000,4,2,nb2 + zip,4851.070196800551,False,False
4,1000,5,2,zip + nb2,4851.161235675684,False,False
4,1000,6,3,poisson + nb2 + poisson,4878.365644638137,False,False
4,1000,7,3,nb2 + poisson + poisson,4878.883027470938,False,False
4,1000,8,3,poisson + poisson + nb2,4879.791497246037,False,False
4,1000,9,3,nb2 + nb2 + poisson,4881.108311588758,False,False
4,1000,10,3,poisson + poisson + poisson,4881.94277902948,False,False
4,1500,1,2,zip + poisson,7474.288877860744,True,True
4,1500,2,2,poisson + zip,7474.451717974779,True,True
4,1500,3,2,nb2 + zip,7478.411036806985,False,False
4,1500,4,2,zip + nb2,7478.785924604486,False,False
4,1500,5,2,zip + zip,7481.807394144541,False,True
4,1500,6,3,nb2 + poisson + poisson,7502.8625760164405,False,False
4,1500,7,3,poisson + poisson + poisson,7506.4848753871165,False,False
4,1500,8,3,poisson + nb2 + poisson,7510.6549615481645,False,False
4,1500,9,3,poisson + poisson + zip,7513.036424255494,False,False
4,1500,10,3,poisson + nb2 + zip,7514.419206841455,False,False
1,500,1,2,student_t + gaussian,1857.3465390378788,True,True
1,500,2,2,student_t + skew_normal,1863.5611898122074,False,False
1,500,3,2,student_t + student_t,1863.574129102591,False,True
1,500,4,2,gaussian + gaussian,1864.9947233262349,False,False
1,500,5,2,gaussian + student_t,1867.9517355853231,True,True
1,500,6,2,gaussian + skew_normal,1871.20923798332,False,False
1,500,7,2,skew_normal + gaussian,1871.209421856843,False,False
1,500,8,2,skew_normal + student_t,1874.1662418632568,False,False
1,500,9,2,skew_normal + skew_normal,1877.4239357120955,False,False
1,500,10,3,gaussian + student_t + gaussian,1890.143606835264,False,False
1,1000,1,2,student_t + gaussian,3780.9889519895864,True,True
1,1000,2,2,gaussian + gaussian,3783.544111791689,False,False
1,1000,3,2,student_t + skew_normal,3787.8987049119255,False,False
1,1000,4,2,student_t + student_t,3788.0044225969514,False,True
1,1000,5,2,skew_normal + gaussian,3790.451708690655,False,False
1,1000,6,2,gaussian + skew_normal,3790.4546615793593,False,False
1,1000,7,2,gaussian + student_t,3790.5227331142837,True,True
1,1000,8,2,skew_normal + skew_normal,3797.362259066364,False,False
1,1000,9,2,skew_normal + student_t,3797.4312097661873,False,False
1,1000,10,3,student_t + gaussian + gaussian,3821.8077936328436,False,False
1,1500,1,2,student_t + gaussian,5730.034939502574,True,True
1,1500,2,2,student_t + student_t,5737.294181489251,False,True
1,1500,3,2,student_t + skew_normal,5737.347935120639,False,False
1,1500,4,2,gaussian + student_t,5749.152834096772,True,True
1,1500,5,2,skew_normal + student_t,5756.466194915247,False,False
1,1500,6,3,student_t + gaussian + gaussian,5769.586844082401,False,False
1,1500,7,3,gaussian + student_t + gaussian,5773.345347052943,False,False
1,1500,8,3,student_t + gaussian + student_t,5776.314725116624,False,False
1,1500,9,3,student_t + student_t + gaussian,5776.885489940652,False,False
1,1500,10,3,student_t + skew_normal + gaussian,5776.8997874769675,False,False
2,500,1,2,lognormal + gamma,1039.2921797329911,True,True
2,500,2,2,gamma + lognormal,1039.2921797329911,True,True
2,500,3,2,lognormal + lognormal,1040.9320241635614,False,False
2,500,4,2,inverse_gaussian + lognormal,1050.2288714083843,False,False
2,500,5,2,lognormal + inverse_gaussian,1050.2288714083843,False,False
2,500,6,2,inverse_gaussian + gamma,1057.5282912904295,False,False
2,500,7,2,gamma + inverse_gaussian,1057.5282912904295,False,False
2,500,8,3,inverse_gaussian + lognormal + lognormal,1062.162401229044,False,False
2,500,9,3,lognormal + inverse_gaussian + lognormal,1062.1933831268354,False,False
2,500,10,3,lognormal + lognormal + inverse_gaussian,1062.1933835642685,False,False
2,1000,1,2,gamma + lognormal,2511.4540598543754,True,True
2,1000,2,2,lognormal + lognormal,2512.721242280913,False,False
2,1000,3,2,inverse_gaussian + lognormal,2513.646918441233,False,False
2,1000,4,2,lognormal + inverse_gaussian,2513.646918441233,False,False
2,1000,5,2,inverse_gaussian + inverse_gaussian,2545.3407348917635,False,False
2,1000,6,3,gamma + lognormal + gamma,2549.9909862873656,False,False
2,1000,7,3,lognormal + gamma + gamma,2551.872954226567,False,False
2,1000,8,3,gamma + gamma + lognormal,2551.872963033519,False,False
2,1000,9,3,gamma + lognormal + lognormal,2552.45112892552,False,False
2,1000,10,3,lognormal + gamma + lognormal,2552.45112892552,False,False
2,1500,1,2,lognormal + gamma,3652.1859312128095,True,True
2,1500,2,2,gamma + lognormal,3652.1859312128095,True,True
2,1500,3,2,lognormal + lognormal,3657.664154074719,False,False
2,1500,4,2,inverse_gaussian + lognormal,3688.086570751184,False,False
2,1500,5,2,lognormal + inverse_gaussian,3688.086570751184,False,False
2,1500,6,3,lognormal + gamma + inverse_gaussian,3691.340952504422,False,False
2,1500,7,3,lognormal + inverse_gaussian + gamma,3691.3432032604355,False,False
2,1500,8,3,lognormal + gamma + lognormal,3691.3459983649223,False,False
2,1500,9,3,lognormal + lognormal + gamma,3691.4593690707266,False,False
2,1500,10,3,inverse_gaussian + lognormal + gamma,3694.988754050542,False,False
3,500,1,2,nb2 + nb2,2794.9397421906415,False,True
3,500,2,3,poisson + poisson + poisson,2806.1910709075296,False,False
3,500,3,2,poisson + zip,2818.205006715676,False,False
3,500,4,3,nb2 + nb2 + nb2,2823.120849327278,False,False
3,500,5,3,nb2 + poisson + nb2,2823.161213514814,False,False
3,500,6,3,poisson + zip + zip,2823.470511987719,False,False
3,500,7,3,nb2 + zip + poisson,2823.4754410391533,False,False
3,500,8,3,zip + poisson + nb2,2824.4946724790734,False,False
3,500,9,2,zip + nb2,2824.5341643381307,False,False
3,500,10,2,zip + zip,2825.0820087326238,False,False
3,1000,1,2,nb2 + nb2,5590.338261701073,False,True
3,1000,2,2,zip + poisson,5597.136407592067,False,False
3,1000,3,2,poisson + zip,5597.223443020656,False,False
3,1000,4,2,zip + nb2,5599.153267548981,False,False
3,1000,5,2,nb2 + zip,5599.354264418942,False,False
3,1000,6,2,zip + zip,5603.799264480528,False,False
3,1000,7,3,poisson + poisson + poisson,5613.834528023472,False,False
3,1000,8,3,poisson + zip + poisson,5616.054861378414,False,False
3,1000,9,3,nb2 + nb2 + poisson,5620.580662165654,False,False
3,1000,10,3,poisson + zip + nb2,5620.833867405654,False,False
3,1500,1,2,nb2 + nb2,8208.30739104179,False,True
3,1500,2,2,zip + poisson,8223.127939271135,False,False
3,1500,3,2,poisson + zip,8223.139940039073,False,False
3,1500,4,3,poisson + poisson + poisson,8225.015114844517,False,False
3,1500,5,2,zip + nb2,8227.923614673391,False,False
3,1500,6,2,nb2 + zip,8228.091219757094,False,False
3,1500,7,2,zip + zip,8229.885784220613,False,False
3,1500,8,3,poisson + zip + nb2,8229.93844355376,False,False
3,1500,9,3,nb2 + zip + poisson,8230.203214073814,False,False
3,1500,10,3,zip + poisson + nb2,8230.272888000833,False,False
4,500,1,2,poisson + zip,2492.097768337231,True,True
4,500,2,2,zip + poisson,2492.552306571928,True,True
4,500,3,2,nb2 + zip,2497.896061691021,False,False
4,500,4,2,nb2 + nb2,2513.997817929894,False,False
4,500,5,2,zip + zip,2514.2548019815185,False,True
4,500,6,3,poisson + poisson + poisson,2521.507963452447,False,False
4,500,7,3,poisson + nb2 + poisson,2523.212727888091,False,False
4,500,8,3,poisson + poisson + zip,2524.734620217761,False,False
4,500,9,3,poisson + zip + poisson,2525.338441571031,False,False
4,500,10,3,nb2 + poisson + nb2,2527.294415905919,False,False
4,1000,1,2,poisson + zip,4946.66046582735,True,True
4,1000,2,2,zip + poisson,4946.910730940434,True,True
4,1000,3,2,zip + nb2,4951.360493714448,False,False
4,1000,4,2,nb2 + zip,4951.4897046989145,False,False
4,1000,5,2,zip + zip,4953.613322742184,False,True
4,1000,6,3,poisson + poisson + poisson,4973.649556637507,False,False
4,1000,7,3,poisson + poisson + nb2,4978.470699091342,False,False
4,1000,8,3,poisson + nb2 + poisson,4979.472572403178,False,False
4,1000,9,3,nb2 + poisson + nb2,4981.066887110463,False,False
4,1000,10,3,nb2 + poisson + poisson,4985.140318768817,False,False
4,1500,1,2,zip + poisson,7324.786085514985,True,True
4,1500,2,2,poisson + zip,7324.871734618187,True,True
4,1500,3,2,nb2 + zip,7329.501865724378,False,False
4,1500,4,2,zip + nb2,7329.999665655323,False,False
4,1500,5,2,zip + zip,7332.257578391067,False,True
4,1500,6,3,nb2 + poisson + poisson,7358.3860037611485,False,False
4,1500,7,3,poisson + poisson + poisson,7360.481320918527,False,False
4,1500,8,3,poisson + nb2 + poisson,7361.631532383887,False,False
4,1500,9,3,poisson + poisson + nb2,7362.419634070359,False,False
4,1500,10,3,poisson + poisson + zip,7365.245041483803,False,False
1,500,1,2,gaussian + gaussian,1923.599910302973,False,False
1,500,2,2,student_t + gaussian,1926.4254484108117,True,True
1,500,3,2,skew_normal + gaussian,1929.814606482313,False,False
1,500,4,2,gaussian + skew_normal,1929.8147112824583,False,False
1,500,5,2,gaussian + student_t,1931.0777703358433,True,True
1,500,6,2,student_t + student_t,1932.5989964459072,False,True
1,500,7,2,student_t + skew_normal,1932.6403672830377,False,False
1,500,8,2,skew_normal + skew_normal,1936.0294057193862,False,False
1,500,9,2,skew_normal + student_t,1937.2925967533242,False,False
1,500,10,3,gaussian + gaussian + gaussian,1956.5947615065825,False,False
1,1000,1,2,student_t + gaussian,3800.240981120665,True,True
1,1000,2,2,student_t + skew_normal,3807.1493036971056,False,False
1,1000,3,2,student_t + student_t,3807.1624996675496,False,True
1,1000,4,2,gaussian + gaussian,3812.568891277818,False,False
1,1000,5,2,gaussian + student_t,3819.404936772635,True,True
1,1000,6,2,skew_normal + gaussian,3819.476698675349,False,False
1,1000,7,2,gaussian + skew_normal,3819.477454886444,False,False
1,1000,8,2,skew_normal + student_t,3826.2582416023984,False,False
1,1000,9,2,skew_normal + skew_normal,3826.3852624862297,False,False
1,1000,10,3,student_t + gaussian + gaussian,3847.676051040129,False,False
1,1500,1,2,student_t + gaussian,5658.3511674309175,True,True
1,1500,2,2,student_t + student_t,5663.851749108901,False,True
1,1500,3,2,student_t + skew_normal,5665.664647643176,False,False
1,1500,4,2,gaussian + student_t,5692.465122271917,True,True
1,1500,5,2,skew_normal + student_t,5699.778714280416,False,False
1,1500,6,3,student_t + gaussian + gaussian,5707.961902218054,False,False
1,1500,7,3,student_t + student_t + gaussian,5711.271055773777,False,False
1,1500,8,3,student_t + gaussian + student_t,5713.943733411797,False,False
1,1500,9,3,student_t + student_t + student_t,5714.535526356621,False,False
1,1500,10,3,student_t + skew_normal + gaussian,5715.2744624163,False,False
2,500,1,2,lognormal + lognormal,1156.5848210453576,False,False
2,500,2,2,lognormal + gamma,1157.5016509792206,True,True
2,500,3,2,lognormal + inverse_gaussian,1164.8641057992263,False,False
2,500,4,2,inverse_gaussian + lognormal,1164.868198429237,False,False
2,500,5,3,lognormal + gamma + gamma,1172.6598455598403,False,False
2,500,6,3,inverse_gaussian + gamma + lognormal,1180.0670667078361,False,False
2,500,7,3,inverse_gaussian + lognormal + gamma,1180.0812434592638,False,False
2,500,8,2,gamma + inverse_gaussian,1186.2892588528016,False,False
2,500,9,3,lognormal + gamma + lognormal,1190.2857326994633,False,False
2,500,10,3,lognormal + lognormal + gamma,1190.3111998714853,False,False
2,1000,1,2,inverse_gaussian + lognormal,2123.6879973911696,False,False
2,1000,2,2,lognormal + inverse_gaussian,2123.6879973911696,False,False
2,1000,3,2,lognormal + lognormal,2124.1462415726314,False,False
2,1000,4,2,lognormal + gamma,2125.426410627034,True,True
2,1000,5,2,gamma + lognormal,2125.426410627034,True,True
2,1000,6,2,inverse_gaussian + gamma,2162.855195093904,False,False
2,1000,7,2,gamma + inverse_gaussian,2162.855617019362,False,False
2,1000,8,3,lognormal + lognormal + lognormal,2167.426977308631,False,False
2,1000,9,3,lognormal + lognormal + inverse_gaussian,2168.546378116951,False,False
2,1000,10,3,inverse_gaussian + lognormal + lognormal,2168.5463781381404,False,False
2,1500,1,2,gamma + lognormal,3309.0479437131385,True,True
2,1500,2,2,lognormal + lognormal,3314.4348053553745,False,False
2,1500,3,2,lognormal + inverse_gaussian,3347.6793824435345,False,False
2,1500,4,3,inverse_gaussian + gamma + lognormal,3358.182465173603,False,False
2,1500,5,3,lognormal + gamma + inverse_gaussian,3358.2110015313265,False,False
2,1500,6,3,gamma + inverse_gaussian + lognormal,3358.217790405792,False,False
2,1500,7,3,gamma + gamma + lognormal,3358.9341662798174,False,False
2,1500,8,3,lognormal + gamma + gamma,3359.10933031294,False,False
2,1500,9,3,lognormal + lognormal + inverse_gaussian,3363.0782684479104,False,False
2,1500,10,3,lognormal + inverse_gaussian + lognormal,3363.1047084730094,False,False
3,500,1,2,zip + poisson,2785.4117326755154,False,False
3,500,2,2,poisson + zip,2785.6175010794695,False,False
3,500,3,2,nb2 + zip,2790.759437755094,False,False
3,500,4,2,nb2 + nb2,2791.280030156575,False,True
3,500,5,2,zip + nb2,2791.518926828494,False,False
3,500,6,2,zip + zip,2791.729970321414,False,False
3,500,7,2,poisson + poisson,2797.251592254097,False,False
3,500,8,2,nb2 + poisson,2803.4615297419905,True,True
3,500,9,2,poisson + nb2,2803.486626523086,True,True
3,500,10,3,poisson + poisson + poisson,2806.9521640205144,False,False
3,1000,1,2,nb2 + nb2,5446.668833699928,False,True
3,1000,2,2,poisson + zip,5456.936536315185,False,False
3,1000,3,2,zip + poisson,5457.32922746358,False,False
3,1000,4,2,nb2 + zip,5461.56357425847,False,False
3,1000,5,2,zip + nb2,5461.623811924429,False,False
3,1000,6,2,zip + zip,5463.743548599427,False,False
3,1000,7,3,poisson + poisson + zip,5468.911147638839,False,False
3,1000,8,3,poisson + zip + poisson,5471.251060946151,False,False
3,1000,9,3,nb2 + poisson + zip,5473.814484719231,False,False
3,1000,10,3,nb2 + zip + poisson,5473.819838470343,False,False
3,1500,1,2,nb2 + nb2,8232.57845851189,False,True
3,1500,2,3,nb2 + nb2 + poisson,8273.844729433767,False,False
3,1500,3,3,zip + poisson + zip,8276.829544474705,False,False
3,1500,4,3,poisson + nb2 + nb2,8277.00949119002,False,False
3,1500,5,3,zip + nb2 + zip,8278.591275359424,False,False
3,1500,6,3,nb2 + zip + nb2,8279.221090367013,False,False
3,1500,7,3,nb2 + nb2 + nb2,8279.709698179107,False,False
3,1500,8,3,nb2 + poisson + nb2,8280.667668048349,False,False
3,1500,9,3,nb2 + nb2 + zip,8281.470387165296,False,False
3,1500,10,3,zip + nb2 + nb2,8283.300569877227,False,False
4,500,1,2,zip + poisson,2494.479267691988,True,True
4,500,2,2,poisson + zip,2494.658461692317,True,True
4,500,3,2,nb2 + zip,2499.866729413947,False,False
4,500,4,2,nb2 + nb2,2505.291625111261,False,False
4,500,5,2,zip + zip,2505.766536203044,False,True
4,500,6,3,poisson + poisson + poisson,2516.9209029356875,False,False
4,500,7,3,zip + poisson + poisson,2520.4870711040126,False,False
4,500,8,2,zip + nb2,2521.5392848306446,False,False
4,500,9,3,poisson + nb2 + poisson,2521.77763069275,False,False
4,500,10,3,nb2 + poisson + poisson,2524.918691574049,False,False
4,1000,1,2,zip + poisson,5051.853831022456,True,True
4,1000,2,2,poisson + zip,5052.048537072028,True,True
4,1000,3,2,nb2 + zip,5058.628898196791,False,False
4,1000,4,2,zip + nb2,5058.666922727097,False,False
4,1000,5,2,zip + zip,5058.707288130763,False,True
4,1000,6,3,poisson + poisson + poisson,5084.972414838991,False,False
4,1000,7,3,poisson + poisson + nb2,5088.292237232687,False,False
4,1000,8,3,nb2 + nb2 + poisson,5088.54984392422,False,False
4,1000,9,3,nb2 + poisson + poisson,5090.305536125654,False,False
4,1000,10,3,poisson + poisson + zip,5090.396808833979,False,False
4,1500,1,2,zip + poisson,7367.598803881151,True,True
4,1500,2,2,poisson + zip,7367.847381167664,True,True
4,1500,3,2,nb2 + zip,7373.140697920045,False,False
4,1500,4,2,zip + nb2,7374.768972609887,False,False
4,1500,5,2,zip + zip,7374.8390660637815,False,True
4,1500,6,3,nb2 + poisson + poisson,7394.430639596466,False,False
4,1500,7,3,poisson + nb2 + poisson,7397.134229041279,False,False
4,1500,8,3,nb2 + poisson + nb2,7403.879527672004,False,False
4,1500,9,3,nb2 + nb2 + poisson,7409.674768899798,False,False
4,1500,10,3,poisson + poisson + nb2,7409.703035674979,False,False
1,500,1,2,student_t + gaussian,1934.1472699797057,True,True
1,500,2,2,student_t + student_t,1939.97051209229,False,True
1,500,3,2,student_t + skew_normal,1940.3616207156892,False,False
1,500,4,2,gaussian + student_t,1950.3958520019896,True,True
1,500,5,2,skew_normal + student_t,1956.6101311506654,False,False
1,500,6,2,gaussian + gaussian,1965.8443854078969,False,False
1,500,7,3,student_t + gaussian + gaussian,1971.985599741456,False,False
1,500,8,2,skew_normal + gaussian,1972.0588757278858,False,False
1,500,9,2,gaussian + skew_normal,1972.0595388371999,False,False
1,500,10,3,student_t + gaussian + student_t,1975.897949186452,False,False
1,1000,1,2,student_t + gaussian,3803.4780572549403,True,True
1,1000,2,2,student_t + student_t,3810.318470504259,False,True
1,1000,3,2,student_t + skew_normal,3810.3852490113736,False,False
1,1000,4,2,gaussian + student_t,3816.5518456166687,True,True
1,1000,5,2,gaussian + gaussian,3822.379030464582,False,False
1,1000,6,2,skew_normal + student_t,3823.459273605585,False,False
1,1000,7,2,gaussian + skew_normal,3829.2860187224182,False,False
1,1000,8,2,skew_normal + gaussian,3829.286508323034,False,False
1,1000,9,2,skew_normal + skew_normal,3836.193495929564,False,False
1,1000,10,3,student_t + gaussian + gaussian,3836.6036486894636,False,False
1,1500,1,2,student_t + gaussian,5626.447206918974,True,True
1,1500,2,2,student_t + student_t,5630.861870986511,False,True
1,1500,3,2,student_t + skew_normal,5633.76068375435,False,False
1,1500,4,2,gaussian + student_t,5642.184198860625,True,True
1,1500,5,2,gaussian + gaussian,5644.04486331042,False,False
1,1500,6,2,skew_normal + student_t,5649.49697312649,False,False
1,1500,7,2,skew_normal + gaussian,5651.358361640789,False,False
1,1500,8,2,gaussian + skew_normal,5651.358431098116,False,False
1,1500,9,2,skew_normal + skew_normal,5658.671929491834,False,False
1,1500,10,3,student_t + gaussian + gaussian,5677.968106173188,False,False
2,500,1,2,lognormal + lognormal,1179.8471495445763,False,False
2,500,2,2,lognormal + gamma,1180.5483769105606,True,True
2,500,3,2,gamma + lognormal,1180.552024353751,True,True
2,500,4,2,lognormal + inverse_gaussian,1190.4935283124069,False,False
2,500,5,2,inverse_gaussian + lognormal,1190.5310791232664,False,False
2,500,6,2,inverse_gaussian + gamma,1190.6859985034787,False,False
2,500,7,2,gamma + inverse_gaussian,1190.6859985034787,False,False
2,500,8,3,lognormal + inverse_gaussian + lognormal,1203.0714520005745,False,False
2,500,9,3,inverse_gaussian + lognormal + lognormal,1203.0714527642976,False,False
2,500,10,3,gamma + lognormal + inverse_gaussian,1207.925622514389,False,False
2,1000,1,2,lognormal + gamma,2370.519081020623,True,True
2,1000,2,2,lognormal + lognormal,2373.302477107519,False,False
2,1000,3,2,inverse_gaussian + lognormal,2385.562085212416,False,False
2,1000,4,2,lognormal + inverse_gaussian,2385.562085212416,False,False
2,1000,5,2,inverse_gaussian + gamma,2406.9556266272884,False,False
2,1000,6,2,gamma + inverse_gaussian,2406.9556266272884,False,False
2,1000,7,3,lognormal + lognormal + inverse_gaussian,2417.5586165819605,False,False
2,1000,8,3,lognormal + inverse_gaussian + lognormal,2417.5718213884484,False,False
2,1000,9,3,inverse_gaussian + lognormal + lognormal,2417.571821832773,False,False
2,1000,10,3,lognormal + gamma + lognormal,2417.6801797926037,False,False
2,1500,1,2,lognormal + gamma,3222.3598813962285,True,True
2,1500,2,2,lognormal + lognormal,3222.416621512093,False,False
2,1500,3,2,inverse_gaussian + lognormal,3252.429402998665,False,False
2,1500,4,2,lognormal + inverse_gaussian,3252.429402998665,False,False
2,1500,5,3,gamma + gamma + lognormal,3266.5085820491354,False,False
2,1500,6,3,lognormal + gamma + gamma,3266.5999264412562,False,False
2,1500,7,3,inverse_gaussian + lognormal + lognormal,3271.1313085958623,False,False
2,1500,8,3,lognormal + inverse_gaussian + lognormal,3271.1315757719995,False,False
2,1500,9,3,gamma + lognormal + inverse_gaussian,3271.605854904982,False,False
2,1500,10,3,inverse_gaussian + gamma + lognormal,3271.728491289662,False,False
3,500,1,2,nb2 + nb2,2764.0109395568543,False,True
3,500,2,2,zip + poisson,2764.909543030946,False,False
3,500,3,2,poisson + zip,2765.124956553176,False,False
3,500,4,2,zip + nb2,2770.6974242673996,False,False
3,500,5,2,zip + zip,2771.292524115607,False,False
3,500,6,2,nb2 + zip,2771.3218487414906,False,False
3,500,7,2,poisson + poisson,2778.9766890858364,False,False
3,500,8,2,poisson + nb2,2784.9632454064663,True,True
3,500,9,2,nb2 + poisson,2785.101571336081,True,True
3,500,10,3,poisson + poisson + poisson,2790.3811108341183,False,False
3,1000,1,2,nb2 + nb2,5408.578517268478,False,True
3,1000,2,3,nb2 + nb2 + poisson,5447.729174345104,False,False
3,1000,3,3,poisson + nb2 + nb2,5448.988511361304,False,False
3,1000,4,3,nb2 + nb2 + nb2,5450.201350167804,False,False
3,1000,5,3,nb2 + nb2 + zip,5450.368480111288,False,False
3,1000,6,3,nb2 + zip + nb2,5450.871259904903,False,False
3,1000,7,3,zip + nb2 + nb2,5450.905892645351,False,False
3,1000,8,3,nb2 + poisson + nb2,5451.1005092149535,False,False
3,1000,9,3,poisson + zip + poisson,5451.340632929003,False,False
3,1000,10,3,poisson + nb2 + zip,5452.070619595687,False,False
3,1500,1,2,nb2 + nb2,8191.87210432806,False,True
3,1500,2,2,poisson + zip,8203.163106595843,False,False
3,1500,3,2,zip + poisson,8203.235118832918,False,False
3,1500,4,2,nb2 + zip,8207.591070942572,False,False
3,1500,5,2,zip + zip,8210.455599255856,False,False
3,1500,6,2,zip + nb2,8210.468236889634,False,False
3,1500,7,3,poisson + zip + nb2,8226.36421446961,False,False
3,1500,8,3,zip + poisson + nb2,8227.271031942302,False,False
3,1500,9,3,poisson + nb2 + zip,8228.386643436264,False,False
3,1500,10,3,nb2 + zip + poisson,8228.983080063135,False,False
4,500,1,2,poisson + zip,2493.6267144024896,True,True
4,500,2,2,zip + poisson,2493.74819790503,True,True
4,500,3,2,nb2 + zip,2499.844662768767,False,False
4,500,4,2,zip + zip,2499.885200932479,False,True
4,500,5,2,zip + nb2,2499.885872657357,False,False
4,500,6,3,poisson + nb2 + poisson,2519.8838848445266,False,False
4,500,7,3,nb2 + poisson + poisson,2521.0343939747695,False,False
4,500,8,3,nb2 + poisson + zip,2524.88080397423,False,False
4,500,9,2,nb2 + nb2,2526.171110986097,False,False
4,500,10,3,nb2 + poisson + nb2,2526.5925520652863,False,False
4,1000,1,2,poisson + zip,4850.371236597229,True,True
4,1000,2,2,zip + poisson,4850.381634542214,True,True
4,1000,3,2,nb2 + zip,4855.163164717423,False,False
4,1000,4,2,zip + nb2,4855.246412149527,False,False
4,1000,5,2,zip + zip,4857.25926485278,False,True
4,1000,6,3,poisson + poisson + nb2,4883.258290209002,False,False
4,1000,7,3,poisson + poisson + poisson,4884.467542492582,False,False
4,1000,8,3,nb2 + poisson + poisson,4889.005415286272,False,False
4,1000,9,3,nb2 + poisson + nb2,4890.255721861948,False,False
4,1000,10,3,zip + poisson + nb2,4890.98763950488,False,False
4,1500,1,2,zip + poisson,7282.309003663243,True,True
4,1500,2,2,poisson + zip,7282.397895275191,True,True
4,1500,3,2,zip + nb2,7289.254752547213,False,False
4,1500,4,2,nb2 + zip,7289.696973564787,False,False
4,1500,5,2,zip + zip,7289.756657087393,False,True
4,1500,6,3,poisson + poisson + nb2,7314.991611262322,False,False
4,1500,7,3,poisson + nb2 + poisson,7316.337338237737,False,False
4,1500,8,3,poisson + poisson + poisson,7318.111766635769,False,False
4,1500,9,3,nb2 + nb2 + poisson,7318.231665509836,False,False
4,1500,10,3,nb2 + poisson + nb2,7319.614527327775,False,False
1,500,1,2,student_t + gaussian,1908.156093428324,True,True
1,500,2,2,student_t + student_t,1914.347609723492,False,True
1,500,3,2,student_t + skew_normal,1914.3706921634591,False,False
1,500,4,2,gaussian + student_t,1918.5019776277902,True,True
1,500,5,2,skew_normal + student_t,1924.7168699431868,False,False
1,500,6,2,gaussian + gaussian,1931.0194072786114,False,False
1,500,7,2,skew_normal + gaussian,1937.2338470918787,False,False
1,500,8,2,gaussian + skew_normal,1937.2340743586533,False,False
1,500,9,3,student_t + gaussian + gaussian,1941.4896484582625,False,False
1,500,10,3,gaussian + student_t + gaussian,1942.1926335617416,False,False
1,1000,1,2,student_t + gaussian,3705.896448344934,True,True
1,1000,2,2,student_t + student_t,3712.7547952793607,False,True
1,1000,3,2,student_t + skew_normal,3712.800931591927,False,False
1,1000,4,2,gaussian + student_t,3719.961240388212,True,True
1,1000,5,2,skew_normal + student_t,3726.8701056021414,False,False
1,1000,6,2,gaussian + gaussian,3728.8368793740133,False,False
1,1000,7,2,gaussian + skew_normal,3735.743527044693,False,False
1,1000,8,2,skew_normal + gaussian,3735.7445326687357,False,False
1,1000,9,3,student_t + gaussian + gaussian,3739.0058812585103,False,False
1,1000,10,2,skew_normal + skew_normal,3742.6511817731202,False,False
1,1500,1,2,student_t + gaussian,5680.275391569533,True,True
1,1500,2,2,student_t + skew_normal,5687.58835172328,False,False
1,1500,3,2,student_t + student_t,5687.642172619836,False,True
1,1500,4,3,student_t + gaussian + gaussian,5730.750507298574,False,False
1,1500,5,2,gaussian + student_t,5733.030255728994,True,True
1,1500,6,3,student_t + student_t + gaussian,5737.929717599046,False,False
1,1500,7,3,student_t + gaussian + student_t,5737.946958654672,False,False
1,1500,8,3,student_t + skew_normal + gaussian,5738.062061391055,False,False
1,1500,9,3,student_t + gaussian + skew_normal,5738.063801681773,False,False
1,1500,10,2,skew_normal + student_t,5740.343915089214,False,False
2,500,1,2,inverse_gaussian + gamma,1065.8319055131378,False,False
2,500,2,2,gamma + inverse_gaussian,1065.8319055131378,False,False
2,500,3,2,inverse_gaussian + lognormal,1066.9350744607846,False,False
2,500,4,2,lognormal + inverse_gaussian,1066.9362977859996,False,False
2,500,5,2,lognormal + gamma,1067.0792881604648,True,True
2,500,6,2,gamma + lognormal,1067.0792881604648,True,True
2,500,7,2,inverse_gaussian + inverse_gaussian,1067.629089506326,False,False
2,500,8,2,lognormal + lognormal,1067.668254915028,False,False
2,500,9,3,inverse_gaussian + inverse_gaussian + lognormal,1097.3185731023148,False,False
2,500,10,3,inverse_gaussian + lognormal + inverse_gaussian,1097.4297535856263,False,False
2,1000,1,2,lognormal + gamma,2311.0855303578346,True,True
2,1000,2,2,gamma + lognormal,2311.0855303578346,True,True
2,1000,3,2,lognormal + lognormal,2316.342661298934,False,False
2,1000,4,2,inverse_gaussian + lognormal,2336.319949604656,False,False
2,1000,5,2,gamma + inverse_gaussian,2354.0264354267874,False,False
2,1000,6,3,gamma + lognormal + lognormal,2355.8808301498293,False,False
2,1000,7,3,lognormal + lognormal + gamma,2355.88083221278,False,False
2,1000,8,3,inverse_gaussian + gamma + lognormal,2356.4919689947337,False,False
2,1000,9,3,gamma + lognormal + inverse_gaussian,2356.4919765952277,False,False
2,1000,10,3,lognormal + gamma + gamma,2356.8415358376988,False,False
2,1500,1,2,lognormal + gamma,3463.9878822990654,True,True
2,1500,2,2,gamma + lognormal,3463.9878822990654,True,True
2,1500,3,2,lognormal + lognormal,3465.878926668719,False,False
2,1500,4,2,inverse_gaussian + lognormal,3474.830480512978,False,False
2,1500,5,2,lognormal + inverse_gaussian,3474.830480512978,False,False
2,1500,6,3,lognormal + lognormal + gamma,3501.7622459378313,False,False
2,1500,7,3,lognormal + lognormal + lognormal,3503.7688586799845,False,False
2,1500,8,3,lognormal + gamma + gamma,3504.701073376818,False,False
2,1500,9,3,gamma + gamma + lognormal,3504.89192164574,False,False
2,1500,10,3,gamma + lognormal + gamma,3504.8919237981836,False,False
3,500,1,2,poisson + zip,2768.1168731231687,False,False
3,500,2,2,zip + poisson,2768.1437948379366,False,False
3,500,3,2,nb2 + nb2,2769.2645275503655,False,True
3,500,4,2,zip + nb2,2773.540850940043,False,False
3,500,5,2,nb2 + zip,2773.766568761832,False,False
3,500,6,2,zip + zip,2775.808941572869,False,False
3,500,7,3,zip + poisson + nb2,2778.63332366053,False,False
3,500,8,3,poisson + nb2 + poisson,2779.5028323256356,False,False
3,500,9,3,poisson + nb2 + zip,2779.5445756903246,False,False
3,500,10,3,nb2 + poisson + zip,2779.9818115070943,False,False
3,1000,1,2,nb2 + nb2,5467.884847475141,False,True
3,1000,2,2,poisson + zip,5472.200445952042,False,False
3,1000,3,2,zip + poisson,5472.325569902938,False,False
3,1000,4,2,nb2 + zip,5477.549297926501,False,False
3,1000,5,2,zip + nb2,5477.850458015909,False,False
3,1000,6,2,zip + zip,5479.396152008145,False,False
3,1000,7,3,zip + poisson + poisson,5496.767464771536,False,False
3,1000,8,3,poisson + zip + nb2,5497.715369273315,False,False
3,1000,9,3,poisson + poisson + poisson,5497.965224871596,False,False
3,1000,10,3,poisson + poisson + zip,5500.299146783663,False,False
3,1500,1,2,nb2 + nb2,8188.373118570832,False,True
3,1500,2,2,zip + poisson,8204.194106389014,False,False
3,1500,3,2,poisson + zip,8204.46076490792,False,False
3,1500,4,2,nb2 + zip,8209.42744722013,False,False
3,1500,5,2,zip + zip,8211.516994489946,False,False
3,1500,6,2,zip + nb2,8211.966415360843,False,False
3,1500,7,3,zip + nb2 + poisson,8221.242030841508,False,False
3,1500,8,3,nb2 + poisson + nb2,8222.176362350881,False,False
3,1500,9,3,poisson + nb2 + nb2,8224.149690568724,False,False
3,1500,10,3,zip + nb2 + nb2,8226.345009164781,False,False
4,500,1,2,zip + poisson,2518.4376966207888,True,True
4,500,2,2,poisson + zip,2518.4519911581338,True,True
4,500,3,2,nb2 + zip,2524.6030330804124,False,False
4,500,4,2,zip + zip,2524.650018281004,False,True
4,500,5,2,zip + nb2,2524.693559224861,False,False
4,500,6,3,poisson + poisson + poisson,2539.2285730722983,False,False
4,500,7,2,poisson + nb2,2542.844182664411,False,False
4,500,8,3,poisson + nb2 + poisson,2543.4625923732,False,False
4,500,9,2,nb2 + nb2,2547.882556367468,False,False
4,500,10,3,poisson + poisson + nb2,2549.414338845528,False,False
4,1000,1,2,poisson + zip,4887.900515781427,True,True
4,1000,2,2,zip + poisson,4887.928044966467,True,True
4,1000,3,2,zip + nb2,4892.693904407447,False,False
4,1000,4,2,nb2 + zip,4893.085643548922,False,False
4,1000,5,2,zip + zip,4894.686872480445,False,True
4,1000,6,3,poisson + zip + poisson,4921.399320008199,False,False
4,1000,7,3,nb2 + zip + poisson,4922.450497150457,False,False
4,1000,8,3,zip + nb2 + poisson,4922.916274868223,False,False
4,1000,9,3,zip + poisson + poisson,4923.02730233444,False,False
4,1000,10,3,poisson + poisson + poisson,4923.198434910948,False,False
4,1500,1,2,poisson + zip,7317.658651750348,True,True
4,1500,2,2,zip + poisson,7318.208703269784,True,True
4,1500,3,2,nb2 + zip,7321.977730995399,False,False
4,1500,4,2,zip + zip,7324.927088028449,False,True
4,1500,5,2,zip + nb2,7325.079404774081,False,False
4,1500,6,3,poisson + poisson + poisson,7351.544524583949,False,False
4,1500,7,3,nb2 + poisson + poisson,7355.097676852812,False,False
4,1500,8,3,poisson + nb2 + poisson,7355.3311527834285,False,False
4,1500,9,3,poisson + zip + poisson,7357.299782539579,False,False
4,1500,10,3,poisson + poisson + nb2,7357.752038872307,False,False
1,500,1,2,student_t + gaussian,1947.9657533367936,True,True
1,500,2,2,student_t + skew_normal,1954.1803817042241,False,False
1,500,3,2,student_t + student_t,1954.2206660727595,False,True
1,500,4,2,gaussian + student_t,1962.2478392794667,True,True
1,500,5,2,gaussian + gaussian,1967.25925270266,False,False
1,500,6,2,skew_normal + student_t,1968.4625366003547,False,False
1,500,7,2,gaussian + skew_normal,1973.4734863700062,False,False
1,500,8,2,skew_normal + gaussian,1973.473874369942,False,False
1,500,9,2,skew_normal + skew_normal,1979.6881074674438,False,False
1,500,10,3,student_t + gaussian + student_t,1984.1983977479363,False,False
1,1000,1,2,student_t + gaussian,3747.3439476908125,True,True
1,1000,2,2,student_t + student_t,3752.446394628761,False,True
1,1000,3,2,student_t + skew_normal,3754.2505414964753,False,False
1,1000,4,2,gaussian + gaussian,3760.6024258519033,False,False
1,1000,5,2,gaussian + student_t,3764.2296111680976,True,True
1,1000,6,2,gaussian + skew_normal,3767.5098270642784,False,False
1,1000,7,2,skew_normal + gaussian,3767.5103004601747,False,False
1,1000,8,2,skew_normal + student_t,3771.1351598780534,False,False
1,1000,9,2,skew_normal + skew_normal,3774.4177026235393,False,False
1,1000,10,3,student_t + gaussian + gaussian,3785.481980206361,False,False
1,1500,1,2,student_t + gaussian,5609.647820670531,True,True
1,1500,2,2,student_t + student_t,5615.983531228312,False,True
1,1500,3,2,student_t + skew_normal,5616.961088190634,False,False
1,1500,4,2,gaussian + student_t,5622.006037693277,True,True
1,1500,5,2,skew_normal + student_t,5629.319348885085,False,False
1,1500,6,3,student_t + gaussian + gaussian,5656.98579228562,False,False
1,1500,7,3,gaussian + student_t + gaussian,5660.3825421903675,False,False
1,1500,8,3,student_t + gaussian + student_t,5662.797025098154,False,False
1,1500,9,3,student_t + student_t + gaussian,5663.183843379206,False,False
1,1500,10,3,gaussian + student_t + student_t,5664.105412539166,False,False
2,500,1,2,lognormal + gamma,953.2858572378209,True,True
2,500,2,2,gamma + lognormal,953.2858572378209,True,True
2,500,3,2,lognormal + lognormal,954.373953557177,False,False
2,500,4,2,lognormal + inverse_gaussian,960.4642250491567,False,False
2,500,5,2,gamma + gamma,966.4608639969883,False,False
2,500,6,2,inverse_gaussian + gamma,970.5263975691759,False,False
2,500,7,2,gamma + inverse_gaussian,970.5263975691759,False,False
2,500,8,2,inverse_gaussian + lognormal,978.8687590444715,False,False
2,500,9,2,inverse_gaussian + inverse_gaussian,985.1297914286649,False,False
2,500,10,3,inverse_gaussian + lognormal + gamma,986.059265902932,False,False
2,1000,1,2,lognormal + gamma,2193.122561475917,True,True
2,1000,2,2,gamma + lognormal,2193.122561475917,True,True
2,1000,3,2,lognormal + lognormal,2198.7489282361094,False,False
2,1000,4,2,inverse_gaussian + lognormal,2208.5906825280017,False,False
2,1000,5,2,gamma + inverse_gaussian,2213.804995261664,False,False
2,1000,6,2,lognormal + inverse_gaussian,2220.515707138026,False,False
2,1000,7,2,gamma + gamma,2223.2099736602827,False,False
2,1000,8,2,inverse_gaussian + inverse_gaussian,2229.460079336538,False,False
2,1000,9,2,inverse_gaussian + gamma,2232.899807372269,False,False
2,1000,10,3,lognormal + gamma + lognormal,2233.2217680475446,False,False
2,1500,1,2,lognormal + gamma,3405.9222924865107,True,True
2,1500,2,2,gamma + lognormal,3405.9222924865107,True,True
2,1500,3,2,lognormal + lognormal,3413.63869473785,False,False
2,1500,4,2,inverse_gaussian + lognormal,3422.868289570221,False,False
2,1500,5,3,lognormal + gamma + gamma,3446.870096508212,False,False
2,1500,6,3,gamma + lognormal + gamma,3447.005895140041,False,False
2,1500,7,3,gamma + gamma + inverse_gaussian,3447.7111953337903,False,False
2,1500,8,3,inverse_gaussian + gamma + gamma,3447.934884166428,False,False
2,1500,9,3,lognormal + gamma + lognormal,3448.2393480012142,False,False
2,1500,10,3,gamma + lognormal + lognormal,3448.3176012907584,False,False
3,500,1,2,nb2 + nb2,2830.618756133994,False,True
3,500,2,2,poisson + zip,2841.6634580503915,False,False
3,500,3,2,zip + poisson,2841.8255737933764,False,False
3,500,4,2,zip + nb2,2845.441564069901,False,False
3,500,5,2,nb2 + zip,2845.4823742652334,False,False
3,500,6,3,poisson + poisson + nb2,2845.8403464348435,False,False
3,500,7,3,poisson + poisson + poisson,2847.691663435738,False,False
3,500,8,2,zip + zip,2847.914408054592,False,False
3,500,9,3,nb2 + poisson + poisson,2848.713751247835,False,False
3,500,10,3,nb2 + poisson + zip,2848.750496570221,False,False
3,1000,1,2,zip + poisson,5389.031565798145,False,False
3,1000,2,2,poisson + zip,5389.247723728568,False,False
3,1000,3,2,nb2 + nb2,5389.306431410546,False,True
3,1000,4,2,nb2 + zip,5395.465821600089,False,False
3,1000,5,2,zip + zip,5395.853355138429,False,False
3,1000,6,2,zip + nb2,5397.844958326256,False,False
3,1000,7,2,poisson + poisson,5411.736611499071,False,False
3,1000,8,3,zip + poisson + poisson,5416.241106091361,False,False
3,1000,9,3,poisson + poisson + nb2,5417.43030538935,False,False
3,1000,10,2,nb2 + poisson,5418.46539746686,True,True
3,1500,1,2,nb2 + nb2,8183.071552066818,False,True
3,1500,2,3,nb2 + zip + poisson,8219.147166300801,False,False
3,1500,3,3,poisson + poisson + poisson,8220.972877038039,False,False
3,1500,4,2,poisson + zip,8220.983863402509,False,False
3,1500,5,2,zip + poisson,8221.109502126224,False,False
3,1500,6,3,nb2 + poisson + nb2,8221.359200194922,False,False
3,1500,7,3,poisson + zip + nb2,8221.61021283511,False,False
3,1500,8,3,nb2 + nb2 + poisson,8221.85004716664,False,False
3,1500,9,3,poisson + nb2 + zip,8222.106466990195,False,False
3,1500,10,3,poisson + nb2 + nb2,8222.261869140895,False,False
4,500,1,2,zip + poisson,2455.078428858685,True,True
4,500,2,2,poisson + zip,2455.253069458541,True,True
4,500,3,2,nb2 + zip,2460.125047473215,False,False
4,500,4,2,zip + zip,2461.203021032871,False,True
4,500,5,2,zip + nb2,2461.338334808076,False,False
4,500,6,3,poisson + poisson + nb2,2483.735343360353,False,False
4,500,7,3,poisson + poisson + zip,2484.4853372956327,False,False
4,500,8,3,nb2 + poisson + poisson,2487.7748565184525,False,False
4,500,9,3,poisson + nb2 + poisson,2488.604355730748,False,False
4,500,10,2,nb2 + nb2,2488.8874391344925,False,False
4,1000,1,2,zip + poisson,4903.878370021792,True,True
4,1000,2,2,poisson + zip,4903.899290195567,True,True
4,1000,3,2,zip + zip,4911.11917082999,False,True
4,1000,4,2,nb2 + nb2,4919.384548092566,False,False
4,1000,5,2,nb2 + zip,4919.639461795607,False,False
4,1000,6,2,zip + nb2,4919.851971754734,False,False
4,1000,7,3,nb2 + nb2 + poisson,4932.091747815909,False,False
4,1000,8,3,poisson + zip + poisson,4937.38608886319,False,False
4,1000,9,3,poisson + poisson + zip,4939.702010229317,False,False
4,1000,10,3,zip + poisson + poisson,4941.800080929028,False,False
4,1500,1,2,zip + poisson,7524.429054701622,True,True
4,1500,2,2,poisson + zip,7524.512014890449,True,True
4,1500,3,2,zip + nb2,7530.36157429897,False,False
4,1500,4,2,nb2 + zip,7530.641316877311,False,False
4,1500,5,2,zip + zip,7531.859015124004,False,True
4,1500,6,3,poisson + poisson + poisson,7550.271803891637,False,False
4,1500,7,3,poisson + poisson + zip,7554.518408971407,False,False
4,1500,8,3,poisson + zip + poisson,7555.550140780541,False,False
4,1500,9,3,poisson + nb2 + poisson,7557.593081680565,False,False
4,1500,10,3,zip + poisson + poisson,7560.387555066248,False,False
1,500,1,2,student_t + gaussian,1904.402806978708,True,True
1,500,2,2,student_t + student_t,1907.3745654004852,False,True
1,500,3,2,gaussian + student_t,1907.553939090859,True,True
1,500,4,2,gaussian + gaussian,1910.3895993630554,False,False
1,500,5,2,student_t + skew_normal,1910.6174670964747,False,False
1,500,6,2,skew_normal + student_t,1913.7681968602255,False,False
1,500,7,2,skew_normal + gaussian,1916.6039585776562,False,False
1,500,8,2,gaussian + skew_normal,1916.6045658642067,False,False
1,500,9,2,skew_normal + skew_normal,1922.8189252740315,False,False
1,500,10,3,gaussian + gaussian + gaussian,1942.0110033687024,False,False
1,1000,1,2,student_t + gaussian,3653.2790646403023,True,True
1,1000,2,2,student_t + skew_normal,3660.1866570636,False,False
1,1000,3,2,student_t + student_t,3660.230527673538,False,True
1,1000,4,2,gaussian + student_t,3667.950631523712,True,True
1,1000,5,2,skew_normal + student_t,3674.858414341225,False,False
1,1000,6,3,student_t + gaussian + gaussian,3698.0797540031085,False,False
1,1000,7,2,gaussian + gaussian,3703.648012740683,False,False
1,1000,8,3,student_t + gaussian + student_t,3704.3726144479565,False,False
1,1000,9,3,student_t + skew_normal + gaussian,3704.9873567704876,False,False
1,1000,10,3,student_t + gaussian + skew_normal,3704.987908772956,False,False
1,1500,1,2,student_t + gaussian,5704.0610120702195,True,True
1,1500,2,2,student_t + student_t,5709.085216961215,False,True
1,1500,3,2,student_t + skew_normal,5711.374162314767,False,False
1,1500,4,2,gaussian + student_t,5734.645513451119,True,True
1,1500,5,2,skew_normal + student_t,5741.958771319414,False,False
1,1500,6,2,gaussian + gaussian,5751.476465604996,False,False
1,1500,7,3,student_t + gaussian + gaussian,5752.5264554151645,False,False
1,1500,8,3,student_t + gaussian + student_t,5755.408693036454,False,False
1,1500,9,2,skew_normal + gaussian,5758.78892041342,False,False
1,1500,10,2,gaussian + skew_normal,5758.789435789645,False,False
2,500,1,2,inverse_gaussian + lognormal,1312.0270898457304,False,False
2,500,2,2,lognormal + gamma,1315.0208761645015,True,True
2,500,3,2,gamma + lognormal,1315.0217421165999,True,True
2,500,4,2,lognormal + lognormal,1315.0525621084125,False,False
2,500,5,2,inverse_gaussian + inverse_gaussian,1339.7470839657537,False,False
2,500,6,2,gamma + inverse_gaussian,1340.839944559678,False,False
2,500,7,2,inverse_gaussian + gamma,1341.7358874050185,False,False
2,500,8,2,lognormal + inverse_gaussian,1342.1516967811654,False,False
2,500,9,2,gamma + gamma,1346.3677525426258,False,False
2,500,10,3,lognormal + inverse_gaussian + lognormal,1348.2380168305224,False,False
2,1000,1,2,lognormal + gamma,2421.978570926619,True,True
2,1000,2,2,gamma + lognormal,2421.978570926619,True,True
2,1000,3,2,lognormal + lognormal,2426.7678381268674,False,False
2,1000,4,2,inverse_gaussian + gamma,2440.221643321444,False,False
2,1000,5,2,inverse_gaussian + lognormal,2444.344979420605,False,False
2,1000,6,2,lognormal + inverse_gaussian,2444.344979420605,False,False
2,1000,7,3,gamma + lognormal + lognormal,2461.883250116759,False,False
2,1000,8,3,lognormal + gamma + lognormal,2461.883250396494,False,False
2,1000,9,2,inverse_gaussian + inverse_gaussian,2462.993863078018,False,False
2,1000,10,3,inverse_gaussian + gamma + lognormal,2464.1015428368723,False,False
2,1500,1,2,lognormal + gamma,3251.8137707103488,True,True
2,1500,2,2,gamma + lognormal,3251.8137707103488,True,True
2,1500,3,2,lognormal + lognormal,3256.4674911710426,False,False
2,1500,4,2,lognormal + inverse_gaussian,3256.848739757225,False,False
2,1500,5,3,lognormal + gamma + lognormal,3300.7182299266055,False,False
2,1500,6,3,gamma + lognormal + lognormal,3300.8019571209566,False,False
2,1500,7,3,lognormal + lognormal + gamma,3301.0273453518334,False,False
2,1500,8,3,gamma + lognormal + inverse_gaussian,3302.7257501037643,False,False
2,1500,9,3,gamma + inverse_gaussian + lognormal,3302.8136792019536,False,False
2,1500,10,3,inverse_gaussian + lognormal + gamma,3302.9561954031938,False,False
3,500,1,2,nb2 + nb2,2737.616540408859,False,True
3,500,2,2,zip + poisson,2743.118545628162,False,False
3,500,3,2,poisson + zip,2743.1645487608857,False,False
3,500,4,2,nb2 + zip,2748.646589626381,False,False
3,500,5,2,zip + nb2,2748.906116721858,False,False
3,500,6,2,zip + zip,2749.4787685882347,False,False
3,500,7,2,poisson + poisson,2762.157762406194,False,False
3,500,8,2,poisson + nb2,2765.0339927858886,True,True
3,500,9,2,nb2 + poisson,2765.0420290819975,True,True
3,500,10,3,zip + poisson + poisson,2767.9536007033544,False,False
3,1000,1,2,nb2 + nb2,5508.2267237030765,False,True
3,1000,2,2,zip + poisson,5514.142876915862,False,False
3,1000,3,2,poisson + zip,5514.172704417112,False,False
3,1000,4,2,nb2 + zip,5516.4594891678835,False,False
3,1000,5,2,zip + nb2,5516.763493523154,False,False
3,1000,6,2,zip + zip,5521.013359012083,False,False
3,1000,7,3,poisson + zip + poisson,5526.230568680536,False,False
3,1000,8,3,zip + poisson + poisson,5528.18961548016,False,False
3,1000,9,3,nb2 + poisson + zip,5533.677977119898,False,False
3,1000,10,3,zip + poisson + nb2,5533.798744079229,False,False
3,1500,1,2,nb2 + nb2,8139.553582966412,False,True
3,1500,2,2,zip + poisson,8158.19844956695,False,False
3,1500,3,2,poisson + zip,8158.403657639558,False,False
3,1500,4,2,nb2 + zip,8162.898484117468,False,False
3,1500,5,2,zip + nb2,8163.14739345441,False,False
3,1500,6,2,zip + zip,8165.354557005718,False,False
3,1500,7,3,nb2 + nb2 + poisson,8176.837387330333,False,False
3,1500,8,3,zip + poisson + poisson,8177.294087884839,False,False
3,1500,9,3,nb2 + poisson + nb2,8177.352715207534,False,False
3,1500,10,3,nb2 + poisson + poisson,8178.102321475236,False,False
4,500,1,2,poisson + zip,2415.3882086365993,True,True
4,500,2,2,zip + poisson,2415.531992042964,True,True
4,500,3,2,nb2 + zip,2421.6298811331235,False,False
4,500,4,2,zip + zip,2421.686719948958,False,True
4,500,5,2,zip + nb2,2421.8132764697557,False,False
4,500,6,3,poisson + poisson + poisson,2435.1106302681983,False,False
4,500,7,3,poisson + poisson + nb2,2440.8503023627113,False,False
4,500,8,3,nb2 + poisson + poisson,2442.164430759685,False,False
4,500,9,3,nb2 + nb2 + poisson,2446.1553209159947,False,False
4,500,10,2,poisson + nb2,2446.1700456747576,False,False
4,1000,1,2,poisson + zip,4928.602855149721,True,True
4,1000,2,2,zip + poisson,4928.7435738968015,True,True
4,1000,3,2,zip + nb2,4935.3863148806295,False,False
4,1000,4,2,nb2 + zip,4935.441308869053,False,False
4,1000,5,2,zip + zip,4935.613177863335,False,True
4,1000,6,3,poisson + poisson + poisson,4958.594505683335,False,False
4,1000,7,3,nb2 + poisson + poisson,4961.172797949895,False,False
4,1000,8,3,poisson + poisson + nb2,4962.931828843637,False,False
4,1000,9,3,poisson + nb2 + poisson,4963.894189984652,False,False
4,1000,10,3,zip + poisson + poisson,4964.594907997425,False,False
4,1500,1,2,poisson + zip,7299.15437219935,True,True
4,1500,2,2,zip + poisson,7299.181009197113,True,True
4,1500,3,2,nb2 + zip,7306.034947563377,False,False
4,1500,4,2,zip + zip,7306.54427660237,False,True
4,1500,5,2,zip + nb2,7307.059505770504,False,False
4,1500,6,3,poisson + poisson + poisson,7331.463759371883,False,False
4,1500,7,3,poisson + nb2 + poisson,7338.2587865788155,False,False
4,1500,8,3,nb2 + poisson + poisson,7338.810631707275,False,False
4,1500,9,3,poisson + nb2 + nb2,7338.949750641,False,False
4,1500,10,3,nb2 + nb2 + poisson,7339.344431135419,False,False
1,500,1,2,student_t + gaussian,1920.3595849835633,True,True
1,500,2,2,student_t + student_t,1926.5468838146094,False,True
1,500,3,2,student_t + skew_normal,1926.5743425693909,False,False
1,500,4,2,gaussian + student_t,1930.6906138621944,True,True
1,500,5,2,skew_normal + student_t,1936.9050918576768,False,False
1,500,6,2,gaussian + gaussian,1951.2910762718727,False,False
1,500,7,2,skew_normal + gaussian,1957.505673193362,False,False
1,500,8,2,gaussian + skew_normal,1957.505757000055,False,False
1,500,9,3,gaussian + gaussian + student_t,1957.663459492232,False,False
1,500,10,3,student_t + gaussian + gaussian,1959.4745251811523,False,False
1,1000,1,2,student_t + gaussian,3771.816689802413,True,True
1,1000,2,2,student_t + student_t,3778.7164507552548,False,True
1,1000,3,2,student_t + skew_normal,3778.7234030192417,False,False
1,1000,4,3,student_t + gaussian + gaussian,3809.327000140158,False,False
1,1000,5,2,gaussian + student_t,3815.832169153637,True,True
1,1000,6,3,student_t + gaussian + student_t,3815.9309398362693,False,False
1,1000,7,3,student_t + student_t + gaussian,3815.946197813716,False,False
1,1000,8,3,student_t + gaussian + skew_normal,3816.2302113933774,False,False
1,1000,9,3,student_t + skew_normal + gaussian,3816.23411784506,False,False
1,1000,10,2,gaussian + gaussian,3817.136469177255,False,False
1,1500,1,2,student_t + gaussian,5724.586382147332,True,True
1,1500,2,2,student_t + student_t,5731.54953161732,False,True
1,1500,3,2,student_t + skew_normal,5731.899990949613,False,False
1,1500,4,2,gaussian + student_t,5750.4189636354695,True,True
1,1500,5,2,skew_normal + student_t,5757.731804265598,False,False
1,1500,6,3,gaussian + gaussian + gaussian,5762.591566543076,False,False
1,1500,7,3,gaussian + gaussian + skew_normal,5769.902317338574,False,False
1,1500,8,3,skew_normal + gaussian + gaussian,5769.906889810899,False,False
1,1500,9,3,gaussian + skew_normal + gaussian,5769.932302120991,False,False
1,1500,10,3,student_t + gaussian + gaussian,5773.201748027343,False,False
2,500,1,2,lognormal + lognormal,1342.934821698054,False,False
2,500,2,2,lognormal + gamma,1343.866165850033,True,True
2,500,3,2,inverse_gaussian + lognormal,1352.3063841515063,False,False
2,500,4,2,lognormal + inverse_gaussian,1352.3063841515063,False,False
2,500,5,2,gamma + lognormal,1362.0372831155485,True,True
2,500,6,2,gamma + gamma,1363.8880160259212,False,False
2,500,7,2,inverse_gaussian + gamma,1369.1504079857643,False,False
2,500,8,2,gamma + inverse_gaussian,1369.1504079857643,False,False
2,500,9,3,lognormal + gamma + lognormal,1380.4601899632876,False,False
2,500,10,3,gamma + lognormal + lognormal,1380.4601899632876,False,False
2,1000,1,2,lognormal + gamma,2165.297718422376,True,True
2,1000,2,2,gamma + lognormal,2165.297718422376,True,True
2,1000,3,2,lognormal + lognormal,2166.678203420297,False,False
2,1000,4,2,inverse_gaussian + lognormal,2171.340866008032,False,False
2,1000,5,2,inverse_gaussian + gamma,2202.3169875557487,False,False
2,1000,6,2,gamma + inverse_gaussian,2202.3169875557487,False,False
2,1000,7,2,lognormal + inverse_gaussian,2204.1066948005005,False,False
2,1000,8,2,inverse_gaussian + inverse_gaussian,2209.4282831402293,False,False
2,1000,9,3,lognormal + gamma + lognormal,2210.0975122598034,False,False
2,1000,10,3,lognormal + gamma + gamma,2211.1181141540173,False,False
2,1500,1,2,lognormal + gamma,3573.3986906457735,True,True
2,1500,2,2,gamma + lognormal,3573.3986906457735,True,True
2,1500,3,2,lognormal + lognormal,3576.600868737512,False,False
2,1500,4,2,inverse_gaussian + lognormal,3591.622256903385,False,False
2,1500,5,3,lognormal + inverse_gaussian + gamma,3620.7071506677225,False,False
2,1500,6,3,gamma + lognormal + lognormal,3621.8323940685927,False,False
2,1500,7,3,inverse_gaussian + lognormal + lognormal,3623.2463470092985,False,False
2,1500,8,3,gamma + gamma + lognormal,3624.1426973550383,False,False
2,1500,9,3,gamma + gamma + gamma,3624.768507596857,False,False
2,1500,10,3,lognormal + gamma + gamma,3625.1589778071293,False,False
3,500,1,2,poisson + zip,2796.852963381858,False,False
3,500,2,2,zip + poisson,2796.8577228881595,False,False
3,500,3,2,nb2 + zip,2802.6282828882822,False,False
3,500,4,2,zip + nb2,2802.629223714782,False,False
3,500,5,2,zip + zip,2802.981223628037,False,False
3,500,6,2,nb2 + nb2,2805.171259927816,False,True
3,500,7,3,poisson + poisson + nb2,2815.840610768202,False,False
3,500,8,3,poisson + nb2 + poisson,2816.1907450638614,False,False
3,500,9,3,nb2 + poisson + poisson,2816.534294153555,False,False
3,500,10,3,nb2 + nb2 + poisson,2822.1156758872903,False,False
3,1000,1,2,nb2 + nb2,5457.733265480599,False,True
3,1000,2,2,poisson + zip,5471.924094509651,False,False
3,1000,3,2,zip + poisson,5472.0089834766395,False,False
3,1000,4,2,zip + zip,5478.680826932844,False,False
3,1000,5,2,zip + nb2,5481.832703898784,False,False
3,1000,6,2,nb2 + zip,5482.3605588535565,False,False
3,1000,7,3,poisson + nb2 + poisson,5485.172813458027,False,False
3,1000,8,3,poisson + poisson + nb2,5485.707612797425,False,False
3,1000,9,3,nb2 + poisson + poisson,5485.750426255834,False,False
3,1000,10,3,poisson + zip + poisson,5487.518233329905,False,False
3,1500,1,2,nb2 + nb2,8235.610346082878,False,True
3,1500,2,2,poisson + zip,8252.234699766459,False,False
3,1500,3,2,zip + poisson,8252.289830863952,False,False
3,1500,4,2,zip + nb2,8257.75281463614,False,False
3,1500,5,2,nb2 + zip,8258.051242336238,False,False
3,1500,6,2,zip + zip,8258.921562378577,False,False
3,1500,7,3,zip + poisson + poisson,8271.821968105281,False,False
3,1500,8,3,poisson + zip + poisson,8273.076114466057,False,False
3,1500,9,3,zip + nb2 + poisson,8274.244198963683,False,False
3,1500,10,3,zip + poisson + nb2,8274.70347739268,False,False
4,500,1,2,zip + poisson,2501.4103565140053,True,True
4,500,2,2,poisson + zip,2501.5236851176905,True,True
4,500,3,2,nb2 + zip,2507.2709917420116,False,False
4,500,4,2,zip + nb2,2507.3058117909213,False,False
4,500,5,2,zip + zip,2507.544896420186,False,True
4,500,6,2,poisson + nb2,2526.230222961525,False,False
4,500,7,3,poisson + poisson + poisson,2527.5192876902806,False,False
4,500,8,3,poisson + poisson + nb2,2530.7587468207353,False,False
4,500,9,3,nb2 + poisson + poisson,2531.794797203286,False,False
4,500,10,2,nb2 + nb2,2532.0894261027697,False,False
4,1000,1,2,poisson + zip,4914.771341829896,True,True
4,1000,2,2,zip + poisson,4914.841397959868,True,True
4,1000,3,2,zip + nb2,4919.514684739139,False,False
4,1000,4,2,nb2 + zip,4919.858094238564,False,False
4,1000,5,2,zip + zip,4921.707583526008,False,True
4,1000,6,3,poisson + poisson + poisson,4946.979995526963,False,False
4,1000,7,3,nb2 + poisson + poisson,4948.842858572734,False,False
4,1000,8,3,poisson + nb2 + poisson,4949.005584049706,False,False
4,1000,9,3,poisson + poisson + nb2,4950.031076993743,False,False
4,1000,10,3,poisson + nb2 + nb2,4955.403533558543,False,False
4,1500,1,2,zip + poisson,7353.378038320757,True,True
4,1500,2,2,poisson + zip,7353.460711982924,True,True
4,1500,3,2,zip + nb2,7360.504452669554,False,False
4,1500,4,2,nb2 + zip,7360.545328542206,False,False
4,1500,5,2,zip + zip,7360.629882078376,False,True
4,1500,6,3,poisson + poisson + poisson,7388.403482289196,False,False
4,1500,7,3,nb2 + poisson + nb2,7389.745430697408,False,False
4,1500,8,3,poisson + nb2 + poisson,7390.52344196801,False,False
4,1500,9,3,poisson + zip + poisson,7391.081914816934,False,False
4,1500,10,3,nb2 + poisson + poisson,7391.364721890536,False,False
1,500,1,2,student_t + gaussian,1900.3644789599346,True,True
1,500,2,2,gaussian + gaussian,1905.9810218282885,False,False
1,500,3,2,student_t + student_t,1906.3865507597993,False,True
1,500,4,2,student_t + skew_normal,1906.5792345164296,False,False
1,500,5,2,gaussian + student_t,1907.063638245858,True,True
1,500,6,2,skew_normal + gaussian,1912.195529447287,False,False
1,500,7,2,gaussian + skew_normal,1912.195752876726,False,False
1,500,8,2,skew_normal + student_t,1913.277843716765,False,False
1,500,9,2,skew_normal + skew_normal,1918.4102603960066,False,False
1,500,10,3,student_t + gaussian + gaussian,1930.8501405938036,False,False
1,1000,1,2,gaussian + student_t,3719.171898420781,True,True
1,1000,2,2,student_t + student_t,3726.037039435151,False,True
1,1000,3,2,skew_normal + student_t,3726.079498018421,False,False
1,1000,4,2,student_t + gaussian,3731.9559861639523,True,True
1,1000,5,2,student_t + skew_normal,3738.8637696462783,False,False
1,1000,6,3,gaussian + student_t + gaussian,3756.2501427864636,False,False
1,1000,7,3,gaussian + gaussian + student_t,3759.807635805523,False,False
1,1000,8,3,student_t + student_t + gaussian,3762.654360966483,False,False
1,1000,9,3,skew_normal + student_t + gaussian,3763.1555063245723,False,False
1,1000,10,3,gaussian + student_t + skew_normal,3763.15732041691,False,False
1,1500,1,2,student_t + gaussian,5636.153816334469,True,True
1,1500,2,2,student_t + student_t,5643.323394652154,False,True
1,1500,3,2,student_t + skew_normal,5643.4667069090065,False,False
1,1500,4,2,gaussian + gaussian,5656.414070516774,False,False
1,1500,5,2,gaussian + student_t,5661.341544512611,True,True
1,1500,6,2,gaussian + skew_normal,5663.727188468399,False,False
1,1500,7,2,skew_normal + gaussian,5663.727507645586,False,False
1,1500,8,2,skew_normal + student_t,5668.654915048521,False,False
1,1500,9,2,skew_normal + skew_normal,5671.0406272506,False,False
1,1500,10,3,student_t + gaussian + gaussian,5679.7267389745175,False,False
2,500,1,2,lognormal + gamma,1192.3888572087499,True,True
2,500,2,2,gamma + lognormal,1192.3888572087499,True,True
2,500,3,2,lognormal + lognormal,1192.47174545141,False,False
2,500,4,2,inverse_gaussian + lognormal,1197.0128591948817,False,False
2,500,5,2,lognormal + inverse_gaussian,1208.355037923468,False,False
2,500,6,2,inverse_gaussian + gamma,1208.4044088537764,False,False
2,500,7,2,gamma + inverse_gaussian,1208.4044088537764,False,False
2,500,8,2,inverse_gaussian + inverse_gaussian,1211.774347772571,False,False
2,500,9,2,gamma + gamma,1226.885816521434,False,False
2,500,10,3,gamma + gamma + lognormal,1227.55585272365,False,False
2,1000,1,2,lognormal + gamma,2309.723857120097,True,True
2,1000,2,2,gamma + lognormal,2309.723857120097,True,True
2,1000,3,2,inverse_gaussian + lognormal,2311.2260980743713,False,False
2,1000,4,2,lognormal + inverse_gaussian,2311.2260980743713,False,False
2,1000,5,2,lognormal + lognormal,2311.449948163533,False,False
2,1000,6,3,gamma + gamma + lognormal,2355.4417021575146,False,False
2,1000,7,3,lognormal + gamma + gamma,2355.441702648998,False,False
2,1000,8,3,gamma + lognormal + gamma,2355.441702648998,False,False
2,1000,9,3,gamma + inverse_gaussian + lognormal,2356.5016781698673,False,False
2,1000,10,3,inverse_gaussian + gamma + lognormal,2356.5231373471956,False,False
2,1500,1,2,gamma + lognormal,3418.582989449342,True,True
2,1500,2,2,lognormal + lognormal,3424.6510800048095,False,False
2,1500,3,2,inverse_gaussian + lognormal,3462.2121998741127,False,False
2,1500,4,2,lognormal + inverse_gaussian,3462.2121998741127,False,False
2,1500,5,3,lognormal + lognormal + inverse_gaussian,3464.280964637121,False,False
2,1500,6,3,inverse_gaussian + lognormal + lognormal,3464.2809647055174,False,False
2,1500,7,3,gamma + lognormal + lognormal,3466.7580767716295,False,False
2,1500,8,3,lognormal + gamma + lognormal,3466.7580784417382,False,False
2,1500,9,3,gamma + lognormal + inverse_gaussian,3467.906576066106,False,False
2,1500,10,3,lognormal + gamma + inverse_gaussian,3467.906576066106,False,False
3,500,1,2,poisson + zip,2811.855920252483,False,False
3,500,2,2,zip + poisson,2811.905792003987,False,False
3,500,3,2,nb2 + nb2,2814.6588062202054,False,True
3,500,4,2,nb2 + zip,2818.0189898927283,False,False
3,500,5,2,zip + zip,2818.0719835526334,False,False
3,500,6,2,zip + nb2,2819.7166010456303,False,False
3,500,7,2,poisson + poisson,2826.935482253623,False,False
3,500,8,3,poisson + poisson + zip,2829.2449740973593,False,False
3,500,9,3,poisson + zip + poisson,2831.0777188708234,False,False
3,500,10,2,poisson + nb2,2832.248540645274,True,True
3,1000,1,2,nb2 + nb2,5407.287678142643,False,True
3,1000,2,2,poisson + zip,5409.562117634275,False,False
3,1000,3,2,zip + poisson,5409.58531712669,False,False
3,1000,4,2,nb2 + zip,5415.665895629359,False,False
3,1000,5,2,zip + nb2,5416.238763670096,False,False
3,1000,6,2,zip + zip,5416.431332020985,False,False
3,1000,7,3,poisson + poisson + poisson,5435.271654597462,False,False
3,1000,8,3,zip + poisson + poisson,5435.769144038493,False,False
3,1000,9,3,nb2 + zip + poisson,5439.490101353154,False,False
3,1000,10,3,zip + nb2 + poisson,5439.602795725671,False,False
3,1500,1,2,nb2 + nb2,8193.789649508504,False,True
3,1500,2,2,poisson + zip,8217.407649942204,False,False
3,1500,3,2,zip + poisson,8217.68355694554,False,False
3,1500,4,2,zip + nb2,8222.220269616371,False,False
3,1500,5,2,nb2 + zip,8222.443531759323,False,False
3,1500,6,2,zip + zip,8225.080073852543,False,False
3,1500,7,3,nb2 + poisson + nb2,8231.39095739959,False,False
3,1500,8,3,poisson + nb2 + nb2,8233.37413202675,False,False
3,1500,9,3,nb2 + poisson + zip,8233.75393157635,False,False
3,1500,10,3,nb2 + nb2 + poisson,8234.349092964527,False,False
4,500,1,2,poisson + zip,2485.286140100534,True,True
4,500,2,2,zip + poisson,2485.4268665296295,True,True
4,500,3,2,zip + nb2,2490.70117805634,False,False
4,500,4,2,nb2 + zip,2491.334445601118,False,False
4,500,5,2,zip + zip,2491.434677840187,False,True
4,500,6,3,zip + poisson + poisson,2517.454804565358,False,False
4,500,7,2,nb2 + nb2,2519.151807290541,False,False
4,500,8,3,poisson + nb2 + poisson,2519.900764120442,False,False
4,500,9,3,poisson + poisson + nb2,2521.3057615852604,False,False
4,500,10,3,nb2 + poisson + poisson,2521.338796183897,False,False
4,1000,1,2,zip + poisson,4860.952289389842,True,True
4,1000,2,2,poisson + zip,4861.186083382566,True,True
4,1000,3,2,zip + nb2,4867.873235672707,False,False
4,1000,4,2,zip + zip,4867.945352248639,False,True
4,1000,5,2,nb2 + zip,4868.029705043696,False,False
4,1000,6,3,poisson + poisson + poisson,4882.5328512537735,False,False
4,1000,7,3,nb2 + nb2 + poisson,4892.500864420145,False,False
4,1000,8,3,poisson + nb2 + nb2,4892.6030517928275,False,False
4,1000,9,3,nb2 + poisson + nb2,4893.929023810151,False,False
4,1000,10,3,zip + nb2 + poisson,4894.109493243115,False,False
4,1500,1,2,poisson + zip,7381.075406073954,True,True
4,1500,2,2,zip + poisson,7381.640147848907,True,True
4,1500,3,2,zip + zip,7388.41132695707,False,True
4,1500,4,2,zip + nb2,7388.763072891489,False,False
4,1500,5,2,nb2 + zip,7388.812787767449,False,False
4,1500,6,3,nb2 + poisson + poisson,7409.91624407359,False,False
4,1500,7,3,nb2 + nb2 + poisson,7416.354840077465,False,False
4,1500,8,3,poisson + nb2 + nb2,7416.484453248323,False,False
4,1500,9,3,poisson + nb2 + poisson,7418.43821789489,False,False
4,1500,10,3,nb2 + poisson + nb2,7418.467278721766,False,False
1,500,1,2,gaussian + gaussian,1861.632776967698,False,False
1,500,2,2,student_t + gaussian,1865.1425766685904,True,True
1,500,3,2,gaussian + student_t,1867.841802989533,True,True
1,500,4,2,gaussian + skew_normal,1867.8471887912467,False,False
1,500,5,2,skew_normal + gaussian,1867.847353110133,False,False
1,500,6,2,student_t + skew_normal,1871.3570164363932,False,False
1,500,7,2,student_t + student_t,1871.3667626267002,False,True
1,500,8,2,skew_normal + skew_normal,1874.0617650442791,False,False
1,500,9,2,skew_normal + student_t,1874.0763895020536,False,False
1,500,10,3,gaussian + gaussian + gaussian,1889.6269456977757,False,False
1,1000,1,2,student_t + gaussian,3822.448760664837,True,True
1,1000,2,2,student_t + student_t,3828.8058165207867,False,True
1,1000,3,2,student_t + skew_normal,3829.3621229906025,False,False
1,1000,4,2,gaussian + student_t,3833.546115873168,True,True
1,1000,5,2,gaussian + gaussian,3836.9463596465275,False,False
1,1000,6,2,skew_normal + student_t,3840.453875729385,False,False
1,1000,7,2,skew_normal + gaussian,3843.8540573760733,False,False
1,1000,8,2,gaussian + skew_normal,3843.856950665858,False,False
1,1000,9,2,skew_normal + skew_normal,3850.764648039941,False,False
1,1000,10,3,gaussian + gaussian + gaussian,3862.718280467908,False,False
1,1500,1,2,student_t + gaussian,5620.168937659085,True,True
1,1500,2,2,student_t + skew_normal,5627.481773838185,False,False
1,1500,3,2,student_t + student_t,5628.08688106815,False,True
1,1500,4,2,gaussian + student_t,5662.023059930354,True,True
1,1500,5,3,gaussian + gaussian + gaussian,5665.99342873002,False,False
1,1500,6,2,skew_normal + student_t,5669.3360516757,False,False
1,1500,7,3,student_t + gaussian + gaussian,5670.948567824897,False,False
1,1500,8,3,gaussian + gaussian + skew_normal,5673.27054883981,False,False
1,1500,9,3,skew_normal + gaussian + gaussian,5673.305256340105,False,False
1,1500,10,3,gaussian + skew_normal + gaussian,5673.305547968127,False,False
2,500,1,2,lognormal + gamma,1315.3046803018283,True,True
2,500,2,2,gamma + lognormal,1315.3046803018283,True,True
2,500,3,2,lognormal + lognormal,1315.3770947334858,False,False
2,500,4,2,inverse_gaussian + lognormal,1327.8629349593566,False,False
2,500,5,2,inverse_gaussian + gamma,1337.994535599961,False,False
2,500,6,2,gamma + inverse_gaussian,1337.994535599961,False,False
2,500,7,2,lognormal + inverse_gaussian,1339.6871508296251,False,False
2,500,8,2,gamma + gamma,1341.6787082178164,False,False
2,500,9,2,inverse_gaussian + inverse_gaussian,1351.4045566660068,False,False
2,500,10,3,inverse_gaussian + lognormal + gamma,1352.8468798486647,False,False
2,1000,1,2,gamma + lognormal,2212.8245838854496,True,True
2,1000,2,2,lognormal + lognormal,2213.3523125175907,False,False
2,1000,3,2,inverse_gaussian + lognormal,2233.285509768877,False,False
2,1000,4,2,lognormal + inverse_gaussian,2233.285509768877,False,False
2,1000,5,3,lognormal + lognormal + gamma,2249.383220268055,False,False
2,1000,6,3,gamma + lognormal + lognormal,2249.3832203760403,False,False
2,1000,7,3,lognormal + lognormal + lognormal,2249.7608316989695,False,False
2,1000,8,3,lognormal + inverse_gaussian + gamma,2250.3723417937076,False,False
2,1000,9,3,lognormal + gamma + lognormal,2250.8518597340526,False,False
2,1000,10,3,gamma + lognormal + inverse_gaussian,2252.1430205238767,False,False
2,1500,1,2,lognormal + gamma,3562.5398111778386,True,True
2,1500,2,2,gamma + lognormal,3562.5398111778386,True,True
2,1500,3,2,lognormal + lognormal,3565.471347934275,False,False
2,1500,4,3,gamma + lognormal + lognormal,3581.972415420339,False,False
2,1500,5,2,lognormal + inverse_gaussian,3591.5421251099565,False,False
2,1500,6,3,gamma + lognormal + gamma,3602.766360100074,False,False
2,1500,7,3,gamma + inverse_gaussian + gamma,3606.6657722645596,False,False
2,1500,8,3,gamma + gamma + inverse_gaussian,3606.6657761979186,False,False
2,1500,9,3,lognormal + gamma + inverse_gaussian,3610.861031363145,False,False
2,1500,10,3,gamma + lognormal + inverse_gaussian,3611.617128449912,False,False
3,500,1,2,zip + poisson,2777.6854422861034,False,False
3,500,2,2,poisson + zip,2777.8335498538986,False,False
3,500,3,2,nb2 + nb2,2781.382858105565,False,True
3,500,4,2,nb2 + zip,2783.0478929730016,False,False
3,500,5,2,zip + nb2,2783.152755756825,False,False
3,500,6,2,zip + zip,2783.9051532931626,False,False
3,500,7,2,poisson + poisson,2794.639678058544,False,False
3,500,8,2,poisson + nb2,2800.7417376754383,True,True
3,500,9,2,nb2 + poisson,2800.744241764158,True,True
3,500,10,3,poisson + nb2 + poisson,2804.6140808959376,False,False
3,1000,1,2,nb2 + nb2,5475.415013800657,False,True
3,1000,2,2,zip + poisson,5497.882077030109,False,False
3,1000,3,2,poisson + zip,5497.889337964931,False,False
3,1000,4,3,poisson + poisson + zip,5502.500262476823,False,False
3,1000,5,2,zip + zip,5504.796335222541,False,False
3,1000,6,3,nb2 + zip + poisson,5505.27135710538,False,False
3,1000,7,3,poisson + nb2 + zip,5505.483658119913,False,False
3,1000,8,3,zip + poisson + poisson,5509.268192450372,False,False
3,1000,9,3,poisson + zip + nb2,5511.328881563223,False,False
3,1000,10,3,zip + zip + nb2,5511.5322494722095,False,False
3,1500,1,2,nb2 + nb2,8115.1985343298975,False,True
3,1500,2,2,zip + poisson,8135.194942934698,False,False
3,1500,3,2,poisson + zip,8135.614235552762,False,False
3,1500,4,2,nb2 + zip,8139.019176154195,False,False
3,1500,5,2,zip + nb2,8141.188551135142,False,False
3,1500,6,3,poisson + poisson + poisson,8141.593541710116,False,False
3,1500,7,2,zip + zip,8143.157776811421,False,False
3,1500,8,3,zip + nb2 + poisson,8147.103157851745,False,False
3,1500,9,3,nb2 + poisson + zip,8147.103460323515,False,False
3,1500,10,3,poisson + zip + nb2,8147.285747715468,False,False
4,500,1,2,poisson + zip,2514.040332736275,True,True
4,500,2,2,nb2 + zip,2517.6986933354883,False,False
4,500,3,2,zip + nb2,2517.725565411498,False,False
4,500,4,2,zip + zip,2520.290896102407,False,True
4,500,5,2,nb2 + nb2,2520.899269116414,False,False
4,500,6,2,zip + poisson,2535.436378622081,True,True
4,500,7,3,poisson + poisson + poisson,2536.0413679385247,False,False
4,500,8,3,nb2 + poisson + poisson,2540.0801292920655,False,False
4,500,9,3,zip + poisson + poisson,2542.8459536520922,False,False
4,500,10,3,poisson + poisson + zip,2542.878466068934,False,False
4,1000,1,2,poisson + zip,4874.684185924531,True,True
4,1000,2,2,zip + poisson,4874.750764147965,True,True
4,1000,3,2,zip + nb2,4879.421280723646,False,False
4,1000,4,2,nb2 + zip,4881.51630348149,False,False
4,1000,5,2,zip + zip,4881.6456764520735,False,True
4,1000,6,3,poisson + poisson + poisson,4903.473657992303,False,False
4,1000,7,3,poisson + poisson + nb2,4908.34451499265,False,False
4,1000,8,2,nb2 + nb2,4910.938764449644,False,False
4,1000,9,3,nb2 + poisson + poisson,4911.051813795308,False,False
4,1000,10,3,poisson + nb2 + poisson,4912.258506373668,False,False
4,1500,1,2,zip + poisson,7346.575066735757,True,True
4,1500,2,2,poisson + zip,7346.624442037966,True,True
4,1500,3,2,nb2 + zip,7350.8891714287365,False,False
4,1500,4,2,zip + nb2,7351.382211443473,False,False
4,1500,5,2,zip + zip,7353.7197021725215,False,True
4,1500,6,3,poisson + poisson + poisson,7379.436591384577,False,False
4,1500,7,3,poisson + nb2 + poisson,7382.780356452214,False,False
4,1500,8,3,nb2 + zip + poisson,7385.576037315613,False,False
4,1500,9,3,poisson + poisson + zip,7386.518565859535,False,False
4,1500,10,3,nb2 + poisson + zip,7386.787489353908,False,False
1,500,1,2,student_t + gaussian,1964.1340570335744,True,True
1,500,2,2,student_t + student_t,1970.1051798830872,False,True
1,500,3,2,student_t + skew_normal,1970.3486608189705,False,False
1,500,4,2,gaussian + student_t,1978.3702745600451,True,True
1,500,5,2,skew_normal + student_t,1984.5838927241457,False,False
1,500,6,3,student_t + gaussian + gaussian,1999.93687391712,False,False
1,500,7,3,student_t + gaussian + skew_normal,2006.1522177994752,False,False
1,500,8,3,student_t + skew_normal + gaussian,2006.1525640122463,False,False
1,500,9,3,student_t + student_t + gaussian,2006.233856472611,False,False
1,500,10,3,gaussian + student_t + gaussian,2008.5083960334687,False,False
1,1000,1,2,student_t + gaussian,3792.8018093140454,True,True
1,1000,2,2,student_t + student_t,3799.7072950173883,False,True
1,1000,3,2,student_t + skew_normal,3799.7076535875153,False,False
1,1000,4,2,gaussian + student_t,3813.1642613761155,True,True
1,1000,5,2,skew_normal + student_t,3820.0722909316128,False,False
1,1000,6,2,gaussian + gaussian,3831.454854278023,False,False
1,1000,7,3,student_t + gaussian + gaussian,3834.743267764804,False,False
1,1000,8,3,gaussian + gaussian + gaussian,3834.88001206541,False,False
1,1000,9,2,skew_normal + gaussian,3838.362475559269,False,False
1,1000,10,2,gaussian + skew_normal,3838.363178680725,False,False
1,1500,1,2,student_t + gaussian,5562.501295821864,True,True
1,1500,2,2,student_t + skew_normal,5569.814477510261,False,False
1,1500,3,2,student_t + student_t,5569.839138088125,False,True
1,1500,4,2,gaussian + gaussian,5594.846573722501,False,False
1,1500,5,2,gaussian + skew_normal,5602.159848827991,False,False
1,1500,6,2,skew_normal + gaussian,5602.159970620667,False,False
1,1500,7,2,gaussian + student_t,5604.346140374429,True,True
1,1500,8,3,student_t + gaussian + gaussian,5607.325703270371,False,False
1,1500,9,2,skew_normal + skew_normal,5609.473245409268,False,False
1,1500,10,2,skew_normal + student_t,5611.638347436745,False,False
2,500,1,2,lognormal + lognormal,1033.5142035399076,False,False
2,500,2,2,lognormal + gamma,1035.741186963765,True,True
2,500,3,2,gamma + lognormal,1035.741186963765,True,True
2,500,4,2,inverse_gaussian + lognormal,1035.963162725461,False,False
2,500,5,2,lognormal + inverse_gaussian,1035.963162725461,False,False
2,500,6,2,inverse_gaussian + inverse_gaussian,1047.176894282545,False,False
2,500,7,2,inverse_gaussian + gamma,1048.133794224348,False,False
2,500,8,2,gamma + inverse_gaussian,1063.0342947773788,False,False
2,500,9,3,lognormal + inverse_gaussian + inverse_gaussian,1064.096051483187,False,False
2,500,10,3,inverse_gaussian + inverse_gaussian + lognormal,1064.0960523155497,False,False
2,1000,1,2,gamma + lognormal,2331.8006559440187,True,True
2,1000,2,2,lognormal + lognormal,2333.522995354132,False,False
2,1000,3,2,lognormal + inverse_gaussian,2345.8879719235038,False,False
2,1000,4,2,inverse_gaussian + gamma,2367.188777712513,False,False
2,1000,5,2,inverse_gaussian + lognormal,2369.433139531163,False,False
2,1000,6,3,inverse_gaussian + gamma + lognormal,2371.7455344291,False,False
2,1000,7,3,gamma + inverse_gaussian + lognormal,2371.8004003713595,False,False
2,1000,8,3,inverse_gaussian + lognormal + lognormal,2373.0643964079227,False,False
2,1000,9,3,lognormal + lognormal + inverse_gaussian,2373.0643964996643,False,False
2,1000,10,3,lognormal + gamma + gamma,2373.241203166368,False,False
2,1500,1,2,lognormal + gamma,3395.714150221969,True,True
2,1500,2,2,gamma + lognormal,3395.714150221969,True,True
2,1500,3,2,lognormal + lognormal,3401.2646943064547,False,False
2,1500,4,2,inverse_gaussian + lognormal,3416.972024930023,False,False
2,1500,5,2,lognormal + inverse_gaussian,3416.972024930023,False,False
2,1500,6,3,lognormal + gamma + inverse_gaussian,3436.1603435184547,False,False
2,1500,7,3,lognormal + lognormal + gamma,3445.9740145793726,False,False
2,1500,8,3,gamma + lognormal + lognormal,3445.9740224011994,False,False
2,1500,9,3,lognormal + gamma + lognormal,3446.029330125422,False,False
2,1500,10,3,lognormal + gamma + gamma,3446.856655111245,False,False
3,500,1,3,poisson + poisson + zip,2754.774134009562,False,False
3,500,2,2,nb2 + zip,2756.253466197766,False,False
3,500,3,2,nb2 + nb2,2756.4211825896273,False,True
3,500,4,3,zip + nb2 + poisson,2760.3521195347694,False,False
3,500,5,3,poisson + nb2 + zip,2760.7294196488892,False,False
3,500,6,3,nb2 + poisson + zip,2760.7884307555014,False,False
3,500,7,3,nb2 + zip + poisson,2761.2262935223152,False,False
3,500,8,3,poisson + poisson + poisson,2762.832789439048,False,False
3,500,9,3,nb2 + zip + nb2,2766.3126673219267,False,False
3,500,10,3,nb2 + nb2 + zip,2766.4386512761157,False,False
3,1000,1,2,nb2 + nb2,5533.039718093693,False,True
3,1000,2,3,poisson + poisson + poisson,5561.360962557823,False,False
3,1000,3,3,poisson + poisson + nb2,5565.231948270239,False,False
3,1000,4,3,nb2 + poisson + poisson,5566.701737022348,False,False
3,1000,5,3,zip + poisson + nb2,5567.347639626867,False,False
3,1000,6,3,nb2 + zip + poisson,5567.41803156206,False,False
3,1000,7,3,nb2 + poisson + nb2,5567.8241670450825,False,False
3,1000,8,3,poisson + nb2 + poisson,5567.986120739,False,False
3,1000,9,3,nb2 + nb2 + poisson,5568.609731676706,False,False
3,1000,10,3,poisson + nb2 + nb2,5568.871647016831,False,False
3,1500,1,2,nb2 + nb2,8154.263999353496,False,True
3,1500,2,3,poisson + poisson + zip,8197.535263371845,False,False
3,1500,3,3,nb2 + nb2 + nb2,8198.252446669447,False,False
3,1500,4,3,nb2 + zip + nb2,8199.159143975163,False,False
3,1500,5,3,zip + nb2 + nb2,8199.802924306297,False,False
3,1500,6,3,nb2 + poisson + nb2,8200.411996959287,False,False
3,1500,7,3,poisson + nb2 + nb2,8201.0120853915,False,False
3,1500,8,3,zip + poisson + nb2,8201.368839139937,False,False
3,1500,9,3,nb2 + nb2 + zip,8201.979144799561,False,False
3,1500,10,3,nb2 + nb2 + poisson,8202.016067938861,False,False
4,500,1,2,poisson + zip,2470.1033560953497,True,True
4,500,2,2,zip + poisson,2470.163511536058,True,True
4,500,3,2,zip + nb2,2475.290610462096,False,False
4,500,4,2,nb2 + zip,2476.3592742945602,False,False
4,500,5,2,zip + zip,2476.394182051323,False,True
4,500,6,2,nb2 + nb2,2496.851363607877,False,False
4,500,7,3,nb2 + poisson + poisson,2503.696810499295,False,False
4,500,8,3,nb2 + poisson + nb2,2504.0633862833483,False,False
4,500,9,3,poisson + nb2 + nb2,2505.1769786772356,False,False
4,500,10,3,poisson + zip + nb2,2505.3991826691044,False,False
4,1000,1,2,zip + poisson,4928.563657465206,True,True
4,1000,2,2,poisson + zip,4928.6988431430245,True,True
4,1000,3,2,nb2 + zip,4933.374818951598,False,False
4,1000,4,2,zip + zip,4935.402278339852,False,True
4,1000,5,3,poisson + nb2 + poisson,4955.231056846438,False,False
4,1000,6,2,nb2 + nb2,4957.528302298218,False,False
4,1000,7,3,poisson + nb2 + zip,4959.78701344332,False,False
4,1000,8,3,poisson + nb2 + nb2,4960.131674785094,False,False
4,1000,9,3,zip + nb2 + poisson,4961.566195924643,False,False
4,1000,10,3,nb2 + nb2 + poisson,4961.998752049436,False,False
4,1500,1,2,poisson + zip,7407.990820930166,True,True
4,1500,2,2,zip + poisson,7408.087510391008,True,True
4,1500,3,2,nb2 + zip,7412.036059910884,False,False
4,1500,4,2,zip + nb2,7413.205165650457,False,False
4,1500,5,2,zip + zip,7415.3126752136395,False,True
4,1500,6,2,nb2 + nb2,7430.283095879706,False,False
4,1500,7,3,zip + poisson + poisson,7430.620330492012,False,False
4,1500,8,3,zip + poisson + nb2,7434.620394804918,False,False
4,1500,9,3,poisson + nb2 + zip,7435.993274456984,False,False
4,1500,10,3,nb2 + poisson + nb2,7437.6248265584945,False,False
1,500,1,2,student_t + gaussian,1931.6776889573862,True,True
1,500,2,2,gaussian + student_t,1931.867768983171,True,True
1,500,3,2,student_t + student_t,1936.3953898224945,False,True
1,500,4,2,student_t + skew_normal,1937.8950311233698,False,False
1,500,5,2,skew_normal + student_t,1938.0823901590047,False,False
1,500,6,2,gaussian + gaussian,1946.34452478431,False,False
1,500,7,2,gaussian + skew_normal,1952.5580475055951,False,False
1,500,8,2,skew_normal + gaussian,1952.5638542166116,False,False
1,500,9,2,skew_normal + skew_normal,1958.7738606030543,False,False
1,500,10,3,gaussian + student_t + gaussian,1963.1188384782213,False,False
1,1000,1,2,student_t + gaussian,3755.9444225754146,True,True
1,1000,2,2,student_t + skew_normal,3762.8521035958906,False,False
1,1000,3,2,student_t + student_t,3762.8750638953493,False,True
1,1000,4,2,gaussian + gaussian,3780.410189506234,False,False
1,1000,5,2,gaussian + skew_normal,3787.3175000038163,False,False
1,1000,6,2,skew_normal + gaussian,3787.3179427248356,False,False
1,1000,7,2,gaussian + student_t,3787.3464216518046,True,True
1,1000,8,2,skew_normal + student_t,3794.1883540692447,False,False
1,1000,9,2,skew_normal + skew_normal,3794.225253277236,False,False
1,1000,10,3,student_t + gaussian + gaussian,3799.4184748360194,False,False
1,1500,1,2,student_t + gaussian,5621.336196979804,True,True
1,1500,2,2,student_t + student_t,5628.241081129205,False,True
1,1500,3,2,student_t + skew_normal,5628.649471859821,False,False
1,1500,4,2,gaussian + gaussian,5634.827673746521,False,False
1,1500,5,2,gaussian + student_t,5636.074722400994,True,True
1,1500,6,2,skew_normal + gaussian,5642.140630188043,False,False
1,1500,7,2,gaussian + skew_normal,5642.14118007509,False,False
1,1500,8,2,skew_normal + student_t,5643.387627624357,False,False
1,1500,9,2,skew_normal + skew_normal,5649.454138050179,False,False
1,1500,10,3,student_t + gaussian + gaussian,5670.7915618842335,False,False
2,500,1,2,lognormal + gamma,1164.000502360969,True,True
2,500,2,2,gamma + lognormal,1164.000502360969,True,True
2,500,3,2,lognormal + lognormal,1165.1577486359413,False,False
2,500,4,2,inverse_gaussian + lognormal,1169.6938361021023,False,False
2,500,5,3,lognormal + lognormal + gamma,1188.7822505610864,False,False
2,500,6,3,lognormal + lognormal + lognormal,1190.25953050991,False,False
2,500,7,3,lognormal + gamma + inverse_gaussian,1191.3339433694869,False,False
2,500,8,2,inverse_gaussian + gamma,1191.6731893256708,False,False
2,500,9,3,gamma + gamma + lognormal,1192.0890813387418,False,False
2,500,10,2,lognormal + inverse_gaussian,1192.8333190850885,False,False
2,1000,1,2,lognormal + gamma,2519.2983625365505,True,True
2,1000,2,2,lognormal + lognormal,2520.3573788415597,False,False
2,1000,3,2,inverse_gaussian + lognormal,2527.3074871557055,False,False
2,1000,4,2,lognormal + inverse_gaussian,2527.309845603384,False,False
2,1000,5,3,lognormal + gamma + inverse_gaussian,2554.311000177136,False,False
2,1000,6,3,lognormal + lognormal + inverse_gaussian,2559.3234843543996,False,False
2,1000,7,3,inverse_gaussian + lognormal + lognormal,2559.323484649889,False,False
2,1000,8,3,inverse_gaussian + inverse_gaussian + lognormal,2564.926848963318,False,False
2,1000,9,3,inverse_gaussian + lognormal + inverse_gaussian,2564.926849517965,False,False
2,1000,10,3,lognormal + inverse_gaussian + inverse_gaussian,2564.926849517965,False,False
2,1500,1,2,lognormal + lognormal,3639.5464988371973,False,False
2,1500,2,2,lognormal + gamma,3641.1867356937782,True,True
2,1500,3,2,gamma + lognormal,3641.1867356937782,True,True
2,1500,4,2,inverse_gaussian + lognormal,3659.103400542385,False,False
2,1500,5,2,lognormal + inverse_gaussian,3659.106213272102,False,False
2,1500,6,3,inverse_gaussian + lognormal + lognormal,3688.3855380768337,False,False
2,1500,7,3,lognormal + lognormal + inverse_gaussian,3688.5850890808015,False,False
2,1500,8,3,lognormal + inverse_gaussian + lognormal,3688.9493939049758,False,False
2,1500,9,3,lognormal + lognormal + lognormal,3690.01346816235,False,False
2,1500,10,3,lognormal + gamma + inverse_gaussian,3690.3723556408377,False,False
3,500,1,2,nb2 + nb2,2781.379436132547,False,True
3,500,2,3,poisson + poisson + poisson,2789.1105473658777,False,False
3,500,3,2,zip + poisson,2789.7427056848387,False,False
3,500,4,2,poisson + zip,2793.944119188578,False,False
3,500,5,3,poisson + poisson + nb2,2794.260737018552,False,False
3,500,6,3,nb2 + poisson + poisson,2794.265336733745,False,False
3,500,7,2,zip + zip,2795.412383924244,False,False
3,500,8,2,zip + nb2,2796.195658157666,False,False
3,500,9,2,nb2 + zip,2796.3943672065816,False,False
3,500,10,3,zip + nb2 + poisson,2796.5313205302427,False,False
3,1000,1,2,nb2 + nb2,5507.418365088055,False,True
3,1000,2,3,zip + poisson + poisson,5526.12876532483,False,False
3,1000,3,3,nb2 + poisson + zip,5535.544135154771,False,False
3,1000,4,3,poisson + nb2 + zip,5538.479839917673,False,False
3,1000,5,3,zip + zip + zip,5538.72173953233,False,False
3,1000,6,3,poisson + zip + nb2,5540.157566419939,False,False
3,1000,7,3,nb2 + zip + poisson,5540.462802689378,False,False
3,1000,8,3,zip + zip + nb2,5543.614658756216,False,False
3,1000,9,3,zip + nb2 + nb2,5544.022111313551,False,False
3,1000,10,3,nb2 + nb2 + poisson,5544.352152231789,False,False
3,1500,1,2,nb2 + nb2,8254.7740359185,False,True
3,1500,2,3,poisson + nb2 + nb2,8297.994078578731,False,False
3,1500,3,3,nb2 + nb2 + poisson,8299.836083557864,False,False
3,1500,4,3,nb2 + poisson + nb2,8302.396213811004,False,False
3,1500,5,3,nb2 + zip + nb2,8304.130588260998,False,False
3,1500,6,3,nb2 + nb2 + nb2,8304.433099092328,False,False
3,1500,7,3,zip + nb2 + nb2,8305.251551236252,False,False
3,1500,8,3,nb2 + nb2 + zip,8305.536622093266,False,False
3,1500,9,3,poisson + poisson + zip,8305.990845716546,False,False
3,1500,10,3,zip + poisson + poisson,8307.91769331017,False,False
4,500,1,2,poisson + zip,2372.5993740073845,True,True
4,500,2,2,zip + poisson,2372.687378169816,True,True
4,500,3,2,nb2 + zip,2377.785940565048,False,False
4,500,4,2,zip + nb2,2378.2163621775144,False,False
4,500,5,2,zip + zip,2378.8805242736307,False,True
4,500,6,3,poisson + poisson + poisson,2399.749880396686,False,False
4,500,7,3,poisson + nb2 + poisson,2402.7712344306983,False,False
4,500,8,2,nb2 + nb2,2405.3005291387262,False,False
4,500,9,3,zip + poisson + poisson,2406.206446010196,False,False
4,500,10,3,poisson + zip + poisson,2407.8004894909086,False,False
4,1000,1,2,zip + poisson,4953.865327221163,True,True
4,1000,2,2,poisson + zip,4953.87103361167,True,True
4,1000,3,2,zip + zip,4960.734283281107,False,True
4,1000,4,2,zip + nb2,4960.755840038341,False,False
4,1000,5,2,nb2 + zip,4960.765218324445,False,False
4,1000,6,3,nb2 + poisson + poisson,4982.041383661815,False,False
4,1000,7,3,poisson + poisson + poisson,4984.9202497957895,False,False
4,1000,8,3,zip + poisson + poisson,4984.921101729789,False,False
4,1000,9,3,poisson + poisson + nb2,4985.300449935314,False,False
4,1000,10,3,poisson + nb2 + poisson,4985.6467988456625,False,False
4,1500,1,2,zip + poisson,7453.110228995606,True,True
4,1500,2,2,poisson + zip,7453.341407260552,True,True
4,1500,3,2,nb2 + zip,7457.476956701143,False,False
4,1500,4,2,zip + zip,7460.458476078815,False,True
4,1500,5,2,zip + nb2,7460.470990328493,False,False
4,1500,6,3,poisson + nb2 + poisson,7481.774776947971,False,False
4,1500,7,3,poisson + poisson + nb2,7487.949132178894,False,False
4,1500,8,3,nb2 + poisson + poisson,7490.955062855264,False,False
4,1500,9,3,nb2 + nb2 + poisson,7491.369503580268,False,False
4,1500,10,3,poisson + nb2 + nb2,7492.7296037800725,False,False
1,500,1,2,student_t + gaussian,1902.3393402479999,True,True
1,500,2,2,student_t + skew_normal,1908.5540048391672,False,False
1,500,3,2,student_t + student_t,1909.5368439971753,False,True
1,500,4,2,gaussian + student_t,1912.3553394625267,True,True
1,500,5,2,gaussian + gaussian,1913.5096226111336,False,False
1,500,6,2,skew_normal + student_t,1918.5695226165585,False,False
1,500,7,2,gaussian + skew_normal,1919.7237538082775,False,False
1,500,8,2,skew_normal + gaussian,1919.724202617608,False,False
1,500,9,2,skew_normal + skew_normal,1925.9383327745227,False,False
1,500,10,3,student_t + gaussian + gaussian,1931.4357010902722,False,False
1,1000,1,2,student_t + gaussian,3787.124121906158,True,True
1,1000,2,2,gaussian + student_t,3789.9658405019522,True,True
1,1000,3,2,student_t + skew_normal,3794.0337212382515,False,False
1,1000,4,2,student_t + student_t,3794.0980323257822,False,True
1,1000,5,2,skew_normal + student_t,3796.873651385608,False,False
1,1000,6,3,gaussian + gaussian + gaussian,3825.3596921961753,False,False
1,1000,7,3,student_t + gaussian + gaussian,3829.6521501210573,False,False
1,1000,8,3,gaussian + student_t + gaussian,3830.227710152624,False,False
1,1000,9,3,gaussian + gaussian + student_t,3831.8963070468653,False,False
1,1000,10,3,gaussian + gaussian + skew_normal,3832.2674559770007,False,False
1,1500,1,2,student_t + gaussian,5708.555175994361,True,True
1,1500,2,2,student_t + skew_normal,5715.868638283139,False,False
1,1500,3,2,student_t + student_t,5715.950722285522,False,True
1,1500,4,3,student_t + gaussian + gaussian,5741.792951561999,False,False
1,1500,5,3,student_t + gaussian + student_t,5746.781290245033,False,False
1,1500,6,3,student_t + student_t + gaussian,5748.6267323713055,False,False
1,1500,7,3,student_t + skew_normal + gaussian,5749.108117206954,False,False
1,1500,8,3,student_t + gaussian + skew_normal,5749.108308892979,False,False
1,1500,9,3,student_t + student_t + student_t,5753.439937407657,False,False
1,1500,10,3,student_t + skew_normal + student_t,5754.0995210394185,False,False
2,500,1,2,lognormal + lognormal,1132.194942497151,False,False
2,500,2,2,gamma + lognormal,1133.2276043543598,True,True
2,500,3,2,inverse_gaussian + lognormal,1156.326641277418,False,False
2,500,4,2,lognormal + inverse_gaussian,1156.326641277418,False,False
2,500,5,2,gamma + inverse_gaussian,1156.471495400857,False,False
2,500,6,2,inverse_gaussian + inverse_gaussian,1160.2778959498244,False,False
2,500,7,3,lognormal + lognormal + inverse_gaussian,1162.9268881292967,False,False
2,500,8,3,lognormal + inverse_gaussian + lognormal,1162.926888177056,False,False
2,500,9,3,inverse_gaussian + lognormal + lognormal,1162.926888498871,False,False
2,500,10,3,gamma + lognormal + inverse_gaussian,1164.0146567250404,False,False
2,1000,1,2,lognormal + gamma,2475.6670544969875,True,True
2,1000,2,2,gamma + lognormal,2475.6670544969875,True,True
2,1000,3,2,lognormal + lognormal,2478.6002316283525,False,False
2,1000,4,2,inverse_gaussian + lognormal,2487.6315782418296,False,False
2,1000,5,2,lognormal + inverse_gaussian,2487.6315782418296,False,False
2,1000,6,3,inverse_gaussian + gamma + gamma,2513.8978535071255,False,False
2,1000,7,3,inverse_gaussian + gamma + lognormal,2514.8239923438177,False,False
2,1000,8,3,lognormal + gamma + inverse_gaussian,2514.823992368718,False,False
2,1000,9,2,gamma + gamma,2514.8338064615755,False,False
2,1000,10,3,lognormal + lognormal + lognormal,2515.0235133061933,False,False
2,1500,1,2,lognormal + gamma,3193.5191473333934,True,True
2,1500,2,2,lognormal + lognormal,3197.470360603158,False,False
2,1500,3,2,inverse_gaussian + lognormal,3207.9750598580113,False,False
2,1500,4,2,lognormal + inverse_gaussian,3207.9750598580113,False,False
2,1500,5,3,gamma + lognormal + gamma,3239.432933815811,False,False
2,1500,6,3,lognormal + gamma + lognormal,3239.7377394161244,False,False
2,1500,7,3,lognormal + gamma + inverse_gaussian,3241.636718462831,False,False
2,1500,8,3,gamma + inverse_gaussian + lognormal,3241.6367185391896,False,False
2,1500,9,3,inverse_gaussian + gamma + lognormal,3242.005459524691,False,False
2,1500,10,3,lognormal + lognormal + gamma,3243.5123015673375,False,False
3,500,1,2,nb2 + nb2,2720.3166346033686,False,True
3,500,2,3,nb2 + poisson + poisson,2732.76159251582,False,False
3,500,3,3,poisson + zip + poisson,2733.3264170738303,False,False
3,500,4,2,zip + poisson,2737.181112016323,False,False
3,500,5,2,poisson + zip,2738.0876867239504,False,False
3,500,6,3,nb2 + nb2 + poisson,2739.1705494640755,False,False
3,500,7,2,poisson + poisson,2741.6036732179914,False,False
3,500,8,2,nb2 + zip,2743.4083792235024,False,False
3,500,9,3,zip + nb2 + poisson,2743.9837375073657,False,False
3,500,10,2,zip + zip,2744.313090940752,False,False
3,1000,1,2,nb2 + nb2,5486.2407314979655,False,True
3,1000,2,2,zip + poisson,5495.423447507713,False,False
3,1000,3,2,poisson + zip,5495.504406617274,False,False
3,1000,4,2,zip + nb2,5501.28505553845,False,False
3,1000,5,2,nb2 + zip,5501.288776318134,False,False
3,1000,6,2,zip + zip,5502.360938930015,False,False
3,1000,7,3,poisson + poisson + poisson,5508.687820163085,False,False
3,1000,8,3,nb2 + poisson + poisson,5513.23872311882,False,False
3,1000,9,3,poisson + poisson + nb2,5513.555587565287,False,False
3,1000,10,3,poisson + nb2 + poisson,5518.381913959431,False,False
3,1500,1,2,nb2 + nb2,8412.437077596353,False,True
3,1500,2,3,poisson + nb2 + zip,8442.024853592802,False,False
3,1500,3,3,zip + nb2 + poisson,8442.43796580701,False,False
3,1500,4,3,zip + poisson + nb2,8442.525622083587,False,False
3,1500,5,3,nb2 + nb2 + zip,8444.872751993387,False,False
3,1500,6,3,nb2 + zip + zip,8448.760751244828,False,False
3,1500,7,3,zip + zip + nb2,8449.785440074831,False,False
3,1500,8,3,nb2 + poisson + nb2,8451.322188461843,False,False
3,1500,9,3,nb2 + nb2 + poisson,8452.580771414589,False,False
3,1500,10,3,nb2 + zip + nb2,8453.003094005337,False,False
4,500,1,2,zip + poisson,2451.015540867944,True,True
4,500,2,2,poisson + zip,2451.11913185331,True,True
4,500,3,2,nb2 + zip,2456.3398426562553,False,False
4,500,4,2,zip + nb2,2456.5854658604485,False,False
4,500,5,2,zip + zip,2457.2209837950168,False,True
4,500,6,2,nb2 + nb2,2475.42130791829,False,False
4,500,7,3,nb2 + poisson + poisson,2475.932462928245,False,False
4,500,8,3,poisson + nb2 + poisson,2480.6948326583165,False,False
4,500,9,3,poisson + poisson + nb2,2482.3441616936325,False,False
4,500,10,3,poisson + zip + poisson,2484.1086153966103,False,False
4,1000,1,2,zip + poisson,4905.368790575267,True,True
4,1000,2,2,poisson + zip,4905.436281503054,True,True
4,1000,3,2,zip + nb2,4912.292769736291,False,False
4,1000,4,2,nb2 + zip,4912.2941357484515,False,False
4,1000,5,2,zip + zip,4912.334374380095,False,True
4,1000,6,3,poisson + poisson + poisson,4940.142918472859,False,False
4,1000,7,3,nb2 + poisson + poisson,4941.993172085735,False,False
4,1000,8,3,zip + poisson + poisson,4942.105045769233,False,False
4,1000,9,3,poisson + zip + poisson,4942.8715463923345,False,False
4,1000,10,3,nb2 + poisson + nb2,4943.654077798134,False,False
4,1500,1,2,poisson + zip,7356.443414962613,True,True
4,1500,2,2,zip + poisson,7356.48058905806,True,True
4,1500,3,2,nb2 + zip,7363.842825372916,False,False
4,1500,4,2,zip + zip,7363.855885243446,False,True
4,1500,5,2,zip + nb2,7364.078454894168,False,False
4,1500,6,3,poisson + poisson + poisson,7394.05719616513,False,False
4,1500,7,3,nb2 + poisson + poisson,7398.586485935985,False,False
4,1500,8,3,poisson + zip + poisson,7399.100563452987,False,False
4,1500,9,3,poisson + poisson + zip,7399.144902654757,False,False
4,1500,10,3,nb2 + poisson + nb2,7400.131363275142,False,False
1,500,1,2,student_t + gaussian,1970.89690315985,True,True
1,500,2,2,student_t + student_t,1977.1059971621667,False,True
1,500,3,2,student_t + skew_normal,1977.110250328737,False,False
1,500,4,2,gaussian + student_t,1995.481393860154,True,True
1,500,5,2,skew_normal + student_t,2001.695842946216,False,False
1,500,6,3,student_t + gaussian + gaussian,2008.2185268896224,False,False
1,500,7,3,student_t + gaussian + skew_normal,2014.4332145137664,False,False
1,500,8,3,student_t + skew_normal + gaussian,2014.4332238929737,False,False
1,500,9,3,student_t + student_t + gaussian,2014.4670056117407,False,False
1,500,10,3,student_t + gaussian + student_t,2014.874625589996,False,False
1,1000,1,2,student_t + gaussian,3746.7709994184015,True,True
1,1000,2,2,student_t + student_t,3753.554347262414,False,True
1,1000,3,2,student_t + skew_normal,3753.6769237488957,False,False
1,1000,4,2,gaussian + student_t,3768.579142949014,True,True
1,1000,5,2,gaussian + gaussian,3771.88631588973,False,False
1,1000,6,2,skew_normal + student_t,3775.4894773237097,False,False
1,1000,7,2,skew_normal + gaussian,3778.793980458792,False,False
1,1000,8,2,gaussian + skew_normal,3778.7946485796324,False,False
1,1000,9,2,skew_normal + skew_normal,3785.7023164775287,False,False
1,1000,10,3,student_t + gaussian + gaussian,3792.2481681152967,False,False
1,1500,1,2,student_t + gaussian,5717.282746386447,True,True
1,1500,2,2,student_t + skew_normal,5724.596276811186,False,False
1,1500,3,2,student_t + student_t,5724.667340914339,False,True
1,1500,4,2,gaussian + student_t,5744.283678966387,True,True
1,1500,5,2,skew_normal + student_t,5751.597026125428,False,False
1,1500,6,3,student_t + gaussian + gaussian,5765.043629379302,False,False
1,1500,7,3,student_t + skew_normal + gaussian,5772.356116627263,False,False
1,1500,8,3,student_t + gaussian + skew_normal,5772.35730112716,False,False
1,1500,9,3,student_t + gaussian + student_t,5772.704808278367,False,False
1,1500,10,3,student_t + student_t + gaussian,5772.725357872116,False,False
2,500,1,2,lognormal + gamma,1085.1791771382734,True,True
2,500,2,2,gamma + lognormal,1085.1791771382734,True,True
2,500,3,2,lognormal + lognormal,1086.8475542610279,False,False
2,500,4,2,lognormal + inverse_gaussian,1089.6314313997777,False,False
2,500,5,2,gamma + gamma,1095.2516518211423,False,False
2,500,6,3,lognormal + inverse_gaussian + lognormal,1114.9842682074377,False,False
2,500,7,3,inverse_gaussian + lognormal + lognormal,1114.9842682074377,False,False
2,500,8,3,lognormal + lognormal + inverse_gaussian,1114.9842684270136,False,False
2,500,9,3,gamma + gamma + gamma,1115.6519602238118,False,False
2,500,10,2,inverse_gaussian + gamma,1116.5061078548356,False,False
2,1000,1,2,lognormal + gamma,2188.8683297748703,True,True
2,1000,2,2,gamma + lognormal,2188.8683297748703,True,True
2,1000,3,2,lognormal + lognormal,2191.360092405771,False,False
2,1000,4,2,inverse_gaussian + lognormal,2204.873122717545,False,False
2,1000,5,2,lognormal + inverse_gaussian,2204.873122717545,False,False
2,1000,6,3,gamma + gamma + lognormal,2230.411514629397,False,False
2,1000,7,3,lognormal + gamma + gamma,2230.4115152539803,False,False
2,1000,8,3,inverse_gaussian + lognormal + gamma,2231.904875093557,False,False
2,1000,9,3,gamma + lognormal + inverse_gaussian,2231.9161848797257,False,False
2,1000,10,3,lognormal + lognormal + gamma,2232.256335569497,False,False
2,1500,1,2,lognormal + gamma,3652.255989546994,True,True
2,1500,2,2,lognormal + lognormal,3657.206206787588,False,False
2,1500,3,2,lognormal + inverse_gaussian,3665.7541738835243,False,False
2,1500,4,3,lognormal + inverse_gaussian + gamma,3698.8734004291177,False,False
2,1500,5,3,gamma + gamma + lognormal,3703.0421775523814,False,False
2,1500,6,3,lognormal + gamma + gamma,3703.042191890561,False,False
2,1500,7,3,inverse_gaussian + lognormal + lognormal,3704.474345763461,False,False
2,1500,8,3,lognormal + inverse_gaussian + lognormal,3704.4743465845927,False,False
2,1500,9,3,lognormal + lognormal + lognormal,3704.598330543339,False,False
2,1500,10,3,gamma + gamma + gamma,3706.055845395272,False,False
3,500,1,2,nb2 + nb2,2762.0559128207597,False,True
3,500,2,2,zip + poisson,2766.070192969364,False,False
3,500,3,2,poisson + zip,2766.47775137344,False,False
3,500,4,3,poisson + nb2 + poisson,2771.944934711137,False,False
3,500,5,2,zip + zip,2772.236414176693,False,False
3,500,6,2,nb2 + zip,2772.250985622726,False,False
3,500,7,3,poisson + zip + nb2,2774.2438519896327,False,False
3,500,8,3,zip + poisson + nb2,2775.237141549199,False,False
3,500,9,2,zip + nb2,2776.243652508947,False,False
3,500,10,3,nb2 + zip + zip,2780.610385065578,False,False
3,1000,1,2,nb2 + nb2,5407.313070440948,False,True
3,1000,2,2,zip + poisson,5410.460875142582,False,False
3,1000,3,2,poisson + zip,5410.707764485043,False,False
3,1000,4,2,zip + nb2,5415.8497306827085,False,False
3,1000,5,2,nb2 + zip,5416.125997507147,False,False
3,1000,6,2,zip + zip,5417.38100863555,False,False
3,1000,7,2,poisson + poisson,5430.405379072191,False,False
3,1000,8,2,nb2 + poisson,5435.968550200006,True,True
3,1000,9,2,poisson + nb2,5437.605809433819,True,True
3,1000,10,3,nb2 + poisson + poisson,5438.56022777575,False,False
3,1500,1,2,nb2 + nb2,8225.982021760314,False,True
3,1500,2,3,poisson + nb2 + nb2,8267.880076199888,False,False
3,1500,3,3,nb2 + nb2 + poisson,8268.160583406845,False,False
3,1500,4,3,nb2 + poisson + nb2,8268.453833121008,False,False
3,1500,5,3,nb2 + nb2 + nb2,8271.55430074745,False,False
3,1500,6,3,nb2 + nb2 + zip,8272.881506876087,False,False
3,1500,7,3,poisson + poisson + zip,8274.82517616662,False,False
3,1500,8,3,zip + nb2 + nb2,8275.180588531375,False,False
3,1500,9,3,nb2 + zip + nb2,8275.23183708617,False,False
3,1500,10,2,zip + poisson,8280.904218854212,False,False
4,500,1,2,poisson + zip,2413.6298709369603,True,True
4,500,2,2,zip + poisson,2413.6791523328816,True,True
4,500,3,2,nb2 + zip,2418.725739765725,False,False
4,500,4,2,zip + nb2,2418.932979721155,False,False
4,500,5,2,zip + zip,2420.040488446185,False,True
4,500,6,2,nb2 + poisson,2430.831878455397,False,False
4,500,7,2,nb2 + nb2,2436.573362565083,False,False
4,500,8,3,poisson + nb2 + poisson,2444.7775736949275,False,False
4,500,9,3,nb2 + poisson + poisson,2445.680290684884,False,False
4,500,10,3,poisson + nb2 + nb2,2446.657417287457,False,False
4,1000,1,2,poisson + zip,4877.617460459667,True,True
4,1000,2,2,zip + poisson,4877.8234652925,True,True
4,1000,3,2,nb2 + zip,4884.6069377395825,False,False
4,1000,4,2,zip + zip,4884.629793034578,False,True
4,1000,5,2,zip + nb2,4884.7883891555775,False,False
4,1000,6,3,poisson + poisson + poisson,4904.216403374596,False,False
4,1000,7,3,poisson + nb2 + poisson,4909.384358368676,False,False
4,1000,8,3,poisson + nb2 + zip,4911.64439181117,False,False
4,1000,9,3,nb2 + zip + poisson,4912.227241542452,False,False
4,1000,10,3,zip + nb2 + poisson,4912.8155791055615,False,False
4,1500,1,2,zip + poisson,7389.220108278888,True,True
4,1500,2,2,poisson + zip,7389.242764983391,True,True
4,1500,3,2,zip + zip,7396.467361126985,False,True
4,1500,4,2,nb2 + zip,7396.5283735803205,False,False
4,1500,5,2,zip + nb2,7396.651716367297,False,False
4,1500,6,3,poisson + nb2 + poisson,7420.137935870666,False,False
4,1500,7,3,poisson + poisson + nb2,7420.454829108413,False,False
4,1500,8,3,poisson + poisson + poisson,7422.009088459577,False,False
4,1500,9,3,nb2 + nb2 + poisson,7424.406746495301,False,False
4,1500,10,3,nb2 + poisson + nb2,7424.444236699159,False,False
1,500,1,2,student_t + gaussian,1990.5936125778078,True,True
1,500,2,2,student_t + student_t,1996.7120078239295,False,True
1,500,3,2,student_t + skew_normal,1996.8080576619352,False,False
1,500,4,2,gaussian + student_t,2006.9915366745315,True,True
1,500,5,2,skew_normal + student_t,2013.2060507058031,False,False
1,500,6,2,gaussian + gaussian,2015.121827925576,False,False
1,500,7,3,gaussian + gaussian + gaussian,2015.204233381271,False,False
1,500,8,2,gaussian + skew_normal,2021.3361982852837,False,False
1,500,9,2,skew_normal + gaussian,2021.3364358539786,False,False
1,500,10,3,gaussian + student_t + gaussian,2021.370505486028,False,False
1,1000,1,2,student_t + gaussian,3791.092679370598,True,True
1,1000,2,2,student_t + student_t,3797.96962305244,False,True
1,1000,3,2,student_t + skew_normal,3797.999794855065,False,False
1,1000,4,3,student_t + gaussian + gaussian,3828.9282280721195,False,False
1,1000,5,2,gaussian + student_t,3834.9131845495726,True,True
1,1000,6,3,student_t + gaussian + student_t,3835.395495635028,False,False
1,1000,7,3,student_t + gaussian + skew_normal,3835.8371489709552,False,False
1,1000,8,3,student_t + skew_normal + gaussian,3835.8387044531405,False,False
1,1000,9,3,student_t + student_t + gaussian,3835.9920364162886,False,False
1,1000,10,3,gaussian + gaussian + gaussian,3836.1277843524385,False,False
1,1500,1,2,student_t + gaussian,5772.125027782974,True,True
1,1500,2,2,student_t + skew_normal,5779.438796273487,False,False
1,1500,3,2,student_t + student_t,5779.455647785473,False,True
1,1500,4,2,gaussian + student_t,5801.281700036392,True,True
1,1500,5,2,skew_normal + student_t,5808.391455059847,False,False
1,1500,6,3,student_t + gaussian + gaussian,5816.927535019438,False,False
1,1500,7,3,student_t + gaussian + skew_normal,5824.24045683998,False,False
1,1500,8,3,student_t + skew_normal + gaussian,5824.240741618092,False,False
1,1500,9,3,student_t + student_t + gaussian,5824.360252221691,False,False
1,1500,10,2,gaussian + gaussian,5827.1094357045895,False,False
2,500,1,2,gamma + lognormal,1241.4758340765818,True,True
2,500,2,2,lognormal + lognormal,1242.545308092693,False,False
2,500,3,2,gamma + gamma,1267.3994920890846,False,False
2,500,4,2,inverse_gaussian + gamma,1267.7828313443129,False,False
2,500,5,2,lognormal + gamma,1267.9886390302743,True,True
2,500,6,2,inverse_gaussian + lognormal,1269.1332798880298,False,False
2,500,7,2,lognormal + inverse_gaussian,1269.1332798880298,False,False
2,500,8,2,gamma + inverse_gaussian,1275.8537761120429,False,False
2,500,9,3,gamma + gamma + inverse_gaussian,1276.1670206795054,False,False
2,500,10,3,inverse_gaussian + gamma + gamma,1276.1670213747782,False,False
2,1000,1,2,lognormal + gamma,2313.2950162391826,True,True
2,1000,2,2,lognormal + lognormal,2314.705269762442,False,False
2,1000,3,2,inverse_gaussian + lognormal,2320.641168859473,False,False
2,1000,4,2,lognormal + inverse_gaussian,2320.641168859473,False,False
2,1000,5,2,gamma + inverse_gaussian,2355.9284066547903,False,False
2,1000,6,2,inverse_gaussian + gamma,2356.0137330404896,False,False
2,1000,7,2,gamma + lognormal,2356.221573553161,True,True
2,1000,8,2,gamma + gamma,2357.3703703423685,False,False
2,1000,9,3,gamma + inverse_gaussian + inverse_gaussian,2358.7968011048497,False,False
2,1000,10,3,lognormal + gamma + inverse_gaussian,2358.928836935077,False,False
2,1500,1,2,lognormal + gamma,3712.727430633311,True,True
2,1500,2,2,gamma + lognormal,3712.727430633311,True,True
2,1500,3,2,lognormal + lognormal,3717.647692200236,False,False
2,1500,4,2,inverse_gaussian + lognormal,3732.322123711271,False,False
2,1500,5,2,lognormal + inverse_gaussian,3732.322123711271,False,False
2,1500,6,3,lognormal + lognormal + gamma,3762.3477709369276,False,False
2,1500,7,3,gamma + inverse_gaussian + lognormal,3763.939432847996,False,False
2,1500,8,3,inverse_gaussian + gamma + lognormal,3764.0348390518807,False,False
2,1500,9,3,gamma + lognormal + gamma,3766.9955471739886,False,False
2,1500,10,3,lognormal + lognormal + inverse_gaussian,3768.0748555231103,False,False
3,500,1,2,nb2 + nb2,2785.566072818363,False,True
3,500,2,3,zip + poisson + poisson,2814.1117953383873,False,False
3,500,3,3,nb2 + poisson + nb2,2815.5293421262386,False,False
3,500,4,3,nb2 + nb2 + poisson,2815.9295058865087,False,False
3,500,5,3,zip + poisson + zip,2820.36650141724,False,False
3,500,6,3,poisson + nb2 + nb2,2820.630750476762,False,False
3,500,7,3,nb2 + nb2 + nb2,2821.8224388964127,False,False
3,500,8,3,nb2 + zip + nb2,2821.890870943071,False,False
3,500,9,3,zip + zip + poisson,2822.2970898045205,False,False
3,500,10,3,zip + nb2 + nb2,2823.4221006039525,False,False
3,1000,1,2,nb2 + nb2,5511.6147558168095,False,True
3,1000,2,2,nb2 + zip,5543.7306226770515,False,False
3,1000,3,2,zip + nb2,5543.767303951067,False,False
3,1000,4,2,poisson + zip,5543.955150443457,False,False
3,1000,5,2,zip + poisson,5543.976151326741,False,False
3,1000,6,3,zip + poisson + poisson,5544.2865621559495,False,False
3,1000,7,3,nb2 + poisson + nb2,5545.233565394163,False,False
3,1000,8,3,nb2 + nb2 + poisson,5545.517994995214,False,False
3,1000,9,3,poisson + nb2 + nb2,5547.982085563387,False,False
3,1000,10,2,zip + zip,5550.542244527756,False,False
3,1500,1,2,nb2 + nb2,8250.99009170593,False,True
3,1500,2,2,zip + poisson,8265.03868307397,False,False
3,1500,3,2,poisson + zip,8266.12872918578,False,False
3,1500,4,2,nb2 + zip,8269.972222540588,False,False
3,1500,5,2,zip + nb2,8269.977175596203,False,False
3,1500,6,2,zip + zip,8272.212272571393,False,False
3,1500,7,3,nb2 + nb2 + poisson,8281.426219594683,False,False
3,1500,8,3,poisson + zip + poisson,8282.1832068564,False,False
3,1500,9,3,zip + poisson + zip,8283.824053970398,False,False
3,1500,10,3,zip + poisson + nb2,8288.06054604313,False,False
4,500,1,2,poisson + zip,2469.999837828065,True,True
4,500,2,2,zip + poisson,2470.0644273785497,True,True
4,500,3,2,nb2 + zip,2475.205428348303,False,False
4,500,4,2,zip + nb2,2476.253008562243,False,False
4,500,5,2,zip + zip,2476.288061860816,False,True
4,500,6,3,poisson + poisson + poisson,2496.6347512015354,False,False
4,500,7,3,nb2 + poisson + poisson,2498.9738491112034,False,False
4,500,8,3,poisson + nb2 + poisson,2499.7732459795457,False,False
4,500,9,2,nb2 + poisson,2505.4724855319632,False,False
4,500,10,3,poisson + zip + poisson,2507.320704215625,False,False
4,1000,1,2,poisson + zip,5030.148897146223,True,True
4,1000,2,2,zip + poisson,5030.266508252021,True,True
4,1000,3,2,nb2 + zip,5036.196480813613,False,False
4,1000,4,2,zip + nb2,5036.20751725778,False,False
4,1000,5,2,zip + zip,5037.406715578423,False,True
4,1000,6,3,poisson + poisson + poisson,5054.634581788023,False,False
4,1000,7,3,nb2 + poisson + poisson,5057.671982601527,False,False
4,1000,8,3,poisson + nb2 + poisson,5057.728014543154,False,False
4,1000,9,2,nb2 + nb2,5057.857137907097,False,False
4,1000,10,3,poisson + poisson + nb2,5059.392349836298,False,False
4,1500,1,2,zip + poisson,7283.219326522905,True,True
4,1500,2,2,poisson + zip,7283.326021573628,True,True
4,1500,3,2,nb2 + zip,7289.936739311529,False,False
4,1500,4,2,zip + nb2,7289.942527938563,False,False
4,1500,5,2,zip + zip,7290.569688352334,False,True
4,1500,6,3,poisson + poisson + nb2,7316.103496530038,False,False
4,1500,7,3,nb2 + poisson + poisson,7318.659923011287,False,False
4,1500,8,3,poisson + nb2 + poisson,7319.244450044897,False,False
4,1500,9,3,nb2 + nb2 + poisson,7323.059619682952,False,False
4,1500,10,3,poisson + poisson + zip,7323.316188721407,False,False
1,500,1,2,student_t + gaussian,1931.1233676436011,True,True
1,500,2,2,gaussian + gaussian,1931.9324872275524,False,False
1,500,3,2,gaussian + student_t,1934.7879584445866,True,True
1,500,4,2,student_t + student_t,1936.2491415735794,False,True
1,500,5,2,student_t + skew_normal,1937.3375678104394,False,False
1,500,6,2,gaussian + skew_normal,1938.1467715279987,False,False
1,500,7,2,skew_normal + gaussian,1938.1467895583564,False,False
1,500,8,2,skew_normal + student_t,1941.002468360192,False,False
1,500,9,2,skew_normal + skew_normal,1944.361072413467,False,False
1,500,10,3,student_t + gaussian + gaussian,1965.269539107074,False,False
1,1000,1,2,student_t + gaussian,3762.785974697104,True,True
1,1000,2,2,student_t + skew_normal,3769.6932592736425,False,False
1,1000,3,2,student_t + student_t,3769.6975712003064,False,True
1,1000,4,2,gaussian + gaussian,3790.2986309123835,False,False
1,1000,5,2,gaussian + skew_normal,3797.205814438852,False,False
1,1000,6,2,skew_normal + gaussian,3797.206360189279,False,False
1,1000,7,2,gaussian + student_t,3801.2150286739065,True,True
1,1000,8,2,skew_normal + skew_normal,3804.113542958786,False,False
1,1000,9,3,student_t + gaussian + gaussian,3807.217465361864,False,False
1,1000,10,2,skew_normal + student_t,3808.1228720187987,False,False
1,1500,1,2,student_t + gaussian,5555.5294425146,True,True
1,1500,2,2,student_t + skew_normal,5562.843090511822,False,False
1,1500,3,2,student_t + student_t,5562.853700676511,False,True
1,1500,4,3,student_t + gaussian + gaussian,5601.339454976041,False,False
1,1500,5,3,student_t + gaussian + student_t,5607.817713565608,False,False
1,1500,6,3,student_t + skew_normal + gaussian,5608.652085259754,False,False
1,1500,7,3,student_t + gaussian + skew_normal,5608.652431323384,False,False
1,1500,8,3,student_t + student_t + gaussian,5608.856141946533,False,False
1,1500,9,2,gaussian + student_t,5612.491269641385,True,True
1,1500,10,3,student_t + skew_normal + student_t,5615.130918690246,False,False
2,500,1,2,inverse_gaussian + lognormal,1209.7841596181436,False,False
2,500,2,2,lognormal + inverse_gaussian,1209.7841596181436,False,False
2,500,3,2,lognormal + gamma,1210.3173764106912,True,True
2,500,4,2,lognormal + lognormal,1210.7155312705083,False,False
2,500,5,2,inverse_gaussian + gamma,1219.9796069505062,False,False
2,500,6,2,gamma + inverse_gaussian,1219.9796069505062,False,False
2,500,7,2,inverse_gaussian + inverse_gaussian,1220.7024066592694,False,False
2,500,8,2,gamma + lognormal,1248.3517201748064,True,True
2,500,9,2,gamma + gamma,1248.639384018296,False,False
2,500,10,3,inverse_gaussian + lognormal + lognormal,1249.1801102438758,False,False
2,1000,1,2,lognormal + gamma,2400.8862355255355,True,True
2,1000,2,2,gamma + lognormal,2400.8862355255355,True,True
2,1000,3,2,lognormal + lognormal,2406.634444384007,False,False
2,1000,4,3,lognormal + lognormal + gamma,2435.498162840819,False,False
2,1000,5,3,lognormal + gamma + lognormal,2435.498173857207,False,False
2,1000,6,3,gamma + lognormal + lognormal,2435.4981795496396,False,False
2,1000,7,3,gamma + gamma + lognormal,2437.148320138078,False,False
2,1000,8,3,gamma + lognormal + gamma,2437.1483202121135,False,False
2,1000,9,3,lognormal + inverse_gaussian + gamma,2437.928372928096,False,False
2,1000,10,3,gamma + lognormal + inverse_gaussian,2437.9283731481146,False,False
2,1500,1,2,lognormal + gamma,3411.724068936596,True,True
2,1500,2,2,lognormal + lognormal,3412.554124789132,False,False
2,1500,3,2,lognormal + inverse_gaussian,3434.9163494316194,False,False
2,1500,4,2,inverse_gaussian + lognormal,3434.916993046138,False,False
2,1500,5,3,lognormal + gamma + lognormal,3455.076231091181,False,False
2,1500,6,3,gamma + lognormal + lognormal,3455.171575441273,False,False
2,1500,7,3,lognormal + lognormal + lognormal,3455.8440852834815,False,False
2,1500,8,3,inverse_gaussian + gamma + lognormal,3458.0725955619214,False,False
2,1500,9,3,inverse_gaussian + lognormal + lognormal,3458.1069166923003,False,False
2,1500,10,3,lognormal + inverse_gaussian + lognormal,3458.8171399757257,False,False
3,500,1,2,poisson + zip,2810.753797205232,False,False
3,500,2,2,poisson + poisson,2811.869973013506,False,False
3,500,3,2,nb2 + nb2,2812.838030953393,False,True
3,500,4,2,poisson + nb2,2814.1197915538046,True,True
3,500,5,2,zip + nb2,2816.478038030552,False,False
3,500,6,2,zip + zip,2816.862562287456,False,False
3,500,7,2,zip + poisson,2816.9906213859576,False,False
3,500,8,2,nb2 + zip,2817.014412784798,False,False
3,500,9,2,nb2 + poisson,2818.1347797287344,True,True
3,500,10,3,poisson + nb2 + poisson,2833.008450299591,False,False
3,1000,1,2,nb2 + nb2,5444.063548154468,False,True
3,1000,2,2,poisson + zip,5469.392150347255,False,False
3,1000,3,2,zip + poisson,5469.507942040086,False,False
3,1000,4,3,poisson + zip + poisson,5476.1911707434665,False,False
3,1000,5,2,zip + zip,5476.622140501324,False,False
3,1000,6,2,zip + nb2,5479.398855758542,False,False
3,1000,7,3,nb2 + poisson + zip,5479.980405591225,False,False
3,1000,8,2,nb2 + zip,5480.30293946166,False,False
3,1000,9,3,poisson + nb2 + zip,5480.480796587306,False,False
3,1000,10,3,nb2 + zip + poisson,5480.963185664466,False,False
3,1500,1,2,nb2 + nb2,8163.313345790933,False,True
3,1500,2,2,nb2 + zip,8187.954570236593,False,False
3,1500,3,2,zip + nb2,8187.969683022663,False,False
3,1500,4,3,poisson + poisson + poisson,8191.791695255872,False,False
3,1500,5,3,nb2 + nb2 + poisson,8193.281168147101,False,False
3,1500,6,2,poisson + zip,8193.468539528412,False,False
3,1500,7,2,zip + poisson,8193.483718771216,False,False
3,1500,8,3,nb2 + poisson + nb2,8194.569188904714,False,False
3,1500,9,3,poisson + nb2 + nb2,8194.576923592713,False,False
3,1500,10,3,zip + poisson + nb2,8198.378134428154,False,False
4,500,1,2,poisson + zip,2496.4112825151674,True,True
4,500,2,2,zip + poisson,2496.5392118709797,True,True
4,500,3,2,zip + nb2,2501.620415014905,False,False
4,500,4,2,nb2 + zip,2501.9781004190045,False,False
4,500,5,2,zip + zip,2502.6789701394528,False,True
4,500,6,2,nb2 + nb2,2523.736314677577,False,False
4,500,7,3,poisson + poisson + poisson,2524.31272423346,False,False
4,500,8,3,poisson + poisson + nb2,2528.9162885000756,False,False
4,500,9,3,zip + poisson + poisson,2530.705523697928,False,False
4,500,10,2,poisson + poisson,2530.8382316816524,False,False
4,1000,1,2,poisson + zip,4994.401701918488,True,True
4,1000,2,2,zip + poisson,4994.565223211955,True,True
4,1000,3,2,nb2 + zip,4999.175629366876,False,False
4,1000,4,2,zip + nb2,5001.147237255848,False,False
4,1000,5,2,zip + zip,5001.264369555139,False,True
4,1000,6,3,poisson + zip + poisson,5025.809395548252,False,False
4,1000,7,3,poisson + zip + nb2,5028.566116426802,False,False
4,1000,8,3,poisson + poisson + nb2,5028.801205499486,False,False
4,1000,9,3,nb2 + poisson + zip,5029.378143968377,False,False
4,1000,10,3,poisson + poisson + zip,5030.44704273151,False,False
4,1500,1,2,zip + poisson,7398.566164693427,True,True
4,1500,2,2,poisson + zip,7398.592331996968,True,True
4,1500,3,2,nb2 + zip,7405.524197017129,False,False
4,1500,4,2,zip + nb2,7405.539801155541,False,False
4,1500,5,2,zip + zip,7405.895953665971,False,True
4,1500,6,3,poisson + poisson + zip,7436.272980390217,False,False
4,1500,7,3,nb2 + poisson + poisson,7436.781708883084,False,False
4,1500,8,3,zip + poisson + poisson,7438.073360814695,False,False
4,1500,9,3,poisson + zip + poisson,7439.607131872629,False,False
4,1500,10,3,poisson + poisson + nb2,7439.652536632475,False,False
1,500,1,2,student_t + gaussian,1959.7599360650427,True,True
1,500,2,2,gaussian + student_t,1961.7267033472344,True,True
1,500,3,2,student_t + student_t,1963.4144551279294,False,True
1,500,4,2,student_t + skew_normal,1965.9743825080345,False,False
1,500,5,2,skew_normal + student_t,1967.941354362058,False,False
1,500,6,2,gaussian + gaussian,1985.1042777240853,False,False
1,500,7,3,gaussian + gaussian + student_t,1989.7102206034206,False,False
1,500,8,2,skew_normal + gaussian,1991.318879357622,False,False
1,500,9,2,gaussian + skew_normal,1991.3189212903221,False,False
1,500,10,3,student_t + gaussian + student_t,1991.7788177303992,False,False
1,1000,1,2,student_t + gaussian,3721.163924881848,True,True
1,1000,2,2,student_t + student_t,3727.9559495749404,False,True
1,1000,3,2,student_t + skew_normal,3728.071939264125,False,False
1,1000,4,2,gaussian + student_t,3736.6321041668007,True,True
1,1000,5,2,skew_normal + student_t,3743.540021111777,False,False
1,1000,6,2,gaussian + gaussian,3760.673923878668,False,False
1,1000,7,3,student_t + gaussian + gaussian,3767.09174501037,False,False
1,1000,8,2,gaussian + skew_normal,3767.579649448448,False,False
1,1000,9,2,skew_normal + gaussian,3767.5816529322474,False,False
1,1000,10,3,student_t + gaussian + student_t,3773.1500695698396,False,False
1,1500,1,2,student_t + gaussian,5699.397947890903,True,True
1,1500,2,2,student_t + student_t,5706.621601481338,False,True
1,1500,3,2,student_t + skew_normal,5706.710931416978,False,False
1,1500,4,2,gaussian + gaussian,5708.031898870429,False,False
1,1500,5,2,gaussian + student_t,5715.107656345845,True,True
1,1500,6,2,gaussian + skew_normal,5715.344965237282,False,False
1,1500,7,2,skew_normal + gaussian,5715.345580786861,False,False
1,1500,8,2,skew_normal + student_t,5722.420908555822,False,False
1,1500,9,2,skew_normal + skew_normal,5722.658646785668,False,False
1,1500,10,3,student_t + gaussian + gaussian,5748.353771886981,False,False
2,500,1,2,lognormal + gamma,1278.2724128143423,True,True
2,500,2,2,gamma + lognormal,1278.2724128143423,True,True
2,500,3,2,lognormal + lognormal,1282.724721083331,False,False
2,500,4,2,inverse_gaussian + lognormal,1294.6419674633437,False,False
2,500,5,2,lognormal + inverse_gaussian,1294.6419674633437,False,False
2,500,6,3,inverse_gaussian + inverse_gaussian + gamma,1307.6059837394894,False,False
2,500,7,2,inverse_gaussian + gamma,1312.5542946687613,False,False
2,500,8,2,gamma + inverse_gaussian,1312.5542946687613,False,False
2,500,9,2,gamma + gamma,1313.8266882119935,False,False
2,500,10,3,lognormal + gamma + gamma,1314.6808318949656,False,False
2,1000,1,2,gamma + lognormal,2174.7946117063325,True,True
2,1000,2,2,lognormal + lognormal,2176.9630578954993,False,False
2,1000,3,2,inverse_gaussian + lognormal,2193.4130207892895,False,False
2,1000,4,2,lognormal + inverse_gaussian,2193.4130207892895,False,False
2,1000,5,3,gamma + gamma + inverse_gaussian,2210.350238113603,False,False
2,1000,6,3,gamma + inverse_gaussian + gamma,2210.350238223036,False,False
2,1000,7,3,lognormal + inverse_gaussian + gamma,2213.7307466779157,False,False
2,1000,8,3,inverse_gaussian + gamma + lognormal,2213.742005501018,False,False
2,1000,9,3,gamma + inverse_gaussian + lognormal,2213.742005501018,False,False
2,1000,10,3,gamma + lognormal + inverse_gaussian,2213.742082918425,False,False
2,1500,1,2,gamma + lognormal,3543.9458564862935,True,True
2,1500,2,2,lognormal + lognormal,3545.033823974432,False,False
2,1500,3,2,inverse_gaussian + lognormal,3575.664731640182,False,False
2,1500,4,2,lognormal + inverse_gaussian,3575.664731640182,False,False
2,1500,5,3,lognormal + gamma + inverse_gaussian,3588.625082036929,False,False
2,1500,6,3,gamma + lognormal + lognormal,3590.423838730689,False,False
2,1500,7,3,inverse_gaussian + lognormal + lognormal,3590.530314858817,False,False
2,1500,8,3,lognormal + gamma + lognormal,3590.6893110043034,False,False
2,1500,9,3,lognormal + lognormal + gamma,3590.7298940967607,False,False
2,1500,10,3,gamma + lognormal + gamma,3592.022137531139,False,False
3,500,1,2,poisson + zip,2764.025919100936,False,False
3,500,2,2,zip + poisson,2764.6773935884976,False,False
3,500,3,2,nb2 + nb2,2765.698182905384,False,True
3,500,4,2,zip + nb2,2769.3667379831877,False,False
3,500,5,2,zip + zip,2770.1127999811233,False,False
3,500,6,2,nb2 + zip,2770.252484527391,False,False
3,500,7,3,poisson + poisson + nb2,2772.87032268096,False,False
3,500,8,3,nb2 + poisson + poisson,2774.2660100760654,False,False
3,500,9,3,poisson + nb2 + poisson,2774.4503263221636,False,False
3,500,10,2,poisson + poisson,2777.202104856856,False,False
3,1000,1,2,nb2 + nb2,5492.344400036632,False,True
3,1000,2,3,poisson + zip + poisson,5505.3828521934465,False,False
3,1000,3,3,nb2 + poisson + zip,5511.459611617136,False,False
3,1000,4,3,poisson + zip + nb2,5511.540114172867,False,False
3,1000,5,3,nb2 + zip + poisson,5511.819365717307,False,False
3,1000,6,3,poisson + nb2 + zip,5513.510073479762,False,False
3,1000,7,3,nb2 + zip + zip,5517.923055010455,False,False
3,1000,8,2,poisson + zip,5518.249115024181,False,False
3,1000,9,2,zip + poisson,5518.40980917383,False,False
3,1000,10,3,poisson + nb2 + nb2,5519.326272268815,False,False
3,1500,1,2,poisson + zip,8117.435073364138,False,False
3,1500,2,2,zip + poisson,8117.543738683936,False,False
3,1500,3,2,nb2 + nb2,8118.6212063025605,False,True
3,1500,4,2,nb2 + zip,8122.157050362033,False,False
3,1500,5,2,zip + nb2,8124.22316619147,False,False
3,1500,6,2,zip + zip,8124.672212925802,False,False
3,1500,7,2,poisson + poisson,8146.442760034223,False,False
3,1500,8,3,poisson + nb2 + poisson,8146.457441483771,False,False
3,1500,9,2,poisson + nb2,8151.577951754537,True,True
3,1500,10,3,zip + poisson + poisson,8151.6184651152225,False,False
4,500,1,2,zip + poisson,2503.276650700925,True,True
4,500,2,2,poisson + zip,2503.415567440632,True,True
4,500,3,2,zip + nb2,2509.5104689590507,False,False
4,500,4,2,zip + zip,2509.5684948718763,False,True
4,500,5,2,nb2 + zip,2509.597855388497,False,False
4,500,6,2,nb2 + nb2,2517.8868581292973,False,False
4,500,7,3,nb2 + poisson + poisson,2527.5623622648504,False,False
4,500,8,3,poisson + nb2 + poisson,2528.363028523511,False,False
4,500,9,3,poisson + poisson + nb2,2528.4097858916216,False,False
4,500,10,3,zip + poisson + poisson,2532.237184054577,False,False
4,1000,1,2,poisson + zip,4993.520625212758,True,True
4,1000,2,2,zip + poisson,4993.548789700612,True,True
4,1000,3,2,zip + nb2,4998.173603410198,False,False
4,1000,4,2,nb2 + zip,4998.19422012366,False,False
4,1000,5,2,zip + zip,5000.418562310527,False,True
4,1000,6,3,poisson + nb2 + poisson,5019.719308758238,False,False
4,1000,7,3,poisson + poisson + nb2,5019.944277523571,False,False
4,1000,8,3,nb2 + poisson + nb2,5026.544228179762,False,False
4,1000,9,3,poisson + nb2 + nb2,5027.092785801768,False,False
4,1000,10,3,nb2 + poisson + zip,5027.989405626644,False,False
4,1500,1,2,poisson + zip,7460.453236713439,True,True
4,1500,2,2,zip + poisson,7460.456216034531,True,True
4,1500,3,2,nb2 + zip,7464.681348627676,False,False
4,1500,4,2,zip + nb2,7467.559112831854,False,False
4,1500,5,2,zip + zip,7467.805246595808,False,True
4,1500,6,3,poisson + nb2 + poisson,7496.3794374293475,False,False
4,1500,7,3,nb2 + poisson + poisson,7497.7576472281135,False,False
4,1500,8,3,poisson + poisson + nb2,7498.724830412283,False,False
4,1500,9,3,poisson + zip + poisson,7501.326561406738,False,False
4,1500,10,3,zip + nb2 + poisson,7501.529301492953,False,False
1,500,1,2,gaussian + gaussian,1879.3417491255084,False,False
1,500,2,2,student_t + gaussian,1880.0317760681135,True,True
1,500,3,2,gaussian + student_t,1885.5517774248895,True,True
1,500,4,2,skew_normal + gaussian,1885.5563015667742,False,False
1,500,5,2,gaussian + skew_normal,1885.556399869059,False,False
1,500,6,2,student_t + skew_normal,1886.2463308195192,False,False
1,500,7,2,student_t + student_t,1886.3327640574207,False,True
1,500,8,2,skew_normal + student_t,1891.7673726006701,False,False
1,500,9,2,skew_normal + skew_normal,1891.7709391166786,False,False
1,500,10,3,student_t + gaussian + gaussian,1916.206820993899,False,False
1,1000,1,2,student_t + gaussian,3724.0697556649325,True,True
1,1000,2,2,student_t + student_t,3730.8697484372174,False,True
1,1000,3,2,student_t + skew_normal,3730.973350054558,False,False
1,1000,4,2,gaussian + student_t,3758.300458916092,True,True
1,1000,5,2,gaussian + gaussian,3763.051596862019,False,False
1,1000,6,2,skew_normal + student_t,3765.2081851873286,False,False
1,1000,7,3,student_t + gaussian + gaussian,3767.7730503668386,False,False
1,1000,8,2,gaussian + skew_normal,3769.9504292869724,False,False
1,1000,9,2,skew_normal + gaussian,3769.9593276853366,False,False
1,1000,10,3,student_t + gaussian + student_t,3773.7194719931094,False,False
1,1500,1,2,student_t + gaussian,5581.375255197632,True,True
1,1500,2,2,student_t + student_t,5588.54841726978,False,True
1,1500,3,2,student_t + skew_normal,5588.688637611188,False,False
1,1500,4,2,gaussian + gaussian,5606.1419271274635,False,False
1,1500,5,2,gaussian + student_t,5611.036882099615,True,True
1,1500,6,2,skew_normal + gaussian,5613.454514824293,False,False
1,1500,7,2,gaussian + skew_normal,5613.455429836655,False,False
1,1500,8,2,skew_normal + student_t,5618.35015664437,False,False
1,1500,9,2,skew_normal + skew_normal,5620.7680205697525,False,False
1,1500,10,3,student_t + gaussian + gaussian,5627.236661953363,False,False
2,500,1,2,lognormal + lognormal,1132.1297676558922,False,False
2,500,2,2,lognormal + gamma,1134.0991702098506,True,True
2,500,3,2,gamma + lognormal,1134.1028275116914,True,True
2,500,4,2,gamma + gamma,1140.473667997586,False,False
2,500,5,2,inverse_gaussian + lognormal,1144.6552598112287,False,False
2,500,6,2,lognormal + inverse_gaussian,1144.6552598112287,False,False
2,500,7,2,inverse_gaussian + gamma,1150.1093072419774,False,False
2,500,8,2,gamma + inverse_gaussian,1162.7783886760076,False,False
2,500,9,3,lognormal + gamma + inverse_gaussian,1165.2673952915568,False,False
2,500,10,3,inverse_gaussian + lognormal + gamma,1165.2673956032527,False,False
2,1000,1,2,lognormal + gamma,2336.011449467005,True,True
2,1000,2,2,lognormal + lognormal,2341.0535672526794,False,False
2,1000,3,2,inverse_gaussian + lognormal,2371.4831729403318,False,False
2,1000,4,2,lognormal + inverse_gaussian,2371.4831729403318,False,False
2,1000,5,3,lognormal + gamma + lognormal,2373.041242920496,False,False
2,1000,6,3,lognormal + gamma + gamma,2375.3002593412625,False,False
2,1000,7,3,lognormal + lognormal + lognormal,2378.718050036402,False,False
2,1000,8,3,inverse_gaussian + gamma + lognormal,2379.572633070564,False,False
2,1000,9,3,lognormal + lognormal + gamma,2380.700733472582,False,False
2,1000,10,3,gamma + lognormal + lognormal,2380.7125789078596,False,False
2,1500,1,2,gamma + lognormal,3493.272039780539,True,True
2,1500,2,2,lognormal + lognormal,3493.3174408249843,False,False
2,1500,3,2,inverse_gaussian + lognormal,3515.1079217363026,False,False
2,1500,4,2,lognormal + inverse_gaussian,3515.1079217363026,False,False
2,1500,5,3,lognormal + lognormal + lognormal,3532.337318680729,False,False
2,1500,6,3,gamma + lognormal + inverse_gaussian,3535.7910912735188,False,False
2,1500,7,3,lognormal + inverse_gaussian + lognormal,3535.90589571555,False,False
2,1500,8,3,gamma + inverse_gaussian + lognormal,3537.9213788096627,False,False
2,1500,9,3,lognormal + inverse_gaussian + gamma,3538.6805872148243,False,False
2,1500,10,3,inverse_gaussian + gamma + lognormal,3539.412378286043,False,False
3,500,1,2,nb2 + nb2,2834.68351599741,False,True
3,500,2,2,zip + poisson,2842.372367318595,False,False
3,500,3,2,poisson + zip,2842.5417455770776,False,False
3,500,4,2,zip + nb2,2847.2448919788576,False,False
3,500,5,2,zip + zip,2849.102874888982,False,False
3,500,6,2,nb2 + zip,2851.244937589582,False,False
3,500,7,3,nb2 + poisson + poisson,2859.638074535737,False,False
3,500,8,2,poisson + poisson,2861.1507337153053,False,False
3,500,9,3,zip + poisson + nb2,2864.0206083801695,False,False
3,500,10,2,poisson + nb2,2864.109261524555,True,True
3,1000,1,2,nb2 + nb2,5373.289742259972,False,True
3,1000,2,2,zip + poisson,5395.813758008296,False,False
3,1000,3,2,poisson + zip,5395.875965248825,False,False
3,1000,4,2,zip + nb2,5401.349688247971,False,False
3,1000,5,2,nb2 + zip,5402.1438182792535,False,False
3,1000,6,2,zip + zip,5402.7127954909,False,False
3,1000,7,3,poisson + nb2 + nb2,5411.265197426956,False,False
3,1000,8,3,nb2 + poisson + nb2,5411.52423537625,False,False
3,1000,9,3,nb2 + nb2 + poisson,5411.622365503066,False,False
3,1000,10,3,zip + poisson + poisson,5412.239943652736,False,False
3,1500,1,2,nb2 + nb2,8350.96084421365,False,True
3,1500,2,3,zip + poisson + poisson,8379.945922588073,False,False
3,1500,3,3,poisson + zip + poisson,8381.925080354615,False,False
3,1500,4,3,poisson + nb2 + nb2,8385.830103084903,False,False
3,1500,5,3,nb2 + zip + poisson,8388.400964003566,False,False
3,1500,6,3,zip + nb2 + poisson,8388.6372447534,False,False
3,1500,7,3,nb2 + poisson + nb2,8388.65998827342,False,False
3,1500,8,3,nb2 + nb2 + poisson,8388.999282013603,False,False
3,1500,9,3,nb2 + nb2 + zip,8391.455673097744,False,False
3,1500,10,3,zip + zip + nb2,8394.875520886524,False,False
4,500,1,2,poisson + zip,2525.154243585039,True,True
4,500,2,2,zip + poisson,2525.1844473601273,True,True
4,500,3,2,zip + nb2,2531.198351933209,False,False
4,500,4,2,nb2 + zip,2531.2073829556,False,False
4,500,5,2,zip + zip,2531.3842577338373,False,True
4,500,6,3,poisson + poisson + poisson,2545.0473964648377,False,False
4,500,7,3,poisson + poisson + nb2,2550.948709832838,False,False
4,500,8,3,nb2 + nb2 + poisson,2556.619017984655,False,False
4,500,9,3,nb2 + poisson + nb2,2557.0106425625318,False,False
4,500,10,3,zip + zip + poisson,2558.4965863834277,False,False
4,1000,1,2,poisson + zip,4889.991506551407,True,True
4,1000,2,2,zip + poisson,4890.037969484966,True,True
4,1000,3,2,zip + nb2,4895.563446002264,False,False
4,1000,4,2,nb2 + zip,4895.648155971531,False,False
4,1000,5,2,zip + zip,4896.962953201271,False,True
4,1000,6,3,poisson + poisson + zip,4925.042131607062,False,False
4,1000,7,3,poisson + nb2 + poisson,4925.420485282157,False,False
4,1000,8,3,poisson + poisson + nb2,4925.582528270088,False,False
4,1000,9,3,poisson + zip + poisson,4929.127977545408,False,False
4,1000,10,3,zip + poisson + poisson,4929.7426863504015,False,False
4,1500,1,2,poisson + zip,7445.401542094644,True,True
4,1500,2,2,zip + poisson,7445.438173392745,True,True
4,1500,3,2,zip + nb2,7452.139629024234,False,False
4,1500,4,2,nb2 + zip,7452.184401846631,False,False
4,1500,5,2,zip + zip,7452.7465472708855,False,True
4,1500,6,3,poisson + poisson + zip,7481.697437383381,False,False
4,1500,7,3,poisson + poisson + poisson,7484.286603388599,False,False
4,1500,8,3,nb2 + poisson + nb2,7484.337670838792,False,False
4,1500,9,3,nb2 + poisson + poisson,7485.031850009951,False,False
4,1500,10,3,poisson + zip + poisson,7485.665779045013,False,False
1,500,1,2,student_t + gaussian,1883.1637912242102,True,True
1,500,2,2,student_t + skew_normal,1889.3785452221814,False,False
1,500,3,2,student_t + student_t,1889.3833123770005,False,True
1,500,4,2,gaussian + gaussian,1890.974439387099,False,False
1,500,5,2,skew_normal + gaussian,1897.189021314109,False,False
1,500,6,2,gaussian + skew_normal,1897.1890299584525,False,False
1,500,7,2,gaussian + student_t,1897.1951853204384,True,True
1,500,8,2,skew_normal + skew_normal,1903.403612220067,False,False
1,500,9,2,skew_normal + student_t,1903.4066673335233,False,False
1,500,10,3,student_t + gaussian + gaussian,1907.8421038946453,False,False
1,1000,1,2,student_t + gaussian,3745.2778471123884,True,True
1,1000,2,2,student_t + student_t,3749.0762635128185,False,True
1,1000,3,2,student_t + skew_normal,3752.185846676381,False,False
1,1000,4,2,gaussian + student_t,3757.35150992031,True,True
1,1000,5,2,gaussian + gaussian,3757.589133966919,False,False
1,1000,6,2,skew_normal + student_t,3764.257299069233,False,False
1,1000,7,2,gaussian + skew_normal,3764.4968622000156,False,False
1,1000,8,2,skew_normal + gaussian,3764.496990097577,False,False
1,1000,9,2,skew_normal + skew_normal,3771.4047206399127,False,False
1,1000,10,3,student_t + gaussian + gaussian,3780.178037692336,False,False
1,1500,1,2,student_t + gaussian,5638.342196031441,True,True
1,1500,2,2,student_t + skew_normal,5645.655301310909,False,False
1,1500,3,2,student_t + student_t,5645.696015639303,False,True
1,1500,4,2,gaussian + student_t,5669.5219488357325,True,True
1,1500,5,2,skew_normal + student_t,5676.835127345815,False,False
1,1500,6,3,student_t + gaussian + gaussian,5685.728507803969,False,False
1,1500,7,2,gaussian + gaussian,5688.855734554935,False,False
1,1500,8,3,student_t + gaussian + student_t,5691.661420845641,False,False
1,1500,9,3,student_t + skew_normal + gaussian,5693.040723606033,False,False
1,1500,10,3,student_t + gaussian + skew_normal,5693.04229575112,False,False
2,500,1,2,lognormal + gamma,1049.8101614205812,True,True
2,500,2,2,gamma + lognormal,1049.8101614205812,True,True
2,500,3,2,lognormal + lognormal,1052.4167214125655,False,False
2,500,4,2,inverse_gaussian + lognormal,1057.747044952237,False,False
2,500,5,2,lognormal + inverse_gaussian,1057.747044952237,False,False
2,500,6,2,gamma + gamma,1065.7150461355104,False,False
2,500,7,2,inverse_gaussian + gamma,1071.3596451633016,False,False
2,500,8,2,gamma + inverse_gaussian,1071.3596451633016,False,False
2,500,9,3,gamma + inverse_gaussian + gamma,1077.8845402006364,False,False
2,500,10,3,gamma + gamma + inverse_gaussian,1077.884540513154,False,False
2,1000,1,2,gamma + lognormal,2262.3268569892443,True,True
2,1000,2,2,lognormal + gamma,2262.327882061695,True,True
2,1000,3,2,lognormal + lognormal,2262.951599485569,False,False
2,1000,4,2,inverse_gaussian + lognormal,2268.189133993915,False,False
2,1000,5,2,lognormal + inverse_gaussian,2268.189133993915,False,False
2,1000,6,2,gamma + gamma,2277.0850391300664,False,False
2,1000,7,2,gamma + inverse_gaussian,2278.7956653920246,False,False
2,1000,8,3,gamma + inverse_gaussian + gamma,2300.3909563619222,False,False
2,1000,9,3,lognormal + gamma + inverse_gaussian,2300.944490614383,False,False
2,1000,10,3,inverse_gaussian + lognormal + lognormal,2301.1968919710957,False,False
2,1500,1,2,lognormal + lognormal,3400.5273141503344,False,False
2,1500,2,2,gamma + lognormal,3400.7843375944326,True,True
2,1500,3,2,inverse_gaussian + lognormal,3411.2887392029115,False,False
2,1500,4,2,lognormal + inverse_gaussian,3411.2887392029115,False,False
2,1500,5,3,inverse_gaussian + gamma + lognormal,3445.931907302525,False,False
2,1500,6,3,inverse_gaussian + lognormal + lognormal,3445.974011810287,False,False
2,1500,7,3,lognormal + inverse_gaussian + lognormal,3446.1442980695497,False,False
2,1500,8,3,lognormal + lognormal + inverse_gaussian,3446.2205055013414,False,False
2,1500,9,3,gamma + lognormal + lognormal,3447.196604957244,False,False
2,1500,10,3,lognormal + lognormal + gamma,3447.356269418449,False,False
3,500,1,2,nb2 + nb2,2807.875495640147,False,True
3,500,2,2,zip + nb2,2833.814900360044,False,False
3,500,3,2,nb2 + zip,2837.3714176688,False,False
3,500,4,2,poisson + zip,2838.0522197334203,False,False
3,500,5,2,zip + poisson,2838.1442217550903,False,False
3,500,6,3,poisson + poisson + zip,2838.2181137335397,False,False
3,500,7,3,nb2 + poisson + nb2,2839.0088637743497,False,False
3,500,8,3,poisson + nb2 + nb2,2839.5563218321486,False,False
3,500,9,3,nb2 + nb2 + poisson,2840.0599677335863,False,False
3,500,10,3,nb2 + zip + nb2,2843.177443381086,False,False
3,1000,1,2,nb2 + nb2,5496.642445886503,False,True
3,1000,2,2,poisson + zip,5502.893578409248,False,False
3,1000,3,2,zip + poisson,5503.076644511954,False,False
3,1000,4,2,zip + nb2,5508.508779472258,False,False
3,1000,5,2,nb2 + zip,5508.5802235825495,False,False
3,1000,6,2,zip + zip,5509.599968194928,False,False
3,1000,7,3,poisson + zip + poisson,5527.171741043386,False,False
3,1000,8,3,poisson + poisson + zip,5527.246584487611,False,False
3,1000,9,3,nb2 + poisson + poisson,5527.530249456067,False,False
3,1000,10,3,poisson + poisson + nb2,5527.883364255245,False,False
3,1500,1,2,nb2 + nb2,8153.931456547529,False,True
3,1500,2,2,zip + poisson,8186.113256387671,False,False
3,1500,3,2,poisson + zip,8186.4871591582105,False,False
3,1500,4,2,nb2 + zip,8187.505239030783,False,False
3,1500,5,2,zip + nb2,8192.426564880085,False,False
3,1500,6,2,zip + zip,8193.246917939254,False,False
3,1500,7,3,poisson + zip + zip,8193.36991981757,False,False
3,1500,8,3,poisson + nb2 + zip,8195.940982229631,False,False
3,1500,9,3,nb2 + nb2 + poisson,8197.497666272646,False,False
3,1500,10,3,zip + poisson + nb2,8198.824993416118,False,False
4,500,1,2,zip + poisson,2514.124598553849,True,True
4,500,2,2,poisson + zip,2514.239593584933,True,True
4,500,3,2,nb2 + zip,2519.778007170218,False,False
4,500,4,2,zip + nb2,2519.8221511063257,False,False
4,500,5,2,zip + zip,2520.3651840798802,False,True
4,500,6,2,poisson + nb2,2528.346864318103,False,False
4,500,7,2,nb2 + nb2,2533.81457323171,False,False
4,500,8,3,nb2 + poisson + poisson,2540.313594434902,False,False
4,500,9,3,poisson + nb2 + poisson,2540.589110834148,False,False
4,500,10,3,poisson + poisson + nb2,2542.1858220732292,False,False
4,1000,1,2,zip + poisson,4992.813449093154,True,True
4,1000,2,2,poisson + zip,4992.821898569593,True,True
4,1000,3,2,zip + nb2,4998.029575148431,False,False
4,1000,4,2,zip + zip,4999.772304737051,False,True
4,1000,5,2,nb2 + zip,4999.804117994324,False,False
4,1000,6,2,nb2 + nb2,5018.658857842344,False,False
4,1000,7,3,poisson + poisson + poisson,5022.931696952691,False,False
4,1000,8,3,poisson + nb2 + poisson,5023.710569301595,False,False
4,1000,9,3,nb2 + poisson + poisson,5029.230059416554,False,False
4,1000,10,3,poisson + poisson + nb2,5029.547826306254,False,False
4,1500,1,2,zip + poisson,7332.373029888958,True,True
4,1500,2,2,poisson + zip,7332.479269322327,True,True
4,1500,3,2,nb2 + zip,7336.787495394281,False,False
4,1500,4,2,zip + nb2,7337.114599252818,False,False
4,1500,5,2,zip + zip,7339.7488548982365,False,True
4,1500,6,3,poisson + poisson + poisson,7366.802976667698,False,False
4,1500,7,3,poisson + nb2 + poisson,7371.278434833223,False,False
4,1500,8,3,poisson + poisson + nb2,7371.858218778672,False,False
4,1500,9,3,nb2 + poisson + poisson,7372.491665607838,False,False
4,1500,10,3,nb2 + nb2 + poisson,7373.417885140815,False,False
1,500,1,2,student_t + gaussian,1899.1530937509003,True,True
1,500,2,2,student_t + skew_normal,1905.3674083678984,False,False
1,500,3,2,student_t + student_t,1905.3729093889663,False,True
1,500,4,2,gaussian + student_t,1905.6360276815983,True,True
1,500,5,2,skew_normal + student_t,1911.850675242163,False,False
1,500,6,3,gaussian + student_t + gaussian,1923.9860325663929,False,False
1,500,7,3,gaussian + gaussian + student_t,1927.2493993674072,False,False
1,500,8,3,student_t + gaussian + gaussian,1927.8424990036267,False,False
1,500,9,3,skew_normal + student_t + gaussian,1930.2007363665944,False,False
1,500,10,3,gaussian + student_t + skew_normal,1930.2012772330977,False,False
1,1000,1,2,student_t + gaussian,3790.1378310923337,True,True
1,1000,2,2,student_t + student_t,3796.5110033558635,False,True
1,1000,3,2,student_t + skew_normal,3797.0433073130184,False,False
1,1000,4,3,student_t + gaussian + gaussian,3825.993600926137,False,False
1,1000,5,2,gaussian + student_t,3829.264775814843,True,True
1,1000,6,3,student_t + student_t + gaussian,3831.458798690594,False,False
1,1000,7,3,student_t + gaussian + student_t,3831.533649747897,False,False
1,1000,8,3,student_t + gaussian + skew_normal,3832.9022092250616,False,False
1,1000,9,3,student_t + skew_normal + gaussian,3832.9038580137335,False,False
1,1000,10,2,skew_normal + student_t,3836.172624715791,False,False
1,1500,1,2,student_t + gaussian,5424.626866626681,True,True
1,1500,2,2,student_t + student_t,5431.931905459325,False,True
1,1500,3,2,student_t + skew_normal,5431.938422951007,False,False
1,1500,4,2,gaussian + student_t,5439.706540603205,True,True
1,1500,5,2,skew_normal + student_t,5447.0201513094,False,False
1,1500,6,3,student_t + gaussian + gaussian,5466.186100389685,False,False
1,1500,7,3,gaussian + gaussian + student_t,5472.657455694403,False,False
1,1500,8,3,student_t + gaussian + skew_normal,5473.499396432575,False,False
1,1500,9,3,student_t + student_t + gaussian,5473.525191644927,False,False
1,1500,10,3,student_t + skew_normal + gaussian,5473.804668381498,False,False
2,500,1,2,lognormal + gamma,1237.5807678191877,True,True
2,500,2,2,gamma + lognormal,1237.5807678191877,True,True
2,500,3,2,lognormal + lognormal,1238.3853325777739,False,False
2,500,4,2,inverse_gaussian + lognormal,1247.7494242675118,False,False
2,500,5,2,lognormal + inverse_gaussian,1247.7494242675118,False,False
2,500,6,2,inverse_gaussian + gamma,1251.343144699827,False,False
2,500,7,2,gamma + inverse_gaussian,1251.343144699827,False,False
2,500,8,2,inverse_gaussian + inverse_gaussian,1262.4449287762827,False,False
2,500,9,2,gamma + gamma,1265.176460350962,False,False
2,500,10,3,inverse_gaussian + lognormal + gamma,1268.775338408376,False,False
2,1000,1,2,lognormal + lognormal,2465.989635160083,False,False
2,1000,2,2,lognormal + gamma,2467.9741572685944,True,True
2,1000,3,2,gamma + lognormal,2467.9741572685944,True,True
2,1000,4,2,lognormal + inverse_gaussian,2496.08644841174,False,False
2,1000,5,2,inverse_gaussian + lognormal,2496.087796693024,False,False
2,1000,6,3,inverse_gaussian + lognormal + lognormal,2507.982507556795,False,False
2,1000,7,3,gamma + inverse_gaussian + lognormal,2509.0205008887046,False,False
2,1000,8,3,inverse_gaussian + lognormal + gamma,2509.0205021123693,False,False
2,1000,9,3,inverse_gaussian + gamma + lognormal,2509.048904990689,False,False
2,1000,10,3,gamma + gamma + lognormal,2510.3667561316997,False,False
2,1500,1,2,lognormal + gamma,3419.7831543035277,True,True
2,1500,2,2,gamma + lognormal,3419.7831543035277,True,True
2,1500,3,2,lognormal + lognormal,3420.094527954226,False,False
2,1500,4,2,lognormal + inverse_gaussian,3443.675192655073,False,False
2,1500,5,3,lognormal + gamma + inverse_gaussian,3464.8159972367926,False,False
2,1500,6,3,inverse_gaussian + gamma + lognormal,3464.9748564436777,False,False
2,1500,7,3,inverse_gaussian + lognormal + gamma,3464.984144713694,False,False
2,1500,8,3,gamma + lognormal + gamma,3467.2554616249868,False,False
2,1500,9,3,gamma + gamma + lognormal,3467.5054970316937,False,False
2,1500,10,3,gamma + lognormal + lognormal,3467.562518841822,False,False
3,500,1,2,zip + poisson,2753.444512223802,False,False
3,500,2,2,poisson + zip,2753.455935820616,False,False
3,500,3,2,nb2 + nb2,2755.397910318682,False,True
3,500,4,2,nb2 + zip,2759.5164638053575,False,False
3,500,5,2,zip + zip,2759.5244463686568,False,False
3,500,6,2,zip + nb2,2759.6228668418926,False,False
3,500,7,2,poisson + poisson,2764.6071203331385,False,False
3,500,8,2,poisson + nb2,2770.141555029835,True,True
3,500,9,2,nb2 + poisson,2770.1588574307116,True,True
3,500,10,3,nb2 + poisson + poisson,2775.185523361268,False,False
3,1000,1,2,nb2 + nb2,5420.447061373342,False,True
3,1000,2,2,zip + poisson,5432.234987870133,False,False
3,1000,3,2,poisson + zip,5432.536285962075,False,False
3,1000,4,2,zip + zip,5438.663395710812,False,False
3,1000,5,2,zip + nb2,5438.7291643799,False,False
3,1000,6,2,nb2 + zip,5439.246088683753,False,False
3,1000,7,3,poisson + poisson + zip,5442.899370041379,False,False
3,1000,8,3,poisson + poisson + nb2,5447.540345311829,False,False
3,1000,9,3,zip + zip + poisson,5448.697758673963,False,False
3,1000,10,3,poisson + nb2 + zip,5449.409775536737,False,False
3,1500,1,2,nb2 + nb2,8107.948215058378,False,True
3,1500,2,3,poisson + poisson + nb2,8142.782690720838,False,False
3,1500,3,3,poisson + nb2 + nb2,8144.519696538889,False,False
3,1500,4,3,nb2 + poisson + nb2,8145.521645906807,False,False
3,1500,5,3,nb2 + nb2 + poisson,8145.902260100823,False,False
3,1500,6,3,zip + zip + zip,8148.532709538949,False,False
3,1500,7,3,zip + poisson + poisson,8150.76982364066,False,False
3,1500,8,3,nb2 + nb2 + zip,8151.3701246813325,False,False
3,1500,9,3,nb2 + zip + nb2,8151.761840123218,False,False
3,1500,10,3,zip + nb2 + nb2,8151.869606497107,False,False
4,500,1,2,poisson + zip,2424.7541878368656,True,True
4,500,2,2,zip + poisson,2424.814727310624,True,True
4,500,3,2,zip + nb2,2430.043564810673,False,False
4,500,4,2,nb2 + zip,2430.2173335650705,False,False
4,500,5,2,zip + zip,2430.8417474308917,False,True
4,500,6,3,poisson + poisson + poisson,2450.9555478884413,False,False
4,500,7,3,poisson + poisson + nb2,2455.9885900372187,False,False
4,500,8,3,nb2 + poisson + poisson,2456.1434847122796,False,False
4,500,9,3,poisson + poisson + zip,2458.2307213462714,False,False
4,500,10,3,poisson + zip + poisson,2458.3041010076868,False,False
4,1000,1,2,zip + poisson,4901.442582799899,True,True
4,1000,2,2,poisson + zip,4901.73277209732,True,True
4,1000,3,2,zip + zip,4908.731882907564,False,True
4,1000,4,2,zip + nb2,4909.461230816483,False,False
4,1000,5,2,nb2 + zip,4910.2097205500095,False,False
4,1000,6,3,poisson + poisson + poisson,4930.338519223127,False,False
4,1000,7,3,nb2 + poisson + poisson,4932.397144873474,False,False
4,1000,8,3,zip + poisson + poisson,4932.470409743539,False,False
4,1000,9,3,poisson + poisson + nb2,4935.429319438163,False,False
4,1000,10,2,nb2 + nb2,4936.414974938535,False,False
4,1500,1,2,poisson + zip,7382.770283245888,True,True
4,1500,2,2,zip + poisson,7382.784426144518,True,True
4,1500,3,2,nb2 + zip,7388.943285932895,False,False
4,1500,4,2,zip + nb2,7389.088736284613,False,False
4,1500,5,2,zip + zip,7390.096405351489,False,True
4,1500,6,3,poisson + nb2 + poisson,7413.145364105483,False,False
4,1500,7,3,nb2 + poisson + poisson,7413.495651859439,False,False
4,1500,8,3,zip + poisson + poisson,7414.102596989552,False,False
4,1500,9,3,nb2 + nb2 + poisson,7419.775086199664,False,False
4,1500,10,3,poisson + poisson + zip,7420.3320684894325,False,False
1,500,1,2,gaussian + gaussian,1821.085119065686,False,False
1,500,2,2,student_t + gaussian,1822.8451699475586,True,True
1,500,3,2,gaussian + student_t,1826.6382724180514,True,True
1,500,4,2,skew_normal + gaussian,1827.2997083789207,False,False
1,500,5,2,gaussian + skew_normal,1827.2997298933617,False,False
1,500,6,2,student_t + student_t,1828.5308247018233,False,True
1,500,7,2,student_t + skew_normal,1829.059778625262,False,False
1,500,8,2,skew_normal + student_t,1832.8528871135077,False,False
1,500,9,2,skew_normal + skew_normal,1833.5143193466988,False,False
1,500,10,3,gaussian + gaussian + gaussian,1858.7959080112776,False,False
1,1000,1,2,student_t + gaussian,3710.6829943623975,True,True
1,1000,2,2,student_t + student_t,3717.4853510107573,False,True
1,1000,3,2,student_t + skew_normal,3717.5909871002928,False,False
1,1000,4,2,gaussian + student_t,3727.757241336265,True,True
1,1000,5,2,skew_normal + student_t,3734.665374220779,False,False
1,1000,6,2,gaussian + gaussian,3738.3284521388578,False,False
1,1000,7,2,gaussian + skew_normal,3745.2357983392562,False,False
1,1000,8,2,skew_normal + gaussian,3745.236296806261,False,False
1,1000,9,2,skew_normal + skew_normal,3752.1436432300957,False,False
1,1000,10,3,student_t + gaussian + gaussian,3754.1095053227573,False,False
1,1500,1,2,student_t + gaussian,5621.589099142562,True,True
1,1500,2,2,student_t + skew_normal,5628.902394869551,False,False
1,1500,3,2,student_t + student_t,5628.946938294313,False,True
1,1500,4,2,gaussian + gaussian,5649.895687040046,False,False
1,1500,5,2,skew_normal + gaussian,5657.208890601436,False,False
1,1500,6,2,gaussian + skew_normal,5657.209351803036,False,False
1,1500,7,2,gaussian + student_t,5660.478005282683,True,True
1,1500,8,2,skew_normal + skew_normal,5664.52255633447,False,False
1,1500,9,2,skew_normal + student_t,5667.791202103069,False,False
1,1500,10,3,student_t + gaussian + gaussian,5668.060175186499,False,False
2,500,1,2,gamma + lognormal,1081.7934387936516,True,True
2,500,2,2,lognormal + lognormal,1085.0095289046467,False,False
2,500,3,2,lognormal + inverse_gaussian,1089.9557994836246,False,False
2,500,4,2,gamma + gamma,1108.9532400338508,False,False
2,500,5,2,lognormal + gamma,1111.6811556917175,True,True
2,500,6,2,gamma + inverse_gaussian,1111.8622010659035,False,False
2,500,7,2,inverse_gaussian + lognormal,1113.7528025997997,False,False
2,500,8,2,inverse_gaussian + gamma,1114.4664223333557,False,False
2,500,9,2,inverse_gaussian + inverse_gaussian,1116.929240767934,False,False
2,500,10,3,inverse_gaussian + gamma + gamma,1118.2076909409172,False,False
2,1000,1,2,lognormal + lognormal,2345.425652217246,False,False
2,1000,2,2,inverse_gaussian + lognormal,2354.0607277205627,False,False
2,1000,3,2,lognormal + inverse_gaussian,2354.0607277205627,False,False
2,1000,4,3,inverse_gaussian + lognormal + lognormal,2379.7891622961934,False,False
2,1000,5,3,lognormal + inverse_gaussian + lognormal,2381.4155378840956,False,False
2,1000,6,3,lognormal + lognormal + inverse_gaussian,2381.4621143202285,False,False
2,1000,7,3,lognormal + inverse_gaussian + gamma,2383.1631892210016,False,False
2,1000,8,3,inverse_gaussian + gamma + lognormal,2383.358434893959,False,False
2,1000,9,3,gamma + inverse_gaussian + lognormal,2383.7021679057298,False,False
2,1000,10,3,lognormal + gamma + lognormal,2386.9154274576154,False,False
2,1500,1,2,lognormal + lognormal,3591.0119554848,False,False
2,1500,2,2,gamma + lognormal,3593.329399893835,True,True
2,1500,3,2,inverse_gaussian + lognormal,3619.304829488037,False,False
2,1500,4,3,lognormal + inverse_gaussian + lognormal,3638.6076662040095,False,False
2,1500,5,3,inverse_gaussian + lognormal + gamma,3638.965517636638,False,False
2,1500,6,3,inverse_gaussian + lognormal + lognormal,3639.000951961114,False,False
2,1500,7,3,lognormal + lognormal + inverse_gaussian,3639.053286573625,False,False
2,1500,8,3,lognormal + lognormal + lognormal,3639.878942119112,False,False
2,1500,9,3,gamma + lognormal + lognormal,3640.373415622122,False,False
2,1500,10,3,inverse_gaussian + gamma + gamma,3640.544303052549,False,False
3,500,1,2,zip + poisson,2815.7496178355914,False,False
3,500,2,2,poisson + zip,2816.6563682492842,False,False
3,500,3,2,nb2 + zip,2821.205354897539,False,False
3,500,4,2,zip + nb2,2821.207754413268,False,False
3,500,5,2,zip + zip,2822.3961901715957,False,False
3,500,6,2,nb2 + nb2,2823.711842285298,False,True
3,500,7,2,poisson + poisson,2831.4348684674437,False,False
3,500,8,2,poisson + nb2,2836.1929280936843,True,True
3,500,9,2,nb2 + poisson,2836.2198006714807,True,True
3,500,10,3,poisson + poisson + nb2,2840.826928689309,False,False
3,1000,1,2,nb2 + nb2,5493.697995933145,False,True
3,1000,2,2,poisson + zip,5513.018766439173,False,False
3,1000,3,2,zip + poisson,5513.25858300058,False,False
3,1000,4,2,zip + nb2,5518.880811500521,False,False
3,1000,5,2,nb2 + zip,5519.05462227284,False,False
3,1000,6,2,zip + zip,5519.805087290241,False,False
3,1000,7,3,nb2 + poisson + nb2,5525.126296861782,False,False
3,1000,8,3,nb2 + nb2 + poisson,5525.701597353631,False,False
3,1000,9,3,poisson + nb2 + nb2,5528.035933550547,False,False
3,1000,10,3,zip + nb2 + nb2,5534.762187973193,False,False
3,1500,1,2,nb2 + nb2,8235.007590085692,False,True
3,1500,2,2,poisson + zip,8247.925330555663,False,False
3,1500,3,2,zip + poisson,8248.51076404488,False,False
3,1500,4,2,nb2 + zip,8251.616093188015,False,False
3,1500,5,2,zip + nb2,8251.880786661288,False,False
3,1500,6,3,zip + poisson + poisson,8252.874909182914,False,False
3,1500,7,2,zip + zip,8254.97751139526,False,False
3,1500,8,3,poisson + poisson + zip,8255.814506240507,False,False
3,1500,9,3,poisson + nb2 + zip,8259.435207589902,False,False
3,1500,10,3,zip + zip + poisson,8260.970117875388,False,False
4,500,1,2,poisson + zip,2518.5049904783937,True,True
4,500,2,2,zip + poisson,2518.5379120270045,True,True
4,500,3,2,nb2 + zip,2523.9545028634775,False,False
4,500,4,2,zip + zip,2524.648726989285,False,True
4,500,5,2,zip + nb2,2524.670205201306,False,False
4,500,6,3,poisson + nb2 + poisson,2545.172402553462,False,False
4,500,7,3,poisson + poisson + poisson,2546.758317055566,False,False
4,500,8,3,poisson + poisson + nb2,2550.942736328433,False,False
4,500,9,3,nb2 + nb2 + poisson,2551.4319652577733,False,False
4,500,10,3,nb2 + zip + poisson,2552.7743554194794,False,False
4,1000,1,2,zip + poisson,5009.814416629814,True,True
4,1000,2,2,poisson + zip,5009.851939039341,True,True
4,1000,3,2,nb2 + zip,5014.741478638516,False,False
4,1000,4,2,zip + nb2,5014.768806907873,False,False
4,1000,5,2,zip + zip,5016.557839777816,False,True
4,1000,6,3,poisson + poisson + poisson,5037.9786028064855,False,False
4,1000,7,3,zip + poisson + poisson,5042.997746624085,False,False
4,1000,8,3,poisson + poisson + zip,5044.732859653791,False,False
4,1000,9,3,poisson + zip + poisson,5044.785123423215,False,False
4,1000,10,3,nb2 + poisson + poisson,5044.830935059768,False,False
4,1500,1,2,poisson + zip,7399.445144119924,True,True
4,1500,2,2,zip + poisson,7399.449962972727,True,True
4,1500,3,2,zip + zip,7406.721339966192,False,True
4,1500,4,2,zip + nb2,7406.81195428116,False,False
4,1500,5,2,nb2 + zip,7406.93786354794,False,False
4,1500,6,3,poisson + poisson + nb2,7434.302324566186,False,False
4,1500,7,3,poisson + nb2 + poisson,7435.418053775525,False,False
4,1500,8,3,poisson + zip + poisson,7437.321432946676,False,False
4,1500,9,3,nb2 + poisson + poisson,7438.382802406934,False,False
4,1500,10,3,nb2 + poisson + nb2,7438.738810879896,False,False
1,500,1,2,student_t + gaussian,1918.53676198057,True,True
1,500,2,2,gaussian + gaussian,1923.7791143530576,False,False
1,500,3,2,student_t + skew_normal,1924.7511653938125,False,False
1,500,4,2,student_t + student_t,1924.7527746815936,False,True
1,500,5,2,gaussian + student_t,1926.7750261376384,True,True
1,500,6,2,gaussian + skew_normal,1929.9933189994747,False,False
1,500,7,2,skew_normal + gaussian,1929.9936615697384,False,False
1,500,8,2,skew_normal + student_t,1932.9890249711502,False,False
1,500,9,2,skew_normal + skew_normal,1936.2078669580196,False,False
1,500,10,3,gaussian + student_t + gaussian,1949.3523648720807,False,False
1,1000,1,2,student_t + gaussian,3848.8677843210544,True,True
1,1000,2,2,student_t + skew_normal,3855.76967278688,False,False
1,1000,3,2,student_t + student_t,3855.7914937169676,False,True
1,1000,4,2,gaussian + gaussian,3873.1132088632185,False,False
1,1000,5,2,gaussian + student_t,3877.2478259253517,True,True
1,1000,6,2,skew_normal + gaussian,3880.020962121504,False,False
1,1000,7,2,gaussian + skew_normal,3880.0212720333143,False,False
1,1000,8,2,skew_normal + student_t,3884.155497926951,False,False
1,1000,9,2,skew_normal + skew_normal,3886.9290252126593,False,False
1,1000,10,3,student_t + gaussian + gaussian,3896.3475686140214,False,False
1,1500,1,2,student_t + gaussian,5658.073559024155,True,True
1,1500,2,2,student_t + skew_normal,5665.386928760297,False,False
1,1500,3,2,student_t + student_t,5665.391736720492,False,True
1,1500,4,3,gaussian + gaussian + gaussian,5690.393498396337,False,False
1,1500,5,3,skew_normal + gaussian + gaussian,5697.70585339808,False,False
1,1500,6,3,gaussian + skew_normal + gaussian,5697.70700425975,False,False
1,1500,7,3,gaussian + gaussian + skew_normal,5697.708926159116,False,False
1,1500,8,2,gaussian + student_t,5697.9011908291595,True,True
1,1500,9,3,skew_normal + skew_normal + gaussian,5705.019359349657,False,False
1,1500,10,3,skew_normal + gaussian + skew_normal,5705.0212912795105,False,False
2,500,1,2,lognormal + lognormal,1248.0893403474047,False,False
2,500,2,2,lognormal + gamma,1249.190418071332,True,True
2,500,3,2,gamma + lognormal,1249.190418071332,True,True
2,500,4,2,inverse_gaussian + gamma,1256.7563787883612,False,False
2,500,5,2,gamma + inverse_gaussian,1256.7662016183674,False,False
2,500,6,2,inverse_gaussian + lognormal,1258.0520211041437,False,False
2,500,7,2,lognormal + inverse_gaussian,1258.0520211041437,False,False
2,500,8,2,inverse_gaussian + inverse_gaussian,1267.9264047644738,False,False
2,500,9,2,gamma + gamma,1276.2165710227785,False,False
2,500,10,3,lognormal + lognormal + lognormal,1278.5214367261249,False,False
2,1000,1,2,lognormal + lognormal,2496.0518447468103,False,False
2,1000,2,2,lognormal + gamma,2496.3508848259535,True,True
2,1000,3,2,inverse_gaussian + lognormal,2514.825791074071,False,False
2,1000,4,2,lognormal + inverse_gaussian,2514.825791074071,False,False
2,1000,5,3,lognormal + lognormal + inverse_gaussian,2534.942366328811,False,False
2,1000,6,3,inverse_gaussian + lognormal + lognormal,2534.9423665211484,False,False
2,1000,7,3,inverse_gaussian + gamma + lognormal,2535.4749003963298,False,False
2,1000,8,3,lognormal + lognormal + lognormal,2538.9328865931802,False,False
2,1000,9,3,lognormal + gamma + lognormal,2539.7180508810197,False,False
2,1000,10,3,gamma + lognormal + lognormal,2539.7180508810197,False,False
2,1500,1,2,lognormal + gamma,3455.288382226661,True,True
2,1500,2,2,gamma + lognormal,3455.288382226661,True,True
2,1500,3,2,lognormal + lognormal,3455.8334899942265,False,False
2,1500,4,2,inverse_gaussian + lognormal,3468.690733836362,False,False
2,1500,5,2,lognormal + inverse_gaussian,3468.690733836362,False,False
2,1500,6,3,lognormal + lognormal + lognormal,3497.9715733112453,False,False
2,1500,7,3,lognormal + inverse_gaussian + gamma,3499.064851064037,False,False
2,1500,8,3,inverse_gaussian + gamma + lognormal,3499.0648511886907,False,False
2,1500,9,3,lognormal + gamma + inverse_gaussian,3499.064855052419,False,False
2,1500,10,3,lognormal + gamma + lognormal,3501.2805898649794,False,False
3,500,1,2,nb2 + nb2,2745.7555780882212,False,True
3,500,2,2,poisson + zip,2746.3790933885416,False,False
3,500,3,2,zip + poisson,2746.3864961199447,False,False
3,500,4,2,nb2 + zip,2751.191628131117,False,False
3,500,5,2,zip + nb2,2751.316994945766,False,False
3,500,6,2,zip + zip,2751.6967795284945,False,False
3,500,7,3,poisson + poisson + poisson,2761.697168258935,False,False
3,500,8,3,poisson + nb2 + poisson,2766.481974817339,False,False
3,500,9,3,nb2 + poisson + poisson,2769.7496586523253,False,False
3,500,10,3,nb2 + nb2 + poisson,2771.2463314000074,False,False
3,1000,1,2,nb2 + nb2,5581.4920384321185,False,True
3,1000,2,2,zip + poisson,5604.699923146046,False,False
3,1000,3,2,poisson + zip,5605.045339584437,False,False
3,1000,4,2,zip + nb2,5605.75064070755,False,False
3,1000,5,2,nb2 + zip,5605.921508356078,False,False
3,1000,6,3,poisson + zip + poisson,5609.442509357662,False,False
3,1000,7,2,zip + zip,5611.678170976237,False,False
3,1000,8,3,poisson + poisson + poisson,5614.31584122879,False,False
3,1000,9,3,poisson + nb2 + nb2,5616.090628716291,False,False
3,1000,10,3,poisson + poisson + zip,5616.497588616904,False,False
3,1500,1,2,nb2 + nb2,8208.633181247838,False,True
3,1500,2,2,poisson + zip,8222.106484194985,False,False
3,1500,3,2,zip + poisson,8222.850367623429,False,False
3,1500,4,2,nb2 + zip,8226.453780540129,False,False
3,1500,5,2,zip + nb2,8227.330156940086,False,False
3,1500,6,2,zip + zip,8229.469762374665,False,False
3,1500,7,3,nb2 + poisson + nb2,8248.30172923723,False,False
3,1500,8,3,nb2 + poisson + poisson,8249.9101516452,False,False
3,1500,9,3,nb2 + poisson + zip,8250.373117315483,False,False
3,1500,10,3,poisson + nb2 + nb2,8250.494312914501,False,False
4,500,1,2,zip + poisson,2460.6203233743577,True,True
4,500,2,2,poisson + zip,2460.6932000154357,True,True
4,500,3,2,nb2 + zip,2465.7467082081994,False,False
4,500,4,2,zip + nb2,2465.7581630970344,False,False
4,500,5,2,zip + zip,2466.8091804944497,False,True
4,500,6,3,poisson + poisson + poisson,2482.274044200095,False,False
4,500,7,3,poisson + poisson + nb2,2489.984052847651,False,False
4,500,8,3,nb2 + nb2 + poisson,2490.565332214628,False,False
4,500,9,3,poisson + zip + poisson,2491.2551697908043,False,False
4,500,10,3,poisson + poisson + zip,2492.0098407238843,False,False
4,1000,1,2,poisson + zip,4959.300378665682,True,True
4,1000,2,2,zip + poisson,4959.455094204915,True,True
4,1000,3,2,zip + nb2,4964.095180532255,False,False
4,1000,4,2,zip + zip,4966.191252016436,False,True
4,1000,5,2,nb2 + zip,4966.263511941527,False,False
4,1000,6,3,poisson + poisson + poisson,4986.9491931009425,False,False
4,1000,7,3,poisson + nb2 + poisson,4991.899785823901,False,False
4,1000,8,3,nb2 + poisson + poisson,4994.078803403936,False,False
4,1000,9,3,poisson + poisson + nb2,4994.133265439866,False,False
4,1000,10,3,poisson + poisson + zip,4996.921941777445,False,False
4,1500,1,2,zip + poisson,7281.912735402803,True,True
4,1500,2,2,poisson + zip,7282.0102360872115,True,True
4,1500,3,2,zip + zip,7289.277154056849,False,True
4,1500,4,2,nb2 + zip,7289.302058745225,False,False
4,1500,5,2,zip + nb2,7289.409581638663,False,False
4,1500,6,3,poisson + poisson + nb2,7314.822395548285,False,False
4,1500,7,3,poisson + nb2 + poisson,7315.807409850497,False,False
4,1500,8,3,nb2 + poisson + poisson,7317.766683348048,False,False
4,1500,9,3,poisson + zip + poisson,7319.533856758441,False,False
4,1500,10,3,nb2 + poisson + nb2,7321.610192839458,False,False
1,500,1,2,student_t + gaussian,1902.612237273685,True,True
1,500,2,2,student_t + student_t,1908.2314336866482,False,True
1,500,3,2,student_t + skew_normal,1908.8262768922605,False,False
1,500,4,2,gaussian + student_t,1921.834384052762,True,True
1,500,5,2,skew_normal + student_t,1928.0490385961484,False,False
1,500,6,3,student_t + gaussian + gaussian,1941.344958743688,False,False
1,500,7,2,gaussian + gaussian,1942.5232674881788,False,False
1,500,8,3,student_t + student_t + gaussian,1943.5184887198511,False,False
1,500,9,3,student_t + gaussian + skew_normal,1947.5585082794182,False,False
1,500,10,3,student_t + skew_normal + gaussian,1947.5601747864307,False,False
1,1000,1,2,student_t + gaussian,3845.550920123242,True,True
1,1000,2,2,student_t + skew_normal,3852.450017949873,False,False
1,1000,3,2,student_t + student_t,3852.4729872140097,False,True
1,1000,4,2,gaussian + gaussian,3856.064941939321,False,False
1,1000,5,2,gaussian + student_t,3862.904061801141,True,True
1,1000,6,2,skew_normal + gaussian,3862.972356302105,False,False
1,1000,7,2,gaussian + skew_normal,3862.9725350354324,False,False
1,1000,8,2,skew_normal + student_t,3869.793303807722,False,False
1,1000,9,2,skew_normal + skew_normal,3869.8799469382216,False,False
1,1000,10,3,student_t + gaussian + gaussian,3886.44222548001,False,False
1,1500,1,2,student_t + gaussian,5615.0665239485825,True,True
1,1500,2,2,student_t + skew_normal,5622.379706160875,False,False
1,1500,3,2,student_t + student_t,5622.379916870496,False,True
1,1500,4,2,gaussian + student_t,5647.913650447572,True,True
1,1500,5,2,skew_normal + student_t,5655.2268883559,False,False
1,1500,6,3,student_t + gaussian + gaussian,5663.733559734031,False,False
1,1500,7,3,gaussian + gaussian + gaussian,5667.7867599851115,False,False
1,1500,8,3,student_t + student_t + gaussian,5670.960342372706,False,False
1,1500,9,3,student_t + skew_normal + gaussian,5671.046366873854,False,False
1,1500,10,3,student_t + gaussian + skew_normal,5671.046834866993,False,False
2,500,1,2,lognormal + gamma,1304.831594693807,True,True
2,500,2,2,gamma + lognormal,1304.831594693807,True,True
2,500,3,2,lognormal + lognormal,1305.9823956269588,False,False
2,500,4,2,inverse_gaussian + lognormal,1310.7501147041269,False,False
2,500,5,2,lognormal + inverse_gaussian,1310.7501147041269,False,False
2,500,6,2,gamma + gamma,1326.8461621888944,False,False
2,500,7,2,inverse_gaussian + gamma,1330.0643054714276,False,False
2,500,8,2,gamma + inverse_gaussian,1330.0643054714276,False,False
2,500,9,3,lognormal + gamma + gamma,1340.383815482509,False,False
2,500,10,3,gamma + lognormal + gamma,1340.383815482509,False,False
2,1000,1,2,inverse_gaussian + lognormal,2270.9354300232876,False,False
2,1000,2,2,lognormal + inverse_gaussian,2270.9354300232876,False,False
2,1000,3,2,lognormal + lognormal,2271.413600192099,False,False
2,1000,4,2,lognormal + gamma,2272.2216175918666,True,True
2,1000,5,2,inverse_gaussian + gamma,2297.764238613626,False,False
2,1000,6,2,inverse_gaussian + inverse_gaussian,2298.1607293805628,False,False
2,1000,7,3,lognormal + lognormal + gamma,2306.9204010171416,False,False
2,1000,8,3,lognormal + gamma + lognormal,2306.9204015048895,False,False
2,1000,9,3,gamma + lognormal + lognormal,2306.9430117639085,False,False
2,1000,10,3,gamma + gamma + lognormal,2307.037249779383,False,False
2,1500,1,2,lognormal + gamma,3441.8208893481574,True,True
2,1500,2,2,gamma + lognormal,3441.8208893481574,True,True
2,1500,3,2,lognormal + lognormal,3442.4408233965023,False,False
2,1500,4,2,inverse_gaussian + lognormal,3461.545101676889,False,False
2,1500,5,3,lognormal + gamma + gamma,3478.433615484692,False,False
2,1500,6,3,gamma + lognormal + gamma,3478.433615484692,False,False
2,1500,7,3,lognormal + gamma + lognormal,3478.8638528420242,False,False
2,1500,8,3,lognormal + lognormal + gamma,3479.242533691279,False,False
2,1500,9,3,gamma + lognormal + lognormal,3479.266559497043,False,False
2,1500,10,3,gamma + gamma + gamma,3479.688051864417,False,False
3,500,1,2,nb2 + nb2,2754.37145755493,False,True
3,500,2,2,zip + poisson,2767.298170947031,False,False
3,500,3,2,poisson + zip,2767.582884383418,False,False
3,500,4,2,zip + nb2,2773.077507770301,False,False
3,500,5,3,zip + poisson + poisson,2773.2584311331334,False,False
3,500,6,2,zip + zip,2773.4302165175304,False,False
3,500,7,2,nb2 + zip,2773.5888831835446,False,False
3,500,8,3,nb2 + poisson + poisson,2774.0853675319663,False,False
3,500,9,3,poisson + nb2 + poisson,2774.436625058815,False,False
3,500,10,3,nb2 + poisson + zip,2779.2834346201594,False,False
3,1000,1,2,nb2 + nb2,5405.145242922831,False,True
3,1000,2,2,poisson + zip,5412.94276610233,False,False
3,1000,3,2,zip + poisson,5413.206318742018,False,False
3,1000,4,2,zip + zip,5419.92381540996,False,False
3,1000,5,2,zip + nb2,5420.668205379716,False,False
3,1000,6,2,nb2 + zip,5420.974102195148,False,False
3,1000,7,3,poisson + poisson + nb2,5434.667158598553,False,False
3,1000,8,3,poisson + nb2 + nb2,5436.165485119923,False,False
3,1000,9,3,poisson + nb2 + zip,5436.915425549012,False,False
3,1000,10,3,poisson + poisson + zip,5437.351918228698,False,False
3,1500,1,2,nb2 + nb2,8187.500255840783,False,True
3,1500,2,2,zip + poisson,8194.085727634209,False,False
3,1500,3,2,poisson + zip,8194.197047712607,False,False
3,1500,4,2,zip + nb2,8199.150195151027,False,False
3,1500,5,2,nb2 + zip,8199.563332125601,False,False
3,1500,6,2,zip + zip,8202.004256058814,False,False
3,1500,7,3,poisson + poisson + poisson,8217.560779733356,False,False
3,1500,8,3,nb2 + poisson + poisson,8224.790161834893,False,False
3,1500,9,3,poisson + zip + nb2,8227.562577072684,False,False
3,1500,10,3,zip + nb2 + poisson,8227.71457081099,False,False
4,500,1,2,zip + poisson,2542.0770120643692,True,True
4,500,2,2,poisson + zip,2542.6185187163765,True,True
4,500,3,2,nb2 + zip,2547.7514902399644,False,False
4,500,4,2,zip + nb2,2548.04270995314,False,False
4,500,5,2,zip + zip,2548.354211350894,False,True
4,500,6,2,nb2 + nb2,2557.298403428151,False,False
4,500,7,3,poisson + nb2 + nb2,2568.4149626472577,False,False
4,500,8,3,poisson + poisson + zip,2568.6808442464912,False,False
4,500,9,3,zip + poisson + poisson,2569.8416176636533,False,False
4,500,10,3,poisson + zip + poisson,2573.2955388909627,False,False
4,1000,1,2,poisson + zip,4956.091648513816,True,True
4,1000,2,2,zip + poisson,4956.19239404519,True,True
4,1000,3,2,nb2 + zip,4961.752394463748,False,False
4,1000,4,2,zip + nb2,4961.874386488847,False,False
4,1000,5,2,zip + zip,4963.058934212178,False,True
4,1000,6,2,nb2 + nb2,4987.4144833313285,False,False
4,1000,7,3,poisson + poisson + poisson,4989.765188611256,False,False
4,1000,8,3,poisson + poisson + zip,4997.606928071185,False,False
4,1000,9,3,zip + poisson + poisson,4998.047080140495,False,False
4,1000,10,3,poisson + zip + poisson,4998.737566545528,False,False
4,1500,1,2,poisson + zip,7347.082611452822,True,True
4,1500,2,2,zip + poisson,7347.212104132187,True,True
4,1500,3,2,zip + nb2,7351.248082286245,False,False
4,1500,4,2,nb2 + zip,7351.4309044261745,False,False
4,1500,5,2,zip + zip,7354.346055256473,False,True
4,1500,6,3,poisson + poisson + poisson,7375.951372555869,False,False
4,1500,7,3,poisson + poisson + nb2,7377.872047773981,False,False
4,1500,8,3,poisson + nb2 + poisson,7380.2064673873765,False,False
4,1500,9,3,nb2 + poisson + poisson,7382.810244250232,False,False
4,1500,10,3,nb2 + nb2 + poisson,7389.683417546744,False,False
1,500,1,2,student_t + gaussian,1925.722629351884,True,True
1,500,2,2,gaussian + gaussian,1927.744822663877,False,False
1,500,3,2,student_t + skew_normal,1931.9373317543282,False,False
1,500,4,2,student_t + student_t,1931.9628477257543,False,True
1,500,5,2,gaussian + student_t,1933.9505436354375,True,True
1,500,6,2,gaussian + skew_normal,1933.9596276230795,False,False
1,500,7,2,skew_normal + gaussian,1933.9613334301803,False,False
1,500,8,2,skew_normal + student_t,1940.1749057681104,False,False
1,500,9,2,skew_normal + skew_normal,1940.176175127428,False,False
1,500,10,3,gaussian + gaussian + gaussian,1966.9606081339932,False,False
1,1000,1,2,gaussian + gaussian,3720.879794222459,False,False
1,1000,2,2,student_t + gaussian,3720.9836604686375,True,True
1,1000,3,2,gaussian + student_t,3726.136761626956,True,True
1,1000,4,2,student_t + student_t,3726.346539265155,False,True
1,1000,5,2,gaussian + skew_normal,3727.7841409686685,False,False
1,1000,6,2,skew_normal + gaussian,3727.78753675479,False,False
1,1000,7,2,student_t + skew_normal,3727.891992114181,False,False
1,1000,8,2,skew_normal + student_t,3733.0445349398897,False,False
1,1000,9,2,skew_normal + skew_normal,3734.691883447419,False,False
1,1000,10,3,gaussian + gaussian + gaussian,3762.1637180359394,False,False
1,1500,1,2,student_t + gaussian,5734.972112371366,True,True
1,1500,2,2,student_t + skew_normal,5742.285189146083,False,False
1,1500,3,2,student_t + student_t,5742.30697945935,False,True
1,1500,4,2,gaussian + student_t,5776.436203521158,True,True
1,1500,5,2,gaussian + gaussian,5777.911870616315,False,False
1,1500,6,3,student_t + gaussian + gaussian,5780.45278488107,False,False
1,1500,7,2,skew_normal + student_t,5783.749593715307,False,False
1,1500,8,2,skew_normal + gaussian,5785.214820171167,False,False
1,1500,9,2,gaussian + skew_normal,5785.225113206498,False,False
1,1500,10,3,student_t + gaussian + student_t,5786.452929212773,False,False
2,500,1,2,lognormal + gamma,1180.8253391528535,True,True
2,500,2,2,lognormal + lognormal,1182.35941192321,False,False
2,500,3,2,inverse_gaussian + lognormal,1191.611756234296,False,False
2,500,4,2,lognormal + inverse_gaussian,1191.611756234296,False,False
2,500,5,2,gamma + gamma,1198.9973492787428,False,False
2,500,6,2,gamma + lognormal,1199.614622140944,True,True
2,500,7,2,inverse_gaussian + gamma,1206.021161399402,False,False
2,500,8,2,gamma + inverse_gaussian,1206.021161399402,False,False
2,500,9,3,gamma + gamma + gamma,1212.43275418241,False,False
2,500,10,3,lognormal + inverse_gaussian + gamma,1212.7455778001663,False,False
2,1000,1,2,lognormal + lognormal,2417.5061399721444,False,False
2,1000,2,2,gamma + lognormal,2418.236820249329,True,True
2,1000,3,2,inverse_gaussian + lognormal,2428.924007528627,False,False
2,1000,4,2,lognormal + inverse_gaussian,2428.924007528627,False,False
2,1000,5,3,gamma + lognormal + inverse_gaussian,2446.231164965779,False,False
2,1000,6,3,inverse_gaussian + lognormal + lognormal,2446.6123970993676,False,False
2,1000,7,3,lognormal + lognormal + inverse_gaussian,2446.6952454667735,False,False
2,1000,8,3,inverse_gaussian + lognormal + gamma,2453.5319395369825,False,False
2,1000,9,3,gamma + gamma + inverse_gaussian,2454.197572800699,False,False
2,1000,10,3,lognormal + gamma + lognormal,2455.8400933647663,False,False
2,1500,1,2,gamma + lognormal,3604.7184240214397,True,True
2,1500,2,2,lognormal + lognormal,3608.3647026194044,False,False
2,1500,3,2,lognormal + inverse_gaussian,3626.050694745978,False,False
2,1500,4,2,inverse_gaussian + lognormal,3626.050694745978,False,False
2,1500,5,3,gamma + lognormal + lognormal,3648.4660532387124,False,False
2,1500,6,3,gamma + lognormal + gamma,3650.4771585597814,False,False
2,1500,7,3,lognormal + gamma + gamma,3650.4771585597814,False,False
2,1500,8,3,lognormal + gamma + inverse_gaussian,3651.6347613562853,False,False
2,1500,9,3,inverse_gaussian + gamma + lognormal,3651.762593513709,False,False
2,1500,10,3,lognormal + lognormal + lognormal,3653.4383731440435,False,False
3,500,1,2,nb2 + nb2,2743.319453113856,False,True
3,500,2,2,zip + poisson,2750.887069846676,False,False
3,500,3,2,poisson + zip,2751.5517419294165,False,False
3,500,4,2,poisson + poisson,2755.6939444115737,False,False
3,500,5,2,zip + nb2,2756.159496638241,False,False
3,500,6,2,nb2 + zip,2757.4014344913367,False,False
3,500,7,2,zip + zip,2757.7664734345863,False,False
3,500,8,2,poisson + nb2,2761.9542624203837,True,True
3,500,9,2,nb2 + poisson,2761.97743780056,True,True
3,500,10,3,poisson + poisson + zip,2765.7852475305617,False,False
3,1000,1,2,nb2 + nb2,5387.6362350385325,False,True
3,1000,2,2,poisson + zip,5403.77429051124,False,False
3,1000,3,2,zip + poisson,5404.942335013521,False,False
3,1000,4,2,zip + nb2,5409.646129266929,False,False
3,1000,5,2,zip + zip,5412.617394104428,False,False
3,1000,6,3,zip + nb2 + poisson,5417.555386088077,False,False
3,1000,7,3,poisson + poisson + poisson,5418.711580897296,False,False
3,1000,8,3,poisson + nb2 + zip,5419.0888584532295,False,False
3,1000,9,2,nb2 + zip,5419.14557997443,False,False
3,1000,10,3,poisson + nb2 + poisson,5419.220996458116,False,False
3,1500,1,2,nb2 + nb2,8107.910434423234,False,True
3,1500,2,3,poisson + nb2 + poisson,8136.401956236641,False,False
3,1500,3,3,zip + poisson + poisson,8139.552819734604,False,False
3,1500,4,2,poisson + zip,8141.961148244163,False,False
3,1500,5,3,nb2 + nb2 + poisson,8142.67882795994,False,False
3,1500,6,2,zip + poisson,8143.11122284228,False,False
3,1500,7,3,nb2 + poisson + nb2,8143.73522233703,False,False
3,1500,8,3,nb2 + zip + poisson,8144.257697108681,False,False
3,1500,9,3,poisson + nb2 + zip,8144.416037291286,False,False
3,1500,10,3,zip + poisson + nb2,8144.49772888548,False,False
4,500,1,2,poisson + zip,2484.5931225609647,True,True
4,500,2,2,zip + poisson,2484.66882013984,True,True
4,500,3,2,nb2 + zip,2490.408444669949,False,False
4,500,4,2,zip + zip,2490.728764956547,False,True
4,500,5,2,zip + nb2,2491.9890267100136,False,False
4,500,6,2,nb2 + nb2,2507.8116679810364,False,False
4,500,7,3,zip + poisson + poisson,2513.251856526535,False,False
4,500,8,3,poisson + poisson + nb2,2514.5854305519365,False,False
4,500,9,3,poisson + zip + poisson,2515.3443541826773,False,False
4,500,10,3,poisson + nb2 + poisson,2517.1408625586914,False,False
4,1000,1,2,zip + nb2,4960.533933251305,False,False
4,1000,2,2,nb2 + zip,4960.569428470951,False,False
4,1000,3,2,poisson + zip,4961.404277577164,True,True
4,1000,4,2,zip + poisson,4961.434896900925,True,True
4,1000,5,2,zip + zip,4968.422264403153,False,True
4,1000,6,3,zip + poisson + poisson,4983.487085540375,False,False
4,1000,7,3,poisson + poisson + zip,4984.345324004149,False,False
4,1000,8,3,poisson + poisson + nb2,4985.55923639347,False,False
4,1000,9,3,nb2 + poisson + poisson,4986.536775613508,False,False
4,1000,10,3,poisson + zip + poisson,4986.972398560567,False,False
4,1500,1,2,zip + poisson,7384.154901427305,True,True
4,1500,2,2,poisson + zip,7384.154934209887,True,True
4,1500,3,2,nb2 + zip,7390.962938959097,False,False
4,1500,4,2,zip + nb2,7391.219607684467,False,False
4,1500,5,2,zip + zip,7391.308587241432,False,True
4,1500,6,3,nb2 + nb2 + poisson,7419.205334707786,False,False
4,1500,7,3,poisson + poisson + zip,7420.878092144244,False,False
4,1500,8,3,poisson + zip + poisson,7422.460880926599,False,False
4,1500,9,3,zip + nb2 + poisson,7422.5124490506405,False,False
4,1500,10,3,zip + poisson + poisson,7422.6836068742805,False,False
1,500,1,2,student_t + gaussian,1910.198996871847,True,True
1,500,2,2,student_t + student_t,1915.177219115997,False,True
1,500,3,2,student_t + skew_normal,1916.4131798413234,False,False
1,500,4,2,gaussian + gaussian,1920.071699929588,False,False
1,500,5,2,gaussian + student_t,1921.771698207008,True,True
1,500,6,2,skew_normal + gaussian,1926.2862809182318,False,False
1,500,7,2,gaussian + skew_normal,1926.2863417610756,False,False
1,500,8,2,skew_normal + student_t,1927.9863694343867,False,False
1,500,9,2,skew_normal + skew_normal,1932.5009224516489,False,False
1,500,10,3,student_t + gaussian + gaussian,1938.4325611434385,False,False
1,1000,1,2,student_t + gaussian,3741.108369019887,True,True
1,1000,2,2,student_t + student_t,3747.8924908127296,False,True
1,1000,3,2,student_t + skew_normal,3748.0158217060466,False,False
1,1000,4,2,gaussian + student_t,3757.81831298107,True,True
1,1000,5,2,gaussian + gaussian,3760.3063439632756,False,False
1,1000,6,2,skew_normal + student_t,3764.7261086494427,False,False
1,1000,7,2,skew_normal + gaussian,3767.214120444293,False,False
1,1000,8,2,gaussian + skew_normal,3767.2145960626117,False,False
1,1000,9,2,skew_normal + skew_normal,3774.122373146322,False,False
1,1000,10,3,student_t + gaussian + gaussian,3786.9062946337153,False,False
1,1500,1,2,student_t + gaussian,5601.63434204706,True,True
1,1500,2,2,student_t + student_t,5607.761279093886,False,True
1,1500,3,2,student_t + skew_normal,5608.94770948062,False,False
1,1500,4,2,gaussian + student_t,5623.938158088841,True,True
1,1500,5,2,gaussian + gaussian,5626.416408220379,False,False
1,1500,6,2,skew_normal + student_t,5631.251416023805,False,False
1,1500,7,2,gaussian + skew_normal,5633.7296639129,False,False
1,1500,8,2,skew_normal + gaussian,5633.731175575238,False,False
1,1500,9,2,skew_normal + skew_normal,5641.044425317339,False,False
1,1500,10,3,student_t + gaussian + gaussian,5653.591954373518,False,False
2,500,1,2,lognormal + lognormal,1350.9037880821866,False,False
2,500,2,2,lognormal + gamma,1352.0062878402066,True,True
2,500,3,2,gamma + lognormal,1352.0062878402066,True,True
2,500,4,2,inverse_gaussian + lognormal,1361.9580524603234,False,False
2,500,5,2,lognormal + inverse_gaussian,1361.9580524603234,False,False
2,500,6,2,inverse_gaussian + gamma,1377.5743472781812,False,False
2,500,7,3,inverse_gaussian + gamma + lognormal,1378.755466647726,False,False
2,500,8,3,gamma + inverse_gaussian + lognormal,1378.755466647726,False,False
2,500,9,3,inverse_gaussian + lognormal + gamma,1378.755467344004,False,False
2,500,10,3,lognormal + lognormal + lognormal,1380.977115291852,False,False
2,1000,1,2,gamma + lognormal,2214.9972879051434,True,True
2,1000,2,2,lognormal + lognormal,2223.0981112248455,False,False
2,1000,3,2,inverse_gaussian + lognormal,2249.9689082415643,False,False
2,1000,4,2,lognormal + inverse_gaussian,2249.9689082415643,False,False
2,1000,5,3,gamma + lognormal + inverse_gaussian,2259.6535579263677,False,False
2,1000,6,3,lognormal + gamma + inverse_gaussian,2259.6535579263677,False,False
2,1000,7,3,inverse_gaussian + gamma + lognormal,2259.653565954066,False,False
2,1000,8,3,lognormal + inverse_gaussian + gamma,2259.799585472688,False,False
2,1000,9,3,lognormal + gamma + lognormal,2259.914139417656,False,False
2,1000,10,2,inverse_gaussian + gamma,2260.8734656694023,False,False
2,1500,1,2,lognormal + gamma,3312.2242567045864,True,True
2,1500,2,2,gamma + lognormal,3312.2242567045864,True,True
2,1500,3,2,lognormal + lognormal,3314.313089575964,False,False
2,1500,4,2,lognormal + inverse_gaussian,3341.3658917134726,False,False
2,1500,5,2,inverse_gaussian + lognormal,3341.3658917134726,False,False
2,1500,6,3,lognormal + lognormal + gamma,3351.8516012300806,False,False
2,1500,7,3,lognormal + lognormal + lognormal,3353.9407440777245,False,False
2,1500,8,3,lognormal + gamma + inverse_gaussian,3357.9407040317533,False,False
2,1500,9,3,gamma + inverse_gaussian + lognormal,3357.94070458121,False,False
2,1500,10,3,inverse_gaussian + lognormal + gamma,3357.940705576348,False,False
3,500,1,2,nb2 + nb2,2741.9179522743843,False,True
3,500,2,2,nb2 + zip,2743.6871262764907,False,False
3,500,3,2,zip + poisson,2749.929667330177,False,False
3,500,4,2,poisson + zip,2751.2480748563867,False,False
3,500,5,2,zip + zip,2756.122199292542,False,False
3,500,6,2,zip + nb2,2756.152825651652,False,False
3,500,7,3,nb2 + zip + poisson,2764.9979212177695,False,False
3,500,8,2,poisson + poisson,2770.6093377232555,False,False
3,500,9,3,poisson + poisson + poisson,2770.6963320646523,False,False
3,500,10,3,zip + poisson + poisson,2771.600814775855,False,False
3,1000,1,2,poisson + zip,5465.95506312471,False,False
3,1000,2,2,zip + poisson,5466.222061632207,False,False
3,1000,3,2,zip + nb2,5471.401803857347,False,False
3,1000,4,2,nb2 + nb2,5471.4416776451435,False,True
3,1000,5,2,nb2 + zip,5472.282853344687,False,False
3,1000,6,2,zip + zip,5472.83247908616,False,False
3,1000,7,3,nb2 + poisson + poisson,5491.744131092746,False,False
3,1000,8,3,poisson + nb2 + poisson,5493.45911013572,False,False
3,1000,9,3,poisson + poisson + nb2,5495.512216547868,False,False
3,1000,10,3,poisson + zip + poisson,5496.15377396839,False,False
3,1500,1,2,nb2 + nb2,8297.718217738693,False,True
3,1500,2,3,nb2 + poisson + nb2,8324.284677271353,False,False
3,1500,3,3,poisson + poisson + poisson,8325.006070940677,False,False
3,1500,4,3,poisson + nb2 + nb2,8325.603046955534,False,False
3,1500,5,3,nb2 + nb2 + poisson,8325.943748071482,False,False
3,1500,6,3,zip + poisson + poisson,8328.093191734351,False,False
3,1500,7,2,zip + poisson,8334.389956359508,False,False
3,1500,8,3,poisson + nb2 + poisson,8335.067146253472,False,False
3,1500,9,3,zip + poisson + nb2,8336.873235810064,False,False
3,1500,10,3,poisson + nb2 + zip,8337.632847754436,False,False
4,500,1,2,zip + poisson,2490.1801864424488,True,True
4,500,2,2,poisson + zip,2490.229703395704,True,True
4,500,3,2,zip + nb2,2495.0615614669923,False,False
4,500,4,2,nb2 + zip,2495.1462361329595,False,False
4,500,5,2,zip + zip,2496.4354168060627,False,True
4,500,6,3,poisson + nb2 + poisson,2514.9300546214763,False,False
4,500,7,3,nb2 + poisson + poisson,2518.65229407833,False,False
4,500,8,3,poisson + poisson + nb2,2520.3595719819823,False,False
4,500,9,3,poisson + zip + nb2,2521.733897013147,False,False
4,500,10,3,poisson + poisson + zip,2522.567249872502,False,False
4,1000,1,2,zip + poisson,4877.101028208833,True,True
4,1000,2,2,poisson + zip,4877.4602882768595,True,True
4,1000,3,2,zip + nb2,4883.317633192269,False,False
4,1000,4,2,nb2 + zip,4883.428172780817,False,False
4,1000,5,2,zip + zip,4884.104997459129,False,True
4,1000,6,2,nb2 + nb2,4904.3968012234645,False,False
4,1000,7,3,poisson + zip + poisson,4911.788444591274,False,False
4,1000,8,3,nb2 + poisson + poisson,4912.296968574654,False,False
4,1000,9,3,poisson + poisson + nb2,4912.780383213131,False,False
4,1000,10,3,poisson + nb2 + poisson,4913.919908623147,False,False
4,1500,1,2,zip + poisson,7347.550669062141,True,True
4,1500,2,2,poisson + zip,7347.766175844633,True,True
4,1500,3,2,nb2 + zip,7351.97417390133,False,False
4,1500,4,2,zip + zip,7354.917003987798,False,True
4,1500,5,2,zip + nb2,7355.084475228137,False,False
4,1500,6,3,zip + poisson + poisson,7380.288745442475,False,False
4,1500,7,3,nb2 + poisson + nb2,7384.2146853440345,False,False
4,1500,8,3,nb2 + poisson + poisson,7384.295106258665,False,False
4,1500,9,3,poisson + poisson + nb2,7385.88974424957,False,False
4,1500,10,3,nb2 + nb2 + poisson,7387.348670567123,False,False
1,500,1,2,gaussian + gaussian,1958.5103417184157,False,False
1,500,2,2,student_t + gaussian,1962.289044835082,True,True
1,500,3,2,gaussian + student_t,1963.809963196834,True,True
1,500,4,2,gaussian + skew_normal,1964.724443835258,False,False
1,500,5,2,skew_normal + gaussian,1964.724929025141,False,False
1,500,6,2,student_t + student_t,1967.2062519113188,False,True
1,500,7,2,student_t + skew_normal,1968.5028929486296,False,False
1,500,8,2,skew_normal + student_t,1970.0245512754852,False,False
1,500,9,2,skew_normal + skew_normal,1970.9390309357595,False,False
1,500,10,3,gaussian + gaussian + gaussian,2001.0154080973148,False,False
1,1000,1,2,student_t + gaussian,3789.043322309481,True,True
1,1000,2,2,student_t + student_t,3795.9091879367784,False,True
1,1000,3,2,student_t + skew_normal,3795.9513399373304,False,False
1,1000,4,2,gaussian + student_t,3815.5309133264714,True,True
1,1000,5,2,skew_normal + student_t,3822.438704507062,False,False
1,1000,6,2,gaussian + gaussian,3830.939017742028,False,False
1,1000,7,3,student_t + gaussian + gaussian,3832.478420605004,False,False
1,1000,8,2,gaussian + skew_normal,3837.844251593127,False,False
1,1000,9,2,skew_normal + gaussian,3837.8467605927267,False,False
1,1000,10,3,student_t + gaussian + student_t,3838.5885174098457,False,False
1,1500,1,2,student_t + gaussian,5580.116747737908,True,True
1,1500,2,2,student_t + student_t,5587.377008939778,False,True
1,1500,3,2,student_t + skew_normal,5587.430053939859,False,False
1,1500,4,2,gaussian + student_t,5621.049840887577,True,True
1,1500,5,2,skew_normal + student_t,5628.363069672692,False,False
1,1500,6,3,student_t + gaussian + gaussian,5629.229258028976,False,False
1,1500,7,2,gaussian + gaussian,5632.108994051083,False,False
1,1500,8,3,student_t + gaussian + student_t,5634.4500219548645,False,False
1,1500,9,3,student_t + gaussian + skew_normal,5636.542670562658,False,False
1,1500,10,3,student_t + skew_normal + gaussian,5636.54340085858,False,False
2,500,1,2,gamma + lognormal,1231.4899843154174,True,True
2,500,2,2,lognormal + lognormal,1234.4239161249936,False,False
2,500,3,2,lognormal + inverse_gaussian,1239.3202447359188,False,False
2,500,4,2,gamma + gamma,1247.5222987252425,False,False
2,500,5,2,lognormal + gamma,1248.7661379232757,True,True
2,500,6,2,inverse_gaussian + gamma,1251.2770532504026,False,False
2,500,7,2,gamma + inverse_gaussian,1251.2770532504026,False,False
2,500,8,2,inverse_gaussian + lognormal,1254.3043698178615,False,False
2,500,9,2,inverse_gaussian + inverse_gaussian,1260.0001423766432,False,False
2,500,10,3,gamma + gamma + gamma,1262.7829975095665,False,False
2,1000,1,2,lognormal + lognormal,2211.4932127909087,False,False
2,1000,2,2,lognormal + gamma,2212.7951500578947,True,True
2,1000,3,2,inverse_gaussian + lognormal,2221.124385413448,False,False
2,1000,4,2,lognormal + inverse_gaussian,2221.124385413448,False,False
2,1000,5,3,inverse_gaussian + gamma + gamma,2247.854425954647,False,False
2,1000,6,3,gamma + gamma + inverse_gaussian,2247.8874361364024,False,False
2,1000,7,3,inverse_gaussian + lognormal + gamma,2248.1362986579124,False,False
2,1000,8,3,gamma + lognormal + inverse_gaussian,2248.1486527251463,False,False
2,1000,9,3,lognormal + lognormal + inverse_gaussian,2249.2268878689265,False,False
2,1000,10,3,lognormal + inverse_gaussian + lognormal,2249.2648222889675,False,False
2,1500,1,2,gamma + lognormal,3203.703605914395,True,True
2,1500,2,2,lognormal + lognormal,3206.094946957806,False,False
2,1500,3,2,inverse_gaussian + lognormal,3229.8869328490177,False,False
2,1500,4,3,gamma + inverse_gaussian + lognormal,3245.940202366587,False,False
2,1500,5,3,inverse_gaussian + gamma + lognormal,3246.3779559260224,False,False
2,1500,6,3,inverse_gaussian + lognormal + gamma,3246.377962818889,False,False
2,1500,7,3,lognormal + gamma + inverse_gaussian,3246.567480327299,False,False
2,1500,8,3,lognormal + lognormal + inverse_gaussian,3248.4359229685047,False,False
2,1500,9,3,lognormal + inverse_gaussian + lognormal,3248.487995212385,False,False
2,1500,10,3,inverse_gaussian + lognormal + lognormal,3248.487995482839,False,False
3,500,1,2,nb2 + nb2,2735.1059757580015,False,True
3,500,2,2,zip + poisson,2736.9138600592205,False,False
3,500,3,2,poisson + zip,2736.9673690174322,False,False
3,500,4,2,zip + nb2,2742.47389223505,False,False
3,500,5,2,nb2 + zip,2743.096148197561,False,False
3,500,6,2,zip + zip,2743.1450582807583,False,False
3,500,7,3,poisson + poisson + zip,2750.3540345035103,False,False
3,500,8,3,poisson + zip + nb2,2753.2720456794104,False,False
3,500,9,3,nb2 + poisson + poisson,2753.39309797527,False,False
3,500,10,3,poisson + zip + poisson,2754.252379175439,False,False
3,1000,1,2,nb2 + nb2,5377.23840050303,False,True
3,1000,2,3,poisson + poisson + poisson,5395.844279215957,False,False
3,1000,3,2,poisson + zip,5397.908478436638,False,False
3,1000,4,2,zip + poisson,5398.407105765783,False,False
3,1000,5,2,zip + nb2,5403.110158872017,False,False
3,1000,6,2,nb2 + zip,5404.466118523435,False,False
3,1000,7,2,zip + zip,5404.648582191243,False,False
3,1000,8,3,poisson + nb2 + nb2,5407.675001033482,False,False
3,1000,9,3,zip + poisson + nb2,5408.502010868368,False,False
3,1000,10,3,poisson + nb2 + zip,5408.510076081401,False,False
3,1500,1,2,nb2 + nb2,8162.469475286228,False,True
3,1500,2,2,zip + poisson,8181.115993495845,False,False
3,1500,3,2,poisson + zip,8181.334813604696,False,False
3,1500,4,2,zip + nb2,8186.459418139024,False,False
3,1500,5,3,poisson + poisson + poisson,8187.561016435374,False,False
3,1500,6,2,zip + zip,8188.378340564026,False,False
3,1500,7,2,nb2 + zip,8189.054498073635,False,False
3,1500,8,3,nb2 + zip + poisson,8192.165914786183,False,False
3,1500,9,3,poisson + zip + nb2,8192.613947679469,False,False
3,1500,10,3,zip + poisson + nb2,8192.662671342603,False,False
4,500,1,2,zip + poisson,2522.0537380313017,True,True
4,500,2,2,poisson + zip,2522.1588080091815,True,True
4,500,3,2,zip + nb2,2528.2363537903493,False,False
4,500,4,2,zip + zip,2528.3129289277413,False,True
4,500,5,2,nb2 + zip,2528.499836984256,False,False
4,500,6,2,nb2 + nb2,2552.4915269821677,False,False
4,500,7,3,nb2 + nb2 + poisson,2553.913447602911,False,False
4,500,8,3,poisson + poisson + zip,2554.0240889986476,False,False
4,500,9,3,poisson + poisson + nb2,2555.1529781236204,False,False
4,500,10,3,nb2 + poisson + poisson,2555.475721570248,False,False
4,1000,1,2,zip + poisson,4925.840954539998,True,True
4,1000,2,2,poisson + zip,4925.87941294336,True,True
4,1000,3,2,nb2 + zip,4930.5483427023855,False,False
4,1000,4,2,zip + nb2,4930.696547729763,False,False
4,1000,5,2,zip + zip,4932.572478710897,False,True
4,1000,6,3,poisson + poisson + nb2,4954.789168149812,False,False
4,1000,7,3,poisson + nb2 + poisson,4955.261612467644,False,False
4,1000,8,3,nb2 + poisson + nb2,4960.9823116136085,False,False
4,1000,9,3,nb2 + poisson + poisson,4960.990173408203,False,False
4,1000,10,3,nb2 + nb2 + poisson,4961.623213030029,False,False
4,1500,1,2,zip + poisson,7365.486409706862,True,True
4,1500,2,2,poisson + zip,7365.555018433805,True,True
4,1500,3,2,nb2 + zip,7372.833941461763,False,False
4,1500,4,2,zip + nb2,7372.841601322472,False,False
4,1500,5,2,zip + zip,7372.854575695426,False,True
4,1500,6,3,zip + nb2 + poisson,7400.1822492551855,False,False
4,1500,7,3,poisson + poisson + poisson,7401.180643843852,False,False
4,1500,8,3,zip + poisson + poisson,7405.906899088518,False,False
4,1500,9,3,nb2 + poisson + poisson,7406.4240257320125,False,False
4,1500,10,3,nb2 + poisson + nb2,7406.8603627584025,False,False
1,500,1,2,student_t + gaussian,1928.6077478614548,True,True
1,500,2,2,student_t + student_t,1934.8130655222478,False,True
1,500,3,2,student_t + skew_normal,1934.8235278693492,False,False
1,500,4,2,gaussian + student_t,1939.6561656196725,True,True
1,500,5,2,skew_normal + student_t,1945.870555087327,False,False
1,500,6,3,gaussian + gaussian + gaussian,1955.86320799435,False,False
1,500,7,2,gaussian + gaussian,1956.9090876374178,False,False
1,500,8,3,student_t + gaussian + gaussian,1957.1039472168702,False,False
1,500,9,3,skew_normal + gaussian + gaussian,1962.0764531951218,False,False
1,500,10,3,gaussian + gaussian + skew_normal,1962.0770076750255,False,False
1,1000,1,2,student_t + gaussian,3778.935727858104,True,True
1,1000,2,2,student_t + skew_normal,3785.8441320447814,False,False
1,1000,3,2,student_t + student_t,3786.052982689521,False,True
1,1000,4,2,gaussian + student_t,3796.6787300370656,True,True
1,1000,5,2,gaussian + gaussian,3798.4608179959127,False,False
1,1000,6,2,skew_normal + student_t,3803.586541956172,False,False
1,1000,7,2,skew_normal + gaussian,3805.3686713498623,False,False
1,1000,8,2,gaussian + skew_normal,3805.3696448343658,False,False
1,1000,9,3,gaussian + gaussian + gaussian,3810.7161652094146,False,False
1,1000,10,2,skew_normal + skew_normal,3812.2774987088856,False,False
1,1500,1,2,student_t + gaussian,5571.3193212375045,True,True
1,1500,2,2,student_t + skew_normal,5578.632578315031,False,False
1,1500,3,2,student_t + student_t,5578.657989457062,False,True
1,1500,4,3,student_t + gaussian + gaussian,5617.44107659584,False,False
1,1500,5,3,student_t + gaussian + student_t,5623.960468753774,False,False
1,1500,6,3,student_t + skew_normal + gaussian,5624.753272247602,False,False
1,1500,7,3,student_t + gaussian + skew_normal,5624.753370768403,False,False
1,1500,8,3,student_t + student_t + gaussian,5625.053772233415,False,False
1,1500,9,3,student_t + student_t + student_t,5631.07643412549,False,False
1,1500,10,3,student_t + skew_normal + student_t,5631.269278863084,False,False
2,500,1,2,lognormal + gamma,1390.1459053862739,True,True
2,500,2,2,gamma + lognormal,1390.1459053862739,True,True
2,500,3,2,lognormal + lognormal,1391.3501655386178,False,False
2,500,4,2,inverse_gaussian + lognormal,1397.477566675991,False,False
2,500,5,2,lognormal + inverse_gaussian,1397.477566675991,False,False
2,500,6,3,inverse_gaussian + lognormal + gamma,1412.7784713664166,False,False
2,500,7,2,gamma + inverse_gaussian,1414.5597830158647,False,False
2,500,8,3,lognormal + lognormal + inverse_gaussian,1417.5384224446952,False,False
2,500,9,3,gamma + inverse_gaussian + gamma,1419.7694310510512,False,False
2,500,10,3,gamma + lognormal + inverse_gaussian,1420.2409794537696,False,False
2,1000,1,2,lognormal + gamma,2334.110103770239,True,True
2,1000,2,2,lognormal + lognormal,2334.6143335014312,False,False
2,1000,3,2,lognormal + inverse_gaussian,2342.903679115592,False,False
2,1000,4,2,inverse_gaussian + lognormal,2342.9051950494086,False,False
2,1000,5,3,gamma + lognormal + lognormal,2379.1755518343098,False,False
2,1000,6,3,lognormal + lognormal + lognormal,2379.5621731041247,False,False
2,1000,7,3,gamma + inverse_gaussian + gamma,2380.7256924215303,False,False
2,1000,8,3,gamma + gamma + inverse_gaussian,2380.729892565442,False,False
2,1000,9,3,lognormal + lognormal + inverse_gaussian,2380.949029376352,False,False
2,1000,10,3,inverse_gaussian + lognormal + lognormal,2380.9490294698935,False,False
2,1500,1,2,lognormal + gamma,3364.0560568963792,True,True
2,1500,2,2,lognormal + lognormal,3369.108310352896,False,False
2,1500,3,2,lognormal + inverse_gaussian,3397.0889443726423,False,False
2,1500,4,3,inverse_gaussian + lognormal + gamma,3412.8328784105065,False,False
2,1500,5,3,lognormal + gamma + inverse_gaussian,3412.8328808509627,False,False
2,1500,6,3,gamma + gamma + lognormal,3413.197082895477,False,False
2,1500,7,3,lognormal + gamma + gamma,3413.197083833257,False,False
2,1500,8,3,gamma + lognormal + gamma,3413.2819460691803,False,False
2,1500,9,3,lognormal + lognormal + lognormal,3415.233748159761,False,False
2,1500,10,3,gamma + lognormal + lognormal,3415.5878804205886,False,False
3,500,1,2,zip + poisson,2761.525890647066,False,False
3,500,2,2,poisson + zip,2761.7522827927187,False,False
3,500,3,2,nb2 + poisson,2763.347065342192,True,True
3,500,4,2,poisson + nb2,2763.367411681883,True,True
3,500,5,2,zip + nb2,2766.897376618981,False,False
3,500,6,2,zip + zip,2767.6708648491303,False,False
3,500,7,2,nb2 + zip,2767.829372459186,False,False
3,500,8,2,nb2 + nb2,2769.3183146772826,False,True
3,500,9,2,poisson + poisson,2769.5703637089728,False,False
3,500,10,3,poisson + poisson + poisson,2782.230488196,False,False
3,1000,1,2,nb2 + nb2,5405.525409830065,False,True
3,1000,2,2,zip + poisson,5411.451682382713,False,False
3,1000,3,2,poisson + zip,5411.531517901704,False,False
3,1000,4,2,nb2 + zip,5417.111953088967,False,False
3,1000,5,2,zip + nb2,5417.627451014337,False,False
3,1000,6,2,zip + zip,5418.428128395726,False,False
3,1000,7,3,poisson + poisson + zip,5435.535993666262,False,False
3,1000,8,3,poisson + nb2 + nb2,5435.645144224219,False,False
3,1000,9,3,nb2 + nb2 + poisson,5438.5554149620975,False,False
3,1000,10,3,nb2 + poisson + nb2,5440.82577245251,False,False
3,1500,1,2,nb2 + nb2,8212.364277825705,False,True
3,1500,2,2,poisson + zip,8236.816264626823,False,False
3,1500,3,2,zip + poisson,8236.905650607981,False,False
3,1500,4,2,nb2 + zip,8241.258538106487,False,False
3,1500,5,3,zip + poisson + nb2,8241.710423481267,False,False
3,1500,6,3,nb2 + poisson + zip,8241.828670442772,False,False
3,1500,7,2,zip + nb2,8242.355980084529,False,False
3,1500,8,2,zip + zip,8243.948068244585,False,False
3,1500,9,3,poisson + nb2 + zip,8245.833922617794,False,False
3,1500,10,3,poisson + zip + nb2,8247.263101709865,False,False
4,500,1,2,poisson + zip,2542.2507373646067,True,True
4,500,2,2,zip + poisson,2542.36842223146,True,True
4,500,3,2,zip + nb2,2546.869242116445,False,False
4,500,4,2,nb2 + zip,2547.0031090246675,False,False
4,500,5,2,zip + zip,2547.831885865012,False,True
4,500,6,2,nb2 + nb2,2564.005252542879,False,False
4,500,7,3,poisson + poisson + poisson,2565.177914304372,False,False
4,500,8,3,zip + poisson + poisson,2570.0631588594065,False,False
4,500,9,3,poisson + poisson + nb2,2570.635946970561,False,False
4,500,10,3,poisson + nb2 + poisson,2570.8398771126417,False,False
4,1000,1,2,zip + poisson,4967.702755228931,True,True
4,1000,2,2,poisson + zip,4967.882607416025,True,True
4,1000,3,2,zip + nb2,4973.340078303908,False,False
4,1000,4,2,zip + zip,4974.569288380049,False,True
4,1000,5,2,nb2 + zip,4974.580078371576,False,False
4,1000,6,3,nb2 + poisson + poisson,5001.844510546686,False,False
4,1000,7,3,poisson + nb2 + poisson,5001.8875109161,False,False
4,1000,8,3,nb2 + nb2 + poisson,5005.606734668019,False,False
4,1000,9,3,poisson + zip + poisson,5007.34055541382,False,False
4,1000,10,3,nb2 + poisson + nb2,5008.071886573786,False,False
4,1500,1,2,zip + poisson,7427.421647337732,True,True
4,1500,2,2,poisson + zip,7427.547792033608,True,True
4,1500,3,2,nb2 + zip,7431.517828303044,False,False
4,1500,4,2,zip + zip,7434.690692473461,False,True
4,1500,5,2,zip + nb2,7434.803915423452,False,False
4,1500,6,3,poisson + poisson + poisson,7456.567205221372,False,False
4,1500,7,3,nb2 + poisson + poisson,7459.283797599884,False,False
4,1500,8,3,poisson + poisson + nb2,7460.801570049993,False,False
4,1500,9,3,poisson + nb2 + poisson,7460.972652160926,False,False
4,1500,10,3,nb2 + nb2 + poisson,7465.031783626109,False,False
1,500,1,2,student_t + gaussian,1925.5695537684012,True,True
1,500,2,2,student_t + student_t,1931.743734954852,False,True
1,500,3,2,student_t + skew_normal,1931.7837848380263,False,False
1,500,4,2,gaussian + student_t,1938.098658090367,True,True
1,500,5,2,skew_normal + student_t,1944.3133664618172,False,False
1,500,6,3,student_t + gaussian + gaussian,1967.7268633250565,False,False
1,500,7,3,gaussian + gaussian + student_t,1970.8522175867024,False,False
1,500,8,3,student_t + gaussian + student_t,1973.4165844427525,False,False
1,500,9,3,student_t + gaussian + skew_normal,1973.9413661654542,False,False
1,500,10,3,student_t + skew_normal + gaussian,1973.9415352619692,False,False
1,1000,1,2,student_t + gaussian,3794.7682223469888,True,True
1,1000,2,2,student_t + student_t,3801.4321489178283,False,True
1,1000,3,2,student_t + skew_normal,3801.6740065937183,False,False
1,1000,4,2,gaussian + student_t,3813.7622563064892,True,True
1,1000,5,2,gaussian + gaussian,3817.9949678177277,False,False
1,1000,6,2,skew_normal + student_t,3820.670149731457,False,False
1,1000,7,2,skew_normal + gaussian,3824.9028397256484,False,False
1,1000,8,2,gaussian + skew_normal,3824.902936983825,False,False
1,1000,9,2,skew_normal + skew_normal,3831.810809723265,False,False
1,1000,10,3,student_t + gaussian + gaussian,3840.9854679493474,False,False
1,1500,1,2,student_t + gaussian,5735.795538398568,True,True
1,1500,2,2,student_t + skew_normal,5743.1091509234575,False,False
1,1500,3,2,student_t + student_t,5743.2704750156145,False,True
1,1500,4,2,gaussian + student_t,5771.352751215756,True,True
1,1500,5,2,skew_normal + student_t,5778.665861800944,False,False
1,1500,6,3,student_t + gaussian + gaussian,5780.698045041328,False,False
1,1500,7,3,student_t + student_t + gaussian,5787.458113398391,False,False
1,1500,8,3,student_t + skew_normal + gaussian,5788.010422826917,False,False
1,1500,9,3,student_t + gaussian + skew_normal,5788.011272201361,False,False
1,1500,10,3,student_t + gaussian + student_t,5788.743115228893,False,False
2,500,1,2,lognormal + gamma,1139.6170301533878,True,True
2,500,2,2,gamma + lognormal,1139.6170301533878,True,True
2,500,3,2,lognormal + lognormal,1140.3941580214753,False,False
2,500,4,2,inverse_gaussian + lognormal,1147.0788356015125,False,False
2,500,5,2,gamma + gamma,1174.0540741120838,False,False
2,500,6,3,lognormal + gamma + lognormal,1174.210576916243,False,False
2,500,7,3,lognormal + lognormal + gamma,1174.236853118699,False,False
2,500,8,3,inverse_gaussian + lognormal + gamma,1174.8950538549352,False,False
2,500,9,3,lognormal + inverse_gaussian + gamma,1174.8950538549352,False,False
2,500,10,3,lognormal + lognormal + lognormal,1175.005056077296,False,False
2,1000,1,2,lognormal + lognormal,2263.037848580866,False,False
2,1000,2,2,gamma + lognormal,2265.9710151720687,True,True
2,1000,3,2,lognormal + inverse_gaussian,2273.226145304366,False,False
2,1000,4,2,lognormal + gamma,2296.3268414537033,True,True
2,1000,5,2,gamma + gamma,2300.2786944076843,False,False
2,1000,6,2,inverse_gaussian + gamma,2302.19348350936,False,False
2,1000,7,2,gamma + inverse_gaussian,2302.19348350936,False,False
2,1000,8,3,gamma + gamma + lognormal,2304.7331152188826,False,False
2,1000,9,3,lognormal + gamma + lognormal,2304.8530681953616,False,False
2,1000,10,3,lognormal + lognormal + gamma,2305.15883356963,False,False
2,1500,1,2,lognormal + lognormal,3738.665838873157,False,False
2,1500,2,2,gamma + lognormal,3739.0520291888374,True,True
2,1500,3,2,lognormal + gamma,3739.0599334063186,True,True
2,1500,4,2,inverse_gaussian + lognormal,3758.5058947112116,False,False
2,1500,5,2,lognormal + inverse_gaussian,3758.5095629505636,False,False
2,1500,6,3,lognormal + lognormal + lognormal,3774.9552137982537,False,False
2,1500,7,3,lognormal + gamma + lognormal,3783.855256336845,False,False
2,1500,8,3,gamma + lognormal + lognormal,3784.179136908368,False,False
2,1500,9,3,lognormal + lognormal + gamma,3788.540204830468,False,False
2,1500,10,3,gamma + gamma + lognormal,3789.9132621946455,False,False
3,500,1,2,poisson + poisson,2767.350663107633,False,False
3,500,2,2,nb2 + nb2,2770.1575860302873,False,True
3,500,3,2,poisson + zip,2770.655471811065,False,False
3,500,4,2,zip + poisson,2771.3118248173505,False,False
3,500,5,2,nb2 + poisson,2772.458715525836,True,True
3,500,6,2,poisson + nb2,2774.3852798059443,True,True
3,500,7,2,nb2 + zip,2776.723721406268,False,False
3,500,8,2,zip + zip,2777.2638700891557,False,False
3,500,9,2,zip + nb2,2778.333720866408,False,False
3,500,10,3,nb2 + poisson + poisson,2786.1183134835524,False,False
3,1000,1,2,nb2 + nb2,5509.203097962653,False,True
3,1000,2,2,zip + poisson,5534.472418728042,False,False
3,1000,3,2,poisson + zip,5534.508592992494,False,False
3,1000,4,2,zip + nb2,5539.618060317434,False,False
3,1000,5,2,nb2 + zip,5541.243745423834,False,False
3,1000,6,2,zip + zip,5541.284776853288,False,False
3,1000,7,3,poisson + zip + zip,5544.108516156438,False,False
3,1000,8,3,poisson + zip + poisson,5545.40902407117,False,False
3,1000,9,3,poisson + poisson + poisson,5545.904177924471,False,False
3,1000,10,3,zip + poisson + poisson,5547.70851522809,False,False
3,1500,1,2,nb2 + nb2,8154.059491027205,False,True
3,1500,2,2,poisson + zip,8197.60129696208,False,False
3,1500,3,2,zip + poisson,8197.68393316652,False,False
3,1500,4,3,nb2 + poisson + nb2,8198.036959055025,False,False
3,1500,5,3,nb2 + nb2 + poisson,8198.070818932954,False,False
3,1500,6,3,poisson + poisson + poisson,8198.613966878078,False,False
3,1500,7,3,poisson + nb2 + nb2,8200.309194017827,False,False
3,1500,8,3,zip + nb2 + nb2,8200.972179278286,False,False
3,1500,9,3,nb2 + nb2 + zip,8201.139501745145,False,False
3,1500,10,3,nb2 + zip + nb2,8201.575646757821,False,False
4,500,1,2,zip + poisson,2561.512493011356,True,True
4,500,2,2,poisson + zip,2561.872151248982,True,True
4,500,3,2,zip + nb2,2566.752608695927,False,False
4,500,4,2,nb2 + zip,2566.917132049064,False,False
4,500,5,2,zip + zip,2568.0910576398464,False,True
4,500,6,3,poisson + poisson + poisson,2586.5337443555295,False,False
4,500,7,3,nb2 + poisson + poisson,2592.7245381581256,False,False
4,500,8,3,poisson + nb2 + poisson,2593.532248451105,False,False
4,500,9,2,nb2 + nb2,2595.1874106370515,False,False
4,500,10,3,poisson + zip + poisson,2595.501101726268,False,False
4,1000,1,2,zip + poisson,4933.816537799924,True,True
4,1000,2,2,poisson + zip,4933.928083011173,True,True
4,1000,3,2,zip + zip,4941.072810131075,False,True
4,1000,4,2,zip + nb2,4941.199537656993,False,False
4,1000,5,2,nb2 + zip,4941.320858839196,False,False
4,1000,6,3,poisson + nb2 + poisson,4968.269363215966,False,False
4,1000,7,3,poisson + poisson + nb2,4969.405002429119,False,False
4,1000,8,3,nb2 + poisson + poisson,4969.657825804354,False,False
4,1000,9,3,zip + poisson + poisson,4972.847776715018,False,False
4,1000,10,3,poisson + poisson + zip,4973.13410584773,False,False
4,1500,1,2,poisson + zip,7301.693790566746,True,True
4,1500,2,2,zip + poisson,7302.007903763916,True,True
4,1500,3,2,zip + nb2,7306.99202247309,False,False
4,1500,4,2,nb2 + zip,7309.081592782805,False,False
4,1500,5,2,zip + zip,7309.212229537365,False,True
4,1500,6,3,poisson + poisson + nb2,7335.007560992374,False,False
4,1500,7,3,nb2 + poisson + poisson,7337.030438931449,False,False
4,1500,8,3,poisson + nb2 + nb2,7339.515372864919,False,False
4,1500,9,3,poisson + nb2 + poisson,7340.021351439557,False,False
4,1500,10,3,poisson + poisson + poisson,7342.050810035492,False,False
1,500,1,2,student_t + gaussian,1883.585415337541,True,True
1,500,2,2,gaussian + student_t,1886.088115602285,True,True
1,500,3,2,student_t + student_t,1887.488566343105,False,True
1,500,4,2,student_t + skew_normal,1889.800014806988,False,False
1,500,5,2,skew_normal + student_t,1892.302808491696,False,False
1,500,6,2,gaussian + gaussian,1898.3090156562669,False,False
1,500,7,2,gaussian + skew_normal,1904.5225616512441,False,False
1,500,8,2,skew_normal + gaussian,1904.522678479648,False,False
1,500,9,2,skew_normal + skew_normal,1910.736216111937,False,False
1,500,10,3,student_t + gaussian + gaussian,1918.959059640929,False,False
1,1000,1,2,student_t + gaussian,3814.2387494083077,True,True
1,1000,2,2,student_t + skew_normal,3821.146837842471,False,False
1,1000,3,2,student_t + student_t,3821.1566216953197,False,True
1,1000,4,2,gaussian + student_t,3840.6007431965304,True,True
1,1000,5,2,skew_normal + student_t,3847.509847437986,False,False
1,1000,6,2,gaussian + gaussian,3853.577995327943,False,False
1,1000,7,2,skew_normal + gaussian,3860.4857214251165,False,False
1,1000,8,2,gaussian + skew_normal,3860.4862905107325,False,False
1,1000,9,3,student_t + gaussian + gaussian,3862.350434296639,False,False
1,1000,10,2,skew_normal + skew_normal,3867.3940150357043,False,False
1,1500,1,2,student_t + gaussian,5705.019478072055,True,True
1,1500,2,2,student_t + student_t,5711.315898294095,False,True
1,1500,3,2,student_t + skew_normal,5712.332723081052,False,False
1,1500,4,2,gaussian + student_t,5739.63745688688,True,True
1,1500,5,3,student_t + gaussian + gaussian,5742.156326863009,False,False
1,1500,6,2,skew_normal + student_t,5746.951415419482,False,False
1,1500,7,3,student_t + gaussian + student_t,5748.40026780446,False,False
1,1500,8,3,student_t + student_t + gaussian,5748.796214268723,False,False
1,1500,9,3,student_t + skew_normal + gaussian,5749.169770509184,False,False
1,1500,10,3,student_t + gaussian + skew_normal,5749.47368625797,False,False
2,500,1,2,lognormal + lognormal,1187.331880357153,False,False
2,500,2,2,lognormal + gamma,1187.410180374632,True,True
2,500,3,2,inverse_gaussian + gamma,1218.7092492896538,False,False
2,500,4,2,gamma + inverse_gaussian,1218.7116751848,False,False
2,500,5,2,inverse_gaussian + lognormal,1219.122239016007,False,False
2,500,6,2,lognormal + inverse_gaussian,1219.122239016007,False,False
2,500,7,2,gamma + lognormal,1222.2732229859191,True,True
2,500,8,2,gamma + gamma,1222.4898720550925,False,False
2,500,9,3,lognormal + lognormal + lognormal,1224.5611101527422,False,False
2,500,10,3,inverse_gaussian + lognormal + lognormal,1224.756146163107,False,False
2,1000,1,2,lognormal + gamma,2357.879890145816,True,True
2,1000,2,2,gamma + lognormal,2357.879890145816,True,True
2,1000,3,2,lognormal + lognormal,2358.8043232878035,False,False
2,1000,4,2,inverse_gaussian + lognormal,2381.616142167608,False,False
2,1000,5,3,gamma + lognormal + lognormal,2405.0047943030986,False,False
2,1000,6,3,lognormal + gamma + lognormal,2405.0192541813162,False,False
2,1000,7,3,lognormal + lognormal + gamma,2405.019257167678,False,False
2,1000,8,3,lognormal + gamma + inverse_gaussian,2406.4673136764195,False,False
2,1000,9,3,inverse_gaussian + gamma + lognormal,2406.481993350795,False,False
2,1000,10,3,gamma + gamma + lognormal,2406.722914327149,False,False
2,1500,1,2,lognormal + gamma,3377.3631809343874,True,True
2,1500,2,2,gamma + lognormal,3377.3631809343874,True,True
2,1500,3,2,lognormal + lognormal,3379.4455063798328,False,False
2,1500,4,2,inverse_gaussian + lognormal,3384.9513568154016,False,False
2,1500,5,2,lognormal + inverse_gaussian,3384.9513568154016,False,False
2,1500,6,3,gamma + gamma + lognormal,3416.1489922141714,False,False
2,1500,7,3,lognormal + gamma + gamma,3416.157056369491,False,False
2,1500,8,3,gamma + lognormal + gamma,3416.1570564394356,False,False
2,1500,9,3,lognormal + gamma + lognormal,3417.8501881929965,False,False
2,1500,10,3,lognormal + lognormal + gamma,3417.955396536847,False,False
3,500,1,2,nb2 + nb2,2764.655797096996,False,True
3,500,2,2,poisson + zip,2765.233343790756,False,False
3,500,3,2,zip + poisson,2765.736442070653,False,False
3,500,4,2,zip + nb2,2771.0013492430244,False,False
3,500,5,2,nb2 + zip,2771.065258057777,False,False
3,500,6,2,zip + zip,2771.945566467485,False,False
3,500,7,3,poisson + poisson + poisson,2783.543965562876,False,False
3,500,8,3,poisson + nb2 + poisson,2787.9048761530535,False,False
3,500,9,3,poisson + zip + poisson,2788.225016482238,False,False
3,500,10,3,poisson + poisson + zip,2790.556319650764,False,False
3,1000,1,2,nb2 + nb2,5535.638498006684,False,True
3,1000,2,2,zip + poisson,5544.981388872974,False,False
3,1000,3,2,poisson + zip,5545.147789571319,False,False
3,1000,4,2,nb2 + zip,5549.881021996329,False,False
3,1000,5,2,zip + nb2,5550.239044086892,False,False
3,1000,6,2,zip + zip,5551.538320259532,False,False
3,1000,7,3,poisson + poisson + poisson,5558.761372440871,False,False
3,1000,8,3,poisson + poisson + nb2,5561.788440694133,False,False
3,1000,9,3,nb2 + poisson + poisson,5568.78953803895,False,False
3,1000,10,3,nb2 + nb2 + poisson,5570.571570659481,False,False
3,1500,1,2,nb2 + nb2,8276.898277239323,False,True
3,1500,2,3,poisson + nb2 + nb2,8313.007373982804,False,False
3,1500,3,3,zip + poisson + poisson,8316.777574767453,False,False
3,1500,4,3,nb2 + poisson + nb2,8319.524750234916,False,False
3,1500,5,3,nb2 + nb2 + poisson,8319.563258395874,False,False
3,1500,6,3,nb2 + nb2 + zip,8322.252609209712,False,False
3,1500,7,3,nb2 + zip + nb2,8322.67339339553,False,False
3,1500,8,3,zip + nb2 + nb2,8323.229882022255,False,False
3,1500,9,3,nb2 + nb2 + nb2,8324.994224225638,False,False
3,1500,10,3,poisson + zip + zip,8325.342372465702,False,False
4,500,1,2,zip + poisson,2490.114294477103,True,True
4,500,2,2,poisson + zip,2490.3130265452337,True,True
4,500,3,2,zip + nb2,2495.2317070889867,False,False
4,500,4,2,nb2 + zip,2495.636299723242,False,False
4,500,5,2,zip + zip,2496.406844564928,False,True
4,500,6,2,nb2 + nb2,2510.699207244171,False,False
4,500,7,3,poisson + poisson + poisson,2510.9639146617824,False,False
4,500,8,2,poisson + poisson,2515.5968175137677,False,False
4,500,9,3,nb2 + poisson + poisson,2515.695891898086,False,False
4,500,10,3,poisson + nb2 + poisson,2515.7690018599337,False,False
4,1000,1,2,poisson + zip,4874.858061486626,True,True
4,1000,2,2,zip + poisson,4874.941800136509,True,True
4,1000,3,2,zip + nb2,4880.225098839007,False,False
4,1000,4,2,nb2 + zip,4881.6716831445265,False,False
4,1000,5,2,zip + zip,4881.693391944338,False,True
4,1000,6,3,poisson + nb2 + poisson,4904.021403064215,False,False
4,1000,7,2,nb2 + nb2,4910.816377577057,False,False
4,1000,8,3,poisson + poisson + nb2,4911.7538537701985,False,False
4,1000,9,3,nb2 + poisson + poisson,4912.306930216474,False,False
4,1000,10,3,zip + poisson + nb2,4914.632452752007,False,False
4,1500,1,2,zip + poisson,7317.0987043517025,True,True
4,1500,2,2,poisson + zip,7317.485838436197,True,True
4,1500,3,2,nb2 + zip,7321.93962750338,False,False
4,1500,4,2,zip + nb2,7323.227375420283,False,False
4,1500,5,2,zip + zip,7324.528450086115,False,True
4,1500,6,3,poisson + zip + poisson,7353.046515815623,False,False
4,1500,7,2,nb2 + nb2,7353.241955631754,False,False
4,1500,8,3,nb2 + poisson + poisson,7353.8057547712215,False,False
4,1500,9,3,poisson + poisson + nb2,7354.332001160306,False,False
4,1500,10,3,poisson + poisson + zip,7355.572600863718,False,False
1,500,1,2,student_t + gaussian,1930.5117010509875,True,True
1,500,2,2,gaussian + gaussian,1933.2154008783587,False,False
1,500,3,2,student_t + student_t,1934.2480190061149,False,True
1,500,4,2,gaussian + student_t,1935.8099781532605,True,True
1,500,5,2,student_t + skew_normal,1936.7269423118155,False,False
1,500,6,2,skew_normal + gaussian,1939.431708492248,False,False
1,500,7,2,gaussian + skew_normal,1939.4352288639209,False,False
1,500,8,2,skew_normal + student_t,1942.0243963784924,False,False
1,500,9,2,skew_normal + skew_normal,1945.6494856269935,False,False
1,500,10,3,student_t + gaussian + gaussian,1954.8219819000294,False,False
1,1000,1,2,student_t + gaussian,3726.1300059007367,True,True
1,1000,2,2,student_t + skew_normal,3733.037924298938,False,False
1,1000,3,2,student_t + student_t,3733.054227165787,False,True
1,1000,4,2,gaussian + student_t,3749.6457057020148,True,True
1,1000,5,2,skew_normal + student_t,3756.5532489037946,False,False
1,1000,6,2,gaussian + gaussian,3757.604028113895,False,False
1,1000,7,3,student_t + gaussian + gaussian,3764.15478561529,False,False
1,1000,8,2,skew_normal + gaussian,3764.5117956546733,False,False
1,1000,9,2,gaussian + skew_normal,3764.5118836632532,False,False
1,1000,10,3,student_t + student_t + gaussian,3770.109910808436,False,False
1,1500,1,2,student_t + gaussian,5589.300511060623,True,True
1,1500,2,2,student_t + student_t,5596.05445933386,False,True
1,1500,3,2,student_t + skew_normal,5596.613682747986,False,False
1,1500,4,2,gaussian + student_t,5621.80652330962,True,True
1,1500,5,2,skew_normal + student_t,5629.117341979678,False,False
1,1500,6,3,student_t + gaussian + gaussian,5632.1833362762645,False,False
1,1500,7,2,gaussian + gaussian,5635.511798480111,False,False
1,1500,8,3,student_t + student_t + gaussian,5636.362213311315,False,False
1,1500,9,3,student_t + gaussian + student_t,5638.923353637178,False,False
1,1500,10,3,student_t + gaussian + skew_normal,5639.495749747661,False,False
2,500,1,2,lognormal + gamma,1263.9213198746486,True,True
2,500,2,2,lognormal + lognormal,1264.5218730818003,False,False
2,500,3,2,inverse_gaussian + lognormal,1277.011928289439,False,False
2,500,4,2,lognormal + inverse_gaussian,1277.011928289439,False,False
2,500,5,3,lognormal + gamma + lognormal,1283.9799185782422,False,False
2,500,6,3,lognormal + lognormal + lognormal,1284.8716773518252,False,False
2,500,7,3,inverse_gaussian + lognormal + lognormal,1285.5077491844256,False,False
2,500,8,3,lognormal + lognormal + inverse_gaussian,1285.515520367102,False,False
2,500,9,3,lognormal + inverse_gaussian + lognormal,1285.6184049936953,False,False
2,500,10,2,gamma + lognormal,1287.9011363019788,True,True
2,1000,1,2,lognormal + lognormal,2342.557869185448,False,False
2,1000,2,2,lognormal + gamma,2343.8602101226934,True,True
2,1000,3,2,gamma + lognormal,2343.8602101226934,True,True
2,1000,4,2,inverse_gaussian + lognormal,2365.054811006038,False,False
2,1000,5,2,lognormal + inverse_gaussian,2365.054811006038,False,False
2,1000,6,3,lognormal + lognormal + inverse_gaussian,2378.254606725617,False,False
2,1000,7,3,lognormal + inverse_gaussian + lognormal,2378.254607131542,False,False
2,1000,8,3,lognormal + lognormal + lognormal,2379.0957590899534,False,False
2,1000,9,3,lognormal + gamma + inverse_gaussian,2379.725831409589,False,False
2,1000,10,3,lognormal + gamma + lognormal,2380.465634446675,False,False
2,1500,1,2,gamma + lognormal,3467.480775358106,True,True
2,1500,2,2,lognormal + lognormal,3470.5575054249707,False,False
2,1500,3,2,lognormal + inverse_gaussian,3487.0327014025775,False,False
2,1500,4,2,inverse_gaussian + lognormal,3487.0327014025775,False,False
2,1500,5,3,lognormal + gamma + inverse_gaussian,3507.002274252192,False,False
2,1500,6,3,gamma + inverse_gaussian + lognormal,3507.0022787199623,False,False
2,1500,7,3,gamma + lognormal + lognormal,3508.712798349709,False,False
2,1500,8,3,lognormal + lognormal + gamma,3508.7127983970945,False,False
2,1500,9,3,lognormal + gamma + lognormal,3508.712799172328,False,False
2,1500,10,3,lognormal + lognormal + lognormal,3511.4600305058516,False,False
3,500,1,2,nb2 + nb2,2815.160352087466,False,True
3,500,2,2,poisson + zip,2819.0090927439724,False,False
3,500,3,2,zip + poisson,2819.0892611067316,False,False
3,500,4,2,nb2 + zip,2825.235130785217,False,False
3,500,5,2,zip + zip,2825.248683131719,False,False
3,500,6,2,zip + nb2,2834.605652950482,False,False
3,500,7,3,poisson + nb2 + poisson,2834.9570687117207,False,False
3,500,8,3,poisson + poisson + nb2,2835.674442967746,False,False
3,500,9,3,nb2 + poisson + poisson,2835.8427039972953,False,False
3,500,10,3,poisson + zip + poisson,2836.511728346435,False,False
3,1000,1,2,nb2 + nb2,5430.348682387047,False,True
3,1000,2,2,zip + poisson,5446.7781890880915,False,False
3,1000,3,2,poisson + zip,5446.853438685285,False,False
3,1000,4,2,zip + nb2,5453.082078819124,False,False
3,1000,5,2,nb2 + zip,5453.0975514030715,False,False
3,1000,6,2,zip + zip,5453.5418931661015,False,False
3,1000,7,3,zip + poisson + poisson,5454.084182562818,False,False
3,1000,8,3,poisson + zip + poisson,5454.844901305189,False,False
3,1000,9,3,nb2 + poisson + poisson,5455.756203380437,False,False
3,1000,10,3,poisson + nb2 + poisson,5457.431080113275,False,False
3,1500,1,2,nb2 + nb2,8212.645032976647,False,True
3,1500,2,2,zip + poisson,8253.135802079652,False,False
3,1500,3,2,poisson + zip,8253.182261005732,False,False
3,1500,4,3,nb2 + poisson + nb2,8253.207593270365,False,False
3,1500,5,3,nb2 + nb2 + poisson,8253.997142511,False,False
3,1500,6,3,poisson + nb2 + nb2,8256.227550710813,False,False
3,1500,7,3,nb2 + zip + nb2,8257.831190782686,False,False
3,1500,8,3,poisson + poisson + poisson,8258.890032491428,False,False
3,1500,9,3,zip + nb2 + nb2,8259.19013394758,False,False
3,1500,10,3,nb2 + nb2 + zip,8259.726107515151,False,False
4,500,1,2,zip + poisson,2430.08043251911,True,True
4,500,2,2,poisson + zip,2430.104973041921,True,True
4,500,3,2,nb2 + zip,2436.0824915184567,False,False
4,500,4,2,zip + nb2,2436.1339612415313,False,False
4,500,5,2,zip + zip,2436.292651342742,False,True
4,500,6,2,poisson + poisson,2445.372776467175,False,False
4,500,7,2,nb2 + nb2,2446.409200075588,False,False
4,500,8,2,nb2 + poisson,2448.7080822616413,False,False
4,500,9,2,poisson + nb2,2448.860381047655,False,False
4,500,10,3,nb2 + poisson + poisson,2454.5560939201523,False,False
4,1000,1,2,zip + poisson,4913.449091489263,True,True
4,1000,2,2,poisson + zip,4913.573253055946,True,True
4,1000,3,2,zip + nb2,4918.5432982732045,False,False
4,1000,4,2,nb2 + zip,4920.377089443181,False,False
4,1000,5,2,zip + zip,4920.449726415008,False,True
4,1000,6,3,poisson + poisson + poisson,4946.036826030759,False,False
4,1000,7,3,nb2 + nb2 + poisson,4948.548131820521,False,False
4,1000,8,3,poisson + nb2 + nb2,4948.675876877516,False,False
4,1000,9,3,nb2 + poisson + poisson,4951.100652140371,False,False
4,1000,10,3,nb2 + poisson + nb2,4953.411901533293,False,False
4,1500,1,2,poisson + zip,7393.243641633439,True,True
4,1500,2,2,zip + poisson,7393.533131917005,True,True
4,1500,3,2,nb2 + zip,7398.991467466981,False,False
4,1500,4,2,zip + nb2,7399.932469840491,False,False
4,1500,5,2,zip + zip,7401.045092693296,False,True
4,1500,6,3,poisson + poisson + poisson,7427.228274881573,False,False
4,1500,7,3,nb2 + poisson + poisson,7433.149297200432,False,False
4,1500,8,3,zip + nb2 + poisson,7434.473201729158,False,False
4,1500,9,3,poisson + nb2 + zip,7434.666980521452,False,False
4,1500,10,3,nb2 + zip + poisson,7434.67649847211,False,False
1,500,1,2,gaussian + gaussian,1919.0337638487515,False,False
1,500,2,2,student_t + gaussian,1925.2427856328502,True,True
1,500,3,2,gaussian + skew_normal,1925.246069061893,False,False
1,500,4,2,skew_normal + gaussian,1925.2483425107096,False,False
1,500,5,2,gaussian + student_t,1925.270590441743,True,True
1,500,6,2,student_t + skew_normal,1931.4533476830534,False,False
1,500,7,2,skew_normal + skew_normal,1931.4606483832194,False,False
1,500,8,2,skew_normal + student_t,1931.4806169050917,False,False
1,500,9,2,student_t + student_t,1931.4929377395451,False,True
1,500,10,3,gaussian + gaussian + gaussian,1958.3121149926021,False,False
1,1000,1,2,student_t + gaussian,3798.2176590350596,True,True
1,1000,2,2,student_t + student_t,3805.0359984576507,False,True
1,1000,3,2,student_t + skew_normal,3805.1257730498664,False,False
1,1000,4,2,gaussian + student_t,3822.053030836414,True,True
1,1000,5,2,skew_normal + student_t,3828.9609875724577,False,False
1,1000,6,3,student_t + gaussian + gaussian,3842.264676660305,False,False
1,1000,7,3,student_t + student_t + gaussian,3849.1638054769464,False,False
1,1000,8,3,student_t + gaussian + skew_normal,3849.172316237731,False,False
1,1000,9,3,student_t + skew_normal + gaussian,3849.1724566022244,False,False
1,1000,10,3,student_t + gaussian + student_t,3849.2173302377764,False,False
1,1500,1,2,student_t + gaussian,5643.748963192785,True,True
1,1500,2,2,student_t + skew_normal,5651.062384880377,False,False
1,1500,3,2,student_t + student_t,5651.199539997806,False,True
1,1500,4,3,student_t + gaussian + gaussian,5692.8517618691285,False,False
1,1500,5,3,student_t + student_t + gaussian,5697.03658048902,False,False
1,1500,6,3,student_t + skew_normal + gaussian,5700.162736738483,False,False
1,1500,7,3,student_t + gaussian + skew_normal,5700.166259379894,False,False
1,1500,8,3,student_t + gaussian + student_t,5700.521308320505,False,False
1,1500,9,2,gaussian + student_t,5703.081341263237,True,True
1,1500,10,3,student_t + student_t + student_t,5703.516515448095,False,False
2,500,1,2,lognormal + lognormal,1010.914899269851,False,False
2,500,2,2,lognormal + gamma,1011.1711623519991,True,True
2,500,3,2,gamma + lognormal,1011.1711623519991,True,True
2,500,4,2,inverse_gaussian + lognormal,1014.4021079348889,False,False
2,500,5,2,lognormal + inverse_gaussian,1014.4021079348889,False,False
2,500,6,2,gamma + inverse_gaussian,1036.0037097695576,False,False
2,500,7,3,lognormal + gamma + inverse_gaussian,1037.8904078500273,False,False
2,500,8,3,gamma + lognormal + inverse_gaussian,1037.900399414296,False,False
2,500,9,3,gamma + inverse_gaussian + gamma,1037.945444510206,False,False
2,500,10,3,inverse_gaussian + gamma + gamma,1037.9454456630472,False,False
2,1000,1,2,lognormal + gamma,2478.677307699494,True,True
2,1000,2,2,gamma + lognormal,2478.677307699494,True,True
2,1000,3,2,lognormal + lognormal,2482.9196835408243,False,False
2,1000,4,2,inverse_gaussian + lognormal,2487.730665352787,False,False
2,1000,5,3,lognormal + gamma + gamma,2518.477093577378,False,False
2,1000,6,3,gamma + lognormal + gamma,2518.4770938948723,False,False
2,1000,7,2,gamma + inverse_gaussian,2519.463986633542,False,False
2,1000,8,2,inverse_gaussian + gamma,2519.4649901519583,False,False
2,1000,9,3,lognormal + gamma + lognormal,2520.817446911302,False,False
2,1000,10,3,gamma + gamma + gamma,2521.3807617359844,False,False
2,1500,1,2,lognormal + gamma,3312.4569838917937,True,True
2,1500,2,2,lognormal + lognormal,3313.1067884191148,False,False
2,1500,3,3,lognormal + lognormal + inverse_gaussian,3351.5950971710304,False,False
2,1500,4,3,gamma + lognormal + lognormal,3351.5973569846865,False,False
2,1500,5,3,lognormal + lognormal + gamma,3351.6435362082975,False,False
2,1500,6,3,inverse_gaussian + lognormal + lognormal,3351.6769661932503,False,False
2,1500,7,3,lognormal + gamma + lognormal,3351.6913485343543,False,False
2,1500,8,3,gamma + lognormal + inverse_gaussian,3351.98325186817,False,False
2,1500,9,3,lognormal + lognormal + lognormal,3352.382386772202,False,False
2,1500,10,3,lognormal + inverse_gaussian + lognormal,3352.436067895266,False,False
3,500,1,2,poisson + zip,2796.8452572097485,False,False
3,500,2,2,zip + poisson,2796.9512118076177,False,False
3,500,3,2,nb2 + nb2,2797.065545231104,False,True
3,500,4,2,nb2 + zip,2799.9022116261467,False,False
3,500,5,2,zip + nb2,2799.9089051913734,False,False
3,500,6,2,zip + zip,2802.947014720533,False,False
3,500,7,3,nb2 + poisson + poisson,2814.3993679090177,False,False
3,500,8,3,poisson + nb2 + poisson,2815.592653805174,False,False
3,500,9,3,poisson + poisson + poisson,2817.137645830307,False,False
3,500,10,2,poisson + poisson,2819.127734838788,False,False
3,1000,1,2,nb2 + nb2,5510.2643876126485,False,True
3,1000,2,2,zip + poisson,5513.742537547623,False,False
3,1000,3,2,poisson + zip,5513.799931517854,False,False
3,1000,4,2,zip + nb2,5519.41151122358,False,False
3,1000,5,2,zip + zip,5520.404617103798,False,False
3,1000,6,2,nb2 + zip,5520.4889491759495,False,False
3,1000,7,3,poisson + nb2 + poisson,5542.03439897532,False,False
3,1000,8,3,nb2 + poisson + poisson,5542.95502740554,False,False
3,1000,9,3,poisson + zip + poisson,5544.468076090712,False,False
3,1000,10,3,poisson + poisson + nb2,5546.078876962212,False,False
3,1500,1,2,nb2 + nb2,8276.649330636981,False,True
3,1500,2,3,poisson + zip + poisson,8308.175113005718,False,False
3,1500,3,2,zip + poisson,8311.103077622842,False,False
3,1500,4,2,poisson + zip,8311.338025082863,False,False
3,1500,5,3,nb2 + poisson + zip,8313.736694557756,False,False
3,1500,6,3,nb2 + nb2 + poisson,8314.337708787505,False,False
3,1500,7,3,nb2 + poisson + nb2,8315.753437247526,False,False
3,1500,8,3,zip + poisson + nb2,8316.71311802198,False,False
3,1500,9,3,zip + zip + zip,8317.11483127962,False,False
3,1500,10,3,nb2 + zip + zip,8317.30288345097,False,False
4,500,1,2,poisson + zip,2501.2334286685596,True,True
4,500,2,2,zip + zip,2507.0916241085934,False,True
4,500,3,2,zip + nb2,2507.184083141001,False,False
4,500,4,2,nb2 + zip,2508.700626698662,False,False
4,500,5,2,nb2 + nb2,2514.4499127748923,False,False
4,500,6,3,poisson + poisson + poisson,2520.4520427541206,False,False
4,500,7,3,poisson + zip + poisson,2526.895619286756,False,False
4,500,8,3,zip + poisson + poisson,2528.9511920046098,False,False
4,500,9,3,poisson + zip + zip,2529.6515885082626,False,False
4,500,10,3,zip + nb2 + poisson,2531.0552459685905,False,False
4,1000,1,2,poisson + zip,4976.322225793837,True,True
4,1000,2,2,zip + poisson,4976.375531471082,True,True
4,1000,3,2,zip + nb2,4982.864156363623,False,False
4,1000,4,2,nb2 + zip,4982.895684814318,False,False
4,1000,5,2,zip + zip,4983.052814709453,False,True
4,1000,6,2,nb2 + nb2,4989.307468829457,False,False
4,1000,7,3,poisson + nb2 + nb2,5004.519916107968,False,False
4,1000,8,3,poisson + nb2 + poisson,5007.226636884187,False,False
4,1000,9,3,nb2 + nb2 + poisson,5008.363989101605,False,False
4,1000,10,3,nb2 + poisson + zip,5008.370585997651,False,False
4,1500,1,2,zip + poisson,7415.705121259015,True,True
4,1500,2,2,poisson + zip,7415.761243233333,True,True
4,1500,3,2,zip + zip,7422.97679792267,False,True
4,1500,4,2,zip + nb2,7423.0393296148,False,False
4,1500,5,2,nb2 + zip,7423.145085218499,False,False
4,1500,6,3,poisson + poisson + poisson,7447.817115202467,False,False
4,1500,7,3,poisson + poisson + nb2,7448.85155594395,False,False
4,1500,8,3,nb2 + poisson + poisson,7449.946280461814,False,False
4,1500,9,3,poisson + nb2 + poisson,7450.888450135858,False,False
4,1500,10,3,nb2 + poisson + nb2,7455.663118128329,False,False
1,500,1,2,student_t + gaussian,1935.6433185169408,True,True
1,500,2,2,student_t + skew_normal,1941.8580403435928,False,False
1,500,3,2,student_t + student_t,1941.8918338476271,False,True
1,500,4,2,gaussian + student_t,1961.6873860381731,True,True
1,500,5,2,gaussian + gaussian,1963.267467927142,False,False
1,500,6,3,gaussian + gaussian + gaussian,1966.6142307030213,False,False
1,500,7,2,skew_normal + student_t,1967.9020452636616,False,False
1,500,8,2,gaussian + skew_normal,1969.4819331255553,False,False
1,500,9,2,skew_normal + gaussian,1969.4819713092268,False,False
1,500,10,3,student_t + gaussian + student_t,1969.6405856809165,False,False
1,1000,1,2,student_t + gaussian,3772.0963384591623,True,True
1,1000,2,2,student_t + student_t,3778.909815013603,False,True
1,1000,3,2,student_t + skew_normal,3779.0042184624936,False,False
1,1000,4,2,gaussian + gaussian,3797.12258278123,False,False
1,1000,5,3,gaussian + gaussian + gaussian,3799.5121759148574,False,False
1,1000,6,2,gaussian + student_t,3799.5383496475956,True,True
1,1000,7,2,gaussian + skew_normal,3804.0292973492,False,False
1,1000,8,2,skew_normal + gaussian,3804.0303880139118,False,False
1,1000,9,3,gaussian + gaussian + skew_normal,3806.4179979893634,False,False
1,1000,10,3,gaussian + skew_normal + gaussian,3806.4198621772894,False,False
1,1500,1,2,student_t + gaussian,5746.870775967196,True,True
1,1500,2,2,student_t + skew_normal,5754.184105019313,False,False
1,1500,3,2,student_t + student_t,5754.747530153823,False,True
1,1500,4,2,gaussian + student_t,5785.972363506297,True,True
1,1500,5,2,skew_normal + student_t,5793.285424270902,False,False
1,1500,6,3,student_t + gaussian + gaussian,5797.710632639024,False,False
1,1500,7,3,student_t + gaussian + student_t,5804.170460995496,False,False
1,1500,8,3,student_t + student_t + gaussian,5804.912479458497,False,False
1,1500,9,3,student_t + gaussian + skew_normal,5805.0244176037095,False,False
1,1500,10,3,student_t + skew_normal + gaussian,5805.025758171301,False,False
2,500,1,2,lognormal + gamma,1218.041308013821,True,True
2,500,2,2,gamma + lognormal,1218.041308013821,True,True
2,500,3,2,lognormal + inverse_gaussian,1218.4439186562633,False,False
2,500,4,2,lognormal + lognormal,1218.979892969088,False,False
2,500,5,2,inverse_gaussian + gamma,1237.136255335814,False,False
2,500,6,2,gamma + inverse_gaussian,1237.136255335814,False,False
2,500,7,2,gamma + gamma,1238.7340959922196,False,False
2,500,8,3,inverse_gaussian + gamma + gamma,1243.8289546998092,False,False
2,500,9,3,inverse_gaussian + inverse_gaussian + inverse_gaussian,1246.9845641780064,False,False
2,500,10,3,gamma + inverse_gaussian + inverse_gaussian,1249.017264304532,False,False
2,1000,1,2,lognormal + gamma,2270.3152585000303,True,True
2,1000,2,2,gamma + lognormal,2270.316157140015,True,True
2,1000,3,2,lognormal + lognormal,2273.1801626775796,False,False
2,1000,4,2,inverse_gaussian + lognormal,2286.989869073437,False,False
2,1000,5,2,lognormal + inverse_gaussian,2286.989869073437,False,False
2,1000,6,3,gamma + lognormal + inverse_gaussian,2302.3872318872795,False,False
2,1000,7,3,inverse_gaussian + gamma + lognormal,2302.389646873755,False,False
2,1000,8,3,lognormal + inverse_gaussian + lognormal,2305.620196513169,False,False
2,1000,9,3,inverse_gaussian + lognormal + lognormal,2305.620196591268,False,False
2,1000,10,3,lognormal + lognormal + gamma,2312.7315712865447,False,False
2,1500,1,2,lognormal + gamma,3188.861644157041,True,True
2,1500,2,2,gamma + lognormal,3188.861644157041,True,True
2,1500,3,2,lognormal + lognormal,3191.498664576163,False,False
2,1500,4,2,inverse_gaussian + lognormal,3212.1126507861914,False,False
2,1500,5,2,lognormal + inverse_gaussian,3212.1126507861914,False,False
2,1500,6,2,gamma + gamma,3229.229093917758,False,False
2,1500,7,3,gamma + lognormal + lognormal,3233.6866376663315,False,False
2,1500,8,3,lognormal + lognormal + gamma,3233.686643856961,False,False
2,1500,9,3,lognormal + gamma + gamma,3235.1748456144296,False,False
2,1500,10,3,gamma + lognormal + gamma,3235.1748456144296,False,False
3,500,1,2,zip + nb2,2878.5357060357846,False,False
3,500,2,2,nb2 + nb2,2880.2943116246497,False,True
3,500,3,2,poisson + zip,2884.9091867151174,False,False
3,500,4,2,zip + poisson,2885.039040623352,False,False
3,500,5,2,nb2 + zip,2890.114658385716,False,False
3,500,6,2,zip + zip,2891.0782423508435,False,False
3,500,7,3,zip + poisson + poisson,2900.738341337218,False,False
3,500,8,3,poisson + zip + poisson,2902.302851456639,False,False
3,500,9,3,poisson + nb2 + poisson,2905.371732732236,False,False
3,500,10,3,nb2 + poisson + poisson,2906.1809944344996,False,False
3,1000,1,2,nb2 + nb2,5507.8083238942445,False,True
3,1000,2,2,zip + poisson,5530.409233761362,False,False
3,1000,3,2,poisson + zip,5530.451888307889,False,False
3,1000,4,2,zip + nb2,5535.667407605714,False,False
3,1000,5,2,zip + zip,5537.152722663061,False,False
3,1000,6,2,nb2 + zip,5538.047486329314,False,False
3,1000,7,3,zip + poisson + poisson,5539.624100790463,False,False
3,1000,8,3,poisson + nb2 + nb2,5544.941302820513,False,False
3,1000,9,3,nb2 + nb2 + poisson,5545.238450692387,False,False
3,1000,10,3,nb2 + poisson + nb2,5545.67594869071,False,False
3,1500,1,2,nb2 + nb2,8137.955312157779,False,True
3,1500,2,2,zip + poisson,8164.096267221944,False,False
3,1500,3,2,poisson + zip,8164.12392876538,False,False
3,1500,4,3,poisson + poisson + poisson,8168.699916531373,False,False
3,1500,5,2,nb2 + zip,8170.256495351043,False,False
3,1500,6,2,zip + nb2,8170.349803819803,False,False
3,1500,7,2,zip + zip,8171.391813237276,False,False
3,1500,8,3,nb2 + poisson + nb2,8176.764986266163,False,False
3,1500,9,3,nb2 + nb2 + poisson,8177.253972817668,False,False
3,1500,10,3,poisson + nb2 + nb2,8178.064095267371,False,False
4,500,1,2,poisson + zip,2486.0121454364703,True,True
4,500,2,2,zip + poisson,2486.0700693939743,True,True
4,500,3,2,nb2 + zip,2491.020039290861,False,False
4,500,4,2,zip + nb2,2491.0557313514937,False,False
4,500,5,2,zip + zip,2492.216785000086,False,True
4,500,6,3,poisson + poisson + zip,2514.2348209568286,False,False
4,500,7,3,poisson + zip + poisson,2514.6458107393914,False,False
4,500,8,3,nb2 + poisson + poisson,2514.8791461299274,False,False
4,500,9,3,nb2 + zip + poisson,2518.0843703959563,False,False
4,500,10,2,nb2 + nb2,2519.081678994399,False,False
4,1000,1,2,zip + poisson,4914.700378869899,True,True
4,1000,2,2,poisson + zip,4914.929034312434,True,True
4,1000,3,2,nb2 + zip,4919.6366007597035,False,False
4,1000,4,2,zip + nb2,4919.88157226144,False,False
4,1000,5,2,zip + zip,4921.760792014071,False,True
4,1000,6,3,poisson + nb2 + poisson,4940.204217700584,False,False
4,1000,7,3,nb2 + poisson + poisson,4942.493295916609,False,False
4,1000,8,3,poisson + poisson + nb2,4943.159369516996,False,False
4,1000,9,3,poisson + poisson + poisson,4944.441212348469,False,False
4,1000,10,3,poisson + nb2 + nb2,4946.876913434876,False,False
4,1500,1,2,zip + poisson,7465.43171470106,True,True
4,1500,2,2,poisson + zip,7465.452352669103,True,True
4,1500,3,2,nb2 + zip,7470.6057811749015,False,False
4,1500,4,2,zip + nb2,7470.696006712553,False,False
4,1500,5,2,zip + zip,7472.737253571188,False,True
4,1500,6,3,poisson + poisson + nb2,7488.003757303633,False,False
4,1500,7,3,nb2 + poisson + poisson,7488.1368361966515,False,False
4,1500,8,3,nb2 + nb2 + poisson,7493.058802249502,False,False
4,1500,9,3,nb2 + poisson + nb2,7494.414832080993,False,False
4,1500,10,3,zip + nb2 + poisson,7497.1929610122825,False,False
1,500,1,2,gaussian + gaussian,1934.2967467100916,False,False
1,500,2,2,student_t + gaussian,1935.0623529352395,True,True
1,500,3,2,gaussian + student_t,1938.2590103979899,True,True
1,500,4,2,gaussian + skew_normal,1940.5110318350705,False,False
1,500,5,2,skew_normal + gaussian,1940.51145883675,False,False
1,500,6,2,student_t + student_t,1940.5778361093207,False,True
1,500,7,2,student_t + skew_normal,1941.276867027446,False,False
1,500,8,2,skew_normal + student_t,1944.4735481448758,False,False
1,500,9,2,skew_normal + skew_normal,1946.725743360923,False,False
1,500,10,3,gaussian + gaussian + gaussian,1971.442192960929,False,False
1,1000,1,2,student_t + gaussian,3763.2000149571736,True,True
1,1000,2,2,student_t + student_t,3770.082164796059,False,True
1,1000,3,2,student_t + skew_normal,3770.1094405274935,False,False
1,1000,4,2,gaussian + student_t,3775.803712707057,True,True
1,1000,5,2,skew_normal + student_t,3782.711616740384,False,False
1,1000,6,2,gaussian + gaussian,3783.992079375273,False,False
1,1000,7,2,gaussian + skew_normal,3790.89964447024,False,False
1,1000,8,2,skew_normal + gaussian,3790.9000343537755,False,False
1,1000,9,2,skew_normal + skew_normal,3797.807602374016,False,False
1,1000,10,3,student_t + gaussian + gaussian,3808.920520904515,False,False
1,1500,1,2,student_t + gaussian,5554.955125602358,True,True
1,1500,2,2,student_t + student_t,5558.73231050677,False,True
1,1500,3,2,student_t + skew_normal,5562.268435707207,False,False
1,1500,4,2,gaussian + student_t,5568.879874162574,True,True
1,1500,5,2,skew_normal + student_t,5576.192909171713,False,False
1,1500,6,2,gaussian + gaussian,5581.935828283097,False,False
1,1500,7,2,skew_normal + gaussian,5589.249001995849,False,False
1,1500,8,2,gaussian + skew_normal,5589.249195670041,False,False
1,1500,9,2,skew_normal + skew_normal,5596.562369229179,False,False
1,1500,10,3,student_t + student_t + gaussian,5599.023693532143,False,False
2,500,1,2,lognormal + gamma,1189.4931937960714,True,True
2,500,2,2,gamma + lognormal,1189.4931937960714,True,True
2,500,3,2,lognormal + lognormal,1191.5603544186536,False,False
2,500,4,2,inverse_gaussian + lognormal,1199.5978637994747,False,False
2,500,5,2,gamma + gamma,1209.4675875881753,False,False
2,500,6,2,inverse_gaussian + gamma,1213.9966155394707,False,False
2,500,7,3,gamma + gamma + inverse_gaussian,1214.7052178303445,False,False
2,500,8,3,inverse_gaussian + gamma + gamma,1214.7052179869154,False,False
2,500,9,3,gamma + inverse_gaussian + gamma,1214.7052183427722,False,False
2,500,10,3,inverse_gaussian + lognormal + gamma,1217.1132859857403,False,False
2,1000,1,2,lognormal + lognormal,2286.6368036066924,False,False
2,1000,2,2,lognormal + gamma,2289.1505954781087,True,True
2,1000,3,2,inverse_gaussian + lognormal,2300.372487708559,False,False
2,1000,4,2,lognormal + inverse_gaussian,2300.3730752081146,False,False
2,1000,5,3,gamma + lognormal + lognormal,2327.3633107546457,False,False
2,1000,6,3,gamma + lognormal + gamma,2327.80798656793,False,False
2,1000,7,3,gamma + gamma + lognormal,2327.8079869414964,False,False
2,1000,8,3,lognormal + gamma + gamma,2329.3978921970215,False,False
2,1000,9,3,inverse_gaussian + lognormal + lognormal,2329.482701014932,False,False
2,1000,10,3,lognormal + inverse_gaussian + lognormal,2329.482701014932,False,False
2,1500,1,2,gamma + lognormal,3281.858779027391,True,True
2,1500,2,2,lognormal + lognormal,3286.549459058186,False,False
2,1500,3,3,lognormal + lognormal + gamma,3326.876395014463,False,False
2,1500,4,3,gamma + lognormal + lognormal,3327.2295314496755,False,False
2,1500,5,3,inverse_gaussian + gamma + lognormal,3328.716845863763,False,False
2,1500,6,3,lognormal + inverse_gaussian + gamma,3328.716846968388,False,False
2,1500,7,3,gamma + gamma + inverse_gaussian,3329.917995074345,False,False
2,1500,8,3,lognormal + lognormal + lognormal,3330.6515256216885,False,False
2,1500,9,3,gamma + gamma + lognormal,3331.554461500748,False,False
2,1500,10,3,gamma + lognormal + gamma,3331.5705500761387,False,False
3,500,1,2,nb2 + nb2,2755.8510136003724,False,True
3,500,2,2,poisson + zip,2772.890251633941,False,False
3,500,3,2,zip + poisson,2772.92634584809,False,False
3,500,4,2,nb2 + zip,2779.6876645340453,False,False
3,500,5,3,zip + poisson + zip,2780.073536034134,False,False
3,500,6,3,poisson + zip + nb2,2781.5879325992464,False,False
3,500,7,3,poisson + nb2 + zip,2782.018839274937,False,False
3,500,8,2,zip + nb2,2782.3938061100316,False,False
3,500,9,2,zip + zip,2785.2266802452323,False,False
3,500,10,3,nb2 + poisson + zip,2786.5543309032237,False,False
3,1000,1,2,nb2 + nb2,5547.047894985492,False,True
3,1000,2,2,zip + poisson,5555.918412485578,False,False
3,1000,3,2,poisson + zip,5555.959315326118,False,False
3,1000,4,2,nb2 + zip,5562.533165174348,False,False
3,1000,5,2,zip + nb2,5562.570823962868,False,False
3,1000,6,2,zip + zip,5562.992994325358,False,False
3,1000,7,3,nb2 + poisson + poisson,5576.506307622871,False,False
3,1000,8,3,poisson + poisson + nb2,5576.75347292229,False,False
3,1000,9,3,poisson + nb2 + poisson,5577.176704089548,False,False
3,1000,10,3,nb2 + poisson + nb2,5578.236767540377,False,False
3,1500,1,2,nb2 + nb2,8266.063238573277,False,True
3,1500,2,2,poisson + zip,8279.473229607767,False,False
3,1500,3,2,zip + poisson,8279.807242912888,False,False
3,1500,4,2,zip + nb2,8286.607483414884,False,False
3,1500,5,2,nb2 + zip,8286.679852254465,False,False
3,1500,6,2,zip + zip,8286.854455435896,False,False
3,1500,7,3,nb2 + poisson + nb2,8301.776124117396,False,False
3,1500,8,3,nb2 + nb2 + poisson,8301.870614018871,False,False
3,1500,9,3,poisson + nb2 + poisson,8302.035999836506,False,False
3,1500,10,3,poisson + nb2 + nb2,8302.559036165003,False,False
4,500,1,2,zip + poisson,2439.405094217451,True,True
4,500,2,2,poisson + zip,2439.4494925761583,True,True
4,500,3,2,zip + nb2,2444.5654814005675,False,False
4,500,4,2,zip + zip,2445.6233296788714,False,True
4,500,5,2,nb2 + zip,2445.7093622466664,False,False
4,500,6,2,nb2 + nb2,2459.9296512527226,False,False
4,500,7,3,nb2 + poisson + poisson,2466.213899592619,False,False
4,500,8,3,poisson + nb2 + poisson,2468.126078489841,False,False
4,500,9,3,poisson + nb2 + zip,2469.547626498405,False,False
4,500,10,3,nb2 + poisson + zip,2473.2856854721003,False,False
4,1000,1,2,poisson + zip,4942.231566382598,True,True
4,1000,2,2,zip + poisson,4942.270894646077,True,True
4,1000,3,2,zip + nb2,4947.148579226798,False,False
4,1000,4,2,nb2 + zip,4949.0715844858305,False,False
4,1000,5,2,zip + zip,4949.1543289648935,False,True
4,1000,6,3,poisson + poisson + poisson,4973.160164454349,False,False
4,1000,7,3,nb2 + poisson + poisson,4975.520012563126,False,False
4,1000,8,3,poisson + poisson + nb2,4976.011176146086,False,False
4,1000,9,3,nb2 + nb2 + poisson,4981.131618783764,False,False
4,1000,10,3,poisson + poisson + zip,4981.570619118502,False,False
4,1500,1,2,poisson + zip,7323.953083974812,True,True
4,1500,2,2,zip + poisson,7324.090007545471,True,True
4,1500,3,2,nb2 + zip,7328.2404078345335,False,False
4,1500,4,2,zip + nb2,7328.377504223552,False,False
4,1500,5,2,zip + zip,7331.51585261069,False,True
4,1500,6,3,poisson + poisson + nb2,7358.410633492457,False,False
4,1500,7,3,nb2 + poisson + poisson,7359.901979510587,False,False
4,1500,8,3,poisson + poisson + poisson,7360.240385719143,False,False
4,1500,9,3,poisson + nb2 + nb2,7363.134659101294,False,False
4,1500,10,3,poisson + nb2 + poisson,7363.24285396456,False,False
1,500,1,2,gaussian + gaussian,1919.0062691390988,False,False
1,500,2,2,student_t + gaussian,1922.5146390060715,True,True
1,500,3,2,gaussian + student_t,1924.479112788012,True,True
1,500,4,2,skew_normal + gaussian,1925.2208486026411,False,False
1,500,5,2,gaussian + skew_normal,1925.2208755426004,False,False
1,500,6,2,student_t + skew_normal,1928.7293174881825,False,False
1,500,7,2,student_t + student_t,1928.7639415767321,False,True
1,500,8,2,skew_normal + student_t,1930.6936995423036,False,False
1,500,9,2,skew_normal + skew_normal,1931.4354549501131,False,False
1,500,10,3,gaussian + gaussian + gaussian,1957.049917261972,False,False
1,1000,1,2,gaussian + gaussian,3785.4028159786453,False,False
1,1000,2,2,student_t + gaussian,3788.271148690827,True,True
1,1000,3,2,skew_normal + gaussian,3792.3102906350737,False,False
1,1000,4,2,gaussian + skew_normal,3792.3106979239824,False,False
1,1000,5,2,gaussian + student_t,3793.39538728217,True,True
1,1000,6,2,student_t + skew_normal,3795.179117362297,False,False
1,1000,7,2,student_t + student_t,3795.2183168388815,False,True
1,1000,8,2,skew_normal + skew_normal,3799.218172835114,False,False
1,1000,9,2,skew_normal + student_t,3800.4656165135398,False,False
1,1000,10,3,gaussian + gaussian + gaussian,3828.4313361007253,False,False
1,1500,1,2,student_t + gaussian,5658.548100335444,True,True
1,1500,2,2,student_t + skew_normal,5665.861237836658,False,False
1,1500,3,2,student_t + student_t,5665.882355304788,False,True
1,1500,4,2,gaussian + student_t,5693.507043609469,True,True
1,1500,5,2,skew_normal + student_t,5700.820252058546,False,False
1,1500,6,3,student_t + gaussian + gaussian,5709.273186424209,False,False
1,1500,7,3,student_t + gaussian + student_t,5716.439094797846,False,False
1,1500,8,3,student_t + student_t + gaussian,5716.500676342455,False,False
1,1500,9,3,student_t + gaussian + skew_normal,5716.586191631912,False,False
1,1500,10,3,student_t + skew_normal + gaussian,5716.587296314537,False,False
2,500,1,2,inverse_gaussian + lognormal,1220.3040314379768,False,False
2,500,2,2,lognormal + gamma,1225.1527607660819,True,True
2,500,3,2,gamma + lognormal,1225.1527607660819,True,True
2,500,4,2,lognormal + lognormal,1225.1533727186231,False,False
2,500,5,2,inverse_gaussian + inverse_gaussian,1229.1643091398382,False,False
2,500,6,2,inverse_gaussian + gamma,1233.270185776224,False,False
2,500,7,2,gamma + inverse_gaussian,1233.270185776224,False,False
2,500,8,2,lognormal + inverse_gaussian,1234.0619630549397,False,False
2,500,9,3,lognormal + inverse_gaussian + inverse_gaussian,1256.071410210779,False,False
2,500,10,3,inverse_gaussian + lognormal + inverse_gaussian,1256.071410998252,False,False
2,1000,1,2,inverse_gaussian + lognormal,2249.990415941922,False,False
2,1000,2,2,lognormal + inverse_gaussian,2249.990415941922,False,False
2,1000,3,2,gamma + lognormal,2252.7018775274455,True,True
2,1000,4,2,lognormal + lognormal,2254.5393568151017,False,False
2,1000,5,3,inverse_gaussian + lognormal + inverse_gaussian,2284.277754154724,False,False
2,1000,6,3,lognormal + inverse_gaussian + inverse_gaussian,2284.277754391729,False,False
2,1000,7,3,inverse_gaussian + lognormal + gamma,2287.3651222584162,False,False
2,1000,8,3,lognormal + gamma + inverse_gaussian,2287.3651222734334,False,False
2,1000,9,3,inverse_gaussian + gamma + inverse_gaussian,2288.27648818175,False,False
2,1000,10,3,gamma + lognormal + inverse_gaussian,2288.493671065694,False,False
2,1500,1,2,lognormal + gamma,3796.1805406892868,True,True
2,1500,2,2,gamma + lognormal,3796.1805406892868,True,True
2,1500,3,2,lognormal + lognormal,3799.4257004309043,False,False
2,1500,4,2,inverse_gaussian + lognormal,3804.824434162666,False,False
2,1500,5,2,lognormal + inverse_gaussian,3804.824434162666,False,False
2,1500,6,3,inverse_gaussian + lognormal + gamma,3845.1355043858835,False,False
2,1500,7,3,lognormal + gamma + lognormal,3845.399479325649,False,False
2,1500,8,3,lognormal + lognormal + inverse_gaussian,3847.9538850713448,False,False
2,1500,9,3,lognormal + lognormal + lognormal,3849.1536866556357,False,False
2,1500,10,3,lognormal + inverse_gaussian + lognormal,3852.8699050275986,False,False
3,500,1,2,nb2 + nb2,2817.044716344306,False,True
3,500,2,2,zip + nb2,2819.4874813663173,False,False
3,500,3,2,poisson + zip,2822.5017555649397,False,False
3,500,4,2,zip + poisson,2825.0477667262912,False,False
3,500,5,2,nb2 + zip,2828.818931660836,False,False
3,500,6,2,zip + zip,2831.210783255113,False,False
3,500,7,3,poisson + poisson + nb2,2833.8264774742606,False,False
3,500,8,3,poisson + nb2 + poisson,2834.8952562512463,False,False
3,500,9,3,nb2 + poisson + poisson,2837.3997043824797,False,False
3,500,10,3,poisson + poisson + zip,2838.9376169771717,False,False
3,1000,1,2,nb2 + nb2,5565.433389923789,False,True
3,1000,2,2,poisson + zip,5580.206137513846,False,False
3,1000,3,2,zip + poisson,5580.219964323743,False,False
3,1000,4,2,nb2 + zip,5586.413276660793,False,False
3,1000,5,2,zip + zip,5587.044987999491,False,False
3,1000,6,2,zip + nb2,5587.285412504344,False,False
3,1000,7,3,poisson + zip + poisson,5597.140690262237,False,False
3,1000,8,3,nb2 + nb2 + zip,5599.3296975624335,False,False
3,1000,9,3,nb2 + nb2 + poisson,5599.547472882126,False,False
3,1000,10,3,poisson + nb2 + nb2,5599.712596015468,False,False
3,1500,1,2,nb2 + nb2,8163.923854106168,False,True
3,1500,2,3,nb2 + zip + nb2,8202.74781571182,False,False
3,1500,3,3,nb2 + nb2 + zip,8203.5636116855,False,False
3,1500,4,3,poisson + zip + nb2,8203.655321883427,False,False
3,1500,5,3,poisson + nb2 + zip,8203.812744350585,False,False
3,1500,6,3,poisson + zip + zip,8204.30851447326,False,False
3,1500,7,3,poisson + nb2 + nb2,8204.372416733711,False,False
3,1500,8,3,nb2 + poisson + nb2,8204.422992946125,False,False
3,1500,9,3,nb2 + zip + poisson,8204.676130530883,False,False
3,1500,10,3,zip + nb2 + nb2,8205.434270285614,False,False
4,500,1,2,poisson + zip,2464.904885930383,True,True
4,500,2,2,zip + poisson,2467.494027773198,True,True
4,500,3,2,zip + zip,2471.403034535929,False,True
4,500,4,2,nb2 + zip,2471.703333509364,False,False
4,500,5,2,zip + nb2,2472.45105438084,False,False
4,500,6,2,nb2 + nb2,2492.0574590975266,False,False
4,500,7,3,poisson + poisson + poisson,2495.0576096544896,False,False
4,500,8,3,poisson + nb2 + poisson,2497.563611457556,False,False
4,500,9,3,zip + poisson + poisson,2498.189262362704,False,False
4,500,10,3,poisson + poisson + zip,2498.7505679255305,False,False
4,1000,1,2,poisson + zip,4997.730320232781,True,True
4,1000,2,2,zip + poisson,4997.895589900248,True,True
4,1000,3,2,zip + nb2,5004.24884605822,False,False
4,1000,4,2,nb2 + zip,5004.357093443395,False,False
4,1000,5,2,zip + zip,5004.935470794345,False,True
4,1000,6,3,poisson + nb2 + poisson,5031.16223965034,False,False
4,1000,7,3,poisson + poisson + poisson,5033.467385624476,False,False
4,1000,8,3,poisson + zip + poisson,5033.60546129649,False,False
4,1000,9,3,zip + poisson + poisson,5034.702861852475,False,False
4,1000,10,3,nb2 + poisson + poisson,5035.158049753723,False,False
4,1500,1,2,zip + poisson,7390.01712425483,True,True
4,1500,2,2,poisson + zip,7390.113451739479,True,True
4,1500,3,2,zip + zip,7397.089273194834,False,True
4,1500,4,2,zip + nb2,7397.148302066758,False,False
4,1500,5,2,nb2 + zip,7397.230081128668,False,False
4,1500,6,3,poisson + nb2 + poisson,7427.458167366521,False,False
4,1500,7,3,nb2 + poisson + poisson,7429.41788980137,False,False
4,1500,8,3,nb2 + nb2 + poisson,7429.756851260135,False,False
4,1500,9,3,nb2 + poisson + nb2,7429.931377144864,False,False
4,1500,10,3,zip + poisson + poisson,7431.2917859046,False,False
1,500,1,2,student_t + gaussian,1905.2982053023245,True,True
1,500,2,2,student_t + student_t,1911.5068318239264,False,True
1,500,3,2,student_t + skew_normal,1911.5126733365303,False,False
1,500,4,2,gaussian + student_t,1913.3844316160983,True,True
1,500,5,2,gaussian + gaussian,1913.4276120234156,False,False
1,500,6,2,skew_normal + student_t,1919.5991451032587,False,False
1,500,7,2,gaussian + skew_normal,1919.638065621539,False,False
1,500,8,2,skew_normal + gaussian,1919.6422041851063,False,False
1,500,9,2,skew_normal + skew_normal,1925.8526557442556,False,False
1,500,10,3,student_t + gaussian + student_t,1929.1089434720484,False,False
1,1000,1,2,student_t + gaussian,3781.6073585760687,True,True
1,1000,2,2,student_t + student_t,3787.520450923678,False,True
1,1000,3,2,student_t + skew_normal,3788.5146667828208,False,False
1,1000,4,2,gaussian + gaussian,3790.4524180082735,False,False
1,1000,5,2,gaussian + student_t,3794.6220349073496,True,True
1,1000,6,2,skew_normal + gaussian,3797.3601727871596,False,False
1,1000,7,2,gaussian + skew_normal,3797.360580923381,False,False
1,1000,8,2,skew_normal + student_t,3801.5297689143013,False,False
1,1000,9,2,skew_normal + skew_normal,3804.268335119352,False,False
1,1000,10,3,student_t + gaussian + gaussian,3830.128929175656,False,False
1,1500,1,2,student_t + gaussian,5633.284898775399,True,True
1,1500,2,2,student_t + student_t,5640.590761448758,False,True
1,1500,3,2,student_t + skew_normal,5640.598135523222,False,False
1,1500,4,2,gaussian + student_t,5661.323326266984,True,True
1,1500,5,2,skew_normal + student_t,5668.635838711196,False,False
1,1500,6,2,gaussian + gaussian,5670.520516965068,False,False
1,1500,7,2,skew_normal + gaussian,5677.830369424886,False,False
1,1500,8,2,gaussian + skew_normal,5677.833825467322,False,False
1,1500,9,3,student_t + gaussian + gaussian,5681.70406258941,False,False
1,1500,10,2,skew_normal + skew_normal,5685.1436787565235,False,False
2,500,1,2,lognormal + lognormal,1221.230631546019,False,False
2,500,2,2,lognormal + gamma,1222.4648832485502,True,True
2,500,3,2,gamma + lognormal,1222.4648832485502,True,True
2,500,4,2,lognormal + inverse_gaussian,1225.3783801692377,False,False
2,500,5,2,gamma + gamma,1228.9252236988466,False,False
2,500,6,3,lognormal + lognormal + lognormal,1251.7001230608412,False,False
2,500,7,3,lognormal + gamma + lognormal,1252.8632773067773,False,False
2,500,8,3,gamma + lognormal + lognormal,1252.966563152705,False,False
2,500,9,3,gamma + inverse_gaussian + lognormal,1253.5187691682538,False,False
2,500,10,3,lognormal + gamma + inverse_gaussian,1253.5187692621907,False,False
2,1000,1,2,lognormal + gamma,2076.2700877156453,True,True
2,1000,2,2,inverse_gaussian + lognormal,2077.688433649082,False,False
2,1000,3,2,lognormal + lognormal,2077.707138877301,False,False
2,1000,4,3,lognormal + lognormal + gamma,2111.3745740752834,False,False
2,1000,5,3,lognormal + gamma + lognormal,2111.374574257482,False,False
2,1000,6,3,inverse_gaussian + lognormal + gamma,2111.6482531124307,False,False
2,1000,7,3,gamma + inverse_gaussian + lognormal,2111.648253396492,False,False
2,1000,8,3,inverse_gaussian + lognormal + inverse_gaussian,2113.0511825837716,False,False
2,1000,9,3,lognormal + gamma + inverse_gaussian,2113.1265601568275,False,False
2,1000,10,3,lognormal + inverse_gaussian + inverse_gaussian,2114.071824873234,False,False
2,1500,1,2,lognormal + gamma,3519.9795694958298,True,True
2,1500,2,2,gamma + lognormal,3519.9839933090407,True,True
2,1500,3,2,lognormal + lognormal,3526.121253790169,False,False
2,1500,4,2,lognormal + inverse_gaussian,3537.9416430622036,False,False
2,1500,5,3,lognormal + gamma + inverse_gaussian,3561.620066093716,False,False
2,1500,6,3,inverse_gaussian + lognormal + gamma,3561.620068731849,False,False
2,1500,7,3,lognormal + lognormal + gamma,3563.076463696731,False,False
2,1500,8,3,gamma + gamma + inverse_gaussian,3565.2120657200444,False,False
2,1500,9,3,lognormal + inverse_gaussian + lognormal,3567.316672608915,False,False
2,1500,10,3,inverse_gaussian + lognormal + lognormal,3567.316672608915,False,False
3,500,1,2,nb2 + nb2,2764.290753669369,False,True
3,500,2,3,poisson + zip + poisson,2780.709342608469,False,False
3,500,3,3,zip + nb2 + poisson,2784.500336516744,False,False
3,500,4,3,poisson + nb2 + zip,2784.853438177487,False,False
3,500,5,3,poisson + zip + zip,2785.0730858395555,False,False
3,500,6,3,zip + zip + poisson,2785.88896162769,False,False
3,500,7,3,poisson + poisson + zip,2786.605536451372,False,False
3,500,8,2,poisson + zip,2790.206027823486,False,False
3,500,9,2,zip + poisson,2790.8245509232806,False,False
3,500,10,3,zip + poisson + nb2,2791.2018988965174,False,False
3,1000,1,2,nb2 + nb2,5417.673252932395,False,True
3,1000,2,2,zip + poisson,5438.323996360676,False,False
3,1000,3,2,poisson + zip,5438.710937383233,False,False
3,1000,4,2,nb2 + zip,5444.6621059175795,False,False
3,1000,5,2,zip + nb2,5445.056377265144,False,False
3,1000,6,2,zip + zip,5445.254892758902,False,False
3,1000,7,3,zip + poisson + poisson,5448.262542054283,False,False
3,1000,8,3,poisson + zip + zip,5450.121486325446,False,False
3,1000,9,3,poisson + nb2 + zip,5452.014906203021,False,False
3,1000,10,3,zip + nb2 + poisson,5452.482389084494,False,False
3,1500,1,2,nb2 + nb2,8288.285996672976,False,True
3,1500,2,2,zip + poisson,8319.859471662585,False,False
3,1500,3,2,poisson + zip,8320.030936956791,False,False
3,1500,4,2,nb2 + zip,8325.133856558752,False,False
3,1500,5,2,zip + nb2,8325.829872430286,False,False
3,1500,6,2,zip + zip,8326.731427472108,False,False
3,1500,7,3,nb2 + poisson + nb2,8327.270017658942,False,False
3,1500,8,3,poisson + nb2 + nb2,8327.54027866342,False,False
3,1500,9,3,nb2 + nb2 + poisson,8329.451190806607,False,False
3,1500,10,3,poisson + zip + poisson,8331.236782326225,False,False
4,500,1,2,zip + poisson,2512.1985179461626,True,True
4,500,2,2,poisson + zip,2512.4255862225127,True,True
4,500,3,2,zip + nb2,2515.7134520225027,False,False
4,500,4,2,nb2 + zip,2515.8253723981834,False,False
4,500,5,2,zip + zip,2518.3333434247406,False,True
4,500,6,2,nb2 + nb2,2533.4616750910454,False,False
4,500,7,3,poisson + poisson + poisson,2534.7296508895874,False,False
4,500,8,3,poisson + poisson + nb2,2537.4232525720377,False,False
4,500,9,3,poisson + nb2 + poisson,2538.030606541738,False,False
4,500,10,3,nb2 + poisson + poisson,2538.59041199282,False,False
4,1000,1,2,zip + poisson,4817.067776380698,True,True
4,1000,2,2,poisson + zip,4817.2242393618735,True,True
4,1000,3,2,nb2 + zip,4822.851762944614,False,False
4,1000,4,2,zip + zip,4823.940360293417,False,True
4,1000,5,2,zip + nb2,4824.117182151285,False,False
4,1000,6,3,poisson + poisson + nb2,4845.9573046543,False,False
4,1000,7,3,poisson + nb2 + poisson,4847.991249509465,False,False
4,1000,8,3,nb2 + poisson + poisson,4848.480434764053,False,False
4,1000,9,3,poisson + poisson + poisson,4851.128893099394,False,False
4,1000,10,2,nb2 + nb2,4852.631216313032,False,False
4,1500,1,2,poisson + zip,7311.736725621885,True,True
4,1500,2,2,zip + poisson,7311.904827732642,True,True
4,1500,3,2,zip + zip,7319.144890330594,False,True
4,1500,4,2,nb2 + zip,7319.364949294146,False,False
4,1500,5,2,zip + nb2,7319.398345259042,False,False
4,1500,6,3,poisson + poisson + poisson,7341.849792700269,False,False
4,1500,7,3,poisson + nb2 + poisson,7342.975477676145,False,False
4,1500,8,3,poisson + nb2 + nb2,7347.388174446734,False,False
4,1500,9,3,poisson + poisson + zip,7350.101269974894,False,False
4,1500,10,3,nb2 + nb2 + poisson,7350.3356440192465,False,False
1,500,1,2,student_t + gaussian,1906.3732522501664,True,True
1,500,2,2,gaussian + gaussian,1911.7926019419644,False,False
1,500,3,2,student_t + skew_normal,1912.5857458314122,False,False
1,500,4,2,student_t + student_t,1912.6124480558267,False,True
1,500,5,2,gaussian + skew_normal,1918.0048790399214,False,False
1,500,6,2,skew_normal + gaussian,1918.0072411174053,False,False
1,500,7,2,gaussian + student_t,1919.1258312685409,True,True
1,500,8,2,skew_normal + skew_normal,1924.2195177146202,False,False
1,500,9,2,skew_normal + student_t,1925.3404319969632,False,False
1,500,10,3,student_t + gaussian + gaussian,1941.3422525412702,False,False
1,1000,1,2,gaussian + student_t,3705.648067191616,True,True
1,1000,2,2,student_t + gaussian,3706.101587292919,True,True
1,1000,3,2,student_t + student_t,3706.3687460874885,False,True
1,1000,4,2,skew_normal + student_t,3712.555849259686,False,False
1,1000,5,2,student_t + skew_normal,3713.0098014203236,False,False
1,1000,6,2,gaussian + gaussian,3738.1061715264655,False,False
1,1000,7,3,student_t + gaussian + gaussian,3741.8946846083645,False,False
1,1000,8,2,gaussian + skew_normal,3745.0030697476736,False,False
1,1000,9,2,skew_normal + gaussian,3745.013915311726,False,False
1,1000,10,3,gaussian + student_t + gaussian,3746.0043436927454,False,False
1,1500,1,2,student_t + gaussian,5643.704219935693,True,True
1,1500,2,2,student_t + skew_normal,5651.017473308051,False,False
1,1500,3,2,student_t + student_t,5651.051344224327,False,True
1,1500,4,3,student_t + gaussian + gaussian,5689.427216470619,False,False
1,1500,5,3,student_t + gaussian + student_t,5695.69031172739,False,False
1,1500,6,3,student_t + student_t + gaussian,5696.615068722396,False,False
1,1500,7,3,student_t + skew_normal + gaussian,5696.737869978428,False,False
1,1500,8,3,student_t + gaussian + skew_normal,5696.7421198914635,False,False
1,1500,9,2,gaussian + student_t,5702.085681810652,True,True
1,1500,10,3,student_t + student_t + student_t,5702.567252748482,False,False
2,500,1,2,gamma + lognormal,1128.154026895766,True,True
2,500,2,2,lognormal + lognormal,1128.8857232248724,False,False
2,500,3,2,inverse_gaussian + lognormal,1138.4578756310077,False,False
2,500,4,2,lognormal + inverse_gaussian,1138.4578756310077,False,False
2,500,5,2,gamma + gamma,1161.5781575616104,False,False
2,500,6,2,lognormal + gamma,1161.9774785182842,True,True
2,500,7,3,lognormal + gamma + gamma,1164.4113080117743,False,False
2,500,8,3,gamma + lognormal + gamma,1164.5318339568453,False,False
2,500,9,3,inverse_gaussian + lognormal + gamma,1165.0203386791666,False,False
2,500,10,3,gamma + lognormal + inverse_gaussian,1165.0203386863461,False,False
2,1000,1,2,lognormal + gamma,2218.2661412808916,True,True
2,1000,2,2,gamma + lognormal,2218.2661412808916,True,True
2,1000,3,2,lognormal + lognormal,2223.3404819183634,False,False
2,1000,4,2,inverse_gaussian + lognormal,2241.034007065701,False,False
2,1000,5,2,lognormal + inverse_gaussian,2241.034007065701,False,False
2,1000,6,3,lognormal + gamma + inverse_gaussian,2253.37283271904,False,False
2,1000,7,3,gamma + inverse_gaussian + lognormal,2253.4226108670887,False,False
2,1000,8,3,inverse_gaussian + gamma + lognormal,2253.5341743381073,False,False
2,1000,9,3,lognormal + lognormal + gamma,2256.9221715252515,False,False
2,1000,10,3,gamma + lognormal + lognormal,2256.9443437169934,False,False
2,1500,1,2,lognormal + gamma,3474.7344903600456,True,True
2,1500,2,2,lognormal + lognormal,3477.1387013554645,False,False
2,1500,3,3,gamma + lognormal + lognormal,3511.9876175976015,False,False
2,1500,4,3,lognormal + gamma + lognormal,3512.0613373146884,False,False
2,1500,5,3,lognormal + lognormal + lognormal,3515.978322259008,False,False
2,1500,6,3,lognormal + inverse_gaussian + gamma,3519.179301057268,False,False
2,1500,7,3,lognormal + lognormal + inverse_gaussian,3520.7949913152643,False,False
2,1500,8,3,lognormal + inverse_gaussian + lognormal,3521.070216319297,False,False
2,1500,9,3,gamma + lognormal + gamma,3525.4501959786253,False,False
2,1500,10,3,gamma + gamma + lognormal,3525.5699804581122,False,False
3,500,1,2,poisson + poisson,2788.812115550535,False,False
3,500,2,2,poisson + nb2,2789.2171280573702,True,True
3,500,3,2,nb2 + nb2,2789.2821870475063,False,True
3,500,4,2,nb2 + poisson,2794.9577658011285,True,True
3,500,5,2,nb2 + zip,2795.2964764813933,False,False
3,500,6,2,zip + nb2,2801.0022695861053,False,False
3,500,7,3,poisson + zip + poisson,2802.303706686364,False,False
3,500,8,2,zip + zip,2802.465327082102,False,False
3,500,9,3,poisson + zip + zip,2807.272631302234,False,False
3,500,10,3,poisson + poisson + poisson,2807.9414390929846,False,False
3,1000,1,2,poisson + zip,5411.019925129457,False,False
3,1000,2,2,zip + poisson,5411.0624945379195,False,False
3,1000,3,2,nb2 + nb2,5412.915730414598,False,True
3,1000,4,2,zip + zip,5418.029261217828,False,False
3,1000,5,2,zip + nb2,5418.195099435435,False,False
3,1000,6,2,nb2 + zip,5418.644866355914,False,False
3,1000,7,3,poisson + poisson + poisson,5433.658697483626,False,False
3,1000,8,3,poisson + nb2 + poisson,5437.883489840337,False,False
3,1000,9,3,poisson + poisson + nb2,5441.454935588251,False,False
3,1000,10,3,nb2 + poisson + nb2,5443.441734928347,False,False
3,1500,1,2,nb2 + nb2,8140.230395110455,False,True
3,1500,2,2,zip + poisson,8151.337462639032,False,False
3,1500,3,2,poisson + zip,8151.649988087548,False,False
3,1500,4,2,zip + nb2,8157.218978986357,False,False
3,1500,5,2,nb2 + zip,8157.565625465974,False,False
3,1500,6,2,zip + zip,8158.388232377375,False,False
3,1500,7,3,nb2 + poisson + poisson,8175.638076278602,False,False
3,1500,8,3,poisson + nb2 + poisson,8176.934041775672,False,False
3,1500,9,3,nb2 + poisson + nb2,8177.613290933201,False,False
3,1500,10,3,zip + poisson + nb2,8180.827472733027,False,False
4,500,1,2,zip + poisson,2449.6904070303376,True,True
4,500,2,2,poisson + zip,2449.772164397056,True,True
4,500,3,2,zip + nb2,2455.885489741434,False,False
4,500,4,2,nb2 + zip,2455.8877053305005,False,False
4,500,5,2,zip + zip,2455.931124847305,False,True
4,500,6,2,nb2 + poisson,2466.8527292432163,False,False
4,500,7,2,nb2 + nb2,2472.4365123600883,False,False
4,500,8,3,poisson + nb2 + nb2,2476.401814893392,False,False
4,500,9,3,nb2 + poisson + poisson,2478.499925196408,False,False
4,500,10,3,poisson + nb2 + poisson,2479.372474936031,False,False
4,1000,1,2,poisson + zip,4859.335626201032,True,True
4,1000,2,2,zip + poisson,4859.3553707650035,True,True
4,1000,3,2,nb2 + zip,4864.202249935316,False,False
4,1000,4,2,zip + zip,4866.272318956224,False,True
4,1000,5,2,zip + nb2,4866.380939206164,False,False
4,1000,6,3,poisson + nb2 + nb2,4896.478715719076,False,False
4,1000,7,3,nb2 + poisson + nb2,4896.60873858101,False,False
4,1000,8,3,nb2 + nb2 + poisson,4897.57854107503,False,False
4,1000,9,3,zip + poisson + poisson,4899.4809344804235,False,False
4,1000,10,3,poisson + poisson + poisson,4899.767724941705,False,False
4,1500,1,2,poisson + zip,7321.341935473191,True,True
4,1500,2,2,zip + poisson,7321.418745803688,True,True
4,1500,3,2,nb2 + zip,7325.80623719941,False,False
4,1500,4,2,zip + zip,7328.565159354662,False,True
4,1500,5,2,zip + nb2,7328.735688877314,False,False
4,1500,6,3,poisson + nb2 + poisson,7355.844717041879,False,False
4,1500,7,3,nb2 + poisson + poisson,7356.232957217954,False,False
4,1500,8,3,nb2 + nb2 + poisson,7358.575498177889,False,False
4,1500,9,3,nb2 + poisson + nb2,7359.029402616056,False,False
4,1500,10,3,poisson + nb2 + nb2,7359.378541933698,False,False
1,500,1,2,student_t + gaussian,1924.7121094513839,True,True
1,500,2,2,student_t + skew_normal,1930.9267915447692,False,False
1,500,3,2,student_t + student_t,1930.9311852033845,False,True
1,500,4,2,gaussian + student_t,1940.8629894436474,True,True
1,500,5,2,gaussian + gaussian,1941.7554026606974,False,False
1,500,6,2,skew_normal + student_t,1947.0775682399176,False,False
1,500,7,2,skew_normal + gaussian,1947.969983397484,False,False
1,500,8,2,gaussian + skew_normal,1947.970217924017,False,False
1,500,9,2,skew_normal + skew_normal,1954.1847990672331,False,False
1,500,10,3,gaussian + gaussian + gaussian,1962.3041315849712,False,False
1,1000,1,2,student_t + gaussian,3793.6054954033702,True,True
1,1000,2,2,student_t + student_t,3800.4998200873265,False,True
1,1000,3,2,student_t + skew_normal,3800.5135500162482,False,False
1,1000,4,2,gaussian + gaussian,3805.758277246654,False,False
1,1000,5,2,gaussian + skew_normal,3812.665476580977,False,False
1,1000,6,2,skew_normal + gaussian,3812.6663024110485,False,False
1,1000,7,2,skew_normal + skew_normal,3819.573504813248,False,False
1,1000,8,2,gaussian + student_t,3820.7483693429017,True,True
1,1000,9,3,student_t + gaussian + gaussian,3825.809969642073,False,False
1,1000,10,2,skew_normal + student_t,3827.6554762022665,False,False
1,1500,1,2,student_t + gaussian,5499.911118311421,True,True
1,1500,2,2,student_t + student_t,5506.742004492926,False,True
1,1500,3,2,student_t + skew_normal,5507.224150216203,False,False
1,1500,4,2,gaussian + student_t,5528.819042302781,True,True
1,1500,5,2,skew_normal + student_t,5536.132261158925,False,False
1,1500,6,3,student_t + gaussian + gaussian,5550.486812779058,False,False
1,1500,7,3,student_t + student_t + gaussian,5555.899669081487,False,False
1,1500,8,3,student_t + skew_normal + gaussian,5557.80045671633,False,False
1,1500,9,3,student_t + gaussian + skew_normal,5557.800869297326,False,False
1,1500,10,3,student_t + gaussian + student_t,5558.701804879762,False,False
2,500,1,2,lognormal + gamma,1241.8950294447038,True,True
2,500,2,2,lognormal + lognormal,1242.1398168782655,False,False
2,500,3,2,inverse_gaussian + lognormal,1259.8300796224078,False,False
2,500,4,2,lognormal + inverse_gaussian,1259.8300796224078,False,False
2,500,5,2,gamma + lognormal,1264.9254867829968,True,True
2,500,6,2,gamma + gamma,1265.1948565302132,False,False
2,500,7,3,lognormal + gamma + lognormal,1272.042897956762,False,False
2,500,8,3,lognormal + gamma + gamma,1272.0505031110004,False,False
2,500,9,3,gamma + gamma + lognormal,1272.1464759824887,False,False
2,500,10,3,inverse_gaussian + gamma + gamma,1275.1470919150267,False,False
2,1000,1,2,lognormal + gamma,2280.7943218461883,True,True
2,1000,2,2,gamma + lognormal,2280.7943218461883,True,True
2,1000,3,2,lognormal + lognormal,2280.957017254985,False,False
2,1000,4,2,inverse_gaussian + gamma,2291.1566991007176,False,False
2,1000,5,2,gamma + inverse_gaussian,2291.1566991007176,False,False
2,1000,6,2,inverse_gaussian + lognormal,2291.824053533097,False,False
2,1000,7,2,lognormal + inverse_gaussian,2291.824053533097,False,False
2,1000,8,2,inverse_gaussian + inverse_gaussian,2304.59574480291,False,False
2,1000,9,3,lognormal + inverse_gaussian + lognormal,2308.13606046556,False,False
2,1000,10,3,gamma + gamma + lognormal,2310.777627799333,False,False
2,1500,1,2,lognormal + gamma,3846.5445080799104,True,True
2,1500,2,2,gamma + lognormal,3846.5445080799104,True,True
2,1500,3,2,lognormal + lognormal,3852.407292076858,False,False
2,1500,4,3,lognormal + lognormal + gamma,3891.81844941562,False,False
2,1500,5,3,lognormal + gamma + inverse_gaussian,3893.817565175165,False,False
2,1500,6,3,gamma + lognormal + inverse_gaussian,3893.817565175165,False,False
2,1500,7,3,lognormal + lognormal + lognormal,3897.2337832640533,False,False
2,1500,8,3,gamma + inverse_gaussian + gamma,3897.9101635654383,False,False
2,1500,9,3,lognormal + gamma + gamma,3899.160936783404,False,False
2,1500,10,3,gamma + lognormal + gamma,3899.7367173759194,False,False
3,500,1,2,zip + poisson,2767.7970611661694,False,False
3,500,2,2,poisson + zip,2767.805080369798,False,False
3,500,3,2,nb2 + nb2,2770.380267531482,False,True
3,500,4,2,nb2 + zip,2773.1839783255873,False,False
3,500,5,2,zip + nb2,2773.194585175388,False,False
3,500,6,2,zip + zip,2774.0740553355045,False,False
3,500,7,3,poisson + poisson + nb2,2789.939710026049,False,False
3,500,8,3,poisson + nb2 + nb2,2792.612936925074,False,False
3,500,9,3,zip + nb2 + poisson,2793.911811100443,False,False
3,500,10,3,poisson + zip + nb2,2794.672790632486,False,False
3,1000,1,2,nb2 + nb2,5498.744257757673,False,True
3,1000,2,3,poisson + poisson + nb2,5523.308690369624,False,False
3,1000,3,2,zip + poisson,5526.703883549621,False,False
3,1000,4,2,poisson + zip,5526.799990540561,False,False
3,1000,5,3,zip + poisson + poisson,5528.99518110562,False,False
3,1000,6,2,zip + nb2,5530.638779921409,False,False
3,1000,7,3,poisson + poisson + zip,5530.66852437425,False,False
3,1000,8,3,zip + nb2 + poisson,5533.171713234726,False,False
3,1000,9,3,zip + poisson + nb2,5533.62671048361,False,False
3,1000,10,2,zip + zip,5533.785024256709,False,False
3,1500,1,2,nb2 + nb2,8177.289013780181,False,True
3,1500,2,2,nb2 + zip,8189.995752842295,False,False
3,1500,3,2,zip + nb2,8190.223516401721,False,False
3,1500,4,2,poisson + zip,8191.955915200517,False,False
3,1500,5,2,zip + poisson,8192.154159536356,False,False
3,1500,6,2,zip + zip,8199.072052720136,False,False
3,1500,7,3,poisson + zip + poisson,8208.70944390307,False,False
3,1500,8,3,poisson + poisson + zip,8209.22945080749,False,False
3,1500,9,3,poisson + nb2 + poisson,8212.535060422895,False,False
3,1500,10,3,poisson + poisson + nb2,8212.649864528681,False,False
4,500,1,2,zip + poisson,2496.6021568147826,True,True
4,500,2,2,poisson + zip,2496.602891403708,True,True
4,500,3,2,zip + nb2,2501.781261255889,False,False
4,500,4,2,nb2 + zip,2502.7837742715737,False,False
4,500,5,2,zip + zip,2502.8610360834646,False,True
4,500,6,2,nb2 + nb2,2520.3341734554706,False,False
4,500,7,3,poisson + poisson + poisson,2522.0444270547664,False,False
4,500,8,3,nb2 + poisson + poisson,2523.6550119936987,False,False
4,500,9,3,poisson + poisson + zip,2527.945134638519,False,False
4,500,10,3,zip + poisson + nb2,2529.4954949923995,False,False
4,1000,1,2,zip + poisson,4851.017875097347,True,True
4,1000,2,2,poisson + zip,4851.042896747226,True,True
4,1000,3,2,zip + nb2,4856.079180571812,False,False
4,1000,4,2,nb2 + zip,4857.532316148654,False,False
4,1000,5,2,zip + zip,4857.785864339091,False,True
4,1000,6,3,poisson + poisson + poisson,4877.243042726577,False,False
4,1000,7,3,poisson + nb2 + poisson,4882.3031173381205,False,False
4,1000,8,3,nb2 + poisson + poisson,4882.83586918151,False,False
4,1000,9,3,poisson + poisson + nb2,4882.9512123889235,False,False
4,1000,10,3,nb2 + poisson + nb2,4888.679774282073,False,False
4,1500,1,2,poisson + zip,7420.739861719317,True,True
4,1500,2,2,zip + poisson,7420.758183516995,True,True
4,1500,3,2,nb2 + zip,7426.325874727994,False,False
4,1500,4,2,zip + nb2,7428.076141804291,False,False
4,1500,5,2,zip + zip,7428.131165384579,False,True
4,1500,6,3,poisson + nb2 + poisson,7455.048995892611,False,False
4,1500,7,3,poisson + nb2 + nb2,7459.347301783884,False,False
4,1500,8,3,nb2 + nb2 + poisson,7459.413492373867,False,False
4,1500,9,3,zip + poisson + poisson,7460.143744939534,False,False
4,1500,10,3,poisson + zip + poisson,7462.37950405672,False,False
1,500,1,2,student_t + gaussian,1920.9062922594496,True,True
1,500,2,2,student_t + skew_normal,1927.120888940651,False,False
1,500,3,2,student_t + student_t,1927.1752821581467,False,True
1,500,4,2,gaussian + gaussian,1929.1441211409922,False,False
1,500,5,2,gaussian + student_t,1932.1450495064812,True,True
1,500,6,2,gaussian + skew_normal,1935.35868193577,False,False
1,500,7,2,skew_normal + gaussian,1935.358730929365,False,False
1,500,8,2,skew_normal + student_t,1938.3597832618057,False,False
1,500,9,2,skew_normal + skew_normal,1941.573290801815,False,False
1,500,10,3,gaussian + student_t + gaussian,1959.7524386797286,False,False
1,1000,1,2,student_t + gaussian,3750.7063680911315,True,True
1,1000,2,2,student_t + skew_normal,3757.613848823237,False,False
1,1000,3,2,student_t + student_t,3757.639391113424,False,True
1,1000,4,2,gaussian + student_t,3777.4343948395676,True,True
1,1000,5,2,gaussian + gaussian,3779.368654251784,False,False
1,1000,6,2,skew_normal + student_t,3784.342125799868,False,False
1,1000,7,2,gaussian + skew_normal,3786.275689508952,False,False
1,1000,8,2,skew_normal + gaussian,3786.276236358431,False,False
1,1000,9,3,student_t + student_t + gaussian,3791.8400527236035,False,False
1,1000,10,2,skew_normal + skew_normal,3793.1832716157246,False,False
1,1500,1,2,student_t + gaussian,5587.266985081042,True,True
1,1500,2,2,student_t + skew_normal,5594.580589055094,False,False
1,1500,3,2,student_t + student_t,5594.769799344803,False,True
1,1500,4,2,gaussian + student_t,5603.832270148535,True,True
1,1500,5,2,skew_normal + student_t,5611.145455657186,False,False
1,1500,6,3,student_t + gaussian + gaussian,5626.06877903852,False,False
1,1500,7,2,gaussian + gaussian,5630.490985626046,False,False
1,1500,8,3,student_t + gaussian + student_t,5632.995785547601,False,False
1,1500,9,3,student_t + student_t + gaussian,5633.1740004747735,False,False
1,1500,10,3,student_t + gaussian + skew_normal,5633.381898128553,False,False
2,500,1,2,lognormal + gamma,1295.387988678328,True,True
2,500,2,2,gamma + lognormal,1295.387988678328,True,True
2,500,3,2,lognormal + lognormal,1297.547354865895,False,False
2,500,4,2,gamma + inverse_gaussian,1308.831899331997,False,False
2,500,5,2,inverse_gaussian + lognormal,1310.9631011092786,False,False
2,500,6,2,lognormal + inverse_gaussian,1310.965001118783,False,False
2,500,7,3,gamma + lognormal + lognormal,1317.3024232886717,False,False
2,500,8,3,lognormal + lognormal + gamma,1317.3306612753065,False,False
2,500,9,3,lognormal + gamma + gamma,1319.728096342511,False,False
2,500,10,3,gamma + gamma + lognormal,1319.7281026390167,False,False
2,1000,1,2,gamma + lognormal,2114.4622905338674,True,True
2,1000,2,2,lognormal + lognormal,2116.0504154963905,False,False
2,1000,3,2,inverse_gaussian + lognormal,2123.583881110874,False,False
2,1000,4,2,lognormal + inverse_gaussian,2123.583881110874,False,False
2,1000,5,2,inverse_gaussian + gamma,2128.6629819453588,False,False
2,1000,6,2,gamma + inverse_gaussian,2128.6629819453588,False,False
2,1000,7,2,inverse_gaussian + inverse_gaussian,2137.9785793419205,False,False
2,1000,8,3,gamma + gamma + lognormal,2155.12381067245,False,False
2,1000,9,3,gamma + gamma + gamma,2156.1151102570307,False,False
2,1000,10,3,gamma + lognormal + gamma,2156.156910204004,False,False
2,1500,1,2,lognormal + lognormal,3399.9716470481853,False,False
2,1500,2,2,inverse_gaussian + lognormal,3408.8859915527305,False,False
2,1500,3,2,lognormal + inverse_gaussian,3408.8859915527305,False,False
2,1500,4,3,gamma + lognormal + lognormal,3441.2315107601285,False,False
2,1500,5,3,lognormal + gamma + lognormal,3441.3896026190264,False,False
2,1500,6,3,gamma + inverse_gaussian + lognormal,3443.3410211176574,False,False
2,1500,7,3,lognormal + lognormal + lognormal,3443.357481534783,False,False
2,1500,8,3,inverse_gaussian + lognormal + gamma,3449.1114458516386,False,False
2,1500,9,3,lognormal + gamma + inverse_gaussian,3449.111452642008,False,False
2,1500,10,3,lognormal + inverse_gaussian + gamma,3449.7220590556176,False,False
3,500,1,2,poisson + zip,2780.6294450111996,False,False
3,500,2,2,zip + poisson,2780.6965956225795,False,False
3,500,3,2,nb2 + zip,2786.450020391183,False,False
3,500,4,2,zip + zip,2786.805347143223,False,False
3,500,5,2,nb2 + nb2,2786.9273190704453,False,True
3,500,6,2,zip + nb2,2787.001409269061,False,False
3,500,7,2,poisson + poisson,2791.2273982063343,False,False
3,500,8,2,nb2 + poisson,2797.292571528731,True,True
3,500,9,2,poisson + nb2,2797.2995762635137,True,True
3,500,10,3,poisson + poisson + poisson,2806.295646495971,False,False
3,1000,1,2,nb2 + nb2,5410.876863873308,False,True
3,1000,2,2,poisson + zip,5433.1634353254985,False,False
3,1000,3,2,zip + poisson,5433.230895517395,False,False
3,1000,4,2,zip + nb2,5439.117116545712,False,False
3,1000,5,2,zip + zip,5440.00693851185,False,False
3,1000,6,3,poisson + poisson + poisson,5444.23938412548,False,False
3,1000,7,2,nb2 + zip,5446.618875013115,False,False
3,1000,8,3,poisson + poisson + nb2,5448.030599315886,False,False
3,1000,9,3,poisson + nb2 + nb2,5449.363343667257,False,False
3,1000,10,3,nb2 + nb2 + poisson,5450.576101698511,False,False
3,1500,1,2,nb2 + nb2,8185.882990870443,False,True
3,1500,2,3,zip + poisson + poisson,8216.815510680684,False,False
3,1500,3,3,poisson + nb2 + nb2,8221.196356252512,False,False
3,1500,4,2,zip + poisson,8222.175811898449,False,False
3,1500,5,2,poisson + zip,8222.571485600429,False,False
3,1500,6,3,nb2 + nb2 + zip,8223.396190809935,False,False
3,1500,7,3,nb2 + nb2 + poisson,8223.407315528251,False,False
3,1500,8,3,nb2 + poisson + nb2,8224.2792407264,False,False
3,1500,9,3,poisson + poisson + zip,8224.65633877104,False,False
3,1500,10,3,zip + poisson + nb2,8226.899182973313,False,False
4,500,1,2,poisson + zip,2508.1547474401214,True,True
4,500,2,2,zip + poisson,2508.2203981560774,True,True
4,500,3,2,zip + nb2,2514.2598311847714,False,False
4,500,4,2,nb2 + zip,2514.4578512438884,False,False
4,500,5,2,nb2 + nb2,2529.7756555321303,False,False
4,500,6,2,zip + zip,2530.34141128012,False,True
4,500,7,3,zip + poisson + poisson,2536.8673511231386,False,False
4,500,8,3,poisson + poisson + zip,2538.962458637912,False,False
4,500,9,3,poisson + zip + poisson,2543.8773021530533,False,False
4,500,10,3,nb2 + nb2 + poisson,2543.9009989243186,False,False
4,1000,1,2,poisson + zip,4958.501227245039,True,True
4,1000,2,2,zip + poisson,4958.6154847416565,True,True
4,1000,3,2,zip + nb2,4963.266248817756,False,False
4,1000,4,2,nb2 + zip,4963.645546185303,False,False
4,1000,5,2,zip + zip,4965.589502507367,False,True
4,1000,6,3,poisson + poisson + poisson,4987.156487180822,False,False
4,1000,7,3,poisson + nb2 + poisson,4994.408413282154,False,False
4,1000,8,3,nb2 + poisson + poisson,4994.951036500575,False,False
4,1000,9,3,zip + poisson + poisson,4996.953406347342,False,False
4,1000,10,3,poisson + nb2 + nb2,4997.0940214050715,False,False
4,1500,1,2,zip + poisson,7315.936466042639,True,True
4,1500,2,2,poisson + zip,7316.144463296111,True,True
4,1500,3,2,zip + zip,7322.910343628092,False,True
4,1500,4,2,zip + nb2,7323.089266279996,False,False
4,1500,5,2,nb2 + zip,7323.116602834794,False,False
4,1500,6,3,poisson + nb2 + poisson,7345.7731319370605,False,False
4,1500,7,3,poisson + poisson + poisson,7347.173300826326,False,False
4,1500,8,3,poisson + poisson + nb2,7351.096141141309,False,False
4,1500,9,3,nb2 + poisson + poisson,7352.006471308976,False,False
4,1500,10,3,nb2 + nb2 + poisson,7354.745092057755,False,False
1,500,1,2,student_t + gaussian,1885.6247258394274,True,True
1,500,2,2,student_t + student_t,1890.4755044456047,False,True
1,500,3,2,student_t + skew_normal,1891.8393247227255,False,False
1,500,4,2,gaussian + student_t,1892.7694893478817,True,True
1,500,5,2,skew_normal + student_t,1898.9833364288497,False,False
1,500,6,3,student_t + gaussian + student_t,1921.258215758609,False,False
1,500,7,3,gaussian + gaussian + student_t,1924.8417217047836,False,False
1,500,8,3,gaussian + student_t + student_t,1925.661241478243,False,False
1,500,9,3,student_t + student_t + student_t,1927.2580150893434,False,False
1,500,10,3,student_t + skew_normal + student_t,1927.4718885669413,False,False
1,1000,1,2,student_t + gaussian,3861.546945370329,True,True
1,1000,2,2,gaussian + student_t,3861.9018111055298,True,True
1,1000,3,2,student_t + student_t,3866.3423865683417,False,True
1,1000,4,2,student_t + skew_normal,3868.453921342117,False,False
1,1000,5,2,skew_normal + student_t,3868.809683356303,False,False
1,1000,6,2,gaussian + gaussian,3885.230896723533,False,False
1,1000,7,2,skew_normal + gaussian,3892.1387097968213,False,False
1,1000,8,2,gaussian + skew_normal,3892.1387776844517,False,False
1,1000,9,2,skew_normal + skew_normal,3899.0465900102204,False,False
1,1000,10,3,student_t + gaussian + gaussian,3903.473372326303,False,False
1,1500,1,2,student_t + gaussian,5629.156960258795,True,True
1,1500,2,2,student_t + student_t,5633.252083713827,False,True
1,1500,3,2,student_t + skew_normal,5636.469480273425,False,False
1,1500,4,2,gaussian + student_t,5644.380705117479,True,True
1,1500,5,2,skew_normal + student_t,5651.6921996490655,False,False
1,1500,6,3,student_t + gaussian + gaussian,5669.870980772857,False,False
1,1500,7,3,gaussian + student_t + gaussian,5673.5385906904185,False,False
1,1500,8,3,student_t + student_t + gaussian,5674.829402108216,False,False
1,1500,9,3,student_t + gaussian + student_t,5676.820902099418,False,False
1,1500,10,3,student_t + skew_normal + gaussian,5677.184002651006,False,False
2,500,1,2,inverse_gaussian + lognormal,1168.0656343410908,False,False
2,500,2,2,lognormal + gamma,1170.4250673328954,True,True
2,500,3,2,gamma + lognormal,1170.4250673328954,True,True
2,500,4,2,inverse_gaussian + gamma,1171.1270182508426,False,False
2,500,5,2,gamma + inverse_gaussian,1171.1270182508426,False,False
2,500,6,2,lognormal + lognormal,1171.3842851004545,False,False
2,500,7,2,gamma + gamma,1175.2751022198195,False,False
2,500,8,3,lognormal + inverse_gaussian + gamma,1187.5034660312285,False,False
2,500,9,3,gamma + gamma + lognormal,1190.2437928105394,False,False
2,500,10,3,lognormal + gamma + gamma,1190.2437938317626,False,False
2,1000,1,2,lognormal + gamma,2321.547659880749,True,True
2,1000,2,2,gamma + lognormal,2321.547659880749,True,True
2,1000,3,2,lognormal + lognormal,2322.480571187947,False,False
2,1000,4,2,inverse_gaussian + lognormal,2335.602970891478,False,False
2,1000,5,2,lognormal + inverse_gaussian,2335.602970891478,False,False
2,1000,6,2,inverse_gaussian + gamma,2355.2239734449895,False,False
2,1000,7,3,gamma + lognormal + lognormal,2366.832343343055,False,False
2,1000,8,3,lognormal + lognormal + gamma,2366.832346320323,False,False
2,1000,9,2,inverse_gaussian + inverse_gaussian,2366.8673618623825,False,False
2,1000,10,3,lognormal + gamma + lognormal,2366.9457041110036,False,False
2,1500,1,2,lognormal + gamma,3310.7741223799158,True,True
2,1500,2,2,gamma + lognormal,3310.7741223799158,True,True
2,1500,3,2,lognormal + lognormal,3313.559506580116,False,False
2,1500,4,2,inverse_gaussian + lognormal,3335.042697048989,False,False
2,1500,5,2,lognormal + inverse_gaussian,3335.042697048989,False,False
2,1500,6,3,lognormal + gamma + gamma,3351.120205366817,False,False
2,1500,7,3,lognormal + gamma + lognormal,3353.369276873253,False,False
2,1500,8,3,gamma + lognormal + lognormal,3353.369280900283,False,False
2,1500,9,3,lognormal + lognormal + gamma,3353.369287123471,False,False
2,1500,10,3,gamma + lognormal + gamma,3353.7606778074423,False,False
3,500,1,2,nb2 + nb2,2789.380972653231,False,True
3,500,2,2,poisson + zip,2798.068426345948,False,False
3,500,3,2,zip + poisson,2798.15656260755,False,False
3,500,4,2,nb2 + zip,2800.9420067607816,False,False
3,500,5,2,zip + nb2,2801.7797287004714,False,False
3,500,6,2,zip + zip,2804.2328026221703,False,False
3,500,7,2,poisson + nb2,2806.839516826595,True,True
3,500,8,2,nb2 + poisson,2806.8488918167054,True,True
3,500,9,2,poisson + poisson,2808.031359883399,False,False
3,500,10,3,poisson + poisson + poisson,2812.9798017445314,False,False
3,1000,1,2,nb2 + nb2,5497.503292495329,False,True
3,1000,2,3,zip + poisson + nb2,5517.918905759491,False,False
3,1000,3,2,zip + poisson,5518.396975882429,False,False
3,1000,4,2,poisson + zip,5518.85446494476,False,False
3,1000,5,2,nb2 + zip,5523.712637618619,False,False
3,1000,6,3,nb2 + zip + zip,5524.814051076239,False,False
3,1000,7,3,zip + nb2 + zip,5525.500722860605,False,False
3,1000,8,2,zip + zip,5525.552612731212,False,False
3,1000,9,3,nb2 + zip + poisson,5527.528279958391,False,False
3,1000,10,3,nb2 + poisson + poisson,5528.911607730564,False,False
3,1500,1,2,nb2 + nb2,8154.593988370969,False,True
3,1500,2,3,poisson + zip + poisson,8182.5478692399765,False,False
3,1500,3,3,poisson + poisson + zip,8186.812986442934,False,False
3,1500,4,2,poisson + zip,8191.906709313938,False,False
3,1500,5,2,zip + poisson,8191.955733282091,False,False
3,1500,6,3,nb2 + poisson + nb2,8196.191120949134,False,False
3,1500,7,3,nb2 + nb2 + poisson,8196.298590975692,False,False
3,1500,8,3,zip + zip + zip,8196.989282316386,False,False
3,1500,9,3,zip + nb2 + nb2,8197.319809326142,False,False
3,1500,10,3,nb2 + zip + nb2,8197.908068149276,False,False
4,500,1,2,poisson + zip,2408.018449877545,True,True
4,500,2,2,zip + poisson,2408.2779438552407,True,True
4,500,3,2,nb2 + zip,2414.4070884833163,False,False
4,500,4,2,zip + nb2,2414.5147295251163,False,False
4,500,5,2,zip + zip,2414.6430629279466,False,True
4,500,6,3,poisson + nb2 + poisson,2429.458173557249,False,False
4,500,7,3,poisson + nb2 + nb2,2435.4407306721614,False,False
4,500,8,3,nb2 + poisson + nb2,2435.563102964802,False,False
4,500,9,3,nb2 + poisson + poisson,2437.0687525675316,False,False
4,500,10,2,nb2 + nb2,2437.1717237694666,False,False
4,1000,1,2,zip + poisson,4940.051070640905,True,True
4,1000,2,2,poisson + zip,4940.138140584966,True,True
4,1000,3,2,zip + nb2,4944.919052530735,False,False
4,1000,4,2,zip + zip,4946.935528629657,False,True
4,1000,5,2,nb2 + zip,4946.977453013425,False,False
4,1000,6,3,poisson + poisson + poisson,4965.089409577875,False,False
4,1000,7,3,poisson + poisson + nb2,4971.614918476637,False,False
4,1000,8,3,nb2 + poisson + poisson,4972.429233921148,False,False
4,1000,9,3,nb2 + poisson + nb2,4974.266334293821,False,False
4,1000,10,3,poisson + nb2 + nb2,4974.2951825546315,False,False
4,1500,1,2,poisson + zip,7410.874326198582,True,True
4,1500,2,2,zip + poisson,7410.929442483422,True,True
4,1500,3,2,zip + nb2,7417.123689066048,False,False
4,1500,4,2,nb2 + zip,7417.164729785702,False,False
4,1500,5,2,zip + zip,7418.195919558913,False,True
4,1500,6,3,poisson + poisson + poisson,7443.722214221648,False,False
4,1500,7,3,poisson + nb2 + nb2,7449.406107090858,False,False
4,1500,8,3,poisson + zip + poisson,7450.185479874973,False,False
4,1500,9,3,zip + nb2 + poisson,7450.270076815983,False,False
4,1500,10,3,poisson + poisson + zip,7450.495233888128,False,False
1,500,1,2,gaussian + student_t,1886.480507692289,True,True
1,500,2,2,student_t + student_t,1892.3457887160089,False,True
1,500,3,2,skew_normal + student_t,1892.6952665283109,False,False
1,500,4,2,student_t + gaussian,1894.3091543143344,True,True
1,500,5,2,student_t + skew_normal,1900.5240664203552,False,False
1,500,6,3,gaussian + gaussian + gaussian,1923.8230034741628,False,False
1,500,7,3,gaussian + gaussian + student_t,1923.9567095036675,False,False
1,500,8,2,gaussian + gaussian,1925.5281934639784,False,False
1,500,9,3,student_t + gaussian + gaussian,1925.7150402769335,False,False
1,500,10,3,gaussian + student_t + gaussian,1927.5758606170477,False,False
1,1000,1,2,student_t + gaussian,3795.2073948420825,True,True
1,1000,2,2,student_t + student_t,3802.0577347036246,False,True
1,1000,3,2,student_t + skew_normal,3802.1146516353037,False,False
1,1000,4,2,gaussian + gaussian,3808.8579824643293,False,False
1,1000,5,2,gaussian + skew_normal,3815.765536307246,False,False
1,1000,6,2,skew_normal + gaussian,3815.765586910081,False,False
1,1000,7,2,gaussian + student_t,3816.783743939898,True,True
1,1000,8,2,skew_normal + skew_normal,3822.67314115878,False,False
1,1000,9,2,skew_normal + student_t,3823.691518177679,False,False
1,1000,10,3,student_t + gaussian + gaussian,3827.556893741853,False,False
1,1500,1,2,student_t + gaussian,5587.49557886862,True,True
1,1500,2,2,student_t + skew_normal,5594.808164014457,False,False
1,1500,3,2,student_t + student_t,5594.851501224242,False,True
1,1500,4,2,gaussian + student_t,5628.819359015481,True,True
1,1500,5,3,student_t + gaussian + gaussian,5635.323805349965,False,False
1,1500,6,3,student_t + gaussian + student_t,5636.007137490359,False,False
1,1500,7,2,skew_normal + student_t,5636.133169341731,False,False
1,1500,8,2,gaussian + gaussian,5638.70548487028,False,False
1,1500,9,3,student_t + gaussian + skew_normal,5642.63711244144,False,False
1,1500,10,3,student_t + skew_normal + gaussian,5642.63746529535,False,False
2,500,1,2,lognormal + lognormal,1230.830068932363,False,False
2,500,2,2,gamma + lognormal,1230.8515179683784,True,True
2,500,3,2,lognormal + gamma,1230.8527129270278,True,True
2,500,4,2,lognormal + inverse_gaussian,1234.96481530222,False,False
2,500,5,2,inverse_gaussian + lognormal,1257.9218207891802,False,False
2,500,6,2,gamma + gamma,1258.6079991260788,False,False
2,500,7,2,inverse_gaussian + gamma,1260.3927350146118,False,False
2,500,8,2,gamma + inverse_gaussian,1260.3927350146118,False,False
2,500,9,3,gamma + gamma + lognormal,1260.428853131547,False,False
2,500,10,3,gamma + lognormal + gamma,1260.428854596339,False,False
2,1000,1,2,lognormal + lognormal,2316.658636473347,False,False
2,1000,2,2,lognormal + gamma,2317.2525959403324,True,True
2,1000,3,2,gamma + lognormal,2317.2525959403324,True,True
2,1000,4,2,inverse_gaussian + lognormal,2343.5002490777106,False,False
2,1000,5,2,lognormal + inverse_gaussian,2343.5002490777106,False,False
2,1000,6,3,gamma + lognormal + lognormal,2357.9323071123126,False,False
2,1000,7,3,lognormal + lognormal + lognormal,2358.298922639606,False,False
2,1000,8,3,lognormal + gamma + gamma,2358.395192487212,False,False
2,1000,9,3,gamma + gamma + lognormal,2358.395193022548,False,False
2,1000,10,3,gamma + lognormal + gamma,2358.4016265150294,False,False
2,1500,1,2,lognormal + lognormal,3614.9156463889526,False,False
2,1500,2,2,gamma + lognormal,3615.8939399447545,True,True
2,1500,3,2,lognormal + inverse_gaussian,3633.186567188597,False,False
2,1500,4,2,inverse_gaussian + lognormal,3633.186567188597,False,False
2,1500,5,3,gamma + lognormal + gamma,3651.846803490011,False,False
2,1500,6,3,gamma + gamma + lognormal,3651.8468065393004,False,False
2,1500,7,3,lognormal + lognormal + lognormal,3654.7716904589647,False,False
2,1500,8,3,lognormal + lognormal + gamma,3654.8768161199,False,False
2,1500,9,3,gamma + lognormal + lognormal,3654.8768166838395,False,False
2,1500,10,3,lognormal + inverse_gaussian + lognormal,3657.0946063808697,False,False
3,500,1,2,nb2 + nb2,2749.86579447279,False,True
3,500,2,2,poisson + zip,2774.083331907518,False,False
3,500,3,3,poisson + poisson + zip,2775.516440010267,False,False
3,500,4,2,zip + zip,2780.402354019201,False,False
3,500,5,3,nb2 + zip + poisson,2780.793550612372,False,False
3,500,6,2,zip + poisson,2780.9746443000904,False,False
3,500,7,3,zip + poisson + poisson,2781.1993924511594,False,False
3,500,8,3,zip + zip + poisson,2781.6159797844784,False,False
3,500,9,3,poisson + poisson + nb2,2782.331746500263,False,False
3,500,10,3,zip + poisson + zip,2783.572645570146,False,False
3,1000,1,2,nb2 + nb2,5555.792402272903,False,True
3,1000,2,2,zip + poisson,5566.29106564188,False,False
3,1000,3,2,poisson + zip,5566.3152796796485,False,False
3,1000,4,2,nb2 + zip,5571.269343299646,False,False
3,1000,5,2,zip + zip,5574.100924387973,False,False
3,1000,6,2,zip + nb2,5574.3542635742415,False,False
3,1000,7,3,poisson + poisson + nb2,5584.789067263371,False,False
3,1000,8,3,zip + poisson + poisson,5587.793943818387,False,False
3,1000,9,3,nb2 + poisson + nb2,5589.2122491781865,False,False
3,1000,10,3,poisson + poisson + zip,5589.313376517815,False,False
3,1500,1,2,nb2 + nb2,8271.147862729415,False,True
3,1500,2,3,poisson + nb2 + nb2,8306.986542834757,False,False
3,1500,3,3,nb2 + poisson + nb2,8311.356101638517,False,False
3,1500,4,3,zip + poisson + zip,8316.15738964714,False,False
3,1500,5,3,nb2 + nb2 + zip,8317.557536377091,False,False
3,1500,6,3,nb2 + zip + nb2,8317.907239512058,False,False
3,1500,7,3,zip + nb2 + nb2,8318.462017862104,False,False
3,1500,8,3,nb2 + nb2 + poisson,8322.012656756488,False,False
3,1500,9,3,nb2 + nb2 + nb2,8324.492422813884,False,False
3,1500,10,3,zip + nb2 + poisson,8332.475415353805,False,False
4,500,1,2,poisson + zip,2477.312011678443,True,True
4,500,2,2,zip + poisson,2477.40501911761,True,True
4,500,3,2,zip + nb2,2482.483736288038,False,False
4,500,4,2,nb2 + zip,2482.7541090198583,False,False
4,500,5,2,zip + zip,2483.616977978928,False,True
4,500,6,2,poisson + nb2,2493.999168026983,False,False
4,500,7,2,nb2 + nb2,2499.0773928658664,False,False
4,500,8,3,nb2 + nb2 + poisson,2506.771646811862,False,False
4,500,9,3,nb2 + poisson + zip,2507.3217412373306,False,False
4,500,10,3,zip + poisson + nb2,2509.1635007358436,False,False
4,1000,1,2,zip + poisson,4832.098877522149,True,True
4,1000,2,2,poisson + zip,4832.397923260057,True,True
4,1000,3,2,zip + nb2,4837.122538867891,False,False
4,1000,4,2,zip + zip,4839.028418634311,False,True
4,1000,5,2,nb2 + zip,4839.148570923554,False,False
4,1000,6,3,poisson + nb2 + poisson,4860.945735343797,False,False
4,1000,7,3,poisson + poisson + nb2,4862.897971126547,False,False
4,1000,8,3,poisson + nb2 + nb2,4868.5153870576705,False,False
4,1000,9,3,nb2 + poisson + poisson,4868.984874485949,False,False
4,1000,10,3,nb2 + nb2 + poisson,4869.374708067209,False,False
4,1500,1,2,poisson + zip,7248.0701747929015,True,True
4,1500,2,2,zip + poisson,7248.131692960352,True,True
4,1500,3,2,nb2 + zip,7255.2143836104315,False,False
4,1500,4,2,zip + nb2,7255.226641553256,False,False
4,1500,5,2,zip + zip,7255.364634772577,False,True
4,1500,6,3,poisson + nb2 + poisson,7286.329960725776,False,False
4,1500,7,3,poisson + zip + poisson,7287.062732470938,False,False
4,1500,8,3,poisson + poisson + zip,7288.449215903934,False,False
4,1500,9,3,zip + poisson + poisson,7289.474612450443,False,False
4,1500,10,3,nb2 + zip + poisson,7290.2074719106495,False,False
1,500,1,2,student_t + gaussian,1945.9332516123584,True,True
1,500,2,2,gaussian + gaussian,1947.4406518194203,False,False
1,500,3,2,student_t + student_t,1952.1342824509156,False,True
1,500,4,2,student_t + skew_normal,1952.147200573533,False,False
1,500,5,2,gaussian + skew_normal,1953.6549460955973,False,False
1,500,6,2,skew_normal + gaussian,1953.6552633288352,False,False
1,500,7,2,gaussian + student_t,1953.7317743880656,True,True
1,500,8,2,skew_normal + skew_normal,1959.8695579826874,False,False
1,500,9,2,skew_normal + student_t,1959.940008746686,False,False
1,500,10,3,student_t + gaussian + gaussian,1984.6558722037366,False,False
1,1000,1,2,student_t + gaussian,3812.8302780838662,True,True
1,1000,2,2,student_t + skew_normal,3819.738264936787,False,False
1,1000,3,2,student_t + student_t,3819.779010776946,False,True
1,1000,4,2,gaussian + gaussian,3820.0413059100238,False,False
1,1000,5,2,skew_normal + gaussian,3826.9490346823604,False,False
1,1000,6,2,gaussian + skew_normal,3826.9493316566677,False,False
1,1000,7,2,gaussian + student_t,3827.070409015251,True,True
1,1000,8,2,skew_normal + skew_normal,3833.857056725551,False,False
1,1000,9,2,skew_normal + student_t,3833.9781150261383,False,False
1,1000,10,3,student_t + gaussian + gaussian,3856.3406748247844,False,False
1,1500,1,2,student_t + gaussian,5716.199120143731,True,True
1,1500,2,2,student_t + skew_normal,5723.512283761191,False,False
1,1500,3,2,student_t + student_t,5723.716289544301,False,True
1,1500,4,2,gaussian + gaussian,5756.062984633011,False,False
1,1500,5,3,student_t + gaussian + gaussian,5757.0079841452225,False,False
1,1500,6,3,student_t + gaussian + student_t,5758.981991397725,False,False
1,1500,7,2,gaussian + student_t,5763.3128675390735,True,True
1,1500,8,2,skew_normal + gaussian,5763.376080816077,False,False
1,1500,9,2,gaussian + skew_normal,5763.376178516922,False,False
1,1500,10,3,student_t + gaussian + skew_normal,5764.322056501995,False,False
2,500,1,2,lognormal + lognormal,1219.216695935522,False,False
2,500,2,2,lognormal + gamma,1220.686763866817,True,True
2,500,3,2,inverse_gaussian + lognormal,1224.5569044489434,False,False
2,500,4,2,lognormal + inverse_gaussian,1224.5569044489434,False,False
2,500,5,2,gamma + lognormal,1236.167788113245,True,True
2,500,6,2,gamma + gamma,1237.3635838378175,False,False
2,500,7,2,inverse_gaussian + gamma,1238.4385073302615,False,False
2,500,8,2,gamma + inverse_gaussian,1238.4385073302615,False,False
2,500,9,3,lognormal + inverse_gaussian + lognormal,1248.8859019858724,False,False
2,500,10,3,lognormal + lognormal + inverse_gaussian,1249.5693458498674,False,False
2,1000,1,2,gamma + lognormal,2379.1365654189144,True,True
2,1000,2,2,lognormal + lognormal,2381.7170813263742,False,False
2,1000,3,3,lognormal + lognormal + gamma,2419.458598115061,False,False
2,1000,4,3,gamma + lognormal + lognormal,2419.7803020139395,False,False
2,1000,5,3,lognormal + gamma + lognormal,2420.485463006792,False,False
2,1000,6,3,gamma + inverse_gaussian + lognormal,2421.086375236472,False,False
2,1000,7,3,lognormal + inverse_gaussian + gamma,2421.3888324102572,False,False
2,1000,8,3,gamma + gamma + lognormal,2421.396473693788,False,False
2,1000,9,3,lognormal + lognormal + lognormal,2423.700186064347,False,False
2,1000,10,3,lognormal + lognormal + inverse_gaussian,2423.9489180784976,False,False
2,1500,1,2,lognormal + gamma,3271.986918508875,True,True
2,1500,2,2,gamma + lognormal,3271.986918508875,True,True
2,1500,3,2,lognormal + lognormal,3278.623024222923,False,False
2,1500,4,3,gamma + inverse_gaussian + lognormal,3311.2818573902987,False,False
2,1500,5,3,lognormal + inverse_gaussian + gamma,3311.281857946391,False,False
2,1500,6,2,inverse_gaussian + lognormal,3313.058950050056,False,False
2,1500,7,2,lognormal + inverse_gaussian,3313.058950050056,False,False
2,1500,8,3,lognormal + inverse_gaussian + lognormal,3318.931288498123,False,False
2,1500,9,3,lognormal + lognormal + inverse_gaussian,3318.9312886397947,False,False
2,1500,10,3,lognormal + gamma + lognormal,3322.0572721744097,False,False
3,500,1,2,nb2 + nb2,2834.6024177399213,False,True
3,500,2,2,poisson + zip,2835.512171722657,False,False
3,500,3,2,zip + poisson,2835.611039408409,False,False
3,500,4,2,zip + nb2,2839.75945092035,False,False
3,500,5,2,nb2 + zip,2839.8914117197273,False,False
3,500,6,2,zip + zip,2841.6777593010584,False,False
3,500,7,3,zip + poisson + poisson,2853.5627657943073,False,False
3,500,8,2,poisson + poisson,2855.6027414397645,False,False
3,500,9,2,nb2 + poisson,2855.7920111211647,True,True
3,500,10,2,poisson + nb2,2855.831463669211,True,True
3,1000,1,2,nb2 + nb2,5449.758215222778,False,True
3,1000,2,2,zip + poisson,5450.716255971217,False,False
3,1000,3,2,poisson + zip,5451.058990739477,False,False
3,1000,4,2,nb2 + zip,5455.242808904874,False,False
3,1000,5,2,zip + nb2,5456.476202642679,False,False
3,1000,6,2,zip + zip,5457.778576736312,False,False
3,1000,7,2,poisson + poisson,5465.271253202732,False,False
3,1000,8,2,poisson + nb2,5470.369371070642,True,True
3,1000,9,2,nb2 + poisson,5472.390773107676,True,True
3,1000,10,3,poisson + poisson + poisson,5475.224601668205,False,False
3,1500,1,2,nb2 + nb2,8218.011402688178,False,True
3,1500,2,2,poisson + zip,8234.386659644759,False,False
3,1500,3,2,zip + poisson,8234.475027325712,False,False
3,1500,4,2,nb2 + zip,8239.268346898787,False,False
3,1500,5,2,zip + nb2,8239.302701912064,False,False
3,1500,6,2,zip + zip,8242.017055545397,False,False
3,1500,7,3,poisson + poisson + nb2,8245.560976174927,False,False
3,1500,8,3,poisson + nb2 + nb2,8248.036666296426,False,False
3,1500,9,3,nb2 + nb2 + poisson,8248.384844835915,False,False
3,1500,10,3,nb2 + poisson + nb2,8249.334634873467,False,False
4,500,1,2,poisson + zip,2510.414719737105,True,True
4,500,2,2,zip + poisson,2510.4418606685713,True,True
4,500,3,2,zip + nb2,2515.4260009215996,False,False
4,500,4,2,zip + zip,2516.268251444367,False,True
4,500,5,2,nb2 + zip,2516.36256633817,False,False
4,500,6,2,nb2 + nb2,2537.4150471312287,False,False
4,500,7,3,poisson + poisson + nb2,2537.762834535977,False,False
4,500,8,3,nb2 + poisson + poisson,2537.763542908786,False,False
4,500,9,3,poisson + nb2 + poisson,2539.725275956326,False,False
4,500,10,3,zip + poisson + poisson,2541.7259649174307,False,False
4,1000,1,2,poisson + zip,4947.915414594886,True,True
4,1000,2,2,zip + poisson,4948.0669225890915,True,True
4,1000,3,2,zip + zip,4955.0961016172305,False,True
4,1000,4,2,nb2 + zip,4956.158627934153,False,False
4,1000,5,2,nb2 + nb2,4959.671513216807,False,False
4,1000,6,2,zip + nb2,4963.699765130435,False,False
4,1000,7,3,poisson + zip + poisson,4974.435618858895,False,False
4,1000,8,3,poisson + zip + nb2,4976.8918890407285,False,False
4,1000,9,3,poisson + poisson + poisson,4977.244223848837,False,False
4,1000,10,3,zip + nb2 + poisson,4979.797138420101,False,False
4,1500,1,2,zip + poisson,7437.16369504885,True,True
4,1500,2,2,poisson + zip,7437.242554316685,True,True
4,1500,3,2,zip + nb2,7443.512517741672,False,False
4,1500,4,2,nb2 + zip,7443.589116599328,False,False
4,1500,5,2,zip + zip,7444.555685092745,False,True
4,1500,6,3,nb2 + poisson + poisson,7470.990003028246,False,False
4,1500,7,3,poisson + nb2 + poisson,7471.054332506991,False,False
4,1500,8,3,nb2 + poisson + nb2,7474.407185443823,False,False
4,1500,9,3,poisson + zip + poisson,7477.111733957835,False,False
4,1500,10,3,poisson + nb2 + nb2,7477.197006898268,False,False
1,500,1,2,student_t + gaussian,1872.7851491447038,True,True
1,500,2,2,gaussian + gaussian,1873.2096418724307,False,False
1,500,3,2,student_t + student_t,1878.864034952197,False,True
1,500,4,2,gaussian + student_t,1878.950695731571,True,True
1,500,5,2,student_t + skew_normal,1878.999932923723,False,False
1,500,6,2,skew_normal + gaussian,1879.424097011527,False,False
1,500,7,2,gaussian + skew_normal,1879.4253542638842,False,False
1,500,8,2,skew_normal + student_t,1885.1651401123513,False,False
1,500,9,2,skew_normal + skew_normal,1885.639819510064,False,False
1,500,10,3,gaussian + student_t + gaussian,1909.8558499169244,False,False
1,1000,1,2,student_t + gaussian,3847.7447440509,True,True
1,1000,2,2,student_t + skew_normal,3854.6527261038004,False,False
1,1000,3,2,student_t + student_t,3854.6840604084414,False,True
1,1000,4,2,gaussian + student_t,3882.557244813523,True,True
1,1000,5,3,student_t + gaussian + gaussian,3886.8939651444307,False,False
1,1000,6,2,skew_normal + student_t,3889.465196018296,False,False
1,1000,7,3,student_t + student_t + gaussian,3893.3974956440516,False,False
1,1000,8,3,student_t + gaussian + student_t,3893.4566882470563,False,False
1,1000,9,3,student_t + skew_normal + gaussian,3893.793973401641,False,False
1,1000,10,3,student_t + gaussian + skew_normal,3893.8016902804497,False,False
1,1500,1,2,student_t + gaussian,5587.073325287831,True,True
1,1500,2,2,student_t + student_t,5594.370336830947,False,True
1,1500,3,2,student_t + skew_normal,5594.386496840697,False,False
1,1500,4,3,student_t + gaussian + gaussian,5634.579396970146,False,False
1,1500,5,3,student_t + gaussian + student_t,5641.655760905625,False,False
1,1500,6,3,student_t + gaussian + skew_normal,5641.892250019506,False,False
1,1500,7,3,student_t + skew_normal + gaussian,5641.892794748817,False,False
1,1500,8,3,student_t + student_t + gaussian,5642.076294575341,False,False
1,1500,9,3,student_t + skew_normal + student_t,5648.983138112706,False,False
1,1500,10,3,student_t + student_t + student_t,5649.076687605745,False,False
2,500,1,2,gamma + lognormal,1186.1708253011282,True,True
2,500,2,2,lognormal + lognormal,1188.5267138247898,False,False
2,500,3,2,gamma + gamma,1209.9660313995944,False,False
2,500,4,2,lognormal + gamma,1212.2302209082916,True,True
2,500,5,2,inverse_gaussian + gamma,1212.4158257559475,False,False
2,500,6,2,gamma + inverse_gaussian,1212.4158257559475,False,False
2,500,7,3,inverse_gaussian + gamma + gamma,1218.4470175617967,False,False
2,500,8,3,gamma + inverse_gaussian + gamma,1218.6239983730811,False,False
2,500,9,3,lognormal + gamma + gamma,1219.381392106597,False,False
2,500,10,3,gamma + gamma + lognormal,1219.3813923518771,False,False
2,1000,1,2,lognormal + gamma,2365.707735965623,True,True
2,1000,2,2,lognormal + lognormal,2367.3578907051524,False,False
2,1000,3,2,inverse_gaussian + lognormal,2390.311861709106,False,False
2,1000,4,2,lognormal + inverse_gaussian,2390.311861709106,False,False
2,1000,5,3,gamma + lognormal + lognormal,2399.8987505772425,False,False
2,1000,6,3,lognormal + gamma + lognormal,2400.4839216795835,False,False
2,1000,7,3,lognormal + lognormal + lognormal,2401.719900869922,False,False
2,1000,8,3,inverse_gaussian + gamma + lognormal,2403.596942415377,False,False
2,1000,9,2,gamma + gamma,2403.771526833787,False,False
2,1000,10,2,gamma + lognormal,2403.8266406008843,True,True
2,1500,1,2,lognormal + gamma,3399.063076284466,True,True
2,1500,2,2,lognormal + lognormal,3403.474667817896,False,False
2,1500,3,2,lognormal + inverse_gaussian,3413.6821972595667,False,False
2,1500,4,3,lognormal + lognormal + lognormal,3445.0364229750235,False,False
2,1500,5,3,gamma + lognormal + lognormal,3448.8245124386017,False,False
2,1500,6,3,lognormal + inverse_gaussian + gamma,3449.6799995829438,False,False
2,1500,7,3,inverse_gaussian + gamma + lognormal,3449.680000314412,False,False
2,1500,8,3,gamma + gamma + lognormal,3452.228221410277,False,False
2,1500,9,3,gamma + lognormal + gamma,3452.2581550936793,False,False
2,1500,10,3,lognormal + gamma + gamma,3453.3655518915266,False,False
3,500,1,2,nb2 + nb2,2735.0590990086275,False,True
3,500,2,2,zip + poisson,2752.930003370001,False,False
3,500,3,2,poisson + zip,2756.1848366169834,False,False
3,500,4,2,zip + zip,2758.7895644513783,False,False
3,500,5,3,nb2 + poisson + poisson,2760.784057422468,False,False
3,500,6,3,poisson + poisson + nb2,2761.2962224600274,False,False
3,500,7,3,zip + poisson + nb2,2762.221858409616,False,False
3,500,8,2,nb2 + zip,2762.3706814375955,False,False
3,500,9,2,zip + nb2,2762.4992497795984,False,False
3,500,10,3,poisson + poisson + poisson,2763.0683922804446,False,False
3,1000,1,2,nb2 + nb2,5564.531987490692,False,True
3,1000,2,2,poisson + zip,5574.377800856861,False,False
3,1000,3,2,zip + poisson,5574.39203476289,False,False
3,1000,4,2,zip + nb2,5576.975844842192,False,False
3,1000,5,2,nb2 + zip,5577.008416481768,False,False
3,1000,6,2,zip + zip,5581.387557966805,False,False
3,1000,7,3,poisson + poisson + zip,5590.7026681958105,False,False
3,1000,8,3,nb2 + poisson + nb2,5598.586007524127,False,False
3,1000,9,2,nb2 + poisson,5602.584689956025,True,True
3,1000,10,2,poisson + nb2,5602.652867563966,True,True
3,1500,1,2,nb2 + nb2,8182.640453236584,False,True
3,1500,2,2,zip + poisson,8192.5389843646,False,False
3,1500,3,2,poisson + zip,8192.689851981215,False,False
3,1500,4,2,nb2 + zip,8198.80064883051,False,False
3,1500,5,2,zip + zip,8199.950118883222,False,False
3,1500,6,2,zip + nb2,8201.22015168687,False,False
3,1500,7,3,poisson + poisson + poisson,8209.389176236245,False,False
3,1500,8,3,poisson + nb2 + poisson,8213.294373799448,False,False
3,1500,9,3,poisson + nb2 + nb2,8217.331647386509,False,False
3,1500,10,3,nb2 + poisson + nb2,8217.814076894296,False,False
4,500,1,2,zip + poisson,2466.9370586164823,True,True
4,500,2,2,poisson + zip,2467.030873471097,True,True
4,500,3,2,zip + nb2,2472.0718723542377,False,False
4,500,4,2,nb2 + zip,2473.0933652392287,False,False
4,500,5,2,zip + zip,2473.0962010340527,False,True
4,500,6,3,poisson + poisson + poisson,2493.737450951516,False,False
4,500,7,3,nb2 + poisson + poisson,2499.3425820106672,False,False
4,500,8,3,poisson + nb2 + poisson,2499.538336271486,False,False
4,500,9,3,zip + poisson + poisson,2500.9055091489795,False,False
4,500,10,3,poisson + zip + poisson,2501.040694116706,False,False
4,1000,1,2,poisson + zip,4983.363871937793,True,True
4,1000,2,2,zip + poisson,4983.499617951134,True,True
4,1000,3,2,nb2 + zip,4988.135125438658,False,False
4,1000,4,2,zip + nb2,4988.572118454295,False,False
4,1000,5,2,zip + zip,4990.442366680164,False,True
4,1000,6,3,poisson + poisson + poisson,5010.427427435905,False,False
4,1000,7,3,poisson + poisson + nb2,5015.692668380147,False,False
4,1000,8,3,poisson + nb2 + poisson,5017.339643012878,False,False
4,1000,9,3,nb2 + poisson + poisson,5018.031186682622,False,False
4,1000,10,3,nb2 + poisson + nb2,5020.452894474022,False,False
4,1500,1,2,zip + poisson,7352.157838149534,True,True
4,1500,2,2,poisson + zip,7352.232843091947,True,True
4,1500,3,2,nb2 + zip,7358.808528350668,False,False
4,1500,4,2,zip + nb2,7358.812479002483,False,False
4,1500,5,2,zip + zip,7359.489416295224,False,True
4,1500,6,3,poisson + poisson + nb2,7384.529844268706,False,False
4,1500,7,3,zip + poisson + poisson,7384.92076599636,False,False
4,1500,8,3,poisson + poisson + zip,7386.2739972849195,False,False
4,1500,9,3,poisson + zip + poisson,7387.884348204249,False,False
4,1500,10,3,nb2 + nb2 + poisson,7389.107438970864,False,False
1,500,1,2,student_t + gaussian,1857.5238592102223,True,True
1,500,2,2,student_t + student_t,1863.7234131264622,False,True
1,500,3,2,student_t + skew_normal,1863.739276736811,False,False
1,500,4,2,gaussian + student_t,1865.7860486940276,True,True
1,500,5,2,gaussian + gaussian,1871.2073300680515,False,False
1,500,6,2,skew_normal + student_t,1872.0010285568171,False,False
1,500,7,2,skew_normal + gaussian,1877.4219337043085,False,False
1,500,8,2,gaussian + skew_normal,1877.4222520849776,False,False
1,500,9,2,skew_normal + skew_normal,1883.6367619076277,False,False
1,500,10,3,student_t + gaussian + gaussian,1894.136226918968,False,False
1,1000,1,2,student_t + gaussian,3720.140169474163,True,True
1,1000,2,2,student_t + student_t,3727.043248385981,False,True
1,1000,3,2,student_t + skew_normal,3727.0487693495147,False,False
1,1000,4,2,gaussian + student_t,3746.891193111295,True,True
1,1000,5,2,gaussian + gaussian,3748.2711915474815,False,False
1,1000,6,2,skew_normal + student_t,3753.80045888615,False,False
1,1000,7,2,skew_normal + gaussian,3755.1785904056255,False,False
1,1000,8,2,gaussian + skew_normal,3755.1810388568024,False,False
1,1000,9,2,skew_normal + skew_normal,3762.0884413515105,False,False
1,1000,10,3,student_t + gaussian + gaussian,3765.9611653355105,False,False
1,1500,1,2,student_t + gaussian,5574.9800788832345,True,True
1,1500,2,2,student_t + student_t,5580.547334511556,False,True
1,1500,3,2,student_t + skew_normal,5582.293663952073,False,False
1,1500,4,2,gaussian + student_t,5613.515267194309,True,True
1,1500,5,2,skew_normal + student_t,5620.828450674839,False,False
1,1500,6,3,student_t + gaussian + gaussian,5623.678198884962,False,False
1,1500,7,3,student_t + gaussian + student_t,5630.4403320442925,False,False
1,1500,8,3,student_t + student_t + gaussian,5630.752157458346,False,False
1,1500,9,3,student_t + gaussian + skew_normal,5630.991549721797,False,False
1,1500,10,3,student_t + skew_normal + gaussian,5630.99268340191,False,False
2,500,1,2,lognormal + gamma,1111.3363801658497,True,True
2,500,2,2,lognormal + lognormal,1111.9597370271877,False,False
2,500,3,2,lognormal + inverse_gaussian,1124.0922678426944,False,False
2,500,4,2,gamma + gamma,1138.1550297601518,False,False
2,500,5,2,gamma + lognormal,1138.5081290431133,True,True
2,500,6,3,lognormal + gamma + inverse_gaussian,1141.3964267912747,False,False
2,500,7,3,inverse_gaussian + lognormal + gamma,1141.4168715703652,False,False
2,500,8,3,gamma + inverse_gaussian + lognormal,1141.442722262505,False,False
2,500,9,3,lognormal + inverse_gaussian + lognormal,1142.4175655281738,False,False
2,500,10,3,inverse_gaussian + lognormal + lognormal,1142.482659486601,False,False
2,1000,1,2,gamma + lognormal,2342.508353369847,True,True
2,1000,2,2,lognormal + lognormal,2345.714657580872,False,False
2,1000,3,2,inverse_gaussian + lognormal,2348.819394384397,False,False
2,1000,4,2,lognormal + inverse_gaussian,2348.819394384397,False,False
2,1000,5,3,gamma + gamma + inverse_gaussian,2368.4456259256503,False,False
2,1000,6,3,gamma + inverse_gaussian + gamma,2368.8448697519207,False,False
2,1000,7,3,gamma + lognormal + inverse_gaussian,2371.6664691902592,False,False
2,1000,8,3,gamma + inverse_gaussian + lognormal,2371.7477625088854,False,False
2,1000,9,3,lognormal + gamma + inverse_gaussian,2371.8426053271032,False,False
2,1000,10,3,inverse_gaussian + lognormal + gamma,2371.966739867328,False,False
2,1500,1,2,lognormal + lognormal,3775.3837959931475,False,False
2,1500,2,2,lognormal + gamma,3776.5718413579575,True,True
2,1500,3,2,gamma + lognormal,3776.5718413579575,True,True
2,1500,4,2,lognormal + inverse_gaussian,3801.186141291257,False,False
2,1500,5,3,lognormal + lognormal + inverse_gaussian,3811.9941285777873,False,False
2,1500,6,3,inverse_gaussian + lognormal + lognormal,3812.2337734918465,False,False
2,1500,7,3,lognormal + inverse_gaussian + lognormal,3812.264843045859,False,False
2,1500,8,3,lognormal + lognormal + lognormal,3814.4094613460393,False,False
2,1500,9,3,gamma + lognormal + lognormal,3814.4198223246017,False,False
2,1500,10,3,inverse_gaussian + gamma + lognormal,3814.649050005963,False,False
3,500,1,2,nb2 + nb2,2843.9021412925586,False,True
3,500,2,2,zip + nb2,2854.426400684444,False,False
3,500,3,2,nb2 + zip,2854.500519113688,False,False
3,500,4,2,poisson + zip,2857.2182246628763,False,False
3,500,5,2,zip + poisson,2857.3626700921395,False,False
3,500,6,2,zip + zip,2863.458229026892,False,False
3,500,7,3,zip + poisson + poisson,2869.53651551533,False,False
3,500,8,2,nb2 + poisson,2870.1443150861496,True,True
3,500,9,2,poisson + nb2,2870.305393102892,True,True
3,500,10,3,poisson + poisson + poisson,2872.7315167401175,False,False
3,1000,1,2,nb2 + nb2,5488.688691913691,False,True
3,1000,2,2,poisson + zip,5491.727803569357,False,False
3,1000,3,2,zip + poisson,5491.778581753469,False,False
3,1000,4,2,nb2 + zip,5495.6905110036,False,False
3,1000,5,2,zip + nb2,5495.851986521806,False,False
3,1000,6,2,zip + zip,5498.6087703500725,False,False
3,1000,7,3,poisson + poisson + poisson,5515.232749536417,False,False
3,1000,8,3,poisson + zip + poisson,5519.783097887152,False,False
3,1000,9,3,poisson + poisson + zip,5521.142301531443,False,False
3,1000,10,3,nb2 + poisson + poisson,5522.596890602734,False,False
3,1500,1,2,nb2 + nb2,8209.532299564333,False,True
3,1500,2,3,poisson + poisson + zip,8235.876507388633,False,False
3,1500,3,3,nb2 + poisson + zip,8238.275663816532,False,False
3,1500,4,3,nb2 + zip + poisson,8238.279129127237,False,False
3,1500,5,3,poisson + nb2 + zip,8238.736965375683,False,False
3,1500,6,3,zip + poisson + poisson,8240.575675972079,False,False
3,1500,7,3,zip + zip + poisson,8243.194163874336,False,False
3,1500,8,3,poisson + zip + zip,8243.459624718806,False,False
3,1500,9,3,zip + zip + nb2,8246.606074298126,False,False
3,1500,10,3,poisson + nb2 + nb2,8248.952380867584,False,False
4,500,1,2,zip + poisson,2430.2736268777608,True,True
4,500,2,2,poisson + zip,2430.298749673432,True,True
4,500,3,2,zip + zip,2436.4602614951546,False,True
4,500,4,2,zip + nb2,2436.476631618153,False,False
4,500,5,2,nb2 + zip,2436.554180274469,False,False
4,500,6,3,poisson + nb2 + poisson,2463.0514969270866,False,False
4,500,7,2,nb2 + nb2,2465.1267835024055,False,False
4,500,8,3,poisson + nb2 + nb2,2465.850564392562,False,False
4,500,9,3,zip + poisson + poisson,2467.039845427705,False,False
4,500,10,3,nb2 + nb2 + poisson,2467.2460116560055,False,False
4,1000,1,2,poisson + zip,4919.710958115375,True,True
4,1000,2,2,zip + poisson,4920.043761856791,True,True
4,1000,3,2,nb2 + zip,4924.936537752931,False,False
4,1000,4,2,zip + zip,4926.641212852669,False,True
4,1000,5,2,zip + nb2,4927.1490656966735,False,False
4,1000,6,3,nb2 + poisson + poisson,4944.371734220752,False,False
4,1000,7,3,poisson + poisson + nb2,4944.50435057592,False,False
4,1000,8,3,poisson + nb2 + nb2,4948.954018873688,False,False
4,1000,9,3,poisson + poisson + poisson,4949.197965867731,False,False
4,1000,10,3,nb2 + nb2 + poisson,4951.58270337714,False,False
4,1500,1,2,poisson + zip,7317.694866863191,True,True
4,1500,2,2,zip + poisson,7317.949921800328,True,True
4,1500,3,2,zip + zip,7324.971189995618,False,True
4,1500,4,2,nb2 + zip,7325.226077796164,False,False
4,1500,5,2,zip + nb2,7325.363128747644,False,False
4,1500,6,3,poisson + poisson + zip,7355.366839203912,False,False
4,1500,7,3,poisson + zip + poisson,7355.845602097388,False,False
4,1500,8,3,zip + poisson + poisson,7356.934642509549,False,False
4,1500,9,3,poisson + poisson + nb2,7357.6036602586455,False,False
4,1500,10,3,nb2 + nb2 + poisson,7359.129223194045,False,False
1,500,1,2,gaussian + gaussian,1940.2220989772923,False,False
1,500,2,2,student_t + gaussian,1943.9834968445577,True,True
1,500,3,2,gaussian + skew_normal,1946.436452189527,False,False
1,500,4,2,skew_normal + gaussian,1946.43675835758,False,False
1,500,5,2,gaussian + student_t,1946.5934729913824,True,True
1,500,6,2,student_t + skew_normal,1950.1978144715545,False,False
1,500,7,2,student_t + student_t,1950.24379830525,False,True
1,500,8,2,skew_normal + skew_normal,1952.6511119100044,False,False
1,500,9,2,skew_normal + student_t,1952.775666596929,False,False
1,500,10,3,student_t + gaussian + gaussian,1978.0783836638952,False,False
1,1000,1,2,student_t + gaussian,3732.1289596620845,True,True
1,1000,2,2,gaussian + student_t,3738.675691220597,True,True
1,1000,3,2,student_t + student_t,3738.8888803332325,False,True
1,1000,4,2,student_t + skew_normal,3739.0375083509066,False,False
1,1000,5,2,skew_normal + student_t,3745.583311646598,False,False
1,1000,6,2,gaussian + gaussian,3767.8710322300603,False,False
1,1000,7,3,student_t + gaussian + gaussian,3774.3595664857194,False,False
1,1000,8,2,gaussian + skew_normal,3774.77784734307,False,False
1,1000,9,2,skew_normal + gaussian,3774.778825020038,False,False
1,1000,10,3,gaussian + student_t + gaussian,3776.645841776124,False,False
1,1500,1,2,student_t + gaussian,5674.899776685919,True,True
1,1500,2,2,student_t + student_t,5681.834499132776,False,True
1,1500,3,2,student_t + skew_normal,5682.213096810088,False,False
1,1500,4,2,gaussian + student_t,5717.260546333289,True,True
1,1500,5,3,student_t + gaussian + gaussian,5719.914408015482,False,False
1,1500,6,2,skew_normal + student_t,5724.573879514817,False,False
1,1500,7,3,student_t + gaussian + student_t,5726.453119564605,False,False
1,1500,8,3,student_t + student_t + gaussian,5727.057153519425,False,False
1,1500,9,3,student_t + skew_normal + gaussian,5727.217467723888,False,False
1,1500,10,3,student_t + gaussian + skew_normal,5727.292161998741,False,False
2,500,1,2,lognormal + gamma,1064.752096537151,True,True
2,500,2,2,gamma + lognormal,1064.752096537151,True,True
2,500,3,2,lognormal + lognormal,1067.4452571455972,False,False
2,500,4,2,inverse_gaussian + lognormal,1070.9338627060624,False,False
2,500,5,2,lognormal + inverse_gaussian,1070.9338627060624,False,False
2,500,6,2,gamma + gamma,1086.9534307725407,False,False
2,500,7,2,inverse_gaussian + gamma,1087.476367026318,False,False
2,500,8,2,gamma + inverse_gaussian,1087.476367026318,False,False
2,500,9,2,inverse_gaussian + inverse_gaussian,1094.0557468148506,False,False
2,500,10,3,gamma + inverse_gaussian + inverse_gaussian,1098.4239088731815,False,False
2,1000,1,2,lognormal + inverse_gaussian,2041.8045412613117,False,False
2,1000,2,2,lognormal + lognormal,2052.0883425256793,False,False
2,1000,3,2,lognormal + gamma,2053.362105420245,True,True
2,1000,4,2,gamma + lognormal,2053.362105420245,True,True
2,1000,5,2,inverse_gaussian + gamma,2078.959069535458,False,False
2,1000,6,2,gamma + inverse_gaussian,2078.959069535458,False,False
2,1000,7,3,gamma + inverse_gaussian + inverse_gaussian,2084.8848393800304,False,False
2,1000,8,3,inverse_gaussian + lognormal + inverse_gaussian,2084.9345882744956,False,False
2,1000,9,3,inverse_gaussian + inverse_gaussian + lognormal,2084.958472425439,False,False
2,1000,10,3,inverse_gaussian + lognormal + gamma,2085.337410991301,False,False
2,1500,1,2,lognormal + gamma,3605.5465043660433,True,True
2,1500,2,2,gamma + lognormal,3605.5465043660433,True,True
2,1500,3,2,lognormal + lognormal,3608.6298741007336,False,False
2,1500,4,2,inverse_gaussian + lognormal,3626.682718585065,False,False
2,1500,5,2,lognormal + inverse_gaussian,3626.682718585065,False,False
2,1500,6,3,gamma + lognormal + inverse_gaussian,3652.975168385749,False,False
2,1500,7,3,inverse_gaussian + lognormal + gamma,3652.975169310425,False,False
2,1500,8,3,lognormal + gamma + inverse_gaussian,3653.0345666191324,False,False
2,1500,9,3,inverse_gaussian + gamma + lognormal,3653.08155503016,False,False
2,1500,10,3,lognormal + lognormal + inverse_gaussian,3656.31949698389,False,False
3,500,1,2,nb2 + nb2,2797.2466643112502,False,True
3,500,2,2,zip + poisson,2797.4220823165024,False,False
3,500,3,2,poisson + zip,2797.4775852180273,False,False
3,500,4,2,nb2 + zip,2803.2666339814405,False,False
3,500,5,2,zip + nb2,2803.3634735008427,False,False
3,500,6,2,zip + zip,2803.601705012479,False,False
3,500,7,3,zip + poisson + poisson,2818.2876812041563,False,False
3,500,8,3,poisson + zip + poisson,2822.3052310473468,False,False
3,500,9,3,poisson + poisson + zip,2823.5901036068467,False,False
3,500,10,3,nb2 + zip + poisson,2824.0008560030155,False,False
3,1000,1,2,nb2 + nb2,5437.629806206641,False,True
3,1000,2,2,zip + poisson,5442.066146447997,False,False
3,1000,3,2,poisson + zip,5442.067906467838,False,False
3,1000,4,2,nb2 + zip,5447.4217763500355,False,False
3,1000,5,2,zip + nb2,5447.623026355392,False,False
3,1000,6,2,zip + zip,5449.122429928516,False,False
3,1000,7,3,poisson + nb2 + zip,5473.3968350135565,False,False
3,1000,8,3,zip + nb2 + poisson,5473.399963557689,False,False
3,1000,9,3,poisson + poisson + poisson,5474.280618456713,False,False
3,1000,10,2,poisson + poisson,5474.835332501697,False,False
3,1500,1,2,nb2 + nb2,8094.761410030696,False,True
3,1500,2,3,poisson + nb2 + zip,8116.453156615172,False,False
3,1500,3,3,nb2 + poisson + zip,8119.226201475955,False,False
3,1500,4,3,nb2 + poisson + poisson,8119.300281364559,False,False
3,1500,5,3,poisson + poisson + nb2,8119.914537432952,False,False
3,1500,6,3,poisson + zip + nb2,8119.9403689494475,False,False
3,1500,7,3,zip + poisson + nb2,8121.466298050613,False,False
3,1500,8,3,nb2 + zip + zip,8126.634282968893,False,False
3,1500,9,3,zip + zip + nb2,8126.677306964824,False,False
3,1500,10,3,nb2 + nb2 + poisson,8128.0774123567035,False,False
4,500,1,2,zip + poisson,2470.516181697743,True,True
4,500,2,2,poisson + zip,2470.6017314611463,True,True
4,500,3,2,zip + nb2,2475.65407969051,False,False
4,500,4,2,nb2 + zip,2475.9361998148897,False,False
4,500,5,2,zip + zip,2476.7138571653486,False,True
4,500,6,3,poisson + poisson + poisson,2492.623978279411,False,False
4,500,7,3,nb2 + poisson + poisson,2497.3860772193407,False,False
4,500,8,3,poisson + poisson + nb2,2498.193022326804,False,False
4,500,9,3,poisson + nb2 + poisson,2498.2978134462624,False,False
4,500,10,3,poisson + zip + poisson,2499.892591534485,False,False
4,1000,1,2,poisson + zip,4874.375343942947,True,True
4,1000,2,2,zip + poisson,4874.434325260538,True,True
4,1000,3,2,nb2 + zip,4879.573627923733,False,False
4,1000,4,2,zip + zip,4881.332318805252,False,True
4,1000,5,2,zip + nb2,4881.36668053206,False,False
4,1000,6,3,poisson + nb2 + poisson,4909.964325465191,False,False
4,1000,7,3,poisson + zip + poisson,4912.999504745781,False,False
4,1000,8,3,nb2 + poisson + zip,4913.29800502426,False,False
4,1000,9,3,nb2 + poisson + nb2,4913.634739807505,False,False
4,1000,10,3,poisson + poisson + poisson,4914.822192416274,False,False
4,1500,1,2,zip + poisson,7268.2697338965,True,True
4,1500,2,2,poisson + zip,7268.400532220214,True,True
4,1500,3,2,zip + nb2,7272.587418794856,False,False
4,1500,4,2,nb2 + zip,7272.670374866178,False,False
4,1500,5,2,zip + zip,7275.644344583446,False,True
4,1500,6,3,nb2 + poisson + poisson,7296.854638122127,False,False
4,1500,7,3,poisson + nb2 + poisson,7300.264412794878,False,False
4,1500,8,3,poisson + poisson + poisson,7302.459719105355,False,False
4,1500,9,3,poisson + nb2 + nb2,7309.525257326136,False,False
4,1500,10,3,zip + poisson + poisson,7311.073794358497,False,False
1,500,1,2,student_t + gaussian,1949.9572349347475,True,True
1,500,2,2,gaussian + gaussian,1954.1834942733901,False,False
1,500,3,2,student_t + student_t,1956.1647546953732,False,True
1,500,4,2,student_t + skew_normal,1956.171757840786,False,False
1,500,5,2,gaussian + student_t,1960.266685307212,True,True
1,500,6,2,skew_normal + gaussian,1960.3981356214128,False,False
1,500,7,2,gaussian + skew_normal,1960.398785278166,False,False
1,500,8,2,skew_normal + student_t,1966.4812388955943,False,False
1,500,9,2,skew_normal + skew_normal,1966.6134262051173,False,False
1,500,10,3,student_t + gaussian + gaussian,1982.4799702889368,False,False
1,1000,1,2,student_t + gaussian,3779.7551120383614,True,True
1,1000,2,2,student_t + skew_normal,3786.6632002331803,False,False
1,1000,3,2,student_t + student_t,3786.678845052005,False,True
1,1000,4,2,gaussian + student_t,3801.8427160320043,True,True
1,1000,5,2,skew_normal + student_t,3808.7504347127015,False,False
1,1000,6,3,gaussian + gaussian + gaussian,3814.9187196564894,False,False
1,1000,7,3,gaussian + gaussian + skew_normal,3821.821647481192,False,False
1,1000,8,3,gaussian + skew_normal + gaussian,3821.822145146856,False,False
1,1000,9,3,skew_normal + gaussian + gaussian,3821.8259129730563,False,False
1,1000,10,3,student_t + student_t + gaussian,3822.5134004516594,False,False
1,1500,1,2,student_t + gaussian,5556.5896260245245,True,True
1,1500,2,2,student_t + student_t,5563.811441414726,False,True
1,1500,3,2,student_t + skew_normal,5563.903042308492,False,False
1,1500,4,2,gaussian + gaussian,5587.637878611838,False,False
1,1500,5,2,gaussian + student_t,5594.748636361321,True,True
1,1500,6,2,skew_normal + gaussian,5594.950903050346,False,False
1,1500,7,2,gaussian + skew_normal,5594.951164848376,False,False
1,1500,8,3,student_t + gaussian + gaussian,5600.323833827586,False,False
1,1500,9,2,skew_normal + student_t,5602.061450176799,False,False
1,1500,10,2,skew_normal + skew_normal,5602.26419005492,False,False
2,500,1,2,gamma + gamma,1352.0984801407653,False,False
2,500,2,2,lognormal + gamma,1353.2041954370043,True,True
2,500,3,2,gamma + lognormal,1353.2041954370043,True,True
2,500,4,2,inverse_gaussian + gamma,1354.5577004306992,False,False
2,500,5,2,gamma + inverse_gaussian,1354.5577004306992,False,False
2,500,6,2,lognormal + lognormal,1358.0718847371393,False,False
2,500,7,2,lognormal + inverse_gaussian,1360.3659781569145,False,False
2,500,8,2,inverse_gaussian + lognormal,1360.3673627764906,False,False
2,500,9,3,gamma + gamma + lognormal,1387.0303865562964,False,False
2,500,10,3,gamma + lognormal + gamma,1387.0303869437555,False,False
2,1000,1,2,lognormal + lognormal,2344.0765607869916,False,False
2,1000,2,2,gamma + lognormal,2346.388309441132,True,True
2,1000,3,2,lognormal + inverse_gaussian,2355.667210982316,False,False
2,1000,4,3,gamma + lognormal + inverse_gaussian,2382.445255208926,False,False
2,1000,5,2,inverse_gaussian + lognormal,2382.6248301947044,False,False
2,1000,6,3,inverse_gaussian + gamma + gamma,2382.8459897786906,False,False
2,1000,7,2,gamma + inverse_gaussian,2383.1230109432295,False,False
2,1000,8,3,inverse_gaussian + lognormal + lognormal,2383.550839727328,False,False
2,1000,9,3,lognormal + lognormal + inverse_gaussian,2383.677976749654,False,False
2,1000,10,3,inverse_gaussian + gamma + lognormal,2384.606776422835,False,False
2,1500,1,2,lognormal + gamma,3437.03307834328,True,True
2,1500,2,2,lognormal + lognormal,3442.709446450861,False,False
2,1500,3,2,inverse_gaussian + lognormal,3468.7790465641424,False,False
2,1500,4,2,lognormal + inverse_gaussian,3468.7790465641424,False,False
2,1500,5,3,gamma + lognormal + lognormal,3481.685837951323,False,False
2,1500,6,3,lognormal + lognormal + lognormal,3486.46193220678,False,False
2,1500,7,3,inverse_gaussian + gamma + lognormal,3488.457954517771,False,False
2,1500,8,3,gamma + inverse_gaussian + lognormal,3488.457954517771,False,False
2,1500,9,3,lognormal + gamma + gamma,3491.007430820463,False,False
2,1500,10,3,gamma + gamma + lognormal,3491.0930079290797,False,False
3,500,1,2,nb2 + nb2,2755.394185613134,False,True
3,500,2,2,poisson + zip,2762.018028455442,False,False
3,500,3,2,zip + zip,2768.3555892309814,False,False
3,500,4,2,nb2 + zip,2770.5210653289005,False,False
3,500,5,2,zip + poisson,2770.648899103487,False,False
3,500,6,3,poisson + poisson + zip,2773.870795127187,False,False
3,500,7,3,poisson + nb2 + poisson,2773.9984035760435,False,False
3,500,8,3,nb2 + poisson + poisson,2774.352427381102,False,False
3,500,9,2,poisson + poisson,2774.485058503985,False,False
3,500,10,2,zip + nb2,2776.092800413284,False,False
3,1000,1,2,nb2 + nb2,5550.603291795814,False,True
3,1000,2,2,poisson + zip,5556.639997351154,False,False
3,1000,3,2,zip + poisson,5556.701246044177,False,False
3,1000,4,2,nb2 + zip,5561.57950716054,False,False
3,1000,5,2,zip + nb2,5562.121604617304,False,False
3,1000,6,2,zip + zip,5563.564849142243,False,False
3,1000,7,3,poisson + zip + poisson,5582.828148080747,False,False
3,1000,8,3,poisson + nb2 + poisson,5584.540324351524,False,False
3,1000,9,3,nb2 + zip + poisson,5586.373239104188,False,False
3,1000,10,3,zip + poisson + poisson,5586.975384235944,False,False
3,1500,1,2,nb2 + nb2,8089.831750430927,False,True
3,1500,2,2,poisson + zip,8115.471181118087,False,False
3,1500,3,2,zip + poisson,8116.075022775601,False,False
3,1500,4,2,nb2 + zip,8120.1735587900985,False,False
3,1500,5,2,zip + nb2,8120.876099511847,False,False
3,1500,6,2,zip + zip,8122.906413184775,False,False
3,1500,7,3,poisson + nb2 + nb2,8131.008328857556,False,False
3,1500,8,3,nb2 + poisson + nb2,8131.201655679965,False,False
3,1500,9,3,nb2 + nb2 + poisson,8131.405004962467,False,False
3,1500,10,3,poisson + zip + poisson,8132.158917712131,False,False
4,500,1,2,zip + poisson,2441.521605819948,True,True
4,500,2,2,poisson + zip,2441.5515099397207,True,True
4,500,3,2,zip + zip,2447.7032540146865,False,True
4,500,4,2,nb2 + zip,2447.7453888483815,False,False
4,500,5,2,zip + nb2,2447.766947154347,False,False
4,500,6,3,nb2 + poisson + poisson,2470.0699517767184,False,False
4,500,7,3,poisson + poisson + zip,2473.278461858398,False,False
4,500,8,2,nb2 + nb2,2474.6176329595028,False,False
4,500,9,3,poisson + poisson + poisson,2474.7845933054596,False,False
4,500,10,3,nb2 + nb2 + poisson,2475.352986556163,False,False
4,1000,1,2,zip + poisson,4993.053432353514,True,True
4,1000,2,2,poisson + zip,4993.119580527435,True,True
4,1000,3,2,zip + nb2,4996.394846780737,False,False
4,1000,4,2,nb2 + zip,4996.472174955755,False,False
4,1000,5,2,zip + zip,5000.032440056456,False,True
4,1000,6,3,nb2 + poisson + poisson,5021.578669309473,False,False
4,1000,7,3,poisson + nb2 + poisson,5021.759407543532,False,False
4,1000,8,3,poisson + poisson + nb2,5023.833388849798,False,False
4,1000,9,3,zip + poisson + poisson,5025.65312715938,False,False
4,1000,10,3,poisson + zip + poisson,5026.856523267404,False,False
4,1500,1,2,poisson + zip,7462.781188155073,True,True
4,1500,2,2,zip + poisson,7462.842471922874,True,True
4,1500,3,2,nb2 + zip,7469.934941260748,False,False
4,1500,4,2,zip + nb2,7470.047384641819,False,False
4,1500,5,2,zip + zip,7470.131849917336,False,True
4,1500,6,3,poisson + poisson + poisson,7494.032339717368,False,False
4,1500,7,3,poisson + nb2 + poisson,7494.363116868636,False,False
4,1500,8,3,poisson + poisson + nb2,7495.764124155649,False,False
4,1500,9,3,nb2 + poisson + poisson,7498.4093104186295,False,False
4,1500,10,3,poisson + poisson + zip,7499.586508193729,False,False
1,500,1,2,student_t + gaussian,1925.711177121447,True,True
1,500,2,2,student_t + skew_normal,1931.9253342248037,False,False
1,500,3,2,student_t + student_t,1931.947613516576,False,True
1,500,4,2,gaussian + student_t,1939.1935306788712,True,True
1,500,5,2,skew_normal + student_t,1945.4080132624772,False,False
1,500,6,2,gaussian + gaussian,1963.1097688731186,False,False
1,500,7,3,student_t + gaussian + gaussian,1966.162361500707,False,False
1,500,8,2,gaussian + skew_normal,1969.3188422260566,False,False
1,500,9,2,skew_normal + gaussian,1969.3243628675825,False,False
1,500,10,3,student_t + gaussian + student_t,1972.317242498374,False,False
1,1000,1,2,student_t + gaussian,3773.709511108414,True,True
1,1000,2,2,student_t + student_t,3780.555935705516,False,True
1,1000,3,2,student_t + skew_normal,3780.6149714304534,False,False
1,1000,4,2,gaussian + student_t,3797.505871813832,True,True
1,1000,5,2,skew_normal + student_t,3804.4136004440347,False,False
1,1000,6,3,gaussian + gaussian + gaussian,3817.8891852488505,False,False
1,1000,7,3,student_t + gaussian + gaussian,3820.3482105389567,False,False
1,1000,8,3,gaussian + gaussian + skew_normal,3824.787146169277,False,False
1,1000,9,3,gaussian + skew_normal + gaussian,3824.796443823817,False,False
1,1000,10,3,skew_normal + gaussian + gaussian,3824.797691238752,False,False
1,1500,1,2,student_t + gaussian,5694.171794253261,True,True
1,1500,2,2,student_t + student_t,5699.172471218573,False,True
1,1500,3,2,student_t + skew_normal,5701.485253426787,False,False
1,1500,4,2,gaussian + student_t,5708.030885577699,True,True
1,1500,5,2,skew_normal + student_t,5715.344140747401,False,False
1,1500,6,2,gaussian + gaussian,5734.196635368287,False,False
1,1500,7,3,student_t + student_t + gaussian,5738.137702940189,False,False
1,1500,8,3,gaussian + student_t + gaussian,5739.813736923055,False,False
1,1500,9,3,student_t + gaussian + gaussian,5740.666255348752,False,False
1,1500,10,2,skew_normal + gaussian,5741.509827656515,False,False
2,500,1,2,gamma + lognormal,1176.0531399286745,True,True
2,500,2,2,lognormal + lognormal,1179.9213249884986,False,False
2,500,3,2,inverse_gaussian + lognormal,1185.9107823949732,False,False
2,500,4,2,lognormal + inverse_gaussian,1185.9107823949732,False,False
2,500,5,2,inverse_gaussian + gamma,1201.7524483275754,False,False
2,500,6,2,gamma + inverse_gaussian,1201.7524483275754,False,False
2,500,7,2,gamma + gamma,1209.3271857636576,False,False
2,500,8,2,inverse_gaussian + inverse_gaussian,1210.6731395700524,False,False
2,500,9,2,lognormal + gamma,1212.4320186408877,True,True
2,500,10,3,inverse_gaussian + gamma + gamma,1213.4186698170704,False,False
2,1000,1,2,inverse_gaussian + lognormal,2116.0268137914222,False,False
2,1000,2,2,lognormal + inverse_gaussian,2116.0268137914222,False,False
2,1000,3,2,lognormal + lognormal,2118.582892759371,False,False
2,1000,4,2,lognormal + gamma,2121.0197297055465,True,True
2,1000,5,2,gamma + lognormal,2121.0197297055465,True,True
2,1000,6,2,inverse_gaussian + inverse_gaussian,2140.4384204206553,False,False
2,1000,7,2,inverse_gaussian + gamma,2144.124827582851,False,False
2,1000,8,3,inverse_gaussian + inverse_gaussian + lognormal,2159.8112766471863,False,False
2,1000,9,3,inverse_gaussian + lognormal + inverse_gaussian,2160.0245732049193,False,False
2,1000,10,3,lognormal + lognormal + inverse_gaussian,2161.175710098779,False,False
2,1500,1,2,lognormal + gamma,3523.9890997870766,True,True
2,1500,2,2,gamma + lognormal,3523.9890997870766,True,True
2,1500,3,2,lognormal + lognormal,3525.6493838695883,False,False
2,1500,4,2,lognormal + inverse_gaussian,3543.0609249544036,False,False
2,1500,5,3,lognormal + gamma + inverse_gaussian,3565.8472790785077,False,False
2,1500,6,3,lognormal + inverse_gaussian + gamma,3566.3917090349437,False,False
2,1500,7,3,gamma + inverse_gaussian + gamma,3566.4369934374995,False,False
2,1500,8,3,inverse_gaussian + gamma + gamma,3566.543920385245,False,False
2,1500,9,3,lognormal + lognormal + inverse_gaussian,3566.688749972874,False,False
2,1500,10,3,inverse_gaussian + lognormal + lognormal,3566.690704980129,False,False
3,500,1,2,poisson + zip,2794.047898713635,False,False
3,500,2,2,zip + poisson,2794.0792789915404,False,False
3,500,3,2,zip + nb2,2799.6250216568224,False,False
3,500,4,2,zip + zip,2800.2819879116114,False,False
3,500,5,2,nb2 + zip,2800.6935027390273,False,False
3,500,6,2,nb2 + nb2,2803.247630768442,False,True
3,500,7,3,poisson + nb2 + poisson,2816.925303273782,False,False
3,500,8,3,nb2 + poisson + poisson,2816.9854793793716,False,False
3,500,9,3,poisson + poisson + nb2,2817.213184582702,False,False
3,500,10,3,poisson + nb2 + nb2,2823.4138153160075,False,False
3,1000,1,2,nb2 + nb2,5486.092431280953,False,True
3,1000,2,2,poisson + zip,5488.787978363385,False,False
3,1000,3,2,zip + poisson,5489.12265309383,False,False
3,1000,4,2,nb2 + zip,5494.609536054607,False,False
3,1000,5,2,zip + nb2,5495.105811409051,False,False
3,1000,6,2,zip + zip,5495.786645892756,False,False
3,1000,7,3,nb2 + poisson + poisson,5503.383713095805,False,False
3,1000,8,3,poisson + poisson + nb2,5503.813367476082,False,False
3,1000,9,3,nb2 + nb2 + poisson,5509.1103414945055,False,False
3,1000,10,3,nb2 + poisson + nb2,5509.804496931143,False,False
3,1500,1,2,nb2 + nb2,8132.427832383178,False,True
3,1500,2,2,zip + poisson,8138.013718928374,False,False
3,1500,3,2,poisson + zip,8138.812546264005,False,False
3,1500,4,2,nb2 + zip,8143.524300878407,False,False
3,1500,5,2,zip + nb2,8144.886448211856,False,False
3,1500,6,2,zip + zip,8146.452787826134,False,False
3,1500,7,3,poisson + poisson + poisson,8162.902606142585,False,False
3,1500,8,3,poisson + zip + poisson,8168.14516072141,False,False
3,1500,9,3,zip + nb2 + poisson,8170.032381876127,False,False
3,1500,10,3,poisson + zip + nb2,8170.075625033904,False,False
4,500,1,2,zip + poisson,2497.878128072472,True,True
4,500,2,2,poisson + zip,2497.9221419311125,True,True
4,500,3,2,nb2 + zip,2503.105773870918,False,False
4,500,4,2,zip + nb2,2503.2506282869035,False,False
4,500,5,2,zip + zip,2504.120237661813,False,True
4,500,6,2,nb2 + nb2,2522.979870412786,False,False
4,500,7,3,poisson + zip + poisson,2528.425770624501,False,False
4,500,8,3,zip + poisson + poisson,2529.2411180147906,False,False
4,500,9,3,poisson + poisson + zip,2531.2692847105604,False,False
4,500,10,3,poisson + nb2 + poisson,2532.2174194220947,False,False
4,1000,1,2,poisson + zip,4923.65920942968,True,True
4,1000,2,2,zip + poisson,4923.700880574199,True,True
4,1000,3,2,zip + zip,4930.64221637941,False,True
4,1000,4,2,nb2 + zip,4930.676268407822,False,False
4,1000,5,2,zip + nb2,4930.691621941268,False,False
4,1000,6,3,poisson + poisson + nb2,4955.2744469747995,False,False
4,1000,7,3,poisson + zip + poisson,4955.861344977799,False,False
4,1000,8,3,poisson + nb2 + poisson,4956.953928195549,False,False
4,1000,9,3,nb2 + poisson + poisson,4957.995405012421,False,False
4,1000,10,2,nb2 + nb2,4960.594306294625,False,False
4,1500,1,2,zip + poisson,7440.2462531322835,True,True
4,1500,2,2,poisson + zip,7440.288096684013,True,True
4,1500,3,2,nb2 + zip,7444.357693773684,False,False
4,1500,4,2,zip + zip,7447.3859200592415,False,True
4,1500,5,2,zip + nb2,7447.469321806737,False,False
4,1500,6,3,poisson + poisson + poisson,7473.081211214598,False,False
4,1500,7,3,poisson + poisson + nb2,7475.67618027706,False,False
4,1500,8,3,poisson + nb2 + poisson,7481.3813412853915,False,False
4,1500,9,3,poisson + nb2 + nb2,7483.1840936177605,False,False
4,1500,10,3,nb2 + nb2 + poisson,7483.367670080645,False,False
1,500,1,2,student_t + gaussian,1943.595939465061,True,True
1,500,2,2,student_t + student_t,1949.8021246311487,False,True
1,500,3,2,student_t + skew_normal,1949.8105284714443,False,False
1,500,4,2,gaussian + student_t,1960.3549156970323,True,True
1,500,5,3,student_t + gaussian + gaussian,1961.1088626146402,False,False
1,500,6,2,skew_normal + student_t,1966.569555253444,False,False
1,500,7,3,student_t + gaussian + skew_normal,1967.3173311437927,False,False
1,500,8,3,student_t + gaussian + student_t,1967.320319844896,False,False
1,500,9,3,student_t + skew_normal + gaussian,1967.3272163655995,False,False
1,500,10,3,student_t + student_t + gaussian,1967.5125601045445,False,False
1,1000,1,2,gaussian + gaussian,3745.0420686597117,False,False
1,1000,2,2,gaussian + student_t,3751.355885003702,True,True
1,1000,3,2,student_t + gaussian,3751.780625457986,True,True
1,1000,4,2,gaussian + skew_normal,3751.948773002768,False,False
1,1000,5,2,skew_normal + gaussian,3751.949551461885,False,False
1,1000,6,2,student_t + student_t,3758.197469435792,False,True
1,1000,7,2,skew_normal + student_t,3758.2633612724208,False,False
1,1000,8,2,student_t + skew_normal,3758.6862859262983,False,False
1,1000,9,2,skew_normal + skew_normal,3758.8562645860893,False,False
1,1000,10,3,gaussian + gaussian + gaussian,3790.3297507017887,False,False
1,1500,1,2,student_t + gaussian,5645.180297191355,True,True
1,1500,2,2,student_t + student_t,5652.391209205374,False,True
1,1500,3,2,student_t + skew_normal,5652.493427625025,False,False
1,1500,4,2,gaussian + student_t,5676.0281088892425,True,True
1,1500,5,2,skew_normal + student_t,5683.3417516047375,False,False
1,1500,6,2,gaussian + gaussian,5687.159854446461,False,False
1,1500,7,2,skew_normal + gaussian,5694.472094879278,False,False
1,1500,8,2,gaussian + skew_normal,5694.473157996646,False,False
1,1500,9,3,student_t + gaussian + gaussian,5695.890144404992,False,False
1,1500,10,2,skew_normal + skew_normal,5701.785405104913,False,False
2,500,1,2,gamma + lognormal,1013.4529934685286,True,True
2,500,2,2,lognormal + lognormal,1014.5586228761465,False,False
2,500,3,2,lognormal + inverse_gaussian,1015.0112317152989,False,False
2,500,4,2,inverse_gaussian + gamma,1025.882695943723,False,False
2,500,5,2,gamma + inverse_gaussian,1025.882695943723,False,False
2,500,6,2,gamma + gamma,1028.2479671632295,False,False
2,500,7,2,lognormal + gamma,1028.7919662481984,True,True
2,500,8,3,gamma + inverse_gaussian + gamma,1046.3260543227148,False,False
2,500,9,3,gamma + lognormal + gamma,1049.6251162025872,False,False
2,500,10,3,lognormal + gamma + gamma,1049.6251162025872,False,False
2,1000,1,2,lognormal + lognormal,2524.6446669855977,False,False
2,1000,2,2,lognormal + gamma,2525.599448093788,True,True
2,1000,3,2,gamma + lognormal,2525.599448093788,True,True
2,1000,4,2,inverse_gaussian + lognormal,2536.9325483399125,False,False
2,1000,5,2,lognormal + inverse_gaussian,2561.0469407538494,False,False
2,1000,6,2,inverse_gaussian + gamma,2561.645099412415,False,False
2,1000,7,2,gamma + inverse_gaussian,2561.645099412415,False,False
2,1000,8,3,lognormal + gamma + lognormal,2564.206522501032,False,False
2,1000,9,3,inverse_gaussian + lognormal + lognormal,2564.8457496526926,False,False
2,1000,10,3,lognormal + lognormal + inverse_gaussian,2564.8457498251532,False,False
2,1500,1,2,lognormal + gamma,3577.9667108799445,True,True
2,1500,2,2,gamma + lognormal,3577.9667108799445,True,True
2,1500,3,2,lognormal + lognormal,3582.2309511386375,False,False
2,1500,4,2,inverse_gaussian + lognormal,3605.8356678213713,False,False
2,1500,5,2,lognormal + inverse_gaussian,3605.8356678213713,False,False
2,1500,6,3,lognormal + gamma + inverse_gaussian,3620.2152386967405,False,False
2,1500,7,3,gamma + inverse_gaussian + lognormal,3620.2152389342587,False,False
2,1500,8,3,lognormal + inverse_gaussian + lognormal,3622.627300828192,False,False
2,1500,9,3,lognormal + lognormal + inverse_gaussian,3622.6273019965242,False,False
2,1500,10,3,gamma + lognormal + lognormal,3629.1091610891076,False,False
3,500,1,2,zip + poisson,2818.7753231457177,False,False
3,500,2,2,poisson + zip,2818.8206809256453,False,False
3,500,3,2,poisson + poisson,2821.4650146405525,False,False
3,500,4,2,nb2 + nb2,2821.7971187510575,False,True
3,500,5,2,zip + nb2,2824.5872126654613,False,False
3,500,6,2,nb2 + zip,2824.5918731958827,False,False
3,500,7,2,zip + zip,2824.631841382533,False,False
3,500,8,2,nb2 + poisson,2827.2786350878896,True,True
3,500,9,2,poisson + nb2,2827.6509187898923,True,True
3,500,10,3,poisson + nb2 + poisson,2839.6478672069306,False,False
3,1000,1,2,nb2 + nb2,5526.611547339345,False,True
3,1000,2,2,zip + poisson,5558.334723213732,False,False
3,1000,3,2,poisson + zip,5558.5052777467545,False,False
3,1000,4,3,poisson + poisson + zip,5561.048483759507,False,False
3,1000,5,2,zip + nb2,5562.873847358415,False,False
3,1000,6,2,nb2 + zip,5562.9397515382725,False,False
3,1000,7,3,poisson + nb2 + nb2,5563.359597496077,False,False
3,1000,8,3,nb2 + poisson + nb2,5563.7073405421415,False,False
3,1000,9,2,zip + zip,5565.314834333917,False,False
3,1000,10,3,nb2 + nb2 + poisson,5566.579000362288,False,False
3,1500,1,2,nb2 + nb2,8089.662683027429,False,True
3,1500,2,2,poisson + zip,8126.00668771776,False,False
3,1500,3,3,poisson + nb2 + zip,8129.2388660115685,False,False
3,1500,4,3,nb2 + nb2 + poisson,8131.3189272534,False,False
3,1500,5,3,poisson + zip + zip,8131.646290419473,False,False
3,1500,6,3,nb2 + poisson + nb2,8131.860411575095,False,False
3,1500,7,2,nb2 + zip,8132.015244395046,False,False
3,1500,8,2,zip + nb2,8132.149127505102,False,False
3,1500,9,3,poisson + nb2 + nb2,8132.9949446238525,False,False
3,1500,10,2,zip + zip,8132.999442178374,False,False
4,500,1,2,poisson + zip,2456.798966260434,True,True
4,500,2,2,zip + poisson,2457.0061652081818,True,True
4,500,3,2,nb2 + zip,2462.148423292284,False,False
4,500,4,2,zip + nb2,2462.596340993391,False,False
4,500,5,2,zip + zip,2463.02044857644,False,True
4,500,6,2,nb2 + nb2,2476.9314786474533,False,False
4,500,7,2,poisson + poisson,2484.7172197906775,False,False
4,500,8,3,nb2 + poisson + nb2,2488.595011401292,False,False
4,500,9,2,poisson + nb2,2489.0070016572704,False,False
4,500,10,2,nb2 + poisson,2489.0119330990124,False,False
4,1000,1,2,poisson + zip,4886.563593280523,True,True
4,1000,2,2,zip + poisson,4886.586028650484,True,True
4,1000,3,2,nb2 + zip,4891.947312989568,False,False
4,1000,4,2,zip + zip,4893.419321349296,False,True
4,1000,5,2,zip + nb2,4893.430740314318,False,False
4,1000,6,3,poisson + poisson + poisson,4907.988781887837,False,False
4,1000,7,3,nb2 + poisson + poisson,4917.61685526202,False,False
4,1000,8,3,nb2 + nb2 + poisson,4921.008732547683,False,False
4,1000,9,3,poisson + poisson + nb2,4923.499701228593,False,False
4,1000,10,3,zip + poisson + nb2,4924.067528208398,False,False
4,1500,1,2,nb2 + zip,7413.402783229747,False,False
4,1500,2,2,zip + nb2,7413.442531867435,False,False
4,1500,3,2,zip + poisson,7414.0066603950445,True,True
4,1500,4,2,poisson + zip,7414.063139449138,True,True
4,1500,5,2,zip + zip,7421.304856202977,False,True
4,1500,6,3,poisson + poisson + zip,7445.302743844831,False,False
4,1500,7,3,nb2 + poisson + poisson,7448.756469928093,False,False
4,1500,8,3,poisson + zip + poisson,7449.08371661565,False,False
4,1500,9,3,zip + poisson + nb2,7452.967458797038,False,False
4,1500,10,3,poisson + zip + nb2,7453.617072849978,False,False
1,500,1,2,gaussian + gaussian,1865.7177270565696,False,False
1,500,2,2,student_t + gaussian,1866.6347192889173,True,True
1,500,3,2,gaussian + student_t,1871.911333842969,True,True
1,500,4,2,skew_normal + gaussian,1871.9323479715617,False,False
1,500,5,2,gaussian + skew_normal,1871.932763988092,False,False
1,500,6,2,student_t + skew_normal,1872.8496193829417,False,False
1,500,7,2,student_t + student_t,1872.879415020253,False,True
1,500,8,2,skew_normal + student_t,1878.126702564508,False,False
1,500,9,2,skew_normal + skew_normal,1878.1473847194527,False,False
1,500,10,3,gaussian + gaussian + gaussian,1903.5468842716687,False,False
1,1000,1,2,student_t + gaussian,3857.6562974027393,True,True
1,1000,2,2,student_t + skew_normal,3864.56100817332,False,False
1,1000,3,2,student_t + student_t,3864.594363192538,False,True
1,1000,4,2,gaussian + student_t,3872.636660374369,True,True
1,1000,5,2,skew_normal + student_t,3879.5444292092784,False,False
1,1000,6,3,student_t + gaussian + gaussian,3898.8100047592898,False,False
1,1000,7,2,gaussian + gaussian,3903.5934947350215,False,False
1,1000,8,3,student_t + student_t + gaussian,3905.30272403361,False,False
1,1000,9,3,student_t + gaussian + skew_normal,3905.717414743326,False,False
1,1000,10,3,student_t + skew_normal + gaussian,3905.7183333874573,False,False
1,1500,1,2,student_t + gaussian,5564.118914982513,True,True
1,1500,2,2,student_t + student_t,5565.332663608802,False,True
1,1500,3,2,student_t + skew_normal,5571.432709544371,False,False
1,1500,4,2,gaussian + student_t,5577.831197329161,True,True
1,1500,5,2,skew_normal + student_t,5585.144296947628,False,False
1,1500,6,2,gaussian + gaussian,5590.85370866117,False,False
1,1500,7,2,gaussian + skew_normal,5598.167168033588,False,False
1,1500,8,2,skew_normal + gaussian,5598.167324041928,False,False
1,1500,9,2,skew_normal + skew_normal,5605.4803524539675,False,False
1,1500,10,3,student_t + gaussian + gaussian,5610.082689057534,False,False
2,500,1,2,lognormal + lognormal,1061.6594943288487,False,False
2,500,2,2,gamma + lognormal,1062.9412403841459,True,True
2,500,3,2,lognormal + inverse_gaussian,1065.574522458062,False,False
2,500,4,3,lognormal + lognormal + inverse_gaussian,1093.6857665928621,False,False
2,500,5,3,lognormal + inverse_gaussian + lognormal,1093.7204508634798,False,False
2,500,6,3,inverse_gaussian + lognormal + lognormal,1093.7568226543094,False,False
2,500,7,3,lognormal + gamma + inverse_gaussian,1094.3722791742775,False,False
2,500,8,3,inverse_gaussian + gamma + lognormal,1094.372279200103,False,False
2,500,9,3,gamma + lognormal + lognormal,1094.6409818992079,False,False
2,500,10,3,lognormal + lognormal + gamma,1094.6420310010594,False,False
2,1000,1,2,lognormal + gamma,2237.260045360668,True,True
2,1000,2,2,lognormal + lognormal,2237.496799590439,False,False
2,1000,3,2,inverse_gaussian + lognormal,2249.571981666357,False,False
2,1000,4,2,lognormal + inverse_gaussian,2249.571981666357,False,False
2,1000,5,2,inverse_gaussian + gamma,2271.972885564733,False,False
2,1000,6,3,gamma + gamma + lognormal,2281.5020589758233,False,False
2,1000,7,3,gamma + lognormal + lognormal,2281.578407710654,False,False
2,1000,8,3,lognormal + gamma + lognormal,2281.5784086220197,False,False
2,1000,9,3,lognormal + lognormal + gamma,2281.5784087126603,False,False
2,1000,10,3,lognormal + gamma + gamma,2282.03251260687,False,False
2,1500,1,2,lognormal + gamma,3355.410476471614,True,True
2,1500,2,2,gamma + lognormal,3355.410476471614,True,True
2,1500,3,2,lognormal + lognormal,3357.1274569685306,False,False
2,1500,4,2,inverse_gaussian + lognormal,3375.151486195059,False,False
2,1500,5,2,lognormal + inverse_gaussian,3375.15320210961,False,False
2,1500,6,3,gamma + lognormal + inverse_gaussian,3386.0500309674776,False,False
2,1500,7,3,inverse_gaussian + gamma + lognormal,3386.050034152854,False,False
2,1500,8,3,gamma + inverse_gaussian + lognormal,3386.050034152854,False,False
2,1500,9,3,gamma + inverse_gaussian + gamma,3386.337183856779,False,False
2,1500,10,3,gamma + gamma + inverse_gaussian,3386.3371840213663,False,False
3,500,1,2,nb2 + nb2,2765.7947630053113,False,True
3,500,2,2,zip + poisson,2769.5872672753862,False,False
3,500,3,2,poisson + zip,2769.621378619866,False,False
3,500,4,2,nb2 + zip,2774.8407754303316,False,False
3,500,5,2,zip + nb2,2775.062726912095,False,False
3,500,6,2,zip + zip,2775.8329370994143,False,False
3,500,7,3,poisson + nb2 + poisson,2784.510385931247,False,False
3,500,8,3,nb2 + poisson + poisson,2784.725934439168,False,False
3,500,9,3,poisson + poisson + nb2,2785.075631523838,False,False
3,500,10,3,poisson + poisson + zip,2786.5689853389727,False,False
3,1000,1,2,nb2 + nb2,5450.808734360996,False,True
3,1000,2,2,poisson + zip,5453.785721511361,False,False
3,1000,3,2,zip + poisson,5454.013869841609,False,False
3,1000,4,2,zip + nb2,5459.268625768353,False,False
3,1000,5,2,nb2 + zip,5459.725222526397,False,False
3,1000,6,2,zip + zip,5460.477630842928,False,False
3,1000,7,3,nb2 + nb2 + poisson,5471.9963180291215,False,False
3,1000,8,3,nb2 + zip + poisson,5477.960888567552,False,False
3,1000,9,3,poisson + poisson + nb2,5478.411317847004,False,False
3,1000,10,3,nb2 + poisson + poisson,5478.920036866764,False,False
3,1500,1,2,nb2 + nb2,8206.570943576346,False,True
3,1500,2,3,poisson + poisson + poisson,8229.746067048516,False,False
3,1500,3,3,poisson + nb2 + nb2,8237.018306684487,False,False
3,1500,4,3,nb2 + zip + poisson,8237.2813165088,False,False
3,1500,5,3,nb2 + nb2 + poisson,8237.32873079203,False,False
3,1500,6,3,nb2 + poisson + zip,8237.662774319273,False,False
3,1500,7,3,nb2 + poisson + nb2,8241.148043796353,False,False
3,1500,8,3,zip + nb2 + nb2,8244.259714409554,False,False
3,1500,9,3,zip + nb2 + zip,8245.129380066472,False,False
3,1500,10,3,nb2 + nb2 + zip,8248.410148025932,False,False
4,500,1,2,poisson + zip,2478.266052002476,True,True
4,500,2,2,zip + poisson,2478.781861954287,True,True
4,500,3,2,zip + zip,2484.415541307344,False,True
4,500,4,2,nb2 + zip,2485.0260699541695,False,False
4,500,5,2,zip + nb2,2486.0916639564293,False,False
4,500,6,2,poisson + nb2,2494.151643241029,False,False
4,500,7,2,nb2 + nb2,2500.3847818250215,False,False
4,500,8,2,poisson + poisson,2510.764411807001,False,False
4,500,9,3,poisson + nb2 + poisson,2510.8452207663463,False,False
4,500,10,3,poisson + nb2 + nb2,2512.616831136236,False,False
4,1000,1,2,poisson + zip,4922.191144547973,True,True
4,1000,2,2,zip + poisson,4922.259511309573,True,True
4,1000,3,2,nb2 + zip,4927.236347358305,False,False
4,1000,4,2,zip + nb2,4927.463713301505,False,False
4,1000,5,2,zip + zip,4929.2627288541735,False,True
4,1000,6,3,poisson + poisson + poisson,4951.446125513619,False,False
4,1000,7,3,poisson + poisson + nb2,4956.866168896673,False,False
4,1000,8,3,nb2 + poisson + poisson,4956.88941085089,False,False
4,1000,9,3,poisson + nb2 + poisson,4961.087792708048,False,False
4,1000,10,3,poisson + poisson + zip,4964.781612071544,False,False
4,1500,1,2,poisson + zip,7374.948390313087,True,True
4,1500,2,2,zip + poisson,7375.021466248386,True,True
4,1500,3,2,nb2 + zip,7381.907287175565,False,False
4,1500,4,2,zip + nb2,7382.263567994385,False,False
4,1500,5,2,zip + zip,7382.370906314613,False,True
4,1500,6,3,poisson + poisson + poisson,7401.598699681211,False,False
4,1500,7,3,poisson + poisson + nb2,7402.203228588715,False,False
4,1500,8,3,poisson + nb2 + poisson,7405.953088135307,False,False
4,1500,9,3,nb2 + nb2 + poisson,7410.134657937521,False,False
4,1500,10,3,poisson + poisson + zip,7412.41968292872,False,False
1,500,1,2,student_t + gaussian,1953.8508760505417,True,True
1,500,2,2,student_t + student_t,1959.4401298481062,False,True
1,500,3,2,student_t + skew_normal,1960.0667333566528,False,False
1,500,4,2,gaussian + student_t,1966.2531861905672,True,True
1,500,5,2,skew_normal + student_t,1972.4678038241923,False,False
1,500,6,3,student_t + gaussian + gaussian,1994.8212110820168,False,False
1,500,7,3,gaussian + student_t + gaussian,1997.5239961255015,False,False
1,500,8,3,gaussian + gaussian + student_t,1998.3491320096477,False,False
1,500,9,3,student_t + student_t + gaussian,2000.0197715872914,False,False
1,500,10,3,student_t + gaussian + student_t,2000.7211594871555,False,False
1,1000,1,2,student_t + gaussian,3762.981962216391,True,True
1,1000,2,2,student_t + student_t,3767.945758905203,False,True
1,1000,3,2,student_t + skew_normal,3769.8899518018466,False,False
1,1000,4,2,gaussian + student_t,3770.858551250491,True,True
1,1000,5,2,gaussian + gaussian,3773.03434150838,False,False
1,1000,6,2,skew_normal + student_t,3777.7662537646597,False,False
1,1000,7,2,skew_normal + gaussian,3779.9420605819073,False,False
1,1000,8,2,gaussian + skew_normal,3779.9429955368937,False,False
1,1000,9,2,skew_normal + skew_normal,3786.85071372843,False,False
1,1000,10,3,student_t + gaussian + gaussian,3810.2618976402036,False,False
1,1500,1,2,student_t + gaussian,5615.2501343773465,True,True
1,1500,2,2,student_t + student_t,5621.606463268134,False,True
1,1500,3,2,student_t + skew_normal,5622.563551748952,False,False
1,1500,4,2,gaussian + gaussian,5635.156199604249,False,False
1,1500,5,2,gaussian + student_t,5639.284336593433,True,True
1,1500,6,2,gaussian + skew_normal,5642.4692415090885,False,False
1,1500,7,2,skew_normal + gaussian,5642.469338404996,False,False
1,1500,8,2,skew_normal + student_t,5646.597258417834,False,False
1,1500,9,2,skew_normal + skew_normal,5649.7823811869985,False,False
1,1500,10,3,student_t + gaussian + gaussian,5659.982006118149,False,False
2,500,1,2,lognormal + lognormal,1149.0108984780975,False,False
2,500,2,2,lognormal + gamma,1149.0143458267107,True,True
2,500,3,2,gamma + lognormal,1149.0143458267107,True,True
2,500,4,2,inverse_gaussian + lognormal,1155.8697966934571,False,False
2,500,5,2,lognormal + inverse_gaussian,1155.8697966934571,False,False
2,500,6,2,inverse_gaussian + gamma,1171.156537115841,False,False
2,500,7,2,inverse_gaussian + inverse_gaussian,1177.6745483394902,False,False
2,500,8,3,lognormal + lognormal + inverse_gaussian,1180.9516495263783,False,False
2,500,9,3,inverse_gaussian + lognormal + lognormal,1180.9516503087743,False,False
2,500,10,3,lognormal + gamma + inverse_gaussian,1182.117274913661,False,False
2,1000,1,2,gamma + lognormal,2293.798278085803,True,True
2,1000,2,2,lognormal + lognormal,2295.5985219343765,False,False
2,1000,3,2,inverse_gaussian + lognormal,2301.5326478298853,False,False
2,1000,4,3,gamma + inverse_gaussian + lognormal,2334.6278889534,False,False
2,1000,5,3,lognormal + lognormal + inverse_gaussian,2336.8182392645804,False,False
2,1000,6,3,lognormal + inverse_gaussian + lognormal,2336.818239547376,False,False
2,1000,7,3,gamma + gamma + inverse_gaussian,2338.3745392210685,False,False
2,1000,8,3,inverse_gaussian + gamma + gamma,2338.374540132135,False,False
2,1000,9,3,lognormal + lognormal + lognormal,2339.7274107572794,False,False
2,1000,10,3,lognormal + gamma + inverse_gaussian,2339.928418772696,False,False
2,1500,1,2,lognormal + lognormal,3491.02243284325,False,False
2,1500,2,2,inverse_gaussian + lognormal,3510.297315374195,False,False
2,1500,3,2,lognormal + inverse_gaussian,3510.297315374195,False,False
2,1500,4,3,lognormal + inverse_gaussian + lognormal,3535.6412100520824,False,False
2,1500,5,3,inverse_gaussian + lognormal + lognormal,3535.741624250221,False,False
2,1500,6,3,lognormal + gamma + lognormal,3535.8567082538857,False,False
2,1500,7,3,lognormal + lognormal + inverse_gaussian,3536.161874169179,False,False
2,1500,8,3,inverse_gaussian + lognormal + gamma,3537.618242632201,False,False
2,1500,9,3,lognormal + inverse_gaussian + gamma,3537.618242632201,False,False
2,1500,10,3,lognormal + lognormal + lognormal,3537.860559331838,False,False
3,500,1,2,poisson + poisson,2766.7420071382567,False,False
3,500,2,2,nb2 + poisson,2767.332075556791,True,True
3,500,3,2,poisson + nb2,2767.332210156086,True,True
3,500,4,2,zip + nb2,2769.5024531936097,False,False
3,500,5,2,zip + poisson,2770.083498447583,False,False
3,500,6,2,poisson + zip,2770.1935105888087,False,False
3,500,7,2,nb2 + nb2,2774.651929311127,False,True
3,500,8,2,zip + zip,2776.1390117662595,False,False
3,500,9,2,nb2 + zip,2776.1975353861735,False,False
3,500,10,3,nb2 + poisson + poisson,2782.3751176053242,False,False
3,1000,1,2,nb2 + nb2,5538.134886192911,False,True
3,1000,2,2,zip + poisson,5558.855687689002,False,False
3,1000,3,2,poisson + zip,5559.145435224485,False,False
3,1000,4,3,nb2 + zip + poisson,5563.192988901175,False,False
3,1000,5,2,zip + nb2,5564.51033368815,False,False
3,1000,6,2,nb2 + zip,5565.462133291585,False,False
3,1000,7,2,zip + zip,5565.570353461601,False,False
3,1000,8,3,zip + poisson + poisson,5565.758879912816,False,False
3,1000,9,3,nb2 + zip + zip,5573.248482192048,False,False
3,1000,10,3,poisson + nb2 + zip,5575.529736655128,False,False
3,1500,1,2,nb2 + nb2,8130.395690889884,False,True
3,1500,2,3,poisson + zip + poisson,8159.774680296342,False,False
3,1500,3,3,zip + poisson + poisson,8160.36326538994,False,False
3,1500,4,3,zip + poisson + zip,8166.030126235627,False,False
3,1500,5,3,zip + zip + poisson,8166.085536768234,False,False
3,1500,6,3,poisson + zip + nb2,8167.074985420329,False,False
3,1500,7,3,nb2 + poisson + nb2,8169.055811796148,False,False
3,1500,8,3,zip + nb2 + nb2,8169.380705739746,False,False
3,1500,9,3,nb2 + zip + nb2,8169.711684433883,False,False
3,1500,10,3,nb2 + nb2 + zip,8170.29389770866,False,False
4,500,1,2,poisson + zip,2476.3621136386164,True,True
4,500,2,2,zip + poisson,2476.4040158475823,True,True
4,500,3,2,zip + nb2,2481.7566147684383,False,False
4,500,4,2,zip + zip,2482.596755853737,False,True
4,500,5,2,nb2 + zip,2482.599416666615,False,False
4,500,6,3,poisson + nb2 + poisson,2505.121835771299,False,False
4,500,7,2,nb2 + poisson,2505.804001751582,False,False
4,500,8,3,poisson + poisson + poisson,2508.635384472966,False,False
4,500,9,3,poisson + poisson + nb2,2509.6565722035307,False,False
4,500,10,3,nb2 + poisson + poisson,2510.2316654504,False,False
4,1000,1,2,zip + poisson,4987.660284456876,True,True
4,1000,2,2,poisson + zip,4987.701146999595,True,True
4,1000,3,2,zip + nb2,4993.555138978955,False,False
4,1000,4,2,nb2 + zip,4993.5567028983,False,False
4,1000,5,2,zip + zip,4994.717514353148,False,True
4,1000,6,3,poisson + zip + poisson,5021.9490851233595,False,False
4,1000,7,3,poisson + poisson + zip,5022.300541313871,False,False
4,1000,8,3,zip + poisson + poisson,5023.589800532838,False,False
4,1000,9,3,nb2 + poisson + poisson,5027.469935974668,False,False
4,1000,10,3,zip + zip + poisson,5027.736148105173,False,False
4,1500,1,2,poisson + zip,7364.690794539074,True,True
4,1500,2,2,zip + poisson,7364.919647965522,True,True
4,1500,3,2,zip + zip,7371.984303119887,False,True
4,1500,4,2,zip + nb2,7371.999832163875,False,False
4,1500,5,2,nb2 + zip,7372.114511022756,False,False
4,1500,6,3,poisson + nb2 + poisson,7403.679774919331,False,False
4,1500,7,3,zip + poisson + poisson,7406.382838565282,False,False
4,1500,8,3,poisson + poisson + zip,7407.503422829582,False,False
4,1500,9,3,poisson + poisson + nb2,7408.046273608401,False,False
4,1500,10,3,poisson + zip + poisson,7408.427435959483,False,False
1,500,1,2,gaussian + gaussian,1814.0448744667272,False,False
1,500,2,2,student_t + gaussian,1815.8536388149976,True,True
1,500,3,2,skew_normal + gaussian,1820.259413213016,False,False
1,500,4,2,gaussian + skew_normal,1820.2595364533993,False,False
1,500,5,2,gaussian + student_t,1820.296416755916,True,True
1,500,6,2,student_t + student_t,1822.027090119495,False,True
1,500,7,2,student_t + skew_normal,1822.0687500264662,False,False
1,500,8,2,skew_normal + skew_normal,1826.4740742837685,False,False
1,500,9,2,skew_normal + student_t,1826.4979948434225,False,False
1,500,10,3,gaussian + gaussian + gaussian,1851.5901552956993,False,False
1,1000,1,2,student_t + gaussian,3726.4746021020037,True,True
1,1000,2,2,student_t + skew_normal,3733.362041986749,False,False
1,1000,3,2,student_t + student_t,3733.4597660492245,False,True
1,1000,4,2,gaussian + student_t,3751.1571855122397,True,True
1,1000,5,2,skew_normal + student_t,3758.0651231246866,False,False
1,1000,6,3,student_t + gaussian + gaussian,3767.7749286738003,False,False
1,1000,7,3,student_t + gaussian + student_t,3774.566902552424,False,False
1,1000,8,3,student_t + student_t + gaussian,3774.588279644683,False,False
1,1000,9,3,student_t + skew_normal + gaussian,3774.6827819439854,False,False
1,1000,10,3,student_t + gaussian + skew_normal,3774.6841034224635,False,False
1,1500,1,2,student_t + gaussian,5777.2587807742875,True,True
1,1500,2,2,student_t + skew_normal,5784.572138712227,False,False
1,1500,3,2,student_t + student_t,5784.765714790607,False,True
1,1500,4,2,gaussian + student_t,5810.412304077378,True,True
1,1500,5,2,skew_normal + student_t,5817.725665942116,False,False
1,1500,6,3,student_t + gaussian + gaussian,5822.306544269482,False,False
1,1500,7,3,student_t + student_t + gaussian,5829.163572390431,False,False
1,1500,8,3,student_t + skew_normal + gaussian,5829.619109904788,False,False
1,1500,9,3,student_t + gaussian + skew_normal,5829.6198353417,False,False
1,1500,10,3,student_t + gaussian + student_t,5831.118672905124,False,False
2,500,1,2,gamma + lognormal,1323.3395982690402,True,True
2,500,2,2,lognormal + lognormal,1323.505780932089,False,False
2,500,3,2,inverse_gaussian + lognormal,1327.177272901002,False,False
2,500,4,2,lognormal + inverse_gaussian,1327.177272901002,False,False
2,500,5,2,inverse_gaussian + inverse_gaussian,1350.9561957125427,False,False
2,500,6,3,inverse_gaussian + gamma + gamma,1359.3195278640328,False,False
2,500,7,3,gamma + gamma + inverse_gaussian,1359.3195290762828,False,False
2,500,8,3,lognormal + inverse_gaussian + gamma,1359.4809783872884,False,False
2,500,9,3,gamma + inverse_gaussian + gamma,1359.4849817643556,False,False
2,500,10,3,inverse_gaussian + inverse_gaussian + lognormal,1359.7354036710713,False,False
2,1000,1,2,gamma + lognormal,2220.6737421278885,True,True
2,1000,2,2,lognormal + lognormal,2223.9005228682067,False,False
2,1000,3,2,lognormal + inverse_gaussian,2224.707948553884,False,False
2,1000,4,2,inverse_gaussian + gamma,2254.0540946324386,False,False
2,1000,5,2,gamma + inverse_gaussian,2254.0540946324386,False,False
2,1000,6,3,lognormal + gamma + gamma,2257.136618923637,False,False
2,1000,7,2,inverse_gaussian + inverse_gaussian,2257.4293186045306,False,False
2,1000,8,2,inverse_gaussian + lognormal,2259.352340176227,False,False
2,1000,9,3,gamma + lognormal + lognormal,2260.6121318024543,False,False
2,1000,10,3,inverse_gaussian + gamma + lognormal,2260.6879833499015,False,False
2,1500,1,2,lognormal + lognormal,3431.6526792511004,False,False
2,1500,2,2,lognormal + gamma,3431.786175867009,True,True
2,1500,3,2,gamma + lognormal,3431.786175867009,True,True
2,1500,4,2,inverse_gaussian + lognormal,3451.029962580148,False,False
2,1500,5,2,lognormal + inverse_gaussian,3451.0317058160454,False,False
2,1500,6,3,lognormal + lognormal + lognormal,3471.4925393104154,False,False
2,1500,7,3,lognormal + lognormal + inverse_gaussian,3471.9985178167026,False,False
2,1500,8,3,lognormal + gamma + inverse_gaussian,3472.299049615935,False,False
2,1500,9,3,gamma + lognormal + inverse_gaussian,3472.299049615935,False,False
2,1500,10,3,inverse_gaussian + lognormal + lognormal,3472.7704298576596,False,False
3,500,1,2,poisson + zip,2832.7628685470145,False,False
3,500,2,2,zip + poisson,2832.828335797298,False,False
3,500,3,2,nb2 + nb2,2834.9153085953612,False,True
3,500,4,2,zip + zip,2838.9847225395106,False,False
3,500,5,2,zip + nb2,2839.022893399496,False,False
3,500,6,2,nb2 + zip,2839.059044621904,False,False
3,500,7,2,poisson + poisson,2849.3576579465275,False,False
3,500,8,3,poisson + poisson + zip,2852.1037859517305,False,False
3,500,9,3,nb2 + poisson + poisson,2854.265220145195,False,False
3,500,10,3,poisson + nb2 + poisson,2854.2722966619804,False,False
3,1000,1,2,nb2 + nb2,5533.668028217739,False,True
3,1000,2,2,zip + poisson,5538.957279245186,False,False
3,1000,3,2,poisson + zip,5539.090883086908,False,False
3,1000,4,2,zip + nb2,5544.381831190533,False,False
3,1000,5,2,nb2 + zip,5544.610652024253,False,False
3,1000,6,2,zip + zip,5545.831252034981,False,False
3,1000,7,3,poisson + poisson + zip,5558.867800242827,False,False
3,1000,8,3,poisson + zip + nb2,5562.995543579296,False,False
3,1000,9,3,nb2 + poisson + zip,5563.164519158341,False,False
3,1000,10,3,poisson + nb2 + zip,5563.24448594524,False,False
3,1500,1,2,nb2 + nb2,8149.860698601551,False,True
3,1500,2,2,zip + poisson,8163.277397942576,False,False
3,1500,3,2,poisson + zip,8163.318602742739,False,False
3,1500,4,2,zip + nb2,8168.596005547948,False,False
3,1500,5,2,nb2 + zip,8168.67192571854,False,False
3,1500,6,2,zip + zip,8170.739179078242,False,False
3,1500,7,3,poisson + poisson + nb2,8179.076062982359,False,False
3,1500,8,3,poisson + nb2 + zip,8181.3668528700155,False,False
3,1500,9,3,zip + poisson + nb2,8181.964099039743,False,False
3,1500,10,3,zip + poisson + poisson,8182.270674474489,False,False
4,500,1,2,zip + poisson,2471.569862261532,True,True
4,500,2,2,poisson + zip,2471.586032578001,True,True
4,500,3,2,zip + nb2,2477.776917226912,False,False
4,500,4,2,zip + zip,2477.8123403604686,False,True
4,500,5,2,nb2 + zip,2477.929088600411,False,False
4,500,6,3,nb2 + poisson + poisson,2496.8373987436285,False,False
4,500,7,3,poisson + poisson + poisson,2497.539990624828,False,False
4,500,8,2,nb2 + nb2,2498.976895457983,False,False
4,500,9,3,poisson + nb2 + poisson,2501.676055269145,False,False
4,500,10,3,zip + poisson + nb2,2504.5783011253034,False,False
4,1000,1,2,zip + poisson,4923.768093339239,True,True
4,1000,2,2,poisson + zip,4923.777291940748,True,True
4,1000,3,2,nb2 + zip,4928.549282132452,False,False
4,1000,4,2,zip + nb2,4929.287055386944,False,False
4,1000,5,2,zip + zip,4930.525101664239,False,True
4,1000,6,3,poisson + zip + poisson,4955.445357264925,False,False
4,1000,7,3,poisson + poisson + poisson,4958.990592791538,False,False
4,1000,8,3,nb2 + poisson + poisson,4962.182884495054,False,False
4,1000,9,3,zip + zip + poisson,4962.650726201881,False,False
4,1000,10,3,poisson + poisson + zip,4962.702232844678,False,False
4,1500,1,2,zip + poisson,7305.77309408053,True,True
4,1500,2,2,poisson + zip,7305.924459183024,True,True
4,1500,3,2,zip + zip,7313.266213678742,False,True
4,1500,4,2,zip + nb2,7313.270193654607,False,False
4,1500,5,2,nb2 + zip,7313.328106624043,False,False
4,1500,6,3,nb2 + nb2 + poisson,7343.738027245229,False,False
4,1500,7,3,nb2 + poisson + poisson,7343.768284928462,False,False
4,1500,8,3,zip + poisson + poisson,7345.6290606657685,False,False
4,1500,9,3,poisson + nb2 + nb2,7346.157033917846,False,False
4,1500,10,3,poisson + nb2 + poisson,7346.476946899672,False,False
1,500,1,2,student_t + gaussian,1912.070091912011,True,True
1,500,2,2,student_t + skew_normal,1918.283830460987,False,False
1,500,3,2,student_t + student_t,1918.2905250220851,False,True
1,500,4,2,gaussian + gaussian,1934.180141765227,False,False
1,500,5,2,gaussian + student_t,1939.8842008406245,True,True
1,500,6,2,gaussian + skew_normal,1940.3942226463416,False,False
1,500,7,2,skew_normal + gaussian,1940.3947475069763,False,False
1,500,8,2,skew_normal + student_t,1946.0987588200865,False,False
1,500,9,2,skew_normal + skew_normal,1946.6088285826,False,False
1,500,10,3,student_t + gaussian + gaussian,1950.2518638598735,False,False
1,1000,1,2,student_t + gaussian,3847.1872590109547,True,True
1,1000,2,2,student_t + skew_normal,3854.095194246908,False,False
1,1000,3,2,student_t + student_t,3854.119148524112,False,True
1,1000,4,2,gaussian + student_t,3876.337469001292,True,True
1,1000,5,2,skew_normal + student_t,3883.2438537384255,False,False
1,1000,6,3,student_t + gaussian + gaussian,3890.9413654151203,False,False
1,1000,7,3,gaussian + gaussian + student_t,3893.0832072081666,False,False
1,1000,8,3,gaussian + student_t + gaussian,3893.4637541814986,False,False
1,1000,9,3,student_t + gaussian + student_t,3897.8459418131406,False,False
1,1000,10,3,student_t + skew_normal + gaussian,3897.8483452919236,False,False
1,1500,1,2,student_t + gaussian,5668.94418949197,True,True
1,1500,2,2,student_t + student_t,5675.71011316734,False,True
1,1500,3,2,student_t + skew_normal,5676.257157697833,False,False
1,1500,4,2,gaussian + gaussian,5705.887751705057,False,False
1,1500,5,2,gaussian + student_t,5707.153714648031,True,True
1,1500,6,2,skew_normal + gaussian,5713.197642987268,False,False
1,1500,7,2,gaussian + skew_normal,5713.201279551857,False,False
1,1500,8,2,skew_normal + student_t,5714.464095764372,False,False
1,1500,9,3,student_t + gaussian + gaussian,5714.6197606331125,False,False
1,1500,10,3,student_t + student_t + gaussian,5716.517607070196,False,False
2,500,1,2,inverse_gaussian + lognormal,1342.2454715941378,False,False
2,500,2,2,lognormal + inverse_gaussian,1342.2454715941378,False,False
2,500,3,2,lognormal + lognormal,1344.198014871619,False,False
2,500,4,2,lognormal + gamma,1344.492606284649,True,True
2,500,5,2,gamma + lognormal,1344.492606284649,True,True
2,500,6,2,inverse_gaussian + inverse_gaussian,1362.4022043410375,False,False
2,500,7,2,inverse_gaussian + gamma,1364.2663081189964,False,False
2,500,8,2,gamma + inverse_gaussian,1365.745817295395,False,False
2,500,9,2,gamma + gamma,1370.117739079515,False,False
2,500,10,3,inverse_gaussian + inverse_gaussian + lognormal,1378.9331281507018,False,False
2,1000,1,2,lognormal + gamma,2381.830332669996,True,True
2,1000,2,2,gamma + lognormal,2381.830332669996,True,True
2,1000,3,2,lognormal + lognormal,2384.833684391926,False,False
2,1000,4,2,inverse_gaussian + lognormal,2406.6606799486026,False,False
2,1000,5,2,lognormal + inverse_gaussian,2406.6606799486026,False,False
2,1000,6,2,inverse_gaussian + gamma,2408.0376613368317,False,False
2,1000,7,3,gamma + lognormal + lognormal,2419.2609094379854,False,False
2,1000,8,3,lognormal + lognormal + gamma,2419.2609095994603,False,False
2,1000,9,3,lognormal + gamma + lognormal,2419.4155321130193,False,False
2,1000,10,3,lognormal + lognormal + lognormal,2422.1748152404916,False,False
2,1500,1,2,lognormal + gamma,3471.3259826836165,True,True
2,1500,2,2,lognormal + lognormal,3474.6218445933346,False,False
2,1500,3,2,inverse_gaussian + lognormal,3496.199972899492,False,False
2,1500,4,2,lognormal + inverse_gaussian,3496.199972899492,False,False
2,1500,5,3,lognormal + lognormal + gamma,3512.3980969855957,False,False
2,1500,6,3,gamma + gamma + lognormal,3512.4420442699893,False,False
2,1500,7,3,lognormal + lognormal + lognormal,3515.1836815364463,False,False
2,1500,8,3,lognormal + gamma + inverse_gaussian,3515.63443511126,False,False
2,1500,9,3,lognormal + inverse_gaussian + lognormal,3516.9781883162773,False,False
2,1500,10,3,inverse_gaussian + lognormal + lognormal,3516.978188827525,False,False
3,500,1,2,nb2 + nb2,2788.6734029808604,False,True
3,500,2,2,poisson + zip,2791.3385198076867,False,False
3,500,3,2,zip + nb2,2797.814309573888,False,False
3,500,4,2,nb2 + zip,2798.383434439069,False,False
3,500,5,2,nb2 + poisson,2801.1274413771357,True,True
3,500,6,2,poisson + nb2,2801.138381585636,True,True
3,500,7,2,zip + zip,2802.896089726606,False,False
3,500,8,2,poisson + poisson,2803.095498562082,False,False
3,500,9,3,nb2 + poisson + poisson,2808.1994631675384,False,False
3,500,10,2,zip + poisson,2809.479369275878,False,False
3,1000,1,2,nb2 + nb2,5543.729893190392,False,True
3,1000,2,3,zip + poisson + poisson,5574.609607668432,False,False
3,1000,3,3,poisson + nb2 + nb2,5574.656952389756,False,False
3,1000,4,3,nb2 + poisson + nb2,5575.49178953804,False,False
3,1000,5,3,nb2 + nb2 + poisson,5575.863668175171,False,False
3,1000,6,3,poisson + nb2 + poisson,5576.092974467399,False,False
3,1000,7,3,poisson + zip + nb2,5577.990670856664,False,False
3,1000,8,3,poisson + poisson + zip,5579.04013746009,False,False
3,1000,9,3,nb2 + poisson + zip,5580.7438510753545,False,False
3,1000,10,3,zip + zip + poisson,5581.51835314778,False,False
3,1500,1,2,nb2 + nb2,8201.75243178916,False,True
3,1500,2,2,zip + poisson,8222.848206892677,False,False
3,1500,3,2,poisson + zip,8223.55712501593,False,False
3,1500,4,2,zip + nb2,8228.128353775155,False,False
3,1500,5,2,nb2 + zip,8228.398375405053,False,False
3,1500,6,2,zip + zip,8230.061251242058,False,False
3,1500,7,3,poisson + poisson + zip,8232.941700018397,False,False
3,1500,8,3,poisson + zip + poisson,8242.89670569343,False,False
3,1500,9,3,nb2 + poisson + nb2,8245.064129514387,False,False
3,1500,10,3,poisson + nb2 + nb2,8245.431910453952,False,False
4,500,1,2,zip + poisson,2491.399527205732,True,True
4,500,2,2,poisson + zip,2491.4833508227366,True,True
4,500,3,2,nb2 + zip,2496.5808166478682,False,False
4,500,4,2,zip + nb2,2497.5529564048584,False,False
4,500,5,2,zip + zip,2497.616413333012,False,True
4,500,6,2,nb2 + nb2,2520.6083818790685,False,False
4,500,7,3,nb2 + poisson + poisson,2523.4523365557266,False,False
4,500,8,3,poisson + zip + poisson,2523.641695932483,False,False
4,500,9,3,poisson + poisson + nb2,2524.4924630331984,False,False
4,500,10,3,poisson + nb2 + poisson,2525.274058796503,False,False
4,1000,1,2,zip + poisson,4726.264788406487,True,True
4,1000,2,2,poisson + zip,4726.636543545316,True,True
4,1000,3,2,nb2 + zip,4730.850476595661,False,False
4,1000,4,2,zip + nb2,4730.878167260128,False,False
4,1000,5,2,zip + zip,4733.174610526567,False,True
4,1000,6,3,poisson + poisson + poisson,4754.819981308385,False,False
4,1000,7,2,nb2 + nb2,4755.479625986482,False,False
4,1000,8,3,poisson + poisson + nb2,4758.926672839883,False,False
4,1000,9,3,poisson + nb2 + nb2,4760.407187274463,False,False
4,1000,10,3,zip + nb2 + poisson,4761.848645447889,False,False
4,1500,1,2,poisson + zip,7285.279182770412,True,True
4,1500,2,2,zip + poisson,7285.390635938366,True,True
4,1500,3,2,zip + nb2,7289.401845084677,False,False
4,1500,4,2,zip + zip,7292.397271538912,False,True
4,1500,5,2,nb2 + zip,7292.546886154139,False,False
4,1500,6,3,poisson + poisson + poisson,7317.1572219854825,False,False
4,1500,7,3,poisson + poisson + nb2,7318.033211625976,False,False
4,1500,8,3,poisson + nb2 + poisson,7318.553963085432,False,False
4,1500,9,3,nb2 + poisson + poisson,7325.135012819007,False,False
4,1500,10,3,nb2 + nb2 + poisson,7326.706571063571,False,False
1,500,1,2,gaussian + gaussian,1906.6871481230423,False,False
1,500,2,2,student_t + gaussian,1907.8557370901533,True,True
1,500,3,2,gaussian + skew_normal,1912.8998762022052,False,False
1,500,4,2,skew_normal + gaussian,1912.9017787638131,False,False
1,500,5,2,gaussian + student_t,1912.9136262315246,True,True
1,500,6,2,student_t + student_t,1914.035130337491,False,True
1,500,7,2,student_t + skew_normal,1914.068887361313,False,False
1,500,8,2,skew_normal + skew_normal,1919.1145102223218,False,False
1,500,9,2,skew_normal + student_t,1919.1277310266737,False,False
1,500,10,3,gaussian + gaussian + gaussian,1943.5369391299448,False,False
1,1000,1,2,student_t + gaussian,3855.2915168537243,True,True
1,1000,2,2,student_t + skew_normal,3862.1989013334955,False,False
1,1000,3,2,student_t + student_t,3862.2999912177265,False,True
1,1000,4,2,gaussian + student_t,3886.8496301523087,True,True
1,1000,5,2,skew_normal + student_t,3893.7572088686175,False,False
1,1000,6,3,student_t + gaussian + gaussian,3900.152291435206,False,False
1,1000,7,3,gaussian + gaussian + gaussian,3902.9846073821695,False,False
1,1000,8,3,student_t + gaussian + skew_normal,3907.0590384290736,False,False
1,1000,9,3,student_t + skew_normal + gaussian,3907.0664261703987,False,False
1,1000,10,3,student_t + gaussian + student_t,3907.09026267914,False,False
1,1500,1,2,gaussian + gaussian,5573.056414040699,False,False
1,1500,2,2,student_t + gaussian,5573.158822042525,True,True
1,1500,3,2,gaussian + student_t,5579.81720248746,True,True
1,1500,4,2,skew_normal + gaussian,5580.369544864329,False,False
1,1500,5,2,gaussian + skew_normal,5580.369703562974,False,False
1,1500,6,2,student_t + student_t,5580.403598184733,False,True
1,1500,7,2,student_t + skew_normal,5580.472104508286,False,False
1,1500,8,2,skew_normal + student_t,5587.130696963709,False,False
1,1500,9,2,skew_normal + skew_normal,5587.682835038605,False,False
1,1500,10,3,student_t + gaussian + gaussian,5624.7169948358605,False,False
2,500,1,2,gamma + lognormal,1113.6585179671151,True,True
2,500,2,2,lognormal + lognormal,1113.7935001571282,False,False
2,500,3,2,inverse_gaussian + lognormal,1120.3017522434945,False,False
2,500,4,2,inverse_gaussian + gamma,1127.870430414849,False,False
2,500,5,2,gamma + inverse_gaussian,1127.870430414849,False,False
2,500,6,2,lognormal + inverse_gaussian,1128.3295506835386,False,False
2,500,7,2,inverse_gaussian + inverse_gaussian,1135.6051735092776,False,False
2,500,8,3,inverse_gaussian + lognormal + lognormal,1141.3520382319507,False,False
2,500,9,3,lognormal + inverse_gaussian + lognormal,1141.7040641483695,False,False
2,500,10,3,lognormal + lognormal + inverse_gaussian,1141.7040642414645,False,False
2,1000,1,2,lognormal + gamma,2468.141543670367,True,True
2,1000,2,2,gamma + lognormal,2468.141543670367,True,True
2,1000,3,2,lognormal + lognormal,2468.8796453219893,False,False
2,1000,4,2,inverse_gaussian + lognormal,2492.270063557882,False,False
2,1000,5,3,lognormal + gamma + inverse_gaussian,2499.054348349232,False,False
2,1000,6,3,gamma + lognormal + inverse_gaussian,2499.054348349232,False,False
2,1000,7,3,inverse_gaussian + gamma + lognormal,2499.2156274075965,False,False
2,1000,8,3,gamma + inverse_gaussian + lognormal,2499.3285383548464,False,False
2,1000,9,3,lognormal + inverse_gaussian + gamma,2499.503697298195,False,False
2,1000,10,3,inverse_gaussian + lognormal + gamma,2499.678521659507,False,False
2,1500,1,2,lognormal + gamma,3346.9267166273326,True,True
2,1500,2,2,lognormal + lognormal,3351.6591094877826,False,False
2,1500,3,2,inverse_gaussian + lognormal,3380.113432207889,False,False
2,1500,4,2,lognormal + inverse_gaussian,3380.113432207889,False,False
2,1500,5,3,gamma + gamma + inverse_gaussian,3388.188369879874,False,False
2,1500,6,3,gamma + gamma + lognormal,3388.7091885876034,False,False
2,1500,7,3,gamma + gamma + gamma,3391.3262813420297,False,False
2,1500,8,3,lognormal + inverse_gaussian + gamma,3391.7192102538247,False,False
2,1500,9,3,gamma + lognormal + inverse_gaussian,3391.719211082047,False,False
2,1500,10,3,gamma + inverse_gaussian + lognormal,3392.5829905372552,False,False
3,500,1,2,zip + poisson,2756.502810393041,False,False
3,500,2,2,poisson + zip,2756.5580972121534,False,False
3,500,3,2,zip + nb2,2761.6709738417867,False,False
3,500,4,2,nb2 + zip,2761.9486787665173,False,False
3,500,5,2,zip + zip,2762.682851744721,False,False
3,500,6,2,nb2 + nb2,2766.272888117349,False,True
3,500,7,3,poisson + poisson + poisson,2773.361932135081,False,False
3,500,8,2,poisson + poisson,2781.3978860388115,False,False
3,500,9,3,nb2 + poisson + poisson,2781.5828366211003,False,False
3,500,10,3,poisson + nb2 + poisson,2781.7617543635492,False,False
3,1000,1,2,poisson + zip,5427.305543743895,False,False
3,1000,2,2,zip + poisson,5427.32109544678,False,False
3,1000,3,2,nb2 + nb2,5430.782223231971,False,True
3,1000,4,2,zip + nb2,5433.418714968447,False,False
3,1000,5,2,zip + zip,5434.104657090605,False,False
3,1000,6,2,nb2 + zip,5434.130628386231,False,False
3,1000,7,2,poisson + poisson,5456.5692270119025,False,False
3,1000,8,3,poisson + nb2 + poisson,5458.210376611783,False,False
3,1000,9,3,poisson + poisson + nb2,5458.927243662845,False,False
3,1000,10,3,nb2 + poisson + poisson,5459.090385002007,False,False
3,1500,1,2,nb2 + nb2,8215.43431803311,False,True
3,1500,2,3,poisson + zip + poisson,8246.909744930224,False,False
3,1500,3,3,poisson + zip + nb2,8247.763675318974,False,False
3,1500,4,3,poisson + poisson + poisson,8249.87634038253,False,False
3,1500,5,3,zip + poisson + nb2,8250.314648739533,False,False
3,1500,6,3,nb2 + zip + poisson,8250.878329780193,False,False
3,1500,7,3,nb2 + poisson + zip,8251.31223658018,False,False
3,1500,8,3,zip + nb2 + poisson,8252.377401747597,False,False
3,1500,9,3,zip + poisson + poisson,8252.541892716134,False,False
3,1500,10,3,nb2 + zip + nb2,8252.989687691117,False,False
4,500,1,2,zip + poisson,2508.5898850729905,True,True
4,500,2,2,poisson + zip,2508.7613414600028,True,True
4,500,3,2,nb2 + zip,2514.2277076536893,False,False
4,500,4,2,zip + zip,2514.7477225197254,False,True
4,500,5,2,zip + nb2,2514.8289002648107,False,False
4,500,6,3,poisson + poisson + poisson,2536.7870079778304,False,False
4,500,7,3,poisson + nb2 + poisson,2543.4608936180844,False,False
4,500,8,3,poisson + poisson + nb2,2543.4631518915526,False,False
4,500,9,2,nb2 + nb2,2543.766771676678,False,False
4,500,10,3,nb2 + poisson + poisson,2545.850233957604,False,False
4,1000,1,2,zip + poisson,5011.4954655695265,True,True
4,1000,2,2,poisson + zip,5011.6047355400715,True,True
4,1000,3,2,nb2 + zip,5016.450913288245,False,False
4,1000,4,2,zip + nb2,5016.615969001186,False,False
4,1000,5,2,zip + zip,5018.446649190752,False,True
4,1000,6,3,nb2 + poisson + poisson,5043.810953550601,False,False
4,1000,7,3,poisson + poisson + nb2,5045.495683356503,False,False
4,1000,8,3,poisson + nb2 + poisson,5045.781291154148,False,False
4,1000,9,3,nb2 + nb2 + poisson,5047.8142737251055,False,False
4,1000,10,3,poisson + poisson + poisson,5049.950141912519,False,False
4,1500,1,2,poisson + zip,7385.908452974507,True,True
4,1500,2,2,zip + poisson,7385.962541806843,True,True
4,1500,3,2,nb2 + zip,7391.812910629789,False,False
4,1500,4,2,zip + zip,7393.323057548252,False,True
4,1500,5,2,zip + nb2,7393.349341277295,False,False
4,1500,6,3,nb2 + poisson + poisson,7424.967136508548,False,False
4,1500,7,3,poisson + nb2 + nb2,7427.551427258005,False,False
4,1500,8,3,poisson + poisson + zip,7429.006544515342,False,False
4,1500,9,3,poisson + zip + poisson,7430.359213560348,False,False
4,1500,10,3,nb2 + poisson + nb2,7430.7439743392415,False,False
1,500,1,2,gaussian + gaussian,1888.579858958029,False,False
1,500,2,2,student_t + gaussian,1893.3918677571417,True,True
1,500,3,2,skew_normal + gaussian,1894.794393446604,False,False
1,500,4,2,gaussian + skew_normal,1894.7955260429815,False,False
1,500,5,2,gaussian + student_t,1894.805612641467,True,True
1,500,6,2,student_t + skew_normal,1899.6059670283626,False,False
1,500,7,2,student_t + student_t,1899.626111247513,False,True
1,500,8,2,skew_normal + student_t,1901.002838535786,False,False
1,500,9,2,skew_normal + skew_normal,1901.0100591319897,False,False
1,500,10,3,gaussian + gaussian + gaussian,1930.5293416917864,False,False
1,1000,1,2,student_t + gaussian,3861.0660076752833,True,True
1,1000,2,2,student_t + skew_normal,3867.9736177637824,False,False
1,1000,3,2,student_t + student_t,3867.996929007774,False,True
1,1000,4,2,gaussian + student_t,3889.2622655054847,True,True
1,1000,5,2,skew_normal + student_t,3896.1695469460456,False,False
1,1000,6,3,gaussian + gaussian + gaussian,3897.994883261841,False,False
1,1000,7,3,skew_normal + gaussian + gaussian,3904.901968177035,False,False
1,1000,8,3,gaussian + skew_normal + gaussian,3904.903195176931,False,False
1,1000,9,3,gaussian + gaussian + skew_normal,3904.9042286664644,False,False
1,1000,10,3,student_t + gaussian + gaussian,3907.8374912946365,False,False
1,1500,1,2,student_t + gaussian,5697.527982161035,True,True
1,1500,2,2,student_t + skew_normal,5704.841336460072,False,False
1,1500,3,2,student_t + student_t,5704.879430830528,False,True
1,1500,4,2,gaussian + gaussian,5734.17867868738,False,False
1,1500,5,2,gaussian + skew_normal,5741.4919264318805,False,False
1,1500,6,2,skew_normal + gaussian,5741.492111323894,False,False
1,1500,7,3,student_t + gaussian + gaussian,5743.425222856995,False,False
1,1500,8,2,gaussian + student_t,5745.440035774586,True,True
1,1500,9,2,skew_normal + skew_normal,5748.805357518324,False,False
1,1500,10,3,student_t + gaussian + student_t,5749.971841395845,False,False
2,500,1,2,lognormal + gamma,1109.5371825803834,True,True
2,500,2,2,gamma + lognormal,1109.5371825803834,True,True
2,500,3,2,lognormal + lognormal,1112.2190646694505,False,False
2,500,4,2,inverse_gaussian + lognormal,1116.0145785463185,False,False
2,500,5,2,lognormal + inverse_gaussian,1116.0145785463185,False,False
2,500,6,2,inverse_gaussian + gamma,1128.2770405181197,False,False
2,500,7,2,gamma + inverse_gaussian,1128.2770405181197,False,False
2,500,8,2,gamma + gamma,1130.8156151653973,False,False
2,500,9,2,inverse_gaussian + inverse_gaussian,1134.5844721486317,False,False
2,500,10,3,gamma + gamma + gamma,1147.444900048816,False,False
2,1000,1,2,lognormal + lognormal,2397.0095903205247,False,False
2,1000,2,2,lognormal + gamma,2400.414429214578,True,True
2,1000,3,2,inverse_gaussian + lognormal,2415.4597319875966,False,False
2,1000,4,2,lognormal + inverse_gaussian,2415.4597319875966,False,False
2,1000,5,3,lognormal + gamma + lognormal,2433.3965855982515,False,False
2,1000,6,3,gamma + lognormal + lognormal,2433.5725187010416,False,False
2,1000,7,3,gamma + inverse_gaussian + lognormal,2436.8565386796226,False,False
2,1000,8,3,gamma + lognormal + gamma,2437.1365364069693,False,False
2,1000,9,3,gamma + gamma + lognormal,2437.2166532737738,False,False
2,1000,10,3,lognormal + lognormal + gamma,2438.025216343726,False,False
2,1500,1,2,lognormal + gamma,3543.0316566894758,True,True
2,1500,2,2,lognormal + lognormal,3546.9017295444205,False,False
2,1500,3,2,inverse_gaussian + lognormal,3572.319281852115,False,False
2,1500,4,2,lognormal + inverse_gaussian,3572.319281852115,False,False
2,1500,5,3,lognormal + gamma + inverse_gaussian,3588.142399308044,False,False
2,1500,6,3,inverse_gaussian + lognormal + gamma,3588.1424007124556,False,False
2,1500,7,3,lognormal + gamma + gamma,3589.0874165467244,False,False
2,1500,8,3,gamma + gamma + lognormal,3589.0874166141343,False,False
2,1500,9,3,gamma + lognormal + inverse_gaussian,3589.518905417543,False,False
2,1500,10,3,inverse_gaussian + lognormal + lognormal,3592.049380656916,False,False
3,500,1,2,poisson + zip,2775.1066354552077,False,False
3,500,2,2,zip + poisson,2775.186563330607,False,False
3,500,3,2,nb2 + nb2,2775.6917182585175,False,True
3,500,4,2,zip + nb2,2781.2498602840087,False,False
3,500,5,2,nb2 + zip,2781.26222925027,False,False
3,500,6,2,zip + zip,2781.3279698694687,False,False
3,500,7,2,poisson + poisson,2793.724568601163,False,False
3,500,8,3,zip + zip + nb2,2796.032862947811,False,False
3,500,9,2,nb2 + poisson,2798.7616369824827,True,True
3,500,10,2,poisson + nb2,2798.7628068094427,True,True
3,1000,1,2,nb2 + nb2,5450.21650382662,False,True
3,1000,2,2,zip + poisson,5452.020822990858,False,False
3,1000,3,2,poisson + zip,5452.11453505897,False,False
3,1000,4,2,nb2 + zip,5456.6143609048095,False,False
3,1000,5,2,zip + nb2,5456.702629576953,False,False
3,1000,6,2,zip + zip,5458.997486892224,False,False
3,1000,7,3,poisson + poisson + zip,5467.8640675220395,False,False
3,1000,8,3,zip + poisson + zip,5476.312679773274,False,False
3,1000,9,3,nb2 + poisson + nb2,5479.647034318713,False,False
3,1000,10,3,nb2 + nb2 + poisson,5479.959061190768,False,False
3,1500,1,2,nb2 + nb2,8242.906367028423,False,True
3,1500,2,2,zip + poisson,8244.417513116754,False,False
3,1500,3,2,poisson + zip,8244.641653984576,False,False
3,1500,4,2,zip + nb2,8248.735933630443,False,False
3,1500,5,2,nb2 + zip,8248.826680409655,False,False
3,1500,6,2,zip + zip,8251.470897108415,False,False
3,1500,7,3,zip + nb2 + poisson,8277.348237053508,False,False
3,1500,8,3,poisson + poisson + zip,8277.474829675231,False,False
3,1500,9,3,poisson + zip + zip,8278.107569669284,False,False
3,1500,10,3,zip + poisson + poisson,8278.861783692395,False,False
4,500,1,2,poisson + zip,2471.965439624366,True,True
4,500,2,2,zip + poisson,2471.981386688004,True,True
4,500,3,2,zip + zip,2478.1096527464406,False,True
4,500,4,2,nb2 + zip,2478.179378852098,False,False
4,500,5,2,zip + nb2,2478.279349512026,False,False
4,500,6,2,nb2 + nb2,2494.6469059592628,False,False
4,500,7,3,poisson + nb2 + poisson,2505.1438079403656,False,False
4,500,8,3,poisson + zip + poisson,2506.409188838157,False,False
4,500,9,3,poisson + poisson + zip,2506.455686918273,False,False
4,500,10,3,poisson + nb2 + nb2,2507.0396778446648,False,False
4,1000,1,2,zip + poisson,4904.737186328942,True,True
4,1000,2,2,poisson + zip,4905.076199816859,True,True
4,1000,3,2,nb2 + zip,4909.668052962336,False,False
4,1000,4,2,zip + nb2,4910.195271235135,False,False
4,1000,5,2,zip + zip,4911.579965760494,False,True
4,1000,6,3,poisson + poisson + nb2,4933.495659872805,False,False
4,1000,7,3,nb2 + poisson + poisson,4938.450955585335,False,False
4,1000,8,3,poisson + poisson + poisson,4939.102277994242,False,False
4,1000,9,3,nb2 + nb2 + poisson,4939.59805172142,False,False
4,1000,10,3,poisson + nb2 + nb2,4939.724741543673,False,False
4,1500,1,2,poisson + zip,7376.1287493941245,True,True
4,1500,2,2,zip + poisson,7376.140606930467,True,True
4,1500,3,2,zip + nb2,7380.425655419598,False,False
4,1500,4,2,nb2 + zip,7383.362621170211,False,False
4,1500,5,2,zip + zip,7383.362630989061,False,True
4,1500,6,3,poisson + poisson + poisson,7409.688303257233,False,False
4,1500,7,3,nb2 + poisson + poisson,7412.2728140171685,False,False
4,1500,8,3,poisson + nb2 + poisson,7413.716422330634,False,False
4,1500,9,3,zip + poisson + poisson,7418.865259517314,False,False
4,1500,10,3,poisson + poisson + zip,7418.932741758959,False,False
1,500,1,2,student_t + gaussian,1869.5059157458402,True,True
1,500,2,2,gaussian + student_t,1870.293943162483,True,True
1,500,3,2,student_t + student_t,1875.557471920932,False,True
1,500,4,2,student_t + skew_normal,1875.7199826566216,False,False
1,500,5,2,skew_normal + student_t,1876.5084807562318,False,False
1,500,6,2,gaussian + gaussian,1880.2344884280963,False,False
1,500,7,2,skew_normal + gaussian,1886.4491049796347,False,False
1,500,8,2,gaussian + skew_normal,1886.4507745155177,False,False
1,500,9,2,skew_normal + skew_normal,1892.6653866282118,False,False
1,500,10,3,gaussian + student_t + gaussian,1903.4086378698646,False,False
1,1000,1,2,student_t + gaussian,3782.792458199842,True,True
1,1000,2,2,student_t + skew_normal,3789.699747917312,False,False
1,1000,3,2,student_t + student_t,3789.8945359971644,False,True
1,1000,4,2,gaussian + student_t,3821.970926643254,True,True
1,1000,5,3,student_t + gaussian + gaussian,3828.2061629283385,False,False
1,1000,6,2,skew_normal + student_t,3828.8777030433835,False,False
1,1000,7,3,student_t + gaussian + student_t,3834.8816864471673,False,False
1,1000,8,3,student_t + gaussian + skew_normal,3835.1138124675754,False,False
1,1000,9,3,student_t + skew_normal + gaussian,3835.1146899309847,False,False
1,1000,10,3,student_t + student_t + gaussian,3835.868542727736,False,False
1,1500,1,2,student_t + gaussian,5591.749666210835,True,True
1,1500,2,2,student_t + student_t,5598.161885579302,False,True
1,1500,3,2,student_t + skew_normal,5599.062967574917,False,False
1,1500,4,2,gaussian + student_t,5617.468646381128,True,True
1,1500,5,2,skew_normal + student_t,5624.781838239779,False,False
1,1500,6,3,student_t + gaussian + gaussian,5640.3608735012895,False,False
1,1500,7,3,student_t + student_t + gaussian,5643.501286571364,False,False
1,1500,8,3,student_t + gaussian + skew_normal,5647.673858043456,False,False
1,1500,9,3,student_t + skew_normal + gaussian,5647.674417915332,False,False
1,1500,10,3,student_t + gaussian + student_t,5647.677052033077,False,False
2,500,1,2,inverse_gaussian + gamma,1193.757920642856,False,False
2,500,2,2,gamma + inverse_gaussian,1193.757920642856,False,False
2,500,3,2,gamma + lognormal,1194.2166131155439,True,True
2,500,4,2,lognormal + lognormal,1195.8374268199834,False,False
2,500,5,2,inverse_gaussian + lognormal,1196.0005894687822,False,False
2,500,6,2,lognormal + inverse_gaussian,1196.0005894687822,False,False
2,500,7,2,inverse_gaussian + inverse_gaussian,1196.6212804098761,False,False
2,500,8,3,lognormal + gamma + gamma,1210.49753594914,False,False
2,500,9,3,gamma + lognormal + lognormal,1210.5086576089022,False,False
2,500,10,3,lognormal + lognormal + gamma,1210.508657692876,False,False
2,1000,1,2,gamma + lognormal,2172.9196405719294,True,True
2,1000,2,2,lognormal + lognormal,2176.988653237987,False,False
2,1000,3,3,gamma + lognormal + lognormal,2219.434687809591,False,False
2,1000,4,3,lognormal + lognormal + gamma,2219.5519738600688,False,False
2,1000,5,3,lognormal + gamma + inverse_gaussian,2220.0857025430887,False,False
2,1000,6,2,inverse_gaussian + gamma,2221.4317144875713,False,False
2,1000,7,2,gamma + inverse_gaussian,2221.4317144875713,False,False
2,1000,8,3,lognormal + inverse_gaussian + inverse_gaussian,2222.050655492765,False,False
2,1000,9,3,inverse_gaussian + lognormal + lognormal,2222.0913622954376,False,False
2,1000,10,3,lognormal + gamma + gamma,2222.1042217128243,False,False
2,1500,1,2,lognormal + lognormal,3620.995123043938,False,False
2,1500,2,2,gamma + lognormal,3623.001330646875,True,True
2,1500,3,2,inverse_gaussian + lognormal,3647.2446163523387,False,False
2,1500,4,2,lognormal + inverse_gaussian,3647.2446163523387,False,False
2,1500,5,3,lognormal + lognormal + lognormal,3664.7738789497425,False,False
2,1500,6,3,lognormal + inverse_gaussian + lognormal,3665.4346315949265,False,False
2,1500,7,3,lognormal + lognormal + inverse_gaussian,3665.554075736091,False,False
2,1500,8,3,lognormal + inverse_gaussian + gamma,3665.695106744433,False,False
2,1500,9,3,gamma + lognormal + inverse_gaussian,3665.845334888522,False,False
2,1500,10,3,inverse_gaussian + lognormal + gamma,3665.8699964965904,False,False
3,500,1,2,nb2 + nb2,2787.164254578286,False,True
3,500,2,3,poisson + zip + poisson,2802.5219489824535,False,False
3,500,3,2,poisson + zip,2802.6506288694145,False,False
3,500,4,3,poisson + poisson + poisson,2804.8470640353016,False,False
3,500,5,3,nb2 + poisson + zip,2805.849654059428,False,False
3,500,6,3,poisson + zip + nb2,2805.996476640982,False,False
3,500,7,3,zip + nb2 + poisson,2807.821530410481,False,False
3,500,8,2,zip + nb2,2807.841142777229,False,False
3,500,9,3,nb2 + zip + poisson,2807.8427494474586,False,False
3,500,10,3,zip + poisson + poisson,2807.976617442147,False,False
3,1000,1,2,nb2 + nb2,5546.882331145564,False,True
3,1000,2,2,poisson + zip,5556.753424374475,False,False
3,1000,3,2,zip + poisson,5556.950238465265,False,False
3,1000,4,2,nb2 + zip,5559.705244527693,False,False
3,1000,5,2,zip + nb2,5559.837045052261,False,False
3,1000,6,2,zip + zip,5563.343108683089,False,False
3,1000,7,3,poisson + poisson + zip,5577.385064248361,False,False
3,1000,8,3,nb2 + poisson + nb2,5578.1672036660275,False,False
3,1000,9,3,poisson + poisson + poisson,5581.259138076038,False,False
3,1000,10,3,nb2 + zip + poisson,5581.889256562626,False,False
3,1500,1,2,nb2 + nb2,8202.117279672571,False,True
3,1500,2,2,zip + poisson,8217.306004481,False,False
3,1500,3,2,poisson + zip,8217.486451249477,False,False
3,1500,4,2,nb2 + zip,8217.773282114207,False,False
3,1500,5,2,zip + nb2,8217.9426164065,False,False
3,1500,6,2,zip + zip,8224.488604104077,False,False
3,1500,7,3,zip + poisson + poisson,8237.273218956982,False,False
3,1500,8,3,poisson + poisson + nb2,8239.184990882997,False,False
3,1500,9,3,nb2 + poisson + poisson,8240.326472776263,False,False
3,1500,10,3,poisson + nb2 + poisson,8240.645767923479,False,False
4,500,1,2,poisson + zip,2505.4182141097244,True,True
4,500,2,2,zip + poisson,2505.463536019549,True,True
4,500,3,2,nb2 + zip,2511.6226559681745,False,False
4,500,4,2,zip + zip,2511.6492175921285,False,True
4,500,5,2,zip + nb2,2512.0648893380358,False,False
4,500,6,2,poisson + poisson,2512.854625861026,False,False
4,500,7,2,poisson + nb2,2518.7856581921615,False,False
4,500,8,2,nb2 + poisson,2518.856848891298,False,False
4,500,9,2,nb2 + nb2,2519.927147372244,False,False
4,500,10,3,poisson + poisson + poisson,2533.376344735955,False,False
4,1000,1,2,poisson + zip,4916.68772033174,True,True
4,1000,2,2,zip + poisson,4916.809081060844,True,True
4,1000,3,2,zip + nb2,4923.4609055944375,False,False
4,1000,4,2,nb2 + zip,4923.601035447402,False,False
4,1000,5,2,zip + zip,4923.751498581648,False,True
4,1000,6,3,zip + poisson + poisson,4951.318628302208,False,False
4,1000,7,3,poisson + zip + poisson,4951.820914568416,False,False
4,1000,8,3,nb2 + poisson + poisson,4951.931299827939,False,False
4,1000,9,2,poisson + nb2,4951.950150436866,False,False
4,1000,10,3,poisson + poisson + zip,4952.697151081804,False,False
4,1500,1,2,zip + poisson,7288.552570051693,True,True
4,1500,2,2,poisson + zip,7288.556018025743,True,True
4,1500,3,2,zip + nb2,7292.696194241734,False,False
4,1500,4,2,nb2 + zip,7295.878463396697,False,False
4,1500,5,2,zip + zip,7295.9469981718985,False,True
4,1500,6,3,poisson + nb2 + poisson,7324.710779981705,False,False
4,1500,7,3,poisson + poisson + nb2,7327.262123894979,False,False
4,1500,8,3,nb2 + poisson + poisson,7328.304977545943,False,False
4,1500,9,3,zip + poisson + poisson,7331.48443294882,False,False
4,1500,10,3,nb2 + nb2 + poisson,7331.831380382645,False,False
1,500,1,2,student_t + gaussian,1893.021685438445,True,True
1,500,2,2,gaussian + gaussian,1896.8891550996993,False,False
1,500,3,2,student_t + student_t,1898.6846891903074,False,True
1,500,4,2,student_t + skew_normal,1899.2358538693356,False,False
1,500,5,2,gaussian + student_t,1900.3695087239669,True,True
1,500,6,2,skew_normal + gaussian,1903.1036388712387,False,False
1,500,7,2,gaussian + skew_normal,1903.1038907483958,False,False
1,500,8,2,skew_normal + student_t,1906.584315484559,False,False
1,500,9,2,skew_normal + skew_normal,1909.3183748776014,False,False
1,500,10,3,gaussian + gaussian + gaussian,1929.4037004766633,False,False
1,1000,1,2,student_t + gaussian,3774.2982007352407,True,True
1,1000,2,2,student_t + skew_normal,3781.2094828050735,False,False
1,1000,3,2,student_t + student_t,3781.257359252178,False,True
1,1000,4,2,gaussian + gaussian,3787.2894435318713,False,False
1,1000,5,2,gaussian + skew_normal,3794.1947813750608,False,False
1,1000,6,2,skew_normal + gaussian,3794.1971782219944,False,False
1,1000,7,2,gaussian + student_t,3794.2537931790407,True,True
1,1000,8,2,skew_normal + skew_normal,3801.1025177328333,False,False
1,1000,9,2,skew_normal + student_t,3801.149278671716,False,False
1,1000,10,3,student_t + gaussian + gaussian,3819.25129206617,False,False
1,1500,1,2,student_t + gaussian,5559.545784433335,True,True
1,1500,2,2,student_t + student_t,5565.855558550747,False,True
1,1500,3,2,student_t + skew_normal,5566.859102200998,False,False
1,1500,4,2,gaussian + student_t,5583.268404751705,True,True
1,1500,5,2,skew_normal + student_t,5590.581475692205,False,False
1,1500,6,3,student_t + gaussian + gaussian,5611.253887440648,False,False
1,1500,7,3,student_t + gaussian + student_t,5616.516693396385,False,False
1,1500,8,3,student_t + student_t + gaussian,5617.328271945226,False,False
1,1500,9,3,student_t + skew_normal + gaussian,5618.563041909979,False,False
1,1500,10,3,student_t + gaussian + skew_normal,5618.5675220315825,False,False
2,500,1,2,gamma + lognormal,1157.7458934125832,True,True
2,500,2,2,lognormal + lognormal,1159.189769082907,False,False
2,500,3,2,inverse_gaussian + lognormal,1164.188553497872,False,False
2,500,4,2,lognormal + inverse_gaussian,1164.188553497872,False,False
2,500,5,2,gamma + gamma,1180.656813309715,False,False
2,500,6,2,lognormal + gamma,1181.8998939409605,True,True
2,500,7,2,inverse_gaussian + gamma,1183.3795406891225,False,False
2,500,8,3,gamma + inverse_gaussian + gamma,1189.4061914014264,False,False
2,500,9,3,lognormal + gamma + inverse_gaussian,1189.5869898230242,False,False
2,500,10,3,gamma + gamma + inverse_gaussian,1189.9642339983584,False,False
2,1000,1,2,lognormal + gamma,2155.927344134514,True,True
2,1000,2,2,gamma + lognormal,2155.927344134514,True,True
2,1000,3,2,lognormal + lognormal,2157.9445382163008,False,False
2,1000,4,2,lognormal + inverse_gaussian,2165.8683162498564,False,False
2,1000,5,2,gamma + gamma,2180.363068282481,False,False
2,1000,6,2,inverse_gaussian + gamma,2185.0211911547212,False,False
2,1000,7,3,gamma + inverse_gaussian + lognormal,2198.1819914791245,False,False
2,1000,8,3,lognormal + gamma + inverse_gaussian,2198.1819925785485,False,False
2,1000,9,3,lognormal + inverse_gaussian + gamma,2198.1819978287103,False,False
2,1000,10,3,lognormal + lognormal + gamma,2198.4459779747212,False,False
2,1500,1,2,gamma + lognormal,3444.8569583341764,True,True
2,1500,2,2,lognormal + gamma,3444.8575914413723,True,True
2,1500,3,2,lognormal + lognormal,3446.607743433116,False,False
2,1500,4,2,lognormal + inverse_gaussian,3470.2102142255476,False,False
2,1500,5,3,inverse_gaussian + gamma + lognormal,3488.530288608163,False,False
2,1500,6,3,gamma + lognormal + lognormal,3489.388602621718,False,False
2,1500,7,3,lognormal + inverse_gaussian + lognormal,3491.3097819680497,False,False
2,1500,8,3,lognormal + lognormal + lognormal,3491.503639791677,False,False
2,1500,9,3,lognormal + inverse_gaussian + gamma,3493.1554136007985,False,False
2,1500,10,3,inverse_gaussian + lognormal + gamma,3493.1554136007985,False,False
3,500,1,2,nb2 + nb2,2748.9786049622644,False,True
3,500,2,2,zip + poisson,2758.235414322513,False,False
3,500,3,2,zip + nb2,2764.1467201940604,False,False
3,500,4,2,zip + zip,2764.3991116286297,False,False
3,500,5,2,nb2 + zip,2764.4520891853135,False,False
3,500,6,2,poisson + zip,2767.200942671986,False,False
3,500,7,3,poisson + zip + poisson,2769.9333543190623,False,False
3,500,8,2,poisson + poisson,2772.1159203991697,False,False
3,500,9,3,poisson + nb2 + poisson,2772.265332588027,False,False
3,500,10,3,nb2 + poisson + poisson,2772.347417727237,False,False
3,1000,1,2,nb2 + nb2,5308.645446268392,False,True
3,1000,2,2,zip + poisson,5310.291816890927,False,False
3,1000,3,2,poisson + zip,5310.342047912743,False,False
3,1000,4,2,zip + nb2,5315.284831625414,False,False
3,1000,5,2,zip + zip,5317.090778066225,False,False
3,1000,6,2,nb2 + zip,5317.82059172786,False,False
3,1000,7,3,poisson + nb2 + poisson,5337.1334167273235,False,False
3,1000,8,3,poisson + nb2 + zip,5339.075487610603,False,False
3,1000,9,3,nb2 + poisson + poisson,5340.71928149032,False,False
3,1000,10,3,poisson + nb2 + nb2,5342.694911357963,False,False
3,1500,1,2,nb2 + nb2,8125.275665343477,False,True
3,1500,2,2,poisson + zip,8143.002740362956,False,False
3,1500,3,2,zip + poisson,8143.106781822808,False,False
3,1500,4,2,nb2 + zip,8148.046400356724,False,False
3,1500,5,2,zip + nb2,8148.869326520116,False,False
3,1500,6,2,zip + zip,8150.579737587241,False,False
3,1500,7,3,poisson + poisson + zip,8168.3821016871625,False,False
3,1500,8,3,nb2 + zip + poisson,8169.059042645663,False,False
3,1500,9,3,poisson + zip + nb2,8169.245406884752,False,False
3,1500,10,3,zip + poisson + nb2,8169.393357934025,False,False
4,500,1,2,zip + poisson,2499.8730151928094,True,True
4,500,2,2,poisson + zip,2499.877151243284,True,True
4,500,3,2,nb2 + zip,2505.951925603902,False,False
4,500,4,2,zip + zip,2505.9951106545977,False,True
4,500,5,2,zip + nb2,2506.077836420125,False,False
4,500,6,2,nb2 + nb2,2526.83273561877,False,False
4,500,7,3,poisson + poisson + nb2,2528.1230085510633,False,False
4,500,8,3,poisson + poisson + poisson,2528.61361437623,False,False
4,500,9,3,poisson + nb2 + poisson,2531.2184487592913,False,False
4,500,10,3,nb2 + poisson + nb2,2532.314257780102,False,False
4,1000,1,2,zip + poisson,4914.6089105256115,True,True
4,1000,2,2,poisson + zip,4914.675650804022,True,True
4,1000,3,2,zip + nb2,4920.90269297354,False,False
4,1000,4,2,nb2 + zip,4920.92368393784,False,False
4,1000,5,2,zip + zip,4921.552690897638,False,True
4,1000,6,3,poisson + nb2 + nb2,4943.82404607926,False,False
4,1000,7,3,poisson + poisson + nb2,4943.866898119654,False,False
4,1000,8,3,poisson + poisson + poisson,4944.653952960137,False,False
4,1000,9,3,nb2 + nb2 + poisson,4947.569500902418,False,False
4,1000,10,3,nb2 + poisson + nb2,4947.732338966849,False,False
4,1500,1,2,zip + poisson,7379.4614913565465,True,True
4,1500,2,2,poisson + zip,7379.581137517176,True,True
4,1500,3,2,zip + zip,7386.922307808142,False,True
4,1500,4,2,nb2 + zip,7386.965969629513,False,False
4,1500,5,2,zip + nb2,7387.017719208365,False,False
4,1500,6,3,poisson + poisson + nb2,7413.305866321364,False,False
4,1500,7,3,nb2 + poisson + poisson,7417.4426292223125,False,False
4,1500,8,3,poisson + poisson + poisson,7417.739395507869,False,False
4,1500,9,3,nb2 + nb2 + poisson,7419.760969232225,False,False
4,1500,10,3,zip + poisson + poisson,7420.17893049187,False,False
1,500,1,2,student_t + gaussian,1937.8228010862993,True,True
1,500,2,2,student_t + skew_normal,1944.0346004008713,False,False
1,500,3,2,student_t + student_t,1944.062492269297,False,True
1,500,4,2,gaussian + student_t,1956.5253134489728,True,True
1,500,5,2,skew_normal + student_t,1962.7400568277972,False,False
1,500,6,2,gaussian + gaussian,1963.7977203659673,False,False
1,500,7,2,skew_normal + gaussian,1970.0122801270884,False,False
1,500,8,2,gaussian + skew_normal,1970.0131507575,False,False
1,500,9,2,skew_normal + skew_normal,1976.227710667822,False,False
1,500,10,3,student_t + gaussian + gaussian,1980.0337447968657,False,False
1,1000,1,2,student_t + gaussian,3798.5931822123953,True,True
1,1000,2,2,student_t + skew_normal,3805.5011354674098,False,False
1,1000,3,2,student_t + student_t,3805.5237077988377,False,True
1,1000,4,2,gaussian + gaussian,3808.3804759626473,False,False
1,1000,5,2,skew_normal + gaussian,3815.2883978270347,False,False
1,1000,6,2,gaussian + skew_normal,3815.2909784499084,False,False
1,1000,7,2,gaussian + student_t,3815.662481698793,True,True
1,1000,8,2,skew_normal + skew_normal,3822.198899558822,False,False
1,1000,9,2,skew_normal + student_t,3822.570236708283,False,False
1,1000,10,3,student_t + gaussian + gaussian,3843.175126856387,False,False
1,1500,1,2,student_t + gaussian,5663.35447458765,True,True
1,1500,2,2,student_t + student_t,5670.595583048558,False,True
1,1500,3,2,student_t + skew_normal,5670.667753610622,False,False
1,1500,4,2,gaussian + student_t,5705.172871314146,True,True
1,1500,5,3,student_t + gaussian + gaussian,5711.673859926287,False,False
1,1500,6,2,skew_normal + student_t,5712.486196772759,False,False
1,1500,7,3,student_t + student_t + gaussian,5718.850067056944,False,False
1,1500,8,3,student_t + skew_normal + gaussian,5718.986018470946,False,False
1,1500,9,3,student_t + gaussian + skew_normal,5718.987140633928,False,False
1,1500,10,3,student_t + gaussian + student_t,5719.113660763596,False,False
2,500,1,2,lognormal + gamma,1052.4327733744387,True,True
2,500,2,2,gamma + lognormal,1052.4327733744387,True,True
2,500,3,2,lognormal + lognormal,1053.3494987690676,False,False
2,500,4,2,inverse_gaussian + gamma,1061.1923234043193,False,False
2,500,5,2,gamma + inverse_gaussian,1061.1923234043193,False,False
2,500,6,2,lognormal + inverse_gaussian,1062.6966353328621,False,False
2,500,7,2,inverse_gaussian + lognormal,1069.1515233250386,False,False
2,500,8,2,inverse_gaussian + inverse_gaussian,1077.5055414849444,False,False
2,500,9,3,lognormal + gamma + inverse_gaussian,1079.8520993389332,False,False
2,500,10,3,inverse_gaussian + lognormal + lognormal,1081.4558763507616,False,False
2,1000,1,2,gamma + lognormal,2424.6685675497242,True,True
2,1000,2,2,lognormal + lognormal,2427.5126883277653,False,False
2,1000,3,2,inverse_gaussian + lognormal,2436.9265175291803,False,False
2,1000,4,3,lognormal + lognormal + gamma,2447.4384162069714,False,False
2,1000,5,3,lognormal + lognormal + lognormal,2449.423829648189,False,False
2,1000,6,3,lognormal + lognormal + inverse_gaussian,2458.1794233767678,False,False
2,1000,7,2,gamma + gamma,2459.364982858647,False,False
2,1000,8,2,lognormal + gamma,2460.827975963014,True,True
2,1000,9,2,inverse_gaussian + gamma,2465.5460795496583,False,False
2,1000,10,2,gamma + inverse_gaussian,2465.5460795496583,False,False
2,1500,1,2,lognormal + gamma,3599.1609321383958,True,True
2,1500,2,2,lognormal + lognormal,3600.787441148055,False,False
2,1500,3,2,inverse_gaussian + lognormal,3635.0919168621454,False,False
2,1500,4,3,lognormal + gamma + gamma,3643.2402677340883,False,False
2,1500,5,3,gamma + lognormal + gamma,3643.240270301096,False,False
2,1500,6,3,lognormal + lognormal + gamma,3644.8840462913154,False,False
2,1500,7,3,lognormal + gamma + lognormal,3645.4372036289305,False,False
2,1500,8,3,gamma + lognormal + lognormal,3645.4372036289305,False,False
2,1500,9,3,lognormal + lognormal + lognormal,3646.5517009431783,False,False
2,1500,10,3,gamma + lognormal + inverse_gaussian,3649.6041299470166,False,False
3,500,1,2,nb2 + nb2,2800.2172006284727,False,True
3,500,2,2,zip + poisson,2805.8532965707464,False,False
3,500,3,2,poisson + zip,2810.825971452784,False,False
3,500,4,2,zip + nb2,2811.2312611716343,False,False
3,500,5,2,nb2 + zip,2816.695876813089,False,False
3,500,6,2,zip + zip,2817.0391118011485,False,False
3,500,7,3,nb2 + poisson + poisson,2823.4151144134103,False,False
3,500,8,3,poisson + nb2 + poisson,2823.5653577988637,False,False
3,500,9,3,zip + poisson + poisson,2823.781576628775,False,False
3,500,10,3,poisson + nb2 + zip,2824.1878889972922,False,False
3,1000,1,2,poisson + zip,5522.005318707906,False,False
3,1000,2,2,zip + poisson,5522.034751059785,False,False
3,1000,3,2,nb2 + nb2,5527.014488748072,False,True
3,1000,4,2,nb2 + zip,5528.454131826043,False,False
3,1000,5,2,zip + nb2,5528.542732226714,False,False
3,1000,6,2,zip + zip,5528.884685420946,False,False
3,1000,7,3,zip + poisson + poisson,5550.003438520943,False,False
3,1000,8,3,nb2 + poisson + zip,5553.18392461389,False,False
3,1000,9,3,zip + poisson + nb2,5553.735066611239,False,False
3,1000,10,3,poisson + poisson + poisson,5553.872460919059,False,False
3,1500,1,2,nb2 + nb2,8188.981797286642,False,True
3,1500,2,2,poisson + zip,8206.873718863022,False,False
3,1500,3,2,zip + poisson,8207.540142109065,False,False
3,1500,4,2,nb2 + zip,8210.181432911357,False,False
3,1500,5,2,zip + nb2,8213.402198341282,False,False
3,1500,6,2,zip + zip,8215.257817082495,False,False
3,1500,7,3,nb2 + poisson + poisson,8216.668948403249,False,False
3,1500,8,3,nb2 + poisson + nb2,8219.332112913395,False,False
3,1500,9,3,poisson + nb2 + poisson,8220.760655619195,False,False
3,1500,10,3,poisson + poisson + nb2,8220.969258835832,False,False
4,500,1,2,zip + poisson,2535.2237264998485,True,True
4,500,2,2,poisson + zip,2535.2920956680273,True,True
4,500,3,2,zip + nb2,2541.441397296019,False,False
4,500,4,2,zip + zip,2541.4639828922345,False,True
4,500,5,2,nb2 + zip,2541.4840062109615,False,False
4,500,6,2,poisson + nb2,2557.6565074585183,False,False
4,500,7,3,poisson + poisson + nb2,2559.6742432093756,False,False
4,500,8,3,poisson + nb2 + poisson,2559.947311991794,False,False
4,500,9,2,nb2 + nb2,2562.8840489490567,False,False
4,500,10,3,poisson + zip + poisson,2563.722280663224,False,False
4,1000,1,2,poisson + zip,5028.891000060653,True,True
4,1000,2,2,zip + poisson,5028.977777867676,True,True
4,1000,3,2,nb2 + zip,5035.745865325495,False,False
4,1000,4,2,zip + nb2,5035.853783111453,False,False
4,1000,5,2,zip + zip,5035.904549981892,False,True
4,1000,6,3,poisson + poisson + poisson,5055.3123467947935,False,False
4,1000,7,3,nb2 + nb2 + poisson,5059.716134070639,False,False
4,1000,8,3,poisson + nb2 + nb2,5059.717140161084,False,False
4,1000,9,3,nb2 + poisson + nb2,5060.062127049758,False,False
4,1000,10,3,poisson + nb2 + poisson,5066.063672892782,False,False
4,1500,1,2,zip + poisson,7461.489302345677,True,True
4,1500,2,2,poisson + zip,7461.654780086928,True,True
4,1500,3,2,nb2 + zip,7468.049402587897,False,False
4,1500,4,2,zip + nb2,7468.062928714737,False,False
4,1500,5,2,zip + zip,7468.783057922119,False,True
4,1500,6,3,poisson + poisson + nb2,7497.332254932547,False,False
4,1500,7,3,nb2 + poisson + poisson,7498.446230640715,False,False
4,1500,8,3,poisson + poisson + zip,7499.845875636173,False,False
4,1500,9,3,poisson + zip + poisson,7502.707845961698,False,False
4,1500,10,3,zip + poisson + poisson,7502.790689968274,False,False
1,500,1,2,gaussian + gaussian,1962.0289364256244,False,False
1,500,2,2,student_t + gaussian,1963.5880926214775,True,True
1,500,3,2,gaussian + student_t,1968.1194662216014,True,True
1,500,4,2,skew_normal + gaussian,1968.2435401036046,False,False
1,500,5,2,gaussian + skew_normal,1968.2435602101493,False,False
1,500,6,2,student_t + student_t,1969.5604088347334,False,True
1,500,7,2,student_t + skew_normal,1969.8024030314791,False,False
1,500,8,2,skew_normal + student_t,1974.3341061049668,False,False
1,500,9,2,skew_normal + skew_normal,1974.458163926172,False,False
1,500,10,3,gaussian + gaussian + gaussian,1998.3227834345885,False,False
1,1000,1,2,student_t + gaussian,3732.759418371264,True,True
1,1000,2,2,student_t + student_t,3739.5377540870627,False,True
1,1000,3,2,student_t + skew_normal,3739.666993518496,False,False
1,1000,4,2,gaussian + student_t,3745.4304133738983,True,True
1,1000,5,2,skew_normal + student_t,3752.3384639170395,False,False
1,1000,6,3,student_t + gaussian + gaussian,3762.5685408660097,False,False
1,1000,7,3,gaussian + gaussian + gaussian,3768.932331592664,False,False
1,1000,8,3,student_t + skew_normal + gaussian,3769.476973421574,False,False
1,1000,9,3,student_t + gaussian + skew_normal,3769.477403849204,False,False
1,1000,10,3,student_t + student_t + gaussian,3769.6152514588684,False,False
1,1500,1,2,student_t + gaussian,5616.962534656741,True,True
1,1500,2,2,student_t + student_t,5623.759070438854,False,True
1,1500,3,2,student_t + skew_normal,5624.2759133675445,False,False
1,1500,4,2,gaussian + student_t,5643.812840649645,True,True
1,1500,5,2,gaussian + gaussian,5648.654291936798,False,False
1,1500,6,2,skew_normal + student_t,5651.1250820186815,False,False
1,1500,7,2,skew_normal + gaussian,5655.966797977293,False,False
1,1500,8,2,gaussian + skew_normal,5655.967099445179,False,False
1,1500,9,2,skew_normal + skew_normal,5663.2796134151395,False,False
1,1500,10,3,student_t + gaussian + gaussian,5664.14850693371,False,False
2,500,1,2,lognormal + lognormal,1278.1777206939491,False,False
2,500,2,2,gamma + lognormal,1278.3721468325402,True,True
2,500,3,2,inverse_gaussian + lognormal,1282.8845374201687,False,False
2,500,4,2,lognormal + inverse_gaussian,1282.8845374201687,False,False
2,500,5,2,lognormal + gamma,1301.396245051291,True,True
2,500,6,2,gamma + gamma,1302.1989400435375,False,False
2,500,7,3,lognormal + inverse_gaussian + lognormal,1302.4396228899955,False,False
2,500,8,3,lognormal + lognormal + inverse_gaussian,1302.5532487780106,False,False
2,500,9,3,lognormal + gamma + inverse_gaussian,1302.7532408146785,False,False
2,500,10,3,gamma + lognormal + inverse_gaussian,1303.0774372712744,False,False
2,1000,1,2,lognormal + gamma,2512.0588295453695,True,True
2,1000,2,2,lognormal + lognormal,2512.4793259892062,False,False
2,1000,3,2,lognormal + inverse_gaussian,2521.409330336575,False,False
2,1000,4,2,gamma + lognormal,2532.962378890781,True,True
2,1000,5,2,gamma + gamma,2534.4787041553623,False,False
2,1000,6,2,inverse_gaussian + gamma,2539.153214353484,False,False
2,1000,7,2,gamma + inverse_gaussian,2539.153214353484,False,False
2,1000,8,3,gamma + inverse_gaussian + inverse_gaussian,2548.6795290445625,False,False
2,1000,9,3,inverse_gaussian + inverse_gaussian + gamma,2548.726289546762,False,False
2,1000,10,3,lognormal + lognormal + gamma,2553.0391918251967,False,False
2,1500,1,2,lognormal + lognormal,3496.1640065540655,False,False
2,1500,2,2,inverse_gaussian + lognormal,3503.012216945659,False,False
2,1500,3,2,lognormal + inverse_gaussian,3503.012216945659,False,False
2,1500,4,3,gamma + gamma + lognormal,3536.556560746671,False,False
2,1500,5,3,gamma + lognormal + lognormal,3538.75093642381,False,False
2,1500,6,3,lognormal + gamma + lognormal,3538.7509393181144,False,False
2,1500,7,3,lognormal + lognormal + gamma,3538.7509407511725,False,False
2,1500,8,3,gamma + inverse_gaussian + lognormal,3541.464047397047,False,False
2,1500,9,3,lognormal + lognormal + lognormal,3541.509150945412,False,False
2,1500,10,3,gamma + lognormal + inverse_gaussian,3541.5347118256436,False,False
3,500,1,2,nb2 + nb2,2783.7856446497863,False,True
3,500,2,2,zip + poisson,2786.9185651983917,False,False
3,500,3,2,poisson + zip,2789.3303262423133,False,False
3,500,4,2,zip + nb2,2792.6419494898337,False,False
3,500,5,2,nb2 + zip,2793.935793968618,False,False
3,500,6,2,zip + zip,2794.985267258151,False,False
3,500,7,2,poisson + poisson,2796.6513248682622,False,False
3,500,8,2,nb2 + poisson,2800.129720841271,True,True
3,500,9,2,poisson + nb2,2800.2047039337203,True,True
3,500,10,3,nb2 + poisson + nb2,2803.2705684458865,False,False
3,1000,1,2,poisson + zip,5506.983385308725,False,False
3,1000,2,2,zip + poisson,5507.397438548424,False,False
3,1000,3,2,nb2 + nb2,5509.27468361136,False,True
3,1000,4,2,zip + nb2,5512.713658601355,False,False
3,1000,5,2,nb2 + zip,5513.385748166932,False,False
3,1000,6,2,zip + zip,5514.067168434873,False,False
3,1000,7,2,poisson + poisson,5534.03943292571,False,False
3,1000,8,3,poisson + poisson + poisson,5535.4504321077775,False,False
3,1000,9,3,zip + poisson + poisson,5536.271696614362,False,False
3,1000,10,3,poisson + poisson + zip,5539.0740374065135,False,False
3,1500,1,2,nb2 + nb2,8214.352639040126,False,True
3,1500,2,2,poisson + zip,8243.091685117326,False,False
3,1500,3,2,zip + poisson,8243.26166611522,False,False
3,1500,4,3,zip + poisson + poisson,8244.815015550941,False,False
3,1500,5,3,poisson + poisson + zip,8246.261364308288,False,False
3,1500,6,2,zip + nb2,8248.224694627641,False,False
3,1500,7,2,nb2 + zip,8248.570159660912,False,False
3,1500,8,3,nb2 + poisson + nb2,8249.855410605349,False,False
3,1500,9,3,poisson + nb2 + nb2,8250.47179259708,False,False
3,1500,10,2,zip + zip,8250.472478722028,False,False
4,500,1,2,poisson + zip,2515.4959297918467,True,True
4,500,2,2,zip + poisson,2515.518922571054,True,True
4,500,3,2,zip + nb2,2519.8639628724823,False,False
4,500,4,2,nb2 + zip,2519.9269675313135,False,False
4,500,5,2,zip + zip,2521.7571559277058,False,True
4,500,6,3,poisson + poisson + poisson,2536.2185725145728,False,False
4,500,7,3,poisson + poisson + nb2,2543.973563696252,False,False
4,500,8,3,poisson + zip + poisson,2546.1444739636718,False,False
4,500,9,3,poisson + nb2 + poisson,2546.1815837643803,False,False
4,500,10,3,zip + poisson + poisson,2549.260165668951,False,False
4,1000,1,2,poisson + zip,4908.271300564555,True,True
4,1000,2,2,zip + poisson,4908.59663890118,True,True
4,1000,3,2,nb2 + zip,4913.502641479164,False,False
4,1000,4,2,zip + zip,4915.239612776347,False,True
4,1000,5,2,zip + nb2,4915.6597253569225,False,False
4,1000,6,3,poisson + poisson + poisson,4934.606994929901,False,False
4,1000,7,3,poisson + nb2 + poisson,4935.888162707068,False,False
4,1000,8,3,poisson + poisson + nb2,4937.534112048947,False,False
4,1000,9,3,zip + poisson + poisson,4940.176206104753,False,False
4,1000,10,3,nb2 + poisson + poisson,4943.779316808531,False,False
4,1500,1,2,poisson + zip,7258.33105264134,True,True
4,1500,2,2,zip + poisson,7258.37051676863,True,True
4,1500,3,2,zip + nb2,7262.864738601098,False,False
4,1500,4,2,nb2 + zip,7265.852616629199,False,False
4,1500,5,2,zip + zip,7265.912793457336,False,True
4,1500,6,3,poisson + poisson + nb2,7298.505166424837,False,False
4,1500,7,3,poisson + zip + nb2,7298.724902042636,False,False
4,1500,8,3,nb2 + poisson + poisson,7300.571813879052,False,False
4,1500,9,3,poisson + poisson + zip,7301.905564109192,False,False
4,1500,10,3,zip + poisson + poisson,7302.021204657026,False,False
