dataset,families,K,lambda,nonidentical,splits_observed,bic_wins,mean_delta_bic,median_delta_bic,max_delta_bic,mean_test_loglik_per_obs,mean_test_rmse,mean_test_mae,mean_rmse_skill,mean_mae_skill,finite_prediction_rate,stable_prediction_rate,median_min_pi
bird_counts,zinb+zinb+zinb,3,10.0,False,3,1,34.9795566692604,21.998889062204398,82.93978094557679,-2.525838920745844,3287886476707.879,214224290958.03943,-1422666368.2114928,-805822334.6610972,1.0,0.6666666666666666,0.14921322800864947
bird_counts,nb2+nb2+zinb,3,5.0,True,3,1,156.15011082096316,44.55639816449548,423.893934298394,-2.51705410868947,1711.3470217706736,203.88636737868953,0.19692966445777046,0.14405753952807357,1.0,1.0,0.10488622581910154
bird_counts,nb2+nb2+nb2,3,5.0,False,3,1,157.80861440817048,37.24648721367703,436.17935601083445,-2.517480830485919,1718.4330235821244,206.72083623476814,0.19400723633593653,0.1307663687392073,1.0,1.0,0.10685478937099546
bird_counts,nb2+zinb+zinb,3,10.0,True,3,0,166.37219987490244,109.1040428798442,373.30248602631764,-2.5293607546233856,403764198027392.75,26277314346602.87,-174708509448.6362,-98844284756.16457,1.0,0.6666666666666666,0.1575902246852178
bird_counts,nb2+nb2+nb2,3,10.0,False,3,0,192.09678700248818,109.34234002839366,407.9048015675362,-2.5288035031349607,1602.9429523597055,191.8012635470519,0.24461235662073746,0.19141828286039284,1.0,1.0,0.12465862850668377
bird_counts,nb2+zinb+zinb,3,25.0,True,3,0,261.89733400042314,120.3292950483883,567.3654297351459,-2.5348063583813634,1712.7297556058736,189.80626313872583,0.1962215159552928,0.20188395552320523,1.0,1.0,0.16323168543095284
bird_counts,zinb+zinb+zinb,3,5.0,False,3,0,336.3640199079091,349.60442193761264,453.45885963181354,-2.5337141077926026,inf,1.2199543911460537e+300,-inf,-5.482194069986842e+297,1.0,0.0,0.15576110730761217
bird_counts,zinb+zinb+zinb,3,25.0,False,3,0,346.56595485840563,67.00041644771409,945.9051853712663,-2.543530690583102,inf,2.830585076258379e+301,-inf,-1.2719997429640908e+299,1.0,0.6666666666666666,0.14941785325464596
bird_counts,nb2+nb2+zinb,3,2.0,True,3,0,351.0036730809467,356.7248263432484,393.6217136753912,-2.527049654288814,inf,7.20586614942566e+200,-inf,-3.2318059093414376e+198,1.0,0.0,0.1824054067024854
bird_counts,nb2+nb2+nb2,3,2.0,False,3,0,382.57388199352135,392.82382156385574,405.8135674507066,-2.527711256777129,inf,6.372924250638446e+200,-inf,-2.8582343643227794e+198,1.0,0.0,0.19226194925576384
bird_counts,nb2+nb2+zinb,3,10.0,True,3,0,418.19297348070296,519.2488754948063,637.5106725844817,-2.538119738684354,4.703954594831421e+118,2.9457521851666656e+117,-2.179254566138162e+115,-1.321159603200017e+115,1.0,0.0,0.10571356314254245
bird_counts,nb2+zinb+zinb,3,5.0,True,3,0,439.3308639397704,395.9738171570789,592.0819290532236,-2.539381099199744,3.225163996880512e+46,2.096832662912198e+45,-1.3955263923301795e+43,-7.887408967553526e+42,1.0,0.0,0.16310175641531444
bird_counts,nb2+zinb+zinb,3,2.0,True,3,0,496.8904591209648,465.82761391519307,622.8758671898104,-2.5399313681738076,4.797326035576774e+61,3.1116655716928167e+60,-2.0757998978456427e+58,-1.1704786637627996e+58,1.0,0.0,0.1821719222527529
bird_counts,zinb+zinb+zinb,3,2.0,False,3,0,531.5718219064292,508.13461173592077,604.326590010809,-2.536600050162093,inf,3.581163194558151e+300,-inf,-1.6092922630016094e+298,1.0,0.0,0.1857271038758907
bird_counts,nb2+nb2,2,10.0,False,3,0,542.5242725075854,513.7853522115547,765.6513052009759,-2.5634243156142635,inf,3.488912746819254e+203,-inf,-1.5647652341205148e+201,1.0,0.0,0.3524405894605614
bird_counts,nb2+nb2+nb2,3,25.0,False,3,0,596.9510464803146,403.6931856539377,1131.768351157516,-2.5488207791626736,1586.570553790807,185.60697572614285,0.2538260627505925,0.21813843636691876,1.0,1.0,0.10873094038080817
bird_counts,nb2+zinb,2,10.0,True,3,0,600.3197783038364,525.7410100769412,839.3549500074296,-2.566357612753304,2.6458260403171943e+131,1.7843444588327823e+130,-1.3863521453467067e+128,-8.018433051285963e+127,1.0,0.0,0.3412248189330786
bird_counts,nb2+zinb+zinb,3,50.0,True,3,0,611.9564120795645,507.74969347282604,878.116949247793,-2.5490953121842668,1706.7018630850823,183.33137097801833,0.19883021443120344,0.22909411826225834,1.0,1.0,0.19381495248632533
bird_counts,nb2+nb2+zinb,3,0.0,True,3,0,635.1178305254167,605.537691856036,853.0512059402099,-2.5727344879674447,inf,4.271534583313078e+300,-inf,-1.7627226389638472e+298,1.0,0.0,0.1268975788641899
bird_counts,nb2+zinb+zinb,3,0.0,True,3,0,664.3435257716847,611.1363114107298,832.3377752516171,-2.5748409151865927,inf,3.961372324416626e+300,-inf,-1.6301691487998506e+298,1.0,0.0,0.1192022407242744
bird_counts,zinb+zinb+zinb,3,0.0,False,3,0,726.9777832693144,631.5494622340047,1028.1586722746288,-2.5694477051989772,inf,7.219222302551368e+300,-inf,-3.2436370859950933e+298,1.0,0.0,0.1693193623819794
bird_counts,nb2+nb2+nb2,3,0.0,False,3,0,761.7517988083855,634.9468008743934,1219.7916892327848,-2.5712437445580996,inf,1.3691987865374792e+301,-inf,-5.995386125710048e+298,1.0,0.0,0.12712575809546084
bird_counts,zinb+zinb+zinb,3,50.0,False,3,0,818.1748228251769,440.3919812403183,1690.751107686563,-2.5648671435996024,inf,2.2591407826622966e+164,-inf,-1.0152058381741527e+162,1.0,0.6666666666666666,0.19160533694447757
bird_counts,nb2+nb2,2,2.0,False,3,0,841.7430561369862,819.679091267768,1136.9860394538991,-2.577545034500877,inf,2.0733743980586693e+301,-inf,-8.54336385672751e+298,1.0,0.0,0.4017239114274197
bird_counts,nb2+nb2,2,0.0,False,3,0,998.3720210635292,1075.7376889035222,1234.4133776579183,-2.610307624281664,inf,2.0639310037361798e+301,-inf,-8.519744406447567e+298,1.0,0.0,0.39296829759883956
bird_counts,nb2+zinb,2,2.0,True,3,0,1027.2913508824884,1046.185907701867,1334.0901536319434,-2.583013793962784,inf,2.0575220250223267e+301,-inf,-9.236638770038671e+298,1.0,0.0,0.41675443250702376
bird_counts,nb2+zinb,2,5.0,True,3,0,1036.1479468473772,858.1295453182538,1577.5725395474074,-2.5832761406357827,inf,9.48478186504278e+300,-inf,-4.262242529149691e+298,1.0,0.0,0.3824242513422367
bird_counts,zinb+zinb,2,5.0,False,3,0,1048.1035436434274,798.3164324398676,1553.371556720158,-2.583228329665206,inf,9.829283048508232e+300,-inf,-4.417053426901658e+298,1.0,0.0,0.35119074989195287
bird_counts,nb2+nb2+zinb,3,25.0,True,3,0,1068.0265743355121,875.3691160025628,1929.4995455352619,-2.564722345155003,inf,3.104952694429469e+301,-inf,-1.3952942316966526e+299,1.0,0.6666666666666666,0.0683854160248397
bird_counts,nb2+nb2+zip,3,5.0,True,3,0,1113.2503066309048,1151.2632221392705,1152.6152523321507,-2.5722802739821726,inf,2.6066881239942313e+196,-inf,-1.1713856091162223e+194,1.0,0.0,0.13660791758504234
bird_counts,nb2+nb2+nb2,3,50.0,False,3,0,1137.9455150251354,986.925829431384,1466.1109461195301,-2.5726600567579836,1601.42445918407,185.99903637300554,0.2477579404737248,0.21725119430656348,1.0,1.0,0.10394372256996612
bird_counts,nb2+zinb,2,0.0,True,3,0,1195.9367088305469,1079.3679464622764,1440.9081446321215,-2.613982768502295,inf,3.0229115368648293e+301,-inf,-1.2815662200438236e+299,1.0,0.0,0.39898781097764285
bird_counts,zinb+zinb,2,10.0,False,3,0,1257.5922560606657,632.925055634747,2555.2247644292293,-2.5888479677747185,1.142039622842712e+34,7.358870642268397e+32,-4.941626713068722e+30,-2.768143573221903e+30,1.0,0.3333333333333333,0.31616503102015114
bird_counts,poisson+nb2+nb2,3,5.0,True,3,0,1258.8778438195586,1284.1174269809853,1696.9316665749502,-2.5730786694974603,inf,2.6253070286494965e+289,-inf,-9.875308872569618e+286,1.0,0.0,0.11739950173284165
bird_counts,nb2+nb2,2,5.0,False,3,0,1264.7972447225354,862.8733214481836,2422.403712308369,-2.5824155608559707,inf,1.0711666978255159e+301,-inf,-4.804145389514594e+298,1.0,0.0,0.3694869772490911
bird_counts,nb2+nb2+zinb,3,50.0,True,3,0,1278.4031335719799,1191.5127964032072,1885.9773681514635,-2.5798373759462256,1799.677651210347,190.692705629696,0.15541267281404225,0.1983910463435277,1.0,1.0,0.048585631062299406
bird_counts,nb2+zinb,2,25.0,True,3,0,1342.8031665035305,967.7323085941462,2418.257004041945,-2.586245231031859,1630.1156229520172,187.03509434554857,0.2342419518676214,0.21070368860384014,1.0,1.0,0.34657522526224604
bird_counts,zinb+zinb,2,2.0,False,3,0,1419.8261436576624,1508.1765565158566,1990.3437603037528,-2.6001007547919244,inf,1.874259565576001e+301,-inf,-8.422490832927156e+298,1.0,0.0,0.4130767093556809
bird_counts,nb2+nb2+zip,3,10.0,True,3,0,1495.697978644491,1669.6385389970092,1684.6109699923472,-2.577198514867698,inf,1.4431384987620387e+171,-inf,-5.4284844651113995e+168,1.0,0.3333333333333333,0.18369633876119026
bird_counts,zip+zinb+zinb,3,25.0,True,3,0,1499.5287836483694,1531.6195841165609,1589.415195677575,-2.5873573416736586,inf,7.702681611815659e+300,-inf,-3.461407718334692e+298,1.0,0.6666666666666666,0.2810921607448535
bird_counts,nb2+zip+zinb,3,2.0,True,3,0,1566.9701818471342,1671.8876847674546,1943.78309468706,-2.5888290590183374,inf,9.801017260164054e+300,-inf,-4.395722157770064e+298,1.0,0.6666666666666666,0.15731338195906586
bird_counts,zinb+zinb,2,0.0,False,3,0,1574.4932285114967,1502.198755621197,2466.682352281103,-2.629426505641911,inf,1.798926872113924e+301,-inf,-8.0839630581420975e+298,1.0,0.0,0.4227715220629427
bird_counts,nb2+zip+zinb,3,5.0,True,3,0,1589.2579289483401,1754.9686805836172,1991.7194456488214,-2.5856986916608915,2.554274228586602e+55,1.4954667677537128e+54,-1.1833476868776454e+52,-6.707116447944853e+51,1.0,0.6666666666666666,0.17974520857555412
bird_counts,poisson+zinb+zinb,3,25.0,True,3,0,1589.664707833884,1514.0927058701855,1765.2584643623413,-2.5863675412739933,inf,7.771738659301905e+300,-inf,-3.4924403650440705e+298,1.0,0.6666666666666666,0.2844046952925766
bird_counts,nb2+nb2+zip,3,50.0,True,3,0,1668.8898678414505,1679.3040107266424,1749.9444572610664,-2.6039420633554013,1648.1866573204968,188.67224958768983,0.22563848078556817,0.20563638512474944,1.0,1.0,0.09863395317686781
bird_counts,nb2+zip+zinb,3,0.0,True,3,0,1675.4908109581131,1767.69287293886,2096.2095361810934,-2.620793377986345,inf,2.1121176417261244e+165,-inf,-7.944904675769841e+162,1.0,0.0,0.14823283002571885
bird_counts,poisson+nb2+nb2,3,0.0,True,3,0,1691.0695786316744,1738.6676265273854,2211.2198593035864,-2.6213576154088867,inf,9.457731623873993e+300,-inf,-4.2417597436829405e+298,1.0,0.0,0.30476641048058106
bird_counts,zip+zinb+zinb,3,10.0,True,3,0,1693.2755766994305,1638.0269917631522,2131.670074699585,-2.591221432082884,3.7719322069084216e+16,2331190039939780.5,-16321126460272.744,-8768963566483.633,1.0,0.6666666666666666,0.28692208568834504
bird_counts,poisson+nb2+zinb,3,50.0,True,3,0,1705.8260557402803,1650.589187205267,1971.61502315267,-2.602385154176245,1668.74957173315,194.81880270419046,0.21726608215993315,0.18057918616000476,1.0,1.0,0.08662701012275961
bird_counts,poisson+zinb+zinb,3,10.0,True,3,0,1712.370431089735,1716.5329468475175,2121.283741665553,-2.5898756463100154,171809811.98351565,10691303.086342702,-74341.05491503034,-40215.30303219638,1.0,0.6666666666666666,0.29849536633028995
bird_counts,poisson+nb2+nb2,3,25.0,True,3,0,1721.4019943816409,1805.2085259916494,1891.3285521380822,-2.5991309675402836,1664.7258441866536,192.35987954711734,0.21846313871825093,0.19181611508497573,1.0,1.0,0.1901746472326279
bird_counts,zinb+zinb,2,25.0,False,3,0,1734.038732896753,1754.937074588779,2056.3279643694113,-2.597556801926178,inf,1.0036840527533384e+207,-inf,-4.5103249777851437e+204,1.0,0.6666666666666666,0.223488109638104
bird_counts,poisson+nb2+nb2,3,50.0,True,3,0,1760.2273914960217,1616.3756317447987,2124.070021511601,-2.6014638937223573,1663.0781302886642,192.10961029760463,0.21978499429729403,0.19267449162302486,1.0,1.0,0.08911071688953762
bird_counts,poisson+nb2+zinb,3,25.0,True,3,0,1774.3598039873832,1787.3491721255923,1830.8595331370743,-2.602494329778042,1651.5443830275901,193.4967930443436,0.22428076408952302,0.18486042543457679,1.0,1.0,0.17792677585308617
bird_counts,zip+zinb+zinb,3,5.0,True,3,0,1781.1992405492663,1696.0963854361326,2158.475051611851,-2.596352241942798,1.6582921611255192e+127,1.1004025825316982e+126,-8.689070483682961e+123,-4.9449557756714974e+123,1.0,0.0,0.2929380085067939
bird_counts,nb2+zip+zinb,3,25.0,True,3,0,1792.7490072079938,1627.3295925245839,2185.5759179119486,-2.5970790099266647,1705.7800476260206,196.0638391918809,0.199254819343067,0.17773571497856022,1.0,1.0,0.11283229444732173
bird_counts,poisson+nb2+zinb,3,0.0,True,3,0,1800.692353488339,1748.3079877259297,2220.6166896690265,-2.623418549176232,inf,9.956723155297908e+230,-inf,-4.474322073993939e+228,1.0,0.0,0.30568413784829207
bird_counts,poisson+nb2+zinb,3,5.0,True,3,0,1801.3743668363725,1802.6742250425596,1945.1173812338966,-2.5889938262016963,1713.1904802985873,199.1200152096751,0.19479179026078072,0.16206695678191188,1.0,1.0,0.132289143308954
bird_counts,poisson+zinb+zinb,3,5.0,True,3,0,1826.2176524567403,1753.2015112513254,2151.713330704937,-2.5941918734917624,1.9000569971113762e+127,1.2605113052359062e+126,-9.955862759256021e+123,-5.66444750137249e+123,1.0,0.0,0.3030172161780949
bird_counts,zip+zinb+zinb,3,2.0,True,3,0,1840.758779910393,1680.4447463520046,2304.7780610521368,-2.601254620136564,1.5116190912243241e+62,9.282897261739622e+60,-6.540766109860035e+58,-3.4918383522999556e+58,1.0,0.0,0.2987026657550143
bird_counts,nb2+nb2,2,25.0,False,3,0,1859.6006178125124,2358.2993867688783,2376.9857968400975,-2.610879622781248,1672.620277240654,195.725098576865,0.21658909064321216,0.17995691509490228,1.0,1.0,0.22102205861335794
bird_counts,poisson+zinb+zinb,3,2.0,True,3,0,1865.6823504506804,1691.691409323801,2286.367430780032,-2.6002554292300615,1.4000808320182468e+62,8.665985894998703e+60,-6.058140777854598e+58,-3.259782054614287e+58,1.0,0.0,0.30396555472551123
bird_counts,nb2+nb2+zip,3,0.0,True,3,0,1897.8612719805485,2084.0139786170766,2456.71446255903,-2.632552393745134,inf,1.8638012224061048e+301,-inf,-8.36659853589735e+298,1.0,0.0,0.16935611291300798
bird_counts,zip+zinb+zinb,3,0.0,True,3,0,1898.0074241769519,1742.4294309922043,2418.6715525550317,-2.6295913744677453,4.701601179379187e+69,2.8794249363122953e+68,-2.034379813981706e+66,-1.083119433694983e+66,1.0,0.0,0.29994466942333836
bird_counts,poisson+nb2+zinb,3,2.0,True,3,0,1906.0364486325052,1798.0932533683372,2246.7758221515032,-2.599574010297259,inf,9.812683978803784e+300,-inf,-4.400954640508521e+298,1.0,0.0,0.15175014210879692
bird_counts,nb2+nb2+zip,3,2.0,True,3,0,1908.3188445687654,1917.945840182183,2063.8381305604053,-2.598085502313182,inf,9.541818603214739e+300,-inf,-3.5892337499758675e+298,1.0,0.0,0.17035263788625152
bird_counts,poisson+zinb+zinb,3,50.0,True,3,0,1921.4212628684156,1903.2576837234446,2224.063372576238,-2.605198960168059,1610.5277753561488,185.95822622366964,0.24269309826981797,0.21774487247794194,1.0,1.0,0.21249731529928576
bird_counts,nb2+nb2+zip,3,25.0,True,3,0,1930.4323251894239,1798.7427700818735,2299.811134361007,-2.5987120849228114,1669.4004362592634,193.37581752092547,0.2158551156876993,0.18664961456659926,1.0,1.0,0.19820160312445062
bird_counts,zip+zinb+zinb,3,50.0,True,3,0,1932.3959381343327,1874.1049497396962,2300.2421924557493,-2.614422531050713,1586.6590364611513,184.82761890086542,0.25375967600225185,0.22170446443827999,1.0,1.0,0.21935417713275848
bird_counts,poisson+zinb+zinb,3,0.0,True,3,0,1935.8900831030332,1797.6349292439118,2394.4533740717307,-2.6283403348443843,4.61084618728386e+69,2.8404021564168266e+68,-1.9951101871263754e+66,-1.0684406932532493e+66,1.0,0.0,0.3043730029659648
bird_counts,nb2+zip+zinb,3,10.0,True,3,0,1949.3840934445423,1853.0867316608492,2222.6945158598246,-2.5994426270628774,3.4705289330905304e+84,2.0858829090751441e+83,-1.6078314298645714e+81,-9.355112309823659e+80,1.0,0.6666666666666666,0.19811975702532642
bird_counts,poisson+nb2+nb2,3,2.0,True,3,0,1952.1276163490063,1823.0669594863502,2273.981252504993,-2.6025488805019683,inf,1.8674714011417087e+301,-inf,-8.383414383321702e+298,1.0,0.0,0.15667023131684363
bird_counts,poisson+nb2+nb2,3,10.0,True,3,0,2000.1513261950483,1762.1908144083645,2546.6689720176946,-2.5926534020471874,inf,2.3356647807471755e+178,-inf,-8.785795673021225e+175,1.0,0.6666666666666666,0.1416985743361789
bird_counts,poisson+nb2+zinb,3,10.0,True,3,0,2005.1602193899598,1735.6831417155336,2606.1065595121763,-2.593381313213973,1684.6755370388346,197.32220439479772,0.2091224097996739,0.16940240490758,1.0,1.0,0.11953407976568566
bird_counts,nb2+zip+zinb,3,50.0,True,3,0,2075.5993532295056,1957.078901782712,2539.753767507711,-2.609211019490593,1699.7209936340644,190.33998535313938,0.20066032994769997,0.1992505410482841,1.0,1.0,0.18909191604173406
bird_counts,zinb+zinb,2,50.0,False,3,0,2207.3093539061883,2380.027699191458,2609.103506605097,-2.6210284396531636,1651.8999463769076,186.8422702401477,0.22339237891639607,0.21392995423283925,1.0,1.0,0.19258896618076957
bird_counts,nb2+zip+zinb,3,100.0,True,3,0,2312.252738394971,2380.9269170873667,2646.8108424168313,-2.6333649893231286,1640.8190074299157,191.35332785453068,0.22965415800068942,0.19428773664176036,1.0,1.0,0.09630272488135792
bird_counts,zip+zip+zinb,3,25.0,True,3,0,2332.0602262831912,2334.1883516827293,2507.63959454211,-2.628896782855069,1602.405352480523,186.1212991118754,0.24652463230819513,0.21697035994643624,1.0,1.0,0.13036566873584957
bird_counts,nb2+zinb,2,50.0,True,3,0,2344.54479443189,2227.1058971715684,2741.290865714538,-2.6244120201229273,1691.698204215251,192.9342997697777,0.20622742229720595,0.1888659808195927,1.0,1.0,0.10519801353829336
bird_counts,poisson+poisson+zinb,3,25.0,True,3,0,2372.8827017629105,2438.056024861595,2445.6683822564955,-2.629563978253882,1613.572502402542,187.69460900360278,0.24146323566740524,0.2104283388321806,1.0,1.0,0.17351472820213754
bird_counts,nb2+nb2,2,50.0,False,3,0,2395.7480753364,2354.068601152525,2544.642720129821,-2.6238056933641416,1729.6752979781293,196.9433933131038,0.1880611916558568,0.17178784678209313,1.0,1.0,0.08894948249819282
bird_counts,nb2+zip+zip,3,5.0,True,3,0,2413.581005984037,2389.412458828687,2666.209027607707,-2.6244664311631194,1617.850110854054,190.06626380664022,0.2392675457413637,0.2002601941749844,1.0,1.0,0.16863923978088674
bird_counts,poisson+poisson+nb2,3,25.0,True,3,0,2419.783733135972,2456.387195725707,2541.8308663672506,-2.6287546289084798,1612.0850936662866,186.4255408436076,0.24200696308537217,0.2156248636483645,1.0,1.0,0.12609402948439608
bird_counts,poisson+nb2+zip,3,50.0,True,3,0,2423.959545120357,2309.0612183100384,2837.6323004395526,-2.6356723770873796,1598.6107837982145,186.33287421373583,0.2487887267054565,0.21597111696850224,1.0,1.0,0.1567782979758616
bird_counts,poisson+zip+zinb,3,10.0,True,3,0,2435.5253168040217,2413.293023473081,2707.4580636071987,-2.6282292898108195,1623.100709791339,188.9449448454011,0.23644595358482057,0.2050276618393797,1.0,1.0,0.12353641335007864
bird_counts,poisson+zip+zinb,3,50.0,True,3,0,2444.3834338256056,2417.6577313619564,2716.1799100012504,-2.6334331917934355,1605.4585017596912,185.56628615880126,0.24552674129675287,0.21951288129825272,1.0,1.0,0.1463096726669031
bird_counts,poisson+poisson+nb2,3,50.0,True,3,0,2445.006695207788,2441.284393668051,2460.5234420491033,-2.6295566298388455,1598.1178424074308,184.21559529796852,0.24884981280691962,0.22496645853577368,1.0,1.0,0.11075543621355553
bird_counts,zip+zip+zinb,3,2.0,True,3,0,2455.6707543984544,2397.771942969157,2662.8673023687516,-2.6418020605513046,1619.8198468814826,190.72512121489032,0.23807421252484717,0.19751730113724464,1.0,1.0,0.1269252959791702
bird_counts,poisson+zip+zinb,3,0.0,True,3,0,2457.9406289395192,2375.0349658422056,2684.651403522388,-2.655000655123384,1639.3106223599416,192.19283105232012,0.2286716867001606,0.1910989796512054,1.0,1.0,0.12355844683850882
bird_counts,poisson+poisson+zinb,3,2.0,True,3,0,2459.226450151104,2365.580843340882,2703.821069294456,-2.6404727632446843,1635.75510152926,191.62697807791332,0.23044707764546635,0.19350032974712694,1.0,1.0,0.12499958589753311
bird_counts,poisson+nb2+zip,3,0.0,True,3,0,2465.624380828878,2526.267474174092,2652.0239034000697,-2.6577918378421685,1633.4205496015918,191.7116959185312,0.23136057664453127,0.19277179670027542,1.0,1.0,0.17713864123604056
bird_counts,poisson+poisson+zinb,3,5.0,True,3,0,2471.1613446036718,2379.0846980509814,2713.1976387275645,-2.631433751619267,1632.4168946460588,191.02431309094325,0.23200899330547753,0.1960072456929742,1.0,1.0,0.12621692016019384
bird_counts,poisson+nb2+zip,3,5.0,True,3,0,2473.140747938635,2426.028391372587,2584.8419120379403,-2.6300489674720837,1627.9056572622437,191.20882603050907,0.234222397708536,0.19516672328853502,1.0,1.0,0.1186797248240226
bird_counts,poisson+nb2,2,50.0,True,3,0,2474.7784631365307,2414.6349844484357,2744.3565173321185,-2.64240066889681,1610.3302556734018,184.52336091779011,0.24256024107416388,0.22339945873733566,1.0,1.0,0.2839159635888033
bird_counts,nb2+zip+zip,3,10.0,True,3,0,2483.284581601707,2488.59304111806,2642.912730104421,-2.627823835098999,1615.9608919234986,188.04264508172457,0.23981711641181944,0.20901883402777244,1.0,1.0,0.12235438699866838
bird_counts,poisson+nb2+zinb,3,100.0,True,3,0,2484.2629620030953,2256.5068623705156,3123.3330397568498,-2.6336413310752254,1688.5287622624317,193.04333435390063,0.20615738038734654,0.1881526721242509,1.0,1.0,0.07617388408347377
bird_counts,poisson+poisson+nb2,3,5.0,True,3,0,2491.964820723748,2486.399315536859,2698.030326610926,-2.6310829434991634,1631.205095336584,190.97446171422982,0.23263191911510694,0.19620639676085025,1.0,1.0,0.12090911166826064
bird_counts,poisson+zip+zinb,3,25.0,True,3,0,2497.266936501282,2539.175119566149,2719.8105508995504,-2.6327112008619022,1608.7487144676998,187.04958228294967,0.24351451600297855,0.2129929554535531,1.0,1.0,0.18201381474716807
bird_counts,nb2+zip,2,25.0,True,3,0,2505.5062714164283,2554.853588275786,2671.684473915593,-2.6441506857523356,1614.1304831734178,185.01138022496727,0.24122458061763538,0.22196112928398226,1.0,1.0,0.21301015501792198
bird_counts,zip+zinb,2,50.0,True,3,0,2509.865042397983,2533.969391965409,2651.479623625455,-2.6509674481340935,1588.0244777566338,184.490435730676,0.25340486571635285,0.22364532368328535,1.0,1.0,0.3866240550407339
bird_counts,poisson+zinb,2,5.0,True,3,0,2521.279484039556,2465.6188623346825,2694.952004201361,-2.650207596142601,1626.0482846073721,189.97188088582138,0.23491631419085235,0.20007772142280078,1.0,1.0,0.4092615876606504
bird_counts,poisson+nb2+nb2,3,100.0,True,3,0,2524.631169180284,2310.244834641744,3112.495779374556,-2.636173808247199,1653.0196943089802,191.63137913790817,0.2240020959728313,0.19405673272526616,1.0,1.0,0.09658364505365181
bird_counts,poisson+nb2,2,5.0,True,3,0,2525.5603475585644,2478.550185188462,2705.6264328009493,-2.650551630408594,1624.14328846036,189.92756537647597,0.23590582820544023,0.20030884863724496,1.0,1.0,0.4088971187143664
bird_counts,nb2+zip+zip,3,25.0,True,3,0,2525.7870128153663,2617.4888567122543,2636.556494220815,-2.6258240328064577,1606.8843612127932,184.36581561357397,0.24458431305304415,0.22460919248543806,1.0,1.0,0.16865608033563834
bird_counts,poisson+poisson+nb2,3,2.0,True,3,0,2526.327921937387,2585.9935506630864,2687.4137142169493,-2.6340190453779435,1631.5004557563452,190.9996341397566,0.23253943986048342,0.19602558174614992,1.0,1.0,0.15923970599301132
bird_counts,poisson+zinb,2,10.0,True,3,0,2535.129468416822,2479.791204374924,2708.662593505469,-2.6494755658802527,1622.6039400475192,189.226452960118,0.23656759770782362,0.20329790246685045,1.0,1.0,0.41080506127609495
bird_counts,poisson+poisson+zinb,3,10.0,True,3,0,2543.2006146588005,2410.5416984753683,2959.5418334616043,-2.631666216102055,1608.7506572076181,188.83109530515586,0.2440422162007172,0.20555211955441177,1.0,1.0,0.16866874428409903
bird_counts,poisson+zinb,2,2.0,True,3,0,2544.857913698043,2520.208465332609,2686.2413588684067,-2.644558578953278,1636.1921449206282,191.69966633540972,0.2302380777511979,0.19308441251477756,1.0,1.0,0.22378861840040837
bird_counts,nb2+zip,2,10.0,True,3,0,2546.1879072368247,2588.024924997524,2744.520770768402,-2.644693903408437,1624.3341267016992,189.69716967962748,0.23607572368756702,0.20157171454035497,1.0,1.0,0.2817805833168762
bird_counts,nb2+zip,2,50.0,True,3,0,2553.3944839989467,2523.075596305891,2775.1444480234495,-2.645769257262159,1602.8550382828535,183.64373472645408,0.24694565029644822,0.22740225113164095,1.0,1.0,0.22105317695262655
bird_counts,poisson+poisson+zinb,3,0.0,True,3,0,2557.332702275111,2362.6948953506217,2972.021578525084,-2.6625342167679893,1634.2615572139264,191.82150090630037,0.23137325732597203,0.19278180821405586,1.0,1.0,0.14974616253799655
bird_counts,zip+zinb,2,2.0,True,3,0,2566.1543271809132,2540.3423553875255,2728.806410467507,-2.645208579374757,1629.723048663295,191.02173382701463,0.2335800940942754,0.19611830149357623,1.0,1.0,0.22495193793305215
bird_counts,poisson+zinb,2,0.0,True,3,0,2568.345051018359,2508.1680423611106,2808.9275837180758,-2.6737660739841598,1633.9306340917562,191.180562697966,0.23148646243182738,0.19552378508579057,1.0,1.0,0.40837101235541695
bird_counts,zip+zinb,2,5.0,True,3,0,2569.2444609576996,2546.2740283646053,2738.0217682999355,-2.6480898747054233,1616.371988440037,189.67214678370692,0.23979362433643303,0.20198523013622838,1.0,1.0,0.40463953422773863
bird_counts,poisson+nb2,2,10.0,True,3,0,2570.2148478381787,2569.193038625257,2676.750567072071,-2.647607938636043,1622.494853828505,190.16228077896514,0.23688495265717754,0.19954790251515966,1.0,1.0,0.39022435873400935
bird_counts,poisson+poisson+zinb,3,50.0,True,3,0,2572.7801187965865,2557.0594545217173,2777.312241350606,-2.6392591695305243,1603.179337573485,184.57186506475918,0.24642240674993132,0.2233661212547132,1.0,1.0,0.11803034650361703
bird_counts,poisson+zip+zinb,3,2.0,True,3,0,2573.4751641416733,2531.3412869679596,2890.4843112670205,-2.645938644074408,1625.3643812299845,191.14384178855573,0.23595029527285186,0.19575692658901664,1.0,1.0,0.16198530821402626
bird_counts,zip+zinb,2,0.0,True,3,0,2576.789707447681,2529.6979732734326,2723.885819720541,-2.671910259150747,1621.566976014409,190.71246798891005,0.2373048737523713,0.19761975866171344,1.0,1.0,0.403057291179042
bird_counts,poisson+nb2+zip,3,10.0,True,3,0,2577.2683841522376,2575.0048790875444,2691.864793189452,-2.636667263156521,1622.1359350390824,189.14992043214457,0.23666979367117516,0.20361620442156148,1.0,1.0,0.0839262336503088
bird_counts,poisson+nb2,2,0.0,True,3,0,2580.3695038178994,2676.4744631145877,2689.8772955169625,-2.6759669117518743,1631.6333324300278,190.98230294616675,0.23235618598511698,0.19617937261210305,1.0,1.0,0.40930823112354037
bird_counts,poisson+zip+zinb,3,5.0,True,3,0,2587.4051505724588,2531.309263476447,2972.9126008488893,-2.642778869626408,1615.3366194045332,188.6683067184293,0.2403413481799518,0.2059922785085553,1.0,1.0,0.1545284116585975
bird_counts,poisson+nb2+zip,3,2.0,True,3,0,2592.612699146795,2519.388454698623,2930.649527074289,-2.643375726183981,1621.1791853505094,190.1835304760273,0.2375602460782769,0.1993905666758755,1.0,1.0,0.15673753831978002
bird_counts,zip+zinb,2,25.0,True,3,0,2596.173040061983,2564.9881820214723,2760.056190277668,-2.651920816953415,1597.3242828684724,185.88571233461144,0.24868975819927067,0.21742425242841165,1.0,1.0,0.41689378439101327
bird_counts,poisson+nb2,2,2.0,True,3,0,2597.958740727971,2657.6143701543842,2697.5909386037674,-2.6500158455821174,1643.3157611948116,191.14760351451628,0.22748233698910894,0.19578909727642566,1.0,1.0,0.3999435783575014
bird_counts,poisson+poisson+nb2,3,10.0,True,3,0,2601.977072766839,2575.3932626862297,2977.706693875887,-2.6345664214271163,1609.9804470765387,188.85013249693762,0.2435023567026177,0.20549133569608224,1.0,1.0,0.17089063549418906
bird_counts,nb2+zip+zip,3,0.0,True,3,0,2604.0438227099608,2669.0838392211735,2693.8987421239435,-2.6576510590167515,1623.528938779332,190.19507352041322,0.23636097607578532,0.19904778619975186,1.0,1.0,0.1455016284452551
bird_counts,nb2+zip,2,5.0,True,3,0,2604.4521736390284,2626.345215254485,2655.7559532057785,-2.6504141027536954,1639.1233443503995,192.0192293667477,0.22882338554277773,0.19156742607903499,1.0,1.0,0.16189713392416458
bird_counts,poisson+zinb,2,25.0,True,3,0,2606.027403267273,2537.23609173391,2824.067361781912,-2.6483103428347645,1608.392279314452,187.92468141868872,0.24341889953019924,0.20869648728291537,1.0,1.0,0.3997670054625296
bird_counts,zip+zinb,2,10.0,True,3,0,2606.284415884135,2552.144992920017,2829.9118059580287,-2.650946975044832,1608.3445536954441,188.58044551929768,0.24378878104229962,0.2065923449607415,1.0,1.0,0.41327904471109056
bird_counts,poisson+nb2,2,25.0,True,3,0,2622.0743608161843,2550.844285768384,2858.3287697604537,-2.653830928390831,1608.090116746007,187.67942466029186,0.2435615605359989,0.2098053357849444,1.0,1.0,0.4107097095029011
bird_counts,nb2+nb2+zip,3,100.0,True,3,0,2623.021891946589,2604.646879103864,3009.7681697375374,-2.6421005688463564,1696.8358401145435,184.47469794922975,0.2041778613502779,0.22239332384372304,1.0,1.0,0.2663719684392723
bird_counts,poisson+nb2+zip,3,25.0,True,3,0,2623.2125228601435,2382.6434165164683,3147.07393532453,-2.6395570398144486,1606.0211680113,188.44222284896202,0.24551720941099864,0.20699697842354,1.0,1.0,0.19666644766929642
bird_counts,nb2+zip,2,2.0,True,3,0,2629.788356077496,2645.4274787212053,2720.8134855850076,-2.6538602578335824,1642.2575211846827,191.96256366412956,0.22718358290906304,0.19157651859181932,1.0,1.0,0.41626807826361273
bird_counts,nb2+zip,2,0.0,True,3,0,2634.111838417239,2617.111914481997,2769.2125899004022,-2.6789074412991987,1633.7056420314264,191.01950596943735,0.23196828824713364,0.19644342241480472,1.0,1.0,0.40916573348394314
bird_counts,poisson+poisson+nb2,3,0.0,True,3,0,2635.9732298413487,2583.635803664147,2996.7948410867684,-2.66367602119834,1628.6034614100492,191.45010657783914,0.2342124371186788,0.19409893713023238,1.0,1.0,0.15762771531700412
bird_counts,zip+zip+zinb,3,5.0,True,3,0,2640.275750839804,2576.3231638708094,2982.797203917362,-2.6445376038218598,1604.8462369008232,188.43953159733994,0.24512674591603634,0.20671258802784523,1.0,1.0,0.15445502997010926
bird_counts,zip+zip+zinb,3,10.0,True,3,0,2644.0920154169894,2592.879797823938,2949.234143852729,-2.642413449520386,1599.1704597739401,186.75309632258555,0.24781994869776536,0.2140126896359271,1.0,1.0,0.15441359545135638
bird_counts,poisson+zinb,2,50.0,True,3,0,2655.587407353288,2635.224000927221,2806.9232594028945,-2.64275148500151,1603.705373792206,183.97552328460674,0.24617868692471498,0.2259371910742185,1.0,1.0,0.25192687820376114
bird_counts,zip+zip+zinb,3,0.0,True,3,0,2677.0591902806386,2566.36357045966,3077.1980527589403,-2.6646636738370315,1606.4517666973068,189.5055356299788,0.24447867773526646,0.20207471561137538,1.0,1.0,0.1496652684356111
bird_counts,zinb+zinb+zinb,3,100.0,False,3,0,2692.633123958003,2632.271964471045,2947.004259588197,-2.633213696274012,1854.98030118873,195.16976081962437,0.13373589442285083,0.17879925540568456,1.0,1.0,0.05237648879675144
bird_counts,nb2+zip+zip,3,50.0,True,3,0,2712.235232990332,2629.307177452589,2909.4543741311063,-2.6375626703851895,1616.8124783529122,183.23286110221912,0.23918117032819808,0.22942492458390104,1.0,1.0,0.16077324605694474
bird_counts,nb2+zip+zip,3,2.0,True,3,0,2736.006598071588,2686.608537884691,2912.9406659019514,-2.637629114629452,1619.0481533385555,190.7991341409011,0.23834377655465053,0.19669734187597465,1.0,1.0,0.1310203451573009
bird_counts,zip+zip+zinb,3,50.0,True,3,0,2744.6853547630453,2513.6234659000984,3448.9626636127796,-2.645283097151234,1618.0222822442945,183.8581916803033,0.2384876347558291,0.22644182450530106,1.0,1.0,0.1273672982708815
bird_counts,poisson+zinb+zinb,3,100.0,True,3,0,2749.0731110275324,2470.264984085181,3366.067759984704,-2.651605748605459,1697.1786454159367,192.78373238023752,0.20003964738176938,0.1888022983300052,1.0,1.0,0.07337160903550174
bird_counts,zinb+zinb,2,100.0,False,3,0,2775.4121566646886,2743.538193248889,2965.0378220380953,-2.6373375470737295,1713.302589193594,188.44129860869748,0.195919490347409,0.20770658810495,1.0,1.0,0.08306825209802814
bird_counts,nb2+zinb+zinb,3,100.0,True,3,0,2780.9808949649064,2699.1035829729008,3210.1386202731155,-2.6403008772095418,1769.4064996564819,191.32777815148248,0.17288098789177472,0.19611072495319803,1.0,1.0,0.0975841816540765
bird_counts,zip+zinb+zinb,3,100.0,True,3,0,2862.685142822969,2722.42167474296,3324.149615160226,-2.6557677514163385,1598.418720417845,187.1183019592122,0.24935578343954926,0.21341484620505466,1.0,1.0,0.10246985641968079
bird_counts,nb2+nb2,2,100.0,False,3,0,2867.411043509899,2875.2308971811362,2931.760618784094,-2.642273731064936,1707.6683779350371,190.01724688903764,0.19864322727671566,0.20149857347194275,1.0,1.0,0.15508039737207774
bird_counts,nb2+zinb,2,100.0,True,3,0,2977.3487344036694,3015.5356123103556,3362.075145453826,-2.645204003636284,1712.6580341135634,191.28222012625054,0.19575225833334753,0.19515298575659368,1.0,1.0,0.09587843147291077
bird_counts,poisson+nb2+zip,3,100.0,True,3,0,3014.2101639458465,2957.4157878560145,3357.935282737817,-2.668295106357752,1607.6749456110456,185.24494028824517,0.24418810120685597,0.22082110548632894,1.0,1.0,0.1620500604493763
bird_counts,poisson+zip+zinb,3,100.0,True,3,0,3059.2508310153353,2940.9410406686366,3345.9617700403396,-2.665133055515548,1607.561450577822,183.90080956883654,0.2445194882031215,0.22653953898629045,1.0,1.0,0.15428502682258144
bird_counts,poisson+poisson+nb2,3,100.0,True,3,0,3121.537006756565,3187.679529975292,3441.916278611061,-2.674493590857267,1604.095625618572,186.87017453220292,0.2464710048460804,0.21365410431121554,1.0,1.0,0.1662799471702279
bird_counts,zip+zip+zinb,3,100.0,True,3,0,3131.722960337984,3104.543977514717,3491.167317841624,-2.6753286271009773,1594.6884917754603,183.30911430257848,0.25074185057514786,0.22819351358680087,1.0,1.0,0.13297478255760745
bird_counts,zip+zinb,2,100.0,True,3,0,3137.4900026579367,3137.1818362341,3332.684248003454,-2.678688007345016,1599.2746918742503,182.97171680800193,0.2487325706910649,0.22994461116381945,1.0,1.0,0.3853365194337364
bird_counts,nb2+nb2+zinb,3,100.0,True,3,0,3160.292471802774,3170.4995651128556,3235.849648134332,-2.6521942028207834,1712.848318216146,193.29117114512744,0.19614174625860803,0.18640486468735784,1.0,1.0,0.042142676813288524
bird_counts,poisson+nb2,2,100.0,True,3,0,3162.298224709671,3103.6025929319876,3412.2529113247583,-2.683310268767269,1597.677501754566,184.56755370572284,0.24906955813269374,0.22293853340456482,1.0,1.0,0.4154670500546771
bird_counts,nb2+zip,2,100.0,True,3,0,3221.7301505500313,3314.2603994785823,3416.529497162439,-2.6742211227557715,1627.3478195273385,182.9134434784263,0.23576539551216347,0.2302936892532442,1.0,1.0,0.1986787323565094
bird_counts,poisson+poisson+zinb,3,100.0,True,3,0,3226.782305427041,3290.666086676458,3515.2750809020363,-2.673393560506815,1654.6230038141603,184.38701466505438,0.21939518362832014,0.22366379154598381,1.0,1.0,0.07168807345147966
bird_counts,nb2,1,0.0,False,3,0,3232.0728854006907,3301.57663219962,3304.840675910593,-2.700670115488109,1656.335979187095,195.1295125714805,0.22029996196247617,0.17838232132240803,1.0,1.0,1.0
bird_counts,poisson+zinb,2,100.0,True,3,0,3235.4199844468967,3171.7022870134824,3438.511332066875,-2.6777036226789073,1610.5318228875196,182.5826380226882,0.24322594781266535,0.23177293326198858,1.0,1.0,0.3079766818668407
bird_counts,nb2,1,2.0,False,3,0,3236.08828920035,3305.24725387973,3309.423336508633,-2.6802093093699972,1651.4614264686024,194.2624602672166,0.2226627620018344,0.1820501603345459,1.0,1.0,1.0
bird_counts,zinb,1,0.0,False,3,0,3241.462131344437,3310.967957624729,3314.2290785598016,-2.700665193942981,1656.676372018747,195.220497818516,0.2201218937095233,0.17796968722067175,1.0,1.0,1.0
bird_counts,nb2,1,5.0,False,3,0,3241.715730887692,3310.552464372333,3315.540272065875,-2.678638627441657,1643.2798605315609,192.80301836032754,0.22669498491684228,0.18831846553656906,1.0,1.0,1.0
bird_counts,zinb,1,2.0,False,3,0,3244.2803484783603,3314.577915778449,3315.0477849997187,-2.6819925439142267,1650.2028612371423,194.2063144064274,0.22328987804378062,0.18232199978650274,1.0,1.0,1.0
bird_counts,zinb,1,5.0,False,3,0,3251.2076143936115,3319.842193432698,3325.2311508233543,-2.6786543482242067,1642.0896768944006,192.79338243590314,0.2272446563109527,0.18834376902779992,1.0,1.0,1.0
bird_counts,nb2,1,10.0,False,3,0,3252.4828858068627,3321.323383691808,3327.0357425190814,-2.677531547025042,1633.4268311772692,190.84722683444144,0.2315391030387894,0.19671474189601157,1.0,1.0,1.0
bird_counts,zinb,1,10.0,False,3,0,3261.7779711296657,3329.862410947113,3336.7356778946123,-2.6775500694484613,1632.5109009828227,190.7471805667195,0.23197319430780158,0.19715024065942688,1.0,1.0,1.0
bird_counts,nb2+zip+zip,3,100.0,True,3,0,3273.073554874136,3208.951055205296,3555.8375755704983,-2.6729813962947966,1607.2251970121135,182.9976496923194,0.24490916725957876,0.23049656966067159,1.0,1.0,0.15559580316415725
bird_counts,nb2,1,25.0,False,3,0,3294.090881730362,3362.978663441223,3370.8071690277793,-2.676973514976064,1615.9823439430795,186.48689747241028,0.24029286740013953,0.21540819253587995,1.0,1.0,1.0
bird_counts,zinb,1,25.0,False,3,0,3302.8969065814745,3372.979404460537,3378.297193584105,-2.6769489242366356,1616.0829963089043,186.52777586437492,0.24025088706292727,0.2152345146536412,1.0,1.0,1.0
bird_counts,nb2+nb2+nb2,3,100.0,False,3,0,3318.5579281661026,3151.3717107335397,3663.6386426866666,-2.6586438996861026,1737.5468094614062,192.5483480717426,0.18327164157844655,0.19004552231550123,1.0,1.0,0.04661232867350972
bird_counts,nb2,1,50.0,False,3,0,3394.51279840029,3469.0296302487404,3473.146725468381,-2.6789198132556553,1620.0063587127913,182.7081673321035,0.23889817433199814,0.23162014684322355,1.0,1.0,1.0
bird_counts,zinb,1,50.0,False,3,0,3402.970156740043,3474.6701614370686,3483.477035149088,-2.6788963220788644,1620.177252419644,182.750945381459,0.23882597581612727,0.2314240833950795,1.0,1.0,1.0
bird_counts,nb2,1,100.0,False,3,0,3817.397402872028,3910.7458215626684,3952.3869912439477,-2.6932340938939476,1675.5753266484724,181.13478028662988,0.21306326002090492,0.23822304856687293,1.0,1.0,1.0
bird_counts,zinb,1,100.0,False,3,0,3857.2244075999865,3915.1693491930782,4036.1157308418624,-2.6944571918360496,1674.8077677113754,181.28663696298216,0.2134523030574168,0.23752059201732748,1.0,1.0,1.0
bird_counts,poisson+nb2+zinb,3,250.0,True,3,0,4081.998304041675,4191.265445486613,4480.62781775945,-2.7077225261417337,1701.8382868365434,189.69280289656976,0.19667689383536582,0.20124527961722827,1.0,1.0,0.09077748854508184
bird_counts,zip+zinb,2,250.0,True,3,0,4351.587146305265,4470.9072677231015,4649.5717409230565,-2.7293523488795213,1624.3440194237867,185.72731375391768,0.23784888082362513,0.2185072277545703,1.0,1.0,0.45663088630286314
bird_counts,poisson+nb2,2,250.0,True,3,0,4504.231600685128,4492.10197405456,4836.715369488491,-2.7364068813239295,1614.4152466579842,189.30105633064727,0.24163640008666668,0.20266178048884312,1.0,1.0,0.4892348771892376
bird_counts,poisson+zinb,2,250.0,True,3,0,4564.816675010069,4573.7833457336965,4580.724690539515,-2.740440650097168,1638.5500280780864,189.42756904244405,0.2299372215006322,0.20228178050194723,1.0,1.0,0.4329445513493819
bird_counts,nb2+nb2+zinb,3,250.0,True,3,0,4661.3130423309485,4706.742174357714,4772.279194072093,-2.7208174963316227,1853.151262399915,194.76763207122985,0.1292786883703656,0.17972349460986636,1.0,1.0,0.09312869825502477
bird_counts,nb2+zinb,2,250.0,True,3,0,4690.0457489161345,4662.953931306591,4811.7702980050235,-2.722557978682959,1844.2997770755292,195.78795400706167,0.1334388527393712,0.17547004511397335,1.0,1.0,0.487065090875718
bird_counts,zinb+zinb,2,250.0,False,3,0,4692.418823020402,4660.622163557855,4815.793119215086,-2.7222298519852295,1845.2970379074784,196.392166522047,0.13296964523678104,0.1729962642442321,1.0,1.0,0.4927411823646903
bird_counts,nb2+zip,2,250.0,True,3,0,4768.509008307068,4396.939873463969,5601.6321677407395,-2.737637457334223,1783.3709891782644,192.1298337184982,0.16003409822693368,0.19021065619153688,1.0,1.0,0.19506678563038107
bird_counts,nb2+zinb+zinb,3,250.0,True,3,0,4851.681631002163,4933.0946770458395,4960.617336156865,-2.7294611412369165,1854.4403625319994,196.48545166791678,0.12855540866471785,0.17225832996028967,1.0,1.0,0.10257256481711678
bird_counts,zinb+zinb+zinb,3,250.0,False,3,0,4851.68841765479,4930.836715613463,4959.697079613019,-2.7284481767134086,1857.2091172156722,195.87829508603826,0.12728832246657015,0.1751094757259244,1.0,1.0,0.10498376193908673
bird_counts,nb2+nb2,2,250.0,False,3,0,4856.899525866374,4837.0809572865255,4977.995149896058,-2.7307161439050893,1846.3486753637735,201.64969538459454,0.13246405096130284,0.15098434543265013,1.0,1.0,0.46772290063898175
bird_counts,poisson+poisson+zinb,3,250.0,True,3,0,4966.991913229324,4814.539737013052,5521.077565402025,-2.7473348876350663,1717.4421773719196,196.8662156174455,0.18766836951546484,0.17081172042734238,1.0,1.0,0.09842378047509402
bird_counts,nb2+zip+zinb,3,250.0,True,3,0,4969.3375447202025,5319.9148052057135,5428.555315824618,-2.744286062744568,1851.8077522171852,198.35376129003757,0.12716523848351866,0.1621343223301562,1.0,1.0,0.2000383114449601
bird_counts,poisson+nb2+nb2,3,250.0,True,3,0,5028.927471271342,5208.798725511675,5359.709043991912,-2.7550061434773756,1724.1513412485822,193.31476926350493,0.18586175036592067,0.1852940191313678,1.0,1.0,0.12825532251324887
bird_counts,poisson+poisson+nb2,3,250.0,True,3,0,5040.210771040419,5009.381478674826,5118.645510063725,-2.757656266905798,1625.1339185066254,193.3161030721467,0.2368186770957634,0.18463641625328617,1.0,1.0,0.08436922020839198
bird_counts,poisson+zinb+zinb,3,250.0,True,3,0,5085.157364390218,5386.267514048508,5442.035988095857,-2.755361920781869,1719.2508144620704,193.0063162704602,0.18809135740891436,0.1864501518857822,1.0,1.0,0.1176388239282358
bird_counts,poisson+zip+zinb,3,250.0,True,3,0,5216.817987831503,5191.109298034149,5359.276345011211,-2.7623369227445735,1654.1729099390814,195.55567281764434,0.22306896019844044,0.17686501775396282,1.0,1.0,0.1805638810366883
bird_counts,zinb,1,250.0,False,3,0,5255.433720619699,5320.629747883591,5338.706988531267,-2.7531072610767215,1859.9822707208575,199.2447508716308,0.12602811212601997,0.16116331528054348,1.0,1.0,1.0
bird_counts,nb2,1,250.0,False,3,0,5256.270736453589,5312.261644242739,5329.054380687259,-2.7534424752678692,1857.943800941972,199.1197937764093,0.1269375563065767,0.16165667752611687,1.0,1.0,1.0
bird_counts,zip+zinb+zinb,3,250.0,True,3,0,5257.100813579445,5374.503835417345,5385.2316042811435,-2.75691725682236,1809.7631353818572,197.12983540331547,0.14694335541937417,0.16824256076310018,1.0,1.0,0.09023901747620584
bird_counts,nb2+nb2+nb2,3,250.0,False,3,0,5303.908496190129,5296.254148372871,5458.830097379701,-2.749559090730214,1876.3281329212732,201.66722766506732,0.11824715983953456,0.1500907109201345,1.0,1.0,0.11089793645544306
bird_counts,zip+zip+zinb,3,250.0,True,3,0,5334.976574048691,5207.531989336319,5879.652450020978,-2.7620141113734697,1710.0196720977813,198.14515775316772,0.1974201211498181,0.16336966897082575,1.0,1.0,0.12302111791305659
bird_counts,nb2+zip+zip,3,250.0,True,3,0,5412.479266955551,5681.166522873857,5706.280516122904,-2.7515777649985282,1768.2988595371735,196.84910286404525,0.16579711187662183,0.16927270224062516,1.0,1.0,0.07149042806632809
bird_counts,poisson+nb2+zip,3,250.0,True,3,0,5436.475790155193,5339.640146491773,5740.317167885427,-2.7624159397662633,1668.3821364185021,196.4713444118837,0.2161985014700938,0.17304866627147142,1.0,1.0,0.21109362271704327
bird_counts,nb2+nb2+zip,3,250.0,True,3,0,5949.524238708444,5576.037977220476,7064.869025441774,-2.776839874682489,1875.872451063863,213.9640040509154,0.11857071612827759,0.09448090994320757,1.0,1.0,0.08362094423143629
bird_counts,poisson+zinb+zinb,3,500.0,True,3,0,7760.897790823107,7590.751963589559,8260.90606123631,-2.878246425459586,1825.9948011130443,276.7729326204067,0.13652281713115788,-0.17114081919047788,1.0,1.0,0.1914534392658605
bird_counts,poisson+nb2+nb2,3,500.0,True,3,0,7770.827400083978,7653.397137414344,8265.225423737807,-2.8716815554797104,1805.0703240623427,274.0863100956251,0.14732049679809567,-0.15908754263704203,1.0,1.0,0.21918641428066865
bird_counts,nb2+zip,2,500.0,True,3,0,7871.405782203248,7759.094951950858,8115.647821964405,-2.877153015053184,1957.0576300905902,258.8777799036236,0.0803453937132796,-0.09231506961484308,1.0,1.0,0.45393720648169866
bird_counts,zip+zinb,2,500.0,True,3,0,7932.245233840828,8244.791200887383,8291.699020013926,-2.8719588969139394,1942.054173976323,250.52342673975696,0.09017965484732715,-0.055872312824871484,1.0,1.0,0.2179116494035188
bird_counts,poisson+zinb,2,500.0,True,3,0,7979.778182168608,7968.727856270067,8054.047224147129,-2.8829085629001594,1990.285827954119,275.4800340678005,0.0648248044585038,-0.16407489198927547,1.0,1.0,0.09668348041052542
bird_counts,poisson+nb2+zinb,3,500.0,True,3,0,8096.241778179887,8191.540165823171,8595.939765746793,-2.883759390266352,1928.6210827761952,284.23695483031946,0.08902638381866135,-0.20544858363752824,1.0,1.0,0.1784086587655299
bird_counts,poisson+nb2,2,500.0,True,3,0,8110.746375946149,8137.187997370784,8201.03604774893,-2.8844973973356978,1998.6868394202281,272.8517052128687,0.05936810899767394,-0.15350981064882516,1.0,1.0,0.0844123480162712
bird_counts,zinb,1,500.0,False,3,0,8114.886659404922,8128.855295207715,8181.994186675336,-2.8780182919961006,2014.7702342001146,261.05820149718727,0.052581402759643216,-0.10272965494703896,1.0,1.0,1.0
bird_counts,nb2+zinb,2,500.0,True,3,0,8146.865730165533,8081.445484435171,8305.523834477033,-2.8800461723271202,2009.0276772587542,262.96894133352924,0.05464553600573222,-0.1116962475024826,1.0,1.0,0.4564408498758164
bird_counts,nb2,1,500.0,False,3,0,8154.673165983598,8173.581134891763,8178.785834006107,-2.8800586836553017,2016.4072839660728,262.8859339954207,0.05186926810401268,-0.1095892563304599,1.0,1.0,1.0
bird_counts,zinb+zinb,2,500.0,False,3,0,8187.229992617465,8143.301646432999,8303.572484291493,-2.880861669257163,1999.84001853874,261.3729062483781,0.05964273007925536,-0.10368595478470859,1.0,1.0,0.45369447610679725
bird_counts,zip+zip+zinb,3,500.0,True,3,0,8291.93326976618,8339.637180732112,8436.18012021012,-2.878183340885846,2022.5660225290248,266.210003909882,0.04898426330327599,-0.12536696451463789,1.0,1.0,0.02829442713864049
bird_counts,zip+zinb+zinb,3,500.0,True,3,0,8297.67271995851,8327.963490390743,8472.638428166378,-2.891764855073081,1997.0130074859037,295.26020899973514,0.060268515201058026,-0.2465419407546232,1.0,1.0,0.19408755167376537
bird_counts,poisson+poisson+zinb,3,500.0,True,3,0,8349.629879531325,8348.54113517706,8379.480207486267,-2.880613511733951,2013.4340220933846,260.94829627650466,0.05321372895868204,-0.10131166122869113,1.0,1.0,0.0013695353639341479
bird_counts,poisson+zip+zinb,3,500.0,True,3,0,8366.535020935169,8393.24000620567,8468.986504766726,-2.8818062506389217,1992.5032813630285,264.95296840173444,0.06406779258528512,-0.11938037157008674,1.0,1.0,0.01120643217258967
bird_counts,nb2+zip+zip,3,500.0,True,3,0,8367.241634152626,8352.869171222948,8477.929824337,-2.879297947687346,2010.4958954487327,258.96391949444086,0.0545457461315522,-0.09278648613660012,1.0,1.0,0.026592264173952808
bird_counts,poisson+poisson+nb2,3,500.0,True,3,0,8391.731665557445,8350.466414708586,8520.190360201173,-2.8814839225962796,2014.0406623425267,261.5070075736049,0.052930520136885074,-0.1036641613162345,1.0,1.0,0.0034668135008781094
bird_counts,nb2+nb2,2,500.0,False,3,0,8427.225207113137,8412.561161374819,8485.74613688144,-2.8918959835225126,2070.0953258047516,313.03740183074416,0.02703999068153699,-0.32142507410912086,1.0,1.0,0.4718329725775183
bird_counts,poisson+nb2+zip,3,500.0,True,3,0,8468.550272787548,8538.661521456714,8570.500618914462,-2.881505831022723,2006.4115160570025,261.04813842551505,0.05661084242586819,-0.10220216723191473,1.0,1.0,0.008855789665225959
bird_counts,nb2+nb2+zinb,3,500.0,True,3,0,8523.47752849175,8549.883887870528,8556.59640683471,-2.893313501080652,2048.979808968646,288.993898173902,0.03650244033090174,-0.22079845943290133,1.0,1.0,0.19803474787986466
bird_counts,nb2+zip+zinb,3,500.0,True,3,0,8563.417843203608,8533.92290298664,8700.241747733307,-2.8947855844277885,2045.6065791580174,302.6864446611684,0.03837047952925717,-0.2797950046363831,1.0,1.0,0.09469797989611656
bird_counts,zinb+zinb+zinb,3,500.0,False,3,0,8588.352806808014,8601.428075209798,8610.252868552605,-2.895249925514966,2049.360803469263,295.10667621035117,0.03623255403113953,-0.24727809568639403,1.0,1.0,0.21027449618259614
bird_counts,nb2+zinb+zinb,3,500.0,True,3,0,8624.54448009991,8630.371704328558,8639.920017590412,-2.8966970682118824,2053.429000977923,292.8926807666036,0.034446392704169194,-0.23748135929803485,1.0,1.0,0.20879517200635203
bird_counts,nb2+nb2+zip,3,500.0,True,3,0,8659.516505922671,8666.645889158448,8672.255718173037,-2.89468374100729,2063.552633834844,310.04043119529865,0.02923528871942201,-0.3111588178236478,1.0,1.0,0.12383618297256613
bird_counts,nb2+nb2+nb2,3,500.0,False,3,0,8671.026544341885,8681.463183583168,8723.857143532266,-2.899760234186323,2056.2053036937064,299.87367172102745,0.033004920159135,-0.26741347569875823,1.0,1.0,0.21654892734283815
bird_counts,poisson+nb2+zinb,3,1000.0,True,3,0,8863.160843229465,8862.342341300391,8883.477459899339,-2.906871333615969,2100.307273841178,334.42938961092887,0.012113426071542532,-0.41404536679770326,1.0,1.0,0.012808023640880994
bird_counts,poisson+nb2+nb2,3,1000.0,True,3,0,8876.921579135605,8878.353412360826,8889.32746602528,-2.9067130776660317,2096.396511812391,334.484211090368,0.013895298553373495,-0.41431810772276784,1.0,1.0,0.011095387228415262
bird_counts,poisson+zinb+zinb,3,1000.0,True,3,0,8889.140057338062,8875.595918416948,8921.14138146583,-2.906993324614362,2098.678233181767,334.86243944600386,0.012797431268717685,-0.41654111215542095,1.0,1.0,0.011482081008090743
bird_counts,zip+zinb+zinb,3,1000.0,True,3,0,8895.456911673968,8886.285209366615,8914.609921075418,-2.907810963023134,2096.4962971253076,334.3508745308123,0.01388821141281075,-0.41441905017847525,1.0,1.0,0.11470272463920272
bird_counts,nb2+zip+zinb,3,1000.0,True,3,0,8899.416801907277,8887.583201697475,8939.279994798184,-2.90788146397577,2094.802390669494,333.3930258574242,0.014840010522863323,-0.4097400043931351,1.0,1.0,0.10607563694998061
bird_counts,nb2+nb2+zip,3,1000.0,True,3,0,8940.29412869233,8941.569786736713,8968.959004125863,-2.90779545040167,2100.185731293699,336.4795726092482,0.012026489618858993,-0.4234800286733491,1.0,1.0,0.11568821178737149
bird_counts,nb2+nb2+nb2,3,1000.0,False,3,0,8985.894009163278,9022.027920754917,9026.435641415403,-2.914683736149069,2098.1628430242454,333.0653908052351,0.013194573949926477,-0.40807081120603045,1.0,1.0,0.23302138082391466
bird_counts,nb2+nb2+zinb,3,1000.0,True,3,0,9004.483441547694,9009.072446267004,9049.21152347111,-2.914307124126377,2101.2064166905484,336.91543160697734,0.01187006736373697,-0.42261050294027175,1.0,1.0,0.222904358915878
bird_counts,zinb+zinb+zinb,3,1000.0,False,3,0,9016.478313914457,9008.882907715233,9038.733726715116,-2.9149579132369827,2097.25708007655,334.09802480288903,0.013608002736576955,-0.4128466364674361,1.0,1.0,0.22869430151988024
bird_counts,nb2+zinb+zinb,3,1000.0,True,3,0,9029.047098500794,9012.539454538026,9068.37805095865,-2.91545522386453,2100.404890287193,334.72931024549086,0.012139313423653708,-0.41546308923455383,1.0,1.0,0.22692499961935617
bird_counts,zinb+zinb,2,1000.0,False,3,0,9066.679748114877,9071.016994215533,9078.340749553783,-2.919353411823766,2104.0541863706444,337.42056091449905,0.010795689422248067,-0.4254006700581092,1.0,1.0,0.22307774310396833
bird_counts,poisson+nb2,2,1000.0,True,3,0,9111.17650374952,9194.171524213161,9205.36120118451,-2.9225164226189175,2066.498823884613,320.7356908859421,0.028846410491813024,-0.3556382113033589,1.0,1.0,0.001596736564466968
bird_counts,nb2+zinb,2,1000.0,True,3,0,9113.819869861802,9108.451601642475,9265.016291487787,-2.9230071872451284,2103.434551506756,353.0313346450816,0.011070476022628636,-0.49617160150148987,1.0,1.0,0.16603952107771783
bird_counts,nb2,1,1000.0,False,3,0,9168.758632570398,9167.074599970205,9182.006146532847,-2.9275479184053275,2079.9485088654133,324.8427637521401,0.021818747913555574,-0.3731543656489575,1.0,1.0,1.0
bird_counts,zinb,1,1000.0,False,3,0,9178.761656999859,9172.076550277314,9203.690493326023,-2.927565110170151,2080.2018908920454,324.7205054581893,0.02168633612173872,-0.3730376358721634,1.0,1.0,1.0
bird_counts,nb2+nb2,2,1000.0,False,3,0,9181.961547242288,9255.643607841906,9257.305252308506,-2.92637512683438,2106.924030551128,355.8475774361288,0.008517533360946147,-0.5119801723045516,1.0,1.0,0.1858585360815568
bird_counts,poisson+zinb,2,1000.0,True,3,0,9219.594633647072,9216.230793159906,9244.639975016762,-2.927511179199454,2079.9064637458305,322.5670715583578,0.021817317801202885,-0.3638488439641354,1.0,1.0,0.0010493001027691632
bird_counts,poisson+poisson+nb2,3,1000.0,True,3,0,9224.749509699372,9218.775097399339,9246.271404216212,-2.9279903381299044,2080.161648119664,322.4033568480594,0.02168934691864477,-0.3631875661497998,1.0,1.0,0.00011013652320229632
bird_counts,poisson+poisson+zinb,3,1000.0,True,3,0,9228.762226124847,9229.459945486524,9235.07948202829,-2.927521492955503,2080.200961610202,322.8050242615644,0.021682116873817454,-0.3649207155504777,1.0,1.0,2.115762029780025e-05
bird_counts,nb2+zip,2,1000.0,True,3,0,9267.894164588093,9264.439879200727,9293.86622359787,-2.9293635367986326,2078.8168946730466,321.9443506194544,0.02233879600795659,-0.36119619037996803,1.0,1.0,0.05353533946235785
bird_counts,poisson+nb2+zip,3,1000.0,True,3,0,9289.541941105563,9287.311787958708,9315.977609131398,-2.9293272806265,2079.345413325093,322.53819118945063,0.022088457230378666,-0.3636161646503582,1.0,1.0,0.0011765240946722294
bird_counts,poisson+zip+zinb,3,1000.0,True,3,0,9292.757341146798,9279.415735176037,9321.749193457392,-2.9298428781102466,2079.549182480592,321.9591032747158,0.021988661623891088,-0.3611811281991495,1.0,1.0,0.00298717181053208
bird_counts,nb2+zip+zip,3,1000.0,True,3,0,9315.510162464276,9307.513217910397,9351.410055167842,-2.929909018227144,2078.806667447705,322.196381844059,0.022339811325128262,-0.3622929274323506,1.0,1.0,0.031969284957749554
bird_counts,zip+zinb,2,1000.0,True,3,0,9315.829909898346,9291.81352399767,9369.046138088743,-2.931763196887419,2078.054074119337,321.7967184494807,0.0227250579252376,-0.3604317887289678,1.0,1.0,0.11003284624116996
bird_counts,zip+zip+zinb,3,1000.0,True,3,0,9335.649826041636,9327.817022806339,9362.518787999274,-2.930633271066625,2078.671630801857,322.12075659615317,0.02241326669053212,-0.36170957691210576,1.0,1.0,0.018458145424890403
bird_counts,poisson+poisson+poisson,3,1000.0,False,3,0,349489.4744442646,369356.7592772045,372022.6369589715,-22.298090762964794,4527.328977479423,632.6366382080847,-1.1151641239038013,-1.7684057969967943,1.0,1.0,0.10278124692878118
bird_counts,poisson+zip+zip,3,500.0,True,3,0,353120.1098360743,342430.93783332815,389990.80046862137,-23.615996536427946,2441.2556510532404,349.79100095156355,-0.14035021657580707,-0.5122571289165566,1.0,1.0,0.13333727796677047
bird_counts,poisson+zip+zip,3,1000.0,True,3,0,357484.3832529962,367165.273675037,400238.5376894105,-22.070126367494066,1834.2181228621687,229.50300340855208,0.13783339189759047,0.0294966697050086,1.0,1.0,0.090154576296707
bird_counts,poisson+poisson+zip,3,1000.0,True,3,0,357499.2732264556,369211.8479148631,403031.1808394786,-23.19049478392409,1870.8000813709587,268.14290767445385,0.11984815663615996,-0.14412270930183022,1.0,1.0,0.10314829228667441
bird_counts,poisson+poisson+zip,3,500.0,True,3,0,364143.8588302368,363999.91949504474,393143.24599528714,-23.055957150718115,2467.391942458666,368.8197693146829,-0.16704889147122334,-0.5950390685101629,1.0,1.0,0.1289628880558566
bird_counts,poisson+poisson+poisson,3,500.0,False,3,0,366150.15944732586,363995.74164131656,404008.3571177778,-23.305688832126847,2784.0312334893515,395.63596206068377,-0.30871577323910615,-0.7105965649207863,1.0,1.0,0.10500177888110342
bird_counts,zip+zip+zip,3,1000.0,False,3,0,369734.90119323944,387097.2165074361,421413.9303613169,-23.76905668935569,4009.9041627039046,488.30215341373014,-0.9593406461820101,-1.102246683029024,1.0,1.0,0.11858580612185288
bird_counts,poisson+zip+zip,3,25.0,True,3,0,371780.33287516894,389487.36447176774,389815.51568463916,-24.16153232596442,3814.208750111097,520.901276478848,-0.8108571318139352,-1.2792283285662012,1.0,1.0,0.16410765492395016
bird_counts,poisson+poisson+zip,3,2.0,True,3,0,372176.3406556109,388579.0054621693,393214.99371289066,-23.48003487052124,2057.0141067849163,259.1580979804342,0.029206551620264753,-0.0999971430514371,1.0,1.0,0.11969444649594854
bird_counts,poisson+poisson+zip,3,0.0,True,3,0,372404.3630070021,388359.17606162827,392916.07902504294,-24.325321100826272,3896.660439808968,524.0638809473381,-0.8465943146006366,-1.2882090725723505,1.0,1.0,0.11900485992122005
bird_counts,poisson+zip+zip,3,2.0,True,3,0,373647.22272724315,389024.45984158805,390301.449487094,-24.396195939880084,3101.622803628515,434.85075869271105,-0.4453813607956329,-0.8924312808196154,1.0,1.0,0.09077644110343928
bird_counts,poisson+poisson+zip,3,100.0,True,3,0,374496.3501540864,389253.62276572984,393218.91216962197,-22.106744632898764,2440.403860309116,289.72301926392424,-0.17136326754630715,-0.23717101104868119,1.0,1.0,0.11793549204444242
bird_counts,poisson+zip+zip,3,50.0,True,3,0,374510.7346506918,388557.44681005855,389938.6491720832,-24.08858953530569,3219.1887827694864,454.58548052640845,-0.5001311642744587,-0.9808975431432594,1.0,1.0,0.12379978792602896
bird_counts,zip+zip+zip,3,500.0,False,3,0,375018.7250594624,370386.76973179076,422661.2336628646,-24.337865442670537,4270.758451715335,538.9386072920447,-1.09250185850758,-1.3313835725318193,1.0,1.0,0.13537906175234268
bird_counts,poisson+zip+zip,3,250.0,True,3,0,375305.91881854675,386829.8893169448,392256.8396494799,-23.924385080120572,3278.833000095899,465.91874725019665,-0.5283029351835116,-1.0329215845759256,1.0,1.0,0.12454198862645652
bird_counts,poisson+zip+zip,3,5.0,True,3,0,375796.7522725814,390254.81920207886,393695.63112008816,-24.25338291572609,3177.4354477572756,449.328283394706,-0.4806564988670017,-0.9573422581806913,1.0,1.0,0.13213169304882225
bird_counts,poisson+poisson+zip,3,10.0,True,3,0,375807.29110911366,388071.47754558723,393653.55739370716,-22.506530050904104,2443.4967369220108,291.6749950226233,-0.17290594296847872,-0.24606962287816103,1.0,1.0,0.11887143369278305
bird_counts,poisson+zip+zip,3,10.0,True,3,0,375874.7069497357,389904.5427435237,394395.61814502033,-24.483534393523176,3003.6552422993277,422.2871556456823,-0.40054805736207494,-0.8368101787331602,1.0,1.0,0.10898070481533947
bird_counts,poisson+zip+zip,3,100.0,True,3,0,378032.29630450526,394244.5124870267,397969.4121984971,-24.200745784803605,3084.8278473082078,435.14067242609207,-0.43847890454671273,-0.8953301813333755,1.0,1.0,0.13513080244493367
bird_counts,poisson+poisson+zip,3,5.0,True,3,0,379885.7832981104,388236.25265978614,393427.4383168006,-23.66519598720563,3529.7249185332403,500.83914296402554,-0.6541858765048149,-1.1838785458923546,1.0,1.0,0.1682550714495914
bird_counts,zip+zip+zip,3,10.0,False,3,0,382577.3870059471,388387.83371589193,423162.60842438386,-24.808848977827143,3754.8546157739675,545.0008235910988,-0.7681720367998214,-1.357788611166977,1.0,1.0,0.14007170426398993
bird_counts,zip+zip+zip,3,100.0,False,3,0,384052.03953374614,387551.0383005596,423431.7415674313,-24.61772252716322,3594.1471879438213,532.2896354387103,-0.6829308043530631,-1.3006977809245794,1.0,1.0,0.1405559637900408
bird_counts,zip+zip+zip,3,0.0,False,3,0,385777.2997755815,393686.9553382986,423377.0744990857,-24.735460898538417,3465.3882970944337,516.0201127762139,-0.6211465649736571,-1.227485843482712,1.0,1.0,0.14121939684228046
bird_counts,zip+zip+zip,3,50.0,False,3,0,385817.10170692625,388375.27513122663,423235.35274165747,-24.99916846599035,3744.1770735169735,545.2830792218099,-0.7588534228133993,-1.3578904496613766,1.0,1.0,0.13671490314672907
bird_counts,poisson+poisson+zip,3,250.0,True,3,0,386023.810466988,384594.75259518996,391953.71436592116,-22.907909677044586,4501.330271345947,445.8266190467842,-1.2515946212921572,-0.9389674007039881,1.0,1.0,0.12044211529622395
bird_counts,poisson+poisson+poisson,3,250.0,False,3,0,395545.91035702825,399510.0058464211,400678.73704653815,-26.924610570524944,3535.229735745673,497.28816487748696,-0.6508331155445973,-1.1662145020188224,1.0,1.0,0.10794797589489143
bird_counts,poisson+poisson+zip,3,25.0,True,3,0,397499.45901184884,393693.45742577926,411657.3993560289,-26.438110189244004,3403.5534609550373,480.55532352849673,-0.5873156568852186,-1.0927534397811238,1.0,1.0,0.15862343207042473
bird_counts,poisson+poisson+zip,3,50.0,True,3,0,398466.55443953164,393960.94427176734,413684.3686410538,-26.839054103047136,3429.2423876601133,477.3892519972698,-0.5992567268828224,-1.0785302113140771,1.0,1.0,0.15486928948504958
bird_counts,poisson+poisson+poisson,3,5.0,False,3,0,401963.66264581966,400530.61147062347,416857.3362228015,-27.0495653796775,3416.3869182152407,471.74819800534914,-0.5924633678803476,-1.0509009666173819,1.0,1.0,0.09160600742439425
bird_counts,poisson+poisson+poisson,3,10.0,False,3,0,402740.64407405537,400277.6651024708,416566.1556246211,-25.01595714608089,2046.057521418209,251.47649856925364,0.042243545350514035,-0.0628981456753291,1.0,1.0,0.08034503757314733
bird_counts,poisson+poisson+poisson,3,0.0,False,3,0,403256.10590012925,400460.3079602723,416779.01034548366,-25.094262245635644,2043.7626859004467,250.552871767102,0.04341110565227949,-0.05882766459626865,1.0,1.0,0.08493255369624048
bird_counts,poisson+poisson+poisson,3,25.0,False,3,0,403423.87850846234,400111.8175259767,416866.6277195462,-27.153261266914438,3419.6859607106235,471.94275721525474,-0.5940922180331036,-1.0516659461678077,1.0,1.0,0.08969158505891796
bird_counts,poisson+poisson+poisson,3,50.0,False,3,0,403624.94132029515,400375.931914395,418534.5181609796,-27.196078430364636,3443.103403849573,475.1847913996341,-0.6049203016669046,-1.0663165322546717,1.0,1.0,0.09184040085969059
bird_counts,poisson+poisson+poisson,3,2.0,False,3,0,403691.51426295284,400618.228969016,418543.1042669121,-25.082941441667803,2044.181579761498,250.97693734106224,0.04317945962984441,-0.060704193104494486,1.0,1.0,0.08186965601151001
bird_counts,poisson+poisson+poisson,3,100.0,False,3,0,404132.55548553675,400907.4326154085,419138.7633074031,-25.077058965420125,2050.586070837479,251.08892372838807,0.04034674740675751,-0.06115976806439294,1.0,1.0,0.08338753319660822
bird_counts,poisson+zip+zip,3,0.0,True,3,0,404191.60155090067,390321.1844184394,478892.0229444491,-25.22066513353597,2519.574759681395,291.33972921581824,-0.17581537333988626,-0.24878642675167187,1.0,1.0,0.0831996477113613
bird_counts,zip+zip+zip,3,2.0,False,3,0,404806.4889089857,389420.2102027184,488722.00542565616,-26.239597052691533,3837.2436444973123,580.6882202250179,-0.7929718685708904,-1.4859604737049097,1.0,1.0,0.25365785786545986
bird_counts,zip+zip+zip,3,25.0,False,3,0,406396.48644233105,393633.5878717117,489223.21271892154,-26.732970443622236,4057.101231381042,575.2503474325127,-0.894671363832131,-1.4640148500029084,1.0,1.0,0.15406803563564175
bird_counts,zip+zip+zip,3,5.0,False,3,0,406765.03543169046,388369.7899369985,485998.5467216679,-26.78974369804401,4093.1416938117018,592.5114837897246,-0.902775660719334,-1.5290448680891808,1.0,1.0,0.1575443312884199
bird_counts,zip+zip+zip,3,250.0,False,3,0,421109.1605995006,423350.3766080275,452959.0241064705,-26.982285437993042,3976.9149962443603,573.6020137646505,-0.8800043806806297,-1.4855324411447357,1.0,1.0,0.13969249682748383
bird_counts,zip+zip,2,1000.0,False,3,0,781068.4350626516,802794.6608776307,813759.8822003545,-44.84277847021309,1676.9743962293724,223.72639459563845,0.21441359575402985,0.06194276408150937,1.0,1.0,0.14990783108535896
bird_counts,zip+zip,2,500.0,False,3,0,833118.186827483,845831.5706661143,851484.0786433285,-45.039945651761975,1831.102721649729,237.89465344802534,0.13671863203395154,0.0031392446203712954,1.0,1.0,0.3149096558089565
bird_counts,poisson+zip,2,500.0,True,3,0,861540.7281905612,852929.5611326216,889361.356967475,-46.13314551810024,2013.341401618849,260.60605460328094,0.05254221167033646,-0.09838830343882454,1.0,1.0,0.3250643480136213
bird_counts,poisson+zip,2,25.0,True,3,0,874261.2348123371,838632.8528746917,985563.6363650388,-47.36719072353517,2158.085752104893,278.29508939439813,-0.0054794199298489055,-0.15179829467685735,1.0,1.0,0.2904437721087222
bird_counts,zip+zip,2,10.0,False,3,0,876256.0414275589,841501.1787223114,988137.4888198368,-47.351375370279335,2114.8859688522,274.2741127537136,0.013890477487644123,-0.1353958169245396,1.0,1.0,0.32593248780006495
bird_counts,zip+zip,2,0.0,False,3,0,876275.0335277362,841596.401584026,988218.0330598027,-47.336656795686885,2113.8882112941533,274.29124442237224,0.014439409150031501,-0.13535916868220257,1.0,1.0,0.3257784755251557
bird_counts,zip+zip,2,50.0,False,3,0,876301.1198076807,841600.6526712086,988183.5454808729,-47.43855841972152,2122.816000184554,274.50554996653415,0.010562250766055251,-0.13619068433037232,1.0,1.0,0.32569513483913193
bird_counts,poisson+zip,2,50.0,True,3,0,877464.8637563227,840754.0870458505,993043.5925950372,-47.30615821986731,2145.8896857199506,274.75736433004244,-0.00019483329130616975,-0.1385415238867936,1.0,1.0,0.28258478652965907
bird_counts,zip+zip,2,100.0,False,3,0,878118.4606422074,841959.5963996372,993357.3974440017,-47.41259860562621,2100.593295869785,270.8778363754123,0.020048332476844417,-0.12274970016845772,1.0,1.0,0.3247245369391699
bird_counts,poisson+poisson,2,500.0,False,3,0,893273.085026112,902542.2913168902,928058.9377032096,-47.39874579671356,3263.9183197984307,342.0012128616734,-0.5095420433490765,-0.4343330101326886,1.0,1.0,0.1528454030775527
bird_counts,poisson+poisson,2,1000.0,False,3,0,895369.6165559338,907520.2317309779,942428.1315326325,-48.71507028603758,3088.7177881713687,335.66650573446367,-0.43753037677012757,-0.4123720263698338,1.0,1.0,0.15975960528371724
bird_counts,zip+zip,2,250.0,False,3,0,898207.9591647066,840759.1093118732,1054672.7252427987,-47.085129577386205,2170.693770993223,284.9269104483709,-0.01030154198361588,-0.17566712320872838,1.0,1.0,0.3373323080398742
bird_counts,poisson+zip,2,1000.0,True,3,0,925985.9258918012,892010.1086226095,1079174.8142901605,-49.23658681967452,2400.823922609053,322.58155091260437,-0.15536902246115547,-0.3813926271862283,1.0,1.0,0.3724750935268729
bird_counts,poisson+zip,2,5.0,True,3,0,933406.3155575357,975746.7122108118,985645.6512398568,-49.68007766001608,2704.9277298723705,336.6816138604786,-0.25864879417831943,-0.41316273739427817,1.0,1.0,0.307022490964051
bird_counts,poisson+zip,2,0.0,True,3,0,933544.0130805834,976130.0208762424,985670.9009081527,-49.67144683591135,2684.2453394392874,334.9151953808089,-0.2491253733678306,-0.4057100875279853,1.0,1.0,0.3070837283296757
bird_counts,poisson+zip,2,10.0,True,3,0,934404.3448837568,975766.4333121717,985508.313288866,-49.68592491484001,2690.6377329534234,335.1297575508259,-0.2516405456985288,-0.4066174306464065,1.0,1.0,0.32519952131110247
bird_counts,poisson+poisson,2,100.0,False,3,0,947152.7335779968,993881.6026902789,994097.5346232882,-49.093672748203744,3367.954595867565,369.86051822297736,-0.5518698955140929,-0.5435902930039473,1.0,1.0,0.2680060700383815
bird_counts,poisson+poisson,2,2.0,False,3,0,947235.0650081853,993596.6230609239,994335.4212788247,-49.11796195109892,3386.6173973411846,370.63188285825595,-0.5601956490241707,-0.5468146501850182,1.0,1.0,0.2697200563022018
bird_counts,poisson+poisson,2,10.0,False,3,0,955942.2347158332,993236.661290764,1020762.7912282577,-49.46703382540838,3344.9779334512573,365.13367327922793,-0.5407779864673957,-0.5215540163051239,1.0,1.0,0.2693368654443285
bird_counts,poisson+poisson,2,5.0,False,3,0,956058.8860249954,993593.9808037122,1020746.6451134161,-49.459049256411554,3343.32137199659,364.40456920688644,-0.540146512351351,-0.5188864684602142,1.0,1.0,0.2693590314470679
bird_counts,poisson+zip,2,2.0,True,3,0,978881.1047174729,985649.0877221379,1112095.0123071792,-50.4334204240464,2481.778902454943,330.96838104373427,-0.15525202122371598,-0.3875381740013711,1.0,1.0,0.30703001820522596
bird_counts,zip+zip,2,2.0,False,3,0,980308.7844722798,988253.6312070166,1113816.4471564344,-50.45447867459722,2384.7131027560404,314.2993712980348,-0.11125900084868379,-0.314757967736283,1.0,1.0,0.32584577064626113
bird_counts,poisson+zip,2,250.0,True,3,0,981834.0695929468,990215.8629042433,1113875.9828738621,-50.462061397453255,2453.492497988092,325.5403258618863,-0.1430845111433068,-0.36677722752474234,1.0,1.0,0.3051871065424286
bird_counts,zip+zip,2,5.0,False,3,0,985442.3127688518,988163.7504078349,1169013.3955272834,-49.82584675725453,2542.1854611384856,332.4939756021577,-0.21000096006966693,-0.3970338271423541,1.0,1.0,0.33741190439019964
bird_counts,poisson+zip,2,100.0,True,3,0,988404.0055193173,985409.9113526855,1181140.5935402007,-49.968240687269486,2380.3088456788423,307.58084802047756,-0.12131808439037321,-0.2829195326839577,1.0,1.0,0.3067218016106828
bird_counts,poisson+poisson,2,0.0,False,3,0,994340.0830812188,993598.4937939089,1134897.5985359047,-49.942390406320804,3073.258771579212,361.53477358190526,-0.4149837062376758,-0.5060124653550473,1.0,1.0,0.2856225487826327
bird_counts,poisson+poisson,2,250.0,False,3,0,995784.8996494912,1003455.3525856707,1134139.2988822204,-51.465944802769194,2673.9576130841847,347.7144960829599,-0.2420118552639653,-0.45681821006111994,1.0,1.0,0.28743570831603
bird_counts,poisson+poisson,2,50.0,False,3,0,1055909.880904484,993756.8884385383,1182483.7415451843,-51.422748534296225,3907.8305271766008,429.8891020707504,-0.8346020899139376,-0.8122723457399342,1.0,1.0,0.2684319953898313
bird_counts,poisson+poisson,2,25.0,False,3,0,1065598.8263995934,1020755.6207473684,1182442.53240379,-51.82124130626573,3885.1663153967515,423.15904062660496,-0.8240526181800548,-0.7829311979308876,1.0,1.0,0.2693377501020579
bird_counts,zip+zip,2,25.0,False,3,0,1090266.294584242,1113597.1243108958,1168975.1395458928,-52.917298937897755,2807.243024228417,371.99816607021694,-0.3327910453801029,-0.5741239497088347,1.0,1.0,0.40570122482832816
bird_counts,zip,1,250.0,False,3,0,2709056.2880786294,2713307.1072116713,2793138.9478862192,-116.31697095942131,1720.5167439276863,185.36163134860803,0.19182878985155657,0.21930699487760372,1.0,1.0,1.0
bird_counts,zip,1,10.0,False,3,0,2709289.94760157,2713283.5632488555,2793591.0113950176,-116.39776308320688,1720.968464479325,184.7206979362213,0.19163866860019177,0.22193499362079536,1.0,1.0,1.0
bird_counts,zip,1,100.0,False,3,0,2709328.2135226023,2713253.136870939,2794040.9338420373,-116.35653657759057,1720.4711607796824,184.9639609774065,0.19188137543218375,0.22109465897492273,1.0,1.0,1.0
bird_counts,zip,1,25.0,False,3,0,2709608.4711195505,2713418.7060861704,2794047.633999343,-116.42719236990347,1720.5929487721394,184.5866528335454,0.1918064105964438,0.22251043224565906,1.0,1.0,1.0
bird_counts,zip,1,500.0,False,3,0,2709636.8085367964,2714665.1772766258,2793155.271292286,-116.40439162539887,1720.9390203617188,184.8949996550501,0.1916627068488678,0.22143766539233412,1.0,1.0,1.0
bird_counts,zip,1,50.0,False,3,0,2709740.7880154704,2714366.27367227,2793817.8716145866,-116.26202224579775,1720.6125648638663,185.74151729771003,0.19178302753017828,0.21763917326900226,1.0,1.0,1.0
bird_counts,zip,1,2.0,False,3,0,2709976.089107783,2715752.3483761703,2792863.191577578,-116.49283632609348,1720.6322937714842,184.46431811897187,0.19179556651798435,0.22305851760519294,1.0,1.0,1.0
bird_counts,zip,1,0.0,False,3,0,2710209.2233722075,2715671.360544236,2793509.3478882993,-116.50899274990256,1721.0300060588013,184.7653033756188,0.19160196397708085,0.2216983699019577,1.0,1.0,1.0
bird_counts,zip,1,5.0,False,3,0,2710364.993917931,2715737.579322404,2793634.4897992243,-116.48111288104117,1720.2740071143523,184.30201132583656,0.19194478443686083,0.2237583285659193,1.0,1.0,1.0
bird_counts,zip,1,1000.0,False,3,0,2738048.8958146945,2793107.67852861,2799912.154004254,-117.77108181086919,1720.2814553435662,185.34543207718374,0.191945095772916,0.21943416472828736,1.0,1.0,1.0
bird_counts,poisson,1,50.0,False,3,0,2954404.3482583216,2945104.909306813,3050217.274998255,-127.56639184592359,1558.7095992379352,186.62431069266282,0.2672118162130998,0.21363127041565302,1.0,1.0,1.0
bird_counts,poisson,1,10.0,False,3,0,2954409.2555581424,2945091.576993083,3049657.3655100795,-127.64866029968931,1559.5794468507204,186.49206042240107,0.26680748257418535,0.21408215695079433,1.0,1.0,1.0
bird_counts,poisson,1,100.0,False,3,0,2954414.6290367604,2944535.833390622,3049959.9252194976,-127.57786521022486,1558.817108487896,186.83371958492694,0.2671764306155015,0.2125371079262025,1.0,1.0,1.0
bird_counts,poisson,1,250.0,False,3,0,2954452.751786703,2945227.9383227336,3049646.115828279,-127.57250174237038,1559.06967660449,186.71636035858555,0.2670472305820905,0.21306910629198142,1.0,1.0,1.0
bird_counts,poisson,1,1000.0,False,3,0,2954504.372505886,2945495.3966061217,3049742.5292303464,-127.61925028006537,1558.2340388124455,186.40299313238674,0.2674048514471939,0.21444827972358219,1.0,1.0,1.0
bird_counts,poisson,1,5.0,False,3,0,2954530.234977685,2944614.584483806,3051077.7924257694,-127.6399013616666,1559.0723447745893,186.4388291114924,0.267035847183261,0.2143373905959047,1.0,1.0,1.0
bird_counts,poisson,1,500.0,False,3,0,2954596.0717089823,2945557.1036491464,3050149.5382792437,-127.5546518435006,1558.787293661435,186.63128017275957,0.2671588889881467,0.21361488004904175,1.0,1.0,1.0
bird_counts,poisson,1,25.0,False,3,0,2955018.523881942,2946461.2066569403,3050101.6903947988,-127.65804842619879,1560.0382885811312,186.60981610493567,0.2666016400323064,0.21354811544288718,1.0,1.0,1.0
bird_counts,poisson,1,0.0,False,3,0,3006294.6190839433,3021376.120498022,3050481.586773315,-129.8332919889029,1559.013838965467,186.67343677044127,0.2670579860994086,0.21353375497456364,1.0,1.0,1.0
bird_counts,poisson,1,2.0,False,3,0,3006526.956153242,3021348.5304246326,3051214.419130491,-129.83553709164661,1558.5191394817095,187.01803685159084,0.2672906899781888,0.21195439211392064,1.0,1.0,1.0
randhealth_notmdvis_baseline,poisson+nb2,2,100.0,True,3,2,3.586111155258853,0.0,10.758333465776559,-0.6525321167856162,2.592050731627099,0.8407465880410125,0.0012573651950542979,-0.7642819341805268,1.0,1.0,0.16908521080441635
randhealth_notmdvis_baseline,poisson+nb2,2,50.0,True,3,1,3.878456415401464,2.5089458215006744,9.126423424703717,-0.6458849844609369,2.5900524964067073,0.8364070078362138,0.0020528233704757057,-0.7551345523306588,1.0,1.0,0.16402180483784282
randhealth_notmdvis_baseline,poisson+zinb,2,100.0,True,3,0,7.377304053835663,8.232463490594455,12.80282399959924,-0.6517870829289583,2.5918315319898313,0.8379685079137126,0.0013466478640635031,-0.758463362419539,1.0,1.0,0.16084687014720023
randhealth_notmdvis_baseline,poisson+zinb,2,50.0,True,3,0,10.026157545703427,9.704169494169946,15.265286308036593,-0.6449450634701447,2.589496599894135,0.8301538812223207,0.0023039308617189467,-0.7419298930297996,1.0,1.0,0.15963798264708276
randhealth_notmdvis_baseline,nb2+nb2,2,100.0,False,3,0,12.737022641081845,11.316980000932745,23.423554851992776,-0.6520960011839895,2.591754354522531,0.8401675561360745,0.0013602467513327647,-0.7630852084176656,1.0,1.0,0.1188795070139595
randhealth_notmdvis_baseline,poisson+poisson+nb2,3,50.0,True,3,0,14.353183252898816,14.474841417120842,14.650192585886543,-0.6472334853156759,2.590306689406234,0.8375334507120886,0.0019154581150295409,-0.7575349552267113,1.0,1.0,0.05740004290111552
randhealth_notmdvis_baseline,nb2+nb2,2,50.0,False,3,0,17.4667443100246,14.507660426722396,24.873534813765218,-0.64595307003315,2.5896305333428633,0.8377393984302856,0.0022135999898844627,-0.7579091692240821,1.0,1.0,0.1167838872727062
randhealth_notmdvis_baseline,nb2+zip,2,100.0,True,3,0,24.489210120101234,24.619219686045653,26.993525289067293,-0.6536740398114831,2.5920292210278064,0.8435897762708536,0.001247761788385593,-0.7702673338242162,1.0,1.0,0.17977404839774144
randhealth_notmdvis_baseline,zinb+zinb,2,100.0,False,3,0,25.372142562396828,21.54665054893485,36.779788599481435,-0.652054061248403,2.591518006323891,0.8387571904174144,0.0014391064723654479,-0.7601957668309357,1.0,1.0,0.11628444167402233
randhealth_notmdvis_baseline,poisson+nb2+nb2,3,100.0,True,3,0,27.924240386715308,25.39115113639764,38.71304435045204,-0.6526070897870618,2.5920377911080603,0.8407778830908157,0.0012625646602902145,-0.7643409392617532,1.0,1.0,0.07667521851734713
randhealth_notmdvis_baseline,poisson+poisson+zinb,3,50.0,True,3,0,28.68512333739515,28.373832681364547,34.62010611014557,-0.6475229554896769,2.5900242016329873,0.8366843056278445,0.002022123645492887,-0.7557708876187182,1.0,1.0,0.055403857873275224
randhealth_notmdvis_baseline,nb2+zinb,2,50.0,True,3,0,28.76911226711248,22.345872911061633,45.24020053090953,-0.6453299855499683,2.589125348949289,0.8278512273129218,0.0024263925848007815,-0.737383750021574,1.0,1.0,0.11270248616354515
randhealth_notmdvis_baseline,zip+zinb,2,100.0,True,3,0,28.841159168925213,29.774439328717563,35.00820828005635,-0.653219486262397,2.5918335210367776,0.8403001405936857,0.0013192883095016021,-0.7634771651451744,1.0,1.0,0.13499218011710978
randhealth_notmdvis_baseline,poisson+nb2+nb2,3,50.0,True,3,0,29.644850787988315,29.217545457633605,35.88401533492379,-0.6456857771786231,2.5901029147009464,0.837489597276246,0.002029862208603498,-0.757399536319103,1.0,1.0,0.044777368252829054
randhealth_notmdvis_baseline,zip+zinb,2,50.0,True,3,0,30.39190939299139,31.03932280465324,37.66426539332042,-0.6460608964063219,2.589646106097094,0.8326351055200858,0.0021928282909526495,-0.7475050756583203,1.0,1.0,0.17512724369369798
randhealth_notmdvis_baseline,zinb+zinb,2,50.0,False,3,0,34.10358088971528,31.266564645791732,45.13684851803828,-0.6458636900977215,2.589935863738987,0.8362607216776793,0.0020994302486320913,-0.7548378949760242,1.0,1.0,0.20858147764927673
randhealth_notmdvis_baseline,poisson+nb2+zip,3,100.0,True,3,0,35.91796294482234,36.60047179641515,43.809183435466366,-0.65365535336033,2.5921015314350915,0.8410754039850744,0.0012387663565621339,-0.7649701836572581,1.0,1.0,0.06836335037222596
randhealth_notmdvis_baseline,poisson+nb2+zip,3,50.0,True,3,0,36.14184007410464,37.490179152612654,40.39553724238249,-0.6461267832109282,2.589892264675198,0.8361910739400461,0.0021058315035254274,-0.7546874951830089,1.0,1.0,0.06299346764316634
randhealth_notmdvis_baseline,poisson+nb2+zinb,3,50.0,True,3,0,36.327705388447306,34.78052330108676,43.43295430539274,-0.6453734318758274,2.5896316224497613,0.8338742510644286,0.002191481093624733,-0.7499630448393608,1.0,1.0,0.07461589548210029
randhealth_notmdvis_baseline,nb2+nb2+zip,3,50.0,True,3,0,37.0184076122423,27.803215376437038,56.68603095675007,-0.6471982782713175,2.5901969941109293,0.8377750634346061,0.0019420667965702743,-0.7581553818150494,1.0,1.0,0.05625510406771515
randhealth_notmdvis_baseline,nb2+nb2+nb2,3,100.0,False,3,0,37.32163642546675,34.90363835864355,48.95860675374388,-0.6520352911669683,2.5917129671600203,0.840004664626829,0.0013736435130170532,-0.7627540366895779,1.0,1.0,0.05962174117775162
randhealth_notmdvis_baseline,poisson+zip+zinb,3,100.0,True,3,0,37.587064185124596,42.177558618725016,47.873938003816875,-0.6526992833674742,2.5918402760199366,0.8342251740185734,0.0013387557159277492,-0.7508617705952761,1.0,1.0,0.0688569811680881
randhealth_notmdvis_baseline,poisson+poisson+zinb,3,100.0,True,3,0,37.969895019385454,42.18112279738307,46.35621539582644,-0.6536898651062016,2.5921612244655976,0.8407622761126204,0.001216566654558493,-0.7643659898150522,1.0,1.0,0.07345225441759506
randhealth_notmdvis_baseline,poisson+nb2+zinb,3,100.0,True,3,0,39.46205643096285,39.81289820094389,43.6698029258323,-0.6525253466737059,2.592058842494598,0.8414816822130282,0.001242485967014854,-0.7658683387808454,1.0,1.0,0.047510342154629286
randhealth_notmdvis_baseline,poisson+zip+zinb,3,50.0,True,3,0,39.68683332185932,38.24222727718461,44.948822930137794,-0.6462043350572001,2.5897758784192324,0.8352651812570832,0.0021181299823629742,-0.7528214647408467,1.0,1.0,0.06381599265058406
randhealth_notmdvis_baseline,nb2+zip,2,50.0,True,3,0,40.47491686955588,22.795854591066927,83.63455452152903,-0.6498742315585302,2.5902457790040003,0.8373131489857548,0.0019277125165894082,-0.7569933787852609,1.0,1.0,0.1811504273056907
randhealth_notmdvis_baseline,poisson+zinb+zinb,3,100.0,True,3,0,41.41321122367966,42.5263440412582,46.68485246634282,-0.6518500017410563,2.5918698344516415,0.8396809500022696,0.001336374818225868,-0.7619486612787618,1.0,1.0,0.0772149758770707
randhealth_notmdvis_baseline,nb2+nb2+nb2,3,50.0,False,3,0,42.29553159199835,40.01617065868959,48.97059404492393,-0.6453424916639995,2.589610178916175,0.8352612387740607,0.0022335607884374684,-0.7527169169162025,1.0,1.0,0.058502101384516766
randhealth_notmdvis_baseline,poisson+zinb+zinb,3,50.0,True,3,0,44.24444141332091,43.66563680516265,49.191832322159826,-0.6448469334337074,2.5891363611394342,0.8264674103839741,0.002426581426305067,-0.7343444881866205,1.0,1.0,0.0782738804629278
randhealth_notmdvis_baseline,zip+zip+zinb,3,50.0,True,3,0,48.56328153884564,49.17468443750931,51.851012099117725,-0.6478303028160012,2.58999155068928,0.8382777937463594,0.002046670551932528,-0.7591085198990871,1.0,1.0,0.07301473695092711
randhealth_notmdvis_baseline,poisson+poisson+nb2,3,100.0,True,3,0,48.65276260265364,47.10647913968933,57.799304365554235,-0.6558504810328639,2.592458718828102,0.8423882733018296,0.001080004639374706,-0.7677936646562875,1.0,1.0,0.07163977526295269
randhealth_notmdvis_baseline,nb2+nb2+zinb,3,50.0,True,3,0,49.999307667994195,43.279899189999924,72.37929659829024,-0.6460519169616449,2.588853875870423,0.8332010549116887,0.0025348113874259504,-0.7483405671018781,1.0,1.0,0.045540687085655535
randhealth_notmdvis_baseline,nb2+zinb,2,100.0,True,3,0,50.013520266742184,32.18837735136731,108.44129091700506,-0.6540063131873404,2.5918818814092757,0.8366407671948757,0.0013491248956278474,-0.7554579927243109,1.0,1.0,0.11933046003738727
randhealth_notmdvis_baseline,nb2+zip+zinb,3,100.0,True,3,0,50.79883881604261,44.47785242751161,65.50428194634424,-0.6535049648675622,2.5916777610673027,0.8402016971411665,0.001385257570275078,-0.7631639467257411,1.0,1.0,0.05653316147230179
randhealth_notmdvis_baseline,poisson+nb2,2,25.0,True,3,0,56.70075104355298,54.185133417264296,63.61675369818022,-0.6368034528563177,2.5718856078229546,0.7629218153666223,0.009166245854588992,-0.6002631519713707,1.0,1.0,0.1693338145058601
randhealth_notmdvis_baseline,zip+zinb+zinb,3,50.0,True,3,0,59.280323076537265,61.22579365256479,62.36908875957579,-0.6459768579218146,2.590049404120219,0.8368547148024691,0.002058975425203872,-0.7560543663809058,1.0,1.0,0.04809696773874683
randhealth_notmdvis_baseline,zip+zinb+zinb,3,100.0,True,3,0,59.89348795944685,60.33913650619252,66.91674748305013,-0.653111747035156,2.592082018520312,0.8433347867468814,0.001230061863427112,-0.7697473159494228,1.0,1.0,0.05339914704794422
randhealth_notmdvis_baseline,nb2+zip+zinb,3,50.0,True,3,0,60.087027393386656,49.79778381158667,81.8598365690259,-0.6468828156314693,2.5891396051906264,0.8323241077336085,0.002445229468137929,-0.7464650881889169,1.0,1.0,0.05285091399078562
randhealth_notmdvis_baseline,zinb+zinb+zinb,3,100.0,False,3,0,62.31733815853386,60.87916293074704,70.84350643955804,-0.6523884299588784,2.5915721531549925,0.8392249002009268,0.0014203160677057254,-0.7611577346051174,1.0,1.0,0.05903761659941516
randhealth_notmdvis_baseline,poisson+poisson+nb2,3,25.0,True,3,0,62.95102137806407,65.69433462755205,73.01617785246799,-0.638447262143409,2.573906720629994,0.7664759901898694,0.00829532804449277,-0.6078912126642605,1.0,1.0,0.05407645888424807
randhealth_notmdvis_baseline,poisson+zinb,2,25.0,True,3,0,64.43176551151737,62.07296361205135,71.17765317508747,-0.6367524500196543,2.5715937827491078,0.762574505356913,0.009283383890513308,-0.599557919144658,1.0,1.0,0.16513439592542536
randhealth_notmdvis_baseline,nb2+nb2+zip,3,100.0,True,3,0,65.02597442374979,41.58842865726365,123.01407371943515,-0.6569807508310203,2.592279856923773,0.8411820895891066,0.001170177565711213,-0.7652183845560699,1.0,1.0,0.06972181275863862
randhealth_notmdvis_baseline,nb2+nb2,2,25.0,False,3,0,66.18392212659334,68.67390132276705,80.38414171044587,-0.6377317727518185,2.5750885805890973,0.7753378464727474,0.007918105289789423,-0.6263340209944326,1.0,1.0,0.11698633374711716
randhealth_notmdvis_baseline,zip+zip+zinb,3,100.0,True,3,0,69.70330744835974,78.92859621236039,83.60712230373247,-0.6546903168531806,2.591892317474027,0.8331877995340357,0.0013159821741790163,-0.7485503635541239,1.0,1.0,0.06796547835078735
randhealth_notmdvis_baseline,nb2+nb2+zinb,3,100.0,True,3,0,70.58331985341435,60.72287377645807,113.39519139556705,-0.6569002591618097,2.5921329272040388,0.8417399510655853,0.0011226980678024818,-0.7665742393610534,1.0,1.0,0.04438149205508085
randhealth_notmdvis_baseline,zip+zinb,2,25.0,True,3,0,71.0495109486122,70.37885188261498,79.24069424413938,-0.6377303859461446,2.575424032060587,0.7714402580542252,0.00777692290729289,-0.6180121701377393,1.0,1.0,0.17949803771746373
randhealth_notmdvis_baseline,poisson+nb2+nb2,3,25.0,True,3,0,75.29488939155969,79.48908648814722,82.56951842181297,-0.6380171368392907,2.577205398364206,0.7870698367229277,0.007400692002901277,-0.6499275600321163,1.0,1.0,0.04346285734765634
randhealth_notmdvis_baseline,poisson+poisson+zinb,3,25.0,True,3,0,76.77834142903703,82.78442738275498,89.2517480707229,-0.6384383883226171,2.5743175088569044,0.7680582475222804,0.008178376635088172,-0.6111073350511423,1.0,1.0,0.053819638391746916
randhealth_notmdvis_baseline,zinb+zinb+zinb,3,50.0,False,3,0,77.78241497119355,77.09749988199565,84.8868402280732,-0.6464385845662662,2.588951392749244,0.8303405750075159,0.002446507387895499,-0.7426436211559597,1.0,1.0,0.058454354573413435
randhealth_notmdvis_baseline,nb2+nb2+nb2,3,25.0,False,3,0,85.60040938085392,85.28338094490482,87.18131713003277,-0.6411125717088216,2.5883921713070457,0.831801503836758,0.0027551964590089018,-0.7453898552498551,1.0,1.0,0.057513141563493755
randhealth_notmdvis_baseline,nb2+zinb+zinb,3,100.0,True,3,0,85.84588856370647,66.05449108486937,138.97250588605584,-0.6552979189005906,2.5920660453926483,0.8408668137638499,0.0011925364574900676,-0.7646565065124383,1.0,1.0,0.059232168578130136
randhealth_notmdvis_baseline,poisson+nb2+zinb,3,25.0,True,3,0,86.37340184066306,75.96238305906172,118.7344068914208,-0.6381746944386998,2.574088871290007,0.7664013791058496,0.008285707419015057,-0.607694656797597,1.0,1.0,0.04207997489017069
randhealth_notmdvis_baseline,poisson+zip+zinb,3,25.0,True,3,0,89.11694455161462,94.99430802069946,96.15929417385905,-0.6374346617045058,2.571570651997032,0.7634006463124617,0.009274707718752903,-0.6013567701183277,1.0,1.0,0.046607163771168685
randhealth_notmdvis_baseline,zinb+zinb,2,25.0,False,3,0,91.88208583789037,96.08086028736761,98.2467769042969,-0.6367736698926941,2.570032086144657,0.7595404998494603,0.009879787129866443,-0.5932147781356981,1.0,1.0,0.20593655487050067
randhealth_notmdvis_baseline,poisson+zinb+zinb,3,25.0,True,3,0,92.7999654413755,96.25672509358446,101.55241927584211,-0.6381922070294523,2.5779394277191354,0.7871479316136756,0.007144221255276251,-0.650026424338962,1.0,1.0,0.042370305504461976
randhealth_notmdvis_baseline,zip+zip+zinb,3,25.0,True,3,0,97.03482169468255,91.29900467382868,111.95742941276876,-0.638826130644075,2.577075170497951,0.7772167810534882,0.00720587735800952,-0.6299814982180948,1.0,1.0,0.05134958139285552
randhealth_notmdvis_baseline,poisson+nb2,2,250.0,True,3,0,98.16125216383534,94.95000265260296,109.86388549911862,-0.6649547612412992,2.5952261455723113,0.8459008469200952,-2.628162979726826e-06,-0.7751879685993499,1.0,1.0,0.1512017174150942
randhealth_notmdvis_baseline,poisson+nb2,2,1000.0,True,3,0,98.49193419571232,95.76243398910901,111.50173557307971,-0.6649708727850903,2.5952223935613055,0.845909597621398,-1.9889026640444266e-07,-0.7751952007782504,1.0,1.0,0.1586334870288285
randhealth_notmdvis_baseline,poisson+nb2,2,500.0,True,3,0,99.01588551139746,95.87218770910204,111.5258463215223,-0.6650783946760428,2.5952268835110663,0.8459052200097424,-3.0589358230859176e-06,-0.7751988025930522,1.0,1.0,0.16243036704334607
randhealth_notmdvis_baseline,poisson+nb2+zip,3,25.0,True,3,0,99.44942726307242,102.526948192507,104.85783848624123,-0.6419117125016333,2.5778443617456195,0.8135929168003623,0.006553508423190617,-0.7069875723693579,1.0,1.0,0.06415809542938787
randhealth_notmdvis_baseline,zip+zinb+zinb,3,25.0,True,3,0,99.67146431681886,100.25987804182023,101.08578665211917,-0.640353009492895,2.5799402462272707,0.7891839640501258,0.006150169950386641,-0.6547915730898491,1.0,1.0,0.048025965711301695
randhealth_notmdvis_baseline,zinb+zinb+zinb,3,25.0,False,3,0,99.90188913184829,94.53660033249616,111.70663535746735,-0.6375794221381965,2.572091129270006,0.7901932550490202,0.00938397058346859,-0.6568126158168052,1.0,1.0,0.0536516016631948
randhealth_notmdvis_baseline,poisson+poisson+poisson,3,50.0,False,3,0,101.00693526911466,100.4390280977077,109.79019040525873,-0.6572191241140388,2.585398617010464,0.8087341625486619,0.0039921411512237786,-0.6967686261414476,1.0,1.0,0.010825099050623161
randhealth_notmdvis_baseline,nb2+zinb,2,25.0,True,3,0,104.68743780095004,113.99977656569081,117.17702723587354,-0.6391789517927294,2.579333339474673,0.7934842182612204,0.006539245216285905,-0.6641738900178066,1.0,1.0,0.11108254436786644
randhealth_notmdvis_baseline,poisson+zinb,2,1000.0,True,3,0,106.11581875436453,102.59937136509234,117.38589632740604,-0.6652046096004576,2.595207558685839,0.8454371903865123,5.087699439595046e-06,-0.7742205077068052,1.0,1.0,0.1550041970995534
randhealth_notmdvis_baseline,poisson+zinb,2,250.0,True,3,0,106.2289313116565,102.65479091220459,118.43014444193341,-0.664770690964049,2.5949598693501166,0.8398052331043666,0.00011307191029397146,-0.7624230121383375,1.0,1.0,0.14885811085564296
randhealth_notmdvis_baseline,poisson+zinb,2,500.0,True,3,0,106.61611220243897,102.66132274736447,118.82850780069384,-0.6653270601730905,2.59522874168372,0.8461014410666151,-2.4325412442497787e-06,-0.7755896911713487,1.0,1.0,0.1556856312847878
randhealth_notmdvis_baseline,nb2+zinb+zinb,3,50.0,True,3,0,106.94104659263151,117.36472021891768,156.1788814053216,-0.6523736549209267,2.5906314573491436,0.8351688156288225,0.001808884533437712,-0.752567127972568,1.0,1.0,0.056729501910174326
randhealth_notmdvis_baseline,poisson+zip+zip,3,50.0,True,3,0,107.91402985028647,108.46794961356136,131.96128417600994,-0.6582832643564216,2.5847836567605427,0.8085941248808881,0.004350348777705275,-0.6962213995399259,1.0,1.0,0.05719065209750373
randhealth_notmdvis_baseline,zip+zip+zip,3,50.0,False,3,0,108.16966602034184,109.99933446823616,129.21595679674283,-0.6584961512309847,2.5847432338227896,0.8081938142503374,0.00436708777392895,-0.6953533497535157,1.0,1.0,0.06036635592750243
randhealth_notmdvis_baseline,nb2+nb2+zinb,3,25.0,True,3,0,109.07879625792309,101.69079409171354,127.38982424584628,-0.639447584700309,2.58017230804496,0.8039106593651107,0.005741200744294035,-0.6871536989667496,1.0,1.0,0.0492386083219572
randhealth_notmdvis_baseline,poisson+poisson+nb2,3,1000.0,True,3,0,113.92866696332597,110.73166327440867,126.10321730545184,-0.6649799757971699,2.5952251794011474,0.8459328783711597,-1.7374138670718982e-06,-0.7752485690330814,1.0,1.0,0.04706625086909502
randhealth_notmdvis_baseline,poisson+poisson+nb2,3,500.0,True,3,0,113.99367569931594,110.81966558867225,126.15399897901261,-0.6649806434093065,2.5952237466517407,0.8458870423778531,-1.2480164055898395e-06,-0.7751543094989249,1.0,1.0,0.04753215269376761
randhealth_notmdvis_baseline,nb2+zinb,2,250.0,True,3,0,115.44327694045539,115.03144692097612,127.01096867616434,-0.6644502640317289,2.595241783534345,0.845913829584314,-1.2259192801751992e-05,-0.7752546304300365,1.0,1.0,0.19782775453517126
randhealth_notmdvis_baseline,poisson+poisson+nb2,3,250.0,True,3,0,115.6188423702685,112.54907101567733,128.99920099614792,-0.6650995946771842,2.5952220943292534,0.845870381566785,-3.638652262457261e-07,-0.7751171127891059,1.0,1.0,0.060808278647081174
randhealth_notmdvis_baseline,nb2+zinb,2,1000.0,True,3,0,115.76231775117806,111.98634919019423,127.64914508922539,-0.6652601596994371,2.5950099103108104,0.8429681769757756,0.00010821711753579895,-0.768787956843546,1.0,1.0,0.12156572213567064
randhealth_notmdvis_baseline,nb2+zinb,2,500.0,True,3,0,116.76364814459339,115.03324634027285,126.96805512801711,-0.6653020166062892,2.59513897750816,0.842954520699461,2.8335181800491032e-05,-0.7691175353840888,1.0,1.0,0.12190723985461244
randhealth_notmdvis_baseline,nb2+zip,2,250.0,True,3,0,119.24694748865811,115.563152757426,132.0512883699339,-0.6660007598348514,2.5953776724710376,0.8490383284299768,-6.849673980065714e-05,-0.7817644563800514,1.0,1.0,0.18350036381287715
randhealth_notmdvis_baseline,nb2+zip+zinb,3,25.0,True,3,0,120.57269632975506,126.1864908432317,150.64528621010595,-0.6412836672301031,2.5796153463596516,0.7881564498060795,0.006423404964336428,-0.6521877533554341,1.0,1.0,0.05198180860445315
randhealth_notmdvis_baseline,poisson+poisson+poisson,3,100.0,False,3,0,120.60971429808887,114.7982370928321,158.67802459311406,-0.669764852895259,2.5892625016956856,0.82852466203313,0.0024467459528388913,-0.738742565117308,1.0,1.0,0.009289553894541728
randhealth_notmdvis_baseline,nb2+zip,2,25.0,True,3,0,121.0793362554823,148.2261666274626,159.24809032943085,-0.6441625449809399,2.5720114762796253,0.7600418512803314,0.00913503121451864,-0.5941861453807055,1.0,1.0,0.37503513601372734
randhealth_notmdvis_baseline,nb2+zinb+zinb,3,25.0,True,3,0,123.05924704915863,132.2005326204835,134.53036762856027,-0.64110286330127,2.588167480796258,0.8307946567177226,0.002844203407467457,-0.7433036561520527,1.0,1.0,0.055271223516640225
randhealth_notmdvis_baseline,poisson+nb2+nb2,3,250.0,True,3,0,123.77921262080145,120.33826616890383,135.93932621253316,-0.6649978472853034,2.5952399937307375,0.845997017975503,-1.0442289043714284e-05,-0.7754147159552692,1.0,1.0,0.07564356532918028
randhealth_notmdvis_baseline,poisson+nb2+nb2,3,1000.0,True,3,0,124.33245833019555,121.15039698164946,136.89112797191774,-0.6650937319956095,2.5952535959110916,0.8464817451053657,-1.4594558800595792e-05,-0.7764059985889521,1.0,1.0,0.08059139311382799
randhealth_notmdvis_baseline,poisson+nb2+zip,3,1000.0,True,3,0,124.85222510454787,122.01717711404399,137.66319681106052,-0.6650719313007323,2.5952254632464355,0.8459027349417356,-2.1817009737690185e-06,-0.775189797394609,1.0,1.0,0.06168637957049809
randhealth_notmdvis_baseline,poisson+poisson+zip,3,100.0,True,3,0,124.91828171393384,124.10318538078536,152.75972367280337,-0.6697429223196184,2.5893454324888907,0.8284079780928773,0.002413880399389131,-0.7385038712106287,1.0,1.0,0.020577492702493424
randhealth_notmdvis_baseline,zinb+zinb,2,250.0,False,3,0,125.06078756021816,123.45292261273426,137.3977587401505,-0.6652476912194971,2.59506534053664,0.8438997576419199,8.120448882505589e-05,-0.7707877445978489,1.0,1.0,0.12336219240819893
randhealth_notmdvis_baseline,poisson+nb2+nb2,3,500.0,True,3,0,125.1104768393352,123.33785975546652,136.95464134506165,-0.665357049556549,2.5952604888642123,0.8466807753735112,-1.7088090467594814e-05,-0.7768160042344743,1.0,1.0,0.07969860419863886
randhealth_notmdvis_baseline,zinb+zinb,2,500.0,False,3,0,126.59185078298076,123.90479310424234,139.95992066945655,-0.6652298809060891,2.5952675560515566,0.8472129034805436,-1.6496345814835205e-05,-0.7778805662769468,1.0,1.0,0.20362340246044525
randhealth_notmdvis_baseline,zip+zinb,2,1000.0,True,3,0,126.82164385523568,122.36540124433395,139.85573892236152,-0.666464658076403,2.5953363530918057,0.8478338634610231,-5.4054250246663806e-05,-0.7792876725580792,1.0,1.0,0.12101077033793926
randhealth_notmdvis_baseline,nb2+zip+zip,3,50.0,True,3,0,127.26160604003992,120.61607353545332,153.30752838260923,-0.6588737276122735,2.591956924201822,0.8395290045793388,0.001266899513314046,-0.7617096627907882,1.0,1.0,0.09010882386208874
randhealth_notmdvis_baseline,zip+zinb,2,250.0,True,3,0,127.26576209206632,123.99490777695155,139.43991294103307,-0.6660697911462341,2.5953263820472396,0.8475195112638599,-5.028568693351184e-05,-0.7786351393354808,1.0,1.0,0.1756384455526061
randhealth_notmdvis_baseline,zip+zinb,2,500.0,True,3,0,127.29093745216717,123.66058446788884,140.47117576834353,-0.6662729406507965,2.5952166012329108,0.8464663521770022,8.86983469224519e-06,-0.7762722765389691,1.0,1.0,0.12350631342197807
randhealth_notmdvis_baseline,poisson+poisson+zinb,3,500.0,True,3,0,127.85619568094928,122.76125441203203,140.47323083116044,-0.6661414946339276,2.595246889662125,0.8466465099478567,-8.781270210385847e-06,-0.7767102100198073,1.0,1.0,0.04792305719353929
randhealth_notmdvis_baseline,poisson+poisson+zinb,3,250.0,True,3,0,127.87724588518238,120.42027227509698,143.1994696480033,-0.665193676475523,2.595262784209537,0.8464318875592207,-2.0796608098986685e-05,-0.7763320502193771,1.0,1.0,0.0639497688032724
randhealth_notmdvis_baseline,poisson+poisson+zinb,3,1000.0,True,3,0,128.2714569862692,126.06091694982752,140.4949646174291,-0.6660771949172956,2.5952956564322425,0.8470063793222765,-3.619983098553566e-05,-0.7775523514202055,1.0,1.0,0.04748876625271856
randhealth_notmdvis_baseline,poisson+nb2+zip,3,500.0,True,3,0,128.44414243999927,121.93676957848038,148.31618304363747,-0.6650921797626063,2.595226781270704,0.8459404141315421,-2.671486368196104e-06,-0.7752676333302498,1.0,1.0,0.06410864224508707
randhealth_notmdvis_baseline,poisson+nb2+zip,3,250.0,True,3,0,129.46803541794785,124.20140753986198,141.49813784303115,-0.6655252653405745,2.595234072715275,0.8460016842974579,-6.698436289161632e-06,-0.7754081569921002,1.0,1.0,0.06352235227317408
randhealth_notmdvis_baseline,poisson+nb2+zinb,3,500.0,True,3,0,131.15115458289802,126.39296404155448,143.23365230274885,-0.6653722030907977,2.5951982395658413,0.8454490145560581,1.0879354688094386e-05,-0.7742210498475939,1.0,1.0,0.07400973049224314
randhealth_notmdvis_baseline,poisson+nb2+zinb,3,250.0,True,3,0,131.7627432444715,128.2202989879097,144.03244794761667,-0.6647928508452653,2.5950337105097607,0.8410162499109474,7.665892643364074e-05,-0.7650237924341999,1.0,1.0,0.07313152847339177
randhealth_notmdvis_baseline,zinb+zinb,2,1000.0,False,3,0,131.9817926150839,131.33991749913912,139.91902432784627,-0.6656269888966314,2.5952569150553226,0.847123041611288,-1.0582473679132676e-05,-0.7776739621686751,1.0,1.0,0.20315259835616922
randhealth_notmdvis_baseline,poisson+nb2+zinb,3,1000.0,True,3,0,132.2272230869903,126.34362327877261,146.4883890633564,-0.6648901034309888,2.5952076596504248,0.8456094883079287,6.416946955874654e-06,-0.774562507190061,1.0,1.0,0.07370917102252648
randhealth_notmdvis_baseline,poisson+zip+zinb,3,250.0,True,3,0,132.96962906716817,128.216511335434,146.41732420425433,-0.6653662181450604,2.595192213426985,0.8444639125777204,6.099447421026305e-06,-0.7722639881459713,1.0,1.0,0.06398324936173798
randhealth_notmdvis_baseline,poisson+zip+zip,3,100.0,True,3,0,133.51721433999714,131.77798423265358,160.46180719997938,-0.6696015214820431,2.589367373199865,0.8283918592602708,0.002400548223949898,-0.7384909759437651,1.0,1.0,0.05590178397665678
randhealth_notmdvis_baseline,poisson+zip+zinb,3,500.0,True,3,0,134.06488376819289,130.35141237940024,146.78228567399583,-0.665716225973092,2.595234000369103,0.8460976737974066,-5.761806243268867e-06,-0.7755962834300316,1.0,1.0,0.06155802555795379
randhealth_notmdvis_baseline,poisson+zip+zinb,3,1000.0,True,3,0,134.27913241176853,131.11907814489405,147.50311098107522,-0.6649899105165494,2.5952427973492136,0.8462660358699164,-9.780251576089563e-06,-0.7759522153350268,1.0,1.0,0.05440071072615791
randhealth_notmdvis_baseline,poisson+zinb+zinb,3,250.0,True,3,0,140.08021040842019,136.5244024162057,152.29652729407098,-0.6647697382331235,2.59493902950441,0.8394969698648866,0.00012364778526615292,-0.761753655510997,1.0,1.0,0.07443238892522812
randhealth_notmdvis_baseline,nb2+nb2+zinb,3,250.0,True,3,0,140.7210413540694,137.04427870790732,152.16395633864522,-0.6654760228594714,2.5951425968658697,0.8443474104745987,3.6059630872165016e-05,-0.7719010827505169,1.0,1.0,0.05116413636393658
randhealth_notmdvis_baseline,nb2+nb2+zinb,3,500.0,True,3,0,141.2174349899842,138.85155500851215,151.74485686685148,-0.6653016531320032,2.5951976972294526,0.8451185603953846,8.369204152554785e-06,-0.7735674734391221,1.0,1.0,0.05111318438783452
randhealth_notmdvis_baseline,poisson+zinb+zinb,3,1000.0,True,3,0,141.5045811983276,136.368383342583,152.59340491262628,-0.6652663383471974,2.5952604641390415,0.8465332700684284,-1.8415629239543208e-05,-0.7765252871191445,1.0,1.0,0.07646339559594001
randhealth_notmdvis_baseline,poisson+zinb+zinb,3,500.0,True,3,0,141.96771041404554,140.887415231643,152.60278787588868,-0.6652452585542012,2.595251276766103,0.8464114687557299,-1.3741662328259352e-05,-0.7762603650436963,1.0,1.0,0.07678474144794566
randhealth_notmdvis_baseline,nb2+zip+zinb,3,1000.0,True,3,0,142.03749085981357,138.7627232906907,154.82154398188868,-0.6653053782174875,2.5951190171553034,0.8419780032963357,3.3782985276083664e-05,-0.7671441968847516,1.0,1.0,0.06672861517923982
randhealth_notmdvis_baseline,nb2+zip+zinb,3,250.0,True,3,0,142.05904304037782,138.95370235291284,154.85408308871047,-0.665248953605131,2.5950908829366517,0.8441976129414835,6.755845651784664e-05,-0.7714510117565411,1.0,1.0,0.06678868637289725
randhealth_notmdvis_baseline,nb2+zip+zinb,3,500.0,True,3,0,142.101659526092,138.95579689428087,154.85710424006902,-0.6652382247061722,2.595170641676514,0.8452238425123738,2.6216804631699436e-05,-0.773701480594163,1.0,1.0,0.0667940664501714
randhealth_notmdvis_baseline,nb2+nb2+zinb,3,1000.0,True,3,0,143.15851123091943,139.02724900392786,151.74866259510782,-0.6654423085482897,2.5951607730849617,0.8437755746654387,2.0760275763217113e-05,-0.770807417594629,1.0,1.0,0.05100655894363312
randhealth_notmdvis_baseline,zip+zip+zip,3,100.0,False,3,0,147.41154129387542,140.87942556492817,184.40161109873043,-0.6697948348591316,2.589349692381484,0.8283845658045447,0.002405933627910898,-0.7384805518434218,1.0,1.0,0.05588903799698958
randhealth_notmdvis_baseline,nb2+zinb+zinb,3,500.0,True,3,0,150.8151031794993,148.7724007133247,161.53154090987573,-0.6653447743316403,2.5951313493862553,0.8422720671825262,2.8294113521380265e-05,-0.7677599417731917,1.0,1.0,0.06069222059514979
randhealth_notmdvis_baseline,nb2+zinb+zinb,3,250.0,True,3,0,150.84824612967773,148.8838186209632,161.52753068441325,-0.6653660095615844,2.5952321665374853,0.8460354866391736,-5.194047713634002e-06,-0.7754694518944015,1.0,1.0,0.060691831542813844
randhealth_notmdvis_baseline,nb2+nb2+zip,3,25.0,True,3,0,153.3468301318529,158.10191418379782,188.1054098898312,-0.6413217383947797,2.5849454385180137,0.8007894019114756,0.004483899564335074,-0.6787574382622248,1.0,1.0,0.051987072450945936
randhealth_notmdvis_baseline,nb2+zinb+zinb,3,1000.0,True,3,0,153.97183080743434,148.86733212178206,170.95655821374658,-0.6649515521359436,2.59521616295275,0.8455314957728515,4.087551731905374e-07,-0.7744318228364525,1.0,1.0,0.06106150004386489
randhealth_notmdvis_baseline,zip+zip+zinb,3,250.0,True,3,0,154.95406243643174,151.40652065287122,165.43143908100137,-0.6669242907777494,2.5953662539546816,0.8488520512522516,-6.311183050396647e-05,-0.7813685034102212,1.0,1.0,0.05169414469217917
randhealth_notmdvis_baseline,zip+zip+zinb,3,1000.0,True,3,0,155.34215509420514,151.3490872530947,166.78643724252834,-0.666906335602004,2.5953576457762866,0.8486119133235924,-6.0002148730327796e-05,-0.7808730729441056,1.0,1.0,0.06932016510671273
randhealth_notmdvis_baseline,zip+zip+zinb,3,500.0,True,3,0,155.48806266422767,151.77899849962978,166.78607824734354,-0.6669225869568391,2.5953621818703603,0.8487480010205951,-6.151316599548966e-05,-0.7811518928552582,1.0,1.0,0.06931363848046064
randhealth_notmdvis_baseline,zip+zinb+zinb,3,500.0,True,3,0,159.4372525774646,156.78212339529728,170.46280693351127,-0.6657571110421571,2.5953238705576047,0.8475997386017508,-4.804212728678111e-05,-0.7787875440966672,1.0,1.0,0.05876183097710407
randhealth_notmdvis_baseline,nb2+nb2,2,250.0,False,3,0,159.5622671067716,172.41087185725974,187.58541010444605,-0.6713559753715063,2.5953080442485503,0.8485215841011903,-2.7377826825936147e-05,-0.7805334646086539,1.0,1.0,0.29546153563292005
randhealth_notmdvis_baseline,zip+zinb+zinb,3,1000.0,True,3,0,159.92134691972782,156.21487984199666,172.57685699105423,-0.6661919264089826,2.595339020707598,0.8480242215985864,-5.3921645690661414e-05,-0.7796705615382805,1.0,1.0,0.05871679874049501
randhealth_notmdvis_baseline,zinb+zinb+zinb,3,250.0,False,3,0,160.06619867315808,157.30910423028763,171.24811717134435,-0.6654409028846756,2.595231692971834,0.8460663264357396,-4.6191941696083205e-06,-0.7755289541264903,1.0,1.0,0.06108033476109212
randhealth_notmdvis_baseline,zip+zinb+zinb,3,250.0,True,3,0,160.41473783600486,156.85410821614823,172.589219032252,-0.6657167352535699,2.595360615430224,0.848749059086278,-6.053208616189446e-05,-0.7811503028125962,1.0,1.0,0.058728145487113026
randhealth_notmdvis_baseline,nb2+zip,2,1000.0,True,3,0,161.17185716074619,172.61978354745042,177.00705482710873,-0.6711089451686524,2.5952604676230315,0.8470177560422192,-1.3789582129645575e-05,-0.7774792179172021,1.0,1.0,0.2947373244681302
randhealth_notmdvis_baseline,nb2+zip,2,500.0,True,3,0,161.71614012554195,172.6139181467497,196.96626112446484,-0.6685753072952133,2.5952514640123403,0.846792120352637,-1.0016328166514063e-05,-0.7770040690346516,1.0,1.0,0.30028664676803507
randhealth_notmdvis_baseline,zinb+zinb+zinb,3,500.0,False,3,0,165.5347475305301,162.13136487888278,176.45170435476393,-0.6659133642469005,2.5952729313889527,0.8469011956408109,-2.287167959306539e-05,-0.7772831300834676,1.0,1.0,0.0743924742348577
randhealth_notmdvis_baseline,zinb+zinb+zinb,3,1000.0,False,3,0,165.54882615199526,162.13243672317094,176.39186551607236,-0.6659181433707699,2.595272847012797,0.84689581916459,-2.2868111018222354e-05,-0.7772723122314155,1.0,1.0,0.07439339898158663
randhealth_notmdvis_baseline,nb2+nb2+zip,3,1000.0,True,3,0,172.99880429291474,153.18894186607668,217.6429638458676,-0.6678783909410996,2.5955477608097284,0.8519968215041472,-0.000145735934556838,-0.7880087675440132,1.0,1.0,0.05926811737237438
randhealth_notmdvis_baseline,poisson+nb2+nb2,3,10.0,True,3,0,175.8387143354057,172.0230904160453,186.065567603825,-0.6355604754550592,2.56704715833172,0.7645383639385978,0.009760075135740806,-0.6039601872365231,1.0,1.0,0.046357635421524664
randhealth_notmdvis_baseline,poisson+nb2,2,10.0,True,3,0,180.59078378780728,163.8062344056725,215.45017147636918,-0.6324377687928625,2.550885114996445,0.7520984108671374,0.016166506613508453,-0.5779374723828299,1.0,1.0,0.17568899598374257
randhealth_notmdvis_baseline,nb2+zip+zip,3,25.0,True,3,0,186.97028258160177,200.46631143005106,208.61412601448228,-0.6491775136164802,2.577466489638281,0.773293270912455,0.0069712907361265675,-0.6219080230640044,1.0,1.0,0.09469090315704799
randhealth_notmdvis_baseline,nb2+zip+zip,3,500.0,True,3,0,188.29336738428597,197.59033819161232,222.35327592474096,-0.6688623576542967,2.5952460765025065,0.8466712934985439,-7.794169202749815e-06,-0.7767524549071121,1.0,1.0,0.09506577251507763
randhealth_notmdvis_baseline,nb2+zip+zip,3,250.0,True,3,0,188.42662951282122,197.99101826815422,222.35347596360225,-0.6688041685401852,2.595248399544871,0.8466996240561079,-8.99848993440866e-06,-0.7768145872850126,1.0,1.0,0.15015100313989346
randhealth_notmdvis_baseline,poisson+zinb,2,10.0,True,3,0,188.97406078574568,172.4394856824265,223.8234953843421,-0.6331235967189346,2.5522517876221156,0.7542401225694021,0.015452249481690624,-0.5826366522016426,1.0,1.0,0.17278338306347327
randhealth_notmdvis_baseline,nb2+zip+zip,3,100.0,True,3,0,190.18691057819402,198.75322986448737,206.20963719020983,-0.6686269681233309,2.594827295632975,0.8455566555332169,0.00013713140628124343,-0.7744674698880908,1.0,1.0,0.09861766035203798
randhealth_notmdvis_baseline,nb2+nb2+zip,3,500.0,True,3,0,190.91880780827674,202.54983685147727,222.01773265389784,-0.6695439101010002,2.5954183649214184,0.8481755618541312,-0.00010182502075029021,-0.7801654180385654,1.0,1.0,0.11170598283022767
randhealth_notmdvis_baseline,zip+zinb,2,10.0,True,3,0,199.63673480674183,200.95068199105117,233.61511593018167,-0.6330484770446488,2.5519221068981803,0.753127442134223,0.015626640672478098,-0.5801810062235376,1.0,1.0,0.19849901481178384
randhealth_notmdvis_baseline,poisson+poisson+zip,3,50.0,True,3,0,201.63366302983255,110.37503436321003,393.70216324274315,-0.6637263873137692,2.5801120529838255,0.8061864819573681,0.006015628888670392,-0.6912058305291549,1.0,1.0,0.023301907164210395
randhealth_notmdvis_baseline,nb2+nb2+zip,3,250.0,True,3,0,203.50087977692115,202.4999580975491,225.14362999149853,-0.671008322222542,2.5952085234367916,0.8455831613641361,5.622048790695129e-06,-0.7745134007318836,1.0,1.0,0.11172435337318892
randhealth_notmdvis_baseline,poisson+nb2+zinb,3,10.0,True,3,0,203.56262937022652,208.4765529340184,209.90784454334607,-0.6342485531045491,2.562182807086566,0.754963433625243,0.012029992103847439,-0.5839743417197533,1.0,1.0,0.07385818937371892
randhealth_notmdvis_baseline,nb2+nb2+nb2,3,1000.0,False,3,0,204.07058442176094,213.60046538673214,215.5135318489174,-0.6711499797507797,2.5953653491359594,0.8496181954569964,-5.17866552021499e-05,-0.7828306089917109,1.0,1.0,0.06241448040797814
randhealth_notmdvis_baseline,nb2+zip+zip,3,1000.0,True,3,0,207.73668293416208,202.39293846585224,223.96253506600624,-0.6713877746937955,2.5952146508678458,0.8457409213677104,3.1514082004709585e-06,-0.7748417048378489,1.0,1.0,0.09221657107508988
randhealth_notmdvis_baseline,nb2+nb2,2,1000.0,False,3,0,209.37192854136325,207.239773777359,235.3311422622246,-0.6743317644321062,2.595909257527536,0.8578068378419591,-0.0003109348289280038,-0.8002946328634017,1.0,1.0,0.2951303508358328
randhealth_notmdvis_baseline,zip+zip+zinb,3,10.0,True,3,0,209.70913147437327,213.3394832531003,215.19805947490931,-0.6339568250332869,2.5552576031611784,0.7514522269299716,0.014566944834952208,-0.5767677795946263,1.0,1.0,0.05115785408086085
randhealth_notmdvis_baseline,nb2+nb2,2,500.0,False,3,0,209.88083623311073,208.7284931517961,235.37145939255242,-0.674381904712535,2.595923255464425,0.8579571263296457,-0.00031807450452074154,-0.8006220067798111,1.0,1.0,0.29508807706745027
randhealth_notmdvis_baseline,nb2+zip+zip,3,10.0,True,3,0,211.29407450627969,206.90749956793206,227.1719869995386,-0.6336716792123772,2.5533267167708864,0.7519302175388295,0.015170493586209624,-0.5777979482299956,1.0,1.0,0.05003015227040753
randhealth_notmdvis_baseline,poisson+zinb+zinb,3,10.0,True,3,0,213.2574937692416,213.473925145664,216.91015374534345,-0.6334355144783549,2.552395656383658,0.7564802079739915,0.015421480868385093,-0.5871122239339438,1.0,1.0,0.041489286934865616
randhealth_notmdvis_baseline,zip+zinb+zinb,3,10.0,True,3,0,213.86471029443905,209.64186876446092,225.80792628503332,-0.6325801473930887,2.5502042105024185,0.7530182026718594,0.015906972245697298,-0.580013453006595,1.0,1.0,0.04378080070829844
randhealth_notmdvis_baseline,nb2+nb2+nb2,3,500.0,False,3,0,214.47400094898057,215.6071618859496,216.3917889907798,-0.6720519796136247,2.5956339567760613,0.8524728456642109,-0.00019300985895938835,-0.7891321512663438,1.0,1.0,0.06142898491535756
randhealth_notmdvis_baseline,nb2+nb2+nb2,3,250.0,False,3,0,214.48000099427404,216.26175833654543,216.38092573739596,-0.6720803209755544,2.595628303479794,0.8524535576719602,-0.00018958391526772514,-0.7890799452308012,1.0,1.0,0.061541125935979914
randhealth_notmdvis_baseline,nb2+nb2+zip,3,10.0,True,3,0,218.51730395270565,227.36812473273585,232.9254511088493,-0.6345026445166698,2.5583032227140494,0.7469260425583357,0.013869473723259381,-0.5671634947452643,1.0,1.0,0.053733938517422385
randhealth_notmdvis_baseline,poisson+zip+zinb,3,10.0,True,3,0,226.96766887996577,214.4813231736216,270.5250989197175,-0.6338644157163832,2.5568045963237878,0.7544174699023655,0.01399665273357372,-0.5828999012466634,1.0,1.0,0.05385754584507903
randhealth_notmdvis_baseline,poisson+zip+zip,3,25.0,True,3,0,229.45637929767508,232.06520827289023,245.97678267254378,-0.653294466274854,2.5803834224923174,0.7951216124158939,0.005969603935713774,-0.667801265983746,1.0,1.0,0.056835805030234485
randhealth_notmdvis_baseline,poisson+poisson+nb2,3,10.0,True,3,0,232.81454080717472,254.81303921536073,259.2365925727181,-0.6341274646932159,2.552310570320033,0.7527463247581139,0.015568929658509237,-0.5794763362058433,1.0,1.0,0.05873991258339274
randhealth_notmdvis_baseline,poisson+poisson+poisson,3,250.0,False,3,0,233.58150010399095,233.423294653242,239.65346185979706,-0.6839891837823998,2.5942362862241306,0.8398594414900956,0.00047940345644481575,-0.7625380123187422,1.0,1.0,0.008714191241828323
randhealth_notmdvis_baseline,nb2+zip,2,10.0,True,3,0,235.68004726727546,264.8743413440825,285.8382808978704,-0.6398503277508558,2.554369265673852,0.7548609239468332,0.01449339975068816,-0.5838968249647637,1.0,1.0,0.36843360543363246
randhealth_notmdvis_baseline,poisson+poisson+zinb,3,10.0,True,3,0,238.10151866134402,258.7686750732437,263.0967722394298,-0.6341078841309566,2.5527834159113616,0.7524230693985827,0.015386958582128499,-0.578841461562061,1.0,1.0,0.05748967810242084
randhealth_notmdvis_baseline,poisson+poisson+zip,3,250.0,True,3,0,241.69077094287604,243.4466515416152,248.02833354797804,-0.6839694818325145,2.594292349666412,0.8401073711128445,0.00045574677035209454,-0.7630528380433713,1.0,1.0,0.021965280468201006
randhealth_notmdvis_baseline,zip+zip+zip,3,25.0,False,3,0,242.52500640296572,232.42193994278205,277.76824140167264,-0.6542803329743786,2.580198397983841,0.7940936145118251,0.006058484271304991,-0.665657268766075,1.0,1.0,0.058942062022602056
randhealth_notmdvis_baseline,poisson+zip+zip,3,250.0,True,3,0,247.6187790229848,251.23534104195278,256.29795860796185,-0.6836615144004258,2.594295733673009,0.8394296631445571,0.0004510805322466653,-0.7616660716772182,1.0,1.0,0.009284471119269756
randhealth_notmdvis_baseline,zip+zip+zip,3,250.0,False,3,0,253.04982049735767,256.6061408332489,258.8464347652234,-0.6837720075963628,2.5943503118042344,0.8392204573215741,0.000420347810368001,-0.7611904589169334,1.0,1.0,0.05168175079231015
randhealth_notmdvis_baseline,nb2+zinb+zinb,3,10.0,True,3,0,254.06025145834187,243.95343426937143,278.06519048393875,-0.6363499684222748,2.5754947414202487,0.7760010561662481,0.007932054421594689,-0.6270510446361028,1.0,1.0,0.05331712226876805
randhealth_notmdvis_baseline,poisson+poisson+poisson,3,25.0,False,3,0,255.9198393397643,236.7444248519805,330.0254450744851,-0.6526558246183174,2.579017114165847,0.7818579717378952,0.006344212010402102,-0.6397521961062008,1.0,1.0,0.012560113316420771
randhealth_notmdvis_baseline,nb2+zinb,2,10.0,True,3,0,257.9362246753174,234.87370449211176,337.48384025272026,-0.6335132827176283,2.558740064621782,0.7536101091734068,0.013308631547110336,-0.5812302652924278,1.0,1.0,0.21329880477228383
randhealth_notmdvis_baseline,poisson+poisson+zip,3,25.0,True,3,0,258.48999907846155,204.51122072172348,394.33819902519826,-0.6539152686061058,2.576792385657902,0.7834271155392329,0.007143025862466956,-0.6429152357026388,1.0,1.0,0.02967647028936734
randhealth_notmdvis_baseline,zinb+zinb,2,10.0,False,3,0,259.2081326148427,226.58817610530605,357.38494742885996,-0.6329517909618264,2.5529811793147803,0.7521724591301208,0.01527176343308497,-0.5781988884377705,1.0,1.0,0.21010253642505736
randhealth_notmdvis_baseline,nb2+nb2,2,10.0,False,3,0,260.2466566406999,216.96115214573547,376.4438902642987,-0.6337775905935658,2.553023990549065,0.7539960829484619,0.015592899904882884,-0.5817299075924506,1.0,1.0,0.13129499620619461
randhealth_notmdvis_baseline,nb2+nb2+nb2,3,10.0,False,3,0,268.85488527599927,281.1496762757715,305.92733879134175,-0.6346775295219186,2.5735257924320645,0.7690314667831079,0.007367270338999088,-0.6130719173809495,1.0,1.0,0.054190430059275055
randhealth_notmdvis_baseline,zinb+zinb+zinb,3,10.0,False,3,0,275.69147814311026,268.39402859032,299.9820793831532,-0.6343718682907776,2.5616258543553143,0.7574816142124913,0.012076899614475334,-0.5891042293414429,1.0,1.0,0.05729976349957167
randhealth_notmdvis_baseline,nb2+nb2+zinb,3,10.0,True,3,0,275.7270741817986,270.4956476763273,357.43797013655603,-0.6368180418904115,2.5787918213835,0.7668846918327498,0.005943891208042802,-0.6077932554729717,1.0,1.0,0.05543049622322482
randhealth_notmdvis_baseline,poisson+nb2+zip,3,10.0,True,3,0,277.73593593654795,279.78194678455384,287.3799528335094,-0.6342899038995974,2.5557628593466926,0.7629062381955228,0.015040287516687697,-0.600305490485359,1.0,1.0,0.06412488549972678
randhealth_notmdvis_baseline,poisson+poisson+poisson,3,500.0,False,3,0,287.88918889077223,280.9701300206398,307.85861285086594,-0.6845150405194084,2.594960594888924,0.8440734413641531,0.0001252092043366737,-0.7713732083128413,1.0,1.0,0.008295723730375862
randhealth_notmdvis_baseline,poisson+nb2,2,5.0,True,3,0,293.2776888462634,314.02334295791206,314.06483484942873,-0.6375373703362006,2.5487135853997573,0.7768251899048355,0.014723950909836728,-0.6302519362903151,1.0,1.0,0.18020976975667224
randhealth_notmdvis_baseline,poisson+poisson+zip,3,500.0,True,3,0,294.53655455354055,287.7792508720395,314.8601426334317,-0.684235566691742,2.5949814198490446,0.8443644170488006,0.00011562410168908244,-0.7719859768861365,1.0,1.0,0.022119919335882723
randhealth_notmdvis_baseline,poisson+nb2+nb2,3,5.0,True,3,0,295.54280628830594,296.51383768506184,305.53114142242794,-0.6360603761700866,2.5726127189683567,0.7877194816029691,0.0045919964337302055,-0.6529935989916866,1.0,1.0,0.04441167948356537
randhealth_notmdvis_baseline,poisson+zip+zip,3,500.0,True,3,0,301.1730464185812,294.2171603043862,321.9659655542773,-0.6840805432911976,2.594953195460254,0.8439403669503615,0.00012873017353853822,-0.771093270677043,1.0,1.0,0.050144212389803856
randhealth_notmdvis_baseline,poisson+zinb,2,5.0,True,3,0,305.2702005442852,307.45782387524196,322.80594193400884,-0.637768845034956,2.547356372611977,0.774565349874956,0.0155647250861111,-0.6254581290011249,1.0,1.0,0.16812184925510026
randhealth_notmdvis_baseline,zip+zip+zip,3,500.0,False,3,0,306.75618344563435,299.9387202247972,331.7049659336426,-0.684040676608385,2.5949229354877947,0.8435044685836838,0.0001435152956548169,-0.7701469318513213,1.0,1.0,0.049974284280136214
randhealth_notmdvis_baseline,poisson+poisson+zinb,3,5.0,True,3,0,307.466278408607,290.8465568831434,351.8721225602758,-0.6392137822623459,2.5449336321676514,0.7665048975750324,0.017257465307087865,-0.6085211568739943,1.0,1.0,0.051156865434549184
randhealth_notmdvis_baseline,zip+zinb,2,5.0,True,3,0,309.763531504607,322.51568323728225,329.2460214385055,-0.6365918493588039,2.5496439358793865,0.7755559778294575,0.014350125630646934,-0.6276321665856138,1.0,1.0,0.19068492872243262
randhealth_notmdvis_baseline,nb2+zip+zinb,3,10.0,True,3,0,319.8436441701827,283.40742502146804,435.51542191007775,-0.6378254624728266,2.5507616158558943,0.7502148903245534,0.015995082621212037,-0.5742881865467873,1.0,1.0,0.0712444350458972
randhealth_notmdvis_baseline,nb2+zinb,2,5.0,True,3,0,329.7561755559491,308.14998009219926,393.840173146662,-0.6405573364440357,2.5483980160386293,0.7573043363087576,0.016824977996623636,-0.588836876802331,1.0,1.0,0.12014505325917982
randhealth_notmdvis_baseline,poisson+poisson+poisson,3,1000.0,False,3,0,334.85951481625096,335.88661720874006,348.61345866190186,-0.6844862536342312,2.5952323757700775,0.8461506558575228,-4.2685504098767995e-06,-0.7756964265895802,1.0,1.0,0.008019333883105235
randhealth_notmdvis_baseline,poisson+nb2+zinb,3,5.0,True,3,0,339.16035914216354,335.6442891167453,351.7240985780427,-0.6360338415966625,2.5716593135187114,0.7802288793942537,0.004890449654017785,-0.63771435004882,1.0,1.0,0.045454459893392876
randhealth_notmdvis_baseline,poisson+poisson+zip,3,1000.0,True,3,0,341.8342237620782,341.8671283013782,356.7251520117579,-0.6842143048945085,2.595203158277273,0.8454866320419411,8.093136390163735e-06,-0.7743094247825448,1.0,1.0,0.008348764217842575
randhealth_notmdvis_baseline,poisson+poisson+nb2,3,5.0,True,3,0,343.0216049189382,338.25851852141386,365.25018526998247,-0.6385883188271658,2.5475689445134813,0.7740492715659207,0.015327623174700489,-0.6245741843652721,1.0,1.0,0.05324382942818375
randhealth_notmdvis_baseline,poisson+zip+zip,3,1000.0,True,3,0,347.66560747435295,349.8170325887313,361.0178171434627,-0.6839409670622884,2.5952263061349576,0.8457749319725377,-3.8751739256751945e-06,-0.774941035316799,1.0,1.0,0.04953349868266541
randhealth_notmdvis_baseline,zip+zip+zip,3,1000.0,False,3,0,350.40037412171813,346.33402920092067,370.369057870661,-0.6835178050681036,2.5951856068341597,0.8450333571921639,1.5037908074592524e-05,-0.7733702568006753,1.0,1.0,0.04953361191141408
randhealth_notmdvis_baseline,nb2+zip,2,5.0,True,3,0,350.8615495852767,349.90140436284855,373.1933343027622,-0.6402629919138777,2.557327218663023,0.7848473438976015,0.010616421610626961,-0.6472552068079656,1.0,1.0,0.36616538801791754
randhealth_notmdvis_baseline,nb2+nb2+zip,3,5.0,True,3,0,351.8203886547847,346.83663708144195,391.5706891157106,-0.6446335932314071,2.568890301646983,0.7830894842469065,0.007262160516318376,-0.6434176296895034,1.0,1.0,0.048855697773813975
randhealth_notmdvis_baseline,poisson+zinb+zinb,3,5.0,True,3,0,369.9304807104742,353.64319122971574,418.4240922824638,-0.6351645211235626,2.5684528901523107,0.7758430262352388,0.006090874924269851,-0.6285956701265913,1.0,1.0,0.04553826091994977
randhealth_notmdvis_baseline,zip+zip+zinb,3,5.0,True,3,0,378.8932529441875,393.4044584561807,429.05060936102655,-0.6375238431770321,2.545374123229081,0.7747694821893237,0.016488414939209012,-0.6258058236694167,1.0,1.0,0.058222318138787824
randhealth_notmdvis_baseline,nb2+nb2+zinb,3,5.0,True,3,0,381.30531966610823,400.0864612986534,447.26513544126556,-0.6380959339333062,2.581506567982554,0.7695783616253286,0.0021276927434364934,-0.6153793146148782,1.0,1.0,0.04765721465357024
randhealth_notmdvis_baseline,poisson+zinb,2,2.0,True,3,0,381.44825022472713,387.3270657041967,389.88616467353313,-0.6491590415256133,2.5578400743864034,0.8078985051668287,0.008981117761037086,-0.6954288562524003,1.0,1.0,0.17001511240513154
randhealth_notmdvis_baseline,zinb+zinb,2,5.0,False,3,0,381.4975098533757,376.8752092922905,411.2783994731635,-0.6378669282919219,2.547746040805101,0.7724943720129734,0.015575289340377663,-0.6208800230026125,1.0,1.0,0.21015587893458482
randhealth_notmdvis_baseline,poisson+nb2,2,2.0,True,3,0,382.7789826158035,373.5409595242936,406.31546313422405,-0.6493590463647084,2.5647046112004293,0.8157310070837981,0.006644290779667439,-0.7114952146482016,1.0,1.0,0.20000501514197203
randhealth_notmdvis_baseline,zip+zinb,2,2.0,True,3,0,387.29478989037005,380.61115433452323,403.3439114747516,-0.6483675106933746,2.56891486315382,0.8157026913201237,0.004121870583774556,-0.7117695646264594,1.0,1.0,0.19421351591671737
randhealth_notmdvis_baseline,poisson+poisson+zip,3,10.0,True,3,0,390.48134281424853,400.4721326341205,453.4047171224738,-0.6634546393106754,2.5718162803119586,0.8230612490300904,0.00916856448538772,-0.7241913792716028,1.0,1.0,0.01855480182117433
randhealth_notmdvis_baseline,zip+zinb+zinb,3,5.0,True,3,0,394.5263658264242,368.97383512745637,451.7169009959298,-0.6348329117859365,2.57768290725471,0.7818210204444881,0.001986593989287392,-0.6411428565286627,1.0,1.0,0.04918676945227509
randhealth_notmdvis_baseline,zip+zip+zip,3,10.0,False,3,0,396.84511278156396,377.09669990212933,470.3647538746536,-0.6444040513824291,2.566620562160564,0.7812247617255758,0.011029328853687534,-0.6382803888354072,1.0,1.0,0.059365305686862185
randhealth_notmdvis_baseline,poisson+zip+zinb,3,5.0,True,3,0,398.5744647944454,392.7048532571853,414.7153872675317,-0.6369482591306258,2.5499233810251227,0.7768532217481878,0.014122277821959258,-0.6305325739225178,1.0,1.0,0.04823387728338939
randhealth_notmdvis_baseline,nb2+zinb,2,2.0,True,3,0,406.3836005466122,396.94751766132777,439.96649875810635,-0.6506943566209783,2.5939716192818447,0.8084521045474072,-0.009451484887782136,-0.6980267137107988,1.0,1.0,0.1306208946614371
randhealth_notmdvis_baseline,poisson+zip+zip,3,10.0,True,3,0,409.0011649815078,388.302001325128,457.429960836379,-0.6434118075671141,2.5680039258236205,0.7823186815066183,0.010524357103422996,-0.640512859881479,1.0,1.0,0.05828914351144992
randhealth_notmdvis_baseline,poisson+poisson+poisson,3,10.0,False,3,0,414.43432336901213,373.65708122623073,504.4267145443737,-0.6733180778227889,2.627241965703012,0.8232468402579625,-0.010033914176838929,-0.7236206872133537,1.0,1.0,0.0198537205293596
randhealth_notmdvis_baseline,nb2+nb2+nb2,3,5.0,False,3,0,422.78165985628283,428.18236512256954,448.746922271288,-0.6324751771851106,2.5497078203915424,0.7589842828645338,0.016767773407777315,-0.592038534668846,1.0,1.0,0.06036060553787504
randhealth_notmdvis_baseline,nb2+nb2,2,5.0,False,3,0,427.87487236715,393.09188529584753,508.9721850496044,-0.6423834589444071,2.5721052650398852,0.7753698021224977,0.003511410030706763,-0.6282276637056231,1.0,1.0,0.12312161247257573
randhealth_notmdvis_baseline,nb2,1,50.0,False,3,0,428.90323184554956,406.9773831983275,483.0829388230086,-0.6839700659118497,2.554718089796158,0.7614964009970832,0.015124047173119548,-0.5975248390957989,1.0,1.0,1.0
randhealth_notmdvis_baseline,poisson+zip,2,100.0,True,3,0,432.6833834331558,446.5933809950029,466.2066310581449,-0.7037551645731549,2.5925711196978747,0.8346186005113334,0.00027440349047328877,-0.7513861937019938,1.0,1.0,0.165042717076994
randhealth_notmdvis_baseline,poisson+zip,2,50.0,True,3,0,434.1550746036607,433.4259028335273,441.4530971057047,-0.6927789891033141,2.5839510186976624,0.8229620438092349,0.0038430623942738626,-0.7258050478766972,1.0,1.0,0.11934391523222196
randhealth_notmdvis_baseline,zinb,1,50.0,False,3,0,436.92797092271,415.48058510382543,490.72284140695774,-0.6839408281222807,2.554556194148488,0.7619641294038503,0.015173517066013886,-0.5984810017681043,1.0,1.0,1.0
randhealth_notmdvis_baseline,poisson+poisson,2,50.0,False,3,0,437.4390065730383,431.98777829602204,461.55233349652553,-0.6949891964061163,2.582862763837833,0.8214021222278899,0.004272360899794399,-0.7224975916017559,1.0,1.0,0.02624783215359028
randhealth_notmdvis_baseline,poisson+nb2+zip,3,5.0,True,3,0,439.3477779289554,427.74154274978355,470.1579288144176,-0.637091406137221,2.552148446713913,0.7668700377784048,0.014674195853632757,-0.609359278802149,1.0,1.0,0.06056629139692724
randhealth_notmdvis_baseline,zip+zip,2,50.0,False,3,0,439.9846376236337,439.88685848475416,444.144301023709,-0.691385162895302,2.5846659726991152,0.8225831420083612,0.0035498172419220855,-0.7251151615435955,1.0,1.0,0.1142955866215018
randhealth_notmdvis_baseline,zip+zip,2,100.0,False,3,0,441.3785318164585,462.1167473706146,479.83057478523824,-0.7010079916025639,2.59068593077009,0.8333459755041616,0.0010684499809545667,-0.7486992676543904,1.0,1.0,0.11031192900868877
randhealth_notmdvis_baseline,nb2+zip+zinb,3,5.0,True,3,0,451.76440907950047,472.8782783634533,514.2400326402994,-0.6510655930256061,2.6055247251683014,0.8078093077786362,-0.008421732996539292,-0.6948337307022449,1.0,1.0,0.06035451367065274
randhealth_notmdvis_baseline,nb2+zip,2,2.0,True,3,0,453.1061329169758,485.4820262924168,501.62971703105904,-0.6507024158053177,2.5839318433230876,0.8323341990036218,-0.0008965825253030394,-0.7458591407279046,1.0,1.0,0.371846908812521
randhealth_notmdvis_baseline,poisson+poisson,2,100.0,False,3,0,457.8947599633472,474.419685725441,485.7558235002216,-0.7060873824267849,2.5913056838352784,0.8351508488008849,0.0005852243249851267,-0.7525482652132508,1.0,1.0,0.025475583973998576
randhealth_notmdvis_baseline,nb2+zinb+zinb,3,5.0,True,3,0,466.34403081731915,451.8850947018609,516.7611554664782,-0.641284829194627,2.5737028368385637,0.7874882585391051,0.0029539654184849162,-0.6530305479276542,1.0,1.0,0.06216610671131157
randhealth_notmdvis_baseline,zip+zip,2,25.0,False,3,0,476.4014611193655,463.68577333728626,542.4259816556687,-0.6907891075309195,2.5803896833298863,0.8221709629136189,0.0053078772145085384,-0.7236272518824839,1.0,1.0,0.11624238803616936
randhealth_notmdvis_baseline,poisson+zip,2,25.0,True,3,0,477.2665540362753,470.27796136629786,515.6589912864902,-0.6930309497697826,2.580014187214111,0.8231308127457732,0.005384470852910199,-0.7255404316349594,1.0,1.0,0.11912525442634457
randhealth_notmdvis_baseline,poisson+poisson,2,25.0,False,3,0,477.69465649307375,466.88855239738314,510.4368960048241,-0.6965028640770804,2.5815153696072755,0.823273524793383,0.004556254764125282,-0.7258993692201537,1.0,1.0,0.026943407678046295
randhealth_notmdvis_baseline,nb2+nb2,2,2.0,False,3,0,479.662508811065,458.3794116218278,549.2953460727467,-0.6553202098316119,2.6224161778259525,0.8334867294645516,-0.02179205527170051,-0.7498741233063594,1.0,1.0,0.22174495327630864
randhealth_notmdvis_baseline,zinb+zinb,2,2.0,False,3,0,484.57598687988076,467.1158123122568,532.2043296145066,-0.6528751096988644,2.564928064350027,0.8112313176059418,0.006408463107110888,-0.7019381397297003,1.0,1.0,0.20672881935267254
randhealth_notmdvis_baseline,nb2,1,25.0,False,3,0,489.5600525434863,465.01771736371484,540.4073950831316,-0.6804969158283107,2.54761932195762,0.770051562654844,0.017308627937707117,-0.6153144855987526,1.0,1.0,1.0
randhealth_notmdvis_baseline,poisson+nb2,2,0.0,True,3,0,492.99808791070853,492.43357426519015,508.4619269790501,-0.7738804551514336,2.728716740575786,0.9163982162940116,-0.05676082190848556,-0.9217016449172215,1.0,1.0,0.1780438786974645
randhealth_notmdvis_baseline,nb2,1,100.0,False,3,0,497.85804750630905,476.786567294067,545.2685148920154,-0.6954074642654628,2.5750434208952027,0.7760430091911346,0.0077622865688269,-0.628110312846781,1.0,1.0,1.0
randhealth_notmdvis_baseline,zinb,1,25.0,False,3,0,498.3852793961666,473.96097500800624,548.6225441102897,-0.6804573444985925,2.547462782086276,0.7699983833745644,0.017390019115273974,-0.6151679893427235,1.0,1.0,1.0
randhealth_notmdvis_baseline,poisson+zinb,2,0.0,True,3,0,498.74505118829285,498.85361015056606,516.5467105888265,-0.7736280742286888,2.8195086513728875,0.9139280281634511,-0.09052255396344504,-0.9171470988395204,1.0,1.0,0.17275892577533974
randhealth_notmdvis_baseline,zinb,1,100.0,False,3,0,506.4339924952131,485.2127261725791,554.58751399629,-0.6954203591066047,2.5751113043229363,0.7763452591193688,0.007735180093168685,-0.6287436791084123,1.0,1.0,1.0
randhealth_notmdvis_baseline,zip+zinb,2,0.0,True,3,0,522.0739701518484,528.4888091982175,533.1548510632647,-0.763829562641352,2.6458035150928416,0.8929947678626488,-0.027729689384900464,-0.8731431165363798,1.0,1.0,0.205298512318567
randhealth_notmdvis_baseline,zinb+zinb+zinb,3,5.0,False,3,0,529.6147177433755,524.2697511326351,577.2043948303099,-0.6414933671282287,2.550586822029105,0.7670590641064204,0.015526727784151576,-0.6094999720067656,1.0,1.0,0.06277815121455725
randhealth_notmdvis_baseline,nb2,1,5.0,False,3,0,530.1921772360878,522.2982501087108,576.5150212565622,-0.6905830149238316,2.546853901081737,0.7973685640953838,0.016411254599028147,-0.6724434666181907,1.0,1.0,1.0
randhealth_notmdvis_baseline,nb2,1,10.0,False,3,0,530.2604991974713,519.0119488601995,573.2361435920157,-0.6851139670370956,2.545616733158184,0.7875387043476146,0.01724037202467965,-0.6518969007581327,1.0,1.0,1.0
randhealth_notmdvis_baseline,zinb,1,10.0,False,3,0,534.4634498412319,524.8224432735115,580.2256713314009,-0.6850542266004266,2.5446919695831975,0.7874632077016588,0.017578218696488308,-0.6517186349165945,1.0,1.0,1.0
randhealth_notmdvis_baseline,poisson+poisson+zip,3,5.0,True,3,0,541.707314494413,560.2690606265505,624.0578186219773,-0.6847127879421432,2.5764779711628005,0.801642253614744,0.005979350273463339,-0.6807011881757555,1.0,1.0,0.028600546546649987
randhealth_notmdvis_baseline,zinb,1,5.0,False,3,0,545.893127262987,536.8166684027483,600.7047166403627,-0.6903740762217266,2.5463872486391135,0.797926792314919,0.0165781306184218,-0.6735974524584193,1.0,1.0,1.0
randhealth_notmdvis_baseline,poisson+zip,2,5.0,True,3,0,547.3993703139537,538.9875871806371,568.1633527332751,-0.725162517666643,2.6060514158153207,0.8620215699174197,-0.007298154238676857,-0.8076494621459691,1.0,1.0,0.12103136087699606
randhealth_notmdvis_baseline,poisson+zip+zip,3,5.0,True,3,0,548.6709721285339,558.0394909230245,603.1268399343826,-0.6713264269619365,2.6545638883083993,0.8259361524866593,-0.03581648928724616,-0.7339766779605682,1.0,1.0,0.06591713363561044
randhealth_notmdvis_baseline,poisson+poisson,2,10.0,False,3,0,551.9692382959911,558.5558238667272,584.7918768409727,-0.714142376834353,2.584111847424632,0.8308004651223816,0.0026490213782655405,-0.7418752049738743,1.0,1.0,0.02984329227201737
randhealth_notmdvis_baseline,nb2+zinb,2,0.0,True,3,0,552.0340356059742,556.3442713807381,566.1388688770103,-0.7653965250809506,2.6366988869329906,0.8924510918521852,-0.02871069328866956,-0.8728337444841703,1.0,1.0,0.2065933212486015
randhealth_notmdvis_baseline,nb2+zip,2,0.0,True,3,0,552.1303872613856,525.2661464268685,610.7810783206587,-0.7626307449562396,2.7040666009709557,0.915587593798656,-0.04679285440930384,-0.9193635258548044,1.0,1.0,0.21224396928209216
randhealth_notmdvis_baseline,poisson+poisson+poisson,3,5.0,False,3,0,554.6115409568023,543.1913916822987,596.1497478293977,-0.6879386439055732,2.5702648325184496,0.8045204180256081,0.009493816654823775,-0.6863908371357885,1.0,1.0,0.02469528479744166
randhealth_notmdvis_baseline,poisson+zip,2,10.0,True,3,0,554.6725787679956,567.5558725132423,573.718501429611,-0.711960147969517,2.585225822358725,0.8322990680382777,0.00234073220973241,-0.7449672804726829,1.0,1.0,0.12240574403127207
randhealth_notmdvis_baseline,poisson+poisson,2,5.0,False,3,0,558.6622337329569,545.0681794957718,591.4745224787321,-0.7317799429374189,2.603837875447087,0.8588768017197417,-0.006646365429211709,-0.8014378494239619,1.0,1.0,0.03150095225704594
randhealth_notmdvis_baseline,zip+zip+zip,3,5.0,False,3,0,558.9914979298637,577.3281059913397,621.6099896520864,-0.6775467298454622,2.6719335507059814,0.8331984466087371,-0.0440548051277632,-0.7492741913642998,1.0,1.0,0.06603229149470581
randhealth_notmdvis_baseline,nb2,1,2.0,False,3,0,568.1197476660869,551.7876638848848,617.9702388095238,-0.6980865941892557,2.5502016208184526,0.809994387719078,0.014872623121509906,-0.6988383438609818,1.0,1.0,1.0
randhealth_notmdvis_baseline,zinb,1,2.0,False,3,0,579.2931648688991,560.2554721157549,626.468777879074,-0.6980666585964507,2.5500600734299828,0.8093499485189918,0.01491659772551801,-0.6974690409396948,1.0,1.0,1.0
randhealth_notmdvis_baseline,zinb+zinb,2,0.0,False,3,0,581.1153494686138,580.9882211497134,670.2150778877412,-0.785380531576258,2.8516167663616527,0.9665208852528581,-0.10719363370425532,-1.0265724082155863,1.0,1.0,0.13281894049045578
randhealth_notmdvis_baseline,poisson+nb2+zinb,3,2.0,True,3,0,581.9472482662268,565.7464736266102,653.3616252405018,-0.6497533424429274,2.61962548923031,0.815961271144057,-0.018456423467990774,-0.7130833095251198,1.0,1.0,0.05151419770655333
randhealth_notmdvis_baseline,poisson+nb2+nb2,3,2.0,True,3,0,586.324689118369,552.6635827534756,706.984492696809,-0.6479426377527057,2.6375724227881165,0.8259003488741811,-0.02604621697466288,-0.7336901477512164,1.0,1.0,0.049046706242015174
randhealth_notmdvis_baseline,nb2+zip+zip,3,5.0,True,3,0,586.6927134713902,574.7464805838736,642.2728009351576,-0.6414554263151716,2.555439614209265,0.7899633954780848,0.011396932545592708,-0.657948834573275,1.0,1.0,0.13151511117952472
randhealth_notmdvis_baseline,poisson+zinb+zinb,3,2.0,True,3,0,592.075754324656,559.2373723592027,726.0504598855641,-0.6466428138258029,2.60552246993181,0.8195222873109128,-0.013908271505274183,-0.7206152199009557,1.0,1.0,0.04914379040048994
randhealth_notmdvis_baseline,nb2,1,0.0,False,3,0,597.7226478790286,588.2757014798317,637.7827413315617,-0.8229548731873733,2.699112007192355,0.8614545032817572,-0.05685995426881718,-0.8085184843393151,1.0,1.0,1.0
randhealth_notmdvis_baseline,poisson+nb2+zip,3,2.0,True,3,0,603.4777029674651,583.7889622261728,655.0018884725459,-0.6465885312370164,2.567040085527014,0.8130297091341911,0.00331121132854025,-0.706870619688436,1.0,1.0,0.06507293120026067
randhealth_notmdvis_baseline,zinb,1,0.0,False,3,0,605.2186859962015,595.4738912671501,644.7063718887985,-0.8070380964315631,2.6096461269671405,0.8480080022333049,-0.012456439487388985,-0.779515502927595,1.0,1.0,1.0
randhealth_notmdvis_baseline,nb2+nb2,2,0.0,False,3,0,610.3169117149782,576.3787348512205,727.6601666989436,-0.76559063505929,2.682955409901837,0.898629308843831,-0.046870355025934986,-0.8861354738841213,1.0,1.0,0.2174839081840967
randhealth_notmdvis_baseline,nb2,1,250.0,False,3,0,620.2411693272379,615.8310747963696,654.5092850170076,-0.7118564769168737,2.5952353926644194,0.8461501030970972,-6.1827624359504325e-06,-0.7757039288930029,1.0,1.0,1.0
randhealth_notmdvis_baseline,nb2,1,500.0,False,3,0,620.2414608101914,615.8317967993698,654.509146415623,-0.7118611029631196,2.595244533220028,0.8462786421724666,-1.0749334530787044e-05,-0.7759815117379993,1.0,1.0,1.0
randhealth_notmdvis_baseline,nb2,1,1000.0,False,3,0,620.2418567959663,615.831586646409,654.5097976640172,-0.7118309061951663,2.5951945187322214,0.8452685195851544,1.1544393880180692e-05,-0.773857078213783,1.0,1.0,1.0
randhealth_notmdvis_baseline,zip+zip+zinb,3,2.0,True,3,0,620.35886660637,611.5987182698509,653.4225080688975,-0.6517208304832939,2.598258515897841,0.8406308719809514,-0.010212086837050141,-0.7641000966872774,1.0,1.0,0.05179763179188224
randhealth_notmdvis_baseline,zip+zinb+zinb,3,2.0,True,3,0,621.2425363847263,610.7229963019145,680.1158746999745,-0.6496852513227315,2.569291961601719,0.7986376829678316,0.006421234727432168,-0.6753843423237216,1.0,1.0,0.06383238020821132
randhealth_notmdvis_baseline,poisson+poisson,2,2.0,False,3,0,625.703098761856,643.0001114464176,643.7343327057561,-0.7662618279940072,2.641386254150818,0.8866351662463927,-0.023595640580392246,-0.8595752195798304,1.0,1.0,0.032850384827295895
randhealth_notmdvis_baseline,poisson+zip+zinb,3,2.0,True,3,0,627.7339171702093,616.9455871462333,684.6585932325852,-0.6586023576166318,2.604921814066749,0.8557141544198497,-0.014031516906859998,-0.7954429142476932,1.0,1.0,0.05239756850991629
randhealth_notmdvis_baseline,zinb,1,500.0,False,3,0,628.7400719637304,624.300677613649,663.0606154267161,-0.7118598504716456,2.5952211720153127,0.8465131785457162,7.193061922391071e-06,-0.7763728860668083,1.0,1.0,1.0
randhealth_notmdvis_baseline,zinb,1,250.0,False,3,0,628.7411317479952,624.3010192430766,663.0626972477867,-0.7119039598902445,2.5953135400224974,0.8476391737241648,-4.065713915305894e-05,-0.7788420604987104,1.0,1.0,1.0
randhealth_notmdvis_baseline,zinb,1,1000.0,False,3,0,628.7434946531384,624.3008575832655,663.0689815638916,-0.7119030616879586,2.5953121601245375,0.8475945889168209,-4.0218888888055027e-05,-0.7787507862181057,1.0,1.0,1.0
randhealth_notmdvis_baseline,poisson+zip,2,2.0,True,3,0,630.1199599363785,630.5842625351161,633.3155892872919,-0.7754863658101366,2.639428844264138,0.88547363821062,-0.022665196829844952,-0.8571279644761834,1.0,1.0,0.12044510594815093
randhealth_notmdvis_baseline,nb2+zip+zinb,3,2.0,True,3,0,636.121519383697,662.518014561022,667.0281557824546,-0.6560802076135762,2.5953348632028095,0.8263882863007687,-0.006606970740425748,-0.7349420766245038,1.0,1.0,0.061552782828316846
randhealth_notmdvis_baseline,poisson+poisson+nb2,3,2.0,True,3,0,640.9682395681721,635.5650035438139,695.0619384812289,-0.6513993294166712,2.5629253342218017,0.808013820093379,0.006500702032417667,-0.6957820360480126,1.0,1.0,0.08863609457610763
randhealth_notmdvis_baseline,poisson+poisson+zinb,3,2.0,True,3,0,642.4657883556087,618.7028579749785,690.773276140998,-0.6649502590272486,2.746535863001769,0.8742804941411563,-0.06790763853102007,-0.8361142095458782,1.0,1.0,0.06060662181219238
randhealth_notmdvis_baseline,zip+zip,2,5.0,False,3,0,642.7523393385294,598.7417381162049,793.6954074411187,-0.7187262802530552,2.592234856850975,0.8523303861828398,-0.0005585363917455233,-0.7869804079131085,1.0,1.0,0.11931029397033305
randhealth_notmdvis_baseline,poisson+zip+zip,3,2.0,True,3,0,648.5799798335953,669.3992473293374,673.9026458822682,-0.7091059892556659,2.7661046255162858,0.8703877714719582,-0.06195056034805021,-0.8232555342864522,1.0,1.0,0.06776957520446067
randhealth_notmdvis_baseline,zip+zip,2,10.0,False,3,0,660.1923142488225,677.8546833650853,726.4690226442808,-0.7170898338409355,2.8804372055609586,0.8990703604443421,-0.14823015248411422,-0.8902886193152614,1.0,1.0,0.11942018910149954
randhealth_notmdvis_baseline,zip+zip,2,250.0,False,3,0,665.7846904720149,652.4661635273687,698.0741532152297,-0.7292692687812696,2.5935356100140923,0.8390985766186304,0.0007323464666326718,-0.7607513009489953,1.0,1.0,0.10626171764719097
randhealth_notmdvis_baseline,nb2+nb2+zinb,3,2.0,True,3,0,672.049946498043,625.0680974626057,807.2444087555459,-0.6522544802099933,2.5958541278187295,0.8121331580350177,0.0004133868944189434,-0.7016865072270111,1.0,1.0,0.06422635751937775
randhealth_notmdvis_baseline,poisson+poisson+poisson,3,2.0,False,3,0,676.7564517881034,619.1572638191074,792.2756422746988,-0.7081640947184841,2.591591480960984,0.8337582232905133,0.0019727570301675637,-0.7470993856179433,1.0,1.0,0.023346100876157717
randhealth_notmdvis_baseline,poisson+poisson+zip,3,2.0,True,3,0,686.5828765830147,655.0300807881404,804.8383841340292,-0.727439272454184,2.6599341589241816,0.8867760820918305,-0.022313936290423997,-0.8579328224139853,1.0,1.0,0.07397042188194597
randhealth_notmdvis_baseline,poisson+zip,2,250.0,True,3,0,689.2396870210165,700.0164639944815,712.9636298265896,-0.7356193825743915,2.5939600172298896,0.8409560338433235,0.0003823745425278006,-0.7648015185027637,1.0,1.0,0.11422139501611042
randhealth_notmdvis_baseline,poisson+poisson,2,250.0,False,3,0,693.6379372310136,699.5376198878748,732.01293880313,-0.7372966695397345,2.594193707825314,0.8407691534756756,0.0002523101689216878,-0.7644537216627197,1.0,1.0,0.024890989702525165
randhealth_notmdvis_baseline,poisson+poisson,2,0.0,False,3,0,696.0569705610105,713.3882367162587,723.5462972114392,-0.9008990120654584,2.689685188363144,0.942963102671091,-0.04378344297595238,-0.9776041949524839,1.0,1.0,0.03830287107569743
randhealth_notmdvis_baseline,nb2+zip+zip,3,2.0,True,3,0,719.0948310208232,754.1372723800569,764.6408231242849,-0.6486928041522475,2.61202656420491,0.8400481984007268,-0.013824291373854177,-0.7626937313144883,1.0,1.0,0.076640427711654
randhealth_notmdvis_baseline,poisson+zip,2,0.0,True,3,0,723.717669822386,716.1077909174246,777.5810053547011,-0.8954433963042566,2.9074830025342338,0.9861486014234956,-0.1562652972018732,-1.0695570475601863,1.0,1.0,0.12684867141765485
randhealth_notmdvis_baseline,nb2+zinb+zinb,3,2.0,True,3,0,729.2610983232513,737.2416211903292,801.5129360601459,-0.6487905052968842,2.5655884843763612,0.8030831240445947,0.010628630222443055,-0.6831945095400668,1.0,1.0,0.06348208402958896
randhealth_notmdvis_baseline,nb2+nb2+zip,3,2.0,True,3,0,732.67384968554,745.4868324150457,776.3058722053593,-0.6603669187576706,2.6315382380436607,0.8121778538013272,-0.01758574383387738,-0.7033284445008287,1.0,1.0,0.06601349685902863
randhealth_notmdvis_baseline,zip+zip+zip,3,2.0,False,3,0,742.6629601198898,674.3426816900928,894.6027995614932,-0.7162870168767842,2.680219152283462,0.8800034666574473,-0.03597739218704721,-0.8445111282039862,1.0,1.0,0.06740187334912703
randhealth_notmdvis_baseline,zip+zip,2,500.0,False,3,0,749.3808866529129,758.4756557531709,789.0890504985337,-0.7358647361264281,2.5945274912386664,0.8421850811182577,0.000346281312740393,-0.7674472902531043,1.0,1.0,0.1041386972149771
randhealth_notmdvis_baseline,nb2+nb2+nb2,3,2.0,False,3,0,754.8840131543087,764.8135768260836,801.2502261195286,-0.6660379565771798,2.624425129865644,0.8111406601526417,-0.022012647641737198,-0.703449905024065,1.0,1.0,0.06886814148122646
randhealth_notmdvis_baseline,zinb+zinb+zinb,3,2.0,False,3,0,760.381681010765,767.4276356553828,810.8910155907506,-0.6551915166127064,2.560690322004015,0.8037547891930946,0.008508260157964872,-0.6861912414305823,1.0,1.0,0.06769250167421541
randhealth_notmdvis_baseline,zip+zip,2,2.0,False,3,0,771.1842898957744,795.5992642139709,816.6349446338681,-0.7919319097777677,2.6401241738561527,0.9013109215703556,-0.022166754113343862,-0.8899950881973385,1.0,1.0,0.12054690550073367
randhealth_notmdvis_baseline,poisson+zip,2,500.0,True,3,0,799.7970590154067,781.3587590514562,855.8313777830972,-0.7396463073766005,2.5946273987355486,0.8436407775157083,0.0002986715842000868,-0.7705972398949,1.0,1.0,0.11194906780946744
randhealth_notmdvis_baseline,zip+zip+zip,3,0.0,False,3,0,803.1637264219131,789.5392940007578,854.037800675892,-0.8925282323360587,4.350045046114626,1.0892638428027828,-0.6200044957100627,-1.2787258285289924,1.0,1.0,0.06484270174961212
randhealth_notmdvis_baseline,nb2+nb2+nb2,3,0.0,False,3,0,822.2108910554374,818.7265948921822,832.5276600033476,-0.7763953059318247,8.583390003950258,1.1781022635628748,-2.0077416676417603,-1.457863777702889,1.0,1.0,0.07135715606854408
randhealth_notmdvis_baseline,nb2+nb2+zinb,3,0.0,True,3,0,825.9388892579321,828.8044217016704,854.3921935613107,-0.8349051690227176,3.2918967207202083,1.1126112298619064,-0.3173889735503921,-1.3360806647742691,1.0,1.0,0.060913440620974785
randhealth_notmdvis_baseline,zip+zinb+zinb,3,0.0,True,3,0,832.7900329456033,817.8963320740786,898.7917962082138,-0.8061703009372764,3.2305647171970766,1.0329430734463854,-0.2425153843052296,-1.1634829100626891,1.0,1.0,0.0641441071827805
randhealth_notmdvis_baseline,poisson+poisson,2,500.0,False,3,0,833.6044254408365,860.1089434396117,865.5395879695561,-0.7454075273031567,2.5946645658033365,0.8444191219992124,0.0002858658584538043,-0.7721927781246322,1.0,1.0,0.023373672538132294
randhealth_notmdvis_baseline,zip+zip,2,1000.0,False,3,0,833.8149325682574,845.0246602859888,882.3573166870774,-0.732668672553589,2.5952834073502165,0.8472692458754055,-2.602338550043252e-05,-0.7780354354101497,1.0,1.0,0.10212319456165217
randhealth_notmdvis_baseline,poisson+zip+zip,3,0.0,True,3,0,836.6938233856903,865.078008876284,865.6262330605996,-0.8700742085169281,3.2559818894960553,1.025071508763824,-0.2309948537687739,-1.1439073203000258,1.0,1.0,0.07074282939125918
randhealth_notmdvis_baseline,poisson+nb2+zinb,3,0.0,True,3,0,848.9625569382912,854.7178476567988,857.2978233577032,-0.8009511684390386,4.083921435130156,1.0634578896529776,-0.6388436677604388,-1.235229289467777,1.0,1.0,0.0830839327464418
randhealth_notmdvis_baseline,poisson+nb2+zip,3,0.0,True,3,0,857.0938674617073,852.7856141430202,866.020880891243,-0.7834692657660929,3.0842016533566046,1.0193732600433567,-0.19651844679135202,-1.1377785473904234,1.0,1.0,0.06771621070976114
randhealth_notmdvis_baseline,zip+zip,2,0.0,False,3,0,859.7391184597864,856.9054339825025,882.9929240483962,-0.8964288416838008,2.7231033998532292,0.9733299404927026,-0.0611126431279847,-1.0413178027892522,1.0,1.0,0.12593943510534747
randhealth_notmdvis_baseline,poisson+zip+zinb,3,0.0,True,3,0,860.0445242026772,860.4698270722056,889.0866495007549,-0.794332654999436,98.58900549098645,3.887569459577456,-33.75453992265184,-7.042609584292147,1.0,0.6666666666666666,0.06762170847702946
randhealth_notmdvis_baseline,nb2+zinb+zinb,3,0.0,True,3,0,860.2682044082121,892.2888548598057,906.249354997688,-0.8138373682110199,3.686777893398405,1.0702805726530082,-0.4664627817836738,-1.2534981006313428,1.0,1.0,0.060822804287953974
randhealth_notmdvis_baseline,zinb+zinb+zinb,3,0.0,False,3,0,880.1465706457951,878.8963499873998,930.6224548722548,-0.7948865387785554,3.082739913646805,1.005540245843803,-0.22026693965027885,-1.109211101171545,1.0,1.0,0.07187763768926977
randhealth_notmdvis_baseline,zip+zip+zinb,3,0.0,True,3,0,884.7567290919363,877.4543184785744,906.0745028465908,-0.7804222745264053,3.0811321569728527,1.0050835033086347,-0.1969614258417427,-1.109014433302059,1.0,1.0,0.05671782558576483
randhealth_notmdvis_baseline,poisson+poisson+zip,3,0.0,True,3,0,890.6444679844059,896.7059103341762,997.5000869803916,-0.8819828621810375,3.1544566646937358,1.0393328200378333,-0.21739359236238762,-1.1748164314295477,1.0,1.0,0.030092558317090543
randhealth_notmdvis_baseline,poisson+zip,2,1000.0,True,3,0,891.1345665153925,910.2455613231641,996.3343309533866,-0.7352346466950287,2.5952024998558323,0.8452311658521525,6.217007020451841e-06,-0.7738069177368855,1.0,1.0,0.1399890669879036
randhealth_notmdvis_baseline,poisson+poisson+zinb,3,0.0,True,3,0,905.7949905439197,909.8625952091043,932.869412887133,-0.7781791161931076,2.8609199878661102,0.9056704209832835,-0.10495641289043323,-0.8994654233379914,1.0,1.0,0.08394417679516672
randhealth_notmdvis_baseline,nb2+nb2+zip,3,0.0,True,3,0,916.6820369129733,903.9904217572239,959.5003075381464,-0.7953544441400257,91.50309978398646,4.699220591098852,-31.544806439761697,-8.748578304736602,1.0,0.6666666666666666,0.06037492146616893
randhealth_notmdvis_baseline,nb2+zip+zinb,3,0.0,True,3,0,930.6902056734849,916.0992060019653,968.9614026893223,-0.8249311874615692,7.114293251232865,1.3519697907276813,-1.6929547783159358,-1.8376090861468464,1.0,1.0,0.06628452896126456
randhealth_notmdvis_baseline,poisson+poisson+nb2,3,0.0,True,3,0,930.7609891245447,928.0820731113736,979.7406385190934,-0.7791807257634678,2.697492894605002,0.8911051250782638,-0.04898801923589143,-0.870421801433429,1.0,1.0,0.08313230329220997
randhealth_notmdvis_baseline,poisson+poisson,2,1000.0,False,3,0,931.7790830544012,922.5272344005298,1012.7354123779005,-0.7400747124068437,2.5952211817260498,0.8458486952590896,1.357146313848053e-08,-0.7750719309904953,1.0,1.0,0.023544695597580458
randhealth_notmdvis_baseline,nb2+zip+zip,3,0.0,True,3,0,931.9276295808786,933.9662493243995,947.7609475069021,-0.7921226849601054,4.369834577606579,1.0851730567233868,-0.640498328053014,-1.2739288713619064,1.0,1.0,0.07937664032390833
randhealth_notmdvis_baseline,poisson+nb2+nb2,3,0.0,True,3,0,941.5106236399919,940.4538661264587,957.9120634306582,-0.7738002511239476,2.705094874953689,0.9134027330139425,-0.04905938081607871,-0.9155849404801574,1.0,1.0,0.0888676627902295
randhealth_notmdvis_baseline,poisson+zinb+zinb,3,0.0,True,3,0,956.763178693579,956.140965236812,973.4784507861787,-0.7736590801370111,2.654122733270153,0.899099546119539,-0.03241923625660229,-0.8866220573538287,1.0,1.0,0.08640483591714787
randhealth_notmdvis_baseline,poisson+poisson+poisson,3,0.0,False,3,0,1017.5835901308383,1039.254535817221,1059.995275075812,-0.8644515906835406,2.8084510000592804,0.9934795564118651,-0.07961405804114403,-1.0819555198060262,1.0,1.0,0.032329081299365875
randhealth_notmdvis_baseline,zip,1,25.0,False,3,0,3634.4904480154933,3679.612163981252,3752.242852264718,-0.9990554369045054,2.575158251398421,0.8310940347896995,0.005059110033975782,-0.7445261746206219,1.0,1.0,1.0
randhealth_notmdvis_baseline,zip,1,10.0,False,3,0,3636.2312541240244,3690.8382212947236,3752.131172762366,-1.018530302156244,2.5811984823011094,0.8404079138398618,0.0022158800257937963,-0.7640163840187982,1.0,1.0,1.0
randhealth_notmdvis_baseline,zip,1,5.0,False,3,0,3647.978737126381,3684.1802612205465,3755.3127691224317,-1.0403931836329525,2.584035593128322,0.8440252729327904,0.000874419711207645,-0.7716496328021059,1.0,1.0,1.0
randhealth_notmdvis_baseline,zip,1,2.0,False,3,0,3653.987891059363,3679.744804517899,3752.8117058187718,-1.0765248044688127,2.5871745851383525,0.8469969852910735,-0.0005918511924666673,-0.7779459212141432,1.0,1.0,1.0
randhealth_notmdvis_baseline,zip,1,50.0,False,3,0,3681.586269844274,3734.7462943828195,3801.7001128809816,-0.9954648390338643,2.57193801897504,0.8235973998020077,0.006716779890155659,-0.7289308570846424,1.0,1.0,1.0
randhealth_notmdvis_baseline,zip,1,0.0,False,3,0,3683.329847591593,3680.2280835096954,3769.908270157225,-1.148777844621683,2.591734568942918,0.8511145283187308,-0.002843748541359048,-0.7867344126373612,1.0,1.0,1.0
randhealth_notmdvis_baseline,zip,1,100.0,False,3,0,3830.3998080626297,3887.680311977452,4012.5116778813,-0.9990560357584518,2.5711988192852426,0.820892032071599,0.007775524181215188,-0.723395156746231,1.0,1.0,1.0
randhealth_notmdvis_baseline,zip,1,250.0,False,3,0,4110.570279209501,4050.498001492393,4341.594900822601,-1.0016080208090463,2.5766741388174226,0.8329661784270136,0.006295752862021738,-0.748848301050192,1.0,1.0,1.0
randhealth_notmdvis_baseline,zip,1,500.0,False,3,0,4448.421058530338,4417.580284083428,4593.257887962466,-1.0170389222729832,2.592019247219095,0.8576496740732242,0.00033470487554254635,-0.8007992611322883,1.0,1.0,1.0
randhealth_notmdvis_baseline,zip,1,1000.0,False,3,0,4804.072243320483,4774.935797656572,4888.297827813452,-1.0471538495652661,2.596074541588013,0.8530823329979013,-0.0005189342440586886,-0.7908268623686295,1.0,1.0,1.0
randhealth_notmdvis_baseline,poisson,1,10.0,False,3,0,7467.005568866793,7439.526501735052,7571.6814324189,-1.3243148325616243,2.556442878835432,0.8030452872970422,0.012689198095556279,-0.6841888093050293,1.0,1.0,1.0
randhealth_notmdvis_baseline,poisson,1,5.0,False,3,0,7468.146866780079,7436.2206414707925,7580.025138072819,-1.3432501303762454,2.556392350021857,0.8032382196397242,0.012657690762871043,-0.6845005183399987,1.0,1.0,1.0
randhealth_notmdvis_baseline,poisson,1,2.0,False,3,0,7479.7190458104205,7433.390255984148,7619.601924170387,-1.3749789610157437,2.5564175807235467,0.8029128475530666,0.012659853838303778,-0.6836968208587674,1.0,1.0,1.0
randhealth_notmdvis_baseline,poisson,1,25.0,False,3,0,7488.713031842271,7439.031524553278,7602.808397273464,-1.3140592844700534,2.5565720963909104,0.8022753721483782,0.01274544977716896,-0.6827492980891483,1.0,1.0,1.0
randhealth_notmdvis_baseline,poisson,1,0.0,False,3,0,7507.28275549363,7433.158091515452,7700.366023511897,-1.439451524473178,2.55701065760215,0.8030510498450103,0.012400388567977502,-0.6839001394252587,1.0,1.0,1.0
randhealth_notmdvis_baseline,poisson,1,50.0,False,3,0,7548.30535398616,7531.639775950136,7639.275091942263,-1.307774167916468,2.558282639866618,0.8023993002531457,0.01236259429474714,-0.6831499870766171,1.0,1.0,1.0
randhealth_notmdvis_baseline,poisson,1,100.0,False,3,0,7681.259462804,7646.330484639354,7767.890158948216,-1.3040834875237888,2.557615668615895,0.8029263311137372,0.013132051847406253,-0.6844915088285055,1.0,1.0,1.0
randhealth_notmdvis_baseline,poisson,1,250.0,False,3,0,7994.115503058711,7977.433308374883,8115.755388964475,-1.3143713410606468,2.5544898643018157,0.8061715219450735,0.014902025734298293,-0.6914548698930468,1.0,1.0,1.0
randhealth_notmdvis_baseline,poisson,1,500.0,False,3,0,8449.842774545454,8396.693993580458,8566.07800804955,-1.3575789895731158,2.5660428090849132,0.8144243507277885,0.011079222541855893,-0.7086277351948441,1.0,1.0,1.0
randhealth_notmdvis_baseline,poisson,1,1000.0,False,3,0,9363.15595937697,9228.874659670033,9703.856654825731,-1.4344108983724926,2.586936196097205,0.8307005161552953,0.0033240479826638727,-0.7430600143705103,1.0,1.0,1.0
